htb_tier,borrow_annual_bps,borrow_daily_rate,borrow_daily_bps
A,40,1.5873015873015872e-05,0.15873015873015872
B,200,7.936507936507937e-05,0.7936507936507936
C,800,0.00031746031746031746,3.1746031746031744
