date,gross_pnl,gross_notional,long_notional,short_notional,borrow_cost,n_long,n_short,n_positions,n_cap_binding,pct_cap_binding,max_participation,gross_exposure,entry_turnover,exit_turnover,roundtrip_turnover,gross_return,trading_cost_return,commission_return,slippage_return,trading_cost,borrow_cost_return,return_after_commission,return_after_slippage,net_return_before_borrow,net_return,gross_return_bps,commission_bps,slippage_bps,borrow_bps,net_return_bps,hit_full_gross,capacity_constrained
2010-01-20,0.0,0.0,0.0,0.0,0.0,0.0,0.0,0.0,0.0,0.0,0.0,0.0,0.0,0.0,0.0,0.0,0.0,0.0,0.0,0.0,0.0,0.0,0.0,0.0,0.0,0.0,0.0,0.0,0.0,0.0,False,False
2010-01-21,0.0,0.0,0.0,0.0,0.0,0.0,0.0,0.0,0.0,0.0,0.0,0.0,0.0,0.0,0.0,0.0,0.0,0.0,0.0,0.0,0.0,0.0,0.0,0.0,0.0,0.0,0.0,0.0,0.0,0.0,False,False
2010-01-22,0.0,0.0,0.0,0.0,0.0,0.0,0.0,0.0,0.0,0.0,0.0,0.0,0.0,0.0,0.0,0.0,0.0,0.0,0.0,0.0,0.0,0.0,0.0,0.0,0.0,0.0,0.0,0.0,0.0,0.0,False,False
2010-01-25,0.0,0.0,0.0,0.0,0.0,0.0,0.0,0.0,0.0,0.0,0.0,0.0,0.0,0.0,0.0,0.0,0.0,0.0,0.0,0.0,0.0,0.0,0.0,0.0,0.0,0.0,0.0,0.0,0.0,0.0,False,False
2010-01-26,0.0,0.0,0.0,0.0,0.0,0.0,0.0,0.0,0.0,0.0,0.0,0.0,0.0,0.0,0.0,0.0,0.0,0.0,0.0,0.0,0.0,0.0,0.0,0.0,0.0,0.0,0.0,0.0,0.0,0.0,False,False
2010-01-27,0.0,0.0,0.0,0.0,0.0,0.0,0.0,0.0,0.0,0.0,0.0,0.0,0.0,0.0,0.0,0.0,0.0,0.0,0.0,0.0,0.0,0.0,0.0,0.0,0.0,0.0,0.0,0.0,0.0,0.0,False,False
2010-01-28,0.0,0.0,0.0,0.0,0.0,0.0,0.0,0.0,0.0,0.0,0.0,0.0,0.0,0.0,0.0,0.0,0.0,0.0,0.0,0.0,0.0,0.0,0.0,0.0,0.0,0.0,0.0,0.0,0.0,0.0,False,False
2010-01-29,0.0,0.0,0.0,0.0,0.0,0.0,0.0,0.0,0.0,0.0,0.0,0.0,0.0,0.0,0.0,0.0,0.0,0.0,0.0,0.0,0.0,0.0,0.0,0.0,0.0,0.0,0.0,0.0,0.0,0.0,False,False
2010-02-01,0.0,0.0,0.0,0.0,0.0,0.0,0.0,0.0,0.0,0.0,0.0,0.0,0.0,0.0,0.0,0.0,0.0,0.0,0.0,0.0,0.0,0.0,0.0,0.0,0.0,0.0,0.0,0.0,0.0,0.0,False,False
2010-02-02,0.0,0.0,0.0,0.0,0.0,0.0,0.0,0.0,0.0,0.0,0.0,0.0,0.0,0.0,0.0,0.0,0.0,0.0,0.0,0.0,0.0,0.0,0.0,0.0,0.0,0.0,0.0,0.0,0.0,0.0,False,False
2010-02-03,0.0,0.0,0.0,0.0,0.0,0.0,0.0,0.0,0.0,0.0,0.0,0.0,0.0,0.0,0.0,0.0,0.0,0.0,0.0,0.0,0.0,0.0,0.0,0.0,0.0,0.0,0.0,0.0,0.0,0.0,False,False
2010-02-04,0.0,0.0,0.0,0.0,0.0,0.0,0.0,0.0,0.0,0.0,0.0,0.0,0.0,0.0,0.0,0.0,0.0,0.0,0.0,0.0,0.0,0.0,0.0,0.0,0.0,0.0,0.0,0.0,0.0,0.0,False,False
2010-02-05,0.0,0.0,0.0,0.0,0.0,0.0,0.0,0.0,0.0,0.0,0.0,0.0,0.0,0.0,0.0,0.0,0.0,0.0,0.0,0.0,0.0,0.0,0.0,0.0,0.0,0.0,0.0,0.0,0.0,0.0,False,False
2010-02-08,0.0,0.0,0.0,0.0,0.0,0.0,0.0,0.0,0.0,0.0,0.0,0.0,0.0,0.0,0.0,0.0,0.0,0.0,0.0,0.0,0.0,0.0,0.0,0.0,0.0,0.0,0.0,0.0,0.0,0.0,False,False
2010-02-09,0.0,0.0,0.0,0.0,0.0,0.0,0.0,0.0,0.0,0.0,0.0,0.0,0.0,0.0,0.0,0.0,0.0,0.0,0.0,0.0,0.0,0.0,0.0,0.0,0.0,0.0,0.0,0.0,0.0,0.0,False,False
2010-02-10,0.0,0.0,0.0,0.0,0.0,0.0,0.0,0.0,0.0,0.0,0.0,0.0,0.0,0.0,0.0,0.0,0.0,0.0,0.0,0.0,0.0,0.0,0.0,0.0,0.0,0.0,0.0,0.0,0.0,0.0,False,False
2010-02-11,0.0,0.0,0.0,0.0,0.0,0.0,0.0,0.0,0.0,0.0,0.0,0.0,0.0,0.0,0.0,0.0,0.0,0.0,0.0,0.0,0.0,0.0,0.0,0.0,0.0,0.0,0.0,0.0,0.0,0.0,False,False
2010-02-12,0.0,0.0,0.0,0.0,0.0,0.0,0.0,0.0,0.0,0.0,0.0,0.0,0.0,0.0,0.0,0.0,0.0,0.0,0.0,0.0,0.0,0.0,0.0,0.0,0.0,0.0,0.0,0.0,0.0,0.0,False,False
2010-02-16,0.0,0.0,0.0,0.0,0.0,0.0,0.0,0.0,0.0,0.0,0.0,0.0,0.0,0.0,0.0,0.0,0.0,0.0,0.0,0.0,0.0,0.0,0.0,0.0,0.0,0.0,0.0,0.0,0.0,0.0,False,False
2010-02-17,0.0,0.0,0.0,0.0,0.0,0.0,0.0,0.0,0.0,0.0,0.0,0.0,0.0,0.0,0.0,0.0,0.0,0.0,0.0,0.0,0.0,0.0,0.0,0.0,0.0,0.0,0.0,0.0,0.0,0.0,False,False
2010-02-18,0.0,0.0,0.0,0.0,0.0,0.0,0.0,0.0,0.0,0.0,0.0,0.0,0.0,0.0,0.0,0.0,0.0,0.0,0.0,0.0,0.0,0.0,0.0,0.0,0.0,0.0,0.0,0.0,0.0,0.0,False,False
2010-02-19,0.0,0.0,0.0,0.0,0.0,0.0,0.0,0.0,0.0,0.0,0.0,0.0,0.0,0.0,0.0,0.0,0.0,0.0,0.0,0.0,0.0,0.0,0.0,0.0,0.0,0.0,0.0,0.0,0.0,0.0,False,False
2010-02-22,0.0,0.0,0.0,0.0,0.0,0.0,0.0,0.0,0.0,0.0,0.0,0.0,0.0,0.0,0.0,0.0,0.0,0.0,0.0,0.0,0.0,0.0,0.0,0.0,0.0,0.0,0.0,0.0,0.0,0.0,False,False
2010-02-23,0.0,0.0,0.0,0.0,0.0,0.0,0.0,0.0,0.0,0.0,0.0,0.0,0.0,0.0,0.0,0.0,0.0,0.0,0.0,0.0,0.0,0.0,0.0,0.0,0.0,0.0,0.0,0.0,0.0,0.0,False,False
2010-02-24,0.0,0.0,0.0,0.0,0.0,0.0,0.0,0.0,0.0,0.0,0.0,0.0,0.0,0.0,0.0,0.0,0.0,0.0,0.0,0.0,0.0,0.0,0.0,0.0,0.0,0.0,0.0,0.0,0.0,0.0,False,False
2010-02-25,0.0,0.0,0.0,0.0,0.0,0.0,0.0,0.0,0.0,0.0,0.0,0.0,0.0,0.0,0.0,0.0,0.0,0.0,0.0,0.0,0.0,0.0,0.0,0.0,0.0,0.0,0.0,0.0,0.0,0.0,False,False
2010-02-26,0.0,0.0,0.0,0.0,0.0,0.0,0.0,0.0,0.0,0.0,0.0,0.0,0.0,0.0,0.0,0.0,0.0,0.0,0.0,0.0,0.0,0.0,0.0,0.0,0.0,0.0,0.0,0.0,0.0,0.0,False,False
2010-03-01,0.0,0.0,0.0,0.0,0.0,0.0,0.0,0.0,0.0,0.0,0.0,0.0,0.0,0.0,0.0,0.0,0.0,0.0,0.0,0.0,0.0,0.0,0.0,0.0,0.0,0.0,0.0,0.0,0.0,0.0,False,False
2010-03-02,0.0,0.0,0.0,0.0,0.0,0.0,0.0,0.0,0.0,0.0,0.0,0.0,0.0,0.0,0.0,0.0,0.0,0.0,0.0,0.0,0.0,0.0,0.0,0.0,0.0,0.0,0.0,0.0,0.0,0.0,False,False
2010-03-03,0.0,0.0,0.0,0.0,0.0,0.0,0.0,0.0,0.0,0.0,0.0,0.0,0.0,0.0,0.0,0.0,0.0,0.0,0.0,0.0,0.0,0.0,0.0,0.0,0.0,0.0,0.0,0.0,0.0,0.0,False,False
2010-03-04,0.0,0.0,0.0,0.0,0.0,0.0,0.0,0.0,0.0,0.0,0.0,0.0,0.0,0.0,0.0,0.0,0.0,0.0,0.0,0.0,0.0,0.0,0.0,0.0,0.0,0.0,0.0,0.0,0.0,0.0,False,False
2010-03-05,0.0,0.0,0.0,0.0,0.0,0.0,0.0,0.0,0.0,0.0,0.0,0.0,0.0,0.0,0.0,0.0,0.0,0.0,0.0,0.0,0.0,0.0,0.0,0.0,0.0,0.0,0.0,0.0,0.0,0.0,False,False
2010-03-08,0.0,0.0,0.0,0.0,0.0,0.0,0.0,0.0,0.0,0.0,0.0,0.0,0.0,0.0,0.0,0.0,0.0,0.0,0.0,0.0,0.0,0.0,0.0,0.0,0.0,0.0,0.0,0.0,0.0,0.0,False,False
2010-03-09,0.0,0.0,0.0,0.0,0.0,0.0,0.0,0.0,0.0,0.0,0.0,0.0,0.0,0.0,0.0,0.0,0.0,0.0,0.0,0.0,0.0,0.0,0.0,0.0,0.0,0.0,0.0,0.0,0.0,0.0,False,False
2010-03-10,0.0,0.0,0.0,0.0,0.0,0.0,0.0,0.0,0.0,0.0,0.0,0.0,0.0,0.0,0.0,0.0,0.0,0.0,0.0,0.0,0.0,0.0,0.0,0.0,0.0,0.0,0.0,0.0,0.0,0.0,False,False
2010-03-11,0.0,0.0,0.0,0.0,0.0,0.0,0.0,0.0,0.0,0.0,0.0,0.0,0.0,0.0,0.0,0.0,0.0,0.0,0.0,0.0,0.0,0.0,0.0,0.0,0.0,0.0,0.0,0.0,0.0,0.0,False,False
2010-03-12,0.0,0.0,0.0,0.0,0.0,0.0,0.0,0.0,0.0,0.0,0.0,0.0,0.0,0.0,0.0,0.0,0.0,0.0,0.0,0.0,0.0,0.0,0.0,0.0,0.0,0.0,0.0,0.0,0.0,0.0,False,False
2010-03-15,0.0,0.0,0.0,0.0,0.0,0.0,0.0,0.0,0.0,0.0,0.0,0.0,0.0,0.0,0.0,0.0,0.0,0.0,0.0,0.0,0.0,0.0,0.0,0.0,0.0,0.0,0.0,0.0,0.0,0.0,False,False
2010-03-16,0.0,0.0,0.0,0.0,0.0,0.0,0.0,0.0,0.0,0.0,0.0,0.0,0.0,0.0,0.0,0.0,0.0,0.0,0.0,0.0,0.0,0.0,0.0,0.0,0.0,0.0,0.0,0.0,0.0,0.0,False,False
2010-03-17,0.0,0.0,0.0,0.0,0.0,0.0,0.0,0.0,0.0,0.0,0.0,0.0,0.0,0.0,0.0,0.0,0.0,0.0,0.0,0.0,0.0,0.0,0.0,0.0,0.0,0.0,0.0,0.0,0.0,0.0,False,False
2010-03-18,0.0,0.0,0.0,0.0,0.0,0.0,0.0,0.0,0.0,0.0,0.0,0.0,0.0,0.0,0.0,0.0,0.0,0.0,0.0,0.0,0.0,0.0,0.0,0.0,0.0,0.0,0.0,0.0,0.0,0.0,False,False
2010-03-19,0.0,0.0,0.0,0.0,0.0,0.0,0.0,0.0,0.0,0.0,0.0,0.0,0.0,0.0,0.0,0.0,0.0,0.0,0.0,0.0,0.0,0.0,0.0,0.0,0.0,0.0,0.0,0.0,0.0,0.0,False,False
2010-03-22,0.0,0.0,0.0,0.0,0.0,0.0,0.0,0.0,0.0,0.0,0.0,0.0,0.0,0.0,0.0,0.0,0.0,0.0,0.0,0.0,0.0,0.0,0.0,0.0,0.0,0.0,0.0,0.0,0.0,0.0,False,False
2010-03-23,0.0,0.0,0.0,0.0,0.0,0.0,0.0,0.0,0.0,0.0,0.0,0.0,0.0,0.0,0.0,0.0,0.0,0.0,0.0,0.0,0.0,0.0,0.0,0.0,0.0,0.0,0.0,0.0,0.0,0.0,False,False
2010-03-24,0.0,0.0,0.0,0.0,0.0,0.0,0.0,0.0,0.0,0.0,0.0,0.0,0.0,0.0,0.0,0.0,0.0,0.0,0.0,0.0,0.0,0.0,0.0,0.0,0.0,0.0,0.0,0.0,0.0,0.0,False,False
2010-03-25,0.0,0.0,0.0,0.0,0.0,0.0,0.0,0.0,0.0,0.0,0.0,0.0,0.0,0.0,0.0,0.0,0.0,0.0,0.0,0.0,0.0,0.0,0.0,0.0,0.0,0.0,0.0,0.0,0.0,0.0,False,False
2010-03-26,0.0,0.0,0.0,0.0,0.0,0.0,0.0,0.0,0.0,0.0,0.0,0.0,0.0,0.0,0.0,0.0,0.0,0.0,0.0,0.0,0.0,0.0,0.0,0.0,0.0,0.0,0.0,0.0,0.0,0.0,False,False
2010-03-29,0.0,0.0,0.0,0.0,0.0,0.0,0.0,0.0,0.0,0.0,0.0,0.0,0.0,0.0,0.0,0.0,0.0,0.0,0.0,0.0,0.0,0.0,0.0,0.0,0.0,0.0,0.0,0.0,0.0,0.0,False,False
2010-03-30,0.0,0.0,0.0,0.0,0.0,0.0,0.0,0.0,0.0,0.0,0.0,0.0,0.0,0.0,0.0,0.0,0.0,0.0,0.0,0.0,0.0,0.0,0.0,0.0,0.0,0.0,0.0,0.0,0.0,0.0,False,False
2010-03-31,0.0,0.0,0.0,0.0,0.0,0.0,0.0,0.0,0.0,0.0,0.0,0.0,0.0,0.0,0.0,0.0,0.0,0.0,0.0,0.0,0.0,0.0,0.0,0.0,0.0,0.0,0.0,0.0,0.0,0.0,False,False
2010-04-01,0.0,0.0,0.0,0.0,0.0,0.0,0.0,0.0,0.0,0.0,0.0,0.0,0.0,0.0,0.0,0.0,0.0,0.0,0.0,0.0,0.0,0.0,0.0,0.0,0.0,0.0,0.0,0.0,0.0,0.0,False,False
2010-04-05,0.0,0.0,0.0,0.0,0.0,0.0,0.0,0.0,0.0,0.0,0.0,0.0,0.0,0.0,0.0,0.0,0.0,0.0,0.0,0.0,0.0,0.0,0.0,0.0,0.0,0.0,0.0,0.0,0.0,0.0,False,False
2010-04-06,0.0,0.0,0.0,0.0,0.0,0.0,0.0,0.0,0.0,0.0,0.0,0.0,0.0,0.0,0.0,0.0,0.0,0.0,0.0,0.0,0.0,0.0,0.0,0.0,0.0,0.0,0.0,0.0,0.0,0.0,False,False
2010-04-07,0.0,0.0,0.0,0.0,0.0,0.0,0.0,0.0,0.0,0.0,0.0,0.0,0.0,0.0,0.0,0.0,0.0,0.0,0.0,0.0,0.0,0.0,0.0,0.0,0.0,0.0,0.0,0.0,0.0,0.0,False,False
2010-04-08,0.0,0.0,0.0,0.0,0.0,0.0,0.0,0.0,0.0,0.0,0.0,0.0,0.0,0.0,0.0,0.0,0.0,0.0,0.0,0.0,0.0,0.0,0.0,0.0,0.0,0.0,0.0,0.0,0.0,0.0,False,False
2010-04-09,0.0,0.0,0.0,0.0,0.0,0.0,0.0,0.0,0.0,0.0,0.0,0.0,0.0,0.0,0.0,0.0,0.0,0.0,0.0,0.0,0.0,0.0,0.0,0.0,0.0,0.0,0.0,0.0,0.0,0.0,False,False
2010-04-12,0.0,0.0,0.0,0.0,0.0,0.0,0.0,0.0,0.0,0.0,0.0,0.0,0.0,0.0,0.0,0.0,0.0,0.0,0.0,0.0,0.0,0.0,0.0,0.0,0.0,0.0,0.0,0.0,0.0,0.0,False,False
2010-04-13,0.0,0.0,0.0,0.0,0.0,0.0,0.0,0.0,0.0,0.0,0.0,0.0,0.0,0.0,0.0,0.0,0.0,0.0,0.0,0.0,0.0,0.0,0.0,0.0,0.0,0.0,0.0,0.0,0.0,0.0,False,False
2010-04-14,0.0,0.0,0.0,0.0,0.0,0.0,0.0,0.0,0.0,0.0,0.0,0.0,0.0,0.0,0.0,0.0,0.0,0.0,0.0,0.0,0.0,0.0,0.0,0.0,0.0,0.0,0.0,0.0,0.0,0.0,False,False
2010-04-15,0.0,0.0,0.0,0.0,0.0,0.0,0.0,0.0,0.0,0.0,0.0,0.0,0.0,0.0,0.0,0.0,0.0,0.0,0.0,0.0,0.0,0.0,0.0,0.0,0.0,0.0,0.0,0.0,0.0,0.0,False,False
2010-04-16,0.0,0.0,0.0,0.0,0.0,0.0,0.0,0.0,0.0,0.0,0.0,0.0,0.0,0.0,0.0,0.0,0.0,0.0,0.0,0.0,0.0,0.0,0.0,0.0,0.0,0.0,0.0,0.0,0.0,0.0,False,False
2010-04-19,0.0,0.0,0.0,0.0,0.0,0.0,0.0,0.0,0.0,0.0,0.0,0.0,0.0,0.0,0.0,0.0,0.0,0.0,0.0,0.0,0.0,0.0,0.0,0.0,0.0,0.0,0.0,0.0,0.0,0.0,False,False
2010-04-20,0.0,0.0,0.0,0.0,0.0,0.0,0.0,0.0,0.0,0.0,0.0,0.0,0.0,0.0,0.0,0.0,0.0,0.0,0.0,0.0,0.0,0.0,0.0,0.0,0.0,0.0,0.0,0.0,0.0,0.0,False,False
2010-04-21,0.0,0.0,0.0,0.0,0.0,0.0,0.0,0.0,0.0,0.0,0.0,0.0,0.0,0.0,0.0,0.0,0.0,0.0,0.0,0.0,0.0,0.0,0.0,0.0,0.0,0.0,0.0,0.0,0.0,0.0,False,False
2010-04-22,0.0,0.0,0.0,0.0,0.0,0.0,0.0,0.0,0.0,0.0,0.0,0.0,0.0,0.0,0.0,0.0,0.0,0.0,0.0,0.0,0.0,0.0,0.0,0.0,0.0,0.0,0.0,0.0,0.0,0.0,False,False
2010-04-23,0.0,0.0,0.0,0.0,0.0,0.0,0.0,0.0,0.0,0.0,0.0,0.0,0.0,0.0,0.0,0.0,0.0,0.0,0.0,0.0,0.0,0.0,0.0,0.0,0.0,0.0,0.0,0.0,0.0,0.0,False,False
2010-04-26,0.0,0.0,0.0,0.0,0.0,0.0,0.0,0.0,0.0,0.0,0.0,0.0,0.0,0.0,0.0,0.0,0.0,0.0,0.0,0.0,0.0,0.0,0.0,0.0,0.0,0.0,0.0,0.0,0.0,0.0,False,False
2010-04-27,0.0,0.0,0.0,0.0,0.0,0.0,0.0,0.0,0.0,0.0,0.0,0.0,0.0,0.0,0.0,0.0,0.0,0.0,0.0,0.0,0.0,0.0,0.0,0.0,0.0,0.0,0.0,0.0,0.0,0.0,False,False
2010-04-28,0.0,0.0,0.0,0.0,0.0,0.0,0.0,0.0,0.0,0.0,0.0,0.0,0.0,0.0,0.0,0.0,0.0,0.0,0.0,0.0,0.0,0.0,0.0,0.0,0.0,0.0,0.0,0.0,0.0,0.0,False,False
2010-04-29,0.0,0.0,0.0,0.0,0.0,0.0,0.0,0.0,0.0,0.0,0.0,0.0,0.0,0.0,0.0,0.0,0.0,0.0,0.0,0.0,0.0,0.0,0.0,0.0,0.0,0.0,0.0,0.0,0.0,0.0,False,False
2010-04-30,0.0,0.0,0.0,0.0,0.0,0.0,0.0,0.0,0.0,0.0,0.0,0.0,0.0,0.0,0.0,0.0,0.0,0.0,0.0,0.0,0.0,0.0,0.0,0.0,0.0,0.0,0.0,0.0,0.0,0.0,False,False
2010-05-03,0.0,0.0,0.0,0.0,0.0,0.0,0.0,0.0,0.0,0.0,0.0,0.0,0.0,0.0,0.0,0.0,0.0,0.0,0.0,0.0,0.0,0.0,0.0,0.0,0.0,0.0,0.0,0.0,0.0,0.0,False,False
2010-05-04,0.0,0.0,0.0,0.0,0.0,0.0,0.0,0.0,0.0,0.0,0.0,0.0,0.0,0.0,0.0,0.0,0.0,0.0,0.0,0.0,0.0,0.0,0.0,0.0,0.0,0.0,0.0,0.0,0.0,0.0,False,False
2010-05-05,0.0,0.0,0.0,0.0,0.0,0.0,0.0,0.0,0.0,0.0,0.0,0.0,0.0,0.0,0.0,0.0,0.0,0.0,0.0,0.0,0.0,0.0,0.0,0.0,0.0,0.0,0.0,0.0,0.0,0.0,False,False
2010-05-06,0.0,0.0,0.0,0.0,0.0,0.0,0.0,0.0,0.0,0.0,0.0,0.0,0.0,0.0,0.0,0.0,0.0,0.0,0.0,0.0,0.0,0.0,0.0,0.0,0.0,0.0,0.0,0.0,0.0,0.0,False,False
2010-05-07,0.0,0.0,0.0,0.0,0.0,0.0,0.0,0.0,0.0,0.0,0.0,0.0,0.0,0.0,0.0,0.0,0.0,0.0,0.0,0.0,0.0,0.0,0.0,0.0,0.0,0.0,0.0,0.0,0.0,0.0,False,False
2010-05-10,0.0,0.0,0.0,0.0,0.0,0.0,0.0,0.0,0.0,0.0,0.0,0.0,0.0,0.0,0.0,0.0,0.0,0.0,0.0,0.0,0.0,0.0,0.0,0.0,0.0,0.0,0.0,0.0,0.0,0.0,False,False
2010-05-11,0.0,0.0,0.0,0.0,0.0,0.0,0.0,0.0,0.0,0.0,0.0,0.0,0.0,0.0,0.0,0.0,0.0,0.0,0.0,0.0,0.0,0.0,0.0,0.0,0.0,0.0,0.0,0.0,0.0,0.0,False,False
2010-05-12,0.0,0.0,0.0,0.0,0.0,0.0,0.0,0.0,0.0,0.0,0.0,0.0,0.0,0.0,0.0,0.0,0.0,0.0,0.0,0.0,0.0,0.0,0.0,0.0,0.0,0.0,0.0,0.0,0.0,0.0,False,False
2010-05-13,0.0,0.0,0.0,0.0,0.0,0.0,0.0,0.0,0.0,0.0,0.0,0.0,0.0,0.0,0.0,0.0,0.0,0.0,0.0,0.0,0.0,0.0,0.0,0.0,0.0,0.0,0.0,0.0,0.0,0.0,False,False
2010-05-14,0.0,0.0,0.0,0.0,0.0,0.0,0.0,0.0,0.0,0.0,0.0,0.0,0.0,0.0,0.0,0.0,0.0,0.0,0.0,0.0,0.0,0.0,0.0,0.0,0.0,0.0,0.0,0.0,0.0,0.0,False,False
2010-05-17,0.0,0.0,0.0,0.0,0.0,0.0,0.0,0.0,0.0,0.0,0.0,0.0,0.0,0.0,0.0,0.0,0.0,0.0,0.0,0.0,0.0,0.0,0.0,0.0,0.0,0.0,0.0,0.0,0.0,0.0,False,False
2010-05-18,0.0,0.0,0.0,0.0,0.0,0.0,0.0,0.0,0.0,0.0,0.0,0.0,0.0,0.0,0.0,0.0,0.0,0.0,0.0,0.0,0.0,0.0,0.0,0.0,0.0,0.0,0.0,0.0,0.0,0.0,False,False
2010-05-19,0.0,0.0,0.0,0.0,0.0,0.0,0.0,0.0,0.0,0.0,0.0,0.0,0.0,0.0,0.0,0.0,0.0,0.0,0.0,0.0,0.0,0.0,0.0,0.0,0.0,0.0,0.0,0.0,0.0,0.0,False,False
2010-05-20,0.0,0.0,0.0,0.0,0.0,0.0,0.0,0.0,0.0,0.0,0.0,0.0,0.0,0.0,0.0,0.0,0.0,0.0,0.0,0.0,0.0,0.0,0.0,0.0,0.0,0.0,0.0,0.0,0.0,0.0,False,False
2010-05-21,0.0,0.0,0.0,0.0,0.0,0.0,0.0,0.0,0.0,0.0,0.0,0.0,0.0,0.0,0.0,0.0,0.0,0.0,0.0,0.0,0.0,0.0,0.0,0.0,0.0,0.0,0.0,0.0,0.0,0.0,False,False
2010-05-24,0.0,0.0,0.0,0.0,0.0,0.0,0.0,0.0,0.0,0.0,0.0,0.0,0.0,0.0,0.0,0.0,0.0,0.0,0.0,0.0,0.0,0.0,0.0,0.0,0.0,0.0,0.0,0.0,0.0,0.0,False,False
2010-05-25,0.0,0.0,0.0,0.0,0.0,0.0,0.0,0.0,0.0,0.0,0.0,0.0,0.0,0.0,0.0,0.0,0.0,0.0,0.0,0.0,0.0,0.0,0.0,0.0,0.0,0.0,0.0,0.0,0.0,0.0,False,False
2010-05-26,0.0,0.0,0.0,0.0,0.0,0.0,0.0,0.0,0.0,0.0,0.0,0.0,0.0,0.0,0.0,0.0,0.0,0.0,0.0,0.0,0.0,0.0,0.0,0.0,0.0,0.0,0.0,0.0,0.0,0.0,False,False
2010-05-27,0.0,0.0,0.0,0.0,0.0,0.0,0.0,0.0,0.0,0.0,0.0,0.0,0.0,0.0,0.0,0.0,0.0,0.0,0.0,0.0,0.0,0.0,0.0,0.0,0.0,0.0,0.0,0.0,0.0,0.0,False,False
2010-05-28,0.0,0.0,0.0,0.0,0.0,0.0,0.0,0.0,0.0,0.0,0.0,0.0,0.0,0.0,0.0,0.0,0.0,0.0,0.0,0.0,0.0,0.0,0.0,0.0,0.0,0.0,0.0,0.0,0.0,0.0,False,False
2010-06-01,0.0,0.0,0.0,0.0,0.0,0.0,0.0,0.0,0.0,0.0,0.0,0.0,0.0,0.0,0.0,0.0,0.0,0.0,0.0,0.0,0.0,0.0,0.0,0.0,0.0,0.0,0.0,0.0,0.0,0.0,False,False
2010-06-02,0.0,0.0,0.0,0.0,0.0,0.0,0.0,0.0,0.0,0.0,0.0,0.0,0.0,0.0,0.0,0.0,0.0,0.0,0.0,0.0,0.0,0.0,0.0,0.0,0.0,0.0,0.0,0.0,0.0,0.0,False,False
2010-06-03,0.0,0.0,0.0,0.0,0.0,0.0,0.0,0.0,0.0,0.0,0.0,0.0,0.0,0.0,0.0,0.0,0.0,0.0,0.0,0.0,0.0,0.0,0.0,0.0,0.0,0.0,0.0,0.0,0.0,0.0,False,False
2010-06-04,0.0,0.0,0.0,0.0,0.0,0.0,0.0,0.0,0.0,0.0,0.0,0.0,0.0,0.0,0.0,0.0,0.0,0.0,0.0,0.0,0.0,0.0,0.0,0.0,0.0,0.0,0.0,0.0,0.0,0.0,False,False
2010-06-07,0.0,0.0,0.0,0.0,0.0,0.0,0.0,0.0,0.0,0.0,0.0,0.0,0.0,0.0,0.0,0.0,0.0,0.0,0.0,0.0,0.0,0.0,0.0,0.0,0.0,0.0,0.0,0.0,0.0,0.0,False,False
2010-06-08,0.0,0.0,0.0,0.0,0.0,0.0,0.0,0.0,0.0,0.0,0.0,0.0,0.0,0.0,0.0,0.0,0.0,0.0,0.0,0.0,0.0,0.0,0.0,0.0,0.0,0.0,0.0,0.0,0.0,0.0,False,False
2010-06-09,0.0,0.0,0.0,0.0,0.0,0.0,0.0,0.0,0.0,0.0,0.0,0.0,0.0,0.0,0.0,0.0,0.0,0.0,0.0,0.0,0.0,0.0,0.0,0.0,0.0,0.0,0.0,0.0,0.0,0.0,False,False
2010-06-10,0.0,0.0,0.0,0.0,0.0,0.0,0.0,0.0,0.0,0.0,0.0,0.0,0.0,0.0,0.0,0.0,0.0,0.0,0.0,0.0,0.0,0.0,0.0,0.0,0.0,0.0,0.0,0.0,0.0,0.0,False,False
2010-06-11,0.0,0.0,0.0,0.0,0.0,0.0,0.0,0.0,0.0,0.0,0.0,0.0,0.0,0.0,0.0,0.0,0.0,0.0,0.0,0.0,0.0,0.0,0.0,0.0,0.0,0.0,0.0,0.0,0.0,0.0,False,False
2010-06-14,0.0,0.0,0.0,0.0,0.0,0.0,0.0,0.0,0.0,0.0,0.0,0.0,0.0,0.0,0.0,0.0,0.0,0.0,0.0,0.0,0.0,0.0,0.0,0.0,0.0,0.0,0.0,0.0,0.0,0.0,False,False
2010-06-15,0.0,0.0,0.0,0.0,0.0,0.0,0.0,0.0,0.0,0.0,0.0,0.0,0.0,0.0,0.0,0.0,0.0,0.0,0.0,0.0,0.0,0.0,0.0,0.0,0.0,0.0,0.0,0.0,0.0,0.0,False,False
2010-06-16,0.0,0.0,0.0,0.0,0.0,0.0,0.0,0.0,0.0,0.0,0.0,0.0,0.0,0.0,0.0,0.0,0.0,0.0,0.0,0.0,0.0,0.0,0.0,0.0,0.0,0.0,0.0,0.0,0.0,0.0,False,False
2010-06-17,0.0,0.0,0.0,0.0,0.0,0.0,0.0,0.0,0.0,0.0,0.0,0.0,0.0,0.0,0.0,0.0,0.0,0.0,0.0,0.0,0.0,0.0,0.0,0.0,0.0,0.0,0.0,0.0,0.0,0.0,False,False
2010-06-18,0.0,0.0,0.0,0.0,0.0,0.0,0.0,0.0,0.0,0.0,0.0,0.0,0.0,0.0,0.0,0.0,0.0,0.0,0.0,0.0,0.0,0.0,0.0,0.0,0.0,0.0,0.0,0.0,0.0,0.0,False,False
2010-06-21,0.0,0.0,0.0,0.0,0.0,0.0,0.0,0.0,0.0,0.0,0.0,0.0,0.0,0.0,0.0,0.0,0.0,0.0,0.0,0.0,0.0,0.0,0.0,0.0,0.0,0.0,0.0,0.0,0.0,0.0,False,False
2010-06-22,0.0,0.0,0.0,0.0,0.0,0.0,0.0,0.0,0.0,0.0,0.0,0.0,0.0,0.0,0.0,0.0,0.0,0.0,0.0,0.0,0.0,0.0,0.0,0.0,0.0,0.0,0.0,0.0,0.0,0.0,False,False
2010-06-23,0.0,0.0,0.0,0.0,0.0,0.0,0.0,0.0,0.0,0.0,0.0,0.0,0.0,0.0,0.0,0.0,0.0,0.0,0.0,0.0,0.0,0.0,0.0,0.0,0.0,0.0,0.0,0.0,0.0,0.0,False,False
2010-06-24,0.0,0.0,0.0,0.0,0.0,0.0,0.0,0.0,0.0,0.0,0.0,0.0,0.0,0.0,0.0,0.0,0.0,0.0,0.0,0.0,0.0,0.0,0.0,0.0,0.0,0.0,0.0,0.0,0.0,0.0,False,False
2010-06-25,0.0,0.0,0.0,0.0,0.0,0.0,0.0,0.0,0.0,0.0,0.0,0.0,0.0,0.0,0.0,0.0,0.0,0.0,0.0,0.0,0.0,0.0,0.0,0.0,0.0,0.0,0.0,0.0,0.0,0.0,False,False
2010-06-28,0.0,0.0,0.0,0.0,0.0,0.0,0.0,0.0,0.0,0.0,0.0,0.0,0.0,0.0,0.0,0.0,0.0,0.0,0.0,0.0,0.0,0.0,0.0,0.0,0.0,0.0,0.0,0.0,0.0,0.0,False,False
2010-06-29,0.0,0.0,0.0,0.0,0.0,0.0,0.0,0.0,0.0,0.0,0.0,0.0,0.0,0.0,0.0,0.0,0.0,0.0,0.0,0.0,0.0,0.0,0.0,0.0,0.0,0.0,0.0,0.0,0.0,0.0,False,False
2010-06-30,0.0,0.0,0.0,0.0,0.0,0.0,0.0,0.0,0.0,0.0,0.0,0.0,0.0,0.0,0.0,0.0,0.0,0.0,0.0,0.0,0.0,0.0,0.0,0.0,0.0,0.0,0.0,0.0,0.0,0.0,False,False
2010-07-01,0.0,0.0,0.0,0.0,0.0,0.0,0.0,0.0,0.0,0.0,0.0,0.0,0.0,0.0,0.0,0.0,0.0,0.0,0.0,0.0,0.0,0.0,0.0,0.0,0.0,0.0,0.0,0.0,0.0,0.0,False,False
2010-07-02,0.0,0.0,0.0,0.0,0.0,0.0,0.0,0.0,0.0,0.0,0.0,0.0,0.0,0.0,0.0,0.0,0.0,0.0,0.0,0.0,0.0,0.0,0.0,0.0,0.0,0.0,0.0,0.0,0.0,0.0,False,False
2010-07-06,0.0,0.0,0.0,0.0,0.0,0.0,0.0,0.0,0.0,0.0,0.0,0.0,0.0,0.0,0.0,0.0,0.0,0.0,0.0,0.0,0.0,0.0,0.0,0.0,0.0,0.0,0.0,0.0,0.0,0.0,False,False
2010-07-07,0.0,0.0,0.0,0.0,0.0,0.0,0.0,0.0,0.0,0.0,0.0,0.0,0.0,0.0,0.0,0.0,0.0,0.0,0.0,0.0,0.0,0.0,0.0,0.0,0.0,0.0,0.0,0.0,0.0,0.0,False,False
2010-07-08,0.0,0.0,0.0,0.0,0.0,0.0,0.0,0.0,0.0,0.0,0.0,0.0,0.0,0.0,0.0,0.0,0.0,0.0,0.0,0.0,0.0,0.0,0.0,0.0,0.0,0.0,0.0,0.0,0.0,0.0,False,False
2010-07-09,0.0,0.0,0.0,0.0,0.0,0.0,0.0,0.0,0.0,0.0,0.0,0.0,0.0,0.0,0.0,0.0,0.0,0.0,0.0,0.0,0.0,0.0,0.0,0.0,0.0,0.0,0.0,0.0,0.0,0.0,False,False
2010-07-12,0.0,0.0,0.0,0.0,0.0,0.0,0.0,0.0,0.0,0.0,0.0,0.0,0.0,0.0,0.0,0.0,0.0,0.0,0.0,0.0,0.0,0.0,0.0,0.0,0.0,0.0,0.0,0.0,0.0,0.0,False,False
2010-07-13,0.0,0.0,0.0,0.0,0.0,0.0,0.0,0.0,0.0,0.0,0.0,0.0,0.0,0.0,0.0,0.0,0.0,0.0,0.0,0.0,0.0,0.0,0.0,0.0,0.0,0.0,0.0,0.0,0.0,0.0,False,False
2010-07-14,0.0,0.0,0.0,0.0,0.0,0.0,0.0,0.0,0.0,0.0,0.0,0.0,0.0,0.0,0.0,0.0,0.0,0.0,0.0,0.0,0.0,0.0,0.0,0.0,0.0,0.0,0.0,0.0,0.0,0.0,False,False
2010-07-15,0.0,0.0,0.0,0.0,0.0,0.0,0.0,0.0,0.0,0.0,0.0,0.0,0.0,0.0,0.0,0.0,0.0,0.0,0.0,0.0,0.0,0.0,0.0,0.0,0.0,0.0,0.0,0.0,0.0,0.0,False,False
2010-07-16,0.0,0.0,0.0,0.0,0.0,0.0,0.0,0.0,0.0,0.0,0.0,0.0,0.0,0.0,0.0,0.0,0.0,0.0,0.0,0.0,0.0,0.0,0.0,0.0,0.0,0.0,0.0,0.0,0.0,0.0,False,False
2010-07-19,0.0,0.0,0.0,0.0,0.0,0.0,0.0,0.0,0.0,0.0,0.0,0.0,0.0,0.0,0.0,0.0,0.0,0.0,0.0,0.0,0.0,0.0,0.0,0.0,0.0,0.0,0.0,0.0,0.0,0.0,False,False
2010-07-20,0.0,0.0,0.0,0.0,0.0,0.0,0.0,0.0,0.0,0.0,0.0,0.0,0.0,0.0,0.0,0.0,0.0,0.0,0.0,0.0,0.0,0.0,0.0,0.0,0.0,0.0,0.0,0.0,0.0,0.0,False,False
2010-07-21,0.0,0.0,0.0,0.0,0.0,0.0,0.0,0.0,0.0,0.0,0.0,0.0,0.0,0.0,0.0,0.0,0.0,0.0,0.0,0.0,0.0,0.0,0.0,0.0,0.0,0.0,0.0,0.0,0.0,0.0,False,False
2010-07-22,0.0,0.0,0.0,0.0,0.0,0.0,0.0,0.0,0.0,0.0,0.0,0.0,0.0,0.0,0.0,0.0,0.0,0.0,0.0,0.0,0.0,0.0,0.0,0.0,0.0,0.0,0.0,0.0,0.0,0.0,False,False
2010-07-23,0.0,0.0,0.0,0.0,0.0,0.0,0.0,0.0,0.0,0.0,0.0,0.0,0.0,0.0,0.0,0.0,0.0,0.0,0.0,0.0,0.0,0.0,0.0,0.0,0.0,0.0,0.0,0.0,0.0,0.0,False,False
2010-07-26,0.0,0.0,0.0,0.0,0.0,0.0,0.0,0.0,0.0,0.0,0.0,0.0,0.0,0.0,0.0,0.0,0.0,0.0,0.0,0.0,0.0,0.0,0.0,0.0,0.0,0.0,0.0,0.0,0.0,0.0,False,False
2010-07-27,0.0,0.0,0.0,0.0,0.0,0.0,0.0,0.0,0.0,0.0,0.0,0.0,0.0,0.0,0.0,0.0,0.0,0.0,0.0,0.0,0.0,0.0,0.0,0.0,0.0,0.0,0.0,0.0,0.0,0.0,False,False
2010-07-28,0.0,0.0,0.0,0.0,0.0,0.0,0.0,0.0,0.0,0.0,0.0,0.0,0.0,0.0,0.0,0.0,0.0,0.0,0.0,0.0,0.0,0.0,0.0,0.0,0.0,0.0,0.0,0.0,0.0,0.0,False,False
2010-07-29,0.0,0.0,0.0,0.0,0.0,0.0,0.0,0.0,0.0,0.0,0.0,0.0,0.0,0.0,0.0,0.0,0.0,0.0,0.0,0.0,0.0,0.0,0.0,0.0,0.0,0.0,0.0,0.0,0.0,0.0,False,False
2010-07-30,0.0,0.0,0.0,0.0,0.0,0.0,0.0,0.0,0.0,0.0,0.0,0.0,0.0,0.0,0.0,0.0,0.0,0.0,0.0,0.0,0.0,0.0,0.0,0.0,0.0,0.0,0.0,0.0,0.0,0.0,False,False
2010-08-02,0.0,0.0,0.0,0.0,0.0,0.0,0.0,0.0,0.0,0.0,0.0,0.0,0.0,0.0,0.0,0.0,0.0,0.0,0.0,0.0,0.0,0.0,0.0,0.0,0.0,0.0,0.0,0.0,0.0,0.0,False,False
2010-08-03,0.0,0.0,0.0,0.0,0.0,0.0,0.0,0.0,0.0,0.0,0.0,0.0,0.0,0.0,0.0,0.0,0.0,0.0,0.0,0.0,0.0,0.0,0.0,0.0,0.0,0.0,0.0,0.0,0.0,0.0,False,False
2010-08-04,0.0,0.0,0.0,0.0,0.0,0.0,0.0,0.0,0.0,0.0,0.0,0.0,0.0,0.0,0.0,0.0,0.0,0.0,0.0,0.0,0.0,0.0,0.0,0.0,0.0,0.0,0.0,0.0,0.0,0.0,False,False
2010-08-05,0.0,0.0,0.0,0.0,0.0,0.0,0.0,0.0,0.0,0.0,0.0,0.0,0.0,0.0,0.0,0.0,0.0,0.0,0.0,0.0,0.0,0.0,0.0,0.0,0.0,0.0,0.0,0.0,0.0,0.0,False,False
2010-08-06,0.0,0.0,0.0,0.0,0.0,0.0,0.0,0.0,0.0,0.0,0.0,0.0,0.0,0.0,0.0,0.0,0.0,0.0,0.0,0.0,0.0,0.0,0.0,0.0,0.0,0.0,0.0,0.0,0.0,0.0,False,False
2010-08-09,0.0,0.0,0.0,0.0,0.0,0.0,0.0,0.0,0.0,0.0,0.0,0.0,0.0,0.0,0.0,0.0,0.0,0.0,0.0,0.0,0.0,0.0,0.0,0.0,0.0,0.0,0.0,0.0,0.0,0.0,False,False
2010-08-10,0.0,0.0,0.0,0.0,0.0,0.0,0.0,0.0,0.0,0.0,0.0,0.0,0.0,0.0,0.0,0.0,0.0,0.0,0.0,0.0,0.0,0.0,0.0,0.0,0.0,0.0,0.0,0.0,0.0,0.0,False,False
2010-08-11,0.0,0.0,0.0,0.0,0.0,0.0,0.0,0.0,0.0,0.0,0.0,0.0,0.0,0.0,0.0,0.0,0.0,0.0,0.0,0.0,0.0,0.0,0.0,0.0,0.0,0.0,0.0,0.0,0.0,0.0,False,False
2010-08-12,0.0,0.0,0.0,0.0,0.0,0.0,0.0,0.0,0.0,0.0,0.0,0.0,0.0,0.0,0.0,0.0,0.0,0.0,0.0,0.0,0.0,0.0,0.0,0.0,0.0,0.0,0.0,0.0,0.0,0.0,False,False
2010-08-13,0.0,0.0,0.0,0.0,0.0,0.0,0.0,0.0,0.0,0.0,0.0,0.0,0.0,0.0,0.0,0.0,0.0,0.0,0.0,0.0,0.0,0.0,0.0,0.0,0.0,0.0,0.0,0.0,0.0,0.0,False,False
2010-08-16,0.0,0.0,0.0,0.0,0.0,0.0,0.0,0.0,0.0,0.0,0.0,0.0,0.0,0.0,0.0,0.0,0.0,0.0,0.0,0.0,0.0,0.0,0.0,0.0,0.0,0.0,0.0,0.0,0.0,0.0,False,False
2010-08-17,0.0,0.0,0.0,0.0,0.0,0.0,0.0,0.0,0.0,0.0,0.0,0.0,0.0,0.0,0.0,0.0,0.0,0.0,0.0,0.0,0.0,0.0,0.0,0.0,0.0,0.0,0.0,0.0,0.0,0.0,False,False
2010-08-18,0.0,0.0,0.0,0.0,0.0,0.0,0.0,0.0,0.0,0.0,0.0,0.0,0.0,0.0,0.0,0.0,0.0,0.0,0.0,0.0,0.0,0.0,0.0,0.0,0.0,0.0,0.0,0.0,0.0,0.0,False,False
2010-08-19,0.0,0.0,0.0,0.0,0.0,0.0,0.0,0.0,0.0,0.0,0.0,0.0,0.0,0.0,0.0,0.0,0.0,0.0,0.0,0.0,0.0,0.0,0.0,0.0,0.0,0.0,0.0,0.0,0.0,0.0,False,False
2010-08-20,0.0,0.0,0.0,0.0,0.0,0.0,0.0,0.0,0.0,0.0,0.0,0.0,0.0,0.0,0.0,0.0,0.0,0.0,0.0,0.0,0.0,0.0,0.0,0.0,0.0,0.0,0.0,0.0,0.0,0.0,False,False
2010-08-23,0.0,0.0,0.0,0.0,0.0,0.0,0.0,0.0,0.0,0.0,0.0,0.0,0.0,0.0,0.0,0.0,0.0,0.0,0.0,0.0,0.0,0.0,0.0,0.0,0.0,0.0,0.0,0.0,0.0,0.0,False,False
2010-08-24,0.0,0.0,0.0,0.0,0.0,0.0,0.0,0.0,0.0,0.0,0.0,0.0,0.0,0.0,0.0,0.0,0.0,0.0,0.0,0.0,0.0,0.0,0.0,0.0,0.0,0.0,0.0,0.0,0.0,0.0,False,False
2010-08-25,0.0,0.0,0.0,0.0,0.0,0.0,0.0,0.0,0.0,0.0,0.0,0.0,0.0,0.0,0.0,0.0,0.0,0.0,0.0,0.0,0.0,0.0,0.0,0.0,0.0,0.0,0.0,0.0,0.0,0.0,False,False
2010-08-26,0.0,0.0,0.0,0.0,0.0,0.0,0.0,0.0,0.0,0.0,0.0,0.0,0.0,0.0,0.0,0.0,0.0,0.0,0.0,0.0,0.0,0.0,0.0,0.0,0.0,0.0,0.0,0.0,0.0,0.0,False,False
2010-08-27,0.0,0.0,0.0,0.0,0.0,0.0,0.0,0.0,0.0,0.0,0.0,0.0,0.0,0.0,0.0,0.0,0.0,0.0,0.0,0.0,0.0,0.0,0.0,0.0,0.0,0.0,0.0,0.0,0.0,0.0,False,False
2010-08-30,0.0,0.0,0.0,0.0,0.0,0.0,0.0,0.0,0.0,0.0,0.0,0.0,0.0,0.0,0.0,0.0,0.0,0.0,0.0,0.0,0.0,0.0,0.0,0.0,0.0,0.0,0.0,0.0,0.0,0.0,False,False
2010-08-31,0.0,0.0,0.0,0.0,0.0,0.0,0.0,0.0,0.0,0.0,0.0,0.0,0.0,0.0,0.0,0.0,0.0,0.0,0.0,0.0,0.0,0.0,0.0,0.0,0.0,0.0,0.0,0.0,0.0,0.0,False,False
2010-09-01,0.0,0.0,0.0,0.0,0.0,0.0,0.0,0.0,0.0,0.0,0.0,0.0,0.0,0.0,0.0,0.0,0.0,0.0,0.0,0.0,0.0,0.0,0.0,0.0,0.0,0.0,0.0,0.0,0.0,0.0,False,False
2010-09-02,0.0,0.0,0.0,0.0,0.0,0.0,0.0,0.0,0.0,0.0,0.0,0.0,0.0,0.0,0.0,0.0,0.0,0.0,0.0,0.0,0.0,0.0,0.0,0.0,0.0,0.0,0.0,0.0,0.0,0.0,False,False
2010-09-03,0.0,0.0,0.0,0.0,0.0,0.0,0.0,0.0,0.0,0.0,0.0,0.0,0.0,0.0,0.0,0.0,0.0,0.0,0.0,0.0,0.0,0.0,0.0,0.0,0.0,0.0,0.0,0.0,0.0,0.0,False,False
2010-09-07,0.0,0.0,0.0,0.0,0.0,0.0,0.0,0.0,0.0,0.0,0.0,0.0,0.0,0.0,0.0,0.0,0.0,0.0,0.0,0.0,0.0,0.0,0.0,0.0,0.0,0.0,0.0,0.0,0.0,0.0,False,False
2010-09-08,0.0,0.0,0.0,0.0,0.0,0.0,0.0,0.0,0.0,0.0,0.0,0.0,0.0,0.0,0.0,0.0,0.0,0.0,0.0,0.0,0.0,0.0,0.0,0.0,0.0,0.0,0.0,0.0,0.0,0.0,False,False
2010-09-09,0.0,0.0,0.0,0.0,0.0,0.0,0.0,0.0,0.0,0.0,0.0,0.0,0.0,0.0,0.0,0.0,0.0,0.0,0.0,0.0,0.0,0.0,0.0,0.0,0.0,0.0,0.0,0.0,0.0,0.0,False,False
2010-09-10,0.0,0.0,0.0,0.0,0.0,0.0,0.0,0.0,0.0,0.0,0.0,0.0,0.0,0.0,0.0,0.0,0.0,0.0,0.0,0.0,0.0,0.0,0.0,0.0,0.0,0.0,0.0,0.0,0.0,0.0,False,False
2010-09-13,0.0,0.0,0.0,0.0,0.0,0.0,0.0,0.0,0.0,0.0,0.0,0.0,0.0,0.0,0.0,0.0,0.0,0.0,0.0,0.0,0.0,0.0,0.0,0.0,0.0,0.0,0.0,0.0,0.0,0.0,False,False
2010-09-14,0.0,0.0,0.0,0.0,0.0,0.0,0.0,0.0,0.0,0.0,0.0,0.0,0.0,0.0,0.0,0.0,0.0,0.0,0.0,0.0,0.0,0.0,0.0,0.0,0.0,0.0,0.0,0.0,0.0,0.0,False,False
2010-09-15,0.0,0.0,0.0,0.0,0.0,0.0,0.0,0.0,0.0,0.0,0.0,0.0,0.0,0.0,0.0,0.0,0.0,0.0,0.0,0.0,0.0,0.0,0.0,0.0,0.0,0.0,0.0,0.0,0.0,0.0,False,False
2010-09-16,0.0,0.0,0.0,0.0,0.0,0.0,0.0,0.0,0.0,0.0,0.0,0.0,0.0,0.0,0.0,0.0,0.0,0.0,0.0,0.0,0.0,0.0,0.0,0.0,0.0,0.0,0.0,0.0,0.0,0.0,False,False
2010-09-17,0.0,0.0,0.0,0.0,0.0,0.0,0.0,0.0,0.0,0.0,0.0,0.0,0.0,0.0,0.0,0.0,0.0,0.0,0.0,0.0,0.0,0.0,0.0,0.0,0.0,0.0,0.0,0.0,0.0,0.0,False,False
2010-09-20,0.0,0.0,0.0,0.0,0.0,0.0,0.0,0.0,0.0,0.0,0.0,0.0,0.0,0.0,0.0,0.0,0.0,0.0,0.0,0.0,0.0,0.0,0.0,0.0,0.0,0.0,0.0,0.0,0.0,0.0,False,False
2010-09-21,0.0,0.0,0.0,0.0,0.0,0.0,0.0,0.0,0.0,0.0,0.0,0.0,0.0,0.0,0.0,0.0,0.0,0.0,0.0,0.0,0.0,0.0,0.0,0.0,0.0,0.0,0.0,0.0,0.0,0.0,False,False
2010-09-22,0.0,0.0,0.0,0.0,0.0,0.0,0.0,0.0,0.0,0.0,0.0,0.0,0.0,0.0,0.0,0.0,0.0,0.0,0.0,0.0,0.0,0.0,0.0,0.0,0.0,0.0,0.0,0.0,0.0,0.0,False,False
2010-09-23,0.0,0.0,0.0,0.0,0.0,0.0,0.0,0.0,0.0,0.0,0.0,0.0,0.0,0.0,0.0,0.0,0.0,0.0,0.0,0.0,0.0,0.0,0.0,0.0,0.0,0.0,0.0,0.0,0.0,0.0,False,False
2010-09-24,0.0,0.0,0.0,0.0,0.0,0.0,0.0,0.0,0.0,0.0,0.0,0.0,0.0,0.0,0.0,0.0,0.0,0.0,0.0,0.0,0.0,0.0,0.0,0.0,0.0,0.0,0.0,0.0,0.0,0.0,False,False
2010-09-27,0.0,0.0,0.0,0.0,0.0,0.0,0.0,0.0,0.0,0.0,0.0,0.0,0.0,0.0,0.0,0.0,0.0,0.0,0.0,0.0,0.0,0.0,0.0,0.0,0.0,0.0,0.0,0.0,0.0,0.0,False,False
2010-09-28,0.0,0.0,0.0,0.0,0.0,0.0,0.0,0.0,0.0,0.0,0.0,0.0,0.0,0.0,0.0,0.0,0.0,0.0,0.0,0.0,0.0,0.0,0.0,0.0,0.0,0.0,0.0,0.0,0.0,0.0,False,False
2010-09-29,0.0,0.0,0.0,0.0,0.0,0.0,0.0,0.0,0.0,0.0,0.0,0.0,0.0,0.0,0.0,0.0,0.0,0.0,0.0,0.0,0.0,0.0,0.0,0.0,0.0,0.0,0.0,0.0,0.0,0.0,False,False
2010-09-30,0.0,0.0,0.0,0.0,0.0,0.0,0.0,0.0,0.0,0.0,0.0,0.0,0.0,0.0,0.0,0.0,0.0,0.0,0.0,0.0,0.0,0.0,0.0,0.0,0.0,0.0,0.0,0.0,0.0,0.0,False,False
2010-10-01,0.0,0.0,0.0,0.0,0.0,0.0,0.0,0.0,0.0,0.0,0.0,0.0,0.0,0.0,0.0,0.0,0.0,0.0,0.0,0.0,0.0,0.0,0.0,0.0,0.0,0.0,0.0,0.0,0.0,0.0,False,False
2010-10-04,0.0,0.0,0.0,0.0,0.0,0.0,0.0,0.0,0.0,0.0,0.0,0.0,0.0,0.0,0.0,0.0,0.0,0.0,0.0,0.0,0.0,0.0,0.0,0.0,0.0,0.0,0.0,0.0,0.0,0.0,False,False
2010-10-05,0.0,0.0,0.0,0.0,0.0,0.0,0.0,0.0,0.0,0.0,0.0,0.0,0.0,0.0,0.0,0.0,0.0,0.0,0.0,0.0,0.0,0.0,0.0,0.0,0.0,0.0,0.0,0.0,0.0,0.0,False,False
2010-10-06,0.0,0.0,0.0,0.0,0.0,0.0,0.0,0.0,0.0,0.0,0.0,0.0,0.0,0.0,0.0,0.0,0.0,0.0,0.0,0.0,0.0,0.0,0.0,0.0,0.0,0.0,0.0,0.0,0.0,0.0,False,False
2010-10-07,0.0,0.0,0.0,0.0,0.0,0.0,0.0,0.0,0.0,0.0,0.0,0.0,0.0,0.0,0.0,0.0,0.0,0.0,0.0,0.0,0.0,0.0,0.0,0.0,0.0,0.0,0.0,0.0,0.0,0.0,False,False
2010-10-08,0.0,0.0,0.0,0.0,0.0,0.0,0.0,0.0,0.0,0.0,0.0,0.0,0.0,0.0,0.0,0.0,0.0,0.0,0.0,0.0,0.0,0.0,0.0,0.0,0.0,0.0,0.0,0.0,0.0,0.0,False,False
2010-10-11,0.0,0.0,0.0,0.0,0.0,0.0,0.0,0.0,0.0,0.0,0.0,0.0,0.0,0.0,0.0,0.0,0.0,0.0,0.0,0.0,0.0,0.0,0.0,0.0,0.0,0.0,0.0,0.0,0.0,0.0,False,False
2010-10-12,0.0,0.0,0.0,0.0,0.0,0.0,0.0,0.0,0.0,0.0,0.0,0.0,0.0,0.0,0.0,0.0,0.0,0.0,0.0,0.0,0.0,0.0,0.0,0.0,0.0,0.0,0.0,0.0,0.0,0.0,False,False
2010-10-13,0.0,0.0,0.0,0.0,0.0,0.0,0.0,0.0,0.0,0.0,0.0,0.0,0.0,0.0,0.0,0.0,0.0,0.0,0.0,0.0,0.0,0.0,0.0,0.0,0.0,0.0,0.0,0.0,0.0,0.0,False,False
2010-10-14,0.0,0.0,0.0,0.0,0.0,0.0,0.0,0.0,0.0,0.0,0.0,0.0,0.0,0.0,0.0,0.0,0.0,0.0,0.0,0.0,0.0,0.0,0.0,0.0,0.0,0.0,0.0,0.0,0.0,0.0,False,False
2010-10-15,0.0,0.0,0.0,0.0,0.0,0.0,0.0,0.0,0.0,0.0,0.0,0.0,0.0,0.0,0.0,0.0,0.0,0.0,0.0,0.0,0.0,0.0,0.0,0.0,0.0,0.0,0.0,0.0,0.0,0.0,False,False
2010-10-18,0.0,0.0,0.0,0.0,0.0,0.0,0.0,0.0,0.0,0.0,0.0,0.0,0.0,0.0,0.0,0.0,0.0,0.0,0.0,0.0,0.0,0.0,0.0,0.0,0.0,0.0,0.0,0.0,0.0,0.0,False,False
2010-10-19,0.0,0.0,0.0,0.0,0.0,0.0,0.0,0.0,0.0,0.0,0.0,0.0,0.0,0.0,0.0,0.0,0.0,0.0,0.0,0.0,0.0,0.0,0.0,0.0,0.0,0.0,0.0,0.0,0.0,0.0,False,False
2010-10-20,0.0,0.0,0.0,0.0,0.0,0.0,0.0,0.0,0.0,0.0,0.0,0.0,0.0,0.0,0.0,0.0,0.0,0.0,0.0,0.0,0.0,0.0,0.0,0.0,0.0,0.0,0.0,0.0,0.0,0.0,False,False
2010-10-21,0.0,0.0,0.0,0.0,0.0,0.0,0.0,0.0,0.0,0.0,0.0,0.0,0.0,0.0,0.0,0.0,0.0,0.0,0.0,0.0,0.0,0.0,0.0,0.0,0.0,0.0,0.0,0.0,0.0,0.0,False,False
2010-10-22,0.0,0.0,0.0,0.0,0.0,0.0,0.0,0.0,0.0,0.0,0.0,0.0,0.0,0.0,0.0,0.0,0.0,0.0,0.0,0.0,0.0,0.0,0.0,0.0,0.0,0.0,0.0,0.0,0.0,0.0,False,False
2010-10-25,0.0,0.0,0.0,0.0,0.0,0.0,0.0,0.0,0.0,0.0,0.0,0.0,0.0,0.0,0.0,0.0,0.0,0.0,0.0,0.0,0.0,0.0,0.0,0.0,0.0,0.0,0.0,0.0,0.0,0.0,False,False
2010-10-26,0.0,0.0,0.0,0.0,0.0,0.0,0.0,0.0,0.0,0.0,0.0,0.0,0.0,0.0,0.0,0.0,0.0,0.0,0.0,0.0,0.0,0.0,0.0,0.0,0.0,0.0,0.0,0.0,0.0,0.0,False,False
2010-10-27,0.0,0.0,0.0,0.0,0.0,0.0,0.0,0.0,0.0,0.0,0.0,0.0,0.0,0.0,0.0,0.0,0.0,0.0,0.0,0.0,0.0,0.0,0.0,0.0,0.0,0.0,0.0,0.0,0.0,0.0,False,False
2010-10-28,0.0,0.0,0.0,0.0,0.0,0.0,0.0,0.0,0.0,0.0,0.0,0.0,0.0,0.0,0.0,0.0,0.0,0.0,0.0,0.0,0.0,0.0,0.0,0.0,0.0,0.0,0.0,0.0,0.0,0.0,False,False
2010-10-29,0.0,0.0,0.0,0.0,0.0,0.0,0.0,0.0,0.0,0.0,0.0,0.0,0.0,0.0,0.0,0.0,0.0,0.0,0.0,0.0,0.0,0.0,0.0,0.0,0.0,0.0,0.0,0.0,0.0,0.0,False,False
2010-11-01,0.0,0.0,0.0,0.0,0.0,0.0,0.0,0.0,0.0,0.0,0.0,0.0,0.0,0.0,0.0,0.0,0.0,0.0,0.0,0.0,0.0,0.0,0.0,0.0,0.0,0.0,0.0,0.0,0.0,0.0,False,False
2010-11-02,0.0,0.0,0.0,0.0,0.0,0.0,0.0,0.0,0.0,0.0,0.0,0.0,0.0,0.0,0.0,0.0,0.0,0.0,0.0,0.0,0.0,0.0,0.0,0.0,0.0,0.0,0.0,0.0,0.0,0.0,False,False
2010-11-03,0.0,0.0,0.0,0.0,0.0,0.0,0.0,0.0,0.0,0.0,0.0,0.0,0.0,0.0,0.0,0.0,0.0,0.0,0.0,0.0,0.0,0.0,0.0,0.0,0.0,0.0,0.0,0.0,0.0,0.0,False,False
2010-11-04,0.0,0.0,0.0,0.0,0.0,0.0,0.0,0.0,0.0,0.0,0.0,0.0,0.0,0.0,0.0,0.0,0.0,0.0,0.0,0.0,0.0,0.0,0.0,0.0,0.0,0.0,0.0,0.0,0.0,0.0,False,False
2010-11-05,0.0,0.0,0.0,0.0,0.0,0.0,0.0,0.0,0.0,0.0,0.0,0.0,0.0,0.0,0.0,0.0,0.0,0.0,0.0,0.0,0.0,0.0,0.0,0.0,0.0,0.0,0.0,0.0,0.0,0.0,False,False
2010-11-08,0.0,0.0,0.0,0.0,0.0,0.0,0.0,0.0,0.0,0.0,0.0,0.0,0.0,0.0,0.0,0.0,0.0,0.0,0.0,0.0,0.0,0.0,0.0,0.0,0.0,0.0,0.0,0.0,0.0,0.0,False,False
2010-11-09,0.0,0.0,0.0,0.0,0.0,0.0,0.0,0.0,0.0,0.0,0.0,0.0,0.0,0.0,0.0,0.0,0.0,0.0,0.0,0.0,0.0,0.0,0.0,0.0,0.0,0.0,0.0,0.0,0.0,0.0,False,False
2010-11-10,0.0,0.0,0.0,0.0,0.0,0.0,0.0,0.0,0.0,0.0,0.0,0.0,0.0,0.0,0.0,0.0,0.0,0.0,0.0,0.0,0.0,0.0,0.0,0.0,0.0,0.0,0.0,0.0,0.0,0.0,False,False
2010-11-11,0.0,0.0,0.0,0.0,0.0,0.0,0.0,0.0,0.0,0.0,0.0,0.0,0.0,0.0,0.0,0.0,0.0,0.0,0.0,0.0,0.0,0.0,0.0,0.0,0.0,0.0,0.0,0.0,0.0,0.0,False,False
2010-11-12,0.0,0.0,0.0,0.0,0.0,0.0,0.0,0.0,0.0,0.0,0.0,0.0,0.0,0.0,0.0,0.0,0.0,0.0,0.0,0.0,0.0,0.0,0.0,0.0,0.0,0.0,0.0,0.0,0.0,0.0,False,False
2010-11-15,0.0,0.0,0.0,0.0,0.0,0.0,0.0,0.0,0.0,0.0,0.0,0.0,0.0,0.0,0.0,0.0,0.0,0.0,0.0,0.0,0.0,0.0,0.0,0.0,0.0,0.0,0.0,0.0,0.0,0.0,False,False
2010-11-16,0.0,0.0,0.0,0.0,0.0,0.0,0.0,0.0,0.0,0.0,0.0,0.0,0.0,0.0,0.0,0.0,0.0,0.0,0.0,0.0,0.0,0.0,0.0,0.0,0.0,0.0,0.0,0.0,0.0,0.0,False,False
2010-11-17,0.0,0.0,0.0,0.0,0.0,0.0,0.0,0.0,0.0,0.0,0.0,0.0,0.0,0.0,0.0,0.0,0.0,0.0,0.0,0.0,0.0,0.0,0.0,0.0,0.0,0.0,0.0,0.0,0.0,0.0,False,False
2010-11-18,0.0,0.0,0.0,0.0,0.0,0.0,0.0,0.0,0.0,0.0,0.0,0.0,0.0,0.0,0.0,0.0,0.0,0.0,0.0,0.0,0.0,0.0,0.0,0.0,0.0,0.0,0.0,0.0,0.0,0.0,False,False
2010-11-19,0.0,0.0,0.0,0.0,0.0,0.0,0.0,0.0,0.0,0.0,0.0,0.0,0.0,0.0,0.0,0.0,0.0,0.0,0.0,0.0,0.0,0.0,0.0,0.0,0.0,0.0,0.0,0.0,0.0,0.0,False,False
2010-11-22,0.0,0.0,0.0,0.0,0.0,0.0,0.0,0.0,0.0,0.0,0.0,0.0,0.0,0.0,0.0,0.0,0.0,0.0,0.0,0.0,0.0,0.0,0.0,0.0,0.0,0.0,0.0,0.0,0.0,0.0,False,False
2010-11-23,0.0,0.0,0.0,0.0,0.0,0.0,0.0,0.0,0.0,0.0,0.0,0.0,0.0,0.0,0.0,0.0,0.0,0.0,0.0,0.0,0.0,0.0,0.0,0.0,0.0,0.0,0.0,0.0,0.0,0.0,False,False
2010-11-24,0.0,0.0,0.0,0.0,0.0,0.0,0.0,0.0,0.0,0.0,0.0,0.0,0.0,0.0,0.0,0.0,0.0,0.0,0.0,0.0,0.0,0.0,0.0,0.0,0.0,0.0,0.0,0.0,0.0,0.0,False,False
2010-11-26,0.0,0.0,0.0,0.0,0.0,0.0,0.0,0.0,0.0,0.0,0.0,0.0,0.0,0.0,0.0,0.0,0.0,0.0,0.0,0.0,0.0,0.0,0.0,0.0,0.0,0.0,0.0,0.0,0.0,0.0,False,False
2010-11-29,0.0,0.0,0.0,0.0,0.0,0.0,0.0,0.0,0.0,0.0,0.0,0.0,0.0,0.0,0.0,0.0,0.0,0.0,0.0,0.0,0.0,0.0,0.0,0.0,0.0,0.0,0.0,0.0,0.0,0.0,False,False
2010-11-30,0.0,0.0,0.0,0.0,0.0,0.0,0.0,0.0,0.0,0.0,0.0,0.0,0.0,0.0,0.0,0.0,0.0,0.0,0.0,0.0,0.0,0.0,0.0,0.0,0.0,0.0,0.0,0.0,0.0,0.0,False,False
2010-12-01,0.0,0.0,0.0,0.0,0.0,0.0,0.0,0.0,0.0,0.0,0.0,0.0,0.0,0.0,0.0,0.0,0.0,0.0,0.0,0.0,0.0,0.0,0.0,0.0,0.0,0.0,0.0,0.0,0.0,0.0,False,False
2010-12-02,0.0,0.0,0.0,0.0,0.0,0.0,0.0,0.0,0.0,0.0,0.0,0.0,0.0,0.0,0.0,0.0,0.0,0.0,0.0,0.0,0.0,0.0,0.0,0.0,0.0,0.0,0.0,0.0,0.0,0.0,False,False
2010-12-03,0.0,0.0,0.0,0.0,0.0,0.0,0.0,0.0,0.0,0.0,0.0,0.0,0.0,0.0,0.0,0.0,0.0,0.0,0.0,0.0,0.0,0.0,0.0,0.0,0.0,0.0,0.0,0.0,0.0,0.0,False,False
2010-12-06,0.0,0.0,0.0,0.0,0.0,0.0,0.0,0.0,0.0,0.0,0.0,0.0,0.0,0.0,0.0,0.0,0.0,0.0,0.0,0.0,0.0,0.0,0.0,0.0,0.0,0.0,0.0,0.0,0.0,0.0,False,False
2010-12-07,0.0,0.0,0.0,0.0,0.0,0.0,0.0,0.0,0.0,0.0,0.0,0.0,0.0,0.0,0.0,0.0,0.0,0.0,0.0,0.0,0.0,0.0,0.0,0.0,0.0,0.0,0.0,0.0,0.0,0.0,False,False
2010-12-08,0.0,0.0,0.0,0.0,0.0,0.0,0.0,0.0,0.0,0.0,0.0,0.0,0.0,0.0,0.0,0.0,0.0,0.0,0.0,0.0,0.0,0.0,0.0,0.0,0.0,0.0,0.0,0.0,0.0,0.0,False,False
2010-12-09,0.0,0.0,0.0,0.0,0.0,0.0,0.0,0.0,0.0,0.0,0.0,0.0,0.0,0.0,0.0,0.0,0.0,0.0,0.0,0.0,0.0,0.0,0.0,0.0,0.0,0.0,0.0,0.0,0.0,0.0,False,False
2010-12-10,0.0,0.0,0.0,0.0,0.0,0.0,0.0,0.0,0.0,0.0,0.0,0.0,0.0,0.0,0.0,0.0,0.0,0.0,0.0,0.0,0.0,0.0,0.0,0.0,0.0,0.0,0.0,0.0,0.0,0.0,False,False
2010-12-13,0.0,0.0,0.0,0.0,0.0,0.0,0.0,0.0,0.0,0.0,0.0,0.0,0.0,0.0,0.0,0.0,0.0,0.0,0.0,0.0,0.0,0.0,0.0,0.0,0.0,0.0,0.0,0.0,0.0,0.0,False,False
2010-12-14,0.0,0.0,0.0,0.0,0.0,0.0,0.0,0.0,0.0,0.0,0.0,0.0,0.0,0.0,0.0,0.0,0.0,0.0,0.0,0.0,0.0,0.0,0.0,0.0,0.0,0.0,0.0,0.0,0.0,0.0,False,False
2010-12-15,0.0,0.0,0.0,0.0,0.0,0.0,0.0,0.0,0.0,0.0,0.0,0.0,0.0,0.0,0.0,0.0,0.0,0.0,0.0,0.0,0.0,0.0,0.0,0.0,0.0,0.0,0.0,0.0,0.0,0.0,False,False
2010-12-16,0.0,0.0,0.0,0.0,0.0,0.0,0.0,0.0,0.0,0.0,0.0,0.0,0.0,0.0,0.0,0.0,0.0,0.0,0.0,0.0,0.0,0.0,0.0,0.0,0.0,0.0,0.0,0.0,0.0,0.0,False,False
2010-12-17,0.0,0.0,0.0,0.0,0.0,0.0,0.0,0.0,0.0,0.0,0.0,0.0,0.0,0.0,0.0,0.0,0.0,0.0,0.0,0.0,0.0,0.0,0.0,0.0,0.0,0.0,0.0,0.0,0.0,0.0,False,False
2010-12-20,0.0,0.0,0.0,0.0,0.0,0.0,0.0,0.0,0.0,0.0,0.0,0.0,0.0,0.0,0.0,0.0,0.0,0.0,0.0,0.0,0.0,0.0,0.0,0.0,0.0,0.0,0.0,0.0,0.0,0.0,False,False
2010-12-21,0.0,0.0,0.0,0.0,0.0,0.0,0.0,0.0,0.0,0.0,0.0,0.0,0.0,0.0,0.0,0.0,0.0,0.0,0.0,0.0,0.0,0.0,0.0,0.0,0.0,0.0,0.0,0.0,0.0,0.0,False,False
2010-12-22,0.0,0.0,0.0,0.0,0.0,0.0,0.0,0.0,0.0,0.0,0.0,0.0,0.0,0.0,0.0,0.0,0.0,0.0,0.0,0.0,0.0,0.0,0.0,0.0,0.0,0.0,0.0,0.0,0.0,0.0,False,False
2010-12-23,0.0,0.0,0.0,0.0,0.0,0.0,0.0,0.0,0.0,0.0,0.0,0.0,0.0,0.0,0.0,0.0,0.0,0.0,0.0,0.0,0.0,0.0,0.0,0.0,0.0,0.0,0.0,0.0,0.0,0.0,False,False
2010-12-27,0.0,0.0,0.0,0.0,0.0,0.0,0.0,0.0,0.0,0.0,0.0,0.0,0.0,0.0,0.0,0.0,0.0,0.0,0.0,0.0,0.0,0.0,0.0,0.0,0.0,0.0,0.0,0.0,0.0,0.0,False,False
2010-12-28,0.0,0.0,0.0,0.0,0.0,0.0,0.0,0.0,0.0,0.0,0.0,0.0,0.0,0.0,0.0,0.0,0.0,0.0,0.0,0.0,0.0,0.0,0.0,0.0,0.0,0.0,0.0,0.0,0.0,0.0,False,False
2010-12-29,0.0,0.0,0.0,0.0,0.0,0.0,0.0,0.0,0.0,0.0,0.0,0.0,0.0,0.0,0.0,0.0,0.0,0.0,0.0,0.0,0.0,0.0,0.0,0.0,0.0,0.0,0.0,0.0,0.0,0.0,False,False
2010-12-30,0.0,0.0,0.0,0.0,0.0,0.0,0.0,0.0,0.0,0.0,0.0,0.0,0.0,0.0,0.0,0.0,0.0,0.0,0.0,0.0,0.0,0.0,0.0,0.0,0.0,0.0,0.0,0.0,0.0,0.0,False,False
2010-12-31,0.0,0.0,0.0,0.0,0.0,0.0,0.0,0.0,0.0,0.0,0.0,0.0,0.0,0.0,0.0,0.0,0.0,0.0,0.0,0.0,0.0,0.0,0.0,0.0,0.0,0.0,0.0,0.0,0.0,0.0,False,False
2011-01-03,0.0,0.0,0.0,0.0,0.0,0.0,0.0,0.0,0.0,0.0,0.0,0.0,0.0,0.0,0.0,0.0,0.0,0.0,0.0,0.0,0.0,0.0,0.0,0.0,0.0,0.0,0.0,0.0,0.0,0.0,False,False
2011-01-04,0.0,0.0,0.0,0.0,0.0,0.0,0.0,0.0,0.0,0.0,0.0,0.0,0.0,0.0,0.0,0.0,0.0,0.0,0.0,0.0,0.0,0.0,0.0,0.0,0.0,0.0,0.0,0.0,0.0,0.0,False,False
2011-01-05,0.0,0.0,0.0,0.0,0.0,0.0,0.0,0.0,0.0,0.0,0.0,0.0,0.0,0.0,0.0,0.0,0.0,0.0,0.0,0.0,0.0,0.0,0.0,0.0,0.0,0.0,0.0,0.0,0.0,0.0,False,False
2011-01-06,0.0,0.0,0.0,0.0,0.0,0.0,0.0,0.0,0.0,0.0,0.0,0.0,0.0,0.0,0.0,0.0,0.0,0.0,0.0,0.0,0.0,0.0,0.0,0.0,0.0,0.0,0.0,0.0,0.0,0.0,False,False
2011-01-07,0.0,0.0,0.0,0.0,0.0,0.0,0.0,0.0,0.0,0.0,0.0,0.0,0.0,0.0,0.0,0.0,0.0,0.0,0.0,0.0,0.0,0.0,0.0,0.0,0.0,0.0,0.0,0.0,0.0,0.0,False,False
2011-01-10,0.0,0.0,0.0,0.0,0.0,0.0,0.0,0.0,0.0,0.0,0.0,0.0,0.0,0.0,0.0,0.0,0.0,0.0,0.0,0.0,0.0,0.0,0.0,0.0,0.0,0.0,0.0,0.0,0.0,0.0,False,False
2011-01-11,0.0,0.0,0.0,0.0,0.0,0.0,0.0,0.0,0.0,0.0,0.0,0.0,0.0,0.0,0.0,0.0,0.0,0.0,0.0,0.0,0.0,0.0,0.0,0.0,0.0,0.0,0.0,0.0,0.0,0.0,False,False
2011-01-12,0.0,0.0,0.0,0.0,0.0,0.0,0.0,0.0,0.0,0.0,0.0,0.0,0.0,0.0,0.0,0.0,0.0,0.0,0.0,0.0,0.0,0.0,0.0,0.0,0.0,0.0,0.0,0.0,0.0,0.0,False,False
2011-01-13,0.0,0.0,0.0,0.0,0.0,0.0,0.0,0.0,0.0,0.0,0.0,0.0,0.0,0.0,0.0,0.0,0.0,0.0,0.0,0.0,0.0,0.0,0.0,0.0,0.0,0.0,0.0,0.0,0.0,0.0,False,False
2011-01-14,0.0,0.0,0.0,0.0,0.0,0.0,0.0,0.0,0.0,0.0,0.0,0.0,0.0,0.0,0.0,0.0,0.0,0.0,0.0,0.0,0.0,0.0,0.0,0.0,0.0,0.0,0.0,0.0,0.0,0.0,False,False
2011-01-18,0.0,0.0,0.0,0.0,0.0,0.0,0.0,0.0,0.0,0.0,0.0,0.0,0.0,0.0,0.0,0.0,0.0,0.0,0.0,0.0,0.0,0.0,0.0,0.0,0.0,0.0,0.0,0.0,0.0,0.0,False,False
2011-01-19,0.0,0.0,0.0,0.0,0.0,0.0,0.0,0.0,0.0,0.0,0.0,0.0,0.0,0.0,0.0,0.0,0.0,0.0,0.0,0.0,0.0,0.0,0.0,0.0,0.0,0.0,0.0,0.0,0.0,0.0,False,False
2011-01-20,0.0,0.0,0.0,0.0,0.0,0.0,0.0,0.0,0.0,0.0,0.0,0.0,0.0,0.0,0.0,0.0,0.0,0.0,0.0,0.0,0.0,0.0,0.0,0.0,0.0,0.0,0.0,0.0,0.0,0.0,False,False
2011-01-21,0.0,0.0,0.0,0.0,0.0,0.0,0.0,0.0,0.0,0.0,0.0,0.0,0.0,0.0,0.0,0.0,0.0,0.0,0.0,0.0,0.0,0.0,0.0,0.0,0.0,0.0,0.0,0.0,0.0,0.0,False,False
2011-01-24,0.0,0.0,0.0,0.0,0.0,0.0,0.0,0.0,0.0,0.0,0.0,0.0,0.0,0.0,0.0,0.0,0.0,0.0,0.0,0.0,0.0,0.0,0.0,0.0,0.0,0.0,0.0,0.0,0.0,0.0,False,False
2011-01-25,0.0,0.0,0.0,0.0,0.0,0.0,0.0,0.0,0.0,0.0,0.0,0.0,0.0,0.0,0.0,0.0,0.0,0.0,0.0,0.0,0.0,0.0,0.0,0.0,0.0,0.0,0.0,0.0,0.0,0.0,False,False
2011-01-26,0.0,0.0,0.0,0.0,0.0,0.0,0.0,0.0,0.0,0.0,0.0,0.0,0.0,0.0,0.0,0.0,0.0,0.0,0.0,0.0,0.0,0.0,0.0,0.0,0.0,0.0,0.0,0.0,0.0,0.0,False,False
2011-01-27,0.0,0.0,0.0,0.0,0.0,0.0,0.0,0.0,0.0,0.0,0.0,0.0,0.0,0.0,0.0,0.0,0.0,0.0,0.0,0.0,0.0,0.0,0.0,0.0,0.0,0.0,0.0,0.0,0.0,0.0,False,False
2011-01-28,0.0,0.0,0.0,0.0,0.0,0.0,0.0,0.0,0.0,0.0,0.0,0.0,0.0,0.0,0.0,0.0,0.0,0.0,0.0,0.0,0.0,0.0,0.0,0.0,0.0,0.0,0.0,0.0,0.0,0.0,False,False
2011-01-31,0.0,0.0,0.0,0.0,0.0,0.0,0.0,0.0,0.0,0.0,0.0,0.0,0.0,0.0,0.0,0.0,0.0,0.0,0.0,0.0,0.0,0.0,0.0,0.0,0.0,0.0,0.0,0.0,0.0,0.0,False,False
2011-02-01,0.0,0.0,0.0,0.0,0.0,0.0,0.0,0.0,0.0,0.0,0.0,0.0,0.0,0.0,0.0,0.0,0.0,0.0,0.0,0.0,0.0,0.0,0.0,0.0,0.0,0.0,0.0,0.0,0.0,0.0,False,False
2011-02-02,0.0,0.0,0.0,0.0,0.0,0.0,0.0,0.0,0.0,0.0,0.0,0.0,0.0,0.0,0.0,0.0,0.0,0.0,0.0,0.0,0.0,0.0,0.0,0.0,0.0,0.0,0.0,0.0,0.0,0.0,False,False
2011-02-03,0.0,0.0,0.0,0.0,0.0,0.0,0.0,0.0,0.0,0.0,0.0,0.0,0.0,0.0,0.0,0.0,0.0,0.0,0.0,0.0,0.0,0.0,0.0,0.0,0.0,0.0,0.0,0.0,0.0,0.0,False,False
2011-02-04,0.0,0.0,0.0,0.0,0.0,0.0,0.0,0.0,0.0,0.0,0.0,0.0,0.0,0.0,0.0,0.0,0.0,0.0,0.0,0.0,0.0,0.0,0.0,0.0,0.0,0.0,0.0,0.0,0.0,0.0,False,False
2011-02-07,0.0,0.0,0.0,0.0,0.0,0.0,0.0,0.0,0.0,0.0,0.0,0.0,0.0,0.0,0.0,0.0,0.0,0.0,0.0,0.0,0.0,0.0,0.0,0.0,0.0,0.0,0.0,0.0,0.0,0.0,False,False
2011-02-08,0.0,0.0,0.0,0.0,0.0,0.0,0.0,0.0,0.0,0.0,0.0,0.0,0.0,0.0,0.0,0.0,0.0,0.0,0.0,0.0,0.0,0.0,0.0,0.0,0.0,0.0,0.0,0.0,0.0,0.0,False,False
2011-02-09,0.0,0.0,0.0,0.0,0.0,0.0,0.0,0.0,0.0,0.0,0.0,0.0,0.0,0.0,0.0,0.0,0.0,0.0,0.0,0.0,0.0,0.0,0.0,0.0,0.0,0.0,0.0,0.0,0.0,0.0,False,False
2011-02-10,0.0,0.0,0.0,0.0,0.0,0.0,0.0,0.0,0.0,0.0,0.0,0.0,0.0,0.0,0.0,0.0,0.0,0.0,0.0,0.0,0.0,0.0,0.0,0.0,0.0,0.0,0.0,0.0,0.0,0.0,False,False
2011-02-11,0.0,0.0,0.0,0.0,0.0,0.0,0.0,0.0,0.0,0.0,0.0,0.0,0.0,0.0,0.0,0.0,0.0,0.0,0.0,0.0,0.0,0.0,0.0,0.0,0.0,0.0,0.0,0.0,0.0,0.0,False,False
2011-02-14,0.0,0.0,0.0,0.0,0.0,0.0,0.0,0.0,0.0,0.0,0.0,0.0,0.0,0.0,0.0,0.0,0.0,0.0,0.0,0.0,0.0,0.0,0.0,0.0,0.0,0.0,0.0,0.0,0.0,0.0,False,False
2011-02-15,0.0,0.0,0.0,0.0,0.0,0.0,0.0,0.0,0.0,0.0,0.0,0.0,0.0,0.0,0.0,0.0,0.0,0.0,0.0,0.0,0.0,0.0,0.0,0.0,0.0,0.0,0.0,0.0,0.0,0.0,False,False
2011-02-16,0.0,0.0,0.0,0.0,0.0,0.0,0.0,0.0,0.0,0.0,0.0,0.0,0.0,0.0,0.0,0.0,0.0,0.0,0.0,0.0,0.0,0.0,0.0,0.0,0.0,0.0,0.0,0.0,0.0,0.0,False,False
2011-02-17,0.0,0.0,0.0,0.0,0.0,0.0,0.0,0.0,0.0,0.0,0.0,0.0,0.0,0.0,0.0,0.0,0.0,0.0,0.0,0.0,0.0,0.0,0.0,0.0,0.0,0.0,0.0,0.0,0.0,0.0,False,False
2011-02-18,0.0,0.0,0.0,0.0,0.0,0.0,0.0,0.0,0.0,0.0,0.0,0.0,0.0,0.0,0.0,0.0,0.0,0.0,0.0,0.0,0.0,0.0,0.0,0.0,0.0,0.0,0.0,0.0,0.0,0.0,False,False
2011-02-22,0.0,0.0,0.0,0.0,0.0,0.0,0.0,0.0,0.0,0.0,0.0,0.0,0.0,0.0,0.0,0.0,0.0,0.0,0.0,0.0,0.0,0.0,0.0,0.0,0.0,0.0,0.0,0.0,0.0,0.0,False,False
2011-02-23,0.0,0.0,0.0,0.0,0.0,0.0,0.0,0.0,0.0,0.0,0.0,0.0,0.0,0.0,0.0,0.0,0.0,0.0,0.0,0.0,0.0,0.0,0.0,0.0,0.0,0.0,0.0,0.0,0.0,0.0,False,False
2011-02-24,0.0,0.0,0.0,0.0,0.0,0.0,0.0,0.0,0.0,0.0,0.0,0.0,0.0,0.0,0.0,0.0,0.0,0.0,0.0,0.0,0.0,0.0,0.0,0.0,0.0,0.0,0.0,0.0,0.0,0.0,False,False
2011-02-25,0.0,0.0,0.0,0.0,0.0,0.0,0.0,0.0,0.0,0.0,0.0,0.0,0.0,0.0,0.0,0.0,0.0,0.0,0.0,0.0,0.0,0.0,0.0,0.0,0.0,0.0,0.0,0.0,0.0,0.0,False,False
2011-02-28,0.0,0.0,0.0,0.0,0.0,0.0,0.0,0.0,0.0,0.0,0.0,0.0,0.0,0.0,0.0,0.0,0.0,0.0,0.0,0.0,0.0,0.0,0.0,0.0,0.0,0.0,0.0,0.0,0.0,0.0,False,False
2011-03-01,0.0,0.0,0.0,0.0,0.0,0.0,0.0,0.0,0.0,0.0,0.0,0.0,0.0,0.0,0.0,0.0,0.0,0.0,0.0,0.0,0.0,0.0,0.0,0.0,0.0,0.0,0.0,0.0,0.0,0.0,False,False
2011-03-02,0.0,0.0,0.0,0.0,0.0,0.0,0.0,0.0,0.0,0.0,0.0,0.0,0.0,0.0,0.0,0.0,0.0,0.0,0.0,0.0,0.0,0.0,0.0,0.0,0.0,0.0,0.0,0.0,0.0,0.0,False,False
2011-03-03,0.0,0.0,0.0,0.0,0.0,0.0,0.0,0.0,0.0,0.0,0.0,0.0,0.0,0.0,0.0,0.0,0.0,0.0,0.0,0.0,0.0,0.0,0.0,0.0,0.0,0.0,0.0,0.0,0.0,0.0,False,False
2011-03-04,0.0,0.0,0.0,0.0,0.0,0.0,0.0,0.0,0.0,0.0,0.0,0.0,0.0,0.0,0.0,0.0,0.0,0.0,0.0,0.0,0.0,0.0,0.0,0.0,0.0,0.0,0.0,0.0,0.0,0.0,False,False
2011-03-07,0.0,0.0,0.0,0.0,0.0,0.0,0.0,0.0,0.0,0.0,0.0,0.0,0.0,0.0,0.0,0.0,0.0,0.0,0.0,0.0,0.0,0.0,0.0,0.0,0.0,0.0,0.0,0.0,0.0,0.0,False,False
2011-03-08,0.0,0.0,0.0,0.0,0.0,0.0,0.0,0.0,0.0,0.0,0.0,0.0,0.0,0.0,0.0,0.0,0.0,0.0,0.0,0.0,0.0,0.0,0.0,0.0,0.0,0.0,0.0,0.0,0.0,0.0,False,False
2011-03-09,0.0,0.0,0.0,0.0,0.0,0.0,0.0,0.0,0.0,0.0,0.0,0.0,0.0,0.0,0.0,0.0,0.0,0.0,0.0,0.0,0.0,0.0,0.0,0.0,0.0,0.0,0.0,0.0,0.0,0.0,False,False
2011-03-10,0.0,0.0,0.0,0.0,0.0,0.0,0.0,0.0,0.0,0.0,0.0,0.0,0.0,0.0,0.0,0.0,0.0,0.0,0.0,0.0,0.0,0.0,0.0,0.0,0.0,0.0,0.0,0.0,0.0,0.0,False,False
2011-03-11,0.0,0.0,0.0,0.0,0.0,0.0,0.0,0.0,0.0,0.0,0.0,0.0,0.0,0.0,0.0,0.0,0.0,0.0,0.0,0.0,0.0,0.0,0.0,0.0,0.0,0.0,0.0,0.0,0.0,0.0,False,False
2011-03-14,0.0,0.0,0.0,0.0,0.0,0.0,0.0,0.0,0.0,0.0,0.0,0.0,0.0,0.0,0.0,0.0,0.0,0.0,0.0,0.0,0.0,0.0,0.0,0.0,0.0,0.0,0.0,0.0,0.0,0.0,False,False
2011-03-15,0.0,0.0,0.0,0.0,0.0,0.0,0.0,0.0,0.0,0.0,0.0,0.0,0.0,0.0,0.0,0.0,0.0,0.0,0.0,0.0,0.0,0.0,0.0,0.0,0.0,0.0,0.0,0.0,0.0,0.0,False,False
2011-03-16,0.0,0.0,0.0,0.0,0.0,0.0,0.0,0.0,0.0,0.0,0.0,0.0,0.0,0.0,0.0,0.0,0.0,0.0,0.0,0.0,0.0,0.0,0.0,0.0,0.0,0.0,0.0,0.0,0.0,0.0,False,False
2011-03-17,0.0,0.0,0.0,0.0,0.0,0.0,0.0,0.0,0.0,0.0,0.0,0.0,0.0,0.0,0.0,0.0,0.0,0.0,0.0,0.0,0.0,0.0,0.0,0.0,0.0,0.0,0.0,0.0,0.0,0.0,False,False
2011-03-18,0.0,0.0,0.0,0.0,0.0,0.0,0.0,0.0,0.0,0.0,0.0,0.0,0.0,0.0,0.0,0.0,0.0,0.0,0.0,0.0,0.0,0.0,0.0,0.0,0.0,0.0,0.0,0.0,0.0,0.0,False,False
2011-03-21,0.0,0.0,0.0,0.0,0.0,0.0,0.0,0.0,0.0,0.0,0.0,0.0,0.0,0.0,0.0,0.0,0.0,0.0,0.0,0.0,0.0,0.0,0.0,0.0,0.0,0.0,0.0,0.0,0.0,0.0,False,False
2011-03-22,0.0,0.0,0.0,0.0,0.0,0.0,0.0,0.0,0.0,0.0,0.0,0.0,0.0,0.0,0.0,0.0,0.0,0.0,0.0,0.0,0.0,0.0,0.0,0.0,0.0,0.0,0.0,0.0,0.0,0.0,False,False
2011-03-23,0.0,0.0,0.0,0.0,0.0,0.0,0.0,0.0,0.0,0.0,0.0,0.0,0.0,0.0,0.0,0.0,0.0,0.0,0.0,0.0,0.0,0.0,0.0,0.0,0.0,0.0,0.0,0.0,0.0,0.0,False,False
2011-03-24,0.0,0.0,0.0,0.0,0.0,0.0,0.0,0.0,0.0,0.0,0.0,0.0,0.0,0.0,0.0,0.0,0.0,0.0,0.0,0.0,0.0,0.0,0.0,0.0,0.0,0.0,0.0,0.0,0.0,0.0,False,False
2011-03-25,0.0,0.0,0.0,0.0,0.0,0.0,0.0,0.0,0.0,0.0,0.0,0.0,0.0,0.0,0.0,0.0,0.0,0.0,0.0,0.0,0.0,0.0,0.0,0.0,0.0,0.0,0.0,0.0,0.0,0.0,False,False
2011-03-28,0.0,0.0,0.0,0.0,0.0,0.0,0.0,0.0,0.0,0.0,0.0,0.0,0.0,0.0,0.0,0.0,0.0,0.0,0.0,0.0,0.0,0.0,0.0,0.0,0.0,0.0,0.0,0.0,0.0,0.0,False,False
2011-03-29,0.0,0.0,0.0,0.0,0.0,0.0,0.0,0.0,0.0,0.0,0.0,0.0,0.0,0.0,0.0,0.0,0.0,0.0,0.0,0.0,0.0,0.0,0.0,0.0,0.0,0.0,0.0,0.0,0.0,0.0,False,False
2011-03-30,0.0,0.0,0.0,0.0,0.0,0.0,0.0,0.0,0.0,0.0,0.0,0.0,0.0,0.0,0.0,0.0,0.0,0.0,0.0,0.0,0.0,0.0,0.0,0.0,0.0,0.0,0.0,0.0,0.0,0.0,False,False
2011-03-31,0.0,0.0,0.0,0.0,0.0,0.0,0.0,0.0,0.0,0.0,0.0,0.0,0.0,0.0,0.0,0.0,0.0,0.0,0.0,0.0,0.0,0.0,0.0,0.0,0.0,0.0,0.0,0.0,0.0,0.0,False,False
2011-04-01,0.0,0.0,0.0,0.0,0.0,0.0,0.0,0.0,0.0,0.0,0.0,0.0,0.0,0.0,0.0,0.0,0.0,0.0,0.0,0.0,0.0,0.0,0.0,0.0,0.0,0.0,0.0,0.0,0.0,0.0,False,False
2011-04-04,0.0,0.0,0.0,0.0,0.0,0.0,0.0,0.0,0.0,0.0,0.0,0.0,0.0,0.0,0.0,0.0,0.0,0.0,0.0,0.0,0.0,0.0,0.0,0.0,0.0,0.0,0.0,0.0,0.0,0.0,False,False
2011-04-05,0.0,0.0,0.0,0.0,0.0,0.0,0.0,0.0,0.0,0.0,0.0,0.0,0.0,0.0,0.0,0.0,0.0,0.0,0.0,0.0,0.0,0.0,0.0,0.0,0.0,0.0,0.0,0.0,0.0,0.0,False,False
2011-04-06,0.0,0.0,0.0,0.0,0.0,0.0,0.0,0.0,0.0,0.0,0.0,0.0,0.0,0.0,0.0,0.0,0.0,0.0,0.0,0.0,0.0,0.0,0.0,0.0,0.0,0.0,0.0,0.0,0.0,0.0,False,False
2011-04-07,0.0,0.0,0.0,0.0,0.0,0.0,0.0,0.0,0.0,0.0,0.0,0.0,0.0,0.0,0.0,0.0,0.0,0.0,0.0,0.0,0.0,0.0,0.0,0.0,0.0,0.0,0.0,0.0,0.0,0.0,False,False
2011-04-08,0.0,0.0,0.0,0.0,0.0,0.0,0.0,0.0,0.0,0.0,0.0,0.0,0.0,0.0,0.0,0.0,0.0,0.0,0.0,0.0,0.0,0.0,0.0,0.0,0.0,0.0,0.0,0.0,0.0,0.0,False,False
2011-04-11,0.0,0.0,0.0,0.0,0.0,0.0,0.0,0.0,0.0,0.0,0.0,0.0,0.0,0.0,0.0,0.0,0.0,0.0,0.0,0.0,0.0,0.0,0.0,0.0,0.0,0.0,0.0,0.0,0.0,0.0,False,False
2011-04-12,0.0,0.0,0.0,0.0,0.0,0.0,0.0,0.0,0.0,0.0,0.0,0.0,0.0,0.0,0.0,0.0,0.0,0.0,0.0,0.0,0.0,0.0,0.0,0.0,0.0,0.0,0.0,0.0,0.0,0.0,False,False
2011-04-13,0.0,0.0,0.0,0.0,0.0,0.0,0.0,0.0,0.0,0.0,0.0,0.0,0.0,0.0,0.0,0.0,0.0,0.0,0.0,0.0,0.0,0.0,0.0,0.0,0.0,0.0,0.0,0.0,0.0,0.0,False,False
2011-04-14,0.0,0.0,0.0,0.0,0.0,0.0,0.0,0.0,0.0,0.0,0.0,0.0,0.0,0.0,0.0,0.0,0.0,0.0,0.0,0.0,0.0,0.0,0.0,0.0,0.0,0.0,0.0,0.0,0.0,0.0,False,False
2011-04-15,0.0,0.0,0.0,0.0,0.0,0.0,0.0,0.0,0.0,0.0,0.0,0.0,0.0,0.0,0.0,0.0,0.0,0.0,0.0,0.0,0.0,0.0,0.0,0.0,0.0,0.0,0.0,0.0,0.0,0.0,False,False
2011-04-18,0.0,0.0,0.0,0.0,0.0,0.0,0.0,0.0,0.0,0.0,0.0,0.0,0.0,0.0,0.0,0.0,0.0,0.0,0.0,0.0,0.0,0.0,0.0,0.0,0.0,0.0,0.0,0.0,0.0,0.0,False,False
2011-04-19,0.0,0.0,0.0,0.0,0.0,0.0,0.0,0.0,0.0,0.0,0.0,0.0,0.0,0.0,0.0,0.0,0.0,0.0,0.0,0.0,0.0,0.0,0.0,0.0,0.0,0.0,0.0,0.0,0.0,0.0,False,False
2011-04-20,0.0,0.0,0.0,0.0,0.0,0.0,0.0,0.0,0.0,0.0,0.0,0.0,0.0,0.0,0.0,0.0,0.0,0.0,0.0,0.0,0.0,0.0,0.0,0.0,0.0,0.0,0.0,0.0,0.0,0.0,False,False
2011-04-21,0.0,0.0,0.0,0.0,0.0,0.0,0.0,0.0,0.0,0.0,0.0,0.0,0.0,0.0,0.0,0.0,0.0,0.0,0.0,0.0,0.0,0.0,0.0,0.0,0.0,0.0,0.0,0.0,0.0,0.0,False,False
2011-04-25,0.0,0.0,0.0,0.0,0.0,0.0,0.0,0.0,0.0,0.0,0.0,0.0,0.0,0.0,0.0,0.0,0.0,0.0,0.0,0.0,0.0,0.0,0.0,0.0,0.0,0.0,0.0,0.0,0.0,0.0,False,False
2011-04-26,0.0,0.0,0.0,0.0,0.0,0.0,0.0,0.0,0.0,0.0,0.0,0.0,0.0,0.0,0.0,0.0,0.0,0.0,0.0,0.0,0.0,0.0,0.0,0.0,0.0,0.0,0.0,0.0,0.0,0.0,False,False
2011-04-27,0.0,0.0,0.0,0.0,0.0,0.0,0.0,0.0,0.0,0.0,0.0,0.0,0.0,0.0,0.0,0.0,0.0,0.0,0.0,0.0,0.0,0.0,0.0,0.0,0.0,0.0,0.0,0.0,0.0,0.0,False,False
2011-04-28,0.0,0.0,0.0,0.0,0.0,0.0,0.0,0.0,0.0,0.0,0.0,0.0,0.0,0.0,0.0,0.0,0.0,0.0,0.0,0.0,0.0,0.0,0.0,0.0,0.0,0.0,0.0,0.0,0.0,0.0,False,False
2011-04-29,0.0,0.0,0.0,0.0,0.0,0.0,0.0,0.0,0.0,0.0,0.0,0.0,0.0,0.0,0.0,0.0,0.0,0.0,0.0,0.0,0.0,0.0,0.0,0.0,0.0,0.0,0.0,0.0,0.0,0.0,False,False
2011-05-02,0.0,0.0,0.0,0.0,0.0,0.0,0.0,0.0,0.0,0.0,0.0,0.0,0.0,0.0,0.0,0.0,0.0,0.0,0.0,0.0,0.0,0.0,0.0,0.0,0.0,0.0,0.0,0.0,0.0,0.0,False,False
2011-05-03,0.0,0.0,0.0,0.0,0.0,0.0,0.0,0.0,0.0,0.0,0.0,0.0,0.0,0.0,0.0,0.0,0.0,0.0,0.0,0.0,0.0,0.0,0.0,0.0,0.0,0.0,0.0,0.0,0.0,0.0,False,False
2011-05-04,0.0,0.0,0.0,0.0,0.0,0.0,0.0,0.0,0.0,0.0,0.0,0.0,0.0,0.0,0.0,0.0,0.0,0.0,0.0,0.0,0.0,0.0,0.0,0.0,0.0,0.0,0.0,0.0,0.0,0.0,False,False
2011-05-05,0.0,0.0,0.0,0.0,0.0,0.0,0.0,0.0,0.0,0.0,0.0,0.0,0.0,0.0,0.0,0.0,0.0,0.0,0.0,0.0,0.0,0.0,0.0,0.0,0.0,0.0,0.0,0.0,0.0,0.0,False,False
2011-05-06,0.0,0.0,0.0,0.0,0.0,0.0,0.0,0.0,0.0,0.0,0.0,0.0,0.0,0.0,0.0,0.0,0.0,0.0,0.0,0.0,0.0,0.0,0.0,0.0,0.0,0.0,0.0,0.0,0.0,0.0,False,False
2011-05-09,0.0,0.0,0.0,0.0,0.0,0.0,0.0,0.0,0.0,0.0,0.0,0.0,0.0,0.0,0.0,0.0,0.0,0.0,0.0,0.0,0.0,0.0,0.0,0.0,0.0,0.0,0.0,0.0,0.0,0.0,False,False
2011-05-10,0.0,0.0,0.0,0.0,0.0,0.0,0.0,0.0,0.0,0.0,0.0,0.0,0.0,0.0,0.0,0.0,0.0,0.0,0.0,0.0,0.0,0.0,0.0,0.0,0.0,0.0,0.0,0.0,0.0,0.0,False,False
2011-05-11,0.0,0.0,0.0,0.0,0.0,0.0,0.0,0.0,0.0,0.0,0.0,0.0,0.0,0.0,0.0,0.0,0.0,0.0,0.0,0.0,0.0,0.0,0.0,0.0,0.0,0.0,0.0,0.0,0.0,0.0,False,False
2011-05-12,0.0,0.0,0.0,0.0,0.0,0.0,0.0,0.0,0.0,0.0,0.0,0.0,0.0,0.0,0.0,0.0,0.0,0.0,0.0,0.0,0.0,0.0,0.0,0.0,0.0,0.0,0.0,0.0,0.0,0.0,False,False
2011-05-13,0.0,0.0,0.0,0.0,0.0,0.0,0.0,0.0,0.0,0.0,0.0,0.0,0.0,0.0,0.0,0.0,0.0,0.0,0.0,0.0,0.0,0.0,0.0,0.0,0.0,0.0,0.0,0.0,0.0,0.0,False,False
2011-05-16,0.0,0.0,0.0,0.0,0.0,0.0,0.0,0.0,0.0,0.0,0.0,0.0,0.0,0.0,0.0,0.0,0.0,0.0,0.0,0.0,0.0,0.0,0.0,0.0,0.0,0.0,0.0,0.0,0.0,0.0,False,False
2011-05-17,0.0,0.0,0.0,0.0,0.0,0.0,0.0,0.0,0.0,0.0,0.0,0.0,0.0,0.0,0.0,0.0,0.0,0.0,0.0,0.0,0.0,0.0,0.0,0.0,0.0,0.0,0.0,0.0,0.0,0.0,False,False
2011-05-18,0.0,0.0,0.0,0.0,0.0,0.0,0.0,0.0,0.0,0.0,0.0,0.0,0.0,0.0,0.0,0.0,0.0,0.0,0.0,0.0,0.0,0.0,0.0,0.0,0.0,0.0,0.0,0.0,0.0,0.0,False,False
2011-05-19,0.0,0.0,0.0,0.0,0.0,0.0,0.0,0.0,0.0,0.0,0.0,0.0,0.0,0.0,0.0,0.0,0.0,0.0,0.0,0.0,0.0,0.0,0.0,0.0,0.0,0.0,0.0,0.0,0.0,0.0,False,False
2011-05-20,0.0,0.0,0.0,0.0,0.0,0.0,0.0,0.0,0.0,0.0,0.0,0.0,0.0,0.0,0.0,0.0,0.0,0.0,0.0,0.0,0.0,0.0,0.0,0.0,0.0,0.0,0.0,0.0,0.0,0.0,False,False
2011-05-23,0.0,0.0,0.0,0.0,0.0,0.0,0.0,0.0,0.0,0.0,0.0,0.0,0.0,0.0,0.0,0.0,0.0,0.0,0.0,0.0,0.0,0.0,0.0,0.0,0.0,0.0,0.0,0.0,0.0,0.0,False,False
2011-05-24,0.0,0.0,0.0,0.0,0.0,0.0,0.0,0.0,0.0,0.0,0.0,0.0,0.0,0.0,0.0,0.0,0.0,0.0,0.0,0.0,0.0,0.0,0.0,0.0,0.0,0.0,0.0,0.0,0.0,0.0,False,False
2011-05-25,0.0,0.0,0.0,0.0,0.0,0.0,0.0,0.0,0.0,0.0,0.0,0.0,0.0,0.0,0.0,0.0,0.0,0.0,0.0,0.0,0.0,0.0,0.0,0.0,0.0,0.0,0.0,0.0,0.0,0.0,False,False
2011-05-26,0.0,0.0,0.0,0.0,0.0,0.0,0.0,0.0,0.0,0.0,0.0,0.0,0.0,0.0,0.0,0.0,0.0,0.0,0.0,0.0,0.0,0.0,0.0,0.0,0.0,0.0,0.0,0.0,0.0,0.0,False,False
2011-05-27,0.0,0.0,0.0,0.0,0.0,0.0,0.0,0.0,0.0,0.0,0.0,0.0,0.0,0.0,0.0,0.0,0.0,0.0,0.0,0.0,0.0,0.0,0.0,0.0,0.0,0.0,0.0,0.0,0.0,0.0,False,False
2011-05-31,0.0,0.0,0.0,0.0,0.0,0.0,0.0,0.0,0.0,0.0,0.0,0.0,0.0,0.0,0.0,0.0,0.0,0.0,0.0,0.0,0.0,0.0,0.0,0.0,0.0,0.0,0.0,0.0,0.0,0.0,False,False
2011-06-01,0.0,0.0,0.0,0.0,0.0,0.0,0.0,0.0,0.0,0.0,0.0,0.0,0.0,0.0,0.0,0.0,0.0,0.0,0.0,0.0,0.0,0.0,0.0,0.0,0.0,0.0,0.0,0.0,0.0,0.0,False,False
2011-06-02,0.0,0.0,0.0,0.0,0.0,0.0,0.0,0.0,0.0,0.0,0.0,0.0,0.0,0.0,0.0,0.0,0.0,0.0,0.0,0.0,0.0,0.0,0.0,0.0,0.0,0.0,0.0,0.0,0.0,0.0,False,False
2011-06-03,0.0,0.0,0.0,0.0,0.0,0.0,0.0,0.0,0.0,0.0,0.0,0.0,0.0,0.0,0.0,0.0,0.0,0.0,0.0,0.0,0.0,0.0,0.0,0.0,0.0,0.0,0.0,0.0,0.0,0.0,False,False
2011-06-06,0.0,0.0,0.0,0.0,0.0,0.0,0.0,0.0,0.0,0.0,0.0,0.0,0.0,0.0,0.0,0.0,0.0,0.0,0.0,0.0,0.0,0.0,0.0,0.0,0.0,0.0,0.0,0.0,0.0,0.0,False,False
2011-06-07,0.0,0.0,0.0,0.0,0.0,0.0,0.0,0.0,0.0,0.0,0.0,0.0,0.0,0.0,0.0,0.0,0.0,0.0,0.0,0.0,0.0,0.0,0.0,0.0,0.0,0.0,0.0,0.0,0.0,0.0,False,False
2011-06-08,0.0,0.0,0.0,0.0,0.0,0.0,0.0,0.0,0.0,0.0,0.0,0.0,0.0,0.0,0.0,0.0,0.0,0.0,0.0,0.0,0.0,0.0,0.0,0.0,0.0,0.0,0.0,0.0,0.0,0.0,False,False
2011-06-09,0.0,0.0,0.0,0.0,0.0,0.0,0.0,0.0,0.0,0.0,0.0,0.0,0.0,0.0,0.0,0.0,0.0,0.0,0.0,0.0,0.0,0.0,0.0,0.0,0.0,0.0,0.0,0.0,0.0,0.0,False,False
2011-06-10,0.0,0.0,0.0,0.0,0.0,0.0,0.0,0.0,0.0,0.0,0.0,0.0,0.0,0.0,0.0,0.0,0.0,0.0,0.0,0.0,0.0,0.0,0.0,0.0,0.0,0.0,0.0,0.0,0.0,0.0,False,False
2011-06-13,0.0,0.0,0.0,0.0,0.0,0.0,0.0,0.0,0.0,0.0,0.0,0.0,0.0,0.0,0.0,0.0,0.0,0.0,0.0,0.0,0.0,0.0,0.0,0.0,0.0,0.0,0.0,0.0,0.0,0.0,False,False
2011-06-14,0.0,0.0,0.0,0.0,0.0,0.0,0.0,0.0,0.0,0.0,0.0,0.0,0.0,0.0,0.0,0.0,0.0,0.0,0.0,0.0,0.0,0.0,0.0,0.0,0.0,0.0,0.0,0.0,0.0,0.0,False,False
2011-06-15,0.0,0.0,0.0,0.0,0.0,0.0,0.0,0.0,0.0,0.0,0.0,0.0,0.0,0.0,0.0,0.0,0.0,0.0,0.0,0.0,0.0,0.0,0.0,0.0,0.0,0.0,0.0,0.0,0.0,0.0,False,False
2011-06-16,0.0,0.0,0.0,0.0,0.0,0.0,0.0,0.0,0.0,0.0,0.0,0.0,0.0,0.0,0.0,0.0,0.0,0.0,0.0,0.0,0.0,0.0,0.0,0.0,0.0,0.0,0.0,0.0,0.0,0.0,False,False
2011-06-17,0.0,0.0,0.0,0.0,0.0,0.0,0.0,0.0,0.0,0.0,0.0,0.0,0.0,0.0,0.0,0.0,0.0,0.0,0.0,0.0,0.0,0.0,0.0,0.0,0.0,0.0,0.0,0.0,0.0,0.0,False,False
2011-06-20,0.0,0.0,0.0,0.0,0.0,0.0,0.0,0.0,0.0,0.0,0.0,0.0,0.0,0.0,0.0,0.0,0.0,0.0,0.0,0.0,0.0,0.0,0.0,0.0,0.0,0.0,0.0,0.0,0.0,0.0,False,False
2011-06-21,0.0,0.0,0.0,0.0,0.0,0.0,0.0,0.0,0.0,0.0,0.0,0.0,0.0,0.0,0.0,0.0,0.0,0.0,0.0,0.0,0.0,0.0,0.0,0.0,0.0,0.0,0.0,0.0,0.0,0.0,False,False
2011-06-22,0.0,0.0,0.0,0.0,0.0,0.0,0.0,0.0,0.0,0.0,0.0,0.0,0.0,0.0,0.0,0.0,0.0,0.0,0.0,0.0,0.0,0.0,0.0,0.0,0.0,0.0,0.0,0.0,0.0,0.0,False,False
2011-06-23,0.0,0.0,0.0,0.0,0.0,0.0,0.0,0.0,0.0,0.0,0.0,0.0,0.0,0.0,0.0,0.0,0.0,0.0,0.0,0.0,0.0,0.0,0.0,0.0,0.0,0.0,0.0,0.0,0.0,0.0,False,False
2011-06-24,0.0,0.0,0.0,0.0,0.0,0.0,0.0,0.0,0.0,0.0,0.0,0.0,0.0,0.0,0.0,0.0,0.0,0.0,0.0,0.0,0.0,0.0,0.0,0.0,0.0,0.0,0.0,0.0,0.0,0.0,False,False
2011-06-27,0.0,0.0,0.0,0.0,0.0,0.0,0.0,0.0,0.0,0.0,0.0,0.0,0.0,0.0,0.0,0.0,0.0,0.0,0.0,0.0,0.0,0.0,0.0,0.0,0.0,0.0,0.0,0.0,0.0,0.0,False,False
2011-06-28,0.0,0.0,0.0,0.0,0.0,0.0,0.0,0.0,0.0,0.0,0.0,0.0,0.0,0.0,0.0,0.0,0.0,0.0,0.0,0.0,0.0,0.0,0.0,0.0,0.0,0.0,0.0,0.0,0.0,0.0,False,False
2011-06-29,0.0,0.0,0.0,0.0,0.0,0.0,0.0,0.0,0.0,0.0,0.0,0.0,0.0,0.0,0.0,0.0,0.0,0.0,0.0,0.0,0.0,0.0,0.0,0.0,0.0,0.0,0.0,0.0,0.0,0.0,False,False
2011-06-30,0.0,0.0,0.0,0.0,0.0,0.0,0.0,0.0,0.0,0.0,0.0,0.0,0.0,0.0,0.0,0.0,0.0,0.0,0.0,0.0,0.0,0.0,0.0,0.0,0.0,0.0,0.0,0.0,0.0,0.0,False,False
2011-07-01,0.0,0.0,0.0,0.0,0.0,0.0,0.0,0.0,0.0,0.0,0.0,0.0,0.0,0.0,0.0,0.0,0.0,0.0,0.0,0.0,0.0,0.0,0.0,0.0,0.0,0.0,0.0,0.0,0.0,0.0,False,False
2011-07-05,0.0,0.0,0.0,0.0,0.0,0.0,0.0,0.0,0.0,0.0,0.0,0.0,0.0,0.0,0.0,0.0,0.0,0.0,0.0,0.0,0.0,0.0,0.0,0.0,0.0,0.0,0.0,0.0,0.0,0.0,False,False
2011-07-06,0.0,0.0,0.0,0.0,0.0,0.0,0.0,0.0,0.0,0.0,0.0,0.0,0.0,0.0,0.0,0.0,0.0,0.0,0.0,0.0,0.0,0.0,0.0,0.0,0.0,0.0,0.0,0.0,0.0,0.0,False,False
2011-07-07,0.0,0.0,0.0,0.0,0.0,0.0,0.0,0.0,0.0,0.0,0.0,0.0,0.0,0.0,0.0,0.0,0.0,0.0,0.0,0.0,0.0,0.0,0.0,0.0,0.0,0.0,0.0,0.0,0.0,0.0,False,False
2011-07-08,0.0,0.0,0.0,0.0,0.0,0.0,0.0,0.0,0.0,0.0,0.0,0.0,0.0,0.0,0.0,0.0,0.0,0.0,0.0,0.0,0.0,0.0,0.0,0.0,0.0,0.0,0.0,0.0,0.0,0.0,False,False
2011-07-11,0.0,0.0,0.0,0.0,0.0,0.0,0.0,0.0,0.0,0.0,0.0,0.0,0.0,0.0,0.0,0.0,0.0,0.0,0.0,0.0,0.0,0.0,0.0,0.0,0.0,0.0,0.0,0.0,0.0,0.0,False,False
2011-07-12,0.0,0.0,0.0,0.0,0.0,0.0,0.0,0.0,0.0,0.0,0.0,0.0,0.0,0.0,0.0,0.0,0.0,0.0,0.0,0.0,0.0,0.0,0.0,0.0,0.0,0.0,0.0,0.0,0.0,0.0,False,False
2011-07-13,0.0,0.0,0.0,0.0,0.0,0.0,0.0,0.0,0.0,0.0,0.0,0.0,0.0,0.0,0.0,0.0,0.0,0.0,0.0,0.0,0.0,0.0,0.0,0.0,0.0,0.0,0.0,0.0,0.0,0.0,False,False
2011-07-14,0.0,0.0,0.0,0.0,0.0,0.0,0.0,0.0,0.0,0.0,0.0,0.0,0.0,0.0,0.0,0.0,0.0,0.0,0.0,0.0,0.0,0.0,0.0,0.0,0.0,0.0,0.0,0.0,0.0,0.0,False,False
2011-07-15,0.0,0.0,0.0,0.0,0.0,0.0,0.0,0.0,0.0,0.0,0.0,0.0,0.0,0.0,0.0,0.0,0.0,0.0,0.0,0.0,0.0,0.0,0.0,0.0,0.0,0.0,0.0,0.0,0.0,0.0,False,False
2011-07-18,0.0,0.0,0.0,0.0,0.0,0.0,0.0,0.0,0.0,0.0,0.0,0.0,0.0,0.0,0.0,0.0,0.0,0.0,0.0,0.0,0.0,0.0,0.0,0.0,0.0,0.0,0.0,0.0,0.0,0.0,False,False
2011-07-19,0.0,0.0,0.0,0.0,0.0,0.0,0.0,0.0,0.0,0.0,0.0,0.0,0.0,0.0,0.0,0.0,0.0,0.0,0.0,0.0,0.0,0.0,0.0,0.0,0.0,0.0,0.0,0.0,0.0,0.0,False,False
2011-07-20,0.0,0.0,0.0,0.0,0.0,0.0,0.0,0.0,0.0,0.0,0.0,0.0,0.0,0.0,0.0,0.0,0.0,0.0,0.0,0.0,0.0,0.0,0.0,0.0,0.0,0.0,0.0,0.0,0.0,0.0,False,False
2011-07-21,0.0,0.0,0.0,0.0,0.0,0.0,0.0,0.0,0.0,0.0,0.0,0.0,0.0,0.0,0.0,0.0,0.0,0.0,0.0,0.0,0.0,0.0,0.0,0.0,0.0,0.0,0.0,0.0,0.0,0.0,False,False
2011-07-22,0.0,0.0,0.0,0.0,0.0,0.0,0.0,0.0,0.0,0.0,0.0,0.0,0.0,0.0,0.0,0.0,0.0,0.0,0.0,0.0,0.0,0.0,0.0,0.0,0.0,0.0,0.0,0.0,0.0,0.0,False,False
2011-07-25,0.0,0.0,0.0,0.0,0.0,0.0,0.0,0.0,0.0,0.0,0.0,0.0,0.0,0.0,0.0,0.0,0.0,0.0,0.0,0.0,0.0,0.0,0.0,0.0,0.0,0.0,0.0,0.0,0.0,0.0,False,False
2011-07-26,0.0,0.0,0.0,0.0,0.0,0.0,0.0,0.0,0.0,0.0,0.0,0.0,0.0,0.0,0.0,0.0,0.0,0.0,0.0,0.0,0.0,0.0,0.0,0.0,0.0,0.0,0.0,0.0,0.0,0.0,False,False
2011-07-27,0.0,0.0,0.0,0.0,0.0,0.0,0.0,0.0,0.0,0.0,0.0,0.0,0.0,0.0,0.0,0.0,0.0,0.0,0.0,0.0,0.0,0.0,0.0,0.0,0.0,0.0,0.0,0.0,0.0,0.0,False,False
2011-07-28,0.0,0.0,0.0,0.0,0.0,0.0,0.0,0.0,0.0,0.0,0.0,0.0,0.0,0.0,0.0,0.0,0.0,0.0,0.0,0.0,0.0,0.0,0.0,0.0,0.0,0.0,0.0,0.0,0.0,0.0,False,False
2011-07-29,0.0,0.0,0.0,0.0,0.0,0.0,0.0,0.0,0.0,0.0,0.0,0.0,0.0,0.0,0.0,0.0,0.0,0.0,0.0,0.0,0.0,0.0,0.0,0.0,0.0,0.0,0.0,0.0,0.0,0.0,False,False
2011-08-01,0.0,0.0,0.0,0.0,0.0,0.0,0.0,0.0,0.0,0.0,0.0,0.0,0.0,0.0,0.0,0.0,0.0,0.0,0.0,0.0,0.0,0.0,0.0,0.0,0.0,0.0,0.0,0.0,0.0,0.0,False,False
2011-08-02,0.0,0.0,0.0,0.0,0.0,0.0,0.0,0.0,0.0,0.0,0.0,0.0,0.0,0.0,0.0,0.0,0.0,0.0,0.0,0.0,0.0,0.0,0.0,0.0,0.0,0.0,0.0,0.0,0.0,0.0,False,False
2011-08-03,0.0,0.0,0.0,0.0,0.0,0.0,0.0,0.0,0.0,0.0,0.0,0.0,0.0,0.0,0.0,0.0,0.0,0.0,0.0,0.0,0.0,0.0,0.0,0.0,0.0,0.0,0.0,0.0,0.0,0.0,False,False
2011-08-04,0.0,0.0,0.0,0.0,0.0,0.0,0.0,0.0,0.0,0.0,0.0,0.0,0.0,0.0,0.0,0.0,0.0,0.0,0.0,0.0,0.0,0.0,0.0,0.0,0.0,0.0,0.0,0.0,0.0,0.0,False,False
2011-08-05,0.0,0.0,0.0,0.0,0.0,0.0,0.0,0.0,0.0,0.0,0.0,0.0,0.0,0.0,0.0,0.0,0.0,0.0,0.0,0.0,0.0,0.0,0.0,0.0,0.0,0.0,0.0,0.0,0.0,0.0,False,False
2011-08-08,0.0,0.0,0.0,0.0,0.0,0.0,0.0,0.0,0.0,0.0,0.0,0.0,0.0,0.0,0.0,0.0,0.0,0.0,0.0,0.0,0.0,0.0,0.0,0.0,0.0,0.0,0.0,0.0,0.0,0.0,False,False
2011-08-09,0.0,0.0,0.0,0.0,0.0,0.0,0.0,0.0,0.0,0.0,0.0,0.0,0.0,0.0,0.0,0.0,0.0,0.0,0.0,0.0,0.0,0.0,0.0,0.0,0.0,0.0,0.0,0.0,0.0,0.0,False,False
2011-08-10,0.0,0.0,0.0,0.0,0.0,0.0,0.0,0.0,0.0,0.0,0.0,0.0,0.0,0.0,0.0,0.0,0.0,0.0,0.0,0.0,0.0,0.0,0.0,0.0,0.0,0.0,0.0,0.0,0.0,0.0,False,False
2011-08-11,0.0,0.0,0.0,0.0,0.0,0.0,0.0,0.0,0.0,0.0,0.0,0.0,0.0,0.0,0.0,0.0,0.0,0.0,0.0,0.0,0.0,0.0,0.0,0.0,0.0,0.0,0.0,0.0,0.0,0.0,False,False
2011-08-12,0.0,0.0,0.0,0.0,0.0,0.0,0.0,0.0,0.0,0.0,0.0,0.0,0.0,0.0,0.0,0.0,0.0,0.0,0.0,0.0,0.0,0.0,0.0,0.0,0.0,0.0,0.0,0.0,0.0,0.0,False,False
2011-08-15,0.0,0.0,0.0,0.0,0.0,0.0,0.0,0.0,0.0,0.0,0.0,0.0,0.0,0.0,0.0,0.0,0.0,0.0,0.0,0.0,0.0,0.0,0.0,0.0,0.0,0.0,0.0,0.0,0.0,0.0,False,False
2011-08-16,0.0,0.0,0.0,0.0,0.0,0.0,0.0,0.0,0.0,0.0,0.0,0.0,0.0,0.0,0.0,0.0,0.0,0.0,0.0,0.0,0.0,0.0,0.0,0.0,0.0,0.0,0.0,0.0,0.0,0.0,False,False
2011-08-17,0.0,0.0,0.0,0.0,0.0,0.0,0.0,0.0,0.0,0.0,0.0,0.0,0.0,0.0,0.0,0.0,0.0,0.0,0.0,0.0,0.0,0.0,0.0,0.0,0.0,0.0,0.0,0.0,0.0,0.0,False,False
2011-08-18,0.0,0.0,0.0,0.0,0.0,0.0,0.0,0.0,0.0,0.0,0.0,0.0,0.0,0.0,0.0,0.0,0.0,0.0,0.0,0.0,0.0,0.0,0.0,0.0,0.0,0.0,0.0,0.0,0.0,0.0,False,False
2011-08-19,0.0,0.0,0.0,0.0,0.0,0.0,0.0,0.0,0.0,0.0,0.0,0.0,0.0,0.0,0.0,0.0,0.0,0.0,0.0,0.0,0.0,0.0,0.0,0.0,0.0,0.0,0.0,0.0,0.0,0.0,False,False
2011-08-22,0.0,0.0,0.0,0.0,0.0,0.0,0.0,0.0,0.0,0.0,0.0,0.0,0.0,0.0,0.0,0.0,0.0,0.0,0.0,0.0,0.0,0.0,0.0,0.0,0.0,0.0,0.0,0.0,0.0,0.0,False,False
2011-08-23,0.0,0.0,0.0,0.0,0.0,0.0,0.0,0.0,0.0,0.0,0.0,0.0,0.0,0.0,0.0,0.0,0.0,0.0,0.0,0.0,0.0,0.0,0.0,0.0,0.0,0.0,0.0,0.0,0.0,0.0,False,False
2011-08-24,0.0,0.0,0.0,0.0,0.0,0.0,0.0,0.0,0.0,0.0,0.0,0.0,0.0,0.0,0.0,0.0,0.0,0.0,0.0,0.0,0.0,0.0,0.0,0.0,0.0,0.0,0.0,0.0,0.0,0.0,False,False
2011-08-25,0.0,0.0,0.0,0.0,0.0,0.0,0.0,0.0,0.0,0.0,0.0,0.0,0.0,0.0,0.0,0.0,0.0,0.0,0.0,0.0,0.0,0.0,0.0,0.0,0.0,0.0,0.0,0.0,0.0,0.0,False,False
2011-08-26,0.0,0.0,0.0,0.0,0.0,0.0,0.0,0.0,0.0,0.0,0.0,0.0,0.0,0.0,0.0,0.0,0.0,0.0,0.0,0.0,0.0,0.0,0.0,0.0,0.0,0.0,0.0,0.0,0.0,0.0,False,False
2011-08-29,0.0,0.0,0.0,0.0,0.0,0.0,0.0,0.0,0.0,0.0,0.0,0.0,0.0,0.0,0.0,0.0,0.0,0.0,0.0,0.0,0.0,0.0,0.0,0.0,0.0,0.0,0.0,0.0,0.0,0.0,False,False
2011-08-30,0.0,0.0,0.0,0.0,0.0,0.0,0.0,0.0,0.0,0.0,0.0,0.0,0.0,0.0,0.0,0.0,0.0,0.0,0.0,0.0,0.0,0.0,0.0,0.0,0.0,0.0,0.0,0.0,0.0,0.0,False,False
2011-08-31,0.0,0.0,0.0,0.0,0.0,0.0,0.0,0.0,0.0,0.0,0.0,0.0,0.0,0.0,0.0,0.0,0.0,0.0,0.0,0.0,0.0,0.0,0.0,0.0,0.0,0.0,0.0,0.0,0.0,0.0,False,False
2011-09-01,0.0,0.0,0.0,0.0,0.0,0.0,0.0,0.0,0.0,0.0,0.0,0.0,0.0,0.0,0.0,0.0,0.0,0.0,0.0,0.0,0.0,0.0,0.0,0.0,0.0,0.0,0.0,0.0,0.0,0.0,False,False
2011-09-02,0.0,0.0,0.0,0.0,0.0,0.0,0.0,0.0,0.0,0.0,0.0,0.0,0.0,0.0,0.0,0.0,0.0,0.0,0.0,0.0,0.0,0.0,0.0,0.0,0.0,0.0,0.0,0.0,0.0,0.0,False,False
2011-09-06,0.0,0.0,0.0,0.0,0.0,0.0,0.0,0.0,0.0,0.0,0.0,0.0,0.0,0.0,0.0,0.0,0.0,0.0,0.0,0.0,0.0,0.0,0.0,0.0,0.0,0.0,0.0,0.0,0.0,0.0,False,False
2011-09-07,0.0,0.0,0.0,0.0,0.0,0.0,0.0,0.0,0.0,0.0,0.0,0.0,0.0,0.0,0.0,0.0,0.0,0.0,0.0,0.0,0.0,0.0,0.0,0.0,0.0,0.0,0.0,0.0,0.0,0.0,False,False
2011-09-08,0.0,0.0,0.0,0.0,0.0,0.0,0.0,0.0,0.0,0.0,0.0,0.0,0.0,0.0,0.0,0.0,0.0,0.0,0.0,0.0,0.0,0.0,0.0,0.0,0.0,0.0,0.0,0.0,0.0,0.0,False,False
2011-09-09,0.0,0.0,0.0,0.0,0.0,0.0,0.0,0.0,0.0,0.0,0.0,0.0,0.0,0.0,0.0,0.0,0.0,0.0,0.0,0.0,0.0,0.0,0.0,0.0,0.0,0.0,0.0,0.0,0.0,0.0,False,False
2011-09-12,0.0,0.0,0.0,0.0,0.0,0.0,0.0,0.0,0.0,0.0,0.0,0.0,0.0,0.0,0.0,0.0,0.0,0.0,0.0,0.0,0.0,0.0,0.0,0.0,0.0,0.0,0.0,0.0,0.0,0.0,False,False
2011-09-13,0.0,0.0,0.0,0.0,0.0,0.0,0.0,0.0,0.0,0.0,0.0,0.0,0.0,0.0,0.0,0.0,0.0,0.0,0.0,0.0,0.0,0.0,0.0,0.0,0.0,0.0,0.0,0.0,0.0,0.0,False,False
2011-09-14,0.0,0.0,0.0,0.0,0.0,0.0,0.0,0.0,0.0,0.0,0.0,0.0,0.0,0.0,0.0,0.0,0.0,0.0,0.0,0.0,0.0,0.0,0.0,0.0,0.0,0.0,0.0,0.0,0.0,0.0,False,False
2011-09-15,0.0,0.0,0.0,0.0,0.0,0.0,0.0,0.0,0.0,0.0,0.0,0.0,0.0,0.0,0.0,0.0,0.0,0.0,0.0,0.0,0.0,0.0,0.0,0.0,0.0,0.0,0.0,0.0,0.0,0.0,False,False
2011-09-16,0.0,0.0,0.0,0.0,0.0,0.0,0.0,0.0,0.0,0.0,0.0,0.0,0.0,0.0,0.0,0.0,0.0,0.0,0.0,0.0,0.0,0.0,0.0,0.0,0.0,0.0,0.0,0.0,0.0,0.0,False,False
2011-09-19,0.0,0.0,0.0,0.0,0.0,0.0,0.0,0.0,0.0,0.0,0.0,0.0,0.0,0.0,0.0,0.0,0.0,0.0,0.0,0.0,0.0,0.0,0.0,0.0,0.0,0.0,0.0,0.0,0.0,0.0,False,False
2011-09-20,0.0,0.0,0.0,0.0,0.0,0.0,0.0,0.0,0.0,0.0,0.0,0.0,0.0,0.0,0.0,0.0,0.0,0.0,0.0,0.0,0.0,0.0,0.0,0.0,0.0,0.0,0.0,0.0,0.0,0.0,False,False
2011-09-21,0.0,0.0,0.0,0.0,0.0,0.0,0.0,0.0,0.0,0.0,0.0,0.0,0.0,0.0,0.0,0.0,0.0,0.0,0.0,0.0,0.0,0.0,0.0,0.0,0.0,0.0,0.0,0.0,0.0,0.0,False,False
2011-09-22,0.0,0.0,0.0,0.0,0.0,0.0,0.0,0.0,0.0,0.0,0.0,0.0,0.0,0.0,0.0,0.0,0.0,0.0,0.0,0.0,0.0,0.0,0.0,0.0,0.0,0.0,0.0,0.0,0.0,0.0,False,False
2011-09-23,0.0,0.0,0.0,0.0,0.0,0.0,0.0,0.0,0.0,0.0,0.0,0.0,0.0,0.0,0.0,0.0,0.0,0.0,0.0,0.0,0.0,0.0,0.0,0.0,0.0,0.0,0.0,0.0,0.0,0.0,False,False
2011-09-26,0.0,0.0,0.0,0.0,0.0,0.0,0.0,0.0,0.0,0.0,0.0,0.0,0.0,0.0,0.0,0.0,0.0,0.0,0.0,0.0,0.0,0.0,0.0,0.0,0.0,0.0,0.0,0.0,0.0,0.0,False,False
2011-09-27,0.0,0.0,0.0,0.0,0.0,0.0,0.0,0.0,0.0,0.0,0.0,0.0,0.0,0.0,0.0,0.0,0.0,0.0,0.0,0.0,0.0,0.0,0.0,0.0,0.0,0.0,0.0,0.0,0.0,0.0,False,False
2011-09-28,0.0,0.0,0.0,0.0,0.0,0.0,0.0,0.0,0.0,0.0,0.0,0.0,0.0,0.0,0.0,0.0,0.0,0.0,0.0,0.0,0.0,0.0,0.0,0.0,0.0,0.0,0.0,0.0,0.0,0.0,False,False
2011-09-29,0.0,0.0,0.0,0.0,0.0,0.0,0.0,0.0,0.0,0.0,0.0,0.0,0.0,0.0,0.0,0.0,0.0,0.0,0.0,0.0,0.0,0.0,0.0,0.0,0.0,0.0,0.0,0.0,0.0,0.0,False,False
2011-09-30,0.0,0.0,0.0,0.0,0.0,0.0,0.0,0.0,0.0,0.0,0.0,0.0,0.0,0.0,0.0,0.0,0.0,0.0,0.0,0.0,0.0,0.0,0.0,0.0,0.0,0.0,0.0,0.0,0.0,0.0,False,False
2011-10-03,0.0,0.0,0.0,0.0,0.0,0.0,0.0,0.0,0.0,0.0,0.0,0.0,0.0,0.0,0.0,0.0,0.0,0.0,0.0,0.0,0.0,0.0,0.0,0.0,0.0,0.0,0.0,0.0,0.0,0.0,False,False
2011-10-04,0.0,0.0,0.0,0.0,0.0,0.0,0.0,0.0,0.0,0.0,0.0,0.0,0.0,0.0,0.0,0.0,0.0,0.0,0.0,0.0,0.0,0.0,0.0,0.0,0.0,0.0,0.0,0.0,0.0,0.0,False,False
2011-10-05,0.0,0.0,0.0,0.0,0.0,0.0,0.0,0.0,0.0,0.0,0.0,0.0,0.0,0.0,0.0,0.0,0.0,0.0,0.0,0.0,0.0,0.0,0.0,0.0,0.0,0.0,0.0,0.0,0.0,0.0,False,False
2011-10-06,0.0,0.0,0.0,0.0,0.0,0.0,0.0,0.0,0.0,0.0,0.0,0.0,0.0,0.0,0.0,0.0,0.0,0.0,0.0,0.0,0.0,0.0,0.0,0.0,0.0,0.0,0.0,0.0,0.0,0.0,False,False
2011-10-07,0.0,0.0,0.0,0.0,0.0,0.0,0.0,0.0,0.0,0.0,0.0,0.0,0.0,0.0,0.0,0.0,0.0,0.0,0.0,0.0,0.0,0.0,0.0,0.0,0.0,0.0,0.0,0.0,0.0,0.0,False,False
2011-10-10,0.0,0.0,0.0,0.0,0.0,0.0,0.0,0.0,0.0,0.0,0.0,0.0,0.0,0.0,0.0,0.0,0.0,0.0,0.0,0.0,0.0,0.0,0.0,0.0,0.0,0.0,0.0,0.0,0.0,0.0,False,False
2011-10-11,0.0,0.0,0.0,0.0,0.0,0.0,0.0,0.0,0.0,0.0,0.0,0.0,0.0,0.0,0.0,0.0,0.0,0.0,0.0,0.0,0.0,0.0,0.0,0.0,0.0,0.0,0.0,0.0,0.0,0.0,False,False
2011-10-12,0.0,0.0,0.0,0.0,0.0,0.0,0.0,0.0,0.0,0.0,0.0,0.0,0.0,0.0,0.0,0.0,0.0,0.0,0.0,0.0,0.0,0.0,0.0,0.0,0.0,0.0,0.0,0.0,0.0,0.0,False,False
2011-10-13,0.0,0.0,0.0,0.0,0.0,0.0,0.0,0.0,0.0,0.0,0.0,0.0,0.0,0.0,0.0,0.0,0.0,0.0,0.0,0.0,0.0,0.0,0.0,0.0,0.0,0.0,0.0,0.0,0.0,0.0,False,False
2011-10-14,0.0,0.0,0.0,0.0,0.0,0.0,0.0,0.0,0.0,0.0,0.0,0.0,0.0,0.0,0.0,0.0,0.0,0.0,0.0,0.0,0.0,0.0,0.0,0.0,0.0,0.0,0.0,0.0,0.0,0.0,False,False
2011-10-17,0.0,0.0,0.0,0.0,0.0,0.0,0.0,0.0,0.0,0.0,0.0,0.0,0.0,0.0,0.0,0.0,0.0,0.0,0.0,0.0,0.0,0.0,0.0,0.0,0.0,0.0,0.0,0.0,0.0,0.0,False,False
2011-10-18,0.0,0.0,0.0,0.0,0.0,0.0,0.0,0.0,0.0,0.0,0.0,0.0,0.0,0.0,0.0,0.0,0.0,0.0,0.0,0.0,0.0,0.0,0.0,0.0,0.0,0.0,0.0,0.0,0.0,0.0,False,False
2011-10-19,0.0,0.0,0.0,0.0,0.0,0.0,0.0,0.0,0.0,0.0,0.0,0.0,0.0,0.0,0.0,0.0,0.0,0.0,0.0,0.0,0.0,0.0,0.0,0.0,0.0,0.0,0.0,0.0,0.0,0.0,False,False
2011-10-20,0.0,0.0,0.0,0.0,0.0,0.0,0.0,0.0,0.0,0.0,0.0,0.0,0.0,0.0,0.0,0.0,0.0,0.0,0.0,0.0,0.0,0.0,0.0,0.0,0.0,0.0,0.0,0.0,0.0,0.0,False,False
2011-10-21,0.0,0.0,0.0,0.0,0.0,0.0,0.0,0.0,0.0,0.0,0.0,0.0,0.0,0.0,0.0,0.0,0.0,0.0,0.0,0.0,0.0,0.0,0.0,0.0,0.0,0.0,0.0,0.0,0.0,0.0,False,False
2011-10-24,0.0,0.0,0.0,0.0,0.0,0.0,0.0,0.0,0.0,0.0,0.0,0.0,0.0,0.0,0.0,0.0,0.0,0.0,0.0,0.0,0.0,0.0,0.0,0.0,0.0,0.0,0.0,0.0,0.0,0.0,False,False
2011-10-25,0.0,0.0,0.0,0.0,0.0,0.0,0.0,0.0,0.0,0.0,0.0,0.0,0.0,0.0,0.0,0.0,0.0,0.0,0.0,0.0,0.0,0.0,0.0,0.0,0.0,0.0,0.0,0.0,0.0,0.0,False,False
2011-10-26,0.0,0.0,0.0,0.0,0.0,0.0,0.0,0.0,0.0,0.0,0.0,0.0,0.0,0.0,0.0,0.0,0.0,0.0,0.0,0.0,0.0,0.0,0.0,0.0,0.0,0.0,0.0,0.0,0.0,0.0,False,False
2011-10-27,0.0,0.0,0.0,0.0,0.0,0.0,0.0,0.0,0.0,0.0,0.0,0.0,0.0,0.0,0.0,0.0,0.0,0.0,0.0,0.0,0.0,0.0,0.0,0.0,0.0,0.0,0.0,0.0,0.0,0.0,False,False
2011-10-28,0.0,0.0,0.0,0.0,0.0,0.0,0.0,0.0,0.0,0.0,0.0,0.0,0.0,0.0,0.0,0.0,0.0,0.0,0.0,0.0,0.0,0.0,0.0,0.0,0.0,0.0,0.0,0.0,0.0,0.0,False,False
2011-10-31,0.0,0.0,0.0,0.0,0.0,0.0,0.0,0.0,0.0,0.0,0.0,0.0,0.0,0.0,0.0,0.0,0.0,0.0,0.0,0.0,0.0,0.0,0.0,0.0,0.0,0.0,0.0,0.0,0.0,0.0,False,False
2011-11-01,0.0,0.0,0.0,0.0,0.0,0.0,0.0,0.0,0.0,0.0,0.0,0.0,0.0,0.0,0.0,0.0,0.0,0.0,0.0,0.0,0.0,0.0,0.0,0.0,0.0,0.0,0.0,0.0,0.0,0.0,False,False
2011-11-02,0.0,0.0,0.0,0.0,0.0,0.0,0.0,0.0,0.0,0.0,0.0,0.0,0.0,0.0,0.0,0.0,0.0,0.0,0.0,0.0,0.0,0.0,0.0,0.0,0.0,0.0,0.0,0.0,0.0,0.0,False,False
2011-11-03,0.0,0.0,0.0,0.0,0.0,0.0,0.0,0.0,0.0,0.0,0.0,0.0,0.0,0.0,0.0,0.0,0.0,0.0,0.0,0.0,0.0,0.0,0.0,0.0,0.0,0.0,0.0,0.0,0.0,0.0,False,False
2011-11-04,0.0,0.0,0.0,0.0,0.0,0.0,0.0,0.0,0.0,0.0,0.0,0.0,0.0,0.0,0.0,0.0,0.0,0.0,0.0,0.0,0.0,0.0,0.0,0.0,0.0,0.0,0.0,0.0,0.0,0.0,False,False
2011-11-07,0.0,0.0,0.0,0.0,0.0,0.0,0.0,0.0,0.0,0.0,0.0,0.0,0.0,0.0,0.0,0.0,0.0,0.0,0.0,0.0,0.0,0.0,0.0,0.0,0.0,0.0,0.0,0.0,0.0,0.0,False,False
2011-11-08,0.0,0.0,0.0,0.0,0.0,0.0,0.0,0.0,0.0,0.0,0.0,0.0,0.0,0.0,0.0,0.0,0.0,0.0,0.0,0.0,0.0,0.0,0.0,0.0,0.0,0.0,0.0,0.0,0.0,0.0,False,False
2011-11-09,0.0,0.0,0.0,0.0,0.0,0.0,0.0,0.0,0.0,0.0,0.0,0.0,0.0,0.0,0.0,0.0,0.0,0.0,0.0,0.0,0.0,0.0,0.0,0.0,0.0,0.0,0.0,0.0,0.0,0.0,False,False
2011-11-10,0.0,0.0,0.0,0.0,0.0,0.0,0.0,0.0,0.0,0.0,0.0,0.0,0.0,0.0,0.0,0.0,0.0,0.0,0.0,0.0,0.0,0.0,0.0,0.0,0.0,0.0,0.0,0.0,0.0,0.0,False,False
2011-11-11,0.0,0.0,0.0,0.0,0.0,0.0,0.0,0.0,0.0,0.0,0.0,0.0,0.0,0.0,0.0,0.0,0.0,0.0,0.0,0.0,0.0,0.0,0.0,0.0,0.0,0.0,0.0,0.0,0.0,0.0,False,False
2011-11-14,0.0,0.0,0.0,0.0,0.0,0.0,0.0,0.0,0.0,0.0,0.0,0.0,0.0,0.0,0.0,0.0,0.0,0.0,0.0,0.0,0.0,0.0,0.0,0.0,0.0,0.0,0.0,0.0,0.0,0.0,False,False
2011-11-15,0.0,0.0,0.0,0.0,0.0,0.0,0.0,0.0,0.0,0.0,0.0,0.0,0.0,0.0,0.0,0.0,0.0,0.0,0.0,0.0,0.0,0.0,0.0,0.0,0.0,0.0,0.0,0.0,0.0,0.0,False,False
2011-11-16,0.0,0.0,0.0,0.0,0.0,0.0,0.0,0.0,0.0,0.0,0.0,0.0,0.0,0.0,0.0,0.0,0.0,0.0,0.0,0.0,0.0,0.0,0.0,0.0,0.0,0.0,0.0,0.0,0.0,0.0,False,False
2011-11-17,0.0,0.0,0.0,0.0,0.0,0.0,0.0,0.0,0.0,0.0,0.0,0.0,0.0,0.0,0.0,0.0,0.0,0.0,0.0,0.0,0.0,0.0,0.0,0.0,0.0,0.0,0.0,0.0,0.0,0.0,False,False
2011-11-18,0.0,0.0,0.0,0.0,0.0,0.0,0.0,0.0,0.0,0.0,0.0,0.0,0.0,0.0,0.0,0.0,0.0,0.0,0.0,0.0,0.0,0.0,0.0,0.0,0.0,0.0,0.0,0.0,0.0,0.0,False,False
2011-11-21,0.0,0.0,0.0,0.0,0.0,0.0,0.0,0.0,0.0,0.0,0.0,0.0,0.0,0.0,0.0,0.0,0.0,0.0,0.0,0.0,0.0,0.0,0.0,0.0,0.0,0.0,0.0,0.0,0.0,0.0,False,False
2011-11-22,0.0,0.0,0.0,0.0,0.0,0.0,0.0,0.0,0.0,0.0,0.0,0.0,0.0,0.0,0.0,0.0,0.0,0.0,0.0,0.0,0.0,0.0,0.0,0.0,0.0,0.0,0.0,0.0,0.0,0.0,False,False
2011-11-23,0.0,0.0,0.0,0.0,0.0,0.0,0.0,0.0,0.0,0.0,0.0,0.0,0.0,0.0,0.0,0.0,0.0,0.0,0.0,0.0,0.0,0.0,0.0,0.0,0.0,0.0,0.0,0.0,0.0,0.0,False,False
2011-11-25,0.0,0.0,0.0,0.0,0.0,0.0,0.0,0.0,0.0,0.0,0.0,0.0,0.0,0.0,0.0,0.0,0.0,0.0,0.0,0.0,0.0,0.0,0.0,0.0,0.0,0.0,0.0,0.0,0.0,0.0,False,False
2011-11-28,0.0,0.0,0.0,0.0,0.0,0.0,0.0,0.0,0.0,0.0,0.0,0.0,0.0,0.0,0.0,0.0,0.0,0.0,0.0,0.0,0.0,0.0,0.0,0.0,0.0,0.0,0.0,0.0,0.0,0.0,False,False
2011-11-29,0.0,0.0,0.0,0.0,0.0,0.0,0.0,0.0,0.0,0.0,0.0,0.0,0.0,0.0,0.0,0.0,0.0,0.0,0.0,0.0,0.0,0.0,0.0,0.0,0.0,0.0,0.0,0.0,0.0,0.0,False,False
2011-11-30,0.0,0.0,0.0,0.0,0.0,0.0,0.0,0.0,0.0,0.0,0.0,0.0,0.0,0.0,0.0,0.0,0.0,0.0,0.0,0.0,0.0,0.0,0.0,0.0,0.0,0.0,0.0,0.0,0.0,0.0,False,False
2011-12-01,0.0,0.0,0.0,0.0,0.0,0.0,0.0,0.0,0.0,0.0,0.0,0.0,0.0,0.0,0.0,0.0,0.0,0.0,0.0,0.0,0.0,0.0,0.0,0.0,0.0,0.0,0.0,0.0,0.0,0.0,False,False
2011-12-02,0.0,0.0,0.0,0.0,0.0,0.0,0.0,0.0,0.0,0.0,0.0,0.0,0.0,0.0,0.0,0.0,0.0,0.0,0.0,0.0,0.0,0.0,0.0,0.0,0.0,0.0,0.0,0.0,0.0,0.0,False,False
2011-12-05,0.0,0.0,0.0,0.0,0.0,0.0,0.0,0.0,0.0,0.0,0.0,0.0,0.0,0.0,0.0,0.0,0.0,0.0,0.0,0.0,0.0,0.0,0.0,0.0,0.0,0.0,0.0,0.0,0.0,0.0,False,False
2011-12-06,0.0,0.0,0.0,0.0,0.0,0.0,0.0,0.0,0.0,0.0,0.0,0.0,0.0,0.0,0.0,0.0,0.0,0.0,0.0,0.0,0.0,0.0,0.0,0.0,0.0,0.0,0.0,0.0,0.0,0.0,False,False
2011-12-07,0.0,0.0,0.0,0.0,0.0,0.0,0.0,0.0,0.0,0.0,0.0,0.0,0.0,0.0,0.0,0.0,0.0,0.0,0.0,0.0,0.0,0.0,0.0,0.0,0.0,0.0,0.0,0.0,0.0,0.0,False,False
2011-12-08,0.0,0.0,0.0,0.0,0.0,0.0,0.0,0.0,0.0,0.0,0.0,0.0,0.0,0.0,0.0,0.0,0.0,0.0,0.0,0.0,0.0,0.0,0.0,0.0,0.0,0.0,0.0,0.0,0.0,0.0,False,False
2011-12-09,0.0,0.0,0.0,0.0,0.0,0.0,0.0,0.0,0.0,0.0,0.0,0.0,0.0,0.0,0.0,0.0,0.0,0.0,0.0,0.0,0.0,0.0,0.0,0.0,0.0,0.0,0.0,0.0,0.0,0.0,False,False
2011-12-12,0.0,0.0,0.0,0.0,0.0,0.0,0.0,0.0,0.0,0.0,0.0,0.0,0.0,0.0,0.0,0.0,0.0,0.0,0.0,0.0,0.0,0.0,0.0,0.0,0.0,0.0,0.0,0.0,0.0,0.0,False,False
2011-12-13,0.0,0.0,0.0,0.0,0.0,0.0,0.0,0.0,0.0,0.0,0.0,0.0,0.0,0.0,0.0,0.0,0.0,0.0,0.0,0.0,0.0,0.0,0.0,0.0,0.0,0.0,0.0,0.0,0.0,0.0,False,False
2011-12-14,0.0,0.0,0.0,0.0,0.0,0.0,0.0,0.0,0.0,0.0,0.0,0.0,0.0,0.0,0.0,0.0,0.0,0.0,0.0,0.0,0.0,0.0,0.0,0.0,0.0,0.0,0.0,0.0,0.0,0.0,False,False
2011-12-15,0.0,0.0,0.0,0.0,0.0,0.0,0.0,0.0,0.0,0.0,0.0,0.0,0.0,0.0,0.0,0.0,0.0,0.0,0.0,0.0,0.0,0.0,0.0,0.0,0.0,0.0,0.0,0.0,0.0,0.0,False,False
2011-12-16,0.0,0.0,0.0,0.0,0.0,0.0,0.0,0.0,0.0,0.0,0.0,0.0,0.0,0.0,0.0,0.0,0.0,0.0,0.0,0.0,0.0,0.0,0.0,0.0,0.0,0.0,0.0,0.0,0.0,0.0,False,False
2011-12-19,0.0,0.0,0.0,0.0,0.0,0.0,0.0,0.0,0.0,0.0,0.0,0.0,0.0,0.0,0.0,0.0,0.0,0.0,0.0,0.0,0.0,0.0,0.0,0.0,0.0,0.0,0.0,0.0,0.0,0.0,False,False
2011-12-20,0.0,0.0,0.0,0.0,0.0,0.0,0.0,0.0,0.0,0.0,0.0,0.0,0.0,0.0,0.0,0.0,0.0,0.0,0.0,0.0,0.0,0.0,0.0,0.0,0.0,0.0,0.0,0.0,0.0,0.0,False,False
2011-12-21,0.0,0.0,0.0,0.0,0.0,0.0,0.0,0.0,0.0,0.0,0.0,0.0,0.0,0.0,0.0,0.0,0.0,0.0,0.0,0.0,0.0,0.0,0.0,0.0,0.0,0.0,0.0,0.0,0.0,0.0,False,False
2011-12-22,0.0,0.0,0.0,0.0,0.0,0.0,0.0,0.0,0.0,0.0,0.0,0.0,0.0,0.0,0.0,0.0,0.0,0.0,0.0,0.0,0.0,0.0,0.0,0.0,0.0,0.0,0.0,0.0,0.0,0.0,False,False
2011-12-23,0.0,0.0,0.0,0.0,0.0,0.0,0.0,0.0,0.0,0.0,0.0,0.0,0.0,0.0,0.0,0.0,0.0,0.0,0.0,0.0,0.0,0.0,0.0,0.0,0.0,0.0,0.0,0.0,0.0,0.0,False,False
2011-12-27,0.0,0.0,0.0,0.0,0.0,0.0,0.0,0.0,0.0,0.0,0.0,0.0,0.0,0.0,0.0,0.0,0.0,0.0,0.0,0.0,0.0,0.0,0.0,0.0,0.0,0.0,0.0,0.0,0.0,0.0,False,False
2011-12-28,0.0,0.0,0.0,0.0,0.0,0.0,0.0,0.0,0.0,0.0,0.0,0.0,0.0,0.0,0.0,0.0,0.0,0.0,0.0,0.0,0.0,0.0,0.0,0.0,0.0,0.0,0.0,0.0,0.0,0.0,False,False
2011-12-29,0.0,0.0,0.0,0.0,0.0,0.0,0.0,0.0,0.0,0.0,0.0,0.0,0.0,0.0,0.0,0.0,0.0,0.0,0.0,0.0,0.0,0.0,0.0,0.0,0.0,0.0,0.0,0.0,0.0,0.0,False,False
2011-12-30,0.0,0.0,0.0,0.0,0.0,0.0,0.0,0.0,0.0,0.0,0.0,0.0,0.0,0.0,0.0,0.0,0.0,0.0,0.0,0.0,0.0,0.0,0.0,0.0,0.0,0.0,0.0,0.0,0.0,0.0,False,False
2012-01-03,0.0,0.0,0.0,0.0,0.0,0.0,0.0,0.0,0.0,0.0,0.0,0.0,0.0,0.0,0.0,0.0,0.0,0.0,0.0,0.0,0.0,0.0,0.0,0.0,0.0,0.0,0.0,0.0,0.0,0.0,False,False
2012-01-04,0.0,0.0,0.0,0.0,0.0,0.0,0.0,0.0,0.0,0.0,0.0,0.0,0.0,0.0,0.0,0.0,0.0,0.0,0.0,0.0,0.0,0.0,0.0,0.0,0.0,0.0,0.0,0.0,0.0,0.0,False,False
2012-01-05,0.0,0.0,0.0,0.0,0.0,0.0,0.0,0.0,0.0,0.0,0.0,0.0,0.0,0.0,0.0,0.0,0.0,0.0,0.0,0.0,0.0,0.0,0.0,0.0,0.0,0.0,0.0,0.0,0.0,0.0,False,False
2012-01-06,0.0,0.0,0.0,0.0,0.0,0.0,0.0,0.0,0.0,0.0,0.0,0.0,0.0,0.0,0.0,0.0,0.0,0.0,0.0,0.0,0.0,0.0,0.0,0.0,0.0,0.0,0.0,0.0,0.0,0.0,False,False
2012-01-09,0.0,0.0,0.0,0.0,0.0,0.0,0.0,0.0,0.0,0.0,0.0,0.0,0.0,0.0,0.0,0.0,0.0,0.0,0.0,0.0,0.0,0.0,0.0,0.0,0.0,0.0,0.0,0.0,0.0,0.0,False,False
2012-01-10,0.0,0.0,0.0,0.0,0.0,0.0,0.0,0.0,0.0,0.0,0.0,0.0,0.0,0.0,0.0,0.0,0.0,0.0,0.0,0.0,0.0,0.0,0.0,0.0,0.0,0.0,0.0,0.0,0.0,0.0,False,False
2012-01-11,0.0,0.0,0.0,0.0,0.0,0.0,0.0,0.0,0.0,0.0,0.0,0.0,0.0,0.0,0.0,0.0,0.0,0.0,0.0,0.0,0.0,0.0,0.0,0.0,0.0,0.0,0.0,0.0,0.0,0.0,False,False
2012-01-12,0.0,0.0,0.0,0.0,0.0,0.0,0.0,0.0,0.0,0.0,0.0,0.0,0.0,0.0,0.0,0.0,0.0,0.0,0.0,0.0,0.0,0.0,0.0,0.0,0.0,0.0,0.0,0.0,0.0,0.0,False,False
2012-01-13,0.0,0.0,0.0,0.0,0.0,0.0,0.0,0.0,0.0,0.0,0.0,0.0,0.0,0.0,0.0,0.0,0.0,0.0,0.0,0.0,0.0,0.0,0.0,0.0,0.0,0.0,0.0,0.0,0.0,0.0,False,False
2012-01-17,0.0,0.0,0.0,0.0,0.0,0.0,0.0,0.0,0.0,0.0,0.0,0.0,0.0,0.0,0.0,0.0,0.0,0.0,0.0,0.0,0.0,0.0,0.0,0.0,0.0,0.0,0.0,0.0,0.0,0.0,False,False
2012-01-18,0.0,0.0,0.0,0.0,0.0,0.0,0.0,0.0,0.0,0.0,0.0,0.0,0.0,0.0,0.0,0.0,0.0,0.0,0.0,0.0,0.0,0.0,0.0,0.0,0.0,0.0,0.0,0.0,0.0,0.0,False,False
2012-01-19,0.0,0.0,0.0,0.0,0.0,0.0,0.0,0.0,0.0,0.0,0.0,0.0,0.0,0.0,0.0,0.0,0.0,0.0,0.0,0.0,0.0,0.0,0.0,0.0,0.0,0.0,0.0,0.0,0.0,0.0,False,False
2012-01-20,0.0,0.0,0.0,0.0,0.0,0.0,0.0,0.0,0.0,0.0,0.0,0.0,0.0,0.0,0.0,0.0,0.0,0.0,0.0,0.0,0.0,0.0,0.0,0.0,0.0,0.0,0.0,0.0,0.0,0.0,False,False
2012-01-23,0.0,0.0,0.0,0.0,0.0,0.0,0.0,0.0,0.0,0.0,0.0,0.0,0.0,0.0,0.0,0.0,0.0,0.0,0.0,0.0,0.0,0.0,0.0,0.0,0.0,0.0,0.0,0.0,0.0,0.0,False,False
2012-01-24,0.0,0.0,0.0,0.0,0.0,0.0,0.0,0.0,0.0,0.0,0.0,0.0,0.0,0.0,0.0,0.0,0.0,0.0,0.0,0.0,0.0,0.0,0.0,0.0,0.0,0.0,0.0,0.0,0.0,0.0,False,False
2012-01-25,0.0,0.0,0.0,0.0,0.0,0.0,0.0,0.0,0.0,0.0,0.0,0.0,0.0,0.0,0.0,0.0,0.0,0.0,0.0,0.0,0.0,0.0,0.0,0.0,0.0,0.0,0.0,0.0,0.0,0.0,False,False
2012-01-26,0.0,0.0,0.0,0.0,0.0,0.0,0.0,0.0,0.0,0.0,0.0,0.0,0.0,0.0,0.0,0.0,0.0,0.0,0.0,0.0,0.0,0.0,0.0,0.0,0.0,0.0,0.0,0.0,0.0,0.0,False,False
2012-01-27,0.0,0.0,0.0,0.0,0.0,0.0,0.0,0.0,0.0,0.0,0.0,0.0,0.0,0.0,0.0,0.0,0.0,0.0,0.0,0.0,0.0,0.0,0.0,0.0,0.0,0.0,0.0,0.0,0.0,0.0,False,False
2012-01-30,0.0,0.0,0.0,0.0,0.0,0.0,0.0,0.0,0.0,0.0,0.0,0.0,0.0,0.0,0.0,0.0,0.0,0.0,0.0,0.0,0.0,0.0,0.0,0.0,0.0,0.0,0.0,0.0,0.0,0.0,False,False
2012-01-31,0.0,0.0,0.0,0.0,0.0,0.0,0.0,0.0,0.0,0.0,0.0,0.0,0.0,0.0,0.0,0.0,0.0,0.0,0.0,0.0,0.0,0.0,0.0,0.0,0.0,0.0,0.0,0.0,0.0,0.0,False,False
2012-02-01,0.0,0.0,0.0,0.0,0.0,0.0,0.0,0.0,0.0,0.0,0.0,0.0,0.0,0.0,0.0,0.0,0.0,0.0,0.0,0.0,0.0,0.0,0.0,0.0,0.0,0.0,0.0,0.0,0.0,0.0,False,False
2012-02-02,0.0,0.0,0.0,0.0,0.0,0.0,0.0,0.0,0.0,0.0,0.0,0.0,0.0,0.0,0.0,0.0,0.0,0.0,0.0,0.0,0.0,0.0,0.0,0.0,0.0,0.0,0.0,0.0,0.0,0.0,False,False
2012-02-03,0.0,0.0,0.0,0.0,0.0,0.0,0.0,0.0,0.0,0.0,0.0,0.0,0.0,0.0,0.0,0.0,0.0,0.0,0.0,0.0,0.0,0.0,0.0,0.0,0.0,0.0,0.0,0.0,0.0,0.0,False,False
2012-02-06,0.0,0.0,0.0,0.0,0.0,0.0,0.0,0.0,0.0,0.0,0.0,0.0,0.0,0.0,0.0,0.0,0.0,0.0,0.0,0.0,0.0,0.0,0.0,0.0,0.0,0.0,0.0,0.0,0.0,0.0,False,False
2012-02-07,0.0,0.0,0.0,0.0,0.0,0.0,0.0,0.0,0.0,0.0,0.0,0.0,0.0,0.0,0.0,0.0,0.0,0.0,0.0,0.0,0.0,0.0,0.0,0.0,0.0,0.0,0.0,0.0,0.0,0.0,False,False
2012-02-08,0.0,0.0,0.0,0.0,0.0,0.0,0.0,0.0,0.0,0.0,0.0,0.0,0.0,0.0,0.0,0.0,0.0,0.0,0.0,0.0,0.0,0.0,0.0,0.0,0.0,0.0,0.0,0.0,0.0,0.0,False,False
2012-02-09,0.0,0.0,0.0,0.0,0.0,0.0,0.0,0.0,0.0,0.0,0.0,0.0,0.0,0.0,0.0,0.0,0.0,0.0,0.0,0.0,0.0,0.0,0.0,0.0,0.0,0.0,0.0,0.0,0.0,0.0,False,False
2012-02-10,0.0,0.0,0.0,0.0,0.0,0.0,0.0,0.0,0.0,0.0,0.0,0.0,0.0,0.0,0.0,0.0,0.0,0.0,0.0,0.0,0.0,0.0,0.0,0.0,0.0,0.0,0.0,0.0,0.0,0.0,False,False
2012-02-13,0.0,0.0,0.0,0.0,0.0,0.0,0.0,0.0,0.0,0.0,0.0,0.0,0.0,0.0,0.0,0.0,0.0,0.0,0.0,0.0,0.0,0.0,0.0,0.0,0.0,0.0,0.0,0.0,0.0,0.0,False,False
2012-02-14,0.0,0.0,0.0,0.0,0.0,0.0,0.0,0.0,0.0,0.0,0.0,0.0,0.0,0.0,0.0,0.0,0.0,0.0,0.0,0.0,0.0,0.0,0.0,0.0,0.0,0.0,0.0,0.0,0.0,0.0,False,False
2012-02-15,0.0,0.0,0.0,0.0,0.0,0.0,0.0,0.0,0.0,0.0,0.0,0.0,0.0,0.0,0.0,0.0,0.0,0.0,0.0,0.0,0.0,0.0,0.0,0.0,0.0,0.0,0.0,0.0,0.0,0.0,False,False
2012-02-16,0.0,0.0,0.0,0.0,0.0,0.0,0.0,0.0,0.0,0.0,0.0,0.0,0.0,0.0,0.0,0.0,0.0,0.0,0.0,0.0,0.0,0.0,0.0,0.0,0.0,0.0,0.0,0.0,0.0,0.0,False,False
2012-02-17,0.0,0.0,0.0,0.0,0.0,0.0,0.0,0.0,0.0,0.0,0.0,0.0,0.0,0.0,0.0,0.0,0.0,0.0,0.0,0.0,0.0,0.0,0.0,0.0,0.0,0.0,0.0,0.0,0.0,0.0,False,False
2012-02-21,0.0,0.0,0.0,0.0,0.0,0.0,0.0,0.0,0.0,0.0,0.0,0.0,0.0,0.0,0.0,0.0,0.0,0.0,0.0,0.0,0.0,0.0,0.0,0.0,0.0,0.0,0.0,0.0,0.0,0.0,False,False
2012-02-22,0.0,0.0,0.0,0.0,0.0,0.0,0.0,0.0,0.0,0.0,0.0,0.0,0.0,0.0,0.0,0.0,0.0,0.0,0.0,0.0,0.0,0.0,0.0,0.0,0.0,0.0,0.0,0.0,0.0,0.0,False,False
2012-02-23,0.0,0.0,0.0,0.0,0.0,0.0,0.0,0.0,0.0,0.0,0.0,0.0,0.0,0.0,0.0,0.0,0.0,0.0,0.0,0.0,0.0,0.0,0.0,0.0,0.0,0.0,0.0,0.0,0.0,0.0,False,False
2012-02-24,0.0,0.0,0.0,0.0,0.0,0.0,0.0,0.0,0.0,0.0,0.0,0.0,0.0,0.0,0.0,0.0,0.0,0.0,0.0,0.0,0.0,0.0,0.0,0.0,0.0,0.0,0.0,0.0,0.0,0.0,False,False
2012-02-27,0.0,0.0,0.0,0.0,0.0,0.0,0.0,0.0,0.0,0.0,0.0,0.0,0.0,0.0,0.0,0.0,0.0,0.0,0.0,0.0,0.0,0.0,0.0,0.0,0.0,0.0,0.0,0.0,0.0,0.0,False,False
2012-02-28,0.0,0.0,0.0,0.0,0.0,0.0,0.0,0.0,0.0,0.0,0.0,0.0,0.0,0.0,0.0,0.0,0.0,0.0,0.0,0.0,0.0,0.0,0.0,0.0,0.0,0.0,0.0,0.0,0.0,0.0,False,False
2012-02-29,0.0,0.0,0.0,0.0,0.0,0.0,0.0,0.0,0.0,0.0,0.0,0.0,0.0,0.0,0.0,0.0,0.0,0.0,0.0,0.0,0.0,0.0,0.0,0.0,0.0,0.0,0.0,0.0,0.0,0.0,False,False
2012-03-01,0.0,0.0,0.0,0.0,0.0,0.0,0.0,0.0,0.0,0.0,0.0,0.0,0.0,0.0,0.0,0.0,0.0,0.0,0.0,0.0,0.0,0.0,0.0,0.0,0.0,0.0,0.0,0.0,0.0,0.0,False,False
2012-03-02,0.0,0.0,0.0,0.0,0.0,0.0,0.0,0.0,0.0,0.0,0.0,0.0,0.0,0.0,0.0,0.0,0.0,0.0,0.0,0.0,0.0,0.0,0.0,0.0,0.0,0.0,0.0,0.0,0.0,0.0,False,False
2012-03-05,0.0,0.0,0.0,0.0,0.0,0.0,0.0,0.0,0.0,0.0,0.0,0.0,0.0,0.0,0.0,0.0,0.0,0.0,0.0,0.0,0.0,0.0,0.0,0.0,0.0,0.0,0.0,0.0,0.0,0.0,False,False
2012-03-06,0.0,0.0,0.0,0.0,0.0,0.0,0.0,0.0,0.0,0.0,0.0,0.0,0.0,0.0,0.0,0.0,0.0,0.0,0.0,0.0,0.0,0.0,0.0,0.0,0.0,0.0,0.0,0.0,0.0,0.0,False,False
2012-03-07,0.0,0.0,0.0,0.0,0.0,0.0,0.0,0.0,0.0,0.0,0.0,0.0,0.0,0.0,0.0,0.0,0.0,0.0,0.0,0.0,0.0,0.0,0.0,0.0,0.0,0.0,0.0,0.0,0.0,0.0,False,False
2012-03-08,0.0,0.0,0.0,0.0,0.0,0.0,0.0,0.0,0.0,0.0,0.0,0.0,0.0,0.0,0.0,0.0,0.0,0.0,0.0,0.0,0.0,0.0,0.0,0.0,0.0,0.0,0.0,0.0,0.0,0.0,False,False
2012-03-09,0.0,0.0,0.0,0.0,0.0,0.0,0.0,0.0,0.0,0.0,0.0,0.0,0.0,0.0,0.0,0.0,0.0,0.0,0.0,0.0,0.0,0.0,0.0,0.0,0.0,0.0,0.0,0.0,0.0,0.0,False,False
2012-03-12,0.0,0.0,0.0,0.0,0.0,0.0,0.0,0.0,0.0,0.0,0.0,0.0,0.0,0.0,0.0,0.0,0.0,0.0,0.0,0.0,0.0,0.0,0.0,0.0,0.0,0.0,0.0,0.0,0.0,0.0,False,False
2012-03-13,0.0,0.0,0.0,0.0,0.0,0.0,0.0,0.0,0.0,0.0,0.0,0.0,0.0,0.0,0.0,0.0,0.0,0.0,0.0,0.0,0.0,0.0,0.0,0.0,0.0,0.0,0.0,0.0,0.0,0.0,False,False
2012-03-14,0.0,0.0,0.0,0.0,0.0,0.0,0.0,0.0,0.0,0.0,0.0,0.0,0.0,0.0,0.0,0.0,0.0,0.0,0.0,0.0,0.0,0.0,0.0,0.0,0.0,0.0,0.0,0.0,0.0,0.0,False,False
2012-03-15,0.0,0.0,0.0,0.0,0.0,0.0,0.0,0.0,0.0,0.0,0.0,0.0,0.0,0.0,0.0,0.0,0.0,0.0,0.0,0.0,0.0,0.0,0.0,0.0,0.0,0.0,0.0,0.0,0.0,0.0,False,False
2012-03-16,0.0,0.0,0.0,0.0,0.0,0.0,0.0,0.0,0.0,0.0,0.0,0.0,0.0,0.0,0.0,0.0,0.0,0.0,0.0,0.0,0.0,0.0,0.0,0.0,0.0,0.0,0.0,0.0,0.0,0.0,False,False
2012-03-19,0.0,0.0,0.0,0.0,0.0,0.0,0.0,0.0,0.0,0.0,0.0,0.0,0.0,0.0,0.0,0.0,0.0,0.0,0.0,0.0,0.0,0.0,0.0,0.0,0.0,0.0,0.0,0.0,0.0,0.0,False,False
2012-03-20,0.0,0.0,0.0,0.0,0.0,0.0,0.0,0.0,0.0,0.0,0.0,0.0,0.0,0.0,0.0,0.0,0.0,0.0,0.0,0.0,0.0,0.0,0.0,0.0,0.0,0.0,0.0,0.0,0.0,0.0,False,False
2012-03-21,0.0,0.0,0.0,0.0,0.0,0.0,0.0,0.0,0.0,0.0,0.0,0.0,0.0,0.0,0.0,0.0,0.0,0.0,0.0,0.0,0.0,0.0,0.0,0.0,0.0,0.0,0.0,0.0,0.0,0.0,False,False
2012-03-22,0.0,0.0,0.0,0.0,0.0,0.0,0.0,0.0,0.0,0.0,0.0,0.0,0.0,0.0,0.0,0.0,0.0,0.0,0.0,0.0,0.0,0.0,0.0,0.0,0.0,0.0,0.0,0.0,0.0,0.0,False,False
2012-03-23,0.0,0.0,0.0,0.0,0.0,0.0,0.0,0.0,0.0,0.0,0.0,0.0,0.0,0.0,0.0,0.0,0.0,0.0,0.0,0.0,0.0,0.0,0.0,0.0,0.0,0.0,0.0,0.0,0.0,0.0,False,False
2012-03-26,0.0,0.0,0.0,0.0,0.0,0.0,0.0,0.0,0.0,0.0,0.0,0.0,0.0,0.0,0.0,0.0,0.0,0.0,0.0,0.0,0.0,0.0,0.0,0.0,0.0,0.0,0.0,0.0,0.0,0.0,False,False
2012-03-27,0.0,0.0,0.0,0.0,0.0,0.0,0.0,0.0,0.0,0.0,0.0,0.0,0.0,0.0,0.0,0.0,0.0,0.0,0.0,0.0,0.0,0.0,0.0,0.0,0.0,0.0,0.0,0.0,0.0,0.0,False,False
2012-03-28,0.0,0.0,0.0,0.0,0.0,0.0,0.0,0.0,0.0,0.0,0.0,0.0,0.0,0.0,0.0,0.0,0.0,0.0,0.0,0.0,0.0,0.0,0.0,0.0,0.0,0.0,0.0,0.0,0.0,0.0,False,False
2012-03-29,0.0,0.0,0.0,0.0,0.0,0.0,0.0,0.0,0.0,0.0,0.0,0.0,0.0,0.0,0.0,0.0,0.0,0.0,0.0,0.0,0.0,0.0,0.0,0.0,0.0,0.0,0.0,0.0,0.0,0.0,False,False
2012-03-30,0.0,0.0,0.0,0.0,0.0,0.0,0.0,0.0,0.0,0.0,0.0,0.0,0.0,0.0,0.0,0.0,0.0,0.0,0.0,0.0,0.0,0.0,0.0,0.0,0.0,0.0,0.0,0.0,0.0,0.0,False,False
2012-04-02,0.0,0.0,0.0,0.0,0.0,0.0,0.0,0.0,0.0,0.0,0.0,0.0,0.0,0.0,0.0,0.0,0.0,0.0,0.0,0.0,0.0,0.0,0.0,0.0,0.0,0.0,0.0,0.0,0.0,0.0,False,False
2012-04-03,0.0,0.0,0.0,0.0,0.0,0.0,0.0,0.0,0.0,0.0,0.0,0.0,0.0,0.0,0.0,0.0,0.0,0.0,0.0,0.0,0.0,0.0,0.0,0.0,0.0,0.0,0.0,0.0,0.0,0.0,False,False
2012-04-04,0.0,0.0,0.0,0.0,0.0,0.0,0.0,0.0,0.0,0.0,0.0,0.0,0.0,0.0,0.0,0.0,0.0,0.0,0.0,0.0,0.0,0.0,0.0,0.0,0.0,0.0,0.0,0.0,0.0,0.0,False,False
2012-04-05,0.0,0.0,0.0,0.0,0.0,0.0,0.0,0.0,0.0,0.0,0.0,0.0,0.0,0.0,0.0,0.0,0.0,0.0,0.0,0.0,0.0,0.0,0.0,0.0,0.0,0.0,0.0,0.0,0.0,0.0,False,False
2012-04-09,0.0,0.0,0.0,0.0,0.0,0.0,0.0,0.0,0.0,0.0,0.0,0.0,0.0,0.0,0.0,0.0,0.0,0.0,0.0,0.0,0.0,0.0,0.0,0.0,0.0,0.0,0.0,0.0,0.0,0.0,False,False
2012-04-10,0.0,0.0,0.0,0.0,0.0,0.0,0.0,0.0,0.0,0.0,0.0,0.0,0.0,0.0,0.0,0.0,0.0,0.0,0.0,0.0,0.0,0.0,0.0,0.0,0.0,0.0,0.0,0.0,0.0,0.0,False,False
2012-04-11,0.0,0.0,0.0,0.0,0.0,0.0,0.0,0.0,0.0,0.0,0.0,0.0,0.0,0.0,0.0,0.0,0.0,0.0,0.0,0.0,0.0,0.0,0.0,0.0,0.0,0.0,0.0,0.0,0.0,0.0,False,False
2012-04-12,0.0,0.0,0.0,0.0,0.0,0.0,0.0,0.0,0.0,0.0,0.0,0.0,0.0,0.0,0.0,0.0,0.0,0.0,0.0,0.0,0.0,0.0,0.0,0.0,0.0,0.0,0.0,0.0,0.0,0.0,False,False
2012-04-13,0.0,0.0,0.0,0.0,0.0,0.0,0.0,0.0,0.0,0.0,0.0,0.0,0.0,0.0,0.0,0.0,0.0,0.0,0.0,0.0,0.0,0.0,0.0,0.0,0.0,0.0,0.0,0.0,0.0,0.0,False,False
2012-04-16,0.0,0.0,0.0,0.0,0.0,0.0,0.0,0.0,0.0,0.0,0.0,0.0,0.0,0.0,0.0,0.0,0.0,0.0,0.0,0.0,0.0,0.0,0.0,0.0,0.0,0.0,0.0,0.0,0.0,0.0,False,False
2012-04-17,0.0,0.0,0.0,0.0,0.0,0.0,0.0,0.0,0.0,0.0,0.0,0.0,0.0,0.0,0.0,0.0,0.0,0.0,0.0,0.0,0.0,0.0,0.0,0.0,0.0,0.0,0.0,0.0,0.0,0.0,False,False
2012-04-18,0.0,0.0,0.0,0.0,0.0,0.0,0.0,0.0,0.0,0.0,0.0,0.0,0.0,0.0,0.0,0.0,0.0,0.0,0.0,0.0,0.0,0.0,0.0,0.0,0.0,0.0,0.0,0.0,0.0,0.0,False,False
2012-04-19,0.0,0.0,0.0,0.0,0.0,0.0,0.0,0.0,0.0,0.0,0.0,0.0,0.0,0.0,0.0,0.0,0.0,0.0,0.0,0.0,0.0,0.0,0.0,0.0,0.0,0.0,0.0,0.0,0.0,0.0,False,False
2012-04-20,0.0,0.0,0.0,0.0,0.0,0.0,0.0,0.0,0.0,0.0,0.0,0.0,0.0,0.0,0.0,0.0,0.0,0.0,0.0,0.0,0.0,0.0,0.0,0.0,0.0,0.0,0.0,0.0,0.0,0.0,False,False
2012-04-23,0.0,0.0,0.0,0.0,0.0,0.0,0.0,0.0,0.0,0.0,0.0,0.0,0.0,0.0,0.0,0.0,0.0,0.0,0.0,0.0,0.0,0.0,0.0,0.0,0.0,0.0,0.0,0.0,0.0,0.0,False,False
2012-04-24,0.0,0.0,0.0,0.0,0.0,0.0,0.0,0.0,0.0,0.0,0.0,0.0,0.0,0.0,0.0,0.0,0.0,0.0,0.0,0.0,0.0,0.0,0.0,0.0,0.0,0.0,0.0,0.0,0.0,0.0,False,False
2012-04-25,0.0,0.0,0.0,0.0,0.0,0.0,0.0,0.0,0.0,0.0,0.0,0.0,0.0,0.0,0.0,0.0,0.0,0.0,0.0,0.0,0.0,0.0,0.0,0.0,0.0,0.0,0.0,0.0,0.0,0.0,False,False
2012-04-26,0.0,0.0,0.0,0.0,0.0,0.0,0.0,0.0,0.0,0.0,0.0,0.0,0.0,0.0,0.0,0.0,0.0,0.0,0.0,0.0,0.0,0.0,0.0,0.0,0.0,0.0,0.0,0.0,0.0,0.0,False,False
2012-04-27,0.0,0.0,0.0,0.0,0.0,0.0,0.0,0.0,0.0,0.0,0.0,0.0,0.0,0.0,0.0,0.0,0.0,0.0,0.0,0.0,0.0,0.0,0.0,0.0,0.0,0.0,0.0,0.0,0.0,0.0,False,False
2012-04-30,0.0,0.0,0.0,0.0,0.0,0.0,0.0,0.0,0.0,0.0,0.0,0.0,0.0,0.0,0.0,0.0,0.0,0.0,0.0,0.0,0.0,0.0,0.0,0.0,0.0,0.0,0.0,0.0,0.0,0.0,False,False
2012-05-01,0.0,0.0,0.0,0.0,0.0,0.0,0.0,0.0,0.0,0.0,0.0,0.0,0.0,0.0,0.0,0.0,0.0,0.0,0.0,0.0,0.0,0.0,0.0,0.0,0.0,0.0,0.0,0.0,0.0,0.0,False,False
2012-05-02,0.0,0.0,0.0,0.0,0.0,0.0,0.0,0.0,0.0,0.0,0.0,0.0,0.0,0.0,0.0,0.0,0.0,0.0,0.0,0.0,0.0,0.0,0.0,0.0,0.0,0.0,0.0,0.0,0.0,0.0,False,False
2012-05-03,0.0,0.0,0.0,0.0,0.0,0.0,0.0,0.0,0.0,0.0,0.0,0.0,0.0,0.0,0.0,0.0,0.0,0.0,0.0,0.0,0.0,0.0,0.0,0.0,0.0,0.0,0.0,0.0,0.0,0.0,False,False
2012-05-04,0.0,0.0,0.0,0.0,0.0,0.0,0.0,0.0,0.0,0.0,0.0,0.0,0.0,0.0,0.0,0.0,0.0,0.0,0.0,0.0,0.0,0.0,0.0,0.0,0.0,0.0,0.0,0.0,0.0,0.0,False,False
2012-05-07,0.0,0.0,0.0,0.0,0.0,0.0,0.0,0.0,0.0,0.0,0.0,0.0,0.0,0.0,0.0,0.0,0.0,0.0,0.0,0.0,0.0,0.0,0.0,0.0,0.0,0.0,0.0,0.0,0.0,0.0,False,False
2012-05-08,0.0,0.0,0.0,0.0,0.0,0.0,0.0,0.0,0.0,0.0,0.0,0.0,0.0,0.0,0.0,0.0,0.0,0.0,0.0,0.0,0.0,0.0,0.0,0.0,0.0,0.0,0.0,0.0,0.0,0.0,False,False
2012-05-09,0.0,0.0,0.0,0.0,0.0,0.0,0.0,0.0,0.0,0.0,0.0,0.0,0.0,0.0,0.0,0.0,0.0,0.0,0.0,0.0,0.0,0.0,0.0,0.0,0.0,0.0,0.0,0.0,0.0,0.0,False,False
2012-05-10,0.0,0.0,0.0,0.0,0.0,0.0,0.0,0.0,0.0,0.0,0.0,0.0,0.0,0.0,0.0,0.0,0.0,0.0,0.0,0.0,0.0,0.0,0.0,0.0,0.0,0.0,0.0,0.0,0.0,0.0,False,False
2012-05-11,0.0,0.0,0.0,0.0,0.0,0.0,0.0,0.0,0.0,0.0,0.0,0.0,0.0,0.0,0.0,0.0,0.0,0.0,0.0,0.0,0.0,0.0,0.0,0.0,0.0,0.0,0.0,0.0,0.0,0.0,False,False
2012-05-14,0.0,0.0,0.0,0.0,0.0,0.0,0.0,0.0,0.0,0.0,0.0,0.0,0.0,0.0,0.0,0.0,0.0,0.0,0.0,0.0,0.0,0.0,0.0,0.0,0.0,0.0,0.0,0.0,0.0,0.0,False,False
2012-05-15,0.0,0.0,0.0,0.0,0.0,0.0,0.0,0.0,0.0,0.0,0.0,0.0,0.0,0.0,0.0,0.0,0.0,0.0,0.0,0.0,0.0,0.0,0.0,0.0,0.0,0.0,0.0,0.0,0.0,0.0,False,False
2012-05-16,0.0,0.0,0.0,0.0,0.0,0.0,0.0,0.0,0.0,0.0,0.0,0.0,0.0,0.0,0.0,0.0,0.0,0.0,0.0,0.0,0.0,0.0,0.0,0.0,0.0,0.0,0.0,0.0,0.0,0.0,False,False
2012-05-17,0.0,0.0,0.0,0.0,0.0,0.0,0.0,0.0,0.0,0.0,0.0,0.0,0.0,0.0,0.0,0.0,0.0,0.0,0.0,0.0,0.0,0.0,0.0,0.0,0.0,0.0,0.0,0.0,0.0,0.0,False,False
2012-05-18,0.0,0.0,0.0,0.0,0.0,0.0,0.0,0.0,0.0,0.0,0.0,0.0,0.0,0.0,0.0,0.0,0.0,0.0,0.0,0.0,0.0,0.0,0.0,0.0,0.0,0.0,0.0,0.0,0.0,0.0,False,False
2012-05-21,0.0,0.0,0.0,0.0,0.0,0.0,0.0,0.0,0.0,0.0,0.0,0.0,0.0,0.0,0.0,0.0,0.0,0.0,0.0,0.0,0.0,0.0,0.0,0.0,0.0,0.0,0.0,0.0,0.0,0.0,False,False
2012-05-22,0.0,0.0,0.0,0.0,0.0,0.0,0.0,0.0,0.0,0.0,0.0,0.0,0.0,0.0,0.0,0.0,0.0,0.0,0.0,0.0,0.0,0.0,0.0,0.0,0.0,0.0,0.0,0.0,0.0,0.0,False,False
2012-05-23,0.0,0.0,0.0,0.0,0.0,0.0,0.0,0.0,0.0,0.0,0.0,0.0,0.0,0.0,0.0,0.0,0.0,0.0,0.0,0.0,0.0,0.0,0.0,0.0,0.0,0.0,0.0,0.0,0.0,0.0,False,False
2012-05-24,0.0,0.0,0.0,0.0,0.0,0.0,0.0,0.0,0.0,0.0,0.0,0.0,0.0,0.0,0.0,0.0,0.0,0.0,0.0,0.0,0.0,0.0,0.0,0.0,0.0,0.0,0.0,0.0,0.0,0.0,False,False
2012-05-25,0.0,0.0,0.0,0.0,0.0,0.0,0.0,0.0,0.0,0.0,0.0,0.0,0.0,0.0,0.0,0.0,0.0,0.0,0.0,0.0,0.0,0.0,0.0,0.0,0.0,0.0,0.0,0.0,0.0,0.0,False,False
2012-05-29,0.0,0.0,0.0,0.0,0.0,0.0,0.0,0.0,0.0,0.0,0.0,0.0,0.0,0.0,0.0,0.0,0.0,0.0,0.0,0.0,0.0,0.0,0.0,0.0,0.0,0.0,0.0,0.0,0.0,0.0,False,False
2012-05-30,0.0,0.0,0.0,0.0,0.0,0.0,0.0,0.0,0.0,0.0,0.0,0.0,0.0,0.0,0.0,0.0,0.0,0.0,0.0,0.0,0.0,0.0,0.0,0.0,0.0,0.0,0.0,0.0,0.0,0.0,False,False
2012-05-31,0.0,0.0,0.0,0.0,0.0,0.0,0.0,0.0,0.0,0.0,0.0,0.0,0.0,0.0,0.0,0.0,0.0,0.0,0.0,0.0,0.0,0.0,0.0,0.0,0.0,0.0,0.0,0.0,0.0,0.0,False,False
2012-06-01,0.0,0.0,0.0,0.0,0.0,0.0,0.0,0.0,0.0,0.0,0.0,0.0,0.0,0.0,0.0,0.0,0.0,0.0,0.0,0.0,0.0,0.0,0.0,0.0,0.0,0.0,0.0,0.0,0.0,0.0,False,False
2012-06-04,0.0,0.0,0.0,0.0,0.0,0.0,0.0,0.0,0.0,0.0,0.0,0.0,0.0,0.0,0.0,0.0,0.0,0.0,0.0,0.0,0.0,0.0,0.0,0.0,0.0,0.0,0.0,0.0,0.0,0.0,False,False
2012-06-05,0.0,0.0,0.0,0.0,0.0,0.0,0.0,0.0,0.0,0.0,0.0,0.0,0.0,0.0,0.0,0.0,0.0,0.0,0.0,0.0,0.0,0.0,0.0,0.0,0.0,0.0,0.0,0.0,0.0,0.0,False,False
2012-06-06,0.0,0.0,0.0,0.0,0.0,0.0,0.0,0.0,0.0,0.0,0.0,0.0,0.0,0.0,0.0,0.0,0.0,0.0,0.0,0.0,0.0,0.0,0.0,0.0,0.0,0.0,0.0,0.0,0.0,0.0,False,False
2012-06-07,0.0,0.0,0.0,0.0,0.0,0.0,0.0,0.0,0.0,0.0,0.0,0.0,0.0,0.0,0.0,0.0,0.0,0.0,0.0,0.0,0.0,0.0,0.0,0.0,0.0,0.0,0.0,0.0,0.0,0.0,False,False
2012-06-08,0.0,0.0,0.0,0.0,0.0,0.0,0.0,0.0,0.0,0.0,0.0,0.0,0.0,0.0,0.0,0.0,0.0,0.0,0.0,0.0,0.0,0.0,0.0,0.0,0.0,0.0,0.0,0.0,0.0,0.0,False,False
2012-06-11,0.0,0.0,0.0,0.0,0.0,0.0,0.0,0.0,0.0,0.0,0.0,0.0,0.0,0.0,0.0,0.0,0.0,0.0,0.0,0.0,0.0,0.0,0.0,0.0,0.0,0.0,0.0,0.0,0.0,0.0,False,False
2012-06-12,0.0,0.0,0.0,0.0,0.0,0.0,0.0,0.0,0.0,0.0,0.0,0.0,0.0,0.0,0.0,0.0,0.0,0.0,0.0,0.0,0.0,0.0,0.0,0.0,0.0,0.0,0.0,0.0,0.0,0.0,False,False
2012-06-13,0.0,0.0,0.0,0.0,0.0,0.0,0.0,0.0,0.0,0.0,0.0,0.0,0.0,0.0,0.0,0.0,0.0,0.0,0.0,0.0,0.0,0.0,0.0,0.0,0.0,0.0,0.0,0.0,0.0,0.0,False,False
2012-06-14,0.0,0.0,0.0,0.0,0.0,0.0,0.0,0.0,0.0,0.0,0.0,0.0,0.0,0.0,0.0,0.0,0.0,0.0,0.0,0.0,0.0,0.0,0.0,0.0,0.0,0.0,0.0,0.0,0.0,0.0,False,False
2012-06-15,0.0,0.0,0.0,0.0,0.0,0.0,0.0,0.0,0.0,0.0,0.0,0.0,0.0,0.0,0.0,0.0,0.0,0.0,0.0,0.0,0.0,0.0,0.0,0.0,0.0,0.0,0.0,0.0,0.0,0.0,False,False
2012-06-18,0.0,0.0,0.0,0.0,0.0,0.0,0.0,0.0,0.0,0.0,0.0,0.0,0.0,0.0,0.0,0.0,0.0,0.0,0.0,0.0,0.0,0.0,0.0,0.0,0.0,0.0,0.0,0.0,0.0,0.0,False,False
2012-06-19,0.0,0.0,0.0,0.0,0.0,0.0,0.0,0.0,0.0,0.0,0.0,0.0,0.0,0.0,0.0,0.0,0.0,0.0,0.0,0.0,0.0,0.0,0.0,0.0,0.0,0.0,0.0,0.0,0.0,0.0,False,False
2012-06-20,0.0,0.0,0.0,0.0,0.0,0.0,0.0,0.0,0.0,0.0,0.0,0.0,0.0,0.0,0.0,0.0,0.0,0.0,0.0,0.0,0.0,0.0,0.0,0.0,0.0,0.0,0.0,0.0,0.0,0.0,False,False
2012-06-21,0.0,0.0,0.0,0.0,0.0,0.0,0.0,0.0,0.0,0.0,0.0,0.0,0.0,0.0,0.0,0.0,0.0,0.0,0.0,0.0,0.0,0.0,0.0,0.0,0.0,0.0,0.0,0.0,0.0,0.0,False,False
2012-06-22,0.0,0.0,0.0,0.0,0.0,0.0,0.0,0.0,0.0,0.0,0.0,0.0,0.0,0.0,0.0,0.0,0.0,0.0,0.0,0.0,0.0,0.0,0.0,0.0,0.0,0.0,0.0,0.0,0.0,0.0,False,False
2012-06-25,0.0,0.0,0.0,0.0,0.0,0.0,0.0,0.0,0.0,0.0,0.0,0.0,0.0,0.0,0.0,0.0,0.0,0.0,0.0,0.0,0.0,0.0,0.0,0.0,0.0,0.0,0.0,0.0,0.0,0.0,False,False
2012-06-26,0.0,0.0,0.0,0.0,0.0,0.0,0.0,0.0,0.0,0.0,0.0,0.0,0.0,0.0,0.0,0.0,0.0,0.0,0.0,0.0,0.0,0.0,0.0,0.0,0.0,0.0,0.0,0.0,0.0,0.0,False,False
2012-06-27,0.0,0.0,0.0,0.0,0.0,0.0,0.0,0.0,0.0,0.0,0.0,0.0,0.0,0.0,0.0,0.0,0.0,0.0,0.0,0.0,0.0,0.0,0.0,0.0,0.0,0.0,0.0,0.0,0.0,0.0,False,False
2012-06-28,0.0,0.0,0.0,0.0,0.0,0.0,0.0,0.0,0.0,0.0,0.0,0.0,0.0,0.0,0.0,0.0,0.0,0.0,0.0,0.0,0.0,0.0,0.0,0.0,0.0,0.0,0.0,0.0,0.0,0.0,False,False
2012-06-29,0.0,0.0,0.0,0.0,0.0,0.0,0.0,0.0,0.0,0.0,0.0,0.0,0.0,0.0,0.0,0.0,0.0,0.0,0.0,0.0,0.0,0.0,0.0,0.0,0.0,0.0,0.0,0.0,0.0,0.0,False,False
2012-07-02,0.0,0.0,0.0,0.0,0.0,0.0,0.0,0.0,0.0,0.0,0.0,0.0,0.0,0.0,0.0,0.0,0.0,0.0,0.0,0.0,0.0,0.0,0.0,0.0,0.0,0.0,0.0,0.0,0.0,0.0,False,False
2012-07-03,0.0,0.0,0.0,0.0,0.0,0.0,0.0,0.0,0.0,0.0,0.0,0.0,0.0,0.0,0.0,0.0,0.0,0.0,0.0,0.0,0.0,0.0,0.0,0.0,0.0,0.0,0.0,0.0,0.0,0.0,False,False
2012-07-05,0.0,0.0,0.0,0.0,0.0,0.0,0.0,0.0,0.0,0.0,0.0,0.0,0.0,0.0,0.0,0.0,0.0,0.0,0.0,0.0,0.0,0.0,0.0,0.0,0.0,0.0,0.0,0.0,0.0,0.0,False,False
2012-07-06,0.0,0.0,0.0,0.0,0.0,0.0,0.0,0.0,0.0,0.0,0.0,0.0,0.0,0.0,0.0,0.0,0.0,0.0,0.0,0.0,0.0,0.0,0.0,0.0,0.0,0.0,0.0,0.0,0.0,0.0,False,False
2012-07-09,0.0,0.0,0.0,0.0,0.0,0.0,0.0,0.0,0.0,0.0,0.0,0.0,0.0,0.0,0.0,0.0,0.0,0.0,0.0,0.0,0.0,0.0,0.0,0.0,0.0,0.0,0.0,0.0,0.0,0.0,False,False
2012-07-10,0.0,0.0,0.0,0.0,0.0,0.0,0.0,0.0,0.0,0.0,0.0,0.0,0.0,0.0,0.0,0.0,0.0,0.0,0.0,0.0,0.0,0.0,0.0,0.0,0.0,0.0,0.0,0.0,0.0,0.0,False,False
2012-07-11,0.0,0.0,0.0,0.0,0.0,0.0,0.0,0.0,0.0,0.0,0.0,0.0,0.0,0.0,0.0,0.0,0.0,0.0,0.0,0.0,0.0,0.0,0.0,0.0,0.0,0.0,0.0,0.0,0.0,0.0,False,False
2012-07-12,0.0,0.0,0.0,0.0,0.0,0.0,0.0,0.0,0.0,0.0,0.0,0.0,0.0,0.0,0.0,0.0,0.0,0.0,0.0,0.0,0.0,0.0,0.0,0.0,0.0,0.0,0.0,0.0,0.0,0.0,False,False
2012-07-13,0.0,0.0,0.0,0.0,0.0,0.0,0.0,0.0,0.0,0.0,0.0,0.0,0.0,0.0,0.0,0.0,0.0,0.0,0.0,0.0,0.0,0.0,0.0,0.0,0.0,0.0,0.0,0.0,0.0,0.0,False,False
2012-07-16,0.0,0.0,0.0,0.0,0.0,0.0,0.0,0.0,0.0,0.0,0.0,0.0,0.0,0.0,0.0,0.0,0.0,0.0,0.0,0.0,0.0,0.0,0.0,0.0,0.0,0.0,0.0,0.0,0.0,0.0,False,False
2012-07-17,0.0,0.0,0.0,0.0,0.0,0.0,0.0,0.0,0.0,0.0,0.0,0.0,0.0,0.0,0.0,0.0,0.0,0.0,0.0,0.0,0.0,0.0,0.0,0.0,0.0,0.0,0.0,0.0,0.0,0.0,False,False
2012-07-18,0.0,0.0,0.0,0.0,0.0,0.0,0.0,0.0,0.0,0.0,0.0,0.0,0.0,0.0,0.0,0.0,0.0,0.0,0.0,0.0,0.0,0.0,0.0,0.0,0.0,0.0,0.0,0.0,0.0,0.0,False,False
2012-07-19,0.0,0.0,0.0,0.0,0.0,0.0,0.0,0.0,0.0,0.0,0.0,0.0,0.0,0.0,0.0,0.0,0.0,0.0,0.0,0.0,0.0,0.0,0.0,0.0,0.0,0.0,0.0,0.0,0.0,0.0,False,False
2012-07-20,0.0,0.0,0.0,0.0,0.0,0.0,0.0,0.0,0.0,0.0,0.0,0.0,0.0,0.0,0.0,0.0,0.0,0.0,0.0,0.0,0.0,0.0,0.0,0.0,0.0,0.0,0.0,0.0,0.0,0.0,False,False
2012-07-23,0.0,0.0,0.0,0.0,0.0,0.0,0.0,0.0,0.0,0.0,0.0,0.0,0.0,0.0,0.0,0.0,0.0,0.0,0.0,0.0,0.0,0.0,0.0,0.0,0.0,0.0,0.0,0.0,0.0,0.0,False,False
2012-07-24,0.0,0.0,0.0,0.0,0.0,0.0,0.0,0.0,0.0,0.0,0.0,0.0,0.0,0.0,0.0,0.0,0.0,0.0,0.0,0.0,0.0,0.0,0.0,0.0,0.0,0.0,0.0,0.0,0.0,0.0,False,False
2012-07-25,0.0,0.0,0.0,0.0,0.0,0.0,0.0,0.0,0.0,0.0,0.0,0.0,0.0,0.0,0.0,0.0,0.0,0.0,0.0,0.0,0.0,0.0,0.0,0.0,0.0,0.0,0.0,0.0,0.0,0.0,False,False
2012-07-26,0.0,0.0,0.0,0.0,0.0,0.0,0.0,0.0,0.0,0.0,0.0,0.0,0.0,0.0,0.0,0.0,0.0,0.0,0.0,0.0,0.0,0.0,0.0,0.0,0.0,0.0,0.0,0.0,0.0,0.0,False,False
2012-07-27,0.0,0.0,0.0,0.0,0.0,0.0,0.0,0.0,0.0,0.0,0.0,0.0,0.0,0.0,0.0,0.0,0.0,0.0,0.0,0.0,0.0,0.0,0.0,0.0,0.0,0.0,0.0,0.0,0.0,0.0,False,False
2012-07-30,0.0,0.0,0.0,0.0,0.0,0.0,0.0,0.0,0.0,0.0,0.0,0.0,0.0,0.0,0.0,0.0,0.0,0.0,0.0,0.0,0.0,0.0,0.0,0.0,0.0,0.0,0.0,0.0,0.0,0.0,False,False
2012-07-31,0.0,0.0,0.0,0.0,0.0,0.0,0.0,0.0,0.0,0.0,0.0,0.0,0.0,0.0,0.0,0.0,0.0,0.0,0.0,0.0,0.0,0.0,0.0,0.0,0.0,0.0,0.0,0.0,0.0,0.0,False,False
2012-08-01,0.0,0.0,0.0,0.0,0.0,0.0,0.0,0.0,0.0,0.0,0.0,0.0,0.0,0.0,0.0,0.0,0.0,0.0,0.0,0.0,0.0,0.0,0.0,0.0,0.0,0.0,0.0,0.0,0.0,0.0,False,False
2012-08-02,0.0,0.0,0.0,0.0,0.0,0.0,0.0,0.0,0.0,0.0,0.0,0.0,0.0,0.0,0.0,0.0,0.0,0.0,0.0,0.0,0.0,0.0,0.0,0.0,0.0,0.0,0.0,0.0,0.0,0.0,False,False
2012-08-03,0.0,0.0,0.0,0.0,0.0,0.0,0.0,0.0,0.0,0.0,0.0,0.0,0.0,0.0,0.0,0.0,0.0,0.0,0.0,0.0,0.0,0.0,0.0,0.0,0.0,0.0,0.0,0.0,0.0,0.0,False,False
2012-08-06,0.0,0.0,0.0,0.0,0.0,0.0,0.0,0.0,0.0,0.0,0.0,0.0,0.0,0.0,0.0,0.0,0.0,0.0,0.0,0.0,0.0,0.0,0.0,0.0,0.0,0.0,0.0,0.0,0.0,0.0,False,False
2012-08-07,0.0,0.0,0.0,0.0,0.0,0.0,0.0,0.0,0.0,0.0,0.0,0.0,0.0,0.0,0.0,0.0,0.0,0.0,0.0,0.0,0.0,0.0,0.0,0.0,0.0,0.0,0.0,0.0,0.0,0.0,False,False
2012-08-08,0.0,0.0,0.0,0.0,0.0,0.0,0.0,0.0,0.0,0.0,0.0,0.0,0.0,0.0,0.0,0.0,0.0,0.0,0.0,0.0,0.0,0.0,0.0,0.0,0.0,0.0,0.0,0.0,0.0,0.0,False,False
2012-08-09,0.0,0.0,0.0,0.0,0.0,0.0,0.0,0.0,0.0,0.0,0.0,0.0,0.0,0.0,0.0,0.0,0.0,0.0,0.0,0.0,0.0,0.0,0.0,0.0,0.0,0.0,0.0,0.0,0.0,0.0,False,False
2012-08-10,0.0,0.0,0.0,0.0,0.0,0.0,0.0,0.0,0.0,0.0,0.0,0.0,0.0,0.0,0.0,0.0,0.0,0.0,0.0,0.0,0.0,0.0,0.0,0.0,0.0,0.0,0.0,0.0,0.0,0.0,False,False
2012-08-13,0.0,0.0,0.0,0.0,0.0,0.0,0.0,0.0,0.0,0.0,0.0,0.0,0.0,0.0,0.0,0.0,0.0,0.0,0.0,0.0,0.0,0.0,0.0,0.0,0.0,0.0,0.0,0.0,0.0,0.0,False,False
2012-08-14,0.0,0.0,0.0,0.0,0.0,0.0,0.0,0.0,0.0,0.0,0.0,0.0,0.0,0.0,0.0,0.0,0.0,0.0,0.0,0.0,0.0,0.0,0.0,0.0,0.0,0.0,0.0,0.0,0.0,0.0,False,False
2012-08-15,0.0,0.0,0.0,0.0,0.0,0.0,0.0,0.0,0.0,0.0,0.0,0.0,0.0,0.0,0.0,0.0,0.0,0.0,0.0,0.0,0.0,0.0,0.0,0.0,0.0,0.0,0.0,0.0,0.0,0.0,False,False
2012-08-16,0.0,0.0,0.0,0.0,0.0,0.0,0.0,0.0,0.0,0.0,0.0,0.0,0.0,0.0,0.0,0.0,0.0,0.0,0.0,0.0,0.0,0.0,0.0,0.0,0.0,0.0,0.0,0.0,0.0,0.0,False,False
2012-08-17,0.0,0.0,0.0,0.0,0.0,0.0,0.0,0.0,0.0,0.0,0.0,0.0,0.0,0.0,0.0,0.0,0.0,0.0,0.0,0.0,0.0,0.0,0.0,0.0,0.0,0.0,0.0,0.0,0.0,0.0,False,False
2012-08-20,0.0,0.0,0.0,0.0,0.0,0.0,0.0,0.0,0.0,0.0,0.0,0.0,0.0,0.0,0.0,0.0,0.0,0.0,0.0,0.0,0.0,0.0,0.0,0.0,0.0,0.0,0.0,0.0,0.0,0.0,False,False
2012-08-21,0.0,0.0,0.0,0.0,0.0,0.0,0.0,0.0,0.0,0.0,0.0,0.0,0.0,0.0,0.0,0.0,0.0,0.0,0.0,0.0,0.0,0.0,0.0,0.0,0.0,0.0,0.0,0.0,0.0,0.0,False,False
2012-08-22,0.0,0.0,0.0,0.0,0.0,0.0,0.0,0.0,0.0,0.0,0.0,0.0,0.0,0.0,0.0,0.0,0.0,0.0,0.0,0.0,0.0,0.0,0.0,0.0,0.0,0.0,0.0,0.0,0.0,0.0,False,False
2012-08-23,0.0,0.0,0.0,0.0,0.0,0.0,0.0,0.0,0.0,0.0,0.0,0.0,0.0,0.0,0.0,0.0,0.0,0.0,0.0,0.0,0.0,0.0,0.0,0.0,0.0,0.0,0.0,0.0,0.0,0.0,False,False
2012-08-24,0.0,0.0,0.0,0.0,0.0,0.0,0.0,0.0,0.0,0.0,0.0,0.0,0.0,0.0,0.0,0.0,0.0,0.0,0.0,0.0,0.0,0.0,0.0,0.0,0.0,0.0,0.0,0.0,0.0,0.0,False,False
2012-08-27,0.0,0.0,0.0,0.0,0.0,0.0,0.0,0.0,0.0,0.0,0.0,0.0,0.0,0.0,0.0,0.0,0.0,0.0,0.0,0.0,0.0,0.0,0.0,0.0,0.0,0.0,0.0,0.0,0.0,0.0,False,False
2012-08-28,0.0,0.0,0.0,0.0,0.0,0.0,0.0,0.0,0.0,0.0,0.0,0.0,0.0,0.0,0.0,0.0,0.0,0.0,0.0,0.0,0.0,0.0,0.0,0.0,0.0,0.0,0.0,0.0,0.0,0.0,False,False
2012-08-29,0.0,0.0,0.0,0.0,0.0,0.0,0.0,0.0,0.0,0.0,0.0,0.0,0.0,0.0,0.0,0.0,0.0,0.0,0.0,0.0,0.0,0.0,0.0,0.0,0.0,0.0,0.0,0.0,0.0,0.0,False,False
2012-08-30,0.0,0.0,0.0,0.0,0.0,0.0,0.0,0.0,0.0,0.0,0.0,0.0,0.0,0.0,0.0,0.0,0.0,0.0,0.0,0.0,0.0,0.0,0.0,0.0,0.0,0.0,0.0,0.0,0.0,0.0,False,False
2012-08-31,0.0,0.0,0.0,0.0,0.0,0.0,0.0,0.0,0.0,0.0,0.0,0.0,0.0,0.0,0.0,0.0,0.0,0.0,0.0,0.0,0.0,0.0,0.0,0.0,0.0,0.0,0.0,0.0,0.0,0.0,False,False
2012-09-04,0.0,0.0,0.0,0.0,0.0,0.0,0.0,0.0,0.0,0.0,0.0,0.0,0.0,0.0,0.0,0.0,0.0,0.0,0.0,0.0,0.0,0.0,0.0,0.0,0.0,0.0,0.0,0.0,0.0,0.0,False,False
2012-09-05,0.0,0.0,0.0,0.0,0.0,0.0,0.0,0.0,0.0,0.0,0.0,0.0,0.0,0.0,0.0,0.0,0.0,0.0,0.0,0.0,0.0,0.0,0.0,0.0,0.0,0.0,0.0,0.0,0.0,0.0,False,False
2012-09-06,0.0,0.0,0.0,0.0,0.0,0.0,0.0,0.0,0.0,0.0,0.0,0.0,0.0,0.0,0.0,0.0,0.0,0.0,0.0,0.0,0.0,0.0,0.0,0.0,0.0,0.0,0.0,0.0,0.0,0.0,False,False
2012-09-07,0.0,0.0,0.0,0.0,0.0,0.0,0.0,0.0,0.0,0.0,0.0,0.0,0.0,0.0,0.0,0.0,0.0,0.0,0.0,0.0,0.0,0.0,0.0,0.0,0.0,0.0,0.0,0.0,0.0,0.0,False,False
2012-09-10,0.0,0.0,0.0,0.0,0.0,0.0,0.0,0.0,0.0,0.0,0.0,0.0,0.0,0.0,0.0,0.0,0.0,0.0,0.0,0.0,0.0,0.0,0.0,0.0,0.0,0.0,0.0,0.0,0.0,0.0,False,False
2012-09-11,0.0,0.0,0.0,0.0,0.0,0.0,0.0,0.0,0.0,0.0,0.0,0.0,0.0,0.0,0.0,0.0,0.0,0.0,0.0,0.0,0.0,0.0,0.0,0.0,0.0,0.0,0.0,0.0,0.0,0.0,False,False
2012-09-12,0.0,0.0,0.0,0.0,0.0,0.0,0.0,0.0,0.0,0.0,0.0,0.0,0.0,0.0,0.0,0.0,0.0,0.0,0.0,0.0,0.0,0.0,0.0,0.0,0.0,0.0,0.0,0.0,0.0,0.0,False,False
2012-09-13,0.0,0.0,0.0,0.0,0.0,0.0,0.0,0.0,0.0,0.0,0.0,0.0,0.0,0.0,0.0,0.0,0.0,0.0,0.0,0.0,0.0,0.0,0.0,0.0,0.0,0.0,0.0,0.0,0.0,0.0,False,False
2012-09-14,0.0,0.0,0.0,0.0,0.0,0.0,0.0,0.0,0.0,0.0,0.0,0.0,0.0,0.0,0.0,0.0,0.0,0.0,0.0,0.0,0.0,0.0,0.0,0.0,0.0,0.0,0.0,0.0,0.0,0.0,False,False
2012-09-17,0.0,0.0,0.0,0.0,0.0,0.0,0.0,0.0,0.0,0.0,0.0,0.0,0.0,0.0,0.0,0.0,0.0,0.0,0.0,0.0,0.0,0.0,0.0,0.0,0.0,0.0,0.0,0.0,0.0,0.0,False,False
2012-09-18,0.0,0.0,0.0,0.0,0.0,0.0,0.0,0.0,0.0,0.0,0.0,0.0,0.0,0.0,0.0,0.0,0.0,0.0,0.0,0.0,0.0,0.0,0.0,0.0,0.0,0.0,0.0,0.0,0.0,0.0,False,False
2012-09-19,0.0,0.0,0.0,0.0,0.0,0.0,0.0,0.0,0.0,0.0,0.0,0.0,0.0,0.0,0.0,0.0,0.0,0.0,0.0,0.0,0.0,0.0,0.0,0.0,0.0,0.0,0.0,0.0,0.0,0.0,False,False
2012-09-20,0.0,0.0,0.0,0.0,0.0,0.0,0.0,0.0,0.0,0.0,0.0,0.0,0.0,0.0,0.0,0.0,0.0,0.0,0.0,0.0,0.0,0.0,0.0,0.0,0.0,0.0,0.0,0.0,0.0,0.0,False,False
2012-09-21,0.0,0.0,0.0,0.0,0.0,0.0,0.0,0.0,0.0,0.0,0.0,0.0,0.0,0.0,0.0,0.0,0.0,0.0,0.0,0.0,0.0,0.0,0.0,0.0,0.0,0.0,0.0,0.0,0.0,0.0,False,False
2012-09-24,0.0,0.0,0.0,0.0,0.0,0.0,0.0,0.0,0.0,0.0,0.0,0.0,0.0,0.0,0.0,0.0,0.0,0.0,0.0,0.0,0.0,0.0,0.0,0.0,0.0,0.0,0.0,0.0,0.0,0.0,False,False
2012-09-25,0.0,0.0,0.0,0.0,0.0,0.0,0.0,0.0,0.0,0.0,0.0,0.0,0.0,0.0,0.0,0.0,0.0,0.0,0.0,0.0,0.0,0.0,0.0,0.0,0.0,0.0,0.0,0.0,0.0,0.0,False,False
2012-09-26,0.0,0.0,0.0,0.0,0.0,0.0,0.0,0.0,0.0,0.0,0.0,0.0,0.0,0.0,0.0,0.0,0.0,0.0,0.0,0.0,0.0,0.0,0.0,0.0,0.0,0.0,0.0,0.0,0.0,0.0,False,False
2012-09-27,0.0,0.0,0.0,0.0,0.0,0.0,0.0,0.0,0.0,0.0,0.0,0.0,0.0,0.0,0.0,0.0,0.0,0.0,0.0,0.0,0.0,0.0,0.0,0.0,0.0,0.0,0.0,0.0,0.0,0.0,False,False
2012-09-28,0.0,0.0,0.0,0.0,0.0,0.0,0.0,0.0,0.0,0.0,0.0,0.0,0.0,0.0,0.0,0.0,0.0,0.0,0.0,0.0,0.0,0.0,0.0,0.0,0.0,0.0,0.0,0.0,0.0,0.0,False,False
2012-10-01,0.0,0.0,0.0,0.0,0.0,0.0,0.0,0.0,0.0,0.0,0.0,0.0,0.0,0.0,0.0,0.0,0.0,0.0,0.0,0.0,0.0,0.0,0.0,0.0,0.0,0.0,0.0,0.0,0.0,0.0,False,False
2012-10-02,0.0,0.0,0.0,0.0,0.0,0.0,0.0,0.0,0.0,0.0,0.0,0.0,0.0,0.0,0.0,0.0,0.0,0.0,0.0,0.0,0.0,0.0,0.0,0.0,0.0,0.0,0.0,0.0,0.0,0.0,False,False
2012-10-03,0.0,0.0,0.0,0.0,0.0,0.0,0.0,0.0,0.0,0.0,0.0,0.0,0.0,0.0,0.0,0.0,0.0,0.0,0.0,0.0,0.0,0.0,0.0,0.0,0.0,0.0,0.0,0.0,0.0,0.0,False,False
2012-10-04,0.0,0.0,0.0,0.0,0.0,0.0,0.0,0.0,0.0,0.0,0.0,0.0,0.0,0.0,0.0,0.0,0.0,0.0,0.0,0.0,0.0,0.0,0.0,0.0,0.0,0.0,0.0,0.0,0.0,0.0,False,False
2012-10-05,0.0,0.0,0.0,0.0,0.0,0.0,0.0,0.0,0.0,0.0,0.0,0.0,0.0,0.0,0.0,0.0,0.0,0.0,0.0,0.0,0.0,0.0,0.0,0.0,0.0,0.0,0.0,0.0,0.0,0.0,False,False
2012-10-08,0.0,0.0,0.0,0.0,0.0,0.0,0.0,0.0,0.0,0.0,0.0,0.0,0.0,0.0,0.0,0.0,0.0,0.0,0.0,0.0,0.0,0.0,0.0,0.0,0.0,0.0,0.0,0.0,0.0,0.0,False,False
2012-10-09,0.0,0.0,0.0,0.0,0.0,0.0,0.0,0.0,0.0,0.0,0.0,0.0,0.0,0.0,0.0,0.0,0.0,0.0,0.0,0.0,0.0,0.0,0.0,0.0,0.0,0.0,0.0,0.0,0.0,0.0,False,False
2012-10-10,0.0,0.0,0.0,0.0,0.0,0.0,0.0,0.0,0.0,0.0,0.0,0.0,0.0,0.0,0.0,0.0,0.0,0.0,0.0,0.0,0.0,0.0,0.0,0.0,0.0,0.0,0.0,0.0,0.0,0.0,False,False
2012-10-11,0.0,0.0,0.0,0.0,0.0,0.0,0.0,0.0,0.0,0.0,0.0,0.0,0.0,0.0,0.0,0.0,0.0,0.0,0.0,0.0,0.0,0.0,0.0,0.0,0.0,0.0,0.0,0.0,0.0,0.0,False,False
2012-10-12,0.0,0.0,0.0,0.0,0.0,0.0,0.0,0.0,0.0,0.0,0.0,0.0,0.0,0.0,0.0,0.0,0.0,0.0,0.0,0.0,0.0,0.0,0.0,0.0,0.0,0.0,0.0,0.0,0.0,0.0,False,False
2012-10-15,0.0,0.0,0.0,0.0,0.0,0.0,0.0,0.0,0.0,0.0,0.0,0.0,0.0,0.0,0.0,0.0,0.0,0.0,0.0,0.0,0.0,0.0,0.0,0.0,0.0,0.0,0.0,0.0,0.0,0.0,False,False
2012-10-16,0.0,0.0,0.0,0.0,0.0,0.0,0.0,0.0,0.0,0.0,0.0,0.0,0.0,0.0,0.0,0.0,0.0,0.0,0.0,0.0,0.0,0.0,0.0,0.0,0.0,0.0,0.0,0.0,0.0,0.0,False,False
2012-10-17,0.0,0.0,0.0,0.0,0.0,0.0,0.0,0.0,0.0,0.0,0.0,0.0,0.0,0.0,0.0,0.0,0.0,0.0,0.0,0.0,0.0,0.0,0.0,0.0,0.0,0.0,0.0,0.0,0.0,0.0,False,False
2012-10-18,0.0,0.0,0.0,0.0,0.0,0.0,0.0,0.0,0.0,0.0,0.0,0.0,0.0,0.0,0.0,0.0,0.0,0.0,0.0,0.0,0.0,0.0,0.0,0.0,0.0,0.0,0.0,0.0,0.0,0.0,False,False
2012-10-19,0.0,0.0,0.0,0.0,0.0,0.0,0.0,0.0,0.0,0.0,0.0,0.0,0.0,0.0,0.0,0.0,0.0,0.0,0.0,0.0,0.0,0.0,0.0,0.0,0.0,0.0,0.0,0.0,0.0,0.0,False,False
2012-10-22,0.0,0.0,0.0,0.0,0.0,0.0,0.0,0.0,0.0,0.0,0.0,0.0,0.0,0.0,0.0,0.0,0.0,0.0,0.0,0.0,0.0,0.0,0.0,0.0,0.0,0.0,0.0,0.0,0.0,0.0,False,False
2012-10-23,0.0,0.0,0.0,0.0,0.0,0.0,0.0,0.0,0.0,0.0,0.0,0.0,0.0,0.0,0.0,0.0,0.0,0.0,0.0,0.0,0.0,0.0,0.0,0.0,0.0,0.0,0.0,0.0,0.0,0.0,False,False
2012-10-24,0.0,0.0,0.0,0.0,0.0,0.0,0.0,0.0,0.0,0.0,0.0,0.0,0.0,0.0,0.0,0.0,0.0,0.0,0.0,0.0,0.0,0.0,0.0,0.0,0.0,0.0,0.0,0.0,0.0,0.0,False,False
2012-10-25,0.0,0.0,0.0,0.0,0.0,0.0,0.0,0.0,0.0,0.0,0.0,0.0,0.0,0.0,0.0,0.0,0.0,0.0,0.0,0.0,0.0,0.0,0.0,0.0,0.0,0.0,0.0,0.0,0.0,0.0,False,False
2012-10-26,0.0,0.0,0.0,0.0,0.0,0.0,0.0,0.0,0.0,0.0,0.0,0.0,0.0,0.0,0.0,0.0,0.0,0.0,0.0,0.0,0.0,0.0,0.0,0.0,0.0,0.0,0.0,0.0,0.0,0.0,False,False
2012-10-31,0.0,0.0,0.0,0.0,0.0,0.0,0.0,0.0,0.0,0.0,0.0,0.0,0.0,0.0,0.0,0.0,0.0,0.0,0.0,0.0,0.0,0.0,0.0,0.0,0.0,0.0,0.0,0.0,0.0,0.0,False,False
2012-11-01,0.0,0.0,0.0,0.0,0.0,0.0,0.0,0.0,0.0,0.0,0.0,0.0,0.0,0.0,0.0,0.0,0.0,0.0,0.0,0.0,0.0,0.0,0.0,0.0,0.0,0.0,0.0,0.0,0.0,0.0,False,False
2012-11-02,0.0,0.0,0.0,0.0,0.0,0.0,0.0,0.0,0.0,0.0,0.0,0.0,0.0,0.0,0.0,0.0,0.0,0.0,0.0,0.0,0.0,0.0,0.0,0.0,0.0,0.0,0.0,0.0,0.0,0.0,False,False
2012-11-05,0.0,0.0,0.0,0.0,0.0,0.0,0.0,0.0,0.0,0.0,0.0,0.0,0.0,0.0,0.0,0.0,0.0,0.0,0.0,0.0,0.0,0.0,0.0,0.0,0.0,0.0,0.0,0.0,0.0,0.0,False,False
2012-11-06,0.0,0.0,0.0,0.0,0.0,0.0,0.0,0.0,0.0,0.0,0.0,0.0,0.0,0.0,0.0,0.0,0.0,0.0,0.0,0.0,0.0,0.0,0.0,0.0,0.0,0.0,0.0,0.0,0.0,0.0,False,False
2012-11-07,0.0,0.0,0.0,0.0,0.0,0.0,0.0,0.0,0.0,0.0,0.0,0.0,0.0,0.0,0.0,0.0,0.0,0.0,0.0,0.0,0.0,0.0,0.0,0.0,0.0,0.0,0.0,0.0,0.0,0.0,False,False
2012-11-08,0.0,0.0,0.0,0.0,0.0,0.0,0.0,0.0,0.0,0.0,0.0,0.0,0.0,0.0,0.0,0.0,0.0,0.0,0.0,0.0,0.0,0.0,0.0,0.0,0.0,0.0,0.0,0.0,0.0,0.0,False,False
2012-11-09,0.0,0.0,0.0,0.0,0.0,0.0,0.0,0.0,0.0,0.0,0.0,0.0,0.0,0.0,0.0,0.0,0.0,0.0,0.0,0.0,0.0,0.0,0.0,0.0,0.0,0.0,0.0,0.0,0.0,0.0,False,False
2012-11-12,0.0,0.0,0.0,0.0,0.0,0.0,0.0,0.0,0.0,0.0,0.0,0.0,0.0,0.0,0.0,0.0,0.0,0.0,0.0,0.0,0.0,0.0,0.0,0.0,0.0,0.0,0.0,0.0,0.0,0.0,False,False
2012-11-13,0.0,0.0,0.0,0.0,0.0,0.0,0.0,0.0,0.0,0.0,0.0,0.0,0.0,0.0,0.0,0.0,0.0,0.0,0.0,0.0,0.0,0.0,0.0,0.0,0.0,0.0,0.0,0.0,0.0,0.0,False,False
2012-11-14,0.0,0.0,0.0,0.0,0.0,0.0,0.0,0.0,0.0,0.0,0.0,0.0,0.0,0.0,0.0,0.0,0.0,0.0,0.0,0.0,0.0,0.0,0.0,0.0,0.0,0.0,0.0,0.0,0.0,0.0,False,False
2012-11-15,0.0,0.0,0.0,0.0,0.0,0.0,0.0,0.0,0.0,0.0,0.0,0.0,0.0,0.0,0.0,0.0,0.0,0.0,0.0,0.0,0.0,0.0,0.0,0.0,0.0,0.0,0.0,0.0,0.0,0.0,False,False
2012-11-16,0.0,0.0,0.0,0.0,0.0,0.0,0.0,0.0,0.0,0.0,0.0,0.0,0.0,0.0,0.0,0.0,0.0,0.0,0.0,0.0,0.0,0.0,0.0,0.0,0.0,0.0,0.0,0.0,0.0,0.0,False,False
2012-11-19,0.0,0.0,0.0,0.0,0.0,0.0,0.0,0.0,0.0,0.0,0.0,0.0,0.0,0.0,0.0,0.0,0.0,0.0,0.0,0.0,0.0,0.0,0.0,0.0,0.0,0.0,0.0,0.0,0.0,0.0,False,False
2012-11-20,0.0,0.0,0.0,0.0,0.0,0.0,0.0,0.0,0.0,0.0,0.0,0.0,0.0,0.0,0.0,0.0,0.0,0.0,0.0,0.0,0.0,0.0,0.0,0.0,0.0,0.0,0.0,0.0,0.0,0.0,False,False
2012-11-21,0.0,0.0,0.0,0.0,0.0,0.0,0.0,0.0,0.0,0.0,0.0,0.0,0.0,0.0,0.0,0.0,0.0,0.0,0.0,0.0,0.0,0.0,0.0,0.0,0.0,0.0,0.0,0.0,0.0,0.0,False,False
2012-11-23,0.0,0.0,0.0,0.0,0.0,0.0,0.0,0.0,0.0,0.0,0.0,0.0,0.0,0.0,0.0,0.0,0.0,0.0,0.0,0.0,0.0,0.0,0.0,0.0,0.0,0.0,0.0,0.0,0.0,0.0,False,False
2012-11-26,0.0,0.0,0.0,0.0,0.0,0.0,0.0,0.0,0.0,0.0,0.0,0.0,0.0,0.0,0.0,0.0,0.0,0.0,0.0,0.0,0.0,0.0,0.0,0.0,0.0,0.0,0.0,0.0,0.0,0.0,False,False
2012-11-27,0.0,0.0,0.0,0.0,0.0,0.0,0.0,0.0,0.0,0.0,0.0,0.0,0.0,0.0,0.0,0.0,0.0,0.0,0.0,0.0,0.0,0.0,0.0,0.0,0.0,0.0,0.0,0.0,0.0,0.0,False,False
2012-11-28,0.0,0.0,0.0,0.0,0.0,0.0,0.0,0.0,0.0,0.0,0.0,0.0,0.0,0.0,0.0,0.0,0.0,0.0,0.0,0.0,0.0,0.0,0.0,0.0,0.0,0.0,0.0,0.0,0.0,0.0,False,False
2012-11-29,0.0,0.0,0.0,0.0,0.0,0.0,0.0,0.0,0.0,0.0,0.0,0.0,0.0,0.0,0.0,0.0,0.0,0.0,0.0,0.0,0.0,0.0,0.0,0.0,0.0,0.0,0.0,0.0,0.0,0.0,False,False
2012-11-30,0.0,0.0,0.0,0.0,0.0,0.0,0.0,0.0,0.0,0.0,0.0,0.0,0.0,0.0,0.0,0.0,0.0,0.0,0.0,0.0,0.0,0.0,0.0,0.0,0.0,0.0,0.0,0.0,0.0,0.0,False,False
2012-12-03,0.0,0.0,0.0,0.0,0.0,0.0,0.0,0.0,0.0,0.0,0.0,0.0,0.0,0.0,0.0,0.0,0.0,0.0,0.0,0.0,0.0,0.0,0.0,0.0,0.0,0.0,0.0,0.0,0.0,0.0,False,False
2012-12-04,0.0,0.0,0.0,0.0,0.0,0.0,0.0,0.0,0.0,0.0,0.0,0.0,0.0,0.0,0.0,0.0,0.0,0.0,0.0,0.0,0.0,0.0,0.0,0.0,0.0,0.0,0.0,0.0,0.0,0.0,False,False
2012-12-05,0.0,0.0,0.0,0.0,0.0,0.0,0.0,0.0,0.0,0.0,0.0,0.0,0.0,0.0,0.0,0.0,0.0,0.0,0.0,0.0,0.0,0.0,0.0,0.0,0.0,0.0,0.0,0.0,0.0,0.0,False,False
2012-12-06,0.0,0.0,0.0,0.0,0.0,0.0,0.0,0.0,0.0,0.0,0.0,0.0,0.0,0.0,0.0,0.0,0.0,0.0,0.0,0.0,0.0,0.0,0.0,0.0,0.0,0.0,0.0,0.0,0.0,0.0,False,False
2012-12-07,0.0,0.0,0.0,0.0,0.0,0.0,0.0,0.0,0.0,0.0,0.0,0.0,0.0,0.0,0.0,0.0,0.0,0.0,0.0,0.0,0.0,0.0,0.0,0.0,0.0,0.0,0.0,0.0,0.0,0.0,False,False
2012-12-10,0.0,0.0,0.0,0.0,0.0,0.0,0.0,0.0,0.0,0.0,0.0,0.0,0.0,0.0,0.0,0.0,0.0,0.0,0.0,0.0,0.0,0.0,0.0,0.0,0.0,0.0,0.0,0.0,0.0,0.0,False,False
2012-12-11,0.0,0.0,0.0,0.0,0.0,0.0,0.0,0.0,0.0,0.0,0.0,0.0,0.0,0.0,0.0,0.0,0.0,0.0,0.0,0.0,0.0,0.0,0.0,0.0,0.0,0.0,0.0,0.0,0.0,0.0,False,False
2012-12-12,0.0,0.0,0.0,0.0,0.0,0.0,0.0,0.0,0.0,0.0,0.0,0.0,0.0,0.0,0.0,0.0,0.0,0.0,0.0,0.0,0.0,0.0,0.0,0.0,0.0,0.0,0.0,0.0,0.0,0.0,False,False
2012-12-13,0.0,0.0,0.0,0.0,0.0,0.0,0.0,0.0,0.0,0.0,0.0,0.0,0.0,0.0,0.0,0.0,0.0,0.0,0.0,0.0,0.0,0.0,0.0,0.0,0.0,0.0,0.0,0.0,0.0,0.0,False,False
2012-12-14,0.0,0.0,0.0,0.0,0.0,0.0,0.0,0.0,0.0,0.0,0.0,0.0,0.0,0.0,0.0,0.0,0.0,0.0,0.0,0.0,0.0,0.0,0.0,0.0,0.0,0.0,0.0,0.0,0.0,0.0,False,False
2012-12-17,0.0,0.0,0.0,0.0,0.0,0.0,0.0,0.0,0.0,0.0,0.0,0.0,0.0,0.0,0.0,0.0,0.0,0.0,0.0,0.0,0.0,0.0,0.0,0.0,0.0,0.0,0.0,0.0,0.0,0.0,False,False
2012-12-18,0.0,0.0,0.0,0.0,0.0,0.0,0.0,0.0,0.0,0.0,0.0,0.0,0.0,0.0,0.0,0.0,0.0,0.0,0.0,0.0,0.0,0.0,0.0,0.0,0.0,0.0,0.0,0.0,0.0,0.0,False,False
2012-12-19,0.0,0.0,0.0,0.0,0.0,0.0,0.0,0.0,0.0,0.0,0.0,0.0,0.0,0.0,0.0,0.0,0.0,0.0,0.0,0.0,0.0,0.0,0.0,0.0,0.0,0.0,0.0,0.0,0.0,0.0,False,False
2012-12-20,0.0,0.0,0.0,0.0,0.0,0.0,0.0,0.0,0.0,0.0,0.0,0.0,0.0,0.0,0.0,0.0,0.0,0.0,0.0,0.0,0.0,0.0,0.0,0.0,0.0,0.0,0.0,0.0,0.0,0.0,False,False
2012-12-21,0.0,0.0,0.0,0.0,0.0,0.0,0.0,0.0,0.0,0.0,0.0,0.0,0.0,0.0,0.0,0.0,0.0,0.0,0.0,0.0,0.0,0.0,0.0,0.0,0.0,0.0,0.0,0.0,0.0,0.0,False,False
2012-12-24,0.0,0.0,0.0,0.0,0.0,0.0,0.0,0.0,0.0,0.0,0.0,0.0,0.0,0.0,0.0,0.0,0.0,0.0,0.0,0.0,0.0,0.0,0.0,0.0,0.0,0.0,0.0,0.0,0.0,0.0,False,False
2012-12-26,0.0,0.0,0.0,0.0,0.0,0.0,0.0,0.0,0.0,0.0,0.0,0.0,0.0,0.0,0.0,0.0,0.0,0.0,0.0,0.0,0.0,0.0,0.0,0.0,0.0,0.0,0.0,0.0,0.0,0.0,False,False
2012-12-27,0.0,0.0,0.0,0.0,0.0,0.0,0.0,0.0,0.0,0.0,0.0,0.0,0.0,0.0,0.0,0.0,0.0,0.0,0.0,0.0,0.0,0.0,0.0,0.0,0.0,0.0,0.0,0.0,0.0,0.0,False,False
2012-12-28,0.0,0.0,0.0,0.0,0.0,0.0,0.0,0.0,0.0,0.0,0.0,0.0,0.0,0.0,0.0,0.0,0.0,0.0,0.0,0.0,0.0,0.0,0.0,0.0,0.0,0.0,0.0,0.0,0.0,0.0,False,False
2012-12-31,0.0,0.0,0.0,0.0,0.0,0.0,0.0,0.0,0.0,0.0,0.0,0.0,0.0,0.0,0.0,0.0,0.0,0.0,0.0,0.0,0.0,0.0,0.0,0.0,0.0,0.0,0.0,0.0,0.0,0.0,False,False
2013-01-02,0.0,0.0,0.0,0.0,0.0,0.0,0.0,0.0,0.0,0.0,0.0,0.0,0.0,0.0,0.0,0.0,0.0,0.0,0.0,0.0,0.0,0.0,0.0,0.0,0.0,0.0,0.0,0.0,0.0,0.0,False,False
2013-01-03,0.0,0.0,0.0,0.0,0.0,0.0,0.0,0.0,0.0,0.0,0.0,0.0,0.0,0.0,0.0,0.0,0.0,0.0,0.0,0.0,0.0,0.0,0.0,0.0,0.0,0.0,0.0,0.0,0.0,0.0,False,False
2013-01-04,0.0,0.0,0.0,0.0,0.0,0.0,0.0,0.0,0.0,0.0,0.0,0.0,0.0,0.0,0.0,0.0,0.0,0.0,0.0,0.0,0.0,0.0,0.0,0.0,0.0,0.0,0.0,0.0,0.0,0.0,False,False
2013-01-07,0.0,0.0,0.0,0.0,0.0,0.0,0.0,0.0,0.0,0.0,0.0,0.0,0.0,0.0,0.0,0.0,0.0,0.0,0.0,0.0,0.0,0.0,0.0,0.0,0.0,0.0,0.0,0.0,0.0,0.0,False,False
2013-01-08,0.0,0.0,0.0,0.0,0.0,0.0,0.0,0.0,0.0,0.0,0.0,0.0,0.0,0.0,0.0,0.0,0.0,0.0,0.0,0.0,0.0,0.0,0.0,0.0,0.0,0.0,0.0,0.0,0.0,0.0,False,False
2013-01-09,0.0,0.0,0.0,0.0,0.0,0.0,0.0,0.0,0.0,0.0,0.0,0.0,0.0,0.0,0.0,0.0,0.0,0.0,0.0,0.0,0.0,0.0,0.0,0.0,0.0,0.0,0.0,0.0,0.0,0.0,False,False
2013-01-10,0.0,0.0,0.0,0.0,0.0,0.0,0.0,0.0,0.0,0.0,0.0,0.0,0.0,0.0,0.0,0.0,0.0,0.0,0.0,0.0,0.0,0.0,0.0,0.0,0.0,0.0,0.0,0.0,0.0,0.0,False,False
2013-01-11,0.0,0.0,0.0,0.0,0.0,0.0,0.0,0.0,0.0,0.0,0.0,0.0,0.0,0.0,0.0,0.0,0.0,0.0,0.0,0.0,0.0,0.0,0.0,0.0,0.0,0.0,0.0,0.0,0.0,0.0,False,False
2013-01-14,0.0,0.0,0.0,0.0,0.0,0.0,0.0,0.0,0.0,0.0,0.0,0.0,0.0,0.0,0.0,0.0,0.0,0.0,0.0,0.0,0.0,0.0,0.0,0.0,0.0,0.0,0.0,0.0,0.0,0.0,False,False
2013-01-15,0.0,0.0,0.0,0.0,0.0,0.0,0.0,0.0,0.0,0.0,0.0,0.0,0.0,0.0,0.0,0.0,0.0,0.0,0.0,0.0,0.0,0.0,0.0,0.0,0.0,0.0,0.0,0.0,0.0,0.0,False,False
2013-01-16,0.0,0.0,0.0,0.0,0.0,0.0,0.0,0.0,0.0,0.0,0.0,0.0,0.0,0.0,0.0,0.0,0.0,0.0,0.0,0.0,0.0,0.0,0.0,0.0,0.0,0.0,0.0,0.0,0.0,0.0,False,False
2013-01-17,0.0,0.0,0.0,0.0,0.0,0.0,0.0,0.0,0.0,0.0,0.0,0.0,0.0,0.0,0.0,0.0,0.0,0.0,0.0,0.0,0.0,0.0,0.0,0.0,0.0,0.0,0.0,0.0,0.0,0.0,False,False
2013-01-18,0.0,0.0,0.0,0.0,0.0,0.0,0.0,0.0,0.0,0.0,0.0,0.0,0.0,0.0,0.0,0.0,0.0,0.0,0.0,0.0,0.0,0.0,0.0,0.0,0.0,0.0,0.0,0.0,0.0,0.0,False,False
2013-01-22,0.0,0.0,0.0,0.0,0.0,0.0,0.0,0.0,0.0,0.0,0.0,0.0,0.0,0.0,0.0,0.0,0.0,0.0,0.0,0.0,0.0,0.0,0.0,0.0,0.0,0.0,0.0,0.0,0.0,0.0,False,False
2013-01-23,0.0,0.0,0.0,0.0,0.0,0.0,0.0,0.0,0.0,0.0,0.0,0.0,0.0,0.0,0.0,0.0,0.0,0.0,0.0,0.0,0.0,0.0,0.0,0.0,0.0,0.0,0.0,0.0,0.0,0.0,False,False
2013-01-24,0.0,0.0,0.0,0.0,0.0,0.0,0.0,0.0,0.0,0.0,0.0,0.0,0.0,0.0,0.0,0.0,0.0,0.0,0.0,0.0,0.0,0.0,0.0,0.0,0.0,0.0,0.0,0.0,0.0,0.0,False,False
2013-01-25,0.0,0.0,0.0,0.0,0.0,0.0,0.0,0.0,0.0,0.0,0.0,0.0,0.0,0.0,0.0,0.0,0.0,0.0,0.0,0.0,0.0,0.0,0.0,0.0,0.0,0.0,0.0,0.0,0.0,0.0,False,False
2013-01-28,0.0,0.0,0.0,0.0,0.0,0.0,0.0,0.0,0.0,0.0,0.0,0.0,0.0,0.0,0.0,0.0,0.0,0.0,0.0,0.0,0.0,0.0,0.0,0.0,0.0,0.0,0.0,0.0,0.0,0.0,False,False
2013-01-29,0.0,0.0,0.0,0.0,0.0,0.0,0.0,0.0,0.0,0.0,0.0,0.0,0.0,0.0,0.0,0.0,0.0,0.0,0.0,0.0,0.0,0.0,0.0,0.0,0.0,0.0,0.0,0.0,0.0,0.0,False,False
2013-01-30,0.0,0.0,0.0,0.0,0.0,0.0,0.0,0.0,0.0,0.0,0.0,0.0,0.0,0.0,0.0,0.0,0.0,0.0,0.0,0.0,0.0,0.0,0.0,0.0,0.0,0.0,0.0,0.0,0.0,0.0,False,False
2013-01-31,0.0,0.0,0.0,0.0,0.0,0.0,0.0,0.0,0.0,0.0,0.0,0.0,0.0,0.0,0.0,0.0,0.0,0.0,0.0,0.0,0.0,0.0,0.0,0.0,0.0,0.0,0.0,0.0,0.0,0.0,False,False
2013-02-01,0.0,0.0,0.0,0.0,0.0,0.0,0.0,0.0,0.0,0.0,0.0,0.0,0.0,0.0,0.0,0.0,0.0,0.0,0.0,0.0,0.0,0.0,0.0,0.0,0.0,0.0,0.0,0.0,0.0,0.0,False,False
2013-02-04,0.0,0.0,0.0,0.0,0.0,0.0,0.0,0.0,0.0,0.0,0.0,0.0,0.0,0.0,0.0,0.0,0.0,0.0,0.0,0.0,0.0,0.0,0.0,0.0,0.0,0.0,0.0,0.0,0.0,0.0,False,False
2013-02-05,0.0,0.0,0.0,0.0,0.0,0.0,0.0,0.0,0.0,0.0,0.0,0.0,0.0,0.0,0.0,0.0,0.0,0.0,0.0,0.0,0.0,0.0,0.0,0.0,0.0,0.0,0.0,0.0,0.0,0.0,False,False
2013-02-06,0.0,0.0,0.0,0.0,0.0,0.0,0.0,0.0,0.0,0.0,0.0,0.0,0.0,0.0,0.0,0.0,0.0,0.0,0.0,0.0,0.0,0.0,0.0,0.0,0.0,0.0,0.0,0.0,0.0,0.0,False,False
2013-02-07,0.0,0.0,0.0,0.0,0.0,0.0,0.0,0.0,0.0,0.0,0.0,0.0,0.0,0.0,0.0,0.0,0.0,0.0,0.0,0.0,0.0,0.0,0.0,0.0,0.0,0.0,0.0,0.0,0.0,0.0,False,False
2013-02-08,0.0,0.0,0.0,0.0,0.0,0.0,0.0,0.0,0.0,0.0,0.0,0.0,0.0,0.0,0.0,0.0,0.0,0.0,0.0,0.0,0.0,0.0,0.0,0.0,0.0,0.0,0.0,0.0,0.0,0.0,False,False
2013-02-11,0.0,0.0,0.0,0.0,0.0,0.0,0.0,0.0,0.0,0.0,0.0,0.0,0.0,0.0,0.0,0.0,0.0,0.0,0.0,0.0,0.0,0.0,0.0,0.0,0.0,0.0,0.0,0.0,0.0,0.0,False,False
2013-02-12,0.0,0.0,0.0,0.0,0.0,0.0,0.0,0.0,0.0,0.0,0.0,0.0,0.0,0.0,0.0,0.0,0.0,0.0,0.0,0.0,0.0,0.0,0.0,0.0,0.0,0.0,0.0,0.0,0.0,0.0,False,False
2013-02-13,0.0,0.0,0.0,0.0,0.0,0.0,0.0,0.0,0.0,0.0,0.0,0.0,0.0,0.0,0.0,0.0,0.0,0.0,0.0,0.0,0.0,0.0,0.0,0.0,0.0,0.0,0.0,0.0,0.0,0.0,False,False
2013-02-14,0.0,0.0,0.0,0.0,0.0,0.0,0.0,0.0,0.0,0.0,0.0,0.0,0.0,0.0,0.0,0.0,0.0,0.0,0.0,0.0,0.0,0.0,0.0,0.0,0.0,0.0,0.0,0.0,0.0,0.0,False,False
2013-02-15,0.0,0.0,0.0,0.0,0.0,0.0,0.0,0.0,0.0,0.0,0.0,0.0,0.0,0.0,0.0,0.0,0.0,0.0,0.0,0.0,0.0,0.0,0.0,0.0,0.0,0.0,0.0,0.0,0.0,0.0,False,False
2013-02-19,0.0,0.0,0.0,0.0,0.0,0.0,0.0,0.0,0.0,0.0,0.0,0.0,0.0,0.0,0.0,0.0,0.0,0.0,0.0,0.0,0.0,0.0,0.0,0.0,0.0,0.0,0.0,0.0,0.0,0.0,False,False
2013-02-20,0.0,0.0,0.0,0.0,0.0,0.0,0.0,0.0,0.0,0.0,0.0,0.0,0.0,0.0,0.0,0.0,0.0,0.0,0.0,0.0,0.0,0.0,0.0,0.0,0.0,0.0,0.0,0.0,0.0,0.0,False,False
2013-02-21,0.0,0.0,0.0,0.0,0.0,0.0,0.0,0.0,0.0,0.0,0.0,0.0,0.0,0.0,0.0,0.0,0.0,0.0,0.0,0.0,0.0,0.0,0.0,0.0,0.0,0.0,0.0,0.0,0.0,0.0,False,False
2013-02-22,0.0,0.0,0.0,0.0,0.0,0.0,0.0,0.0,0.0,0.0,0.0,0.0,0.0,0.0,0.0,0.0,0.0,0.0,0.0,0.0,0.0,0.0,0.0,0.0,0.0,0.0,0.0,0.0,0.0,0.0,False,False
2013-02-25,0.0,0.0,0.0,0.0,0.0,0.0,0.0,0.0,0.0,0.0,0.0,0.0,0.0,0.0,0.0,0.0,0.0,0.0,0.0,0.0,0.0,0.0,0.0,0.0,0.0,0.0,0.0,0.0,0.0,0.0,False,False
2013-02-26,0.0,0.0,0.0,0.0,0.0,0.0,0.0,0.0,0.0,0.0,0.0,0.0,0.0,0.0,0.0,0.0,0.0,0.0,0.0,0.0,0.0,0.0,0.0,0.0,0.0,0.0,0.0,0.0,0.0,0.0,False,False
2013-02-27,0.0,0.0,0.0,0.0,0.0,0.0,0.0,0.0,0.0,0.0,0.0,0.0,0.0,0.0,0.0,0.0,0.0,0.0,0.0,0.0,0.0,0.0,0.0,0.0,0.0,0.0,0.0,0.0,0.0,0.0,False,False
2013-02-28,0.0,0.0,0.0,0.0,0.0,0.0,0.0,0.0,0.0,0.0,0.0,0.0,0.0,0.0,0.0,0.0,0.0,0.0,0.0,0.0,0.0,0.0,0.0,0.0,0.0,0.0,0.0,0.0,0.0,0.0,False,False
2013-03-01,0.0,0.0,0.0,0.0,0.0,0.0,0.0,0.0,0.0,0.0,0.0,0.0,0.0,0.0,0.0,0.0,0.0,0.0,0.0,0.0,0.0,0.0,0.0,0.0,0.0,0.0,0.0,0.0,0.0,0.0,False,False
2013-03-04,0.0,0.0,0.0,0.0,0.0,0.0,0.0,0.0,0.0,0.0,0.0,0.0,0.0,0.0,0.0,0.0,0.0,0.0,0.0,0.0,0.0,0.0,0.0,0.0,0.0,0.0,0.0,0.0,0.0,0.0,False,False
2013-03-05,0.0,0.0,0.0,0.0,0.0,0.0,0.0,0.0,0.0,0.0,0.0,0.0,0.0,0.0,0.0,0.0,0.0,0.0,0.0,0.0,0.0,0.0,0.0,0.0,0.0,0.0,0.0,0.0,0.0,0.0,False,False
2013-03-06,0.0,0.0,0.0,0.0,0.0,0.0,0.0,0.0,0.0,0.0,0.0,0.0,0.0,0.0,0.0,0.0,0.0,0.0,0.0,0.0,0.0,0.0,0.0,0.0,0.0,0.0,0.0,0.0,0.0,0.0,False,False
2013-03-07,0.0,0.0,0.0,0.0,0.0,0.0,0.0,0.0,0.0,0.0,0.0,0.0,0.0,0.0,0.0,0.0,0.0,0.0,0.0,0.0,0.0,0.0,0.0,0.0,0.0,0.0,0.0,0.0,0.0,0.0,False,False
2013-03-08,0.0,0.0,0.0,0.0,0.0,0.0,0.0,0.0,0.0,0.0,0.0,0.0,0.0,0.0,0.0,0.0,0.0,0.0,0.0,0.0,0.0,0.0,0.0,0.0,0.0,0.0,0.0,0.0,0.0,0.0,False,False
2013-03-11,0.0,0.0,0.0,0.0,0.0,0.0,0.0,0.0,0.0,0.0,0.0,0.0,0.0,0.0,0.0,0.0,0.0,0.0,0.0,0.0,0.0,0.0,0.0,0.0,0.0,0.0,0.0,0.0,0.0,0.0,False,False
2013-03-12,0.0,0.0,0.0,0.0,0.0,0.0,0.0,0.0,0.0,0.0,0.0,0.0,0.0,0.0,0.0,0.0,0.0,0.0,0.0,0.0,0.0,0.0,0.0,0.0,0.0,0.0,0.0,0.0,0.0,0.0,False,False
2013-03-13,0.0,0.0,0.0,0.0,0.0,0.0,0.0,0.0,0.0,0.0,0.0,0.0,0.0,0.0,0.0,0.0,0.0,0.0,0.0,0.0,0.0,0.0,0.0,0.0,0.0,0.0,0.0,0.0,0.0,0.0,False,False
2013-03-14,0.0,0.0,0.0,0.0,0.0,0.0,0.0,0.0,0.0,0.0,0.0,0.0,0.0,0.0,0.0,0.0,0.0,0.0,0.0,0.0,0.0,0.0,0.0,0.0,0.0,0.0,0.0,0.0,0.0,0.0,False,False
2013-03-15,0.0,0.0,0.0,0.0,0.0,0.0,0.0,0.0,0.0,0.0,0.0,0.0,0.0,0.0,0.0,0.0,0.0,0.0,0.0,0.0,0.0,0.0,0.0,0.0,0.0,0.0,0.0,0.0,0.0,0.0,False,False
2013-03-18,0.0,0.0,0.0,0.0,0.0,0.0,0.0,0.0,0.0,0.0,0.0,0.0,0.0,0.0,0.0,0.0,0.0,0.0,0.0,0.0,0.0,0.0,0.0,0.0,0.0,0.0,0.0,0.0,0.0,0.0,False,False
2013-03-19,0.0,0.0,0.0,0.0,0.0,0.0,0.0,0.0,0.0,0.0,0.0,0.0,0.0,0.0,0.0,0.0,0.0,0.0,0.0,0.0,0.0,0.0,0.0,0.0,0.0,0.0,0.0,0.0,0.0,0.0,False,False
2013-03-20,0.0,0.0,0.0,0.0,0.0,0.0,0.0,0.0,0.0,0.0,0.0,0.0,0.0,0.0,0.0,0.0,0.0,0.0,0.0,0.0,0.0,0.0,0.0,0.0,0.0,0.0,0.0,0.0,0.0,0.0,False,False
2013-03-21,0.0,0.0,0.0,0.0,0.0,0.0,0.0,0.0,0.0,0.0,0.0,0.0,0.0,0.0,0.0,0.0,0.0,0.0,0.0,0.0,0.0,0.0,0.0,0.0,0.0,0.0,0.0,0.0,0.0,0.0,False,False
2013-03-22,0.0,0.0,0.0,0.0,0.0,0.0,0.0,0.0,0.0,0.0,0.0,0.0,0.0,0.0,0.0,0.0,0.0,0.0,0.0,0.0,0.0,0.0,0.0,0.0,0.0,0.0,0.0,0.0,0.0,0.0,False,False
2013-03-25,0.0,0.0,0.0,0.0,0.0,0.0,0.0,0.0,0.0,0.0,0.0,0.0,0.0,0.0,0.0,0.0,0.0,0.0,0.0,0.0,0.0,0.0,0.0,0.0,0.0,0.0,0.0,0.0,0.0,0.0,False,False
2013-03-26,0.0,0.0,0.0,0.0,0.0,0.0,0.0,0.0,0.0,0.0,0.0,0.0,0.0,0.0,0.0,0.0,0.0,0.0,0.0,0.0,0.0,0.0,0.0,0.0,0.0,0.0,0.0,0.0,0.0,0.0,False,False
2013-03-27,0.0,0.0,0.0,0.0,0.0,0.0,0.0,0.0,0.0,0.0,0.0,0.0,0.0,0.0,0.0,0.0,0.0,0.0,0.0,0.0,0.0,0.0,0.0,0.0,0.0,0.0,0.0,0.0,0.0,0.0,False,False
2013-03-28,0.0,0.0,0.0,0.0,0.0,0.0,0.0,0.0,0.0,0.0,0.0,0.0,0.0,0.0,0.0,0.0,0.0,0.0,0.0,0.0,0.0,0.0,0.0,0.0,0.0,0.0,0.0,0.0,0.0,0.0,False,False
2013-04-01,0.0,0.0,0.0,0.0,0.0,0.0,0.0,0.0,0.0,0.0,0.0,0.0,0.0,0.0,0.0,0.0,0.0,0.0,0.0,0.0,0.0,0.0,0.0,0.0,0.0,0.0,0.0,0.0,0.0,0.0,False,False
2013-04-02,0.0,0.0,0.0,0.0,0.0,0.0,0.0,0.0,0.0,0.0,0.0,0.0,0.0,0.0,0.0,0.0,0.0,0.0,0.0,0.0,0.0,0.0,0.0,0.0,0.0,0.0,0.0,0.0,0.0,0.0,False,False
2013-04-03,0.0,0.0,0.0,0.0,0.0,0.0,0.0,0.0,0.0,0.0,0.0,0.0,0.0,0.0,0.0,0.0,0.0,0.0,0.0,0.0,0.0,0.0,0.0,0.0,0.0,0.0,0.0,0.0,0.0,0.0,False,False
2013-04-04,0.0,0.0,0.0,0.0,0.0,0.0,0.0,0.0,0.0,0.0,0.0,0.0,0.0,0.0,0.0,0.0,0.0,0.0,0.0,0.0,0.0,0.0,0.0,0.0,0.0,0.0,0.0,0.0,0.0,0.0,False,False
2013-04-05,0.0,0.0,0.0,0.0,0.0,0.0,0.0,0.0,0.0,0.0,0.0,0.0,0.0,0.0,0.0,0.0,0.0,0.0,0.0,0.0,0.0,0.0,0.0,0.0,0.0,0.0,0.0,0.0,0.0,0.0,False,False
2013-04-08,0.0,0.0,0.0,0.0,0.0,0.0,0.0,0.0,0.0,0.0,0.0,0.0,0.0,0.0,0.0,0.0,0.0,0.0,0.0,0.0,0.0,0.0,0.0,0.0,0.0,0.0,0.0,0.0,0.0,0.0,False,False
2013-04-09,0.0,0.0,0.0,0.0,0.0,0.0,0.0,0.0,0.0,0.0,0.0,0.0,0.0,0.0,0.0,0.0,0.0,0.0,0.0,0.0,0.0,0.0,0.0,0.0,0.0,0.0,0.0,0.0,0.0,0.0,False,False
2013-04-10,0.0,0.0,0.0,0.0,0.0,0.0,0.0,0.0,0.0,0.0,0.0,0.0,0.0,0.0,0.0,0.0,0.0,0.0,0.0,0.0,0.0,0.0,0.0,0.0,0.0,0.0,0.0,0.0,0.0,0.0,False,False
2013-04-11,0.0,0.0,0.0,0.0,0.0,0.0,0.0,0.0,0.0,0.0,0.0,0.0,0.0,0.0,0.0,0.0,0.0,0.0,0.0,0.0,0.0,0.0,0.0,0.0,0.0,0.0,0.0,0.0,0.0,0.0,False,False
2013-04-12,0.0,0.0,0.0,0.0,0.0,0.0,0.0,0.0,0.0,0.0,0.0,0.0,0.0,0.0,0.0,0.0,0.0,0.0,0.0,0.0,0.0,0.0,0.0,0.0,0.0,0.0,0.0,0.0,0.0,0.0,False,False
2013-04-15,0.0,0.0,0.0,0.0,0.0,0.0,0.0,0.0,0.0,0.0,0.0,0.0,0.0,0.0,0.0,0.0,0.0,0.0,0.0,0.0,0.0,0.0,0.0,0.0,0.0,0.0,0.0,0.0,0.0,0.0,False,False
2013-04-16,0.0,0.0,0.0,0.0,0.0,0.0,0.0,0.0,0.0,0.0,0.0,0.0,0.0,0.0,0.0,0.0,0.0,0.0,0.0,0.0,0.0,0.0,0.0,0.0,0.0,0.0,0.0,0.0,0.0,0.0,False,False
2013-04-17,0.0,0.0,0.0,0.0,0.0,0.0,0.0,0.0,0.0,0.0,0.0,0.0,0.0,0.0,0.0,0.0,0.0,0.0,0.0,0.0,0.0,0.0,0.0,0.0,0.0,0.0,0.0,0.0,0.0,0.0,False,False
2013-04-18,0.0,0.0,0.0,0.0,0.0,0.0,0.0,0.0,0.0,0.0,0.0,0.0,0.0,0.0,0.0,0.0,0.0,0.0,0.0,0.0,0.0,0.0,0.0,0.0,0.0,0.0,0.0,0.0,0.0,0.0,False,False
2013-04-19,0.0,0.0,0.0,0.0,0.0,0.0,0.0,0.0,0.0,0.0,0.0,0.0,0.0,0.0,0.0,0.0,0.0,0.0,0.0,0.0,0.0,0.0,0.0,0.0,0.0,0.0,0.0,0.0,0.0,0.0,False,False
2013-04-22,0.0,0.0,0.0,0.0,0.0,0.0,0.0,0.0,0.0,0.0,0.0,0.0,0.0,0.0,0.0,0.0,0.0,0.0,0.0,0.0,0.0,0.0,0.0,0.0,0.0,0.0,0.0,0.0,0.0,0.0,False,False
2013-04-23,0.0,0.0,0.0,0.0,0.0,0.0,0.0,0.0,0.0,0.0,0.0,0.0,0.0,0.0,0.0,0.0,0.0,0.0,0.0,0.0,0.0,0.0,0.0,0.0,0.0,0.0,0.0,0.0,0.0,0.0,False,False
2013-04-24,0.0,0.0,0.0,0.0,0.0,0.0,0.0,0.0,0.0,0.0,0.0,0.0,0.0,0.0,0.0,0.0,0.0,0.0,0.0,0.0,0.0,0.0,0.0,0.0,0.0,0.0,0.0,0.0,0.0,0.0,False,False
2013-04-25,0.0,0.0,0.0,0.0,0.0,0.0,0.0,0.0,0.0,0.0,0.0,0.0,0.0,0.0,0.0,0.0,0.0,0.0,0.0,0.0,0.0,0.0,0.0,0.0,0.0,0.0,0.0,0.0,0.0,0.0,False,False
2013-04-26,0.0,0.0,0.0,0.0,0.0,0.0,0.0,0.0,0.0,0.0,0.0,0.0,0.0,0.0,0.0,0.0,0.0,0.0,0.0,0.0,0.0,0.0,0.0,0.0,0.0,0.0,0.0,0.0,0.0,0.0,False,False
2013-04-29,0.0,0.0,0.0,0.0,0.0,0.0,0.0,0.0,0.0,0.0,0.0,0.0,0.0,0.0,0.0,0.0,0.0,0.0,0.0,0.0,0.0,0.0,0.0,0.0,0.0,0.0,0.0,0.0,0.0,0.0,False,False
2013-04-30,0.0,0.0,0.0,0.0,0.0,0.0,0.0,0.0,0.0,0.0,0.0,0.0,0.0,0.0,0.0,0.0,0.0,0.0,0.0,0.0,0.0,0.0,0.0,0.0,0.0,0.0,0.0,0.0,0.0,0.0,False,False
2013-05-01,0.0,0.0,0.0,0.0,0.0,0.0,0.0,0.0,0.0,0.0,0.0,0.0,0.0,0.0,0.0,0.0,0.0,0.0,0.0,0.0,0.0,0.0,0.0,0.0,0.0,0.0,0.0,0.0,0.0,0.0,False,False
2013-05-02,0.0,0.0,0.0,0.0,0.0,0.0,0.0,0.0,0.0,0.0,0.0,0.0,0.0,0.0,0.0,0.0,0.0,0.0,0.0,0.0,0.0,0.0,0.0,0.0,0.0,0.0,0.0,0.0,0.0,0.0,False,False
2013-05-03,0.0,0.0,0.0,0.0,0.0,0.0,0.0,0.0,0.0,0.0,0.0,0.0,0.0,0.0,0.0,0.0,0.0,0.0,0.0,0.0,0.0,0.0,0.0,0.0,0.0,0.0,0.0,0.0,0.0,0.0,False,False
2013-05-06,0.0,0.0,0.0,0.0,0.0,0.0,0.0,0.0,0.0,0.0,0.0,0.0,0.0,0.0,0.0,0.0,0.0,0.0,0.0,0.0,0.0,0.0,0.0,0.0,0.0,0.0,0.0,0.0,0.0,0.0,False,False
2013-05-07,0.0,0.0,0.0,0.0,0.0,0.0,0.0,0.0,0.0,0.0,0.0,0.0,0.0,0.0,0.0,0.0,0.0,0.0,0.0,0.0,0.0,0.0,0.0,0.0,0.0,0.0,0.0,0.0,0.0,0.0,False,False
2013-05-08,0.0,0.0,0.0,0.0,0.0,0.0,0.0,0.0,0.0,0.0,0.0,0.0,0.0,0.0,0.0,0.0,0.0,0.0,0.0,0.0,0.0,0.0,0.0,0.0,0.0,0.0,0.0,0.0,0.0,0.0,False,False
2013-05-09,0.0,0.0,0.0,0.0,0.0,0.0,0.0,0.0,0.0,0.0,0.0,0.0,0.0,0.0,0.0,0.0,0.0,0.0,0.0,0.0,0.0,0.0,0.0,0.0,0.0,0.0,0.0,0.0,0.0,0.0,False,False
2013-05-10,0.0,0.0,0.0,0.0,0.0,0.0,0.0,0.0,0.0,0.0,0.0,0.0,0.0,0.0,0.0,0.0,0.0,0.0,0.0,0.0,0.0,0.0,0.0,0.0,0.0,0.0,0.0,0.0,0.0,0.0,False,False
2013-05-13,0.0,0.0,0.0,0.0,0.0,0.0,0.0,0.0,0.0,0.0,0.0,0.0,0.0,0.0,0.0,0.0,0.0,0.0,0.0,0.0,0.0,0.0,0.0,0.0,0.0,0.0,0.0,0.0,0.0,0.0,False,False
2013-05-14,0.0,0.0,0.0,0.0,0.0,0.0,0.0,0.0,0.0,0.0,0.0,0.0,0.0,0.0,0.0,0.0,0.0,0.0,0.0,0.0,0.0,0.0,0.0,0.0,0.0,0.0,0.0,0.0,0.0,0.0,False,False
2013-05-15,0.0,0.0,0.0,0.0,0.0,0.0,0.0,0.0,0.0,0.0,0.0,0.0,0.0,0.0,0.0,0.0,0.0,0.0,0.0,0.0,0.0,0.0,0.0,0.0,0.0,0.0,0.0,0.0,0.0,0.0,False,False
2013-05-16,0.0,0.0,0.0,0.0,0.0,0.0,0.0,0.0,0.0,0.0,0.0,0.0,0.0,0.0,0.0,0.0,0.0,0.0,0.0,0.0,0.0,0.0,0.0,0.0,0.0,0.0,0.0,0.0,0.0,0.0,False,False
2013-05-17,0.0,0.0,0.0,0.0,0.0,0.0,0.0,0.0,0.0,0.0,0.0,0.0,0.0,0.0,0.0,0.0,0.0,0.0,0.0,0.0,0.0,0.0,0.0,0.0,0.0,0.0,0.0,0.0,0.0,0.0,False,False
2013-05-20,0.0,0.0,0.0,0.0,0.0,0.0,0.0,0.0,0.0,0.0,0.0,0.0,0.0,0.0,0.0,0.0,0.0,0.0,0.0,0.0,0.0,0.0,0.0,0.0,0.0,0.0,0.0,0.0,0.0,0.0,False,False
2013-05-21,0.0,0.0,0.0,0.0,0.0,0.0,0.0,0.0,0.0,0.0,0.0,0.0,0.0,0.0,0.0,0.0,0.0,0.0,0.0,0.0,0.0,0.0,0.0,0.0,0.0,0.0,0.0,0.0,0.0,0.0,False,False
2013-05-22,0.0,0.0,0.0,0.0,0.0,0.0,0.0,0.0,0.0,0.0,0.0,0.0,0.0,0.0,0.0,0.0,0.0,0.0,0.0,0.0,0.0,0.0,0.0,0.0,0.0,0.0,0.0,0.0,0.0,0.0,False,False
2013-05-23,0.0,0.0,0.0,0.0,0.0,0.0,0.0,0.0,0.0,0.0,0.0,0.0,0.0,0.0,0.0,0.0,0.0,0.0,0.0,0.0,0.0,0.0,0.0,0.0,0.0,0.0,0.0,0.0,0.0,0.0,False,False
2013-05-24,0.0,0.0,0.0,0.0,0.0,0.0,0.0,0.0,0.0,0.0,0.0,0.0,0.0,0.0,0.0,0.0,0.0,0.0,0.0,0.0,0.0,0.0,0.0,0.0,0.0,0.0,0.0,0.0,0.0,0.0,False,False
2013-05-28,0.0,0.0,0.0,0.0,0.0,0.0,0.0,0.0,0.0,0.0,0.0,0.0,0.0,0.0,0.0,0.0,0.0,0.0,0.0,0.0,0.0,0.0,0.0,0.0,0.0,0.0,0.0,0.0,0.0,0.0,False,False
2013-05-29,0.0,0.0,0.0,0.0,0.0,0.0,0.0,0.0,0.0,0.0,0.0,0.0,0.0,0.0,0.0,0.0,0.0,0.0,0.0,0.0,0.0,0.0,0.0,0.0,0.0,0.0,0.0,0.0,0.0,0.0,False,False
2013-05-30,0.0,0.0,0.0,0.0,0.0,0.0,0.0,0.0,0.0,0.0,0.0,0.0,0.0,0.0,0.0,0.0,0.0,0.0,0.0,0.0,0.0,0.0,0.0,0.0,0.0,0.0,0.0,0.0,0.0,0.0,False,False
2013-05-31,0.0,0.0,0.0,0.0,0.0,0.0,0.0,0.0,0.0,0.0,0.0,0.0,0.0,0.0,0.0,0.0,0.0,0.0,0.0,0.0,0.0,0.0,0.0,0.0,0.0,0.0,0.0,0.0,0.0,0.0,False,False
2013-06-03,0.0,0.0,0.0,0.0,0.0,0.0,0.0,0.0,0.0,0.0,0.0,0.0,0.0,0.0,0.0,0.0,0.0,0.0,0.0,0.0,0.0,0.0,0.0,0.0,0.0,0.0,0.0,0.0,0.0,0.0,False,False
2013-06-04,0.0,0.0,0.0,0.0,0.0,0.0,0.0,0.0,0.0,0.0,0.0,0.0,0.0,0.0,0.0,0.0,0.0,0.0,0.0,0.0,0.0,0.0,0.0,0.0,0.0,0.0,0.0,0.0,0.0,0.0,False,False
2013-06-05,0.0,0.0,0.0,0.0,0.0,0.0,0.0,0.0,0.0,0.0,0.0,0.0,0.0,0.0,0.0,0.0,0.0,0.0,0.0,0.0,0.0,0.0,0.0,0.0,0.0,0.0,0.0,0.0,0.0,0.0,False,False
2013-06-06,0.0,0.0,0.0,0.0,0.0,0.0,0.0,0.0,0.0,0.0,0.0,0.0,0.0,0.0,0.0,0.0,0.0,0.0,0.0,0.0,0.0,0.0,0.0,0.0,0.0,0.0,0.0,0.0,0.0,0.0,False,False
2013-06-07,0.0,0.0,0.0,0.0,0.0,0.0,0.0,0.0,0.0,0.0,0.0,0.0,0.0,0.0,0.0,0.0,0.0,0.0,0.0,0.0,0.0,0.0,0.0,0.0,0.0,0.0,0.0,0.0,0.0,0.0,False,False
2013-06-10,0.0,0.0,0.0,0.0,0.0,0.0,0.0,0.0,0.0,0.0,0.0,0.0,0.0,0.0,0.0,0.0,0.0,0.0,0.0,0.0,0.0,0.0,0.0,0.0,0.0,0.0,0.0,0.0,0.0,0.0,False,False
2013-06-11,0.0,0.0,0.0,0.0,0.0,0.0,0.0,0.0,0.0,0.0,0.0,0.0,0.0,0.0,0.0,0.0,0.0,0.0,0.0,0.0,0.0,0.0,0.0,0.0,0.0,0.0,0.0,0.0,0.0,0.0,False,False
2013-06-12,0.0,0.0,0.0,0.0,0.0,0.0,0.0,0.0,0.0,0.0,0.0,0.0,0.0,0.0,0.0,0.0,0.0,0.0,0.0,0.0,0.0,0.0,0.0,0.0,0.0,0.0,0.0,0.0,0.0,0.0,False,False
2013-06-13,0.0,0.0,0.0,0.0,0.0,0.0,0.0,0.0,0.0,0.0,0.0,0.0,0.0,0.0,0.0,0.0,0.0,0.0,0.0,0.0,0.0,0.0,0.0,0.0,0.0,0.0,0.0,0.0,0.0,0.0,False,False
2013-06-14,0.0,0.0,0.0,0.0,0.0,0.0,0.0,0.0,0.0,0.0,0.0,0.0,0.0,0.0,0.0,0.0,0.0,0.0,0.0,0.0,0.0,0.0,0.0,0.0,0.0,0.0,0.0,0.0,0.0,0.0,False,False
2013-06-17,0.0,0.0,0.0,0.0,0.0,0.0,0.0,0.0,0.0,0.0,0.0,0.0,0.0,0.0,0.0,0.0,0.0,0.0,0.0,0.0,0.0,0.0,0.0,0.0,0.0,0.0,0.0,0.0,0.0,0.0,False,False
2013-06-18,0.0,0.0,0.0,0.0,0.0,0.0,0.0,0.0,0.0,0.0,0.0,0.0,0.0,0.0,0.0,0.0,0.0,0.0,0.0,0.0,0.0,0.0,0.0,0.0,0.0,0.0,0.0,0.0,0.0,0.0,False,False
2013-06-19,0.0,0.0,0.0,0.0,0.0,0.0,0.0,0.0,0.0,0.0,0.0,0.0,0.0,0.0,0.0,0.0,0.0,0.0,0.0,0.0,0.0,0.0,0.0,0.0,0.0,0.0,0.0,0.0,0.0,0.0,False,False
2013-06-20,0.0,0.0,0.0,0.0,0.0,0.0,0.0,0.0,0.0,0.0,0.0,0.0,0.0,0.0,0.0,0.0,0.0,0.0,0.0,0.0,0.0,0.0,0.0,0.0,0.0,0.0,0.0,0.0,0.0,0.0,False,False
2013-06-21,0.0,0.0,0.0,0.0,0.0,0.0,0.0,0.0,0.0,0.0,0.0,0.0,0.0,0.0,0.0,0.0,0.0,0.0,0.0,0.0,0.0,0.0,0.0,0.0,0.0,0.0,0.0,0.0,0.0,0.0,False,False
2013-06-24,0.0,0.0,0.0,0.0,0.0,0.0,0.0,0.0,0.0,0.0,0.0,0.0,0.0,0.0,0.0,0.0,0.0,0.0,0.0,0.0,0.0,0.0,0.0,0.0,0.0,0.0,0.0,0.0,0.0,0.0,False,False
2013-06-25,0.0,0.0,0.0,0.0,0.0,0.0,0.0,0.0,0.0,0.0,0.0,0.0,0.0,0.0,0.0,0.0,0.0,0.0,0.0,0.0,0.0,0.0,0.0,0.0,0.0,0.0,0.0,0.0,0.0,0.0,False,False
2013-06-26,0.0,0.0,0.0,0.0,0.0,0.0,0.0,0.0,0.0,0.0,0.0,0.0,0.0,0.0,0.0,0.0,0.0,0.0,0.0,0.0,0.0,0.0,0.0,0.0,0.0,0.0,0.0,0.0,0.0,0.0,False,False
2013-06-27,0.0,0.0,0.0,0.0,0.0,0.0,0.0,0.0,0.0,0.0,0.0,0.0,0.0,0.0,0.0,0.0,0.0,0.0,0.0,0.0,0.0,0.0,0.0,0.0,0.0,0.0,0.0,0.0,0.0,0.0,False,False
2013-06-28,0.0,0.0,0.0,0.0,0.0,0.0,0.0,0.0,0.0,0.0,0.0,0.0,0.0,0.0,0.0,0.0,0.0,0.0,0.0,0.0,0.0,0.0,0.0,0.0,0.0,0.0,0.0,0.0,0.0,0.0,False,False
2013-07-01,0.0,0.0,0.0,0.0,0.0,0.0,0.0,0.0,0.0,0.0,0.0,0.0,0.0,0.0,0.0,0.0,0.0,0.0,0.0,0.0,0.0,0.0,0.0,0.0,0.0,0.0,0.0,0.0,0.0,0.0,False,False
2013-07-02,0.0,0.0,0.0,0.0,0.0,0.0,0.0,0.0,0.0,0.0,0.0,0.0,0.0,0.0,0.0,0.0,0.0,0.0,0.0,0.0,0.0,0.0,0.0,0.0,0.0,0.0,0.0,0.0,0.0,0.0,False,False
2013-07-03,0.0,0.0,0.0,0.0,0.0,0.0,0.0,0.0,0.0,0.0,0.0,0.0,0.0,0.0,0.0,0.0,0.0,0.0,0.0,0.0,0.0,0.0,0.0,0.0,0.0,0.0,0.0,0.0,0.0,0.0,False,False
2013-07-05,0.0,0.0,0.0,0.0,0.0,0.0,0.0,0.0,0.0,0.0,0.0,0.0,0.0,0.0,0.0,0.0,0.0,0.0,0.0,0.0,0.0,0.0,0.0,0.0,0.0,0.0,0.0,0.0,0.0,0.0,False,False
2013-07-08,0.0,0.0,0.0,0.0,0.0,0.0,0.0,0.0,0.0,0.0,0.0,0.0,0.0,0.0,0.0,0.0,0.0,0.0,0.0,0.0,0.0,0.0,0.0,0.0,0.0,0.0,0.0,0.0,0.0,0.0,False,False
2013-07-09,0.0,0.0,0.0,0.0,0.0,0.0,0.0,0.0,0.0,0.0,0.0,0.0,0.0,0.0,0.0,0.0,0.0,0.0,0.0,0.0,0.0,0.0,0.0,0.0,0.0,0.0,0.0,0.0,0.0,0.0,False,False
2013-07-10,0.0,0.0,0.0,0.0,0.0,0.0,0.0,0.0,0.0,0.0,0.0,0.0,0.0,0.0,0.0,0.0,0.0,0.0,0.0,0.0,0.0,0.0,0.0,0.0,0.0,0.0,0.0,0.0,0.0,0.0,False,False
2013-07-11,0.0,0.0,0.0,0.0,0.0,0.0,0.0,0.0,0.0,0.0,0.0,0.0,0.0,0.0,0.0,0.0,0.0,0.0,0.0,0.0,0.0,0.0,0.0,0.0,0.0,0.0,0.0,0.0,0.0,0.0,False,False
2013-07-12,0.0,0.0,0.0,0.0,0.0,0.0,0.0,0.0,0.0,0.0,0.0,0.0,0.0,0.0,0.0,0.0,0.0,0.0,0.0,0.0,0.0,0.0,0.0,0.0,0.0,0.0,0.0,0.0,0.0,0.0,False,False
2013-07-15,0.0,0.0,0.0,0.0,0.0,0.0,0.0,0.0,0.0,0.0,0.0,0.0,0.0,0.0,0.0,0.0,0.0,0.0,0.0,0.0,0.0,0.0,0.0,0.0,0.0,0.0,0.0,0.0,0.0,0.0,False,False
2013-07-16,0.0,0.0,0.0,0.0,0.0,0.0,0.0,0.0,0.0,0.0,0.0,0.0,0.0,0.0,0.0,0.0,0.0,0.0,0.0,0.0,0.0,0.0,0.0,0.0,0.0,0.0,0.0,0.0,0.0,0.0,False,False
2013-07-17,0.0,0.0,0.0,0.0,0.0,0.0,0.0,0.0,0.0,0.0,0.0,0.0,0.0,0.0,0.0,0.0,0.0,0.0,0.0,0.0,0.0,0.0,0.0,0.0,0.0,0.0,0.0,0.0,0.0,0.0,False,False
2013-07-18,0.0,0.0,0.0,0.0,0.0,0.0,0.0,0.0,0.0,0.0,0.0,0.0,0.0,0.0,0.0,0.0,0.0,0.0,0.0,0.0,0.0,0.0,0.0,0.0,0.0,0.0,0.0,0.0,0.0,0.0,False,False
2013-07-19,0.0,0.0,0.0,0.0,0.0,0.0,0.0,0.0,0.0,0.0,0.0,0.0,0.0,0.0,0.0,0.0,0.0,0.0,0.0,0.0,0.0,0.0,0.0,0.0,0.0,0.0,0.0,0.0,0.0,0.0,False,False
2013-07-22,0.0,0.0,0.0,0.0,0.0,0.0,0.0,0.0,0.0,0.0,0.0,0.0,0.0,0.0,0.0,0.0,0.0,0.0,0.0,0.0,0.0,0.0,0.0,0.0,0.0,0.0,0.0,0.0,0.0,0.0,False,False
2013-07-23,0.0,0.0,0.0,0.0,0.0,0.0,0.0,0.0,0.0,0.0,0.0,0.0,0.0,0.0,0.0,0.0,0.0,0.0,0.0,0.0,0.0,0.0,0.0,0.0,0.0,0.0,0.0,0.0,0.0,0.0,False,False
2013-07-24,0.0,0.0,0.0,0.0,0.0,0.0,0.0,0.0,0.0,0.0,0.0,0.0,0.0,0.0,0.0,0.0,0.0,0.0,0.0,0.0,0.0,0.0,0.0,0.0,0.0,0.0,0.0,0.0,0.0,0.0,False,False
2013-07-25,0.0,0.0,0.0,0.0,0.0,0.0,0.0,0.0,0.0,0.0,0.0,0.0,0.0,0.0,0.0,0.0,0.0,0.0,0.0,0.0,0.0,0.0,0.0,0.0,0.0,0.0,0.0,0.0,0.0,0.0,False,False
2013-07-26,0.0,0.0,0.0,0.0,0.0,0.0,0.0,0.0,0.0,0.0,0.0,0.0,0.0,0.0,0.0,0.0,0.0,0.0,0.0,0.0,0.0,0.0,0.0,0.0,0.0,0.0,0.0,0.0,0.0,0.0,False,False
2013-07-29,0.0,0.0,0.0,0.0,0.0,0.0,0.0,0.0,0.0,0.0,0.0,0.0,0.0,0.0,0.0,0.0,0.0,0.0,0.0,0.0,0.0,0.0,0.0,0.0,0.0,0.0,0.0,0.0,0.0,0.0,False,False
2013-07-30,0.0,0.0,0.0,0.0,0.0,0.0,0.0,0.0,0.0,0.0,0.0,0.0,0.0,0.0,0.0,0.0,0.0,0.0,0.0,0.0,0.0,0.0,0.0,0.0,0.0,0.0,0.0,0.0,0.0,0.0,False,False
2013-07-31,0.0,0.0,0.0,0.0,0.0,0.0,0.0,0.0,0.0,0.0,0.0,0.0,0.0,0.0,0.0,0.0,0.0,0.0,0.0,0.0,0.0,0.0,0.0,0.0,0.0,0.0,0.0,0.0,0.0,0.0,False,False
2013-08-01,0.0,0.0,0.0,0.0,0.0,0.0,0.0,0.0,0.0,0.0,0.0,0.0,0.0,0.0,0.0,0.0,0.0,0.0,0.0,0.0,0.0,0.0,0.0,0.0,0.0,0.0,0.0,0.0,0.0,0.0,False,False
2013-08-02,0.0,0.0,0.0,0.0,0.0,0.0,0.0,0.0,0.0,0.0,0.0,0.0,0.0,0.0,0.0,0.0,0.0,0.0,0.0,0.0,0.0,0.0,0.0,0.0,0.0,0.0,0.0,0.0,0.0,0.0,False,False
2013-08-05,0.0,0.0,0.0,0.0,0.0,0.0,0.0,0.0,0.0,0.0,0.0,0.0,0.0,0.0,0.0,0.0,0.0,0.0,0.0,0.0,0.0,0.0,0.0,0.0,0.0,0.0,0.0,0.0,0.0,0.0,False,False
2013-08-06,0.0,0.0,0.0,0.0,0.0,0.0,0.0,0.0,0.0,0.0,0.0,0.0,0.0,0.0,0.0,0.0,0.0,0.0,0.0,0.0,0.0,0.0,0.0,0.0,0.0,0.0,0.0,0.0,0.0,0.0,False,False
2013-08-07,0.0,0.0,0.0,0.0,0.0,0.0,0.0,0.0,0.0,0.0,0.0,0.0,0.0,0.0,0.0,0.0,0.0,0.0,0.0,0.0,0.0,0.0,0.0,0.0,0.0,0.0,0.0,0.0,0.0,0.0,False,False
2013-08-08,0.0,0.0,0.0,0.0,0.0,0.0,0.0,0.0,0.0,0.0,0.0,0.0,0.0,0.0,0.0,0.0,0.0,0.0,0.0,0.0,0.0,0.0,0.0,0.0,0.0,0.0,0.0,0.0,0.0,0.0,False,False
2013-08-09,0.0,0.0,0.0,0.0,0.0,0.0,0.0,0.0,0.0,0.0,0.0,0.0,0.0,0.0,0.0,0.0,0.0,0.0,0.0,0.0,0.0,0.0,0.0,0.0,0.0,0.0,0.0,0.0,0.0,0.0,False,False
2013-08-12,0.0,0.0,0.0,0.0,0.0,0.0,0.0,0.0,0.0,0.0,0.0,0.0,0.0,0.0,0.0,0.0,0.0,0.0,0.0,0.0,0.0,0.0,0.0,0.0,0.0,0.0,0.0,0.0,0.0,0.0,False,False
2013-08-13,0.0,0.0,0.0,0.0,0.0,0.0,0.0,0.0,0.0,0.0,0.0,0.0,0.0,0.0,0.0,0.0,0.0,0.0,0.0,0.0,0.0,0.0,0.0,0.0,0.0,0.0,0.0,0.0,0.0,0.0,False,False
2013-08-14,0.0,0.0,0.0,0.0,0.0,0.0,0.0,0.0,0.0,0.0,0.0,0.0,0.0,0.0,0.0,0.0,0.0,0.0,0.0,0.0,0.0,0.0,0.0,0.0,0.0,0.0,0.0,0.0,0.0,0.0,False,False
2013-08-15,0.0,0.0,0.0,0.0,0.0,0.0,0.0,0.0,0.0,0.0,0.0,0.0,0.0,0.0,0.0,0.0,0.0,0.0,0.0,0.0,0.0,0.0,0.0,0.0,0.0,0.0,0.0,0.0,0.0,0.0,False,False
2013-08-16,0.0,0.0,0.0,0.0,0.0,0.0,0.0,0.0,0.0,0.0,0.0,0.0,0.0,0.0,0.0,0.0,0.0,0.0,0.0,0.0,0.0,0.0,0.0,0.0,0.0,0.0,0.0,0.0,0.0,0.0,False,False
2013-08-19,0.0,0.0,0.0,0.0,0.0,0.0,0.0,0.0,0.0,0.0,0.0,0.0,0.0,0.0,0.0,0.0,0.0,0.0,0.0,0.0,0.0,0.0,0.0,0.0,0.0,0.0,0.0,0.0,0.0,0.0,False,False
2013-08-20,0.0,0.0,0.0,0.0,0.0,0.0,0.0,0.0,0.0,0.0,0.0,0.0,0.0,0.0,0.0,0.0,0.0,0.0,0.0,0.0,0.0,0.0,0.0,0.0,0.0,0.0,0.0,0.0,0.0,0.0,False,False
2013-08-21,0.0,0.0,0.0,0.0,0.0,0.0,0.0,0.0,0.0,0.0,0.0,0.0,0.0,0.0,0.0,0.0,0.0,0.0,0.0,0.0,0.0,0.0,0.0,0.0,0.0,0.0,0.0,0.0,0.0,0.0,False,False
2013-08-22,0.0,0.0,0.0,0.0,0.0,0.0,0.0,0.0,0.0,0.0,0.0,0.0,0.0,0.0,0.0,0.0,0.0,0.0,0.0,0.0,0.0,0.0,0.0,0.0,0.0,0.0,0.0,0.0,0.0,0.0,False,False
2013-08-23,0.0,0.0,0.0,0.0,0.0,0.0,0.0,0.0,0.0,0.0,0.0,0.0,0.0,0.0,0.0,0.0,0.0,0.0,0.0,0.0,0.0,0.0,0.0,0.0,0.0,0.0,0.0,0.0,0.0,0.0,False,False
2013-08-26,0.0,0.0,0.0,0.0,0.0,0.0,0.0,0.0,0.0,0.0,0.0,0.0,0.0,0.0,0.0,0.0,0.0,0.0,0.0,0.0,0.0,0.0,0.0,0.0,0.0,0.0,0.0,0.0,0.0,0.0,False,False
2013-08-27,0.0,0.0,0.0,0.0,0.0,0.0,0.0,0.0,0.0,0.0,0.0,0.0,0.0,0.0,0.0,0.0,0.0,0.0,0.0,0.0,0.0,0.0,0.0,0.0,0.0,0.0,0.0,0.0,0.0,0.0,False,False
2013-08-28,0.0,0.0,0.0,0.0,0.0,0.0,0.0,0.0,0.0,0.0,0.0,0.0,0.0,0.0,0.0,0.0,0.0,0.0,0.0,0.0,0.0,0.0,0.0,0.0,0.0,0.0,0.0,0.0,0.0,0.0,False,False
2013-08-29,0.0,0.0,0.0,0.0,0.0,0.0,0.0,0.0,0.0,0.0,0.0,0.0,0.0,0.0,0.0,0.0,0.0,0.0,0.0,0.0,0.0,0.0,0.0,0.0,0.0,0.0,0.0,0.0,0.0,0.0,False,False
2013-08-30,0.0,0.0,0.0,0.0,0.0,0.0,0.0,0.0,0.0,0.0,0.0,0.0,0.0,0.0,0.0,0.0,0.0,0.0,0.0,0.0,0.0,0.0,0.0,0.0,0.0,0.0,0.0,0.0,0.0,0.0,False,False
2013-09-03,0.0,0.0,0.0,0.0,0.0,0.0,0.0,0.0,0.0,0.0,0.0,0.0,0.0,0.0,0.0,0.0,0.0,0.0,0.0,0.0,0.0,0.0,0.0,0.0,0.0,0.0,0.0,0.0,0.0,0.0,False,False
2013-09-04,0.0,0.0,0.0,0.0,0.0,0.0,0.0,0.0,0.0,0.0,0.0,0.0,0.0,0.0,0.0,0.0,0.0,0.0,0.0,0.0,0.0,0.0,0.0,0.0,0.0,0.0,0.0,0.0,0.0,0.0,False,False
2013-09-05,0.0,0.0,0.0,0.0,0.0,0.0,0.0,0.0,0.0,0.0,0.0,0.0,0.0,0.0,0.0,0.0,0.0,0.0,0.0,0.0,0.0,0.0,0.0,0.0,0.0,0.0,0.0,0.0,0.0,0.0,False,False
2013-09-06,0.0,0.0,0.0,0.0,0.0,0.0,0.0,0.0,0.0,0.0,0.0,0.0,0.0,0.0,0.0,0.0,0.0,0.0,0.0,0.0,0.0,0.0,0.0,0.0,0.0,0.0,0.0,0.0,0.0,0.0,False,False
2013-09-09,0.0,0.0,0.0,0.0,0.0,0.0,0.0,0.0,0.0,0.0,0.0,0.0,0.0,0.0,0.0,0.0,0.0,0.0,0.0,0.0,0.0,0.0,0.0,0.0,0.0,0.0,0.0,0.0,0.0,0.0,False,False
2013-09-10,0.0,0.0,0.0,0.0,0.0,0.0,0.0,0.0,0.0,0.0,0.0,0.0,0.0,0.0,0.0,0.0,0.0,0.0,0.0,0.0,0.0,0.0,0.0,0.0,0.0,0.0,0.0,0.0,0.0,0.0,False,False
2013-09-11,0.0,0.0,0.0,0.0,0.0,0.0,0.0,0.0,0.0,0.0,0.0,0.0,0.0,0.0,0.0,0.0,0.0,0.0,0.0,0.0,0.0,0.0,0.0,0.0,0.0,0.0,0.0,0.0,0.0,0.0,False,False
2013-09-12,0.0,0.0,0.0,0.0,0.0,0.0,0.0,0.0,0.0,0.0,0.0,0.0,0.0,0.0,0.0,0.0,0.0,0.0,0.0,0.0,0.0,0.0,0.0,0.0,0.0,0.0,0.0,0.0,0.0,0.0,False,False
2013-09-13,0.0,0.0,0.0,0.0,0.0,0.0,0.0,0.0,0.0,0.0,0.0,0.0,0.0,0.0,0.0,0.0,0.0,0.0,0.0,0.0,0.0,0.0,0.0,0.0,0.0,0.0,0.0,0.0,0.0,0.0,False,False
2013-09-16,0.0,0.0,0.0,0.0,0.0,0.0,0.0,0.0,0.0,0.0,0.0,0.0,0.0,0.0,0.0,0.0,0.0,0.0,0.0,0.0,0.0,0.0,0.0,0.0,0.0,0.0,0.0,0.0,0.0,0.0,False,False
2013-09-17,0.0,0.0,0.0,0.0,0.0,0.0,0.0,0.0,0.0,0.0,0.0,0.0,0.0,0.0,0.0,0.0,0.0,0.0,0.0,0.0,0.0,0.0,0.0,0.0,0.0,0.0,0.0,0.0,0.0,0.0,False,False
2013-09-18,0.0,0.0,0.0,0.0,0.0,0.0,0.0,0.0,0.0,0.0,0.0,0.0,0.0,0.0,0.0,0.0,0.0,0.0,0.0,0.0,0.0,0.0,0.0,0.0,0.0,0.0,0.0,0.0,0.0,0.0,False,False
2013-09-19,0.0,0.0,0.0,0.0,0.0,0.0,0.0,0.0,0.0,0.0,0.0,0.0,0.0,0.0,0.0,0.0,0.0,0.0,0.0,0.0,0.0,0.0,0.0,0.0,0.0,0.0,0.0,0.0,0.0,0.0,False,False
2013-09-20,0.0,0.0,0.0,0.0,0.0,0.0,0.0,0.0,0.0,0.0,0.0,0.0,0.0,0.0,0.0,0.0,0.0,0.0,0.0,0.0,0.0,0.0,0.0,0.0,0.0,0.0,0.0,0.0,0.0,0.0,False,False
2013-09-23,0.0,0.0,0.0,0.0,0.0,0.0,0.0,0.0,0.0,0.0,0.0,0.0,0.0,0.0,0.0,0.0,0.0,0.0,0.0,0.0,0.0,0.0,0.0,0.0,0.0,0.0,0.0,0.0,0.0,0.0,False,False
2013-09-24,0.0,0.0,0.0,0.0,0.0,0.0,0.0,0.0,0.0,0.0,0.0,0.0,0.0,0.0,0.0,0.0,0.0,0.0,0.0,0.0,0.0,0.0,0.0,0.0,0.0,0.0,0.0,0.0,0.0,0.0,False,False
2013-09-25,0.0,0.0,0.0,0.0,0.0,0.0,0.0,0.0,0.0,0.0,0.0,0.0,0.0,0.0,0.0,0.0,0.0,0.0,0.0,0.0,0.0,0.0,0.0,0.0,0.0,0.0,0.0,0.0,0.0,0.0,False,False
2013-09-26,0.0,0.0,0.0,0.0,0.0,0.0,0.0,0.0,0.0,0.0,0.0,0.0,0.0,0.0,0.0,0.0,0.0,0.0,0.0,0.0,0.0,0.0,0.0,0.0,0.0,0.0,0.0,0.0,0.0,0.0,False,False
2013-09-27,0.0,0.0,0.0,0.0,0.0,0.0,0.0,0.0,0.0,0.0,0.0,0.0,0.0,0.0,0.0,0.0,0.0,0.0,0.0,0.0,0.0,0.0,0.0,0.0,0.0,0.0,0.0,0.0,0.0,0.0,False,False
2013-09-30,0.0,0.0,0.0,0.0,0.0,0.0,0.0,0.0,0.0,0.0,0.0,0.0,0.0,0.0,0.0,0.0,0.0,0.0,0.0,0.0,0.0,0.0,0.0,0.0,0.0,0.0,0.0,0.0,0.0,0.0,False,False
2013-10-01,0.0,0.0,0.0,0.0,0.0,0.0,0.0,0.0,0.0,0.0,0.0,0.0,0.0,0.0,0.0,0.0,0.0,0.0,0.0,0.0,0.0,0.0,0.0,0.0,0.0,0.0,0.0,0.0,0.0,0.0,False,False
2013-10-02,0.0,0.0,0.0,0.0,0.0,0.0,0.0,0.0,0.0,0.0,0.0,0.0,0.0,0.0,0.0,0.0,0.0,0.0,0.0,0.0,0.0,0.0,0.0,0.0,0.0,0.0,0.0,0.0,0.0,0.0,False,False
2013-10-03,0.0,0.0,0.0,0.0,0.0,0.0,0.0,0.0,0.0,0.0,0.0,0.0,0.0,0.0,0.0,0.0,0.0,0.0,0.0,0.0,0.0,0.0,0.0,0.0,0.0,0.0,0.0,0.0,0.0,0.0,False,False
2013-10-04,0.0,0.0,0.0,0.0,0.0,0.0,0.0,0.0,0.0,0.0,0.0,0.0,0.0,0.0,0.0,0.0,0.0,0.0,0.0,0.0,0.0,0.0,0.0,0.0,0.0,0.0,0.0,0.0,0.0,0.0,False,False
2013-10-07,0.0,0.0,0.0,0.0,0.0,0.0,0.0,0.0,0.0,0.0,0.0,0.0,0.0,0.0,0.0,0.0,0.0,0.0,0.0,0.0,0.0,0.0,0.0,0.0,0.0,0.0,0.0,0.0,0.0,0.0,False,False
2013-10-08,0.0,0.0,0.0,0.0,0.0,0.0,0.0,0.0,0.0,0.0,0.0,0.0,0.0,0.0,0.0,0.0,0.0,0.0,0.0,0.0,0.0,0.0,0.0,0.0,0.0,0.0,0.0,0.0,0.0,0.0,False,False
2013-10-09,0.0,0.0,0.0,0.0,0.0,0.0,0.0,0.0,0.0,0.0,0.0,0.0,0.0,0.0,0.0,0.0,0.0,0.0,0.0,0.0,0.0,0.0,0.0,0.0,0.0,0.0,0.0,0.0,0.0,0.0,False,False
2013-10-10,0.0,0.0,0.0,0.0,0.0,0.0,0.0,0.0,0.0,0.0,0.0,0.0,0.0,0.0,0.0,0.0,0.0,0.0,0.0,0.0,0.0,0.0,0.0,0.0,0.0,0.0,0.0,0.0,0.0,0.0,False,False
2013-10-11,0.0,0.0,0.0,0.0,0.0,0.0,0.0,0.0,0.0,0.0,0.0,0.0,0.0,0.0,0.0,0.0,0.0,0.0,0.0,0.0,0.0,0.0,0.0,0.0,0.0,0.0,0.0,0.0,0.0,0.0,False,False
2013-10-14,0.0,0.0,0.0,0.0,0.0,0.0,0.0,0.0,0.0,0.0,0.0,0.0,0.0,0.0,0.0,0.0,0.0,0.0,0.0,0.0,0.0,0.0,0.0,0.0,0.0,0.0,0.0,0.0,0.0,0.0,False,False
2013-10-15,0.0,0.0,0.0,0.0,0.0,0.0,0.0,0.0,0.0,0.0,0.0,0.0,0.0,0.0,0.0,0.0,0.0,0.0,0.0,0.0,0.0,0.0,0.0,0.0,0.0,0.0,0.0,0.0,0.0,0.0,False,False
2013-10-16,0.0,0.0,0.0,0.0,0.0,0.0,0.0,0.0,0.0,0.0,0.0,0.0,0.0,0.0,0.0,0.0,0.0,0.0,0.0,0.0,0.0,0.0,0.0,0.0,0.0,0.0,0.0,0.0,0.0,0.0,False,False
2013-10-17,0.0,0.0,0.0,0.0,0.0,0.0,0.0,0.0,0.0,0.0,0.0,0.0,0.0,0.0,0.0,0.0,0.0,0.0,0.0,0.0,0.0,0.0,0.0,0.0,0.0,0.0,0.0,0.0,0.0,0.0,False,False
2013-10-18,0.0,0.0,0.0,0.0,0.0,0.0,0.0,0.0,0.0,0.0,0.0,0.0,0.0,0.0,0.0,0.0,0.0,0.0,0.0,0.0,0.0,0.0,0.0,0.0,0.0,0.0,0.0,0.0,0.0,0.0,False,False
2013-10-21,0.0,0.0,0.0,0.0,0.0,0.0,0.0,0.0,0.0,0.0,0.0,0.0,0.0,0.0,0.0,0.0,0.0,0.0,0.0,0.0,0.0,0.0,0.0,0.0,0.0,0.0,0.0,0.0,0.0,0.0,False,False
2013-10-22,0.0,0.0,0.0,0.0,0.0,0.0,0.0,0.0,0.0,0.0,0.0,0.0,0.0,0.0,0.0,0.0,0.0,0.0,0.0,0.0,0.0,0.0,0.0,0.0,0.0,0.0,0.0,0.0,0.0,0.0,False,False
2013-10-23,0.0,0.0,0.0,0.0,0.0,0.0,0.0,0.0,0.0,0.0,0.0,0.0,0.0,0.0,0.0,0.0,0.0,0.0,0.0,0.0,0.0,0.0,0.0,0.0,0.0,0.0,0.0,0.0,0.0,0.0,False,False
2013-10-24,0.0,0.0,0.0,0.0,0.0,0.0,0.0,0.0,0.0,0.0,0.0,0.0,0.0,0.0,0.0,0.0,0.0,0.0,0.0,0.0,0.0,0.0,0.0,0.0,0.0,0.0,0.0,0.0,0.0,0.0,False,False
2013-10-25,0.0,0.0,0.0,0.0,0.0,0.0,0.0,0.0,0.0,0.0,0.0,0.0,0.0,0.0,0.0,0.0,0.0,0.0,0.0,0.0,0.0,0.0,0.0,0.0,0.0,0.0,0.0,0.0,0.0,0.0,False,False
2013-10-28,0.0,0.0,0.0,0.0,0.0,0.0,0.0,0.0,0.0,0.0,0.0,0.0,0.0,0.0,0.0,0.0,0.0,0.0,0.0,0.0,0.0,0.0,0.0,0.0,0.0,0.0,0.0,0.0,0.0,0.0,False,False
2013-10-29,0.0,0.0,0.0,0.0,0.0,0.0,0.0,0.0,0.0,0.0,0.0,0.0,0.0,0.0,0.0,0.0,0.0,0.0,0.0,0.0,0.0,0.0,0.0,0.0,0.0,0.0,0.0,0.0,0.0,0.0,False,False
2013-10-30,0.0,0.0,0.0,0.0,0.0,0.0,0.0,0.0,0.0,0.0,0.0,0.0,0.0,0.0,0.0,0.0,0.0,0.0,0.0,0.0,0.0,0.0,0.0,0.0,0.0,0.0,0.0,0.0,0.0,0.0,False,False
2013-10-31,0.0,0.0,0.0,0.0,0.0,0.0,0.0,0.0,0.0,0.0,0.0,0.0,0.0,0.0,0.0,0.0,0.0,0.0,0.0,0.0,0.0,0.0,0.0,0.0,0.0,0.0,0.0,0.0,0.0,0.0,False,False
2013-11-01,0.0,0.0,0.0,0.0,0.0,0.0,0.0,0.0,0.0,0.0,0.0,0.0,0.0,0.0,0.0,0.0,0.0,0.0,0.0,0.0,0.0,0.0,0.0,0.0,0.0,0.0,0.0,0.0,0.0,0.0,False,False
2013-11-04,0.0,0.0,0.0,0.0,0.0,0.0,0.0,0.0,0.0,0.0,0.0,0.0,0.0,0.0,0.0,0.0,0.0,0.0,0.0,0.0,0.0,0.0,0.0,0.0,0.0,0.0,0.0,0.0,0.0,0.0,False,False
2013-11-05,0.0,0.0,0.0,0.0,0.0,0.0,0.0,0.0,0.0,0.0,0.0,0.0,0.0,0.0,0.0,0.0,0.0,0.0,0.0,0.0,0.0,0.0,0.0,0.0,0.0,0.0,0.0,0.0,0.0,0.0,False,False
2013-11-06,0.0,0.0,0.0,0.0,0.0,0.0,0.0,0.0,0.0,0.0,0.0,0.0,0.0,0.0,0.0,0.0,0.0,0.0,0.0,0.0,0.0,0.0,0.0,0.0,0.0,0.0,0.0,0.0,0.0,0.0,False,False
2013-11-07,0.0,0.0,0.0,0.0,0.0,0.0,0.0,0.0,0.0,0.0,0.0,0.0,0.0,0.0,0.0,0.0,0.0,0.0,0.0,0.0,0.0,0.0,0.0,0.0,0.0,0.0,0.0,0.0,0.0,0.0,False,False
2013-11-08,0.0,0.0,0.0,0.0,0.0,0.0,0.0,0.0,0.0,0.0,0.0,0.0,0.0,0.0,0.0,0.0,0.0,0.0,0.0,0.0,0.0,0.0,0.0,0.0,0.0,0.0,0.0,0.0,0.0,0.0,False,False
2013-11-11,0.0,0.0,0.0,0.0,0.0,0.0,0.0,0.0,0.0,0.0,0.0,0.0,0.0,0.0,0.0,0.0,0.0,0.0,0.0,0.0,0.0,0.0,0.0,0.0,0.0,0.0,0.0,0.0,0.0,0.0,False,False
2013-11-12,0.0,0.0,0.0,0.0,0.0,0.0,0.0,0.0,0.0,0.0,0.0,0.0,0.0,0.0,0.0,0.0,0.0,0.0,0.0,0.0,0.0,0.0,0.0,0.0,0.0,0.0,0.0,0.0,0.0,0.0,False,False
2013-11-13,0.0,0.0,0.0,0.0,0.0,0.0,0.0,0.0,0.0,0.0,0.0,0.0,0.0,0.0,0.0,0.0,0.0,0.0,0.0,0.0,0.0,0.0,0.0,0.0,0.0,0.0,0.0,0.0,0.0,0.0,False,False
2013-11-14,0.0,0.0,0.0,0.0,0.0,0.0,0.0,0.0,0.0,0.0,0.0,0.0,0.0,0.0,0.0,0.0,0.0,0.0,0.0,0.0,0.0,0.0,0.0,0.0,0.0,0.0,0.0,0.0,0.0,0.0,False,False
2013-11-15,0.0,0.0,0.0,0.0,0.0,0.0,0.0,0.0,0.0,0.0,0.0,0.0,0.0,0.0,0.0,0.0,0.0,0.0,0.0,0.0,0.0,0.0,0.0,0.0,0.0,0.0,0.0,0.0,0.0,0.0,False,False
2013-11-18,0.0,0.0,0.0,0.0,0.0,0.0,0.0,0.0,0.0,0.0,0.0,0.0,0.0,0.0,0.0,0.0,0.0,0.0,0.0,0.0,0.0,0.0,0.0,0.0,0.0,0.0,0.0,0.0,0.0,0.0,False,False
2013-11-19,0.0,0.0,0.0,0.0,0.0,0.0,0.0,0.0,0.0,0.0,0.0,0.0,0.0,0.0,0.0,0.0,0.0,0.0,0.0,0.0,0.0,0.0,0.0,0.0,0.0,0.0,0.0,0.0,0.0,0.0,False,False
2013-11-20,0.0,0.0,0.0,0.0,0.0,0.0,0.0,0.0,0.0,0.0,0.0,0.0,0.0,0.0,0.0,0.0,0.0,0.0,0.0,0.0,0.0,0.0,0.0,0.0,0.0,0.0,0.0,0.0,0.0,0.0,False,False
2013-11-21,0.0,0.0,0.0,0.0,0.0,0.0,0.0,0.0,0.0,0.0,0.0,0.0,0.0,0.0,0.0,0.0,0.0,0.0,0.0,0.0,0.0,0.0,0.0,0.0,0.0,0.0,0.0,0.0,0.0,0.0,False,False
2013-11-22,0.0,0.0,0.0,0.0,0.0,0.0,0.0,0.0,0.0,0.0,0.0,0.0,0.0,0.0,0.0,0.0,0.0,0.0,0.0,0.0,0.0,0.0,0.0,0.0,0.0,0.0,0.0,0.0,0.0,0.0,False,False
2013-11-25,0.0,0.0,0.0,0.0,0.0,0.0,0.0,0.0,0.0,0.0,0.0,0.0,0.0,0.0,0.0,0.0,0.0,0.0,0.0,0.0,0.0,0.0,0.0,0.0,0.0,0.0,0.0,0.0,0.0,0.0,False,False
2013-11-26,0.0,0.0,0.0,0.0,0.0,0.0,0.0,0.0,0.0,0.0,0.0,0.0,0.0,0.0,0.0,0.0,0.0,0.0,0.0,0.0,0.0,0.0,0.0,0.0,0.0,0.0,0.0,0.0,0.0,0.0,False,False
2013-11-27,0.0,0.0,0.0,0.0,0.0,0.0,0.0,0.0,0.0,0.0,0.0,0.0,0.0,0.0,0.0,0.0,0.0,0.0,0.0,0.0,0.0,0.0,0.0,0.0,0.0,0.0,0.0,0.0,0.0,0.0,False,False
2013-11-29,0.0,0.0,0.0,0.0,0.0,0.0,0.0,0.0,0.0,0.0,0.0,0.0,0.0,0.0,0.0,0.0,0.0,0.0,0.0,0.0,0.0,0.0,0.0,0.0,0.0,0.0,0.0,0.0,0.0,0.0,False,False
2013-12-02,0.0,0.0,0.0,0.0,0.0,0.0,0.0,0.0,0.0,0.0,0.0,0.0,0.0,0.0,0.0,0.0,0.0,0.0,0.0,0.0,0.0,0.0,0.0,0.0,0.0,0.0,0.0,0.0,0.0,0.0,False,False
2013-12-03,0.0,0.0,0.0,0.0,0.0,0.0,0.0,0.0,0.0,0.0,0.0,0.0,0.0,0.0,0.0,0.0,0.0,0.0,0.0,0.0,0.0,0.0,0.0,0.0,0.0,0.0,0.0,0.0,0.0,0.0,False,False
2013-12-04,0.0,0.0,0.0,0.0,0.0,0.0,0.0,0.0,0.0,0.0,0.0,0.0,0.0,0.0,0.0,0.0,0.0,0.0,0.0,0.0,0.0,0.0,0.0,0.0,0.0,0.0,0.0,0.0,0.0,0.0,False,False
2013-12-05,0.0,0.0,0.0,0.0,0.0,0.0,0.0,0.0,0.0,0.0,0.0,0.0,0.0,0.0,0.0,0.0,0.0,0.0,0.0,0.0,0.0,0.0,0.0,0.0,0.0,0.0,0.0,0.0,0.0,0.0,False,False
2013-12-06,0.0,0.0,0.0,0.0,0.0,0.0,0.0,0.0,0.0,0.0,0.0,0.0,0.0,0.0,0.0,0.0,0.0,0.0,0.0,0.0,0.0,0.0,0.0,0.0,0.0,0.0,0.0,0.0,0.0,0.0,False,False
2013-12-09,0.0,0.0,0.0,0.0,0.0,0.0,0.0,0.0,0.0,0.0,0.0,0.0,0.0,0.0,0.0,0.0,0.0,0.0,0.0,0.0,0.0,0.0,0.0,0.0,0.0,0.0,0.0,0.0,0.0,0.0,False,False
2013-12-10,0.0,0.0,0.0,0.0,0.0,0.0,0.0,0.0,0.0,0.0,0.0,0.0,0.0,0.0,0.0,0.0,0.0,0.0,0.0,0.0,0.0,0.0,0.0,0.0,0.0,0.0,0.0,0.0,0.0,0.0,False,False
2013-12-11,0.0,0.0,0.0,0.0,0.0,0.0,0.0,0.0,0.0,0.0,0.0,0.0,0.0,0.0,0.0,0.0,0.0,0.0,0.0,0.0,0.0,0.0,0.0,0.0,0.0,0.0,0.0,0.0,0.0,0.0,False,False
2013-12-12,0.0,0.0,0.0,0.0,0.0,0.0,0.0,0.0,0.0,0.0,0.0,0.0,0.0,0.0,0.0,0.0,0.0,0.0,0.0,0.0,0.0,0.0,0.0,0.0,0.0,0.0,0.0,0.0,0.0,0.0,False,False
2013-12-13,0.0,0.0,0.0,0.0,0.0,0.0,0.0,0.0,0.0,0.0,0.0,0.0,0.0,0.0,0.0,0.0,0.0,0.0,0.0,0.0,0.0,0.0,0.0,0.0,0.0,0.0,0.0,0.0,0.0,0.0,False,False
2013-12-16,0.0,0.0,0.0,0.0,0.0,0.0,0.0,0.0,0.0,0.0,0.0,0.0,0.0,0.0,0.0,0.0,0.0,0.0,0.0,0.0,0.0,0.0,0.0,0.0,0.0,0.0,0.0,0.0,0.0,0.0,False,False
2013-12-17,0.0,0.0,0.0,0.0,0.0,0.0,0.0,0.0,0.0,0.0,0.0,0.0,0.0,0.0,0.0,0.0,0.0,0.0,0.0,0.0,0.0,0.0,0.0,0.0,0.0,0.0,0.0,0.0,0.0,0.0,False,False
2013-12-18,0.0,0.0,0.0,0.0,0.0,0.0,0.0,0.0,0.0,0.0,0.0,0.0,0.0,0.0,0.0,0.0,0.0,0.0,0.0,0.0,0.0,0.0,0.0,0.0,0.0,0.0,0.0,0.0,0.0,0.0,False,False
2013-12-19,0.0,0.0,0.0,0.0,0.0,0.0,0.0,0.0,0.0,0.0,0.0,0.0,0.0,0.0,0.0,0.0,0.0,0.0,0.0,0.0,0.0,0.0,0.0,0.0,0.0,0.0,0.0,0.0,0.0,0.0,False,False
2013-12-20,0.0,0.0,0.0,0.0,0.0,0.0,0.0,0.0,0.0,0.0,0.0,0.0,0.0,0.0,0.0,0.0,0.0,0.0,0.0,0.0,0.0,0.0,0.0,0.0,0.0,0.0,0.0,0.0,0.0,0.0,False,False
2013-12-23,0.0,0.0,0.0,0.0,0.0,0.0,0.0,0.0,0.0,0.0,0.0,0.0,0.0,0.0,0.0,0.0,0.0,0.0,0.0,0.0,0.0,0.0,0.0,0.0,0.0,0.0,0.0,0.0,0.0,0.0,False,False
2013-12-24,0.0,0.0,0.0,0.0,0.0,0.0,0.0,0.0,0.0,0.0,0.0,0.0,0.0,0.0,0.0,0.0,0.0,0.0,0.0,0.0,0.0,0.0,0.0,0.0,0.0,0.0,0.0,0.0,0.0,0.0,False,False
2013-12-26,0.0,0.0,0.0,0.0,0.0,0.0,0.0,0.0,0.0,0.0,0.0,0.0,0.0,0.0,0.0,0.0,0.0,0.0,0.0,0.0,0.0,0.0,0.0,0.0,0.0,0.0,0.0,0.0,0.0,0.0,False,False
2013-12-27,0.0,0.0,0.0,0.0,0.0,0.0,0.0,0.0,0.0,0.0,0.0,0.0,0.0,0.0,0.0,0.0,0.0,0.0,0.0,0.0,0.0,0.0,0.0,0.0,0.0,0.0,0.0,0.0,0.0,0.0,False,False
2013-12-30,0.0,0.0,0.0,0.0,0.0,0.0,0.0,0.0,0.0,0.0,0.0,0.0,0.0,0.0,0.0,0.0,0.0,0.0,0.0,0.0,0.0,0.0,0.0,0.0,0.0,0.0,0.0,0.0,0.0,0.0,False,False
2013-12-31,0.0,0.0,0.0,0.0,0.0,0.0,0.0,0.0,0.0,0.0,0.0,0.0,0.0,0.0,0.0,0.0,0.0,0.0,0.0,0.0,0.0,0.0,0.0,0.0,0.0,0.0,0.0,0.0,0.0,0.0,False,False
2014-01-02,0.0,0.0,0.0,0.0,0.0,0.0,0.0,0.0,0.0,0.0,0.0,0.0,0.0,0.0,0.0,0.0,0.0,0.0,0.0,0.0,0.0,0.0,0.0,0.0,0.0,0.0,0.0,0.0,0.0,0.0,False,False
2014-01-03,0.0,0.0,0.0,0.0,0.0,0.0,0.0,0.0,0.0,0.0,0.0,0.0,0.0,0.0,0.0,0.0,0.0,0.0,0.0,0.0,0.0,0.0,0.0,0.0,0.0,0.0,0.0,0.0,0.0,0.0,False,False
2014-01-06,0.0,0.0,0.0,0.0,0.0,0.0,0.0,0.0,0.0,0.0,0.0,0.0,0.0,0.0,0.0,0.0,0.0,0.0,0.0,0.0,0.0,0.0,0.0,0.0,0.0,0.0,0.0,0.0,0.0,0.0,False,False
2014-01-07,0.0,0.0,0.0,0.0,0.0,0.0,0.0,0.0,0.0,0.0,0.0,0.0,0.0,0.0,0.0,0.0,0.0,0.0,0.0,0.0,0.0,0.0,0.0,0.0,0.0,0.0,0.0,0.0,0.0,0.0,False,False
2014-01-08,0.0,0.0,0.0,0.0,0.0,0.0,0.0,0.0,0.0,0.0,0.0,0.0,0.0,0.0,0.0,0.0,0.0,0.0,0.0,0.0,0.0,0.0,0.0,0.0,0.0,0.0,0.0,0.0,0.0,0.0,False,False
2014-01-09,0.0,0.0,0.0,0.0,0.0,0.0,0.0,0.0,0.0,0.0,0.0,0.0,0.0,0.0,0.0,0.0,0.0,0.0,0.0,0.0,0.0,0.0,0.0,0.0,0.0,0.0,0.0,0.0,0.0,0.0,False,False
2014-01-10,0.0,0.0,0.0,0.0,0.0,0.0,0.0,0.0,0.0,0.0,0.0,0.0,0.0,0.0,0.0,0.0,0.0,0.0,0.0,0.0,0.0,0.0,0.0,0.0,0.0,0.0,0.0,0.0,0.0,0.0,False,False
2014-01-13,0.0,0.0,0.0,0.0,0.0,0.0,0.0,0.0,0.0,0.0,0.0,0.0,0.0,0.0,0.0,0.0,0.0,0.0,0.0,0.0,0.0,0.0,0.0,0.0,0.0,0.0,0.0,0.0,0.0,0.0,False,False
2014-01-14,0.0,0.0,0.0,0.0,0.0,0.0,0.0,0.0,0.0,0.0,0.0,0.0,0.0,0.0,0.0,0.0,0.0,0.0,0.0,0.0,0.0,0.0,0.0,0.0,0.0,0.0,0.0,0.0,0.0,0.0,False,False
2014-01-15,0.0,0.0,0.0,0.0,0.0,0.0,0.0,0.0,0.0,0.0,0.0,0.0,0.0,0.0,0.0,0.0,0.0,0.0,0.0,0.0,0.0,0.0,0.0,0.0,0.0,0.0,0.0,0.0,0.0,0.0,False,False
2014-01-16,0.0,0.0,0.0,0.0,0.0,0.0,0.0,0.0,0.0,0.0,0.0,0.0,0.0,0.0,0.0,0.0,0.0,0.0,0.0,0.0,0.0,0.0,0.0,0.0,0.0,0.0,0.0,0.0,0.0,0.0,False,False
2014-01-17,0.0,0.0,0.0,0.0,0.0,0.0,0.0,0.0,0.0,0.0,0.0,0.0,0.0,0.0,0.0,0.0,0.0,0.0,0.0,0.0,0.0,0.0,0.0,0.0,0.0,0.0,0.0,0.0,0.0,0.0,False,False
2014-01-21,0.0,0.0,0.0,0.0,0.0,0.0,0.0,0.0,0.0,0.0,0.0,0.0,0.0,0.0,0.0,0.0,0.0,0.0,0.0,0.0,0.0,0.0,0.0,0.0,0.0,0.0,0.0,0.0,0.0,0.0,False,False
2014-01-22,0.0,0.0,0.0,0.0,0.0,0.0,0.0,0.0,0.0,0.0,0.0,0.0,0.0,0.0,0.0,0.0,0.0,0.0,0.0,0.0,0.0,0.0,0.0,0.0,0.0,0.0,0.0,0.0,0.0,0.0,False,False
2014-01-23,0.0,0.0,0.0,0.0,0.0,0.0,0.0,0.0,0.0,0.0,0.0,0.0,0.0,0.0,0.0,0.0,0.0,0.0,0.0,0.0,0.0,0.0,0.0,0.0,0.0,0.0,0.0,0.0,0.0,0.0,False,False
2014-01-24,0.0,0.0,0.0,0.0,0.0,0.0,0.0,0.0,0.0,0.0,0.0,0.0,0.0,0.0,0.0,0.0,0.0,0.0,0.0,0.0,0.0,0.0,0.0,0.0,0.0,0.0,0.0,0.0,0.0,0.0,False,False
2014-01-27,0.0,0.0,0.0,0.0,0.0,0.0,0.0,0.0,0.0,0.0,0.0,0.0,0.0,0.0,0.0,0.0,0.0,0.0,0.0,0.0,0.0,0.0,0.0,0.0,0.0,0.0,0.0,0.0,0.0,0.0,False,False
2014-01-28,0.0,0.0,0.0,0.0,0.0,0.0,0.0,0.0,0.0,0.0,0.0,0.0,0.0,0.0,0.0,0.0,0.0,0.0,0.0,0.0,0.0,0.0,0.0,0.0,0.0,0.0,0.0,0.0,0.0,0.0,False,False
2014-01-29,0.0,0.0,0.0,0.0,0.0,0.0,0.0,0.0,0.0,0.0,0.0,0.0,0.0,0.0,0.0,0.0,0.0,0.0,0.0,0.0,0.0,0.0,0.0,0.0,0.0,0.0,0.0,0.0,0.0,0.0,False,False
2014-01-30,0.0,0.0,0.0,0.0,0.0,0.0,0.0,0.0,0.0,0.0,0.0,0.0,0.0,0.0,0.0,0.0,0.0,0.0,0.0,0.0,0.0,0.0,0.0,0.0,0.0,0.0,0.0,0.0,0.0,0.0,False,False
2014-01-31,0.0,0.0,0.0,0.0,0.0,0.0,0.0,0.0,0.0,0.0,0.0,0.0,0.0,0.0,0.0,0.0,0.0,0.0,0.0,0.0,0.0,0.0,0.0,0.0,0.0,0.0,0.0,0.0,0.0,0.0,False,False
2014-02-03,0.0,0.0,0.0,0.0,0.0,0.0,0.0,0.0,0.0,0.0,0.0,0.0,0.0,0.0,0.0,0.0,0.0,0.0,0.0,0.0,0.0,0.0,0.0,0.0,0.0,0.0,0.0,0.0,0.0,0.0,False,False
2014-02-04,0.0,0.0,0.0,0.0,0.0,0.0,0.0,0.0,0.0,0.0,0.0,0.0,0.0,0.0,0.0,0.0,0.0,0.0,0.0,0.0,0.0,0.0,0.0,0.0,0.0,0.0,0.0,0.0,0.0,0.0,False,False
2014-02-05,0.0,0.0,0.0,0.0,0.0,0.0,0.0,0.0,0.0,0.0,0.0,0.0,0.0,0.0,0.0,0.0,0.0,0.0,0.0,0.0,0.0,0.0,0.0,0.0,0.0,0.0,0.0,0.0,0.0,0.0,False,False
2014-02-06,0.0,0.0,0.0,0.0,0.0,0.0,0.0,0.0,0.0,0.0,0.0,0.0,0.0,0.0,0.0,0.0,0.0,0.0,0.0,0.0,0.0,0.0,0.0,0.0,0.0,0.0,0.0,0.0,0.0,0.0,False,False
2014-02-07,0.0,0.0,0.0,0.0,0.0,0.0,0.0,0.0,0.0,0.0,0.0,0.0,0.0,0.0,0.0,0.0,0.0,0.0,0.0,0.0,0.0,0.0,0.0,0.0,0.0,0.0,0.0,0.0,0.0,0.0,False,False
2014-02-10,0.0,0.0,0.0,0.0,0.0,0.0,0.0,0.0,0.0,0.0,0.0,0.0,0.0,0.0,0.0,0.0,0.0,0.0,0.0,0.0,0.0,0.0,0.0,0.0,0.0,0.0,0.0,0.0,0.0,0.0,False,False
2014-02-11,0.0,0.0,0.0,0.0,0.0,0.0,0.0,0.0,0.0,0.0,0.0,0.0,0.0,0.0,0.0,0.0,0.0,0.0,0.0,0.0,0.0,0.0,0.0,0.0,0.0,0.0,0.0,0.0,0.0,0.0,False,False
2014-02-12,0.0,0.0,0.0,0.0,0.0,0.0,0.0,0.0,0.0,0.0,0.0,0.0,0.0,0.0,0.0,0.0,0.0,0.0,0.0,0.0,0.0,0.0,0.0,0.0,0.0,0.0,0.0,0.0,0.0,0.0,False,False
2014-02-13,0.0,0.0,0.0,0.0,0.0,0.0,0.0,0.0,0.0,0.0,0.0,0.0,0.0,0.0,0.0,0.0,0.0,0.0,0.0,0.0,0.0,0.0,0.0,0.0,0.0,0.0,0.0,0.0,0.0,0.0,False,False
2014-02-14,0.0,0.0,0.0,0.0,0.0,0.0,0.0,0.0,0.0,0.0,0.0,0.0,0.0,0.0,0.0,0.0,0.0,0.0,0.0,0.0,0.0,0.0,0.0,0.0,0.0,0.0,0.0,0.0,0.0,0.0,False,False
2014-02-18,0.0,0.0,0.0,0.0,0.0,0.0,0.0,0.0,0.0,0.0,0.0,0.0,0.0,0.0,0.0,0.0,0.0,0.0,0.0,0.0,0.0,0.0,0.0,0.0,0.0,0.0,0.0,0.0,0.0,0.0,False,False
2014-02-19,0.0,0.0,0.0,0.0,0.0,0.0,0.0,0.0,0.0,0.0,0.0,0.0,0.0,0.0,0.0,0.0,0.0,0.0,0.0,0.0,0.0,0.0,0.0,0.0,0.0,0.0,0.0,0.0,0.0,0.0,False,False
2014-02-20,0.0,0.0,0.0,0.0,0.0,0.0,0.0,0.0,0.0,0.0,0.0,0.0,0.0,0.0,0.0,0.0,0.0,0.0,0.0,0.0,0.0,0.0,0.0,0.0,0.0,0.0,0.0,0.0,0.0,0.0,False,False
2014-02-21,0.0,0.0,0.0,0.0,0.0,0.0,0.0,0.0,0.0,0.0,0.0,0.0,0.0,0.0,0.0,0.0,0.0,0.0,0.0,0.0,0.0,0.0,0.0,0.0,0.0,0.0,0.0,0.0,0.0,0.0,False,False
2014-02-24,0.0,0.0,0.0,0.0,0.0,0.0,0.0,0.0,0.0,0.0,0.0,0.0,0.0,0.0,0.0,0.0,0.0,0.0,0.0,0.0,0.0,0.0,0.0,0.0,0.0,0.0,0.0,0.0,0.0,0.0,False,False
2014-02-25,0.0,0.0,0.0,0.0,0.0,0.0,0.0,0.0,0.0,0.0,0.0,0.0,0.0,0.0,0.0,0.0,0.0,0.0,0.0,0.0,0.0,0.0,0.0,0.0,0.0,0.0,0.0,0.0,0.0,0.0,False,False
2014-02-26,0.0,0.0,0.0,0.0,0.0,0.0,0.0,0.0,0.0,0.0,0.0,0.0,0.0,0.0,0.0,0.0,0.0,0.0,0.0,0.0,0.0,0.0,0.0,0.0,0.0,0.0,0.0,0.0,0.0,0.0,False,False
2014-02-27,0.0,0.0,0.0,0.0,0.0,0.0,0.0,0.0,0.0,0.0,0.0,0.0,0.0,0.0,0.0,0.0,0.0,0.0,0.0,0.0,0.0,0.0,0.0,0.0,0.0,0.0,0.0,0.0,0.0,0.0,False,False
2014-02-28,0.0,0.0,0.0,0.0,0.0,0.0,0.0,0.0,0.0,0.0,0.0,0.0,0.0,0.0,0.0,0.0,0.0,0.0,0.0,0.0,0.0,0.0,0.0,0.0,0.0,0.0,0.0,0.0,0.0,0.0,False,False
2014-03-03,0.0,0.0,0.0,0.0,0.0,0.0,0.0,0.0,0.0,0.0,0.0,0.0,0.0,0.0,0.0,0.0,0.0,0.0,0.0,0.0,0.0,0.0,0.0,0.0,0.0,0.0,0.0,0.0,0.0,0.0,False,False
2014-03-04,0.0,0.0,0.0,0.0,0.0,0.0,0.0,0.0,0.0,0.0,0.0,0.0,0.0,0.0,0.0,0.0,0.0,0.0,0.0,0.0,0.0,0.0,0.0,0.0,0.0,0.0,0.0,0.0,0.0,0.0,False,False
2014-03-05,0.0,0.0,0.0,0.0,0.0,0.0,0.0,0.0,0.0,0.0,0.0,0.0,0.0,0.0,0.0,0.0,0.0,0.0,0.0,0.0,0.0,0.0,0.0,0.0,0.0,0.0,0.0,0.0,0.0,0.0,False,False
2014-03-06,0.0,0.0,0.0,0.0,0.0,0.0,0.0,0.0,0.0,0.0,0.0,0.0,0.0,0.0,0.0,0.0,0.0,0.0,0.0,0.0,0.0,0.0,0.0,0.0,0.0,0.0,0.0,0.0,0.0,0.0,False,False
2014-03-07,0.0,0.0,0.0,0.0,0.0,0.0,0.0,0.0,0.0,0.0,0.0,0.0,0.0,0.0,0.0,0.0,0.0,0.0,0.0,0.0,0.0,0.0,0.0,0.0,0.0,0.0,0.0,0.0,0.0,0.0,False,False
2014-03-10,0.0,0.0,0.0,0.0,0.0,0.0,0.0,0.0,0.0,0.0,0.0,0.0,0.0,0.0,0.0,0.0,0.0,0.0,0.0,0.0,0.0,0.0,0.0,0.0,0.0,0.0,0.0,0.0,0.0,0.0,False,False
2014-03-11,0.0,0.0,0.0,0.0,0.0,0.0,0.0,0.0,0.0,0.0,0.0,0.0,0.0,0.0,0.0,0.0,0.0,0.0,0.0,0.0,0.0,0.0,0.0,0.0,0.0,0.0,0.0,0.0,0.0,0.0,False,False
2014-03-12,0.0,0.0,0.0,0.0,0.0,0.0,0.0,0.0,0.0,0.0,0.0,0.0,0.0,0.0,0.0,0.0,0.0,0.0,0.0,0.0,0.0,0.0,0.0,0.0,0.0,0.0,0.0,0.0,0.0,0.0,False,False
2014-03-13,0.0,0.0,0.0,0.0,0.0,0.0,0.0,0.0,0.0,0.0,0.0,0.0,0.0,0.0,0.0,0.0,0.0,0.0,0.0,0.0,0.0,0.0,0.0,0.0,0.0,0.0,0.0,0.0,0.0,0.0,False,False
2014-03-14,0.0,0.0,0.0,0.0,0.0,0.0,0.0,0.0,0.0,0.0,0.0,0.0,0.0,0.0,0.0,0.0,0.0,0.0,0.0,0.0,0.0,0.0,0.0,0.0,0.0,0.0,0.0,0.0,0.0,0.0,False,False
2014-03-17,0.0,0.0,0.0,0.0,0.0,0.0,0.0,0.0,0.0,0.0,0.0,0.0,0.0,0.0,0.0,0.0,0.0,0.0,0.0,0.0,0.0,0.0,0.0,0.0,0.0,0.0,0.0,0.0,0.0,0.0,False,False
2014-03-18,0.0,0.0,0.0,0.0,0.0,0.0,0.0,0.0,0.0,0.0,0.0,0.0,0.0,0.0,0.0,0.0,0.0,0.0,0.0,0.0,0.0,0.0,0.0,0.0,0.0,0.0,0.0,0.0,0.0,0.0,False,False
2014-03-19,0.0,0.0,0.0,0.0,0.0,0.0,0.0,0.0,0.0,0.0,0.0,0.0,0.0,0.0,0.0,0.0,0.0,0.0,0.0,0.0,0.0,0.0,0.0,0.0,0.0,0.0,0.0,0.0,0.0,0.0,False,False
2014-03-20,0.0,0.0,0.0,0.0,0.0,0.0,0.0,0.0,0.0,0.0,0.0,0.0,0.0,0.0,0.0,0.0,0.0,0.0,0.0,0.0,0.0,0.0,0.0,0.0,0.0,0.0,0.0,0.0,0.0,0.0,False,False
2014-03-21,0.0,0.0,0.0,0.0,0.0,0.0,0.0,0.0,0.0,0.0,0.0,0.0,0.0,0.0,0.0,0.0,0.0,0.0,0.0,0.0,0.0,0.0,0.0,0.0,0.0,0.0,0.0,0.0,0.0,0.0,False,False
2014-03-24,0.0,0.0,0.0,0.0,0.0,0.0,0.0,0.0,0.0,0.0,0.0,0.0,0.0,0.0,0.0,0.0,0.0,0.0,0.0,0.0,0.0,0.0,0.0,0.0,0.0,0.0,0.0,0.0,0.0,0.0,False,False
2014-03-25,0.0,0.0,0.0,0.0,0.0,0.0,0.0,0.0,0.0,0.0,0.0,0.0,0.0,0.0,0.0,0.0,0.0,0.0,0.0,0.0,0.0,0.0,0.0,0.0,0.0,0.0,0.0,0.0,0.0,0.0,False,False
2014-03-26,0.0,0.0,0.0,0.0,0.0,0.0,0.0,0.0,0.0,0.0,0.0,0.0,0.0,0.0,0.0,0.0,0.0,0.0,0.0,0.0,0.0,0.0,0.0,0.0,0.0,0.0,0.0,0.0,0.0,0.0,False,False
2014-03-27,0.0,0.0,0.0,0.0,0.0,0.0,0.0,0.0,0.0,0.0,0.0,0.0,0.0,0.0,0.0,0.0,0.0,0.0,0.0,0.0,0.0,0.0,0.0,0.0,0.0,0.0,0.0,0.0,0.0,0.0,False,False
2014-03-28,0.0,0.0,0.0,0.0,0.0,0.0,0.0,0.0,0.0,0.0,0.0,0.0,0.0,0.0,0.0,0.0,0.0,0.0,0.0,0.0,0.0,0.0,0.0,0.0,0.0,0.0,0.0,0.0,0.0,0.0,False,False
2014-03-31,0.0,0.0,0.0,0.0,0.0,0.0,0.0,0.0,0.0,0.0,0.0,0.0,0.0,0.0,0.0,0.0,0.0,0.0,0.0,0.0,0.0,0.0,0.0,0.0,0.0,0.0,0.0,0.0,0.0,0.0,False,False
2014-04-01,0.0,0.0,0.0,0.0,0.0,0.0,0.0,0.0,0.0,0.0,0.0,0.0,0.0,0.0,0.0,0.0,0.0,0.0,0.0,0.0,0.0,0.0,0.0,0.0,0.0,0.0,0.0,0.0,0.0,0.0,False,False
2014-04-02,0.0,0.0,0.0,0.0,0.0,0.0,0.0,0.0,0.0,0.0,0.0,0.0,0.0,0.0,0.0,0.0,0.0,0.0,0.0,0.0,0.0,0.0,0.0,0.0,0.0,0.0,0.0,0.0,0.0,0.0,False,False
2014-04-03,0.0,0.0,0.0,0.0,0.0,0.0,0.0,0.0,0.0,0.0,0.0,0.0,0.0,0.0,0.0,0.0,0.0,0.0,0.0,0.0,0.0,0.0,0.0,0.0,0.0,0.0,0.0,0.0,0.0,0.0,False,False
2014-04-04,0.0,0.0,0.0,0.0,0.0,0.0,0.0,0.0,0.0,0.0,0.0,0.0,0.0,0.0,0.0,0.0,0.0,0.0,0.0,0.0,0.0,0.0,0.0,0.0,0.0,0.0,0.0,0.0,0.0,0.0,False,False
2014-04-07,0.0,0.0,0.0,0.0,0.0,0.0,0.0,0.0,0.0,0.0,0.0,0.0,0.0,0.0,0.0,0.0,0.0,0.0,0.0,0.0,0.0,0.0,0.0,0.0,0.0,0.0,0.0,0.0,0.0,0.0,False,False
2014-04-08,0.0,0.0,0.0,0.0,0.0,0.0,0.0,0.0,0.0,0.0,0.0,0.0,0.0,0.0,0.0,0.0,0.0,0.0,0.0,0.0,0.0,0.0,0.0,0.0,0.0,0.0,0.0,0.0,0.0,0.0,False,False
2014-04-09,0.0,0.0,0.0,0.0,0.0,0.0,0.0,0.0,0.0,0.0,0.0,0.0,0.0,0.0,0.0,0.0,0.0,0.0,0.0,0.0,0.0,0.0,0.0,0.0,0.0,0.0,0.0,0.0,0.0,0.0,False,False
2014-04-10,0.0,0.0,0.0,0.0,0.0,0.0,0.0,0.0,0.0,0.0,0.0,0.0,0.0,0.0,0.0,0.0,0.0,0.0,0.0,0.0,0.0,0.0,0.0,0.0,0.0,0.0,0.0,0.0,0.0,0.0,False,False
2014-04-11,0.0,0.0,0.0,0.0,0.0,0.0,0.0,0.0,0.0,0.0,0.0,0.0,0.0,0.0,0.0,0.0,0.0,0.0,0.0,0.0,0.0,0.0,0.0,0.0,0.0,0.0,0.0,0.0,0.0,0.0,False,False
2014-04-14,0.0,0.0,0.0,0.0,0.0,0.0,0.0,0.0,0.0,0.0,0.0,0.0,0.0,0.0,0.0,0.0,0.0,0.0,0.0,0.0,0.0,0.0,0.0,0.0,0.0,0.0,0.0,0.0,0.0,0.0,False,False
2014-04-15,0.0,0.0,0.0,0.0,0.0,0.0,0.0,0.0,0.0,0.0,0.0,0.0,0.0,0.0,0.0,0.0,0.0,0.0,0.0,0.0,0.0,0.0,0.0,0.0,0.0,0.0,0.0,0.0,0.0,0.0,False,False
2014-04-16,0.0,0.0,0.0,0.0,0.0,0.0,0.0,0.0,0.0,0.0,0.0,0.0,0.0,0.0,0.0,0.0,0.0,0.0,0.0,0.0,0.0,0.0,0.0,0.0,0.0,0.0,0.0,0.0,0.0,0.0,False,False
2014-04-17,0.0,0.0,0.0,0.0,0.0,0.0,0.0,0.0,0.0,0.0,0.0,0.0,0.0,0.0,0.0,0.0,0.0,0.0,0.0,0.0,0.0,0.0,0.0,0.0,0.0,0.0,0.0,0.0,0.0,0.0,False,False
2014-04-21,0.0,0.0,0.0,0.0,0.0,0.0,0.0,0.0,0.0,0.0,0.0,0.0,0.0,0.0,0.0,0.0,0.0,0.0,0.0,0.0,0.0,0.0,0.0,0.0,0.0,0.0,0.0,0.0,0.0,0.0,False,False
2014-04-22,0.0,0.0,0.0,0.0,0.0,0.0,0.0,0.0,0.0,0.0,0.0,0.0,0.0,0.0,0.0,0.0,0.0,0.0,0.0,0.0,0.0,0.0,0.0,0.0,0.0,0.0,0.0,0.0,0.0,0.0,False,False
2014-04-23,0.0,0.0,0.0,0.0,0.0,0.0,0.0,0.0,0.0,0.0,0.0,0.0,0.0,0.0,0.0,0.0,0.0,0.0,0.0,0.0,0.0,0.0,0.0,0.0,0.0,0.0,0.0,0.0,0.0,0.0,False,False
2014-04-24,0.0,0.0,0.0,0.0,0.0,0.0,0.0,0.0,0.0,0.0,0.0,0.0,0.0,0.0,0.0,0.0,0.0,0.0,0.0,0.0,0.0,0.0,0.0,0.0,0.0,0.0,0.0,0.0,0.0,0.0,False,False
2014-04-25,0.0,0.0,0.0,0.0,0.0,0.0,0.0,0.0,0.0,0.0,0.0,0.0,0.0,0.0,0.0,0.0,0.0,0.0,0.0,0.0,0.0,0.0,0.0,0.0,0.0,0.0,0.0,0.0,0.0,0.0,False,False
2014-04-28,0.0,0.0,0.0,0.0,0.0,0.0,0.0,0.0,0.0,0.0,0.0,0.0,0.0,0.0,0.0,0.0,0.0,0.0,0.0,0.0,0.0,0.0,0.0,0.0,0.0,0.0,0.0,0.0,0.0,0.0,False,False
2014-04-29,0.0,0.0,0.0,0.0,0.0,0.0,0.0,0.0,0.0,0.0,0.0,0.0,0.0,0.0,0.0,0.0,0.0,0.0,0.0,0.0,0.0,0.0,0.0,0.0,0.0,0.0,0.0,0.0,0.0,0.0,False,False
2014-04-30,0.0,0.0,0.0,0.0,0.0,0.0,0.0,0.0,0.0,0.0,0.0,0.0,0.0,0.0,0.0,0.0,0.0,0.0,0.0,0.0,0.0,0.0,0.0,0.0,0.0,0.0,0.0,0.0,0.0,0.0,False,False
2014-05-01,0.0,0.0,0.0,0.0,0.0,0.0,0.0,0.0,0.0,0.0,0.0,0.0,0.0,0.0,0.0,0.0,0.0,0.0,0.0,0.0,0.0,0.0,0.0,0.0,0.0,0.0,0.0,0.0,0.0,0.0,False,False
2014-05-02,0.0,0.0,0.0,0.0,0.0,0.0,0.0,0.0,0.0,0.0,0.0,0.0,0.0,0.0,0.0,0.0,0.0,0.0,0.0,0.0,0.0,0.0,0.0,0.0,0.0,0.0,0.0,0.0,0.0,0.0,False,False
2014-05-05,0.0,0.0,0.0,0.0,0.0,0.0,0.0,0.0,0.0,0.0,0.0,0.0,0.0,0.0,0.0,0.0,0.0,0.0,0.0,0.0,0.0,0.0,0.0,0.0,0.0,0.0,0.0,0.0,0.0,0.0,False,False
2014-05-06,0.0,0.0,0.0,0.0,0.0,0.0,0.0,0.0,0.0,0.0,0.0,0.0,0.0,0.0,0.0,0.0,0.0,0.0,0.0,0.0,0.0,0.0,0.0,0.0,0.0,0.0,0.0,0.0,0.0,0.0,False,False
2014-05-07,0.0,0.0,0.0,0.0,0.0,0.0,0.0,0.0,0.0,0.0,0.0,0.0,0.0,0.0,0.0,0.0,0.0,0.0,0.0,0.0,0.0,0.0,0.0,0.0,0.0,0.0,0.0,0.0,0.0,0.0,False,False
2014-05-08,0.0,0.0,0.0,0.0,0.0,0.0,0.0,0.0,0.0,0.0,0.0,0.0,0.0,0.0,0.0,0.0,0.0,0.0,0.0,0.0,0.0,0.0,0.0,0.0,0.0,0.0,0.0,0.0,0.0,0.0,False,False
2014-05-09,0.0,0.0,0.0,0.0,0.0,0.0,0.0,0.0,0.0,0.0,0.0,0.0,0.0,0.0,0.0,0.0,0.0,0.0,0.0,0.0,0.0,0.0,0.0,0.0,0.0,0.0,0.0,0.0,0.0,0.0,False,False
2014-05-12,0.0,0.0,0.0,0.0,0.0,0.0,0.0,0.0,0.0,0.0,0.0,0.0,0.0,0.0,0.0,0.0,0.0,0.0,0.0,0.0,0.0,0.0,0.0,0.0,0.0,0.0,0.0,0.0,0.0,0.0,False,False
2014-05-13,0.0,0.0,0.0,0.0,0.0,0.0,0.0,0.0,0.0,0.0,0.0,0.0,0.0,0.0,0.0,0.0,0.0,0.0,0.0,0.0,0.0,0.0,0.0,0.0,0.0,0.0,0.0,0.0,0.0,0.0,False,False
2014-05-14,0.0,0.0,0.0,0.0,0.0,0.0,0.0,0.0,0.0,0.0,0.0,0.0,0.0,0.0,0.0,0.0,0.0,0.0,0.0,0.0,0.0,0.0,0.0,0.0,0.0,0.0,0.0,0.0,0.0,0.0,False,False
2014-05-15,0.0,0.0,0.0,0.0,0.0,0.0,0.0,0.0,0.0,0.0,0.0,0.0,0.0,0.0,0.0,0.0,0.0,0.0,0.0,0.0,0.0,0.0,0.0,0.0,0.0,0.0,0.0,0.0,0.0,0.0,False,False
2014-05-16,0.0,0.0,0.0,0.0,0.0,0.0,0.0,0.0,0.0,0.0,0.0,0.0,0.0,0.0,0.0,0.0,0.0,0.0,0.0,0.0,0.0,0.0,0.0,0.0,0.0,0.0,0.0,0.0,0.0,0.0,False,False
2014-05-19,0.0,0.0,0.0,0.0,0.0,0.0,0.0,0.0,0.0,0.0,0.0,0.0,0.0,0.0,0.0,0.0,0.0,0.0,0.0,0.0,0.0,0.0,0.0,0.0,0.0,0.0,0.0,0.0,0.0,0.0,False,False
2014-05-20,0.0,0.0,0.0,0.0,0.0,0.0,0.0,0.0,0.0,0.0,0.0,0.0,0.0,0.0,0.0,0.0,0.0,0.0,0.0,0.0,0.0,0.0,0.0,0.0,0.0,0.0,0.0,0.0,0.0,0.0,False,False
2014-05-21,0.0,0.0,0.0,0.0,0.0,0.0,0.0,0.0,0.0,0.0,0.0,0.0,0.0,0.0,0.0,0.0,0.0,0.0,0.0,0.0,0.0,0.0,0.0,0.0,0.0,0.0,0.0,0.0,0.0,0.0,False,False
2014-05-22,0.0,0.0,0.0,0.0,0.0,0.0,0.0,0.0,0.0,0.0,0.0,0.0,0.0,0.0,0.0,0.0,0.0,0.0,0.0,0.0,0.0,0.0,0.0,0.0,0.0,0.0,0.0,0.0,0.0,0.0,False,False
2014-05-23,0.0,0.0,0.0,0.0,0.0,0.0,0.0,0.0,0.0,0.0,0.0,0.0,0.0,0.0,0.0,0.0,0.0,0.0,0.0,0.0,0.0,0.0,0.0,0.0,0.0,0.0,0.0,0.0,0.0,0.0,False,False
2014-05-27,0.0,0.0,0.0,0.0,0.0,0.0,0.0,0.0,0.0,0.0,0.0,0.0,0.0,0.0,0.0,0.0,0.0,0.0,0.0,0.0,0.0,0.0,0.0,0.0,0.0,0.0,0.0,0.0,0.0,0.0,False,False
2014-05-28,0.0,0.0,0.0,0.0,0.0,0.0,0.0,0.0,0.0,0.0,0.0,0.0,0.0,0.0,0.0,0.0,0.0,0.0,0.0,0.0,0.0,0.0,0.0,0.0,0.0,0.0,0.0,0.0,0.0,0.0,False,False
2014-05-29,0.0,0.0,0.0,0.0,0.0,0.0,0.0,0.0,0.0,0.0,0.0,0.0,0.0,0.0,0.0,0.0,0.0,0.0,0.0,0.0,0.0,0.0,0.0,0.0,0.0,0.0,0.0,0.0,0.0,0.0,False,False
2014-05-30,0.0,0.0,0.0,0.0,0.0,0.0,0.0,0.0,0.0,0.0,0.0,0.0,0.0,0.0,0.0,0.0,0.0,0.0,0.0,0.0,0.0,0.0,0.0,0.0,0.0,0.0,0.0,0.0,0.0,0.0,False,False
2014-06-02,0.0,0.0,0.0,0.0,0.0,0.0,0.0,0.0,0.0,0.0,0.0,0.0,0.0,0.0,0.0,0.0,0.0,0.0,0.0,0.0,0.0,0.0,0.0,0.0,0.0,0.0,0.0,0.0,0.0,0.0,False,False
2014-06-03,0.0,0.0,0.0,0.0,0.0,0.0,0.0,0.0,0.0,0.0,0.0,0.0,0.0,0.0,0.0,0.0,0.0,0.0,0.0,0.0,0.0,0.0,0.0,0.0,0.0,0.0,0.0,0.0,0.0,0.0,False,False
2014-06-04,0.0,0.0,0.0,0.0,0.0,0.0,0.0,0.0,0.0,0.0,0.0,0.0,0.0,0.0,0.0,0.0,0.0,0.0,0.0,0.0,0.0,0.0,0.0,0.0,0.0,0.0,0.0,0.0,0.0,0.0,False,False
2014-06-05,0.0,0.0,0.0,0.0,0.0,0.0,0.0,0.0,0.0,0.0,0.0,0.0,0.0,0.0,0.0,0.0,0.0,0.0,0.0,0.0,0.0,0.0,0.0,0.0,0.0,0.0,0.0,0.0,0.0,0.0,False,False
2014-06-06,0.0,0.0,0.0,0.0,0.0,0.0,0.0,0.0,0.0,0.0,0.0,0.0,0.0,0.0,0.0,0.0,0.0,0.0,0.0,0.0,0.0,0.0,0.0,0.0,0.0,0.0,0.0,0.0,0.0,0.0,False,False
2014-06-09,0.0,0.0,0.0,0.0,0.0,0.0,0.0,0.0,0.0,0.0,0.0,0.0,0.0,0.0,0.0,0.0,0.0,0.0,0.0,0.0,0.0,0.0,0.0,0.0,0.0,0.0,0.0,0.0,0.0,0.0,False,False
2014-06-10,0.0,0.0,0.0,0.0,0.0,0.0,0.0,0.0,0.0,0.0,0.0,0.0,0.0,0.0,0.0,0.0,0.0,0.0,0.0,0.0,0.0,0.0,0.0,0.0,0.0,0.0,0.0,0.0,0.0,0.0,False,False
2014-06-11,0.0,0.0,0.0,0.0,0.0,0.0,0.0,0.0,0.0,0.0,0.0,0.0,0.0,0.0,0.0,0.0,0.0,0.0,0.0,0.0,0.0,0.0,0.0,0.0,0.0,0.0,0.0,0.0,0.0,0.0,False,False
2014-06-12,0.0,0.0,0.0,0.0,0.0,0.0,0.0,0.0,0.0,0.0,0.0,0.0,0.0,0.0,0.0,0.0,0.0,0.0,0.0,0.0,0.0,0.0,0.0,0.0,0.0,0.0,0.0,0.0,0.0,0.0,False,False
2014-06-13,0.0,0.0,0.0,0.0,0.0,0.0,0.0,0.0,0.0,0.0,0.0,0.0,0.0,0.0,0.0,0.0,0.0,0.0,0.0,0.0,0.0,0.0,0.0,0.0,0.0,0.0,0.0,0.0,0.0,0.0,False,False
2014-06-16,0.0,0.0,0.0,0.0,0.0,0.0,0.0,0.0,0.0,0.0,0.0,0.0,0.0,0.0,0.0,0.0,0.0,0.0,0.0,0.0,0.0,0.0,0.0,0.0,0.0,0.0,0.0,0.0,0.0,0.0,False,False
2014-06-17,0.0,0.0,0.0,0.0,0.0,0.0,0.0,0.0,0.0,0.0,0.0,0.0,0.0,0.0,0.0,0.0,0.0,0.0,0.0,0.0,0.0,0.0,0.0,0.0,0.0,0.0,0.0,0.0,0.0,0.0,False,False
2014-06-18,0.0,0.0,0.0,0.0,0.0,0.0,0.0,0.0,0.0,0.0,0.0,0.0,0.0,0.0,0.0,0.0,0.0,0.0,0.0,0.0,0.0,0.0,0.0,0.0,0.0,0.0,0.0,0.0,0.0,0.0,False,False
2014-06-19,0.0,0.0,0.0,0.0,0.0,0.0,0.0,0.0,0.0,0.0,0.0,0.0,0.0,0.0,0.0,0.0,0.0,0.0,0.0,0.0,0.0,0.0,0.0,0.0,0.0,0.0,0.0,0.0,0.0,0.0,False,False
2014-06-20,0.0,0.0,0.0,0.0,0.0,0.0,0.0,0.0,0.0,0.0,0.0,0.0,0.0,0.0,0.0,0.0,0.0,0.0,0.0,0.0,0.0,0.0,0.0,0.0,0.0,0.0,0.0,0.0,0.0,0.0,False,False
2014-06-23,0.0,0.0,0.0,0.0,0.0,0.0,0.0,0.0,0.0,0.0,0.0,0.0,0.0,0.0,0.0,0.0,0.0,0.0,0.0,0.0,0.0,0.0,0.0,0.0,0.0,0.0,0.0,0.0,0.0,0.0,False,False
2014-06-24,0.0,0.0,0.0,0.0,0.0,0.0,0.0,0.0,0.0,0.0,0.0,0.0,0.0,0.0,0.0,0.0,0.0,0.0,0.0,0.0,0.0,0.0,0.0,0.0,0.0,0.0,0.0,0.0,0.0,0.0,False,False
2014-06-25,0.0,0.0,0.0,0.0,0.0,0.0,0.0,0.0,0.0,0.0,0.0,0.0,0.0,0.0,0.0,0.0,0.0,0.0,0.0,0.0,0.0,0.0,0.0,0.0,0.0,0.0,0.0,0.0,0.0,0.0,False,False
2014-06-26,0.0,0.0,0.0,0.0,0.0,0.0,0.0,0.0,0.0,0.0,0.0,0.0,0.0,0.0,0.0,0.0,0.0,0.0,0.0,0.0,0.0,0.0,0.0,0.0,0.0,0.0,0.0,0.0,0.0,0.0,False,False
2014-06-27,0.0,0.0,0.0,0.0,0.0,0.0,0.0,0.0,0.0,0.0,0.0,0.0,0.0,0.0,0.0,0.0,0.0,0.0,0.0,0.0,0.0,0.0,0.0,0.0,0.0,0.0,0.0,0.0,0.0,0.0,False,False
2014-06-30,0.0,0.0,0.0,0.0,0.0,0.0,0.0,0.0,0.0,0.0,0.0,0.0,0.0,0.0,0.0,0.0,0.0,0.0,0.0,0.0,0.0,0.0,0.0,0.0,0.0,0.0,0.0,0.0,0.0,0.0,False,False
2014-07-01,0.0,0.0,0.0,0.0,0.0,0.0,0.0,0.0,0.0,0.0,0.0,0.0,0.0,0.0,0.0,0.0,0.0,0.0,0.0,0.0,0.0,0.0,0.0,0.0,0.0,0.0,0.0,0.0,0.0,0.0,False,False
2014-07-02,0.0,0.0,0.0,0.0,0.0,0.0,0.0,0.0,0.0,0.0,0.0,0.0,0.0,0.0,0.0,0.0,0.0,0.0,0.0,0.0,0.0,0.0,0.0,0.0,0.0,0.0,0.0,0.0,0.0,0.0,False,False
2014-07-03,0.0,0.0,0.0,0.0,0.0,0.0,0.0,0.0,0.0,0.0,0.0,0.0,0.0,0.0,0.0,0.0,0.0,0.0,0.0,0.0,0.0,0.0,0.0,0.0,0.0,0.0,0.0,0.0,0.0,0.0,False,False
2014-07-07,0.0,0.0,0.0,0.0,0.0,0.0,0.0,0.0,0.0,0.0,0.0,0.0,0.0,0.0,0.0,0.0,0.0,0.0,0.0,0.0,0.0,0.0,0.0,0.0,0.0,0.0,0.0,0.0,0.0,0.0,False,False
2014-07-08,0.0,0.0,0.0,0.0,0.0,0.0,0.0,0.0,0.0,0.0,0.0,0.0,0.0,0.0,0.0,0.0,0.0,0.0,0.0,0.0,0.0,0.0,0.0,0.0,0.0,0.0,0.0,0.0,0.0,0.0,False,False
2014-07-09,0.0,0.0,0.0,0.0,0.0,0.0,0.0,0.0,0.0,0.0,0.0,0.0,0.0,0.0,0.0,0.0,0.0,0.0,0.0,0.0,0.0,0.0,0.0,0.0,0.0,0.0,0.0,0.0,0.0,0.0,False,False
2014-07-10,0.0,0.0,0.0,0.0,0.0,0.0,0.0,0.0,0.0,0.0,0.0,0.0,0.0,0.0,0.0,0.0,0.0,0.0,0.0,0.0,0.0,0.0,0.0,0.0,0.0,0.0,0.0,0.0,0.0,0.0,False,False
2014-07-11,0.0,0.0,0.0,0.0,0.0,0.0,0.0,0.0,0.0,0.0,0.0,0.0,0.0,0.0,0.0,0.0,0.0,0.0,0.0,0.0,0.0,0.0,0.0,0.0,0.0,0.0,0.0,0.0,0.0,0.0,False,False
2014-07-14,0.0,0.0,0.0,0.0,0.0,0.0,0.0,0.0,0.0,0.0,0.0,0.0,0.0,0.0,0.0,0.0,0.0,0.0,0.0,0.0,0.0,0.0,0.0,0.0,0.0,0.0,0.0,0.0,0.0,0.0,False,False
2014-07-15,0.0,0.0,0.0,0.0,0.0,0.0,0.0,0.0,0.0,0.0,0.0,0.0,0.0,0.0,0.0,0.0,0.0,0.0,0.0,0.0,0.0,0.0,0.0,0.0,0.0,0.0,0.0,0.0,0.0,0.0,False,False
2014-07-16,0.0,0.0,0.0,0.0,0.0,0.0,0.0,0.0,0.0,0.0,0.0,0.0,0.0,0.0,0.0,0.0,0.0,0.0,0.0,0.0,0.0,0.0,0.0,0.0,0.0,0.0,0.0,0.0,0.0,0.0,False,False
2014-07-17,0.0,0.0,0.0,0.0,0.0,0.0,0.0,0.0,0.0,0.0,0.0,0.0,0.0,0.0,0.0,0.0,0.0,0.0,0.0,0.0,0.0,0.0,0.0,0.0,0.0,0.0,0.0,0.0,0.0,0.0,False,False
2014-07-18,0.0,0.0,0.0,0.0,0.0,0.0,0.0,0.0,0.0,0.0,0.0,0.0,0.0,0.0,0.0,0.0,0.0,0.0,0.0,0.0,0.0,0.0,0.0,0.0,0.0,0.0,0.0,0.0,0.0,0.0,False,False
2014-07-21,0.0,0.0,0.0,0.0,0.0,0.0,0.0,0.0,0.0,0.0,0.0,0.0,0.0,0.0,0.0,0.0,0.0,0.0,0.0,0.0,0.0,0.0,0.0,0.0,0.0,0.0,0.0,0.0,0.0,0.0,False,False
2014-07-22,0.0,0.0,0.0,0.0,0.0,0.0,0.0,0.0,0.0,0.0,0.0,0.0,0.0,0.0,0.0,0.0,0.0,0.0,0.0,0.0,0.0,0.0,0.0,0.0,0.0,0.0,0.0,0.0,0.0,0.0,False,False
2014-07-23,0.0,0.0,0.0,0.0,0.0,0.0,0.0,0.0,0.0,0.0,0.0,0.0,0.0,0.0,0.0,0.0,0.0,0.0,0.0,0.0,0.0,0.0,0.0,0.0,0.0,0.0,0.0,0.0,0.0,0.0,False,False
2014-07-24,0.0,0.0,0.0,0.0,0.0,0.0,0.0,0.0,0.0,0.0,0.0,0.0,0.0,0.0,0.0,0.0,0.0,0.0,0.0,0.0,0.0,0.0,0.0,0.0,0.0,0.0,0.0,0.0,0.0,0.0,False,False
2014-07-25,0.0,0.0,0.0,0.0,0.0,0.0,0.0,0.0,0.0,0.0,0.0,0.0,0.0,0.0,0.0,0.0,0.0,0.0,0.0,0.0,0.0,0.0,0.0,0.0,0.0,0.0,0.0,0.0,0.0,0.0,False,False
2014-07-28,0.0,0.0,0.0,0.0,0.0,0.0,0.0,0.0,0.0,0.0,0.0,0.0,0.0,0.0,0.0,0.0,0.0,0.0,0.0,0.0,0.0,0.0,0.0,0.0,0.0,0.0,0.0,0.0,0.0,0.0,False,False
2014-07-29,0.0,0.0,0.0,0.0,0.0,0.0,0.0,0.0,0.0,0.0,0.0,0.0,0.0,0.0,0.0,0.0,0.0,0.0,0.0,0.0,0.0,0.0,0.0,0.0,0.0,0.0,0.0,0.0,0.0,0.0,False,False
2014-07-30,0.0,0.0,0.0,0.0,0.0,0.0,0.0,0.0,0.0,0.0,0.0,0.0,0.0,0.0,0.0,0.0,0.0,0.0,0.0,0.0,0.0,0.0,0.0,0.0,0.0,0.0,0.0,0.0,0.0,0.0,False,False
2014-07-31,0.0,0.0,0.0,0.0,0.0,0.0,0.0,0.0,0.0,0.0,0.0,0.0,0.0,0.0,0.0,0.0,0.0,0.0,0.0,0.0,0.0,0.0,0.0,0.0,0.0,0.0,0.0,0.0,0.0,0.0,False,False
2014-08-01,0.0,0.0,0.0,0.0,0.0,0.0,0.0,0.0,0.0,0.0,0.0,0.0,0.0,0.0,0.0,0.0,0.0,0.0,0.0,0.0,0.0,0.0,0.0,0.0,0.0,0.0,0.0,0.0,0.0,0.0,False,False
2014-08-04,0.0,0.0,0.0,0.0,0.0,0.0,0.0,0.0,0.0,0.0,0.0,0.0,0.0,0.0,0.0,0.0,0.0,0.0,0.0,0.0,0.0,0.0,0.0,0.0,0.0,0.0,0.0,0.0,0.0,0.0,False,False
2014-08-05,0.0,0.0,0.0,0.0,0.0,0.0,0.0,0.0,0.0,0.0,0.0,0.0,0.0,0.0,0.0,0.0,0.0,0.0,0.0,0.0,0.0,0.0,0.0,0.0,0.0,0.0,0.0,0.0,0.0,0.0,False,False
2014-08-06,0.0,0.0,0.0,0.0,0.0,0.0,0.0,0.0,0.0,0.0,0.0,0.0,0.0,0.0,0.0,0.0,0.0,0.0,0.0,0.0,0.0,0.0,0.0,0.0,0.0,0.0,0.0,0.0,0.0,0.0,False,False
2014-08-07,0.0,0.0,0.0,0.0,0.0,0.0,0.0,0.0,0.0,0.0,0.0,0.0,0.0,0.0,0.0,0.0,0.0,0.0,0.0,0.0,0.0,0.0,0.0,0.0,0.0,0.0,0.0,0.0,0.0,0.0,False,False
2014-08-08,0.0,0.0,0.0,0.0,0.0,0.0,0.0,0.0,0.0,0.0,0.0,0.0,0.0,0.0,0.0,0.0,0.0,0.0,0.0,0.0,0.0,0.0,0.0,0.0,0.0,0.0,0.0,0.0,0.0,0.0,False,False
2014-08-11,0.0,0.0,0.0,0.0,0.0,0.0,0.0,0.0,0.0,0.0,0.0,0.0,0.0,0.0,0.0,0.0,0.0,0.0,0.0,0.0,0.0,0.0,0.0,0.0,0.0,0.0,0.0,0.0,0.0,0.0,False,False
2014-08-12,0.0,0.0,0.0,0.0,0.0,0.0,0.0,0.0,0.0,0.0,0.0,0.0,0.0,0.0,0.0,0.0,0.0,0.0,0.0,0.0,0.0,0.0,0.0,0.0,0.0,0.0,0.0,0.0,0.0,0.0,False,False
2014-08-13,0.0,0.0,0.0,0.0,0.0,0.0,0.0,0.0,0.0,0.0,0.0,0.0,0.0,0.0,0.0,0.0,0.0,0.0,0.0,0.0,0.0,0.0,0.0,0.0,0.0,0.0,0.0,0.0,0.0,0.0,False,False
2014-08-14,0.0,0.0,0.0,0.0,0.0,0.0,0.0,0.0,0.0,0.0,0.0,0.0,0.0,0.0,0.0,0.0,0.0,0.0,0.0,0.0,0.0,0.0,0.0,0.0,0.0,0.0,0.0,0.0,0.0,0.0,False,False
2014-08-15,0.0,0.0,0.0,0.0,0.0,0.0,0.0,0.0,0.0,0.0,0.0,0.0,0.0,0.0,0.0,0.0,0.0,0.0,0.0,0.0,0.0,0.0,0.0,0.0,0.0,0.0,0.0,0.0,0.0,0.0,False,False
2014-08-18,0.0,0.0,0.0,0.0,0.0,0.0,0.0,0.0,0.0,0.0,0.0,0.0,0.0,0.0,0.0,0.0,0.0,0.0,0.0,0.0,0.0,0.0,0.0,0.0,0.0,0.0,0.0,0.0,0.0,0.0,False,False
2014-08-19,0.0,0.0,0.0,0.0,0.0,0.0,0.0,0.0,0.0,0.0,0.0,0.0,0.0,0.0,0.0,0.0,0.0,0.0,0.0,0.0,0.0,0.0,0.0,0.0,0.0,0.0,0.0,0.0,0.0,0.0,False,False
2014-08-20,0.0,0.0,0.0,0.0,0.0,0.0,0.0,0.0,0.0,0.0,0.0,0.0,0.0,0.0,0.0,0.0,0.0,0.0,0.0,0.0,0.0,0.0,0.0,0.0,0.0,0.0,0.0,0.0,0.0,0.0,False,False
2014-08-21,0.0,0.0,0.0,0.0,0.0,0.0,0.0,0.0,0.0,0.0,0.0,0.0,0.0,0.0,0.0,0.0,0.0,0.0,0.0,0.0,0.0,0.0,0.0,0.0,0.0,0.0,0.0,0.0,0.0,0.0,False,False
2014-08-22,0.0,0.0,0.0,0.0,0.0,0.0,0.0,0.0,0.0,0.0,0.0,0.0,0.0,0.0,0.0,0.0,0.0,0.0,0.0,0.0,0.0,0.0,0.0,0.0,0.0,0.0,0.0,0.0,0.0,0.0,False,False
2014-08-25,0.0,0.0,0.0,0.0,0.0,0.0,0.0,0.0,0.0,0.0,0.0,0.0,0.0,0.0,0.0,0.0,0.0,0.0,0.0,0.0,0.0,0.0,0.0,0.0,0.0,0.0,0.0,0.0,0.0,0.0,False,False
2014-08-26,0.0,0.0,0.0,0.0,0.0,0.0,0.0,0.0,0.0,0.0,0.0,0.0,0.0,0.0,0.0,0.0,0.0,0.0,0.0,0.0,0.0,0.0,0.0,0.0,0.0,0.0,0.0,0.0,0.0,0.0,False,False
2014-08-27,0.0,0.0,0.0,0.0,0.0,0.0,0.0,0.0,0.0,0.0,0.0,0.0,0.0,0.0,0.0,0.0,0.0,0.0,0.0,0.0,0.0,0.0,0.0,0.0,0.0,0.0,0.0,0.0,0.0,0.0,False,False
2014-08-28,0.0,0.0,0.0,0.0,0.0,0.0,0.0,0.0,0.0,0.0,0.0,0.0,0.0,0.0,0.0,0.0,0.0,0.0,0.0,0.0,0.0,0.0,0.0,0.0,0.0,0.0,0.0,0.0,0.0,0.0,False,False
2014-08-29,0.0,0.0,0.0,0.0,0.0,0.0,0.0,0.0,0.0,0.0,0.0,0.0,0.0,0.0,0.0,0.0,0.0,0.0,0.0,0.0,0.0,0.0,0.0,0.0,0.0,0.0,0.0,0.0,0.0,0.0,False,False
2014-09-02,0.0,0.0,0.0,0.0,0.0,0.0,0.0,0.0,0.0,0.0,0.0,0.0,0.0,0.0,0.0,0.0,0.0,0.0,0.0,0.0,0.0,0.0,0.0,0.0,0.0,0.0,0.0,0.0,0.0,0.0,False,False
2014-09-03,0.0,0.0,0.0,0.0,0.0,0.0,0.0,0.0,0.0,0.0,0.0,0.0,0.0,0.0,0.0,0.0,0.0,0.0,0.0,0.0,0.0,0.0,0.0,0.0,0.0,0.0,0.0,0.0,0.0,0.0,False,False
2014-09-04,0.0,0.0,0.0,0.0,0.0,0.0,0.0,0.0,0.0,0.0,0.0,0.0,0.0,0.0,0.0,0.0,0.0,0.0,0.0,0.0,0.0,0.0,0.0,0.0,0.0,0.0,0.0,0.0,0.0,0.0,False,False
2014-09-05,0.0,0.0,0.0,0.0,0.0,0.0,0.0,0.0,0.0,0.0,0.0,0.0,0.0,0.0,0.0,0.0,0.0,0.0,0.0,0.0,0.0,0.0,0.0,0.0,0.0,0.0,0.0,0.0,0.0,0.0,False,False
2014-09-08,0.0,0.0,0.0,0.0,0.0,0.0,0.0,0.0,0.0,0.0,0.0,0.0,0.0,0.0,0.0,0.0,0.0,0.0,0.0,0.0,0.0,0.0,0.0,0.0,0.0,0.0,0.0,0.0,0.0,0.0,False,False
2014-09-09,0.0,0.0,0.0,0.0,0.0,0.0,0.0,0.0,0.0,0.0,0.0,0.0,0.0,0.0,0.0,0.0,0.0,0.0,0.0,0.0,0.0,0.0,0.0,0.0,0.0,0.0,0.0,0.0,0.0,0.0,False,False
2014-09-10,0.0,0.0,0.0,0.0,0.0,0.0,0.0,0.0,0.0,0.0,0.0,0.0,0.0,0.0,0.0,0.0,0.0,0.0,0.0,0.0,0.0,0.0,0.0,0.0,0.0,0.0,0.0,0.0,0.0,0.0,False,False
2014-09-11,0.0,0.0,0.0,0.0,0.0,0.0,0.0,0.0,0.0,0.0,0.0,0.0,0.0,0.0,0.0,0.0,0.0,0.0,0.0,0.0,0.0,0.0,0.0,0.0,0.0,0.0,0.0,0.0,0.0,0.0,False,False
2014-09-12,0.0,0.0,0.0,0.0,0.0,0.0,0.0,0.0,0.0,0.0,0.0,0.0,0.0,0.0,0.0,0.0,0.0,0.0,0.0,0.0,0.0,0.0,0.0,0.0,0.0,0.0,0.0,0.0,0.0,0.0,False,False
2014-09-15,0.0,0.0,0.0,0.0,0.0,0.0,0.0,0.0,0.0,0.0,0.0,0.0,0.0,0.0,0.0,0.0,0.0,0.0,0.0,0.0,0.0,0.0,0.0,0.0,0.0,0.0,0.0,0.0,0.0,0.0,False,False
2014-09-16,0.0,0.0,0.0,0.0,0.0,0.0,0.0,0.0,0.0,0.0,0.0,0.0,0.0,0.0,0.0,0.0,0.0,0.0,0.0,0.0,0.0,0.0,0.0,0.0,0.0,0.0,0.0,0.0,0.0,0.0,False,False
2014-09-17,0.0,0.0,0.0,0.0,0.0,0.0,0.0,0.0,0.0,0.0,0.0,0.0,0.0,0.0,0.0,0.0,0.0,0.0,0.0,0.0,0.0,0.0,0.0,0.0,0.0,0.0,0.0,0.0,0.0,0.0,False,False
2014-09-18,0.0,0.0,0.0,0.0,0.0,0.0,0.0,0.0,0.0,0.0,0.0,0.0,0.0,0.0,0.0,0.0,0.0,0.0,0.0,0.0,0.0,0.0,0.0,0.0,0.0,0.0,0.0,0.0,0.0,0.0,False,False
2014-09-19,0.0,0.0,0.0,0.0,0.0,0.0,0.0,0.0,0.0,0.0,0.0,0.0,0.0,0.0,0.0,0.0,0.0,0.0,0.0,0.0,0.0,0.0,0.0,0.0,0.0,0.0,0.0,0.0,0.0,0.0,False,False
2014-09-22,0.0,0.0,0.0,0.0,0.0,0.0,0.0,0.0,0.0,0.0,0.0,0.0,0.0,0.0,0.0,0.0,0.0,0.0,0.0,0.0,0.0,0.0,0.0,0.0,0.0,0.0,0.0,0.0,0.0,0.0,False,False
2014-09-23,0.0,0.0,0.0,0.0,0.0,0.0,0.0,0.0,0.0,0.0,0.0,0.0,0.0,0.0,0.0,0.0,0.0,0.0,0.0,0.0,0.0,0.0,0.0,0.0,0.0,0.0,0.0,0.0,0.0,0.0,False,False
2014-09-24,0.0,0.0,0.0,0.0,0.0,0.0,0.0,0.0,0.0,0.0,0.0,0.0,0.0,0.0,0.0,0.0,0.0,0.0,0.0,0.0,0.0,0.0,0.0,0.0,0.0,0.0,0.0,0.0,0.0,0.0,False,False
2014-09-25,0.0,0.0,0.0,0.0,0.0,0.0,0.0,0.0,0.0,0.0,0.0,0.0,0.0,0.0,0.0,0.0,0.0,0.0,0.0,0.0,0.0,0.0,0.0,0.0,0.0,0.0,0.0,0.0,0.0,0.0,False,False
2014-09-26,0.0,0.0,0.0,0.0,0.0,0.0,0.0,0.0,0.0,0.0,0.0,0.0,0.0,0.0,0.0,0.0,0.0,0.0,0.0,0.0,0.0,0.0,0.0,0.0,0.0,0.0,0.0,0.0,0.0,0.0,False,False
2014-09-29,0.0,0.0,0.0,0.0,0.0,0.0,0.0,0.0,0.0,0.0,0.0,0.0,0.0,0.0,0.0,0.0,0.0,0.0,0.0,0.0,0.0,0.0,0.0,0.0,0.0,0.0,0.0,0.0,0.0,0.0,False,False
2014-09-30,0.0,0.0,0.0,0.0,0.0,0.0,0.0,0.0,0.0,0.0,0.0,0.0,0.0,0.0,0.0,0.0,0.0,0.0,0.0,0.0,0.0,0.0,0.0,0.0,0.0,0.0,0.0,0.0,0.0,0.0,False,False
2014-10-01,0.0,0.0,0.0,0.0,0.0,0.0,0.0,0.0,0.0,0.0,0.0,0.0,0.0,0.0,0.0,0.0,0.0,0.0,0.0,0.0,0.0,0.0,0.0,0.0,0.0,0.0,0.0,0.0,0.0,0.0,False,False
2014-10-02,0.0,0.0,0.0,0.0,0.0,0.0,0.0,0.0,0.0,0.0,0.0,0.0,0.0,0.0,0.0,0.0,0.0,0.0,0.0,0.0,0.0,0.0,0.0,0.0,0.0,0.0,0.0,0.0,0.0,0.0,False,False
2014-10-03,0.0,0.0,0.0,0.0,0.0,0.0,0.0,0.0,0.0,0.0,0.0,0.0,0.0,0.0,0.0,0.0,0.0,0.0,0.0,0.0,0.0,0.0,0.0,0.0,0.0,0.0,0.0,0.0,0.0,0.0,False,False
2014-10-06,0.0,0.0,0.0,0.0,0.0,0.0,0.0,0.0,0.0,0.0,0.0,0.0,0.0,0.0,0.0,0.0,0.0,0.0,0.0,0.0,0.0,0.0,0.0,0.0,0.0,0.0,0.0,0.0,0.0,0.0,False,False
2014-10-07,0.0,0.0,0.0,0.0,0.0,0.0,0.0,0.0,0.0,0.0,0.0,0.0,0.0,0.0,0.0,0.0,0.0,0.0,0.0,0.0,0.0,0.0,0.0,0.0,0.0,0.0,0.0,0.0,0.0,0.0,False,False
2014-10-08,0.0,0.0,0.0,0.0,0.0,0.0,0.0,0.0,0.0,0.0,0.0,0.0,0.0,0.0,0.0,0.0,0.0,0.0,0.0,0.0,0.0,0.0,0.0,0.0,0.0,0.0,0.0,0.0,0.0,0.0,False,False
2014-10-09,0.0,0.0,0.0,0.0,0.0,0.0,0.0,0.0,0.0,0.0,0.0,0.0,0.0,0.0,0.0,0.0,0.0,0.0,0.0,0.0,0.0,0.0,0.0,0.0,0.0,0.0,0.0,0.0,0.0,0.0,False,False
2014-10-10,0.0,0.0,0.0,0.0,0.0,0.0,0.0,0.0,0.0,0.0,0.0,0.0,0.0,0.0,0.0,0.0,0.0,0.0,0.0,0.0,0.0,0.0,0.0,0.0,0.0,0.0,0.0,0.0,0.0,0.0,False,False
2014-10-13,0.0,0.0,0.0,0.0,0.0,0.0,0.0,0.0,0.0,0.0,0.0,0.0,0.0,0.0,0.0,0.0,0.0,0.0,0.0,0.0,0.0,0.0,0.0,0.0,0.0,0.0,0.0,0.0,0.0,0.0,False,False
2014-10-14,0.0,0.0,0.0,0.0,0.0,0.0,0.0,0.0,0.0,0.0,0.0,0.0,0.0,0.0,0.0,0.0,0.0,0.0,0.0,0.0,0.0,0.0,0.0,0.0,0.0,0.0,0.0,0.0,0.0,0.0,False,False
2014-10-15,0.0,0.0,0.0,0.0,0.0,0.0,0.0,0.0,0.0,0.0,0.0,0.0,0.0,0.0,0.0,0.0,0.0,0.0,0.0,0.0,0.0,0.0,0.0,0.0,0.0,0.0,0.0,0.0,0.0,0.0,False,False
2014-10-16,0.0,0.0,0.0,0.0,0.0,0.0,0.0,0.0,0.0,0.0,0.0,0.0,0.0,0.0,0.0,0.0,0.0,0.0,0.0,0.0,0.0,0.0,0.0,0.0,0.0,0.0,0.0,0.0,0.0,0.0,False,False
2014-10-17,0.0,0.0,0.0,0.0,0.0,0.0,0.0,0.0,0.0,0.0,0.0,0.0,0.0,0.0,0.0,0.0,0.0,0.0,0.0,0.0,0.0,0.0,0.0,0.0,0.0,0.0,0.0,0.0,0.0,0.0,False,False
2014-10-20,0.0,0.0,0.0,0.0,0.0,0.0,0.0,0.0,0.0,0.0,0.0,0.0,0.0,0.0,0.0,0.0,0.0,0.0,0.0,0.0,0.0,0.0,0.0,0.0,0.0,0.0,0.0,0.0,0.0,0.0,False,False
2014-10-21,0.0,0.0,0.0,0.0,0.0,0.0,0.0,0.0,0.0,0.0,0.0,0.0,0.0,0.0,0.0,0.0,0.0,0.0,0.0,0.0,0.0,0.0,0.0,0.0,0.0,0.0,0.0,0.0,0.0,0.0,False,False
2014-10-22,0.0,0.0,0.0,0.0,0.0,0.0,0.0,0.0,0.0,0.0,0.0,0.0,0.0,0.0,0.0,0.0,0.0,0.0,0.0,0.0,0.0,0.0,0.0,0.0,0.0,0.0,0.0,0.0,0.0,0.0,False,False
2014-10-23,0.0,0.0,0.0,0.0,0.0,0.0,0.0,0.0,0.0,0.0,0.0,0.0,0.0,0.0,0.0,0.0,0.0,0.0,0.0,0.0,0.0,0.0,0.0,0.0,0.0,0.0,0.0,0.0,0.0,0.0,False,False
2014-10-24,0.0,0.0,0.0,0.0,0.0,0.0,0.0,0.0,0.0,0.0,0.0,0.0,0.0,0.0,0.0,0.0,0.0,0.0,0.0,0.0,0.0,0.0,0.0,0.0,0.0,0.0,0.0,0.0,0.0,0.0,False,False
2014-10-27,0.0,0.0,0.0,0.0,0.0,0.0,0.0,0.0,0.0,0.0,0.0,0.0,0.0,0.0,0.0,0.0,0.0,0.0,0.0,0.0,0.0,0.0,0.0,0.0,0.0,0.0,0.0,0.0,0.0,0.0,False,False
2014-10-28,0.0,0.0,0.0,0.0,0.0,0.0,0.0,0.0,0.0,0.0,0.0,0.0,0.0,0.0,0.0,0.0,0.0,0.0,0.0,0.0,0.0,0.0,0.0,0.0,0.0,0.0,0.0,0.0,0.0,0.0,False,False
2014-10-29,0.0,0.0,0.0,0.0,0.0,0.0,0.0,0.0,0.0,0.0,0.0,0.0,0.0,0.0,0.0,0.0,0.0,0.0,0.0,0.0,0.0,0.0,0.0,0.0,0.0,0.0,0.0,0.0,0.0,0.0,False,False
2014-10-30,0.0,0.0,0.0,0.0,0.0,0.0,0.0,0.0,0.0,0.0,0.0,0.0,0.0,0.0,0.0,0.0,0.0,0.0,0.0,0.0,0.0,0.0,0.0,0.0,0.0,0.0,0.0,0.0,0.0,0.0,False,False
2014-10-31,0.0,0.0,0.0,0.0,0.0,0.0,0.0,0.0,0.0,0.0,0.0,0.0,0.0,0.0,0.0,0.0,0.0,0.0,0.0,0.0,0.0,0.0,0.0,0.0,0.0,0.0,0.0,0.0,0.0,0.0,False,False
2014-11-03,0.0,0.0,0.0,0.0,0.0,0.0,0.0,0.0,0.0,0.0,0.0,0.0,0.0,0.0,0.0,0.0,0.0,0.0,0.0,0.0,0.0,0.0,0.0,0.0,0.0,0.0,0.0,0.0,0.0,0.0,False,False
2014-11-04,0.0,0.0,0.0,0.0,0.0,0.0,0.0,0.0,0.0,0.0,0.0,0.0,0.0,0.0,0.0,0.0,0.0,0.0,0.0,0.0,0.0,0.0,0.0,0.0,0.0,0.0,0.0,0.0,0.0,0.0,False,False
2014-11-05,0.0,0.0,0.0,0.0,0.0,0.0,0.0,0.0,0.0,0.0,0.0,0.0,0.0,0.0,0.0,0.0,0.0,0.0,0.0,0.0,0.0,0.0,0.0,0.0,0.0,0.0,0.0,0.0,0.0,0.0,False,False
2014-11-06,0.0,0.0,0.0,0.0,0.0,0.0,0.0,0.0,0.0,0.0,0.0,0.0,0.0,0.0,0.0,0.0,0.0,0.0,0.0,0.0,0.0,0.0,0.0,0.0,0.0,0.0,0.0,0.0,0.0,0.0,False,False
2014-11-07,0.0,0.0,0.0,0.0,0.0,0.0,0.0,0.0,0.0,0.0,0.0,0.0,0.0,0.0,0.0,0.0,0.0,0.0,0.0,0.0,0.0,0.0,0.0,0.0,0.0,0.0,0.0,0.0,0.0,0.0,False,False
2014-11-10,0.0,0.0,0.0,0.0,0.0,0.0,0.0,0.0,0.0,0.0,0.0,0.0,0.0,0.0,0.0,0.0,0.0,0.0,0.0,0.0,0.0,0.0,0.0,0.0,0.0,0.0,0.0,0.0,0.0,0.0,False,False
2014-11-11,0.0,0.0,0.0,0.0,0.0,0.0,0.0,0.0,0.0,0.0,0.0,0.0,0.0,0.0,0.0,0.0,0.0,0.0,0.0,0.0,0.0,0.0,0.0,0.0,0.0,0.0,0.0,0.0,0.0,0.0,False,False
2014-11-12,0.0,0.0,0.0,0.0,0.0,0.0,0.0,0.0,0.0,0.0,0.0,0.0,0.0,0.0,0.0,0.0,0.0,0.0,0.0,0.0,0.0,0.0,0.0,0.0,0.0,0.0,0.0,0.0,0.0,0.0,False,False
2014-11-13,0.0,0.0,0.0,0.0,0.0,0.0,0.0,0.0,0.0,0.0,0.0,0.0,0.0,0.0,0.0,0.0,0.0,0.0,0.0,0.0,0.0,0.0,0.0,0.0,0.0,0.0,0.0,0.0,0.0,0.0,False,False
2014-11-14,0.0,0.0,0.0,0.0,0.0,0.0,0.0,0.0,0.0,0.0,0.0,0.0,0.0,0.0,0.0,0.0,0.0,0.0,0.0,0.0,0.0,0.0,0.0,0.0,0.0,0.0,0.0,0.0,0.0,0.0,False,False
2014-11-17,0.0,0.0,0.0,0.0,0.0,0.0,0.0,0.0,0.0,0.0,0.0,0.0,0.0,0.0,0.0,0.0,0.0,0.0,0.0,0.0,0.0,0.0,0.0,0.0,0.0,0.0,0.0,0.0,0.0,0.0,False,False
2014-11-18,0.0,0.0,0.0,0.0,0.0,0.0,0.0,0.0,0.0,0.0,0.0,0.0,0.0,0.0,0.0,0.0,0.0,0.0,0.0,0.0,0.0,0.0,0.0,0.0,0.0,0.0,0.0,0.0,0.0,0.0,False,False
2014-11-19,0.0,0.0,0.0,0.0,0.0,0.0,0.0,0.0,0.0,0.0,0.0,0.0,0.0,0.0,0.0,0.0,0.0,0.0,0.0,0.0,0.0,0.0,0.0,0.0,0.0,0.0,0.0,0.0,0.0,0.0,False,False
2014-11-20,0.0,0.0,0.0,0.0,0.0,0.0,0.0,0.0,0.0,0.0,0.0,0.0,0.0,0.0,0.0,0.0,0.0,0.0,0.0,0.0,0.0,0.0,0.0,0.0,0.0,0.0,0.0,0.0,0.0,0.0,False,False
2014-11-21,0.0,0.0,0.0,0.0,0.0,0.0,0.0,0.0,0.0,0.0,0.0,0.0,0.0,0.0,0.0,0.0,0.0,0.0,0.0,0.0,0.0,0.0,0.0,0.0,0.0,0.0,0.0,0.0,0.0,0.0,False,False
2014-11-24,0.0,0.0,0.0,0.0,0.0,0.0,0.0,0.0,0.0,0.0,0.0,0.0,0.0,0.0,0.0,0.0,0.0,0.0,0.0,0.0,0.0,0.0,0.0,0.0,0.0,0.0,0.0,0.0,0.0,0.0,False,False
2014-11-25,0.0,0.0,0.0,0.0,0.0,0.0,0.0,0.0,0.0,0.0,0.0,0.0,0.0,0.0,0.0,0.0,0.0,0.0,0.0,0.0,0.0,0.0,0.0,0.0,0.0,0.0,0.0,0.0,0.0,0.0,False,False
2014-11-26,0.0,0.0,0.0,0.0,0.0,0.0,0.0,0.0,0.0,0.0,0.0,0.0,0.0,0.0,0.0,0.0,0.0,0.0,0.0,0.0,0.0,0.0,0.0,0.0,0.0,0.0,0.0,0.0,0.0,0.0,False,False
2014-11-28,0.0,0.0,0.0,0.0,0.0,0.0,0.0,0.0,0.0,0.0,0.0,0.0,0.0,0.0,0.0,0.0,0.0,0.0,0.0,0.0,0.0,0.0,0.0,0.0,0.0,0.0,0.0,0.0,0.0,0.0,False,False
2014-12-01,0.0,0.0,0.0,0.0,0.0,0.0,0.0,0.0,0.0,0.0,0.0,0.0,0.0,0.0,0.0,0.0,0.0,0.0,0.0,0.0,0.0,0.0,0.0,0.0,0.0,0.0,0.0,0.0,0.0,0.0,False,False
2014-12-02,0.0,0.0,0.0,0.0,0.0,0.0,0.0,0.0,0.0,0.0,0.0,0.0,0.0,0.0,0.0,0.0,0.0,0.0,0.0,0.0,0.0,0.0,0.0,0.0,0.0,0.0,0.0,0.0,0.0,0.0,False,False
2014-12-03,0.0,0.0,0.0,0.0,0.0,0.0,0.0,0.0,0.0,0.0,0.0,0.0,0.0,0.0,0.0,0.0,0.0,0.0,0.0,0.0,0.0,0.0,0.0,0.0,0.0,0.0,0.0,0.0,0.0,0.0,False,False
2014-12-04,0.0,0.0,0.0,0.0,0.0,0.0,0.0,0.0,0.0,0.0,0.0,0.0,0.0,0.0,0.0,0.0,0.0,0.0,0.0,0.0,0.0,0.0,0.0,0.0,0.0,0.0,0.0,0.0,0.0,0.0,False,False
2014-12-05,0.0,0.0,0.0,0.0,0.0,0.0,0.0,0.0,0.0,0.0,0.0,0.0,0.0,0.0,0.0,0.0,0.0,0.0,0.0,0.0,0.0,0.0,0.0,0.0,0.0,0.0,0.0,0.0,0.0,0.0,False,False
2014-12-08,0.0,0.0,0.0,0.0,0.0,0.0,0.0,0.0,0.0,0.0,0.0,0.0,0.0,0.0,0.0,0.0,0.0,0.0,0.0,0.0,0.0,0.0,0.0,0.0,0.0,0.0,0.0,0.0,0.0,0.0,False,False
2014-12-09,0.0,0.0,0.0,0.0,0.0,0.0,0.0,0.0,0.0,0.0,0.0,0.0,0.0,0.0,0.0,0.0,0.0,0.0,0.0,0.0,0.0,0.0,0.0,0.0,0.0,0.0,0.0,0.0,0.0,0.0,False,False
2014-12-10,0.0,0.0,0.0,0.0,0.0,0.0,0.0,0.0,0.0,0.0,0.0,0.0,0.0,0.0,0.0,0.0,0.0,0.0,0.0,0.0,0.0,0.0,0.0,0.0,0.0,0.0,0.0,0.0,0.0,0.0,False,False
2014-12-11,0.0,0.0,0.0,0.0,0.0,0.0,0.0,0.0,0.0,0.0,0.0,0.0,0.0,0.0,0.0,0.0,0.0,0.0,0.0,0.0,0.0,0.0,0.0,0.0,0.0,0.0,0.0,0.0,0.0,0.0,False,False
2014-12-12,0.0,0.0,0.0,0.0,0.0,0.0,0.0,0.0,0.0,0.0,0.0,0.0,0.0,0.0,0.0,0.0,0.0,0.0,0.0,0.0,0.0,0.0,0.0,0.0,0.0,0.0,0.0,0.0,0.0,0.0,False,False
2014-12-15,0.0,0.0,0.0,0.0,0.0,0.0,0.0,0.0,0.0,0.0,0.0,0.0,0.0,0.0,0.0,0.0,0.0,0.0,0.0,0.0,0.0,0.0,0.0,0.0,0.0,0.0,0.0,0.0,0.0,0.0,False,False
2014-12-16,0.0,0.0,0.0,0.0,0.0,0.0,0.0,0.0,0.0,0.0,0.0,0.0,0.0,0.0,0.0,0.0,0.0,0.0,0.0,0.0,0.0,0.0,0.0,0.0,0.0,0.0,0.0,0.0,0.0,0.0,False,False
2014-12-17,0.0,0.0,0.0,0.0,0.0,0.0,0.0,0.0,0.0,0.0,0.0,0.0,0.0,0.0,0.0,0.0,0.0,0.0,0.0,0.0,0.0,0.0,0.0,0.0,0.0,0.0,0.0,0.0,0.0,0.0,False,False
2014-12-18,0.0,0.0,0.0,0.0,0.0,0.0,0.0,0.0,0.0,0.0,0.0,0.0,0.0,0.0,0.0,0.0,0.0,0.0,0.0,0.0,0.0,0.0,0.0,0.0,0.0,0.0,0.0,0.0,0.0,0.0,False,False
2014-12-19,0.0,0.0,0.0,0.0,0.0,0.0,0.0,0.0,0.0,0.0,0.0,0.0,0.0,0.0,0.0,0.0,0.0,0.0,0.0,0.0,0.0,0.0,0.0,0.0,0.0,0.0,0.0,0.0,0.0,0.0,False,False
2014-12-22,0.0,0.0,0.0,0.0,0.0,0.0,0.0,0.0,0.0,0.0,0.0,0.0,0.0,0.0,0.0,0.0,0.0,0.0,0.0,0.0,0.0,0.0,0.0,0.0,0.0,0.0,0.0,0.0,0.0,0.0,False,False
2014-12-23,0.0,0.0,0.0,0.0,0.0,0.0,0.0,0.0,0.0,0.0,0.0,0.0,0.0,0.0,0.0,0.0,0.0,0.0,0.0,0.0,0.0,0.0,0.0,0.0,0.0,0.0,0.0,0.0,0.0,0.0,False,False
2014-12-24,0.0,0.0,0.0,0.0,0.0,0.0,0.0,0.0,0.0,0.0,0.0,0.0,0.0,0.0,0.0,0.0,0.0,0.0,0.0,0.0,0.0,0.0,0.0,0.0,0.0,0.0,0.0,0.0,0.0,0.0,False,False
2014-12-26,0.0,0.0,0.0,0.0,0.0,0.0,0.0,0.0,0.0,0.0,0.0,0.0,0.0,0.0,0.0,0.0,0.0,0.0,0.0,0.0,0.0,0.0,0.0,0.0,0.0,0.0,0.0,0.0,0.0,0.0,False,False
2014-12-29,0.0,0.0,0.0,0.0,0.0,0.0,0.0,0.0,0.0,0.0,0.0,0.0,0.0,0.0,0.0,0.0,0.0,0.0,0.0,0.0,0.0,0.0,0.0,0.0,0.0,0.0,0.0,0.0,0.0,0.0,False,False
2014-12-30,0.0,0.0,0.0,0.0,0.0,0.0,0.0,0.0,0.0,0.0,0.0,0.0,0.0,0.0,0.0,0.0,0.0,0.0,0.0,0.0,0.0,0.0,0.0,0.0,0.0,0.0,0.0,0.0,0.0,0.0,False,False
2014-12-31,0.0,0.0,0.0,0.0,0.0,0.0,0.0,0.0,0.0,0.0,0.0,0.0,0.0,0.0,0.0,0.0,0.0,0.0,0.0,0.0,0.0,0.0,0.0,0.0,0.0,0.0,0.0,0.0,0.0,0.0,False,False
2015-01-02,0.0,0.0,0.0,0.0,0.0,0.0,0.0,0.0,0.0,0.0,0.0,0.0,0.0,0.0,0.0,0.0,0.0,0.0,0.0,0.0,0.0,0.0,0.0,0.0,0.0,0.0,0.0,0.0,0.0,0.0,False,False
2015-01-05,0.0,0.0,0.0,0.0,0.0,0.0,0.0,0.0,0.0,0.0,0.0,0.0,0.0,0.0,0.0,0.0,0.0,0.0,0.0,0.0,0.0,0.0,0.0,0.0,0.0,0.0,0.0,0.0,0.0,0.0,False,False
2015-01-06,0.0,0.0,0.0,0.0,0.0,0.0,0.0,0.0,0.0,0.0,0.0,0.0,0.0,0.0,0.0,0.0,0.0,0.0,0.0,0.0,0.0,0.0,0.0,0.0,0.0,0.0,0.0,0.0,0.0,0.0,False,False
2015-01-07,0.0,0.0,0.0,0.0,0.0,0.0,0.0,0.0,0.0,0.0,0.0,0.0,0.0,0.0,0.0,0.0,0.0,0.0,0.0,0.0,0.0,0.0,0.0,0.0,0.0,0.0,0.0,0.0,0.0,0.0,False,False
2015-01-08,0.0,0.0,0.0,0.0,0.0,0.0,0.0,0.0,0.0,0.0,0.0,0.0,0.0,0.0,0.0,0.0,0.0,0.0,0.0,0.0,0.0,0.0,0.0,0.0,0.0,0.0,0.0,0.0,0.0,0.0,False,False
2015-01-09,0.0,0.0,0.0,0.0,0.0,0.0,0.0,0.0,0.0,0.0,0.0,0.0,0.0,0.0,0.0,0.0,0.0,0.0,0.0,0.0,0.0,0.0,0.0,0.0,0.0,0.0,0.0,0.0,0.0,0.0,False,False
2015-01-12,0.0,0.0,0.0,0.0,0.0,0.0,0.0,0.0,0.0,0.0,0.0,0.0,0.0,0.0,0.0,0.0,0.0,0.0,0.0,0.0,0.0,0.0,0.0,0.0,0.0,0.0,0.0,0.0,0.0,0.0,False,False
2015-01-13,0.0,0.0,0.0,0.0,0.0,0.0,0.0,0.0,0.0,0.0,0.0,0.0,0.0,0.0,0.0,0.0,0.0,0.0,0.0,0.0,0.0,0.0,0.0,0.0,0.0,0.0,0.0,0.0,0.0,0.0,False,False
2015-01-14,0.0,0.0,0.0,0.0,0.0,0.0,0.0,0.0,0.0,0.0,0.0,0.0,0.0,0.0,0.0,0.0,0.0,0.0,0.0,0.0,0.0,0.0,0.0,0.0,0.0,0.0,0.0,0.0,0.0,0.0,False,False
2015-01-15,0.0,0.0,0.0,0.0,0.0,0.0,0.0,0.0,0.0,0.0,0.0,0.0,0.0,0.0,0.0,0.0,0.0,0.0,0.0,0.0,0.0,0.0,0.0,0.0,0.0,0.0,0.0,0.0,0.0,0.0,False,False
2015-01-16,0.0,0.0,0.0,0.0,0.0,0.0,0.0,0.0,0.0,0.0,0.0,0.0,0.0,0.0,0.0,0.0,0.0,0.0,0.0,0.0,0.0,0.0,0.0,0.0,0.0,0.0,0.0,0.0,0.0,0.0,False,False
2015-01-20,0.0,0.0,0.0,0.0,0.0,0.0,0.0,0.0,0.0,0.0,0.0,0.0,0.0,0.0,0.0,0.0,0.0,0.0,0.0,0.0,0.0,0.0,0.0,0.0,0.0,0.0,0.0,0.0,0.0,0.0,False,False
2015-01-21,0.0,0.0,0.0,0.0,0.0,0.0,0.0,0.0,0.0,0.0,0.0,0.0,0.0,0.0,0.0,0.0,0.0,0.0,0.0,0.0,0.0,0.0,0.0,0.0,0.0,0.0,0.0,0.0,0.0,0.0,False,False
2015-01-22,0.0,0.0,0.0,0.0,0.0,0.0,0.0,0.0,0.0,0.0,0.0,0.0,0.0,0.0,0.0,0.0,0.0,0.0,0.0,0.0,0.0,0.0,0.0,0.0,0.0,0.0,0.0,0.0,0.0,0.0,False,False
2015-01-23,0.0,0.0,0.0,0.0,0.0,0.0,0.0,0.0,0.0,0.0,0.0,0.0,0.0,0.0,0.0,0.0,0.0,0.0,0.0,0.0,0.0,0.0,0.0,0.0,0.0,0.0,0.0,0.0,0.0,0.0,False,False
2015-01-26,0.0,0.0,0.0,0.0,0.0,0.0,0.0,0.0,0.0,0.0,0.0,0.0,0.0,0.0,0.0,0.0,0.0,0.0,0.0,0.0,0.0,0.0,0.0,0.0,0.0,0.0,0.0,0.0,0.0,0.0,False,False
2015-01-27,0.0,0.0,0.0,0.0,0.0,0.0,0.0,0.0,0.0,0.0,0.0,0.0,0.0,0.0,0.0,0.0,0.0,0.0,0.0,0.0,0.0,0.0,0.0,0.0,0.0,0.0,0.0,0.0,0.0,0.0,False,False
2015-01-28,0.0,0.0,0.0,0.0,0.0,0.0,0.0,0.0,0.0,0.0,0.0,0.0,0.0,0.0,0.0,0.0,0.0,0.0,0.0,0.0,0.0,0.0,0.0,0.0,0.0,0.0,0.0,0.0,0.0,0.0,False,False
2015-01-29,0.0,0.0,0.0,0.0,0.0,0.0,0.0,0.0,0.0,0.0,0.0,0.0,0.0,0.0,0.0,0.0,0.0,0.0,0.0,0.0,0.0,0.0,0.0,0.0,0.0,0.0,0.0,0.0,0.0,0.0,False,False
2015-01-30,0.0,0.0,0.0,0.0,0.0,0.0,0.0,0.0,0.0,0.0,0.0,0.0,0.0,0.0,0.0,0.0,0.0,0.0,0.0,0.0,0.0,0.0,0.0,0.0,0.0,0.0,0.0,0.0,0.0,0.0,False,False
2015-02-02,0.0,0.0,0.0,0.0,0.0,0.0,0.0,0.0,0.0,0.0,0.0,0.0,0.0,0.0,0.0,0.0,0.0,0.0,0.0,0.0,0.0,0.0,0.0,0.0,0.0,0.0,0.0,0.0,0.0,0.0,False,False
2015-02-03,0.0,0.0,0.0,0.0,0.0,0.0,0.0,0.0,0.0,0.0,0.0,0.0,0.0,0.0,0.0,0.0,0.0,0.0,0.0,0.0,0.0,0.0,0.0,0.0,0.0,0.0,0.0,0.0,0.0,0.0,False,False
2015-02-04,0.0,0.0,0.0,0.0,0.0,0.0,0.0,0.0,0.0,0.0,0.0,0.0,0.0,0.0,0.0,0.0,0.0,0.0,0.0,0.0,0.0,0.0,0.0,0.0,0.0,0.0,0.0,0.0,0.0,0.0,False,False
2015-02-05,0.0,0.0,0.0,0.0,0.0,0.0,0.0,0.0,0.0,0.0,0.0,0.0,0.0,0.0,0.0,0.0,0.0,0.0,0.0,0.0,0.0,0.0,0.0,0.0,0.0,0.0,0.0,0.0,0.0,0.0,False,False
2015-02-06,0.0,0.0,0.0,0.0,0.0,0.0,0.0,0.0,0.0,0.0,0.0,0.0,0.0,0.0,0.0,0.0,0.0,0.0,0.0,0.0,0.0,0.0,0.0,0.0,0.0,0.0,0.0,0.0,0.0,0.0,False,False
2015-02-09,0.0,0.0,0.0,0.0,0.0,0.0,0.0,0.0,0.0,0.0,0.0,0.0,0.0,0.0,0.0,0.0,0.0,0.0,0.0,0.0,0.0,0.0,0.0,0.0,0.0,0.0,0.0,0.0,0.0,0.0,False,False
2015-02-10,0.0,0.0,0.0,0.0,0.0,0.0,0.0,0.0,0.0,0.0,0.0,0.0,0.0,0.0,0.0,0.0,0.0,0.0,0.0,0.0,0.0,0.0,0.0,0.0,0.0,0.0,0.0,0.0,0.0,0.0,False,False
2015-02-11,0.0,0.0,0.0,0.0,0.0,0.0,0.0,0.0,0.0,0.0,0.0,0.0,0.0,0.0,0.0,0.0,0.0,0.0,0.0,0.0,0.0,0.0,0.0,0.0,0.0,0.0,0.0,0.0,0.0,0.0,False,False
2015-02-12,0.0,0.0,0.0,0.0,0.0,0.0,0.0,0.0,0.0,0.0,0.0,0.0,0.0,0.0,0.0,0.0,0.0,0.0,0.0,0.0,0.0,0.0,0.0,0.0,0.0,0.0,0.0,0.0,0.0,0.0,False,False
2015-02-13,0.0,0.0,0.0,0.0,0.0,0.0,0.0,0.0,0.0,0.0,0.0,0.0,0.0,0.0,0.0,0.0,0.0,0.0,0.0,0.0,0.0,0.0,0.0,0.0,0.0,0.0,0.0,0.0,0.0,0.0,False,False
2015-02-17,0.0,0.0,0.0,0.0,0.0,0.0,0.0,0.0,0.0,0.0,0.0,0.0,0.0,0.0,0.0,0.0,0.0,0.0,0.0,0.0,0.0,0.0,0.0,0.0,0.0,0.0,0.0,0.0,0.0,0.0,False,False
2015-02-18,0.0,0.0,0.0,0.0,0.0,0.0,0.0,0.0,0.0,0.0,0.0,0.0,0.0,0.0,0.0,0.0,0.0,0.0,0.0,0.0,0.0,0.0,0.0,0.0,0.0,0.0,0.0,0.0,0.0,0.0,False,False
2015-02-19,0.0,0.0,0.0,0.0,0.0,0.0,0.0,0.0,0.0,0.0,0.0,0.0,0.0,0.0,0.0,0.0,0.0,0.0,0.0,0.0,0.0,0.0,0.0,0.0,0.0,0.0,0.0,0.0,0.0,0.0,False,False
2015-02-20,0.0,0.0,0.0,0.0,0.0,0.0,0.0,0.0,0.0,0.0,0.0,0.0,0.0,0.0,0.0,0.0,0.0,0.0,0.0,0.0,0.0,0.0,0.0,0.0,0.0,0.0,0.0,0.0,0.0,0.0,False,False
2015-02-23,0.0,0.0,0.0,0.0,0.0,0.0,0.0,0.0,0.0,0.0,0.0,0.0,0.0,0.0,0.0,0.0,0.0,0.0,0.0,0.0,0.0,0.0,0.0,0.0,0.0,0.0,0.0,0.0,0.0,0.0,False,False
2015-02-24,0.0,0.0,0.0,0.0,0.0,0.0,0.0,0.0,0.0,0.0,0.0,0.0,0.0,0.0,0.0,0.0,0.0,0.0,0.0,0.0,0.0,0.0,0.0,0.0,0.0,0.0,0.0,0.0,0.0,0.0,False,False
2015-02-25,0.0,0.0,0.0,0.0,0.0,0.0,0.0,0.0,0.0,0.0,0.0,0.0,0.0,0.0,0.0,0.0,0.0,0.0,0.0,0.0,0.0,0.0,0.0,0.0,0.0,0.0,0.0,0.0,0.0,0.0,False,False
2015-02-26,0.0,0.0,0.0,0.0,0.0,0.0,0.0,0.0,0.0,0.0,0.0,0.0,0.0,0.0,0.0,0.0,0.0,0.0,0.0,0.0,0.0,0.0,0.0,0.0,0.0,0.0,0.0,0.0,0.0,0.0,False,False
2015-02-27,0.0,0.0,0.0,0.0,0.0,0.0,0.0,0.0,0.0,0.0,0.0,0.0,0.0,0.0,0.0,0.0,0.0,0.0,0.0,0.0,0.0,0.0,0.0,0.0,0.0,0.0,0.0,0.0,0.0,0.0,False,False
2015-03-02,0.0,0.0,0.0,0.0,0.0,0.0,0.0,0.0,0.0,0.0,0.0,0.0,0.0,0.0,0.0,0.0,0.0,0.0,0.0,0.0,0.0,0.0,0.0,0.0,0.0,0.0,0.0,0.0,0.0,0.0,False,False
2015-03-03,0.0,0.0,0.0,0.0,0.0,0.0,0.0,0.0,0.0,0.0,0.0,0.0,0.0,0.0,0.0,0.0,0.0,0.0,0.0,0.0,0.0,0.0,0.0,0.0,0.0,0.0,0.0,0.0,0.0,0.0,False,False
2015-03-04,0.0,0.0,0.0,0.0,0.0,0.0,0.0,0.0,0.0,0.0,0.0,0.0,0.0,0.0,0.0,0.0,0.0,0.0,0.0,0.0,0.0,0.0,0.0,0.0,0.0,0.0,0.0,0.0,0.0,0.0,False,False
2015-03-05,0.0,0.0,0.0,0.0,0.0,0.0,0.0,0.0,0.0,0.0,0.0,0.0,0.0,0.0,0.0,0.0,0.0,0.0,0.0,0.0,0.0,0.0,0.0,0.0,0.0,0.0,0.0,0.0,0.0,0.0,False,False
2015-03-06,0.0,0.0,0.0,0.0,0.0,0.0,0.0,0.0,0.0,0.0,0.0,0.0,0.0,0.0,0.0,0.0,0.0,0.0,0.0,0.0,0.0,0.0,0.0,0.0,0.0,0.0,0.0,0.0,0.0,0.0,False,False
2015-03-09,0.0,0.0,0.0,0.0,0.0,0.0,0.0,0.0,0.0,0.0,0.0,0.0,0.0,0.0,0.0,0.0,0.0,0.0,0.0,0.0,0.0,0.0,0.0,0.0,0.0,0.0,0.0,0.0,0.0,0.0,False,False
2015-03-10,0.0,0.0,0.0,0.0,0.0,0.0,0.0,0.0,0.0,0.0,0.0,0.0,0.0,0.0,0.0,0.0,0.0,0.0,0.0,0.0,0.0,0.0,0.0,0.0,0.0,0.0,0.0,0.0,0.0,0.0,False,False
2015-03-11,0.0,0.0,0.0,0.0,0.0,0.0,0.0,0.0,0.0,0.0,0.0,0.0,0.0,0.0,0.0,0.0,0.0,0.0,0.0,0.0,0.0,0.0,0.0,0.0,0.0,0.0,0.0,0.0,0.0,0.0,False,False
2015-03-12,0.0,0.0,0.0,0.0,0.0,0.0,0.0,0.0,0.0,0.0,0.0,0.0,0.0,0.0,0.0,0.0,0.0,0.0,0.0,0.0,0.0,0.0,0.0,0.0,0.0,0.0,0.0,0.0,0.0,0.0,False,False
2015-03-13,0.0,0.0,0.0,0.0,0.0,0.0,0.0,0.0,0.0,0.0,0.0,0.0,0.0,0.0,0.0,0.0,0.0,0.0,0.0,0.0,0.0,0.0,0.0,0.0,0.0,0.0,0.0,0.0,0.0,0.0,False,False
2015-03-16,0.0,0.0,0.0,0.0,0.0,0.0,0.0,0.0,0.0,0.0,0.0,0.0,0.0,0.0,0.0,0.0,0.0,0.0,0.0,0.0,0.0,0.0,0.0,0.0,0.0,0.0,0.0,0.0,0.0,0.0,False,False
2015-03-17,0.0,0.0,0.0,0.0,0.0,0.0,0.0,0.0,0.0,0.0,0.0,0.0,0.0,0.0,0.0,0.0,0.0,0.0,0.0,0.0,0.0,0.0,0.0,0.0,0.0,0.0,0.0,0.0,0.0,0.0,False,False
2015-03-18,0.0,0.0,0.0,0.0,0.0,0.0,0.0,0.0,0.0,0.0,0.0,0.0,0.0,0.0,0.0,0.0,0.0,0.0,0.0,0.0,0.0,0.0,0.0,0.0,0.0,0.0,0.0,0.0,0.0,0.0,False,False
2015-03-19,0.0,0.0,0.0,0.0,0.0,0.0,0.0,0.0,0.0,0.0,0.0,0.0,0.0,0.0,0.0,0.0,0.0,0.0,0.0,0.0,0.0,0.0,0.0,0.0,0.0,0.0,0.0,0.0,0.0,0.0,False,False
2015-03-20,0.0,0.0,0.0,0.0,0.0,0.0,0.0,0.0,0.0,0.0,0.0,0.0,0.0,0.0,0.0,0.0,0.0,0.0,0.0,0.0,0.0,0.0,0.0,0.0,0.0,0.0,0.0,0.0,0.0,0.0,False,False
2015-03-23,0.0,0.0,0.0,0.0,0.0,0.0,0.0,0.0,0.0,0.0,0.0,0.0,0.0,0.0,0.0,0.0,0.0,0.0,0.0,0.0,0.0,0.0,0.0,0.0,0.0,0.0,0.0,0.0,0.0,0.0,False,False
2015-03-24,0.0,0.0,0.0,0.0,0.0,0.0,0.0,0.0,0.0,0.0,0.0,0.0,0.0,0.0,0.0,0.0,0.0,0.0,0.0,0.0,0.0,0.0,0.0,0.0,0.0,0.0,0.0,0.0,0.0,0.0,False,False
2015-03-25,0.0,0.0,0.0,0.0,0.0,0.0,0.0,0.0,0.0,0.0,0.0,0.0,0.0,0.0,0.0,0.0,0.0,0.0,0.0,0.0,0.0,0.0,0.0,0.0,0.0,0.0,0.0,0.0,0.0,0.0,False,False
2015-03-26,0.0,0.0,0.0,0.0,0.0,0.0,0.0,0.0,0.0,0.0,0.0,0.0,0.0,0.0,0.0,0.0,0.0,0.0,0.0,0.0,0.0,0.0,0.0,0.0,0.0,0.0,0.0,0.0,0.0,0.0,False,False
2015-03-27,0.0,0.0,0.0,0.0,0.0,0.0,0.0,0.0,0.0,0.0,0.0,0.0,0.0,0.0,0.0,0.0,0.0,0.0,0.0,0.0,0.0,0.0,0.0,0.0,0.0,0.0,0.0,0.0,0.0,0.0,False,False
2015-03-30,0.0,0.0,0.0,0.0,0.0,0.0,0.0,0.0,0.0,0.0,0.0,0.0,0.0,0.0,0.0,0.0,0.0,0.0,0.0,0.0,0.0,0.0,0.0,0.0,0.0,0.0,0.0,0.0,0.0,0.0,False,False
2015-03-31,0.0,0.0,0.0,0.0,0.0,0.0,0.0,0.0,0.0,0.0,0.0,0.0,0.0,0.0,0.0,0.0,0.0,0.0,0.0,0.0,0.0,0.0,0.0,0.0,0.0,0.0,0.0,0.0,0.0,0.0,False,False
2015-04-01,0.0,0.0,0.0,0.0,0.0,0.0,0.0,0.0,0.0,0.0,0.0,0.0,0.0,0.0,0.0,0.0,0.0,0.0,0.0,0.0,0.0,0.0,0.0,0.0,0.0,0.0,0.0,0.0,0.0,0.0,False,False
2015-04-02,0.0,0.0,0.0,0.0,0.0,0.0,0.0,0.0,0.0,0.0,0.0,0.0,0.0,0.0,0.0,0.0,0.0,0.0,0.0,0.0,0.0,0.0,0.0,0.0,0.0,0.0,0.0,0.0,0.0,0.0,False,False
2015-04-06,0.0,0.0,0.0,0.0,0.0,0.0,0.0,0.0,0.0,0.0,0.0,0.0,0.0,0.0,0.0,0.0,0.0,0.0,0.0,0.0,0.0,0.0,0.0,0.0,0.0,0.0,0.0,0.0,0.0,0.0,False,False
2015-04-07,0.0,0.0,0.0,0.0,0.0,0.0,0.0,0.0,0.0,0.0,0.0,0.0,0.0,0.0,0.0,0.0,0.0,0.0,0.0,0.0,0.0,0.0,0.0,0.0,0.0,0.0,0.0,0.0,0.0,0.0,False,False
2015-04-08,0.0,0.0,0.0,0.0,0.0,0.0,0.0,0.0,0.0,0.0,0.0,0.0,0.0,0.0,0.0,0.0,0.0,0.0,0.0,0.0,0.0,0.0,0.0,0.0,0.0,0.0,0.0,0.0,0.0,0.0,False,False
2015-04-09,0.0,0.0,0.0,0.0,0.0,0.0,0.0,0.0,0.0,0.0,0.0,0.0,0.0,0.0,0.0,0.0,0.0,0.0,0.0,0.0,0.0,0.0,0.0,0.0,0.0,0.0,0.0,0.0,0.0,0.0,False,False
2015-04-10,0.0,0.0,0.0,0.0,0.0,0.0,0.0,0.0,0.0,0.0,0.0,0.0,0.0,0.0,0.0,0.0,0.0,0.0,0.0,0.0,0.0,0.0,0.0,0.0,0.0,0.0,0.0,0.0,0.0,0.0,False,False
2015-04-13,0.0,0.0,0.0,0.0,0.0,0.0,0.0,0.0,0.0,0.0,0.0,0.0,0.0,0.0,0.0,0.0,0.0,0.0,0.0,0.0,0.0,0.0,0.0,0.0,0.0,0.0,0.0,0.0,0.0,0.0,False,False
2015-04-14,0.0,0.0,0.0,0.0,0.0,0.0,0.0,0.0,0.0,0.0,0.0,0.0,0.0,0.0,0.0,0.0,0.0,0.0,0.0,0.0,0.0,0.0,0.0,0.0,0.0,0.0,0.0,0.0,0.0,0.0,False,False
2015-04-15,0.0,0.0,0.0,0.0,0.0,0.0,0.0,0.0,0.0,0.0,0.0,0.0,0.0,0.0,0.0,0.0,0.0,0.0,0.0,0.0,0.0,0.0,0.0,0.0,0.0,0.0,0.0,0.0,0.0,0.0,False,False
2015-04-16,0.0,0.0,0.0,0.0,0.0,0.0,0.0,0.0,0.0,0.0,0.0,0.0,0.0,0.0,0.0,0.0,0.0,0.0,0.0,0.0,0.0,0.0,0.0,0.0,0.0,0.0,0.0,0.0,0.0,0.0,False,False
2015-04-17,0.0,0.0,0.0,0.0,0.0,0.0,0.0,0.0,0.0,0.0,0.0,0.0,0.0,0.0,0.0,0.0,0.0,0.0,0.0,0.0,0.0,0.0,0.0,0.0,0.0,0.0,0.0,0.0,0.0,0.0,False,False
2015-04-20,0.0,0.0,0.0,0.0,0.0,0.0,0.0,0.0,0.0,0.0,0.0,0.0,0.0,0.0,0.0,0.0,0.0,0.0,0.0,0.0,0.0,0.0,0.0,0.0,0.0,0.0,0.0,0.0,0.0,0.0,False,False
2015-04-21,0.0,0.0,0.0,0.0,0.0,0.0,0.0,0.0,0.0,0.0,0.0,0.0,0.0,0.0,0.0,0.0,0.0,0.0,0.0,0.0,0.0,0.0,0.0,0.0,0.0,0.0,0.0,0.0,0.0,0.0,False,False
2015-04-22,0.0,0.0,0.0,0.0,0.0,0.0,0.0,0.0,0.0,0.0,0.0,0.0,0.0,0.0,0.0,0.0,0.0,0.0,0.0,0.0,0.0,0.0,0.0,0.0,0.0,0.0,0.0,0.0,0.0,0.0,False,False
2015-04-23,0.0,0.0,0.0,0.0,0.0,0.0,0.0,0.0,0.0,0.0,0.0,0.0,0.0,0.0,0.0,0.0,0.0,0.0,0.0,0.0,0.0,0.0,0.0,0.0,0.0,0.0,0.0,0.0,0.0,0.0,False,False
2015-04-24,0.0,0.0,0.0,0.0,0.0,0.0,0.0,0.0,0.0,0.0,0.0,0.0,0.0,0.0,0.0,0.0,0.0,0.0,0.0,0.0,0.0,0.0,0.0,0.0,0.0,0.0,0.0,0.0,0.0,0.0,False,False
2015-04-27,0.0,0.0,0.0,0.0,0.0,0.0,0.0,0.0,0.0,0.0,0.0,0.0,0.0,0.0,0.0,0.0,0.0,0.0,0.0,0.0,0.0,0.0,0.0,0.0,0.0,0.0,0.0,0.0,0.0,0.0,False,False
2015-04-28,0.0,0.0,0.0,0.0,0.0,0.0,0.0,0.0,0.0,0.0,0.0,0.0,0.0,0.0,0.0,0.0,0.0,0.0,0.0,0.0,0.0,0.0,0.0,0.0,0.0,0.0,0.0,0.0,0.0,0.0,False,False
2015-04-29,0.0,0.0,0.0,0.0,0.0,0.0,0.0,0.0,0.0,0.0,0.0,0.0,0.0,0.0,0.0,0.0,0.0,0.0,0.0,0.0,0.0,0.0,0.0,0.0,0.0,0.0,0.0,0.0,0.0,0.0,False,False
2015-04-30,0.0,0.0,0.0,0.0,0.0,0.0,0.0,0.0,0.0,0.0,0.0,0.0,0.0,0.0,0.0,0.0,0.0,0.0,0.0,0.0,0.0,0.0,0.0,0.0,0.0,0.0,0.0,0.0,0.0,0.0,False,False
2015-05-01,0.0,0.0,0.0,0.0,0.0,0.0,0.0,0.0,0.0,0.0,0.0,0.0,0.0,0.0,0.0,0.0,0.0,0.0,0.0,0.0,0.0,0.0,0.0,0.0,0.0,0.0,0.0,0.0,0.0,0.0,False,False
2015-05-04,0.0,0.0,0.0,0.0,0.0,0.0,0.0,0.0,0.0,0.0,0.0,0.0,0.0,0.0,0.0,0.0,0.0,0.0,0.0,0.0,0.0,0.0,0.0,0.0,0.0,0.0,0.0,0.0,0.0,0.0,False,False
2015-05-05,0.0,0.0,0.0,0.0,0.0,0.0,0.0,0.0,0.0,0.0,0.0,0.0,0.0,0.0,0.0,0.0,0.0,0.0,0.0,0.0,0.0,0.0,0.0,0.0,0.0,0.0,0.0,0.0,0.0,0.0,False,False
2015-05-06,0.0,0.0,0.0,0.0,0.0,0.0,0.0,0.0,0.0,0.0,0.0,0.0,0.0,0.0,0.0,0.0,0.0,0.0,0.0,0.0,0.0,0.0,0.0,0.0,0.0,0.0,0.0,0.0,0.0,0.0,False,False
2015-05-07,0.0,0.0,0.0,0.0,0.0,0.0,0.0,0.0,0.0,0.0,0.0,0.0,0.0,0.0,0.0,0.0,0.0,0.0,0.0,0.0,0.0,0.0,0.0,0.0,0.0,0.0,0.0,0.0,0.0,0.0,False,False
2015-05-08,0.0,0.0,0.0,0.0,0.0,0.0,0.0,0.0,0.0,0.0,0.0,0.0,0.0,0.0,0.0,0.0,0.0,0.0,0.0,0.0,0.0,0.0,0.0,0.0,0.0,0.0,0.0,0.0,0.0,0.0,False,False
2015-05-11,0.0,0.0,0.0,0.0,0.0,0.0,0.0,0.0,0.0,0.0,0.0,0.0,0.0,0.0,0.0,0.0,0.0,0.0,0.0,0.0,0.0,0.0,0.0,0.0,0.0,0.0,0.0,0.0,0.0,0.0,False,False
2015-05-12,0.0,0.0,0.0,0.0,0.0,0.0,0.0,0.0,0.0,0.0,0.0,0.0,0.0,0.0,0.0,0.0,0.0,0.0,0.0,0.0,0.0,0.0,0.0,0.0,0.0,0.0,0.0,0.0,0.0,0.0,False,False
2015-05-13,0.0,0.0,0.0,0.0,0.0,0.0,0.0,0.0,0.0,0.0,0.0,0.0,0.0,0.0,0.0,0.0,0.0,0.0,0.0,0.0,0.0,0.0,0.0,0.0,0.0,0.0,0.0,0.0,0.0,0.0,False,False
2015-05-14,0.0,0.0,0.0,0.0,0.0,0.0,0.0,0.0,0.0,0.0,0.0,0.0,0.0,0.0,0.0,0.0,0.0,0.0,0.0,0.0,0.0,0.0,0.0,0.0,0.0,0.0,0.0,0.0,0.0,0.0,False,False
2015-05-15,0.0,0.0,0.0,0.0,0.0,0.0,0.0,0.0,0.0,0.0,0.0,0.0,0.0,0.0,0.0,0.0,0.0,0.0,0.0,0.0,0.0,0.0,0.0,0.0,0.0,0.0,0.0,0.0,0.0,0.0,False,False
2015-05-18,0.0,0.0,0.0,0.0,0.0,0.0,0.0,0.0,0.0,0.0,0.0,0.0,0.0,0.0,0.0,0.0,0.0,0.0,0.0,0.0,0.0,0.0,0.0,0.0,0.0,0.0,0.0,0.0,0.0,0.0,False,False
2015-05-19,0.0,0.0,0.0,0.0,0.0,0.0,0.0,0.0,0.0,0.0,0.0,0.0,0.0,0.0,0.0,0.0,0.0,0.0,0.0,0.0,0.0,0.0,0.0,0.0,0.0,0.0,0.0,0.0,0.0,0.0,False,False
2015-05-20,0.0,0.0,0.0,0.0,0.0,0.0,0.0,0.0,0.0,0.0,0.0,0.0,0.0,0.0,0.0,0.0,0.0,0.0,0.0,0.0,0.0,0.0,0.0,0.0,0.0,0.0,0.0,0.0,0.0,0.0,False,False
2015-05-21,0.0,0.0,0.0,0.0,0.0,0.0,0.0,0.0,0.0,0.0,0.0,0.0,0.0,0.0,0.0,0.0,0.0,0.0,0.0,0.0,0.0,0.0,0.0,0.0,0.0,0.0,0.0,0.0,0.0,0.0,False,False
2015-05-22,0.0,0.0,0.0,0.0,0.0,0.0,0.0,0.0,0.0,0.0,0.0,0.0,0.0,0.0,0.0,0.0,0.0,0.0,0.0,0.0,0.0,0.0,0.0,0.0,0.0,0.0,0.0,0.0,0.0,0.0,False,False
2015-05-26,0.0,0.0,0.0,0.0,0.0,0.0,0.0,0.0,0.0,0.0,0.0,0.0,0.0,0.0,0.0,0.0,0.0,0.0,0.0,0.0,0.0,0.0,0.0,0.0,0.0,0.0,0.0,0.0,0.0,0.0,False,False
2015-05-27,0.0,0.0,0.0,0.0,0.0,0.0,0.0,0.0,0.0,0.0,0.0,0.0,0.0,0.0,0.0,0.0,0.0,0.0,0.0,0.0,0.0,0.0,0.0,0.0,0.0,0.0,0.0,0.0,0.0,0.0,False,False
2015-05-28,0.0,0.0,0.0,0.0,0.0,0.0,0.0,0.0,0.0,0.0,0.0,0.0,0.0,0.0,0.0,0.0,0.0,0.0,0.0,0.0,0.0,0.0,0.0,0.0,0.0,0.0,0.0,0.0,0.0,0.0,False,False
2015-05-29,0.0,0.0,0.0,0.0,0.0,0.0,0.0,0.0,0.0,0.0,0.0,0.0,0.0,0.0,0.0,0.0,0.0,0.0,0.0,0.0,0.0,0.0,0.0,0.0,0.0,0.0,0.0,0.0,0.0,0.0,False,False
2015-06-01,0.0,0.0,0.0,0.0,0.0,0.0,0.0,0.0,0.0,0.0,0.0,0.0,0.0,0.0,0.0,0.0,0.0,0.0,0.0,0.0,0.0,0.0,0.0,0.0,0.0,0.0,0.0,0.0,0.0,0.0,False,False
2015-06-02,0.0,0.0,0.0,0.0,0.0,0.0,0.0,0.0,0.0,0.0,0.0,0.0,0.0,0.0,0.0,0.0,0.0,0.0,0.0,0.0,0.0,0.0,0.0,0.0,0.0,0.0,0.0,0.0,0.0,0.0,False,False
2015-06-03,0.0,0.0,0.0,0.0,0.0,0.0,0.0,0.0,0.0,0.0,0.0,0.0,0.0,0.0,0.0,0.0,0.0,0.0,0.0,0.0,0.0,0.0,0.0,0.0,0.0,0.0,0.0,0.0,0.0,0.0,False,False
2015-06-04,0.0,0.0,0.0,0.0,0.0,0.0,0.0,0.0,0.0,0.0,0.0,0.0,0.0,0.0,0.0,0.0,0.0,0.0,0.0,0.0,0.0,0.0,0.0,0.0,0.0,0.0,0.0,0.0,0.0,0.0,False,False
2015-06-05,0.0,0.0,0.0,0.0,0.0,0.0,0.0,0.0,0.0,0.0,0.0,0.0,0.0,0.0,0.0,0.0,0.0,0.0,0.0,0.0,0.0,0.0,0.0,0.0,0.0,0.0,0.0,0.0,0.0,0.0,False,False
2015-06-08,0.0,0.0,0.0,0.0,0.0,0.0,0.0,0.0,0.0,0.0,0.0,0.0,0.0,0.0,0.0,0.0,0.0,0.0,0.0,0.0,0.0,0.0,0.0,0.0,0.0,0.0,0.0,0.0,0.0,0.0,False,False
2015-06-09,0.0,0.0,0.0,0.0,0.0,0.0,0.0,0.0,0.0,0.0,0.0,0.0,0.0,0.0,0.0,0.0,0.0,0.0,0.0,0.0,0.0,0.0,0.0,0.0,0.0,0.0,0.0,0.0,0.0,0.0,False,False
2015-06-10,0.0,0.0,0.0,0.0,0.0,0.0,0.0,0.0,0.0,0.0,0.0,0.0,0.0,0.0,0.0,0.0,0.0,0.0,0.0,0.0,0.0,0.0,0.0,0.0,0.0,0.0,0.0,0.0,0.0,0.0,False,False
2015-06-11,0.0,0.0,0.0,0.0,0.0,0.0,0.0,0.0,0.0,0.0,0.0,0.0,0.0,0.0,0.0,0.0,0.0,0.0,0.0,0.0,0.0,0.0,0.0,0.0,0.0,0.0,0.0,0.0,0.0,0.0,False,False
2015-06-12,0.0,0.0,0.0,0.0,0.0,0.0,0.0,0.0,0.0,0.0,0.0,0.0,0.0,0.0,0.0,0.0,0.0,0.0,0.0,0.0,0.0,0.0,0.0,0.0,0.0,0.0,0.0,0.0,0.0,0.0,False,False
2015-06-15,0.0,0.0,0.0,0.0,0.0,0.0,0.0,0.0,0.0,0.0,0.0,0.0,0.0,0.0,0.0,0.0,0.0,0.0,0.0,0.0,0.0,0.0,0.0,0.0,0.0,0.0,0.0,0.0,0.0,0.0,False,False
2015-06-16,0.0,0.0,0.0,0.0,0.0,0.0,0.0,0.0,0.0,0.0,0.0,0.0,0.0,0.0,0.0,0.0,0.0,0.0,0.0,0.0,0.0,0.0,0.0,0.0,0.0,0.0,0.0,0.0,0.0,0.0,False,False
2015-06-17,0.0,0.0,0.0,0.0,0.0,0.0,0.0,0.0,0.0,0.0,0.0,0.0,0.0,0.0,0.0,0.0,0.0,0.0,0.0,0.0,0.0,0.0,0.0,0.0,0.0,0.0,0.0,0.0,0.0,0.0,False,False
2015-06-18,0.0,0.0,0.0,0.0,0.0,0.0,0.0,0.0,0.0,0.0,0.0,0.0,0.0,0.0,0.0,0.0,0.0,0.0,0.0,0.0,0.0,0.0,0.0,0.0,0.0,0.0,0.0,0.0,0.0,0.0,False,False
2015-06-19,0.0,0.0,0.0,0.0,0.0,0.0,0.0,0.0,0.0,0.0,0.0,0.0,0.0,0.0,0.0,0.0,0.0,0.0,0.0,0.0,0.0,0.0,0.0,0.0,0.0,0.0,0.0,0.0,0.0,0.0,False,False
2015-06-22,0.0,0.0,0.0,0.0,0.0,0.0,0.0,0.0,0.0,0.0,0.0,0.0,0.0,0.0,0.0,0.0,0.0,0.0,0.0,0.0,0.0,0.0,0.0,0.0,0.0,0.0,0.0,0.0,0.0,0.0,False,False
2015-06-23,0.0,0.0,0.0,0.0,0.0,0.0,0.0,0.0,0.0,0.0,0.0,0.0,0.0,0.0,0.0,0.0,0.0,0.0,0.0,0.0,0.0,0.0,0.0,0.0,0.0,0.0,0.0,0.0,0.0,0.0,False,False
2015-06-24,0.0,0.0,0.0,0.0,0.0,0.0,0.0,0.0,0.0,0.0,0.0,0.0,0.0,0.0,0.0,0.0,0.0,0.0,0.0,0.0,0.0,0.0,0.0,0.0,0.0,0.0,0.0,0.0,0.0,0.0,False,False
2015-06-25,0.0,0.0,0.0,0.0,0.0,0.0,0.0,0.0,0.0,0.0,0.0,0.0,0.0,0.0,0.0,0.0,0.0,0.0,0.0,0.0,0.0,0.0,0.0,0.0,0.0,0.0,0.0,0.0,0.0,0.0,False,False
2015-06-26,0.0,0.0,0.0,0.0,0.0,0.0,0.0,0.0,0.0,0.0,0.0,0.0,0.0,0.0,0.0,0.0,0.0,0.0,0.0,0.0,0.0,0.0,0.0,0.0,0.0,0.0,0.0,0.0,0.0,0.0,False,False
2015-06-29,0.0,0.0,0.0,0.0,0.0,0.0,0.0,0.0,0.0,0.0,0.0,0.0,0.0,0.0,0.0,0.0,0.0,0.0,0.0,0.0,0.0,0.0,0.0,0.0,0.0,0.0,0.0,0.0,0.0,0.0,False,False
2015-06-30,0.0,0.0,0.0,0.0,0.0,0.0,0.0,0.0,0.0,0.0,0.0,0.0,0.0,0.0,0.0,0.0,0.0,0.0,0.0,0.0,0.0,0.0,0.0,0.0,0.0,0.0,0.0,0.0,0.0,0.0,False,False
2015-07-01,0.0,0.0,0.0,0.0,0.0,0.0,0.0,0.0,0.0,0.0,0.0,0.0,0.0,0.0,0.0,0.0,0.0,0.0,0.0,0.0,0.0,0.0,0.0,0.0,0.0,0.0,0.0,0.0,0.0,0.0,False,False
2015-07-02,0.0,0.0,0.0,0.0,0.0,0.0,0.0,0.0,0.0,0.0,0.0,0.0,0.0,0.0,0.0,0.0,0.0,0.0,0.0,0.0,0.0,0.0,0.0,0.0,0.0,0.0,0.0,0.0,0.0,0.0,False,False
2015-07-06,0.0,0.0,0.0,0.0,0.0,0.0,0.0,0.0,0.0,0.0,0.0,0.0,0.0,0.0,0.0,0.0,0.0,0.0,0.0,0.0,0.0,0.0,0.0,0.0,0.0,0.0,0.0,0.0,0.0,0.0,False,False
2015-07-07,0.0,0.0,0.0,0.0,0.0,0.0,0.0,0.0,0.0,0.0,0.0,0.0,0.0,0.0,0.0,0.0,0.0,0.0,0.0,0.0,0.0,0.0,0.0,0.0,0.0,0.0,0.0,0.0,0.0,0.0,False,False
2015-07-08,0.0,0.0,0.0,0.0,0.0,0.0,0.0,0.0,0.0,0.0,0.0,0.0,0.0,0.0,0.0,0.0,0.0,0.0,0.0,0.0,0.0,0.0,0.0,0.0,0.0,0.0,0.0,0.0,0.0,0.0,False,False
2015-07-09,0.0,0.0,0.0,0.0,0.0,0.0,0.0,0.0,0.0,0.0,0.0,0.0,0.0,0.0,0.0,0.0,0.0,0.0,0.0,0.0,0.0,0.0,0.0,0.0,0.0,0.0,0.0,0.0,0.0,0.0,False,False
2015-07-10,0.0,0.0,0.0,0.0,0.0,0.0,0.0,0.0,0.0,0.0,0.0,0.0,0.0,0.0,0.0,0.0,0.0,0.0,0.0,0.0,0.0,0.0,0.0,0.0,0.0,0.0,0.0,0.0,0.0,0.0,False,False
2015-07-13,0.0,0.0,0.0,0.0,0.0,0.0,0.0,0.0,0.0,0.0,0.0,0.0,0.0,0.0,0.0,0.0,0.0,0.0,0.0,0.0,0.0,0.0,0.0,0.0,0.0,0.0,0.0,0.0,0.0,0.0,False,False
2015-07-14,0.0,0.0,0.0,0.0,0.0,0.0,0.0,0.0,0.0,0.0,0.0,0.0,0.0,0.0,0.0,0.0,0.0,0.0,0.0,0.0,0.0,0.0,0.0,0.0,0.0,0.0,0.0,0.0,0.0,0.0,False,False
2015-07-15,0.0,0.0,0.0,0.0,0.0,0.0,0.0,0.0,0.0,0.0,0.0,0.0,0.0,0.0,0.0,0.0,0.0,0.0,0.0,0.0,0.0,0.0,0.0,0.0,0.0,0.0,0.0,0.0,0.0,0.0,False,False
2015-07-16,0.0,0.0,0.0,0.0,0.0,0.0,0.0,0.0,0.0,0.0,0.0,0.0,0.0,0.0,0.0,0.0,0.0,0.0,0.0,0.0,0.0,0.0,0.0,0.0,0.0,0.0,0.0,0.0,0.0,0.0,False,False
2015-07-17,0.0,0.0,0.0,0.0,0.0,0.0,0.0,0.0,0.0,0.0,0.0,0.0,0.0,0.0,0.0,0.0,0.0,0.0,0.0,0.0,0.0,0.0,0.0,0.0,0.0,0.0,0.0,0.0,0.0,0.0,False,False
2015-07-20,0.0,0.0,0.0,0.0,0.0,0.0,0.0,0.0,0.0,0.0,0.0,0.0,0.0,0.0,0.0,0.0,0.0,0.0,0.0,0.0,0.0,0.0,0.0,0.0,0.0,0.0,0.0,0.0,0.0,0.0,False,False
2015-07-21,0.0,0.0,0.0,0.0,0.0,0.0,0.0,0.0,0.0,0.0,0.0,0.0,0.0,0.0,0.0,0.0,0.0,0.0,0.0,0.0,0.0,0.0,0.0,0.0,0.0,0.0,0.0,0.0,0.0,0.0,False,False
2015-07-22,0.0,0.0,0.0,0.0,0.0,0.0,0.0,0.0,0.0,0.0,0.0,0.0,0.0,0.0,0.0,0.0,0.0,0.0,0.0,0.0,0.0,0.0,0.0,0.0,0.0,0.0,0.0,0.0,0.0,0.0,False,False
2015-07-23,0.0,0.0,0.0,0.0,0.0,0.0,0.0,0.0,0.0,0.0,0.0,0.0,0.0,0.0,0.0,0.0,0.0,0.0,0.0,0.0,0.0,0.0,0.0,0.0,0.0,0.0,0.0,0.0,0.0,0.0,False,False
2015-07-24,0.0,0.0,0.0,0.0,0.0,0.0,0.0,0.0,0.0,0.0,0.0,0.0,0.0,0.0,0.0,0.0,0.0,0.0,0.0,0.0,0.0,0.0,0.0,0.0,0.0,0.0,0.0,0.0,0.0,0.0,False,False
2015-07-27,0.0,0.0,0.0,0.0,0.0,0.0,0.0,0.0,0.0,0.0,0.0,0.0,0.0,0.0,0.0,0.0,0.0,0.0,0.0,0.0,0.0,0.0,0.0,0.0,0.0,0.0,0.0,0.0,0.0,0.0,False,False
2015-07-28,0.0,0.0,0.0,0.0,0.0,0.0,0.0,0.0,0.0,0.0,0.0,0.0,0.0,0.0,0.0,0.0,0.0,0.0,0.0,0.0,0.0,0.0,0.0,0.0,0.0,0.0,0.0,0.0,0.0,0.0,False,False
2015-07-29,0.0,0.0,0.0,0.0,0.0,0.0,0.0,0.0,0.0,0.0,0.0,0.0,0.0,0.0,0.0,0.0,0.0,0.0,0.0,0.0,0.0,0.0,0.0,0.0,0.0,0.0,0.0,0.0,0.0,0.0,False,False
2015-07-30,0.0,0.0,0.0,0.0,0.0,0.0,0.0,0.0,0.0,0.0,0.0,0.0,0.0,0.0,0.0,0.0,0.0,0.0,0.0,0.0,0.0,0.0,0.0,0.0,0.0,0.0,0.0,0.0,0.0,0.0,False,False
2015-07-31,0.0,0.0,0.0,0.0,0.0,0.0,0.0,0.0,0.0,0.0,0.0,0.0,0.0,0.0,0.0,0.0,0.0,0.0,0.0,0.0,0.0,0.0,0.0,0.0,0.0,0.0,0.0,0.0,0.0,0.0,False,False
2015-08-03,0.0,0.0,0.0,0.0,0.0,0.0,0.0,0.0,0.0,0.0,0.0,0.0,0.0,0.0,0.0,0.0,0.0,0.0,0.0,0.0,0.0,0.0,0.0,0.0,0.0,0.0,0.0,0.0,0.0,0.0,False,False
2015-08-04,0.0,0.0,0.0,0.0,0.0,0.0,0.0,0.0,0.0,0.0,0.0,0.0,0.0,0.0,0.0,0.0,0.0,0.0,0.0,0.0,0.0,0.0,0.0,0.0,0.0,0.0,0.0,0.0,0.0,0.0,False,False
2015-08-05,0.0,0.0,0.0,0.0,0.0,0.0,0.0,0.0,0.0,0.0,0.0,0.0,0.0,0.0,0.0,0.0,0.0,0.0,0.0,0.0,0.0,0.0,0.0,0.0,0.0,0.0,0.0,0.0,0.0,0.0,False,False
2015-08-06,0.0,0.0,0.0,0.0,0.0,0.0,0.0,0.0,0.0,0.0,0.0,0.0,0.0,0.0,0.0,0.0,0.0,0.0,0.0,0.0,0.0,0.0,0.0,0.0,0.0,0.0,0.0,0.0,0.0,0.0,False,False
2015-08-07,0.0,0.0,0.0,0.0,0.0,0.0,0.0,0.0,0.0,0.0,0.0,0.0,0.0,0.0,0.0,0.0,0.0,0.0,0.0,0.0,0.0,0.0,0.0,0.0,0.0,0.0,0.0,0.0,0.0,0.0,False,False
2015-08-10,0.0,0.0,0.0,0.0,0.0,0.0,0.0,0.0,0.0,0.0,0.0,0.0,0.0,0.0,0.0,0.0,0.0,0.0,0.0,0.0,0.0,0.0,0.0,0.0,0.0,0.0,0.0,0.0,0.0,0.0,False,False
2015-08-11,0.0,0.0,0.0,0.0,0.0,0.0,0.0,0.0,0.0,0.0,0.0,0.0,0.0,0.0,0.0,0.0,0.0,0.0,0.0,0.0,0.0,0.0,0.0,0.0,0.0,0.0,0.0,0.0,0.0,0.0,False,False
2015-08-12,0.0,0.0,0.0,0.0,0.0,0.0,0.0,0.0,0.0,0.0,0.0,0.0,0.0,0.0,0.0,0.0,0.0,0.0,0.0,0.0,0.0,0.0,0.0,0.0,0.0,0.0,0.0,0.0,0.0,0.0,False,False
2015-08-13,0.0,0.0,0.0,0.0,0.0,0.0,0.0,0.0,0.0,0.0,0.0,0.0,0.0,0.0,0.0,0.0,0.0,0.0,0.0,0.0,0.0,0.0,0.0,0.0,0.0,0.0,0.0,0.0,0.0,0.0,False,False
2015-08-14,0.0,0.0,0.0,0.0,0.0,0.0,0.0,0.0,0.0,0.0,0.0,0.0,0.0,0.0,0.0,0.0,0.0,0.0,0.0,0.0,0.0,0.0,0.0,0.0,0.0,0.0,0.0,0.0,0.0,0.0,False,False
2015-08-17,0.0,0.0,0.0,0.0,0.0,0.0,0.0,0.0,0.0,0.0,0.0,0.0,0.0,0.0,0.0,0.0,0.0,0.0,0.0,0.0,0.0,0.0,0.0,0.0,0.0,0.0,0.0,0.0,0.0,0.0,False,False
2015-08-18,0.0,0.0,0.0,0.0,0.0,0.0,0.0,0.0,0.0,0.0,0.0,0.0,0.0,0.0,0.0,0.0,0.0,0.0,0.0,0.0,0.0,0.0,0.0,0.0,0.0,0.0,0.0,0.0,0.0,0.0,False,False
2015-08-19,0.0,0.0,0.0,0.0,0.0,0.0,0.0,0.0,0.0,0.0,0.0,0.0,0.0,0.0,0.0,0.0,0.0,0.0,0.0,0.0,0.0,0.0,0.0,0.0,0.0,0.0,0.0,0.0,0.0,0.0,False,False
2015-08-20,0.0,0.0,0.0,0.0,0.0,0.0,0.0,0.0,0.0,0.0,0.0,0.0,0.0,0.0,0.0,0.0,0.0,0.0,0.0,0.0,0.0,0.0,0.0,0.0,0.0,0.0,0.0,0.0,0.0,0.0,False,False
2015-08-21,0.0,0.0,0.0,0.0,0.0,0.0,0.0,0.0,0.0,0.0,0.0,0.0,0.0,0.0,0.0,0.0,0.0,0.0,0.0,0.0,0.0,0.0,0.0,0.0,0.0,0.0,0.0,0.0,0.0,0.0,False,False
2015-08-24,0.0,0.0,0.0,0.0,0.0,0.0,0.0,0.0,0.0,0.0,0.0,0.0,0.0,0.0,0.0,0.0,0.0,0.0,0.0,0.0,0.0,0.0,0.0,0.0,0.0,0.0,0.0,0.0,0.0,0.0,False,False
2015-08-25,0.0,0.0,0.0,0.0,0.0,0.0,0.0,0.0,0.0,0.0,0.0,0.0,0.0,0.0,0.0,0.0,0.0,0.0,0.0,0.0,0.0,0.0,0.0,0.0,0.0,0.0,0.0,0.0,0.0,0.0,False,False
2015-08-26,0.0,0.0,0.0,0.0,0.0,0.0,0.0,0.0,0.0,0.0,0.0,0.0,0.0,0.0,0.0,0.0,0.0,0.0,0.0,0.0,0.0,0.0,0.0,0.0,0.0,0.0,0.0,0.0,0.0,0.0,False,False
2015-08-27,0.0,0.0,0.0,0.0,0.0,0.0,0.0,0.0,0.0,0.0,0.0,0.0,0.0,0.0,0.0,0.0,0.0,0.0,0.0,0.0,0.0,0.0,0.0,0.0,0.0,0.0,0.0,0.0,0.0,0.0,False,False
2015-08-28,0.0,0.0,0.0,0.0,0.0,0.0,0.0,0.0,0.0,0.0,0.0,0.0,0.0,0.0,0.0,0.0,0.0,0.0,0.0,0.0,0.0,0.0,0.0,0.0,0.0,0.0,0.0,0.0,0.0,0.0,False,False
2015-08-31,0.0,0.0,0.0,0.0,0.0,0.0,0.0,0.0,0.0,0.0,0.0,0.0,0.0,0.0,0.0,0.0,0.0,0.0,0.0,0.0,0.0,0.0,0.0,0.0,0.0,0.0,0.0,0.0,0.0,0.0,False,False
2015-09-01,0.0,0.0,0.0,0.0,0.0,0.0,0.0,0.0,0.0,0.0,0.0,0.0,0.0,0.0,0.0,0.0,0.0,0.0,0.0,0.0,0.0,0.0,0.0,0.0,0.0,0.0,0.0,0.0,0.0,0.0,False,False
2015-09-02,0.0,0.0,0.0,0.0,0.0,0.0,0.0,0.0,0.0,0.0,0.0,0.0,0.0,0.0,0.0,0.0,0.0,0.0,0.0,0.0,0.0,0.0,0.0,0.0,0.0,0.0,0.0,0.0,0.0,0.0,False,False
2015-09-03,0.0,0.0,0.0,0.0,0.0,0.0,0.0,0.0,0.0,0.0,0.0,0.0,0.0,0.0,0.0,0.0,0.0,0.0,0.0,0.0,0.0,0.0,0.0,0.0,0.0,0.0,0.0,0.0,0.0,0.0,False,False
2015-09-04,0.0,0.0,0.0,0.0,0.0,0.0,0.0,0.0,0.0,0.0,0.0,0.0,0.0,0.0,0.0,0.0,0.0,0.0,0.0,0.0,0.0,0.0,0.0,0.0,0.0,0.0,0.0,0.0,0.0,0.0,False,False
2015-09-08,0.0,0.0,0.0,0.0,0.0,0.0,0.0,0.0,0.0,0.0,0.0,0.0,0.0,0.0,0.0,0.0,0.0,0.0,0.0,0.0,0.0,0.0,0.0,0.0,0.0,0.0,0.0,0.0,0.0,0.0,False,False
2015-09-09,0.0,0.0,0.0,0.0,0.0,0.0,0.0,0.0,0.0,0.0,0.0,0.0,0.0,0.0,0.0,0.0,0.0,0.0,0.0,0.0,0.0,0.0,0.0,0.0,0.0,0.0,0.0,0.0,0.0,0.0,False,False
2015-09-10,0.0,0.0,0.0,0.0,0.0,0.0,0.0,0.0,0.0,0.0,0.0,0.0,0.0,0.0,0.0,0.0,0.0,0.0,0.0,0.0,0.0,0.0,0.0,0.0,0.0,0.0,0.0,0.0,0.0,0.0,False,False
2015-09-11,0.0,0.0,0.0,0.0,0.0,0.0,0.0,0.0,0.0,0.0,0.0,0.0,0.0,0.0,0.0,0.0,0.0,0.0,0.0,0.0,0.0,0.0,0.0,0.0,0.0,0.0,0.0,0.0,0.0,0.0,False,False
2015-09-14,0.0,0.0,0.0,0.0,0.0,0.0,0.0,0.0,0.0,0.0,0.0,0.0,0.0,0.0,0.0,0.0,0.0,0.0,0.0,0.0,0.0,0.0,0.0,0.0,0.0,0.0,0.0,0.0,0.0,0.0,False,False
2015-09-15,0.0,0.0,0.0,0.0,0.0,0.0,0.0,0.0,0.0,0.0,0.0,0.0,0.0,0.0,0.0,0.0,0.0,0.0,0.0,0.0,0.0,0.0,0.0,0.0,0.0,0.0,0.0,0.0,0.0,0.0,False,False
2015-09-16,0.0,0.0,0.0,0.0,0.0,0.0,0.0,0.0,0.0,0.0,0.0,0.0,0.0,0.0,0.0,0.0,0.0,0.0,0.0,0.0,0.0,0.0,0.0,0.0,0.0,0.0,0.0,0.0,0.0,0.0,False,False
2015-09-17,0.0,0.0,0.0,0.0,0.0,0.0,0.0,0.0,0.0,0.0,0.0,0.0,0.0,0.0,0.0,0.0,0.0,0.0,0.0,0.0,0.0,0.0,0.0,0.0,0.0,0.0,0.0,0.0,0.0,0.0,False,False
2015-09-18,0.0,0.0,0.0,0.0,0.0,0.0,0.0,0.0,0.0,0.0,0.0,0.0,0.0,0.0,0.0,0.0,0.0,0.0,0.0,0.0,0.0,0.0,0.0,0.0,0.0,0.0,0.0,0.0,0.0,0.0,False,False
2015-09-21,0.0,0.0,0.0,0.0,0.0,0.0,0.0,0.0,0.0,0.0,0.0,0.0,0.0,0.0,0.0,0.0,0.0,0.0,0.0,0.0,0.0,0.0,0.0,0.0,0.0,0.0,0.0,0.0,0.0,0.0,False,False
2015-09-22,0.0,0.0,0.0,0.0,0.0,0.0,0.0,0.0,0.0,0.0,0.0,0.0,0.0,0.0,0.0,0.0,0.0,0.0,0.0,0.0,0.0,0.0,0.0,0.0,0.0,0.0,0.0,0.0,0.0,0.0,False,False
2015-09-23,0.0,0.0,0.0,0.0,0.0,0.0,0.0,0.0,0.0,0.0,0.0,0.0,0.0,0.0,0.0,0.0,0.0,0.0,0.0,0.0,0.0,0.0,0.0,0.0,0.0,0.0,0.0,0.0,0.0,0.0,False,False
2015-09-24,0.0,0.0,0.0,0.0,0.0,0.0,0.0,0.0,0.0,0.0,0.0,0.0,0.0,0.0,0.0,0.0,0.0,0.0,0.0,0.0,0.0,0.0,0.0,0.0,0.0,0.0,0.0,0.0,0.0,0.0,False,False
2015-09-25,0.0,0.0,0.0,0.0,0.0,0.0,0.0,0.0,0.0,0.0,0.0,0.0,0.0,0.0,0.0,0.0,0.0,0.0,0.0,0.0,0.0,0.0,0.0,0.0,0.0,0.0,0.0,0.0,0.0,0.0,False,False
2015-09-28,0.0,0.0,0.0,0.0,0.0,0.0,0.0,0.0,0.0,0.0,0.0,0.0,0.0,0.0,0.0,0.0,0.0,0.0,0.0,0.0,0.0,0.0,0.0,0.0,0.0,0.0,0.0,0.0,0.0,0.0,False,False
2015-09-29,0.0,0.0,0.0,0.0,0.0,0.0,0.0,0.0,0.0,0.0,0.0,0.0,0.0,0.0,0.0,0.0,0.0,0.0,0.0,0.0,0.0,0.0,0.0,0.0,0.0,0.0,0.0,0.0,0.0,0.0,False,False
2015-09-30,0.0,0.0,0.0,0.0,0.0,0.0,0.0,0.0,0.0,0.0,0.0,0.0,0.0,0.0,0.0,0.0,0.0,0.0,0.0,0.0,0.0,0.0,0.0,0.0,0.0,0.0,0.0,0.0,0.0,0.0,False,False
2015-10-01,0.0,0.0,0.0,0.0,0.0,0.0,0.0,0.0,0.0,0.0,0.0,0.0,0.0,0.0,0.0,0.0,0.0,0.0,0.0,0.0,0.0,0.0,0.0,0.0,0.0,0.0,0.0,0.0,0.0,0.0,False,False
2015-10-02,0.0,0.0,0.0,0.0,0.0,0.0,0.0,0.0,0.0,0.0,0.0,0.0,0.0,0.0,0.0,0.0,0.0,0.0,0.0,0.0,0.0,0.0,0.0,0.0,0.0,0.0,0.0,0.0,0.0,0.0,False,False
2015-10-05,0.0,0.0,0.0,0.0,0.0,0.0,0.0,0.0,0.0,0.0,0.0,0.0,0.0,0.0,0.0,0.0,0.0,0.0,0.0,0.0,0.0,0.0,0.0,0.0,0.0,0.0,0.0,0.0,0.0,0.0,False,False
2015-10-06,0.0,0.0,0.0,0.0,0.0,0.0,0.0,0.0,0.0,0.0,0.0,0.0,0.0,0.0,0.0,0.0,0.0,0.0,0.0,0.0,0.0,0.0,0.0,0.0,0.0,0.0,0.0,0.0,0.0,0.0,False,False
2015-10-07,0.0,0.0,0.0,0.0,0.0,0.0,0.0,0.0,0.0,0.0,0.0,0.0,0.0,0.0,0.0,0.0,0.0,0.0,0.0,0.0,0.0,0.0,0.0,0.0,0.0,0.0,0.0,0.0,0.0,0.0,False,False
2015-10-08,0.0,0.0,0.0,0.0,0.0,0.0,0.0,0.0,0.0,0.0,0.0,0.0,0.0,0.0,0.0,0.0,0.0,0.0,0.0,0.0,0.0,0.0,0.0,0.0,0.0,0.0,0.0,0.0,0.0,0.0,False,False
2015-10-09,0.0,0.0,0.0,0.0,0.0,0.0,0.0,0.0,0.0,0.0,0.0,0.0,0.0,0.0,0.0,0.0,0.0,0.0,0.0,0.0,0.0,0.0,0.0,0.0,0.0,0.0,0.0,0.0,0.0,0.0,False,False
2015-10-12,0.0,0.0,0.0,0.0,0.0,0.0,0.0,0.0,0.0,0.0,0.0,0.0,0.0,0.0,0.0,0.0,0.0,0.0,0.0,0.0,0.0,0.0,0.0,0.0,0.0,0.0,0.0,0.0,0.0,0.0,False,False
2015-10-13,0.0,0.0,0.0,0.0,0.0,0.0,0.0,0.0,0.0,0.0,0.0,0.0,0.0,0.0,0.0,0.0,0.0,0.0,0.0,0.0,0.0,0.0,0.0,0.0,0.0,0.0,0.0,0.0,0.0,0.0,False,False
2015-10-14,0.0,0.0,0.0,0.0,0.0,0.0,0.0,0.0,0.0,0.0,0.0,0.0,0.0,0.0,0.0,0.0,0.0,0.0,0.0,0.0,0.0,0.0,0.0,0.0,0.0,0.0,0.0,0.0,0.0,0.0,False,False
2015-10-15,0.0,0.0,0.0,0.0,0.0,0.0,0.0,0.0,0.0,0.0,0.0,0.0,0.0,0.0,0.0,0.0,0.0,0.0,0.0,0.0,0.0,0.0,0.0,0.0,0.0,0.0,0.0,0.0,0.0,0.0,False,False
2015-10-16,0.0,0.0,0.0,0.0,0.0,0.0,0.0,0.0,0.0,0.0,0.0,0.0,0.0,0.0,0.0,0.0,0.0,0.0,0.0,0.0,0.0,0.0,0.0,0.0,0.0,0.0,0.0,0.0,0.0,0.0,False,False
2015-10-19,0.0,0.0,0.0,0.0,0.0,0.0,0.0,0.0,0.0,0.0,0.0,0.0,0.0,0.0,0.0,0.0,0.0,0.0,0.0,0.0,0.0,0.0,0.0,0.0,0.0,0.0,0.0,0.0,0.0,0.0,False,False
2015-10-20,0.0,0.0,0.0,0.0,0.0,0.0,0.0,0.0,0.0,0.0,0.0,0.0,0.0,0.0,0.0,0.0,0.0,0.0,0.0,0.0,0.0,0.0,0.0,0.0,0.0,0.0,0.0,0.0,0.0,0.0,False,False
2015-10-21,0.0,0.0,0.0,0.0,0.0,0.0,0.0,0.0,0.0,0.0,0.0,0.0,0.0,0.0,0.0,0.0,0.0,0.0,0.0,0.0,0.0,0.0,0.0,0.0,0.0,0.0,0.0,0.0,0.0,0.0,False,False
2015-10-22,0.0,0.0,0.0,0.0,0.0,0.0,0.0,0.0,0.0,0.0,0.0,0.0,0.0,0.0,0.0,0.0,0.0,0.0,0.0,0.0,0.0,0.0,0.0,0.0,0.0,0.0,0.0,0.0,0.0,0.0,False,False
2015-10-23,0.0,0.0,0.0,0.0,0.0,0.0,0.0,0.0,0.0,0.0,0.0,0.0,0.0,0.0,0.0,0.0,0.0,0.0,0.0,0.0,0.0,0.0,0.0,0.0,0.0,0.0,0.0,0.0,0.0,0.0,False,False
2015-10-26,0.0,0.0,0.0,0.0,0.0,0.0,0.0,0.0,0.0,0.0,0.0,0.0,0.0,0.0,0.0,0.0,0.0,0.0,0.0,0.0,0.0,0.0,0.0,0.0,0.0,0.0,0.0,0.0,0.0,0.0,False,False
2015-10-27,0.0,0.0,0.0,0.0,0.0,0.0,0.0,0.0,0.0,0.0,0.0,0.0,0.0,0.0,0.0,0.0,0.0,0.0,0.0,0.0,0.0,0.0,0.0,0.0,0.0,0.0,0.0,0.0,0.0,0.0,False,False
2015-10-28,0.0,0.0,0.0,0.0,0.0,0.0,0.0,0.0,0.0,0.0,0.0,0.0,0.0,0.0,0.0,0.0,0.0,0.0,0.0,0.0,0.0,0.0,0.0,0.0,0.0,0.0,0.0,0.0,0.0,0.0,False,False
2015-10-29,0.0,0.0,0.0,0.0,0.0,0.0,0.0,0.0,0.0,0.0,0.0,0.0,0.0,0.0,0.0,0.0,0.0,0.0,0.0,0.0,0.0,0.0,0.0,0.0,0.0,0.0,0.0,0.0,0.0,0.0,False,False
2015-10-30,0.0,0.0,0.0,0.0,0.0,0.0,0.0,0.0,0.0,0.0,0.0,0.0,0.0,0.0,0.0,0.0,0.0,0.0,0.0,0.0,0.0,0.0,0.0,0.0,0.0,0.0,0.0,0.0,0.0,0.0,False,False
2015-11-02,0.0,0.0,0.0,0.0,0.0,0.0,0.0,0.0,0.0,0.0,0.0,0.0,0.0,0.0,0.0,0.0,0.0,0.0,0.0,0.0,0.0,0.0,0.0,0.0,0.0,0.0,0.0,0.0,0.0,0.0,False,False
2015-11-03,0.0,0.0,0.0,0.0,0.0,0.0,0.0,0.0,0.0,0.0,0.0,0.0,0.0,0.0,0.0,0.0,0.0,0.0,0.0,0.0,0.0,0.0,0.0,0.0,0.0,0.0,0.0,0.0,0.0,0.0,False,False
2015-11-04,0.0,0.0,0.0,0.0,0.0,0.0,0.0,0.0,0.0,0.0,0.0,0.0,0.0,0.0,0.0,0.0,0.0,0.0,0.0,0.0,0.0,0.0,0.0,0.0,0.0,0.0,0.0,0.0,0.0,0.0,False,False
2015-11-05,0.0,0.0,0.0,0.0,0.0,0.0,0.0,0.0,0.0,0.0,0.0,0.0,0.0,0.0,0.0,0.0,0.0,0.0,0.0,0.0,0.0,0.0,0.0,0.0,0.0,0.0,0.0,0.0,0.0,0.0,False,False
2015-11-06,0.0,0.0,0.0,0.0,0.0,0.0,0.0,0.0,0.0,0.0,0.0,0.0,0.0,0.0,0.0,0.0,0.0,0.0,0.0,0.0,0.0,0.0,0.0,0.0,0.0,0.0,0.0,0.0,0.0,0.0,False,False
2015-11-09,0.0,0.0,0.0,0.0,0.0,0.0,0.0,0.0,0.0,0.0,0.0,0.0,0.0,0.0,0.0,0.0,0.0,0.0,0.0,0.0,0.0,0.0,0.0,0.0,0.0,0.0,0.0,0.0,0.0,0.0,False,False
2015-11-10,0.0,0.0,0.0,0.0,0.0,0.0,0.0,0.0,0.0,0.0,0.0,0.0,0.0,0.0,0.0,0.0,0.0,0.0,0.0,0.0,0.0,0.0,0.0,0.0,0.0,0.0,0.0,0.0,0.0,0.0,False,False
2015-11-11,0.0,0.0,0.0,0.0,0.0,0.0,0.0,0.0,0.0,0.0,0.0,0.0,0.0,0.0,0.0,0.0,0.0,0.0,0.0,0.0,0.0,0.0,0.0,0.0,0.0,0.0,0.0,0.0,0.0,0.0,False,False
2015-11-12,0.0,0.0,0.0,0.0,0.0,0.0,0.0,0.0,0.0,0.0,0.0,0.0,0.0,0.0,0.0,0.0,0.0,0.0,0.0,0.0,0.0,0.0,0.0,0.0,0.0,0.0,0.0,0.0,0.0,0.0,False,False
2015-11-13,0.0,0.0,0.0,0.0,0.0,0.0,0.0,0.0,0.0,0.0,0.0,0.0,0.0,0.0,0.0,0.0,0.0,0.0,0.0,0.0,0.0,0.0,0.0,0.0,0.0,0.0,0.0,0.0,0.0,0.0,False,False
2015-11-16,0.0,0.0,0.0,0.0,0.0,0.0,0.0,0.0,0.0,0.0,0.0,0.0,0.0,0.0,0.0,0.0,0.0,0.0,0.0,0.0,0.0,0.0,0.0,0.0,0.0,0.0,0.0,0.0,0.0,0.0,False,False
2015-11-17,0.0,0.0,0.0,0.0,0.0,0.0,0.0,0.0,0.0,0.0,0.0,0.0,0.0,0.0,0.0,0.0,0.0,0.0,0.0,0.0,0.0,0.0,0.0,0.0,0.0,0.0,0.0,0.0,0.0,0.0,False,False
2015-11-18,0.0,0.0,0.0,0.0,0.0,0.0,0.0,0.0,0.0,0.0,0.0,0.0,0.0,0.0,0.0,0.0,0.0,0.0,0.0,0.0,0.0,0.0,0.0,0.0,0.0,0.0,0.0,0.0,0.0,0.0,False,False
2015-11-19,0.0,0.0,0.0,0.0,0.0,0.0,0.0,0.0,0.0,0.0,0.0,0.0,0.0,0.0,0.0,0.0,0.0,0.0,0.0,0.0,0.0,0.0,0.0,0.0,0.0,0.0,0.0,0.0,0.0,0.0,False,False
2015-11-20,0.0,0.0,0.0,0.0,0.0,0.0,0.0,0.0,0.0,0.0,0.0,0.0,0.0,0.0,0.0,0.0,0.0,0.0,0.0,0.0,0.0,0.0,0.0,0.0,0.0,0.0,0.0,0.0,0.0,0.0,False,False
2015-11-23,0.0,0.0,0.0,0.0,0.0,0.0,0.0,0.0,0.0,0.0,0.0,0.0,0.0,0.0,0.0,0.0,0.0,0.0,0.0,0.0,0.0,0.0,0.0,0.0,0.0,0.0,0.0,0.0,0.0,0.0,False,False
2015-11-24,0.0,0.0,0.0,0.0,0.0,0.0,0.0,0.0,0.0,0.0,0.0,0.0,0.0,0.0,0.0,0.0,0.0,0.0,0.0,0.0,0.0,0.0,0.0,0.0,0.0,0.0,0.0,0.0,0.0,0.0,False,False
2015-11-25,0.0,0.0,0.0,0.0,0.0,0.0,0.0,0.0,0.0,0.0,0.0,0.0,0.0,0.0,0.0,0.0,0.0,0.0,0.0,0.0,0.0,0.0,0.0,0.0,0.0,0.0,0.0,0.0,0.0,0.0,False,False
2015-11-27,0.0,0.0,0.0,0.0,0.0,0.0,0.0,0.0,0.0,0.0,0.0,0.0,0.0,0.0,0.0,0.0,0.0,0.0,0.0,0.0,0.0,0.0,0.0,0.0,0.0,0.0,0.0,0.0,0.0,0.0,False,False
2015-11-30,0.0,0.0,0.0,0.0,0.0,0.0,0.0,0.0,0.0,0.0,0.0,0.0,0.0,0.0,0.0,0.0,0.0,0.0,0.0,0.0,0.0,0.0,0.0,0.0,0.0,0.0,0.0,0.0,0.0,0.0,False,False
2015-12-01,0.0,0.0,0.0,0.0,0.0,0.0,0.0,0.0,0.0,0.0,0.0,0.0,0.0,0.0,0.0,0.0,0.0,0.0,0.0,0.0,0.0,0.0,0.0,0.0,0.0,0.0,0.0,0.0,0.0,0.0,False,False
2015-12-02,0.0,0.0,0.0,0.0,0.0,0.0,0.0,0.0,0.0,0.0,0.0,0.0,0.0,0.0,0.0,0.0,0.0,0.0,0.0,0.0,0.0,0.0,0.0,0.0,0.0,0.0,0.0,0.0,0.0,0.0,False,False
2015-12-03,0.0,0.0,0.0,0.0,0.0,0.0,0.0,0.0,0.0,0.0,0.0,0.0,0.0,0.0,0.0,0.0,0.0,0.0,0.0,0.0,0.0,0.0,0.0,0.0,0.0,0.0,0.0,0.0,0.0,0.0,False,False
2015-12-04,0.0,0.0,0.0,0.0,0.0,0.0,0.0,0.0,0.0,0.0,0.0,0.0,0.0,0.0,0.0,0.0,0.0,0.0,0.0,0.0,0.0,0.0,0.0,0.0,0.0,0.0,0.0,0.0,0.0,0.0,False,False
2015-12-07,0.0,0.0,0.0,0.0,0.0,0.0,0.0,0.0,0.0,0.0,0.0,0.0,0.0,0.0,0.0,0.0,0.0,0.0,0.0,0.0,0.0,0.0,0.0,0.0,0.0,0.0,0.0,0.0,0.0,0.0,False,False
2015-12-08,0.0,0.0,0.0,0.0,0.0,0.0,0.0,0.0,0.0,0.0,0.0,0.0,0.0,0.0,0.0,0.0,0.0,0.0,0.0,0.0,0.0,0.0,0.0,0.0,0.0,0.0,0.0,0.0,0.0,0.0,False,False
2015-12-09,0.0,0.0,0.0,0.0,0.0,0.0,0.0,0.0,0.0,0.0,0.0,0.0,0.0,0.0,0.0,0.0,0.0,0.0,0.0,0.0,0.0,0.0,0.0,0.0,0.0,0.0,0.0,0.0,0.0,0.0,False,False
2015-12-10,0.0,0.0,0.0,0.0,0.0,0.0,0.0,0.0,0.0,0.0,0.0,0.0,0.0,0.0,0.0,0.0,0.0,0.0,0.0,0.0,0.0,0.0,0.0,0.0,0.0,0.0,0.0,0.0,0.0,0.0,False,False
2015-12-11,0.0,0.0,0.0,0.0,0.0,0.0,0.0,0.0,0.0,0.0,0.0,0.0,0.0,0.0,0.0,0.0,0.0,0.0,0.0,0.0,0.0,0.0,0.0,0.0,0.0,0.0,0.0,0.0,0.0,0.0,False,False
2015-12-14,0.0,0.0,0.0,0.0,0.0,0.0,0.0,0.0,0.0,0.0,0.0,0.0,0.0,0.0,0.0,0.0,0.0,0.0,0.0,0.0,0.0,0.0,0.0,0.0,0.0,0.0,0.0,0.0,0.0,0.0,False,False
2015-12-15,0.0,0.0,0.0,0.0,0.0,0.0,0.0,0.0,0.0,0.0,0.0,0.0,0.0,0.0,0.0,0.0,0.0,0.0,0.0,0.0,0.0,0.0,0.0,0.0,0.0,0.0,0.0,0.0,0.0,0.0,False,False
2015-12-16,0.0,0.0,0.0,0.0,0.0,0.0,0.0,0.0,0.0,0.0,0.0,0.0,0.0,0.0,0.0,0.0,0.0,0.0,0.0,0.0,0.0,0.0,0.0,0.0,0.0,0.0,0.0,0.0,0.0,0.0,False,False
2015-12-17,0.0,0.0,0.0,0.0,0.0,0.0,0.0,0.0,0.0,0.0,0.0,0.0,0.0,0.0,0.0,0.0,0.0,0.0,0.0,0.0,0.0,0.0,0.0,0.0,0.0,0.0,0.0,0.0,0.0,0.0,False,False
2015-12-18,0.0,0.0,0.0,0.0,0.0,0.0,0.0,0.0,0.0,0.0,0.0,0.0,0.0,0.0,0.0,0.0,0.0,0.0,0.0,0.0,0.0,0.0,0.0,0.0,0.0,0.0,0.0,0.0,0.0,0.0,False,False
2015-12-21,0.0,0.0,0.0,0.0,0.0,0.0,0.0,0.0,0.0,0.0,0.0,0.0,0.0,0.0,0.0,0.0,0.0,0.0,0.0,0.0,0.0,0.0,0.0,0.0,0.0,0.0,0.0,0.0,0.0,0.0,False,False
2015-12-22,0.0,0.0,0.0,0.0,0.0,0.0,0.0,0.0,0.0,0.0,0.0,0.0,0.0,0.0,0.0,0.0,0.0,0.0,0.0,0.0,0.0,0.0,0.0,0.0,0.0,0.0,0.0,0.0,0.0,0.0,False,False
2015-12-23,0.0,0.0,0.0,0.0,0.0,0.0,0.0,0.0,0.0,0.0,0.0,0.0,0.0,0.0,0.0,0.0,0.0,0.0,0.0,0.0,0.0,0.0,0.0,0.0,0.0,0.0,0.0,0.0,0.0,0.0,False,False
2015-12-24,0.0,0.0,0.0,0.0,0.0,0.0,0.0,0.0,0.0,0.0,0.0,0.0,0.0,0.0,0.0,0.0,0.0,0.0,0.0,0.0,0.0,0.0,0.0,0.0,0.0,0.0,0.0,0.0,0.0,0.0,False,False
2015-12-28,0.0,0.0,0.0,0.0,0.0,0.0,0.0,0.0,0.0,0.0,0.0,0.0,0.0,0.0,0.0,0.0,0.0,0.0,0.0,0.0,0.0,0.0,0.0,0.0,0.0,0.0,0.0,0.0,0.0,0.0,False,False
2015-12-29,0.0,0.0,0.0,0.0,0.0,0.0,0.0,0.0,0.0,0.0,0.0,0.0,0.0,0.0,0.0,0.0,0.0,0.0,0.0,0.0,0.0,0.0,0.0,0.0,0.0,0.0,0.0,0.0,0.0,0.0,False,False
2015-12-30,0.0,0.0,0.0,0.0,0.0,0.0,0.0,0.0,0.0,0.0,0.0,0.0,0.0,0.0,0.0,0.0,0.0,0.0,0.0,0.0,0.0,0.0,0.0,0.0,0.0,0.0,0.0,0.0,0.0,0.0,False,False
2015-12-31,0.0,0.0,0.0,0.0,0.0,0.0,0.0,0.0,0.0,0.0,0.0,0.0,0.0,0.0,0.0,0.0,0.0,0.0,0.0,0.0,0.0,0.0,0.0,0.0,0.0,0.0,0.0,0.0,0.0,0.0,False,False
2016-01-04,0.0,0.0,0.0,0.0,0.0,0.0,0.0,0.0,0.0,0.0,0.0,0.0,0.0,0.0,0.0,0.0,0.0,0.0,0.0,0.0,0.0,0.0,0.0,0.0,0.0,0.0,0.0,0.0,0.0,0.0,False,False
2016-01-05,0.0,0.0,0.0,0.0,0.0,0.0,0.0,0.0,0.0,0.0,0.0,0.0,0.0,0.0,0.0,0.0,0.0,0.0,0.0,0.0,0.0,0.0,0.0,0.0,0.0,0.0,0.0,0.0,0.0,0.0,False,False
2016-01-06,0.0,0.0,0.0,0.0,0.0,0.0,0.0,0.0,0.0,0.0,0.0,0.0,0.0,0.0,0.0,0.0,0.0,0.0,0.0,0.0,0.0,0.0,0.0,0.0,0.0,0.0,0.0,0.0,0.0,0.0,False,False
2016-01-07,0.0,0.0,0.0,0.0,0.0,0.0,0.0,0.0,0.0,0.0,0.0,0.0,0.0,0.0,0.0,0.0,0.0,0.0,0.0,0.0,0.0,0.0,0.0,0.0,0.0,0.0,0.0,0.0,0.0,0.0,False,False
2016-01-08,0.0,0.0,0.0,0.0,0.0,0.0,0.0,0.0,0.0,0.0,0.0,0.0,0.0,0.0,0.0,0.0,0.0,0.0,0.0,0.0,0.0,0.0,0.0,0.0,0.0,0.0,0.0,0.0,0.0,0.0,False,False
2016-01-11,0.0,0.0,0.0,0.0,0.0,0.0,0.0,0.0,0.0,0.0,0.0,0.0,0.0,0.0,0.0,0.0,0.0,0.0,0.0,0.0,0.0,0.0,0.0,0.0,0.0,0.0,0.0,0.0,0.0,0.0,False,False
2016-01-12,0.0,0.0,0.0,0.0,0.0,0.0,0.0,0.0,0.0,0.0,0.0,0.0,0.0,0.0,0.0,0.0,0.0,0.0,0.0,0.0,0.0,0.0,0.0,0.0,0.0,0.0,0.0,0.0,0.0,0.0,False,False
2016-01-13,0.0,0.0,0.0,0.0,0.0,0.0,0.0,0.0,0.0,0.0,0.0,0.0,0.0,0.0,0.0,0.0,0.0,0.0,0.0,0.0,0.0,0.0,0.0,0.0,0.0,0.0,0.0,0.0,0.0,0.0,False,False
2016-01-14,0.0,0.0,0.0,0.0,0.0,0.0,0.0,0.0,0.0,0.0,0.0,0.0,0.0,0.0,0.0,0.0,0.0,0.0,0.0,0.0,0.0,0.0,0.0,0.0,0.0,0.0,0.0,0.0,0.0,0.0,False,False
2016-01-15,0.0,0.0,0.0,0.0,0.0,0.0,0.0,0.0,0.0,0.0,0.0,0.0,0.0,0.0,0.0,0.0,0.0,0.0,0.0,0.0,0.0,0.0,0.0,0.0,0.0,0.0,0.0,0.0,0.0,0.0,False,False
2016-01-19,0.0,0.0,0.0,0.0,0.0,0.0,0.0,0.0,0.0,0.0,0.0,0.0,0.0,0.0,0.0,0.0,0.0,0.0,0.0,0.0,0.0,0.0,0.0,0.0,0.0,0.0,0.0,0.0,0.0,0.0,False,False
2016-01-20,0.0,0.0,0.0,0.0,0.0,0.0,0.0,0.0,0.0,0.0,0.0,0.0,0.0,0.0,0.0,0.0,0.0,0.0,0.0,0.0,0.0,0.0,0.0,0.0,0.0,0.0,0.0,0.0,0.0,0.0,False,False
2016-01-21,0.0,0.0,0.0,0.0,0.0,0.0,0.0,0.0,0.0,0.0,0.0,0.0,0.0,0.0,0.0,0.0,0.0,0.0,0.0,0.0,0.0,0.0,0.0,0.0,0.0,0.0,0.0,0.0,0.0,0.0,False,False
2016-01-22,0.0,0.0,0.0,0.0,0.0,0.0,0.0,0.0,0.0,0.0,0.0,0.0,0.0,0.0,0.0,0.0,0.0,0.0,0.0,0.0,0.0,0.0,0.0,0.0,0.0,0.0,0.0,0.0,0.0,0.0,False,False
2016-01-25,0.0,0.0,0.0,0.0,0.0,0.0,0.0,0.0,0.0,0.0,0.0,0.0,0.0,0.0,0.0,0.0,0.0,0.0,0.0,0.0,0.0,0.0,0.0,0.0,0.0,0.0,0.0,0.0,0.0,0.0,False,False
2016-01-26,0.0,0.0,0.0,0.0,0.0,0.0,0.0,0.0,0.0,0.0,0.0,0.0,0.0,0.0,0.0,0.0,0.0,0.0,0.0,0.0,0.0,0.0,0.0,0.0,0.0,0.0,0.0,0.0,0.0,0.0,False,False
2016-01-27,0.0,0.0,0.0,0.0,0.0,0.0,0.0,0.0,0.0,0.0,0.0,0.0,0.0,0.0,0.0,0.0,0.0,0.0,0.0,0.0,0.0,0.0,0.0,0.0,0.0,0.0,0.0,0.0,0.0,0.0,False,False
2016-01-28,0.0,0.0,0.0,0.0,0.0,0.0,0.0,0.0,0.0,0.0,0.0,0.0,0.0,0.0,0.0,0.0,0.0,0.0,0.0,0.0,0.0,0.0,0.0,0.0,0.0,0.0,0.0,0.0,0.0,0.0,False,False
2016-01-29,0.0,0.0,0.0,0.0,0.0,0.0,0.0,0.0,0.0,0.0,0.0,0.0,0.0,0.0,0.0,0.0,0.0,0.0,0.0,0.0,0.0,0.0,0.0,0.0,0.0,0.0,0.0,0.0,0.0,0.0,False,False
2016-02-01,0.0,0.0,0.0,0.0,0.0,0.0,0.0,0.0,0.0,0.0,0.0,0.0,0.0,0.0,0.0,0.0,0.0,0.0,0.0,0.0,0.0,0.0,0.0,0.0,0.0,0.0,0.0,0.0,0.0,0.0,False,False
2016-02-02,0.0,0.0,0.0,0.0,0.0,0.0,0.0,0.0,0.0,0.0,0.0,0.0,0.0,0.0,0.0,0.0,0.0,0.0,0.0,0.0,0.0,0.0,0.0,0.0,0.0,0.0,0.0,0.0,0.0,0.0,False,False
2016-02-03,0.0,0.0,0.0,0.0,0.0,0.0,0.0,0.0,0.0,0.0,0.0,0.0,0.0,0.0,0.0,0.0,0.0,0.0,0.0,0.0,0.0,0.0,0.0,0.0,0.0,0.0,0.0,0.0,0.0,0.0,False,False
2016-02-04,0.0,0.0,0.0,0.0,0.0,0.0,0.0,0.0,0.0,0.0,0.0,0.0,0.0,0.0,0.0,0.0,0.0,0.0,0.0,0.0,0.0,0.0,0.0,0.0,0.0,0.0,0.0,0.0,0.0,0.0,False,False
2016-02-05,0.0,0.0,0.0,0.0,0.0,0.0,0.0,0.0,0.0,0.0,0.0,0.0,0.0,0.0,0.0,0.0,0.0,0.0,0.0,0.0,0.0,0.0,0.0,0.0,0.0,0.0,0.0,0.0,0.0,0.0,False,False
2016-02-08,0.0,0.0,0.0,0.0,0.0,0.0,0.0,0.0,0.0,0.0,0.0,0.0,0.0,0.0,0.0,0.0,0.0,0.0,0.0,0.0,0.0,0.0,0.0,0.0,0.0,0.0,0.0,0.0,0.0,0.0,False,False
2016-02-09,0.0,0.0,0.0,0.0,0.0,0.0,0.0,0.0,0.0,0.0,0.0,0.0,0.0,0.0,0.0,0.0,0.0,0.0,0.0,0.0,0.0,0.0,0.0,0.0,0.0,0.0,0.0,0.0,0.0,0.0,False,False
2016-02-10,0.0,0.0,0.0,0.0,0.0,0.0,0.0,0.0,0.0,0.0,0.0,0.0,0.0,0.0,0.0,0.0,0.0,0.0,0.0,0.0,0.0,0.0,0.0,0.0,0.0,0.0,0.0,0.0,0.0,0.0,False,False
2016-02-11,0.0,0.0,0.0,0.0,0.0,0.0,0.0,0.0,0.0,0.0,0.0,0.0,0.0,0.0,0.0,0.0,0.0,0.0,0.0,0.0,0.0,0.0,0.0,0.0,0.0,0.0,0.0,0.0,0.0,0.0,False,False
2016-02-12,0.0,0.0,0.0,0.0,0.0,0.0,0.0,0.0,0.0,0.0,0.0,0.0,0.0,0.0,0.0,0.0,0.0,0.0,0.0,0.0,0.0,0.0,0.0,0.0,0.0,0.0,0.0,0.0,0.0,0.0,False,False
2016-02-16,0.0,0.0,0.0,0.0,0.0,0.0,0.0,0.0,0.0,0.0,0.0,0.0,0.0,0.0,0.0,0.0,0.0,0.0,0.0,0.0,0.0,0.0,0.0,0.0,0.0,0.0,0.0,0.0,0.0,0.0,False,False
2016-02-17,0.0,0.0,0.0,0.0,0.0,0.0,0.0,0.0,0.0,0.0,0.0,0.0,0.0,0.0,0.0,0.0,0.0,0.0,0.0,0.0,0.0,0.0,0.0,0.0,0.0,0.0,0.0,0.0,0.0,0.0,False,False
2016-02-18,0.0,0.0,0.0,0.0,0.0,0.0,0.0,0.0,0.0,0.0,0.0,0.0,0.0,0.0,0.0,0.0,0.0,0.0,0.0,0.0,0.0,0.0,0.0,0.0,0.0,0.0,0.0,0.0,0.0,0.0,False,False
2016-02-19,0.0,0.0,0.0,0.0,0.0,0.0,0.0,0.0,0.0,0.0,0.0,0.0,0.0,0.0,0.0,0.0,0.0,0.0,0.0,0.0,0.0,0.0,0.0,0.0,0.0,0.0,0.0,0.0,0.0,0.0,False,False
2016-02-22,0.0,0.0,0.0,0.0,0.0,0.0,0.0,0.0,0.0,0.0,0.0,0.0,0.0,0.0,0.0,0.0,0.0,0.0,0.0,0.0,0.0,0.0,0.0,0.0,0.0,0.0,0.0,0.0,0.0,0.0,False,False
2016-02-23,0.0,0.0,0.0,0.0,0.0,0.0,0.0,0.0,0.0,0.0,0.0,0.0,0.0,0.0,0.0,0.0,0.0,0.0,0.0,0.0,0.0,0.0,0.0,0.0,0.0,0.0,0.0,0.0,0.0,0.0,False,False
2016-02-24,0.0,0.0,0.0,0.0,0.0,0.0,0.0,0.0,0.0,0.0,0.0,0.0,0.0,0.0,0.0,0.0,0.0,0.0,0.0,0.0,0.0,0.0,0.0,0.0,0.0,0.0,0.0,0.0,0.0,0.0,False,False
2016-02-25,0.0,0.0,0.0,0.0,0.0,0.0,0.0,0.0,0.0,0.0,0.0,0.0,0.0,0.0,0.0,0.0,0.0,0.0,0.0,0.0,0.0,0.0,0.0,0.0,0.0,0.0,0.0,0.0,0.0,0.0,False,False
2016-02-26,0.0,0.0,0.0,0.0,0.0,0.0,0.0,0.0,0.0,0.0,0.0,0.0,0.0,0.0,0.0,0.0,0.0,0.0,0.0,0.0,0.0,0.0,0.0,0.0,0.0,0.0,0.0,0.0,0.0,0.0,False,False
2016-02-29,0.0,0.0,0.0,0.0,0.0,0.0,0.0,0.0,0.0,0.0,0.0,0.0,0.0,0.0,0.0,0.0,0.0,0.0,0.0,0.0,0.0,0.0,0.0,0.0,0.0,0.0,0.0,0.0,0.0,0.0,False,False
2016-03-01,0.0,0.0,0.0,0.0,0.0,0.0,0.0,0.0,0.0,0.0,0.0,0.0,0.0,0.0,0.0,0.0,0.0,0.0,0.0,0.0,0.0,0.0,0.0,0.0,0.0,0.0,0.0,0.0,0.0,0.0,False,False
2016-03-02,0.0,0.0,0.0,0.0,0.0,0.0,0.0,0.0,0.0,0.0,0.0,0.0,0.0,0.0,0.0,0.0,0.0,0.0,0.0,0.0,0.0,0.0,0.0,0.0,0.0,0.0,0.0,0.0,0.0,0.0,False,False
2016-03-03,0.0,0.0,0.0,0.0,0.0,0.0,0.0,0.0,0.0,0.0,0.0,0.0,0.0,0.0,0.0,0.0,0.0,0.0,0.0,0.0,0.0,0.0,0.0,0.0,0.0,0.0,0.0,0.0,0.0,0.0,False,False
2016-03-04,0.0,0.0,0.0,0.0,0.0,0.0,0.0,0.0,0.0,0.0,0.0,0.0,0.0,0.0,0.0,0.0,0.0,0.0,0.0,0.0,0.0,0.0,0.0,0.0,0.0,0.0,0.0,0.0,0.0,0.0,False,False
2016-03-07,0.0,0.0,0.0,0.0,0.0,0.0,0.0,0.0,0.0,0.0,0.0,0.0,0.0,0.0,0.0,0.0,0.0,0.0,0.0,0.0,0.0,0.0,0.0,0.0,0.0,0.0,0.0,0.0,0.0,0.0,False,False
2016-03-08,0.0,0.0,0.0,0.0,0.0,0.0,0.0,0.0,0.0,0.0,0.0,0.0,0.0,0.0,0.0,0.0,0.0,0.0,0.0,0.0,0.0,0.0,0.0,0.0,0.0,0.0,0.0,0.0,0.0,0.0,False,False
2016-03-09,0.0,0.0,0.0,0.0,0.0,0.0,0.0,0.0,0.0,0.0,0.0,0.0,0.0,0.0,0.0,0.0,0.0,0.0,0.0,0.0,0.0,0.0,0.0,0.0,0.0,0.0,0.0,0.0,0.0,0.0,False,False
2016-03-10,0.0,0.0,0.0,0.0,0.0,0.0,0.0,0.0,0.0,0.0,0.0,0.0,0.0,0.0,0.0,0.0,0.0,0.0,0.0,0.0,0.0,0.0,0.0,0.0,0.0,0.0,0.0,0.0,0.0,0.0,False,False
2016-03-11,0.0,0.0,0.0,0.0,0.0,0.0,0.0,0.0,0.0,0.0,0.0,0.0,0.0,0.0,0.0,0.0,0.0,0.0,0.0,0.0,0.0,0.0,0.0,0.0,0.0,0.0,0.0,0.0,0.0,0.0,False,False
2016-03-14,0.0,0.0,0.0,0.0,0.0,0.0,0.0,0.0,0.0,0.0,0.0,0.0,0.0,0.0,0.0,0.0,0.0,0.0,0.0,0.0,0.0,0.0,0.0,0.0,0.0,0.0,0.0,0.0,0.0,0.0,False,False
2016-03-15,0.0,0.0,0.0,0.0,0.0,0.0,0.0,0.0,0.0,0.0,0.0,0.0,0.0,0.0,0.0,0.0,0.0,0.0,0.0,0.0,0.0,0.0,0.0,0.0,0.0,0.0,0.0,0.0,0.0,0.0,False,False
2016-03-16,0.0,0.0,0.0,0.0,0.0,0.0,0.0,0.0,0.0,0.0,0.0,0.0,0.0,0.0,0.0,0.0,0.0,0.0,0.0,0.0,0.0,0.0,0.0,0.0,0.0,0.0,0.0,0.0,0.0,0.0,False,False
2016-03-17,0.0,0.0,0.0,0.0,0.0,0.0,0.0,0.0,0.0,0.0,0.0,0.0,0.0,0.0,0.0,0.0,0.0,0.0,0.0,0.0,0.0,0.0,0.0,0.0,0.0,0.0,0.0,0.0,0.0,0.0,False,False
2016-03-18,0.0,0.0,0.0,0.0,0.0,0.0,0.0,0.0,0.0,0.0,0.0,0.0,0.0,0.0,0.0,0.0,0.0,0.0,0.0,0.0,0.0,0.0,0.0,0.0,0.0,0.0,0.0,0.0,0.0,0.0,False,False
2016-03-21,0.0,0.0,0.0,0.0,0.0,0.0,0.0,0.0,0.0,0.0,0.0,0.0,0.0,0.0,0.0,0.0,0.0,0.0,0.0,0.0,0.0,0.0,0.0,0.0,0.0,0.0,0.0,0.0,0.0,0.0,False,False
2016-03-22,0.0,0.0,0.0,0.0,0.0,0.0,0.0,0.0,0.0,0.0,0.0,0.0,0.0,0.0,0.0,0.0,0.0,0.0,0.0,0.0,0.0,0.0,0.0,0.0,0.0,0.0,0.0,0.0,0.0,0.0,False,False
2016-03-23,0.0,0.0,0.0,0.0,0.0,0.0,0.0,0.0,0.0,0.0,0.0,0.0,0.0,0.0,0.0,0.0,0.0,0.0,0.0,0.0,0.0,0.0,0.0,0.0,0.0,0.0,0.0,0.0,0.0,0.0,False,False
2016-03-24,0.0,0.0,0.0,0.0,0.0,0.0,0.0,0.0,0.0,0.0,0.0,0.0,0.0,0.0,0.0,0.0,0.0,0.0,0.0,0.0,0.0,0.0,0.0,0.0,0.0,0.0,0.0,0.0,0.0,0.0,False,False
2016-03-28,0.0,0.0,0.0,0.0,0.0,0.0,0.0,0.0,0.0,0.0,0.0,0.0,0.0,0.0,0.0,0.0,0.0,0.0,0.0,0.0,0.0,0.0,0.0,0.0,0.0,0.0,0.0,0.0,0.0,0.0,False,False
2016-03-29,0.0,0.0,0.0,0.0,0.0,0.0,0.0,0.0,0.0,0.0,0.0,0.0,0.0,0.0,0.0,0.0,0.0,0.0,0.0,0.0,0.0,0.0,0.0,0.0,0.0,0.0,0.0,0.0,0.0,0.0,False,False
2016-03-30,0.0,0.0,0.0,0.0,0.0,0.0,0.0,0.0,0.0,0.0,0.0,0.0,0.0,0.0,0.0,0.0,0.0,0.0,0.0,0.0,0.0,0.0,0.0,0.0,0.0,0.0,0.0,0.0,0.0,0.0,False,False
2016-03-31,0.0,0.0,0.0,0.0,0.0,0.0,0.0,0.0,0.0,0.0,0.0,0.0,0.0,0.0,0.0,0.0,0.0,0.0,0.0,0.0,0.0,0.0,0.0,0.0,0.0,0.0,0.0,0.0,0.0,0.0,False,False
2016-04-01,0.0,0.0,0.0,0.0,0.0,0.0,0.0,0.0,0.0,0.0,0.0,0.0,0.0,0.0,0.0,0.0,0.0,0.0,0.0,0.0,0.0,0.0,0.0,0.0,0.0,0.0,0.0,0.0,0.0,0.0,False,False
2016-04-04,0.0,0.0,0.0,0.0,0.0,0.0,0.0,0.0,0.0,0.0,0.0,0.0,0.0,0.0,0.0,0.0,0.0,0.0,0.0,0.0,0.0,0.0,0.0,0.0,0.0,0.0,0.0,0.0,0.0,0.0,False,False
2016-04-05,0.0,0.0,0.0,0.0,0.0,0.0,0.0,0.0,0.0,0.0,0.0,0.0,0.0,0.0,0.0,0.0,0.0,0.0,0.0,0.0,0.0,0.0,0.0,0.0,0.0,0.0,0.0,0.0,0.0,0.0,False,False
2016-04-06,0.0,0.0,0.0,0.0,0.0,0.0,0.0,0.0,0.0,0.0,0.0,0.0,0.0,0.0,0.0,0.0,0.0,0.0,0.0,0.0,0.0,0.0,0.0,0.0,0.0,0.0,0.0,0.0,0.0,0.0,False,False
2016-04-07,0.0,0.0,0.0,0.0,0.0,0.0,0.0,0.0,0.0,0.0,0.0,0.0,0.0,0.0,0.0,0.0,0.0,0.0,0.0,0.0,0.0,0.0,0.0,0.0,0.0,0.0,0.0,0.0,0.0,0.0,False,False
2016-04-08,0.0,0.0,0.0,0.0,0.0,0.0,0.0,0.0,0.0,0.0,0.0,0.0,0.0,0.0,0.0,0.0,0.0,0.0,0.0,0.0,0.0,0.0,0.0,0.0,0.0,0.0,0.0,0.0,0.0,0.0,False,False
2016-04-11,0.0,0.0,0.0,0.0,0.0,0.0,0.0,0.0,0.0,0.0,0.0,0.0,0.0,0.0,0.0,0.0,0.0,0.0,0.0,0.0,0.0,0.0,0.0,0.0,0.0,0.0,0.0,0.0,0.0,0.0,False,False
2016-04-12,0.0,0.0,0.0,0.0,0.0,0.0,0.0,0.0,0.0,0.0,0.0,0.0,0.0,0.0,0.0,0.0,0.0,0.0,0.0,0.0,0.0,0.0,0.0,0.0,0.0,0.0,0.0,0.0,0.0,0.0,False,False
2016-04-13,0.0,0.0,0.0,0.0,0.0,0.0,0.0,0.0,0.0,0.0,0.0,0.0,0.0,0.0,0.0,0.0,0.0,0.0,0.0,0.0,0.0,0.0,0.0,0.0,0.0,0.0,0.0,0.0,0.0,0.0,False,False
2016-04-14,0.0,0.0,0.0,0.0,0.0,0.0,0.0,0.0,0.0,0.0,0.0,0.0,0.0,0.0,0.0,0.0,0.0,0.0,0.0,0.0,0.0,0.0,0.0,0.0,0.0,0.0,0.0,0.0,0.0,0.0,False,False
2016-04-15,0.0,0.0,0.0,0.0,0.0,0.0,0.0,0.0,0.0,0.0,0.0,0.0,0.0,0.0,0.0,0.0,0.0,0.0,0.0,0.0,0.0,0.0,0.0,0.0,0.0,0.0,0.0,0.0,0.0,0.0,False,False
2016-04-18,0.0,0.0,0.0,0.0,0.0,0.0,0.0,0.0,0.0,0.0,0.0,0.0,0.0,0.0,0.0,0.0,0.0,0.0,0.0,0.0,0.0,0.0,0.0,0.0,0.0,0.0,0.0,0.0,0.0,0.0,False,False
2016-04-19,0.0,0.0,0.0,0.0,0.0,0.0,0.0,0.0,0.0,0.0,0.0,0.0,0.0,0.0,0.0,0.0,0.0,0.0,0.0,0.0,0.0,0.0,0.0,0.0,0.0,0.0,0.0,0.0,0.0,0.0,False,False
2016-04-20,0.0,0.0,0.0,0.0,0.0,0.0,0.0,0.0,0.0,0.0,0.0,0.0,0.0,0.0,0.0,0.0,0.0,0.0,0.0,0.0,0.0,0.0,0.0,0.0,0.0,0.0,0.0,0.0,0.0,0.0,False,False
2016-04-21,0.0,0.0,0.0,0.0,0.0,0.0,0.0,0.0,0.0,0.0,0.0,0.0,0.0,0.0,0.0,0.0,0.0,0.0,0.0,0.0,0.0,0.0,0.0,0.0,0.0,0.0,0.0,0.0,0.0,0.0,False,False
2016-04-22,0.0,0.0,0.0,0.0,0.0,0.0,0.0,0.0,0.0,0.0,0.0,0.0,0.0,0.0,0.0,0.0,0.0,0.0,0.0,0.0,0.0,0.0,0.0,0.0,0.0,0.0,0.0,0.0,0.0,0.0,False,False
2016-04-25,0.0,0.0,0.0,0.0,0.0,0.0,0.0,0.0,0.0,0.0,0.0,0.0,0.0,0.0,0.0,0.0,0.0,0.0,0.0,0.0,0.0,0.0,0.0,0.0,0.0,0.0,0.0,0.0,0.0,0.0,False,False
2016-04-26,0.0,0.0,0.0,0.0,0.0,0.0,0.0,0.0,0.0,0.0,0.0,0.0,0.0,0.0,0.0,0.0,0.0,0.0,0.0,0.0,0.0,0.0,0.0,0.0,0.0,0.0,0.0,0.0,0.0,0.0,False,False
2016-04-27,0.0,0.0,0.0,0.0,0.0,0.0,0.0,0.0,0.0,0.0,0.0,0.0,0.0,0.0,0.0,0.0,0.0,0.0,0.0,0.0,0.0,0.0,0.0,0.0,0.0,0.0,0.0,0.0,0.0,0.0,False,False
2016-04-28,0.0,0.0,0.0,0.0,0.0,0.0,0.0,0.0,0.0,0.0,0.0,0.0,0.0,0.0,0.0,0.0,0.0,0.0,0.0,0.0,0.0,0.0,0.0,0.0,0.0,0.0,0.0,0.0,0.0,0.0,False,False
2016-04-29,0.0,0.0,0.0,0.0,0.0,0.0,0.0,0.0,0.0,0.0,0.0,0.0,0.0,0.0,0.0,0.0,0.0,0.0,0.0,0.0,0.0,0.0,0.0,0.0,0.0,0.0,0.0,0.0,0.0,0.0,False,False
2016-05-02,0.0,0.0,0.0,0.0,0.0,0.0,0.0,0.0,0.0,0.0,0.0,0.0,0.0,0.0,0.0,0.0,0.0,0.0,0.0,0.0,0.0,0.0,0.0,0.0,0.0,0.0,0.0,0.0,0.0,0.0,False,False
2016-05-03,0.0,0.0,0.0,0.0,0.0,0.0,0.0,0.0,0.0,0.0,0.0,0.0,0.0,0.0,0.0,0.0,0.0,0.0,0.0,0.0,0.0,0.0,0.0,0.0,0.0,0.0,0.0,0.0,0.0,0.0,False,False
2016-05-04,0.0,0.0,0.0,0.0,0.0,0.0,0.0,0.0,0.0,0.0,0.0,0.0,0.0,0.0,0.0,0.0,0.0,0.0,0.0,0.0,0.0,0.0,0.0,0.0,0.0,0.0,0.0,0.0,0.0,0.0,False,False
2016-05-05,0.0,0.0,0.0,0.0,0.0,0.0,0.0,0.0,0.0,0.0,0.0,0.0,0.0,0.0,0.0,0.0,0.0,0.0,0.0,0.0,0.0,0.0,0.0,0.0,0.0,0.0,0.0,0.0,0.0,0.0,False,False
2016-05-06,0.0,0.0,0.0,0.0,0.0,0.0,0.0,0.0,0.0,0.0,0.0,0.0,0.0,0.0,0.0,0.0,0.0,0.0,0.0,0.0,0.0,0.0,0.0,0.0,0.0,0.0,0.0,0.0,0.0,0.0,False,False
2016-05-09,0.0,0.0,0.0,0.0,0.0,0.0,0.0,0.0,0.0,0.0,0.0,0.0,0.0,0.0,0.0,0.0,0.0,0.0,0.0,0.0,0.0,0.0,0.0,0.0,0.0,0.0,0.0,0.0,0.0,0.0,False,False
2016-05-10,0.0,0.0,0.0,0.0,0.0,0.0,0.0,0.0,0.0,0.0,0.0,0.0,0.0,0.0,0.0,0.0,0.0,0.0,0.0,0.0,0.0,0.0,0.0,0.0,0.0,0.0,0.0,0.0,0.0,0.0,False,False
2016-05-11,0.0,0.0,0.0,0.0,0.0,0.0,0.0,0.0,0.0,0.0,0.0,0.0,0.0,0.0,0.0,0.0,0.0,0.0,0.0,0.0,0.0,0.0,0.0,0.0,0.0,0.0,0.0,0.0,0.0,0.0,False,False
2016-05-12,0.0,0.0,0.0,0.0,0.0,0.0,0.0,0.0,0.0,0.0,0.0,0.0,0.0,0.0,0.0,0.0,0.0,0.0,0.0,0.0,0.0,0.0,0.0,0.0,0.0,0.0,0.0,0.0,0.0,0.0,False,False
2016-05-13,0.0,0.0,0.0,0.0,0.0,0.0,0.0,0.0,0.0,0.0,0.0,0.0,0.0,0.0,0.0,0.0,0.0,0.0,0.0,0.0,0.0,0.0,0.0,0.0,0.0,0.0,0.0,0.0,0.0,0.0,False,False
2016-05-16,0.0,0.0,0.0,0.0,0.0,0.0,0.0,0.0,0.0,0.0,0.0,0.0,0.0,0.0,0.0,0.0,0.0,0.0,0.0,0.0,0.0,0.0,0.0,0.0,0.0,0.0,0.0,0.0,0.0,0.0,False,False
2016-05-17,0.0,0.0,0.0,0.0,0.0,0.0,0.0,0.0,0.0,0.0,0.0,0.0,0.0,0.0,0.0,0.0,0.0,0.0,0.0,0.0,0.0,0.0,0.0,0.0,0.0,0.0,0.0,0.0,0.0,0.0,False,False
2016-05-18,0.0,0.0,0.0,0.0,0.0,0.0,0.0,0.0,0.0,0.0,0.0,0.0,0.0,0.0,0.0,0.0,0.0,0.0,0.0,0.0,0.0,0.0,0.0,0.0,0.0,0.0,0.0,0.0,0.0,0.0,False,False
2016-05-19,0.0,0.0,0.0,0.0,0.0,0.0,0.0,0.0,0.0,0.0,0.0,0.0,0.0,0.0,0.0,0.0,0.0,0.0,0.0,0.0,0.0,0.0,0.0,0.0,0.0,0.0,0.0,0.0,0.0,0.0,False,False
2016-05-20,0.0,0.0,0.0,0.0,0.0,0.0,0.0,0.0,0.0,0.0,0.0,0.0,0.0,0.0,0.0,0.0,0.0,0.0,0.0,0.0,0.0,0.0,0.0,0.0,0.0,0.0,0.0,0.0,0.0,0.0,False,False
2016-05-23,0.0,0.0,0.0,0.0,0.0,0.0,0.0,0.0,0.0,0.0,0.0,0.0,0.0,0.0,0.0,0.0,0.0,0.0,0.0,0.0,0.0,0.0,0.0,0.0,0.0,0.0,0.0,0.0,0.0,0.0,False,False
2016-05-24,0.0,0.0,0.0,0.0,0.0,0.0,0.0,0.0,0.0,0.0,0.0,0.0,0.0,0.0,0.0,0.0,0.0,0.0,0.0,0.0,0.0,0.0,0.0,0.0,0.0,0.0,0.0,0.0,0.0,0.0,False,False
2016-05-25,0.0,0.0,0.0,0.0,0.0,0.0,0.0,0.0,0.0,0.0,0.0,0.0,0.0,0.0,0.0,0.0,0.0,0.0,0.0,0.0,0.0,0.0,0.0,0.0,0.0,0.0,0.0,0.0,0.0,0.0,False,False
2016-05-26,0.0,0.0,0.0,0.0,0.0,0.0,0.0,0.0,0.0,0.0,0.0,0.0,0.0,0.0,0.0,0.0,0.0,0.0,0.0,0.0,0.0,0.0,0.0,0.0,0.0,0.0,0.0,0.0,0.0,0.0,False,False
2016-05-27,0.0,0.0,0.0,0.0,0.0,0.0,0.0,0.0,0.0,0.0,0.0,0.0,0.0,0.0,0.0,0.0,0.0,0.0,0.0,0.0,0.0,0.0,0.0,0.0,0.0,0.0,0.0,0.0,0.0,0.0,False,False
2016-05-31,0.0,0.0,0.0,0.0,0.0,0.0,0.0,0.0,0.0,0.0,0.0,0.0,0.0,0.0,0.0,0.0,0.0,0.0,0.0,0.0,0.0,0.0,0.0,0.0,0.0,0.0,0.0,0.0,0.0,0.0,False,False
2016-06-01,0.0,0.0,0.0,0.0,0.0,0.0,0.0,0.0,0.0,0.0,0.0,0.0,0.0,0.0,0.0,0.0,0.0,0.0,0.0,0.0,0.0,0.0,0.0,0.0,0.0,0.0,0.0,0.0,0.0,0.0,False,False
2016-06-02,0.0,0.0,0.0,0.0,0.0,0.0,0.0,0.0,0.0,0.0,0.0,0.0,0.0,0.0,0.0,0.0,0.0,0.0,0.0,0.0,0.0,0.0,0.0,0.0,0.0,0.0,0.0,0.0,0.0,0.0,False,False
2016-06-03,0.0,0.0,0.0,0.0,0.0,0.0,0.0,0.0,0.0,0.0,0.0,0.0,0.0,0.0,0.0,0.0,0.0,0.0,0.0,0.0,0.0,0.0,0.0,0.0,0.0,0.0,0.0,0.0,0.0,0.0,False,False
2016-06-06,0.0,0.0,0.0,0.0,0.0,0.0,0.0,0.0,0.0,0.0,0.0,0.0,0.0,0.0,0.0,0.0,0.0,0.0,0.0,0.0,0.0,0.0,0.0,0.0,0.0,0.0,0.0,0.0,0.0,0.0,False,False
2016-06-07,0.0,0.0,0.0,0.0,0.0,0.0,0.0,0.0,0.0,0.0,0.0,0.0,0.0,0.0,0.0,0.0,0.0,0.0,0.0,0.0,0.0,0.0,0.0,0.0,0.0,0.0,0.0,0.0,0.0,0.0,False,False
2016-06-08,0.0,0.0,0.0,0.0,0.0,0.0,0.0,0.0,0.0,0.0,0.0,0.0,0.0,0.0,0.0,0.0,0.0,0.0,0.0,0.0,0.0,0.0,0.0,0.0,0.0,0.0,0.0,0.0,0.0,0.0,False,False
2016-06-09,0.0,0.0,0.0,0.0,0.0,0.0,0.0,0.0,0.0,0.0,0.0,0.0,0.0,0.0,0.0,0.0,0.0,0.0,0.0,0.0,0.0,0.0,0.0,0.0,0.0,0.0,0.0,0.0,0.0,0.0,False,False
2016-06-10,0.0,0.0,0.0,0.0,0.0,0.0,0.0,0.0,0.0,0.0,0.0,0.0,0.0,0.0,0.0,0.0,0.0,0.0,0.0,0.0,0.0,0.0,0.0,0.0,0.0,0.0,0.0,0.0,0.0,0.0,False,False
2016-06-13,0.0,0.0,0.0,0.0,0.0,0.0,0.0,0.0,0.0,0.0,0.0,0.0,0.0,0.0,0.0,0.0,0.0,0.0,0.0,0.0,0.0,0.0,0.0,0.0,0.0,0.0,0.0,0.0,0.0,0.0,False,False
2016-06-14,0.0,0.0,0.0,0.0,0.0,0.0,0.0,0.0,0.0,0.0,0.0,0.0,0.0,0.0,0.0,0.0,0.0,0.0,0.0,0.0,0.0,0.0,0.0,0.0,0.0,0.0,0.0,0.0,0.0,0.0,False,False
2016-06-15,0.0,0.0,0.0,0.0,0.0,0.0,0.0,0.0,0.0,0.0,0.0,0.0,0.0,0.0,0.0,0.0,0.0,0.0,0.0,0.0,0.0,0.0,0.0,0.0,0.0,0.0,0.0,0.0,0.0,0.0,False,False
2016-06-16,0.0,0.0,0.0,0.0,0.0,0.0,0.0,0.0,0.0,0.0,0.0,0.0,0.0,0.0,0.0,0.0,0.0,0.0,0.0,0.0,0.0,0.0,0.0,0.0,0.0,0.0,0.0,0.0,0.0,0.0,False,False
2016-06-17,0.0,0.0,0.0,0.0,0.0,0.0,0.0,0.0,0.0,0.0,0.0,0.0,0.0,0.0,0.0,0.0,0.0,0.0,0.0,0.0,0.0,0.0,0.0,0.0,0.0,0.0,0.0,0.0,0.0,0.0,False,False
2016-06-20,0.0,0.0,0.0,0.0,0.0,0.0,0.0,0.0,0.0,0.0,0.0,0.0,0.0,0.0,0.0,0.0,0.0,0.0,0.0,0.0,0.0,0.0,0.0,0.0,0.0,0.0,0.0,0.0,0.0,0.0,False,False
2016-06-21,0.0,0.0,0.0,0.0,0.0,0.0,0.0,0.0,0.0,0.0,0.0,0.0,0.0,0.0,0.0,0.0,0.0,0.0,0.0,0.0,0.0,0.0,0.0,0.0,0.0,0.0,0.0,0.0,0.0,0.0,False,False
2016-06-22,0.0,0.0,0.0,0.0,0.0,0.0,0.0,0.0,0.0,0.0,0.0,0.0,0.0,0.0,0.0,0.0,0.0,0.0,0.0,0.0,0.0,0.0,0.0,0.0,0.0,0.0,0.0,0.0,0.0,0.0,False,False
2016-06-23,0.0,0.0,0.0,0.0,0.0,0.0,0.0,0.0,0.0,0.0,0.0,0.0,0.0,0.0,0.0,0.0,0.0,0.0,0.0,0.0,0.0,0.0,0.0,0.0,0.0,0.0,0.0,0.0,0.0,0.0,False,False
2016-06-24,0.0,0.0,0.0,0.0,0.0,0.0,0.0,0.0,0.0,0.0,0.0,0.0,0.0,0.0,0.0,0.0,0.0,0.0,0.0,0.0,0.0,0.0,0.0,0.0,0.0,0.0,0.0,0.0,0.0,0.0,False,False
2016-06-27,0.0,0.0,0.0,0.0,0.0,0.0,0.0,0.0,0.0,0.0,0.0,0.0,0.0,0.0,0.0,0.0,0.0,0.0,0.0,0.0,0.0,0.0,0.0,0.0,0.0,0.0,0.0,0.0,0.0,0.0,False,False
2016-06-28,0.0,0.0,0.0,0.0,0.0,0.0,0.0,0.0,0.0,0.0,0.0,0.0,0.0,0.0,0.0,0.0,0.0,0.0,0.0,0.0,0.0,0.0,0.0,0.0,0.0,0.0,0.0,0.0,0.0,0.0,False,False
2016-06-29,0.0,0.0,0.0,0.0,0.0,0.0,0.0,0.0,0.0,0.0,0.0,0.0,0.0,0.0,0.0,0.0,0.0,0.0,0.0,0.0,0.0,0.0,0.0,0.0,0.0,0.0,0.0,0.0,0.0,0.0,False,False
2016-06-30,0.0,0.0,0.0,0.0,0.0,0.0,0.0,0.0,0.0,0.0,0.0,0.0,0.0,0.0,0.0,0.0,0.0,0.0,0.0,0.0,0.0,0.0,0.0,0.0,0.0,0.0,0.0,0.0,0.0,0.0,False,False
2016-07-01,0.0,0.0,0.0,0.0,0.0,0.0,0.0,0.0,0.0,0.0,0.0,0.0,0.0,0.0,0.0,0.0,0.0,0.0,0.0,0.0,0.0,0.0,0.0,0.0,0.0,0.0,0.0,0.0,0.0,0.0,False,False
2016-07-05,0.0,0.0,0.0,0.0,0.0,0.0,0.0,0.0,0.0,0.0,0.0,0.0,0.0,0.0,0.0,0.0,0.0,0.0,0.0,0.0,0.0,0.0,0.0,0.0,0.0,0.0,0.0,0.0,0.0,0.0,False,False
2016-07-06,0.0,0.0,0.0,0.0,0.0,0.0,0.0,0.0,0.0,0.0,0.0,0.0,0.0,0.0,0.0,0.0,0.0,0.0,0.0,0.0,0.0,0.0,0.0,0.0,0.0,0.0,0.0,0.0,0.0,0.0,False,False
2016-07-07,0.0,0.0,0.0,0.0,0.0,0.0,0.0,0.0,0.0,0.0,0.0,0.0,0.0,0.0,0.0,0.0,0.0,0.0,0.0,0.0,0.0,0.0,0.0,0.0,0.0,0.0,0.0,0.0,0.0,0.0,False,False
2016-07-08,0.0,0.0,0.0,0.0,0.0,0.0,0.0,0.0,0.0,0.0,0.0,0.0,0.0,0.0,0.0,0.0,0.0,0.0,0.0,0.0,0.0,0.0,0.0,0.0,0.0,0.0,0.0,0.0,0.0,0.0,False,False
2016-07-11,0.0,0.0,0.0,0.0,0.0,0.0,0.0,0.0,0.0,0.0,0.0,0.0,0.0,0.0,0.0,0.0,0.0,0.0,0.0,0.0,0.0,0.0,0.0,0.0,0.0,0.0,0.0,0.0,0.0,0.0,False,False
2016-07-12,0.0,0.0,0.0,0.0,0.0,0.0,0.0,0.0,0.0,0.0,0.0,0.0,0.0,0.0,0.0,0.0,0.0,0.0,0.0,0.0,0.0,0.0,0.0,0.0,0.0,0.0,0.0,0.0,0.0,0.0,False,False
2016-07-13,0.0,0.0,0.0,0.0,0.0,0.0,0.0,0.0,0.0,0.0,0.0,0.0,0.0,0.0,0.0,0.0,0.0,0.0,0.0,0.0,0.0,0.0,0.0,0.0,0.0,0.0,0.0,0.0,0.0,0.0,False,False
2016-07-14,0.0,0.0,0.0,0.0,0.0,0.0,0.0,0.0,0.0,0.0,0.0,0.0,0.0,0.0,0.0,0.0,0.0,0.0,0.0,0.0,0.0,0.0,0.0,0.0,0.0,0.0,0.0,0.0,0.0,0.0,False,False
2016-07-15,0.0,0.0,0.0,0.0,0.0,0.0,0.0,0.0,0.0,0.0,0.0,0.0,0.0,0.0,0.0,0.0,0.0,0.0,0.0,0.0,0.0,0.0,0.0,0.0,0.0,0.0,0.0,0.0,0.0,0.0,False,False
2016-07-18,0.0,0.0,0.0,0.0,0.0,0.0,0.0,0.0,0.0,0.0,0.0,0.0,0.0,0.0,0.0,0.0,0.0,0.0,0.0,0.0,0.0,0.0,0.0,0.0,0.0,0.0,0.0,0.0,0.0,0.0,False,False
2016-07-19,0.0,0.0,0.0,0.0,0.0,0.0,0.0,0.0,0.0,0.0,0.0,0.0,0.0,0.0,0.0,0.0,0.0,0.0,0.0,0.0,0.0,0.0,0.0,0.0,0.0,0.0,0.0,0.0,0.0,0.0,False,False
2016-07-20,0.0,0.0,0.0,0.0,0.0,0.0,0.0,0.0,0.0,0.0,0.0,0.0,0.0,0.0,0.0,0.0,0.0,0.0,0.0,0.0,0.0,0.0,0.0,0.0,0.0,0.0,0.0,0.0,0.0,0.0,False,False
2016-07-21,0.0,0.0,0.0,0.0,0.0,0.0,0.0,0.0,0.0,0.0,0.0,0.0,0.0,0.0,0.0,0.0,0.0,0.0,0.0,0.0,0.0,0.0,0.0,0.0,0.0,0.0,0.0,0.0,0.0,0.0,False,False
2016-07-22,0.0,0.0,0.0,0.0,0.0,0.0,0.0,0.0,0.0,0.0,0.0,0.0,0.0,0.0,0.0,0.0,0.0,0.0,0.0,0.0,0.0,0.0,0.0,0.0,0.0,0.0,0.0,0.0,0.0,0.0,False,False
2016-07-25,0.0,0.0,0.0,0.0,0.0,0.0,0.0,0.0,0.0,0.0,0.0,0.0,0.0,0.0,0.0,0.0,0.0,0.0,0.0,0.0,0.0,0.0,0.0,0.0,0.0,0.0,0.0,0.0,0.0,0.0,False,False
2016-07-26,0.0,0.0,0.0,0.0,0.0,0.0,0.0,0.0,0.0,0.0,0.0,0.0,0.0,0.0,0.0,0.0,0.0,0.0,0.0,0.0,0.0,0.0,0.0,0.0,0.0,0.0,0.0,0.0,0.0,0.0,False,False
2016-07-27,0.0,0.0,0.0,0.0,0.0,0.0,0.0,0.0,0.0,0.0,0.0,0.0,0.0,0.0,0.0,0.0,0.0,0.0,0.0,0.0,0.0,0.0,0.0,0.0,0.0,0.0,0.0,0.0,0.0,0.0,False,False
2016-07-28,0.0,0.0,0.0,0.0,0.0,0.0,0.0,0.0,0.0,0.0,0.0,0.0,0.0,0.0,0.0,0.0,0.0,0.0,0.0,0.0,0.0,0.0,0.0,0.0,0.0,0.0,0.0,0.0,0.0,0.0,False,False
2016-07-29,0.0,0.0,0.0,0.0,0.0,0.0,0.0,0.0,0.0,0.0,0.0,0.0,0.0,0.0,0.0,0.0,0.0,0.0,0.0,0.0,0.0,0.0,0.0,0.0,0.0,0.0,0.0,0.0,0.0,0.0,False,False
2016-08-01,0.0,0.0,0.0,0.0,0.0,0.0,0.0,0.0,0.0,0.0,0.0,0.0,0.0,0.0,0.0,0.0,0.0,0.0,0.0,0.0,0.0,0.0,0.0,0.0,0.0,0.0,0.0,0.0,0.0,0.0,False,False
2016-08-02,0.0,0.0,0.0,0.0,0.0,0.0,0.0,0.0,0.0,0.0,0.0,0.0,0.0,0.0,0.0,0.0,0.0,0.0,0.0,0.0,0.0,0.0,0.0,0.0,0.0,0.0,0.0,0.0,0.0,0.0,False,False
2016-08-03,0.0,0.0,0.0,0.0,0.0,0.0,0.0,0.0,0.0,0.0,0.0,0.0,0.0,0.0,0.0,0.0,0.0,0.0,0.0,0.0,0.0,0.0,0.0,0.0,0.0,0.0,0.0,0.0,0.0,0.0,False,False
2016-08-04,0.0,0.0,0.0,0.0,0.0,0.0,0.0,0.0,0.0,0.0,0.0,0.0,0.0,0.0,0.0,0.0,0.0,0.0,0.0,0.0,0.0,0.0,0.0,0.0,0.0,0.0,0.0,0.0,0.0,0.0,False,False
2016-08-05,0.0,0.0,0.0,0.0,0.0,0.0,0.0,0.0,0.0,0.0,0.0,0.0,0.0,0.0,0.0,0.0,0.0,0.0,0.0,0.0,0.0,0.0,0.0,0.0,0.0,0.0,0.0,0.0,0.0,0.0,False,False
2016-08-08,0.0,0.0,0.0,0.0,0.0,0.0,0.0,0.0,0.0,0.0,0.0,0.0,0.0,0.0,0.0,0.0,0.0,0.0,0.0,0.0,0.0,0.0,0.0,0.0,0.0,0.0,0.0,0.0,0.0,0.0,False,False
2016-08-09,0.0,0.0,0.0,0.0,0.0,0.0,0.0,0.0,0.0,0.0,0.0,0.0,0.0,0.0,0.0,0.0,0.0,0.0,0.0,0.0,0.0,0.0,0.0,0.0,0.0,0.0,0.0,0.0,0.0,0.0,False,False
2016-08-10,0.0,0.0,0.0,0.0,0.0,0.0,0.0,0.0,0.0,0.0,0.0,0.0,0.0,0.0,0.0,0.0,0.0,0.0,0.0,0.0,0.0,0.0,0.0,0.0,0.0,0.0,0.0,0.0,0.0,0.0,False,False
2016-08-11,0.0,0.0,0.0,0.0,0.0,0.0,0.0,0.0,0.0,0.0,0.0,0.0,0.0,0.0,0.0,0.0,0.0,0.0,0.0,0.0,0.0,0.0,0.0,0.0,0.0,0.0,0.0,0.0,0.0,0.0,False,False
2016-08-12,0.0,0.0,0.0,0.0,0.0,0.0,0.0,0.0,0.0,0.0,0.0,0.0,0.0,0.0,0.0,0.0,0.0,0.0,0.0,0.0,0.0,0.0,0.0,0.0,0.0,0.0,0.0,0.0,0.0,0.0,False,False
2016-08-15,0.0,0.0,0.0,0.0,0.0,0.0,0.0,0.0,0.0,0.0,0.0,0.0,0.0,0.0,0.0,0.0,0.0,0.0,0.0,0.0,0.0,0.0,0.0,0.0,0.0,0.0,0.0,0.0,0.0,0.0,False,False
2016-08-16,0.0,0.0,0.0,0.0,0.0,0.0,0.0,0.0,0.0,0.0,0.0,0.0,0.0,0.0,0.0,0.0,0.0,0.0,0.0,0.0,0.0,0.0,0.0,0.0,0.0,0.0,0.0,0.0,0.0,0.0,False,False
2016-08-17,0.0,0.0,0.0,0.0,0.0,0.0,0.0,0.0,0.0,0.0,0.0,0.0,0.0,0.0,0.0,0.0,0.0,0.0,0.0,0.0,0.0,0.0,0.0,0.0,0.0,0.0,0.0,0.0,0.0,0.0,False,False
2016-08-18,0.0,0.0,0.0,0.0,0.0,0.0,0.0,0.0,0.0,0.0,0.0,0.0,0.0,0.0,0.0,0.0,0.0,0.0,0.0,0.0,0.0,0.0,0.0,0.0,0.0,0.0,0.0,0.0,0.0,0.0,False,False
2016-08-19,0.0,0.0,0.0,0.0,0.0,0.0,0.0,0.0,0.0,0.0,0.0,0.0,0.0,0.0,0.0,0.0,0.0,0.0,0.0,0.0,0.0,0.0,0.0,0.0,0.0,0.0,0.0,0.0,0.0,0.0,False,False
2016-08-22,0.0,0.0,0.0,0.0,0.0,0.0,0.0,0.0,0.0,0.0,0.0,0.0,0.0,0.0,0.0,0.0,0.0,0.0,0.0,0.0,0.0,0.0,0.0,0.0,0.0,0.0,0.0,0.0,0.0,0.0,False,False
2016-08-23,0.0,0.0,0.0,0.0,0.0,0.0,0.0,0.0,0.0,0.0,0.0,0.0,0.0,0.0,0.0,0.0,0.0,0.0,0.0,0.0,0.0,0.0,0.0,0.0,0.0,0.0,0.0,0.0,0.0,0.0,False,False
2016-08-24,0.0,0.0,0.0,0.0,0.0,0.0,0.0,0.0,0.0,0.0,0.0,0.0,0.0,0.0,0.0,0.0,0.0,0.0,0.0,0.0,0.0,0.0,0.0,0.0,0.0,0.0,0.0,0.0,0.0,0.0,False,False
2016-08-25,0.0,0.0,0.0,0.0,0.0,0.0,0.0,0.0,0.0,0.0,0.0,0.0,0.0,0.0,0.0,0.0,0.0,0.0,0.0,0.0,0.0,0.0,0.0,0.0,0.0,0.0,0.0,0.0,0.0,0.0,False,False
2016-08-26,0.0,0.0,0.0,0.0,0.0,0.0,0.0,0.0,0.0,0.0,0.0,0.0,0.0,0.0,0.0,0.0,0.0,0.0,0.0,0.0,0.0,0.0,0.0,0.0,0.0,0.0,0.0,0.0,0.0,0.0,False,False
2016-08-29,0.0,0.0,0.0,0.0,0.0,0.0,0.0,0.0,0.0,0.0,0.0,0.0,0.0,0.0,0.0,0.0,0.0,0.0,0.0,0.0,0.0,0.0,0.0,0.0,0.0,0.0,0.0,0.0,0.0,0.0,False,False
2016-08-30,0.0,0.0,0.0,0.0,0.0,0.0,0.0,0.0,0.0,0.0,0.0,0.0,0.0,0.0,0.0,0.0,0.0,0.0,0.0,0.0,0.0,0.0,0.0,0.0,0.0,0.0,0.0,0.0,0.0,0.0,False,False
2016-08-31,0.0,0.0,0.0,0.0,0.0,0.0,0.0,0.0,0.0,0.0,0.0,0.0,0.0,0.0,0.0,0.0,0.0,0.0,0.0,0.0,0.0,0.0,0.0,0.0,0.0,0.0,0.0,0.0,0.0,0.0,False,False
2016-09-01,0.0,0.0,0.0,0.0,0.0,0.0,0.0,0.0,0.0,0.0,0.0,0.0,0.0,0.0,0.0,0.0,0.0,0.0,0.0,0.0,0.0,0.0,0.0,0.0,0.0,0.0,0.0,0.0,0.0,0.0,False,False
2016-09-02,0.0,0.0,0.0,0.0,0.0,0.0,0.0,0.0,0.0,0.0,0.0,0.0,0.0,0.0,0.0,0.0,0.0,0.0,0.0,0.0,0.0,0.0,0.0,0.0,0.0,0.0,0.0,0.0,0.0,0.0,False,False
2016-09-06,0.0,0.0,0.0,0.0,0.0,0.0,0.0,0.0,0.0,0.0,0.0,0.0,0.0,0.0,0.0,0.0,0.0,0.0,0.0,0.0,0.0,0.0,0.0,0.0,0.0,0.0,0.0,0.0,0.0,0.0,False,False
2016-09-07,0.0,0.0,0.0,0.0,0.0,0.0,0.0,0.0,0.0,0.0,0.0,0.0,0.0,0.0,0.0,0.0,0.0,0.0,0.0,0.0,0.0,0.0,0.0,0.0,0.0,0.0,0.0,0.0,0.0,0.0,False,False
2016-09-08,0.0,0.0,0.0,0.0,0.0,0.0,0.0,0.0,0.0,0.0,0.0,0.0,0.0,0.0,0.0,0.0,0.0,0.0,0.0,0.0,0.0,0.0,0.0,0.0,0.0,0.0,0.0,0.0,0.0,0.0,False,False
2016-09-09,0.0,0.0,0.0,0.0,0.0,0.0,0.0,0.0,0.0,0.0,0.0,0.0,0.0,0.0,0.0,0.0,0.0,0.0,0.0,0.0,0.0,0.0,0.0,0.0,0.0,0.0,0.0,0.0,0.0,0.0,False,False
2016-09-12,0.0,0.0,0.0,0.0,0.0,0.0,0.0,0.0,0.0,0.0,0.0,0.0,0.0,0.0,0.0,0.0,0.0,0.0,0.0,0.0,0.0,0.0,0.0,0.0,0.0,0.0,0.0,0.0,0.0,0.0,False,False
2016-09-13,0.0,0.0,0.0,0.0,0.0,0.0,0.0,0.0,0.0,0.0,0.0,0.0,0.0,0.0,0.0,0.0,0.0,0.0,0.0,0.0,0.0,0.0,0.0,0.0,0.0,0.0,0.0,0.0,0.0,0.0,False,False
2016-09-14,0.0,0.0,0.0,0.0,0.0,0.0,0.0,0.0,0.0,0.0,0.0,0.0,0.0,0.0,0.0,0.0,0.0,0.0,0.0,0.0,0.0,0.0,0.0,0.0,0.0,0.0,0.0,0.0,0.0,0.0,False,False
2016-09-15,0.0,0.0,0.0,0.0,0.0,0.0,0.0,0.0,0.0,0.0,0.0,0.0,0.0,0.0,0.0,0.0,0.0,0.0,0.0,0.0,0.0,0.0,0.0,0.0,0.0,0.0,0.0,0.0,0.0,0.0,False,False
2016-09-16,0.0,0.0,0.0,0.0,0.0,0.0,0.0,0.0,0.0,0.0,0.0,0.0,0.0,0.0,0.0,0.0,0.0,0.0,0.0,0.0,0.0,0.0,0.0,0.0,0.0,0.0,0.0,0.0,0.0,0.0,False,False
2016-09-19,0.0,0.0,0.0,0.0,0.0,0.0,0.0,0.0,0.0,0.0,0.0,0.0,0.0,0.0,0.0,0.0,0.0,0.0,0.0,0.0,0.0,0.0,0.0,0.0,0.0,0.0,0.0,0.0,0.0,0.0,False,False
2016-09-20,0.0,0.0,0.0,0.0,0.0,0.0,0.0,0.0,0.0,0.0,0.0,0.0,0.0,0.0,0.0,0.0,0.0,0.0,0.0,0.0,0.0,0.0,0.0,0.0,0.0,0.0,0.0,0.0,0.0,0.0,False,False
2016-09-21,0.0,0.0,0.0,0.0,0.0,0.0,0.0,0.0,0.0,0.0,0.0,0.0,0.0,0.0,0.0,0.0,0.0,0.0,0.0,0.0,0.0,0.0,0.0,0.0,0.0,0.0,0.0,0.0,0.0,0.0,False,False
2016-09-22,0.0,0.0,0.0,0.0,0.0,0.0,0.0,0.0,0.0,0.0,0.0,0.0,0.0,0.0,0.0,0.0,0.0,0.0,0.0,0.0,0.0,0.0,0.0,0.0,0.0,0.0,0.0,0.0,0.0,0.0,False,False
2016-09-23,0.0,0.0,0.0,0.0,0.0,0.0,0.0,0.0,0.0,0.0,0.0,0.0,0.0,0.0,0.0,0.0,0.0,0.0,0.0,0.0,0.0,0.0,0.0,0.0,0.0,0.0,0.0,0.0,0.0,0.0,False,False
2016-09-26,0.0,0.0,0.0,0.0,0.0,0.0,0.0,0.0,0.0,0.0,0.0,0.0,0.0,0.0,0.0,0.0,0.0,0.0,0.0,0.0,0.0,0.0,0.0,0.0,0.0,0.0,0.0,0.0,0.0,0.0,False,False
2016-09-27,0.0,0.0,0.0,0.0,0.0,0.0,0.0,0.0,0.0,0.0,0.0,0.0,0.0,0.0,0.0,0.0,0.0,0.0,0.0,0.0,0.0,0.0,0.0,0.0,0.0,0.0,0.0,0.0,0.0,0.0,False,False
2016-09-28,0.0,0.0,0.0,0.0,0.0,0.0,0.0,0.0,0.0,0.0,0.0,0.0,0.0,0.0,0.0,0.0,0.0,0.0,0.0,0.0,0.0,0.0,0.0,0.0,0.0,0.0,0.0,0.0,0.0,0.0,False,False
2016-09-29,0.0,0.0,0.0,0.0,0.0,0.0,0.0,0.0,0.0,0.0,0.0,0.0,0.0,0.0,0.0,0.0,0.0,0.0,0.0,0.0,0.0,0.0,0.0,0.0,0.0,0.0,0.0,0.0,0.0,0.0,False,False
2016-09-30,0.0,0.0,0.0,0.0,0.0,0.0,0.0,0.0,0.0,0.0,0.0,0.0,0.0,0.0,0.0,0.0,0.0,0.0,0.0,0.0,0.0,0.0,0.0,0.0,0.0,0.0,0.0,0.0,0.0,0.0,False,False
2016-10-03,0.0,0.0,0.0,0.0,0.0,0.0,0.0,0.0,0.0,0.0,0.0,0.0,0.0,0.0,0.0,0.0,0.0,0.0,0.0,0.0,0.0,0.0,0.0,0.0,0.0,0.0,0.0,0.0,0.0,0.0,False,False
2016-10-04,0.0,0.0,0.0,0.0,0.0,0.0,0.0,0.0,0.0,0.0,0.0,0.0,0.0,0.0,0.0,0.0,0.0,0.0,0.0,0.0,0.0,0.0,0.0,0.0,0.0,0.0,0.0,0.0,0.0,0.0,False,False
2016-10-05,0.0,0.0,0.0,0.0,0.0,0.0,0.0,0.0,0.0,0.0,0.0,0.0,0.0,0.0,0.0,0.0,0.0,0.0,0.0,0.0,0.0,0.0,0.0,0.0,0.0,0.0,0.0,0.0,0.0,0.0,False,False
2016-10-06,0.0,0.0,0.0,0.0,0.0,0.0,0.0,0.0,0.0,0.0,0.0,0.0,0.0,0.0,0.0,0.0,0.0,0.0,0.0,0.0,0.0,0.0,0.0,0.0,0.0,0.0,0.0,0.0,0.0,0.0,False,False
2016-10-07,0.0,0.0,0.0,0.0,0.0,0.0,0.0,0.0,0.0,0.0,0.0,0.0,0.0,0.0,0.0,0.0,0.0,0.0,0.0,0.0,0.0,0.0,0.0,0.0,0.0,0.0,0.0,0.0,0.0,0.0,False,False
2016-10-10,0.0,0.0,0.0,0.0,0.0,0.0,0.0,0.0,0.0,0.0,0.0,0.0,0.0,0.0,0.0,0.0,0.0,0.0,0.0,0.0,0.0,0.0,0.0,0.0,0.0,0.0,0.0,0.0,0.0,0.0,False,False
2016-10-11,0.0,0.0,0.0,0.0,0.0,0.0,0.0,0.0,0.0,0.0,0.0,0.0,0.0,0.0,0.0,0.0,0.0,0.0,0.0,0.0,0.0,0.0,0.0,0.0,0.0,0.0,0.0,0.0,0.0,0.0,False,False
2016-10-12,0.0,0.0,0.0,0.0,0.0,0.0,0.0,0.0,0.0,0.0,0.0,0.0,0.0,0.0,0.0,0.0,0.0,0.0,0.0,0.0,0.0,0.0,0.0,0.0,0.0,0.0,0.0,0.0,0.0,0.0,False,False
2016-10-13,0.0,0.0,0.0,0.0,0.0,0.0,0.0,0.0,0.0,0.0,0.0,0.0,0.0,0.0,0.0,0.0,0.0,0.0,0.0,0.0,0.0,0.0,0.0,0.0,0.0,0.0,0.0,0.0,0.0,0.0,False,False
2016-10-14,0.0,0.0,0.0,0.0,0.0,0.0,0.0,0.0,0.0,0.0,0.0,0.0,0.0,0.0,0.0,0.0,0.0,0.0,0.0,0.0,0.0,0.0,0.0,0.0,0.0,0.0,0.0,0.0,0.0,0.0,False,False
2016-10-17,0.0,0.0,0.0,0.0,0.0,0.0,0.0,0.0,0.0,0.0,0.0,0.0,0.0,0.0,0.0,0.0,0.0,0.0,0.0,0.0,0.0,0.0,0.0,0.0,0.0,0.0,0.0,0.0,0.0,0.0,False,False
2016-10-18,0.0,0.0,0.0,0.0,0.0,0.0,0.0,0.0,0.0,0.0,0.0,0.0,0.0,0.0,0.0,0.0,0.0,0.0,0.0,0.0,0.0,0.0,0.0,0.0,0.0,0.0,0.0,0.0,0.0,0.0,False,False
2016-10-19,0.0,0.0,0.0,0.0,0.0,0.0,0.0,0.0,0.0,0.0,0.0,0.0,0.0,0.0,0.0,0.0,0.0,0.0,0.0,0.0,0.0,0.0,0.0,0.0,0.0,0.0,0.0,0.0,0.0,0.0,False,False
2016-10-20,0.0,0.0,0.0,0.0,0.0,0.0,0.0,0.0,0.0,0.0,0.0,0.0,0.0,0.0,0.0,0.0,0.0,0.0,0.0,0.0,0.0,0.0,0.0,0.0,0.0,0.0,0.0,0.0,0.0,0.0,False,False
2016-10-21,0.0,0.0,0.0,0.0,0.0,0.0,0.0,0.0,0.0,0.0,0.0,0.0,0.0,0.0,0.0,0.0,0.0,0.0,0.0,0.0,0.0,0.0,0.0,0.0,0.0,0.0,0.0,0.0,0.0,0.0,False,False
2016-10-24,0.0,0.0,0.0,0.0,0.0,0.0,0.0,0.0,0.0,0.0,0.0,0.0,0.0,0.0,0.0,0.0,0.0,0.0,0.0,0.0,0.0,0.0,0.0,0.0,0.0,0.0,0.0,0.0,0.0,0.0,False,False
2016-10-25,0.0,0.0,0.0,0.0,0.0,0.0,0.0,0.0,0.0,0.0,0.0,0.0,0.0,0.0,0.0,0.0,0.0,0.0,0.0,0.0,0.0,0.0,0.0,0.0,0.0,0.0,0.0,0.0,0.0,0.0,False,False
2016-10-26,0.0,0.0,0.0,0.0,0.0,0.0,0.0,0.0,0.0,0.0,0.0,0.0,0.0,0.0,0.0,0.0,0.0,0.0,0.0,0.0,0.0,0.0,0.0,0.0,0.0,0.0,0.0,0.0,0.0,0.0,False,False
2016-10-27,0.0,0.0,0.0,0.0,0.0,0.0,0.0,0.0,0.0,0.0,0.0,0.0,0.0,0.0,0.0,0.0,0.0,0.0,0.0,0.0,0.0,0.0,0.0,0.0,0.0,0.0,0.0,0.0,0.0,0.0,False,False
2016-10-28,0.0,0.0,0.0,0.0,0.0,0.0,0.0,0.0,0.0,0.0,0.0,0.0,0.0,0.0,0.0,0.0,0.0,0.0,0.0,0.0,0.0,0.0,0.0,0.0,0.0,0.0,0.0,0.0,0.0,0.0,False,False
2016-10-31,0.0,0.0,0.0,0.0,0.0,0.0,0.0,0.0,0.0,0.0,0.0,0.0,0.0,0.0,0.0,0.0,0.0,0.0,0.0,0.0,0.0,0.0,0.0,0.0,0.0,0.0,0.0,0.0,0.0,0.0,False,False
2016-11-01,0.0,0.0,0.0,0.0,0.0,0.0,0.0,0.0,0.0,0.0,0.0,0.0,0.0,0.0,0.0,0.0,0.0,0.0,0.0,0.0,0.0,0.0,0.0,0.0,0.0,0.0,0.0,0.0,0.0,0.0,False,False
2016-11-02,0.0,0.0,0.0,0.0,0.0,0.0,0.0,0.0,0.0,0.0,0.0,0.0,0.0,0.0,0.0,0.0,0.0,0.0,0.0,0.0,0.0,0.0,0.0,0.0,0.0,0.0,0.0,0.0,0.0,0.0,False,False
2016-11-03,0.0,0.0,0.0,0.0,0.0,0.0,0.0,0.0,0.0,0.0,0.0,0.0,0.0,0.0,0.0,0.0,0.0,0.0,0.0,0.0,0.0,0.0,0.0,0.0,0.0,0.0,0.0,0.0,0.0,0.0,False,False
2016-11-04,0.0,0.0,0.0,0.0,0.0,0.0,0.0,0.0,0.0,0.0,0.0,0.0,0.0,0.0,0.0,0.0,0.0,0.0,0.0,0.0,0.0,0.0,0.0,0.0,0.0,0.0,0.0,0.0,0.0,0.0,False,False
2016-11-07,0.0,0.0,0.0,0.0,0.0,0.0,0.0,0.0,0.0,0.0,0.0,0.0,0.0,0.0,0.0,0.0,0.0,0.0,0.0,0.0,0.0,0.0,0.0,0.0,0.0,0.0,0.0,0.0,0.0,0.0,False,False
2016-11-08,0.0,0.0,0.0,0.0,0.0,0.0,0.0,0.0,0.0,0.0,0.0,0.0,0.0,0.0,0.0,0.0,0.0,0.0,0.0,0.0,0.0,0.0,0.0,0.0,0.0,0.0,0.0,0.0,0.0,0.0,False,False
2016-11-09,0.0,0.0,0.0,0.0,0.0,0.0,0.0,0.0,0.0,0.0,0.0,0.0,0.0,0.0,0.0,0.0,0.0,0.0,0.0,0.0,0.0,0.0,0.0,0.0,0.0,0.0,0.0,0.0,0.0,0.0,False,False
2016-11-10,0.0,0.0,0.0,0.0,0.0,0.0,0.0,0.0,0.0,0.0,0.0,0.0,0.0,0.0,0.0,0.0,0.0,0.0,0.0,0.0,0.0,0.0,0.0,0.0,0.0,0.0,0.0,0.0,0.0,0.0,False,False
2016-11-11,0.0,0.0,0.0,0.0,0.0,0.0,0.0,0.0,0.0,0.0,0.0,0.0,0.0,0.0,0.0,0.0,0.0,0.0,0.0,0.0,0.0,0.0,0.0,0.0,0.0,0.0,0.0,0.0,0.0,0.0,False,False
2016-11-14,0.0,0.0,0.0,0.0,0.0,0.0,0.0,0.0,0.0,0.0,0.0,0.0,0.0,0.0,0.0,0.0,0.0,0.0,0.0,0.0,0.0,0.0,0.0,0.0,0.0,0.0,0.0,0.0,0.0,0.0,False,False
2016-11-15,0.0,0.0,0.0,0.0,0.0,0.0,0.0,0.0,0.0,0.0,0.0,0.0,0.0,0.0,0.0,0.0,0.0,0.0,0.0,0.0,0.0,0.0,0.0,0.0,0.0,0.0,0.0,0.0,0.0,0.0,False,False
2016-11-16,0.0,0.0,0.0,0.0,0.0,0.0,0.0,0.0,0.0,0.0,0.0,0.0,0.0,0.0,0.0,0.0,0.0,0.0,0.0,0.0,0.0,0.0,0.0,0.0,0.0,0.0,0.0,0.0,0.0,0.0,False,False
2016-11-17,0.0,0.0,0.0,0.0,0.0,0.0,0.0,0.0,0.0,0.0,0.0,0.0,0.0,0.0,0.0,0.0,0.0,0.0,0.0,0.0,0.0,0.0,0.0,0.0,0.0,0.0,0.0,0.0,0.0,0.0,False,False
2016-11-18,0.0,0.0,0.0,0.0,0.0,0.0,0.0,0.0,0.0,0.0,0.0,0.0,0.0,0.0,0.0,0.0,0.0,0.0,0.0,0.0,0.0,0.0,0.0,0.0,0.0,0.0,0.0,0.0,0.0,0.0,False,False
2016-11-21,0.0,0.0,0.0,0.0,0.0,0.0,0.0,0.0,0.0,0.0,0.0,0.0,0.0,0.0,0.0,0.0,0.0,0.0,0.0,0.0,0.0,0.0,0.0,0.0,0.0,0.0,0.0,0.0,0.0,0.0,False,False
2016-11-22,0.0,0.0,0.0,0.0,0.0,0.0,0.0,0.0,0.0,0.0,0.0,0.0,0.0,0.0,0.0,0.0,0.0,0.0,0.0,0.0,0.0,0.0,0.0,0.0,0.0,0.0,0.0,0.0,0.0,0.0,False,False
2016-11-23,0.0,0.0,0.0,0.0,0.0,0.0,0.0,0.0,0.0,0.0,0.0,0.0,0.0,0.0,0.0,0.0,0.0,0.0,0.0,0.0,0.0,0.0,0.0,0.0,0.0,0.0,0.0,0.0,0.0,0.0,False,False
2016-11-25,0.0,0.0,0.0,0.0,0.0,0.0,0.0,0.0,0.0,0.0,0.0,0.0,0.0,0.0,0.0,0.0,0.0,0.0,0.0,0.0,0.0,0.0,0.0,0.0,0.0,0.0,0.0,0.0,0.0,0.0,False,False
2016-11-28,0.0,0.0,0.0,0.0,0.0,0.0,0.0,0.0,0.0,0.0,0.0,0.0,0.0,0.0,0.0,0.0,0.0,0.0,0.0,0.0,0.0,0.0,0.0,0.0,0.0,0.0,0.0,0.0,0.0,0.0,False,False
2016-11-29,0.0,0.0,0.0,0.0,0.0,0.0,0.0,0.0,0.0,0.0,0.0,0.0,0.0,0.0,0.0,0.0,0.0,0.0,0.0,0.0,0.0,0.0,0.0,0.0,0.0,0.0,0.0,0.0,0.0,0.0,False,False
2016-11-30,0.0,0.0,0.0,0.0,0.0,0.0,0.0,0.0,0.0,0.0,0.0,0.0,0.0,0.0,0.0,0.0,0.0,0.0,0.0,0.0,0.0,0.0,0.0,0.0,0.0,0.0,0.0,0.0,0.0,0.0,False,False
2016-12-01,0.0,0.0,0.0,0.0,0.0,0.0,0.0,0.0,0.0,0.0,0.0,0.0,0.0,0.0,0.0,0.0,0.0,0.0,0.0,0.0,0.0,0.0,0.0,0.0,0.0,0.0,0.0,0.0,0.0,0.0,False,False
2016-12-02,0.0,0.0,0.0,0.0,0.0,0.0,0.0,0.0,0.0,0.0,0.0,0.0,0.0,0.0,0.0,0.0,0.0,0.0,0.0,0.0,0.0,0.0,0.0,0.0,0.0,0.0,0.0,0.0,0.0,0.0,False,False
2016-12-05,0.0,0.0,0.0,0.0,0.0,0.0,0.0,0.0,0.0,0.0,0.0,0.0,0.0,0.0,0.0,0.0,0.0,0.0,0.0,0.0,0.0,0.0,0.0,0.0,0.0,0.0,0.0,0.0,0.0,0.0,False,False
2016-12-06,0.0,0.0,0.0,0.0,0.0,0.0,0.0,0.0,0.0,0.0,0.0,0.0,0.0,0.0,0.0,0.0,0.0,0.0,0.0,0.0,0.0,0.0,0.0,0.0,0.0,0.0,0.0,0.0,0.0,0.0,False,False
2016-12-07,0.0,0.0,0.0,0.0,0.0,0.0,0.0,0.0,0.0,0.0,0.0,0.0,0.0,0.0,0.0,0.0,0.0,0.0,0.0,0.0,0.0,0.0,0.0,0.0,0.0,0.0,0.0,0.0,0.0,0.0,False,False
2016-12-08,0.0,0.0,0.0,0.0,0.0,0.0,0.0,0.0,0.0,0.0,0.0,0.0,0.0,0.0,0.0,0.0,0.0,0.0,0.0,0.0,0.0,0.0,0.0,0.0,0.0,0.0,0.0,0.0,0.0,0.0,False,False
2016-12-09,0.0,0.0,0.0,0.0,0.0,0.0,0.0,0.0,0.0,0.0,0.0,0.0,0.0,0.0,0.0,0.0,0.0,0.0,0.0,0.0,0.0,0.0,0.0,0.0,0.0,0.0,0.0,0.0,0.0,0.0,False,False
2016-12-12,0.0,0.0,0.0,0.0,0.0,0.0,0.0,0.0,0.0,0.0,0.0,0.0,0.0,0.0,0.0,0.0,0.0,0.0,0.0,0.0,0.0,0.0,0.0,0.0,0.0,0.0,0.0,0.0,0.0,0.0,False,False
2016-12-13,0.0,0.0,0.0,0.0,0.0,0.0,0.0,0.0,0.0,0.0,0.0,0.0,0.0,0.0,0.0,0.0,0.0,0.0,0.0,0.0,0.0,0.0,0.0,0.0,0.0,0.0,0.0,0.0,0.0,0.0,False,False
2016-12-14,0.0,0.0,0.0,0.0,0.0,0.0,0.0,0.0,0.0,0.0,0.0,0.0,0.0,0.0,0.0,0.0,0.0,0.0,0.0,0.0,0.0,0.0,0.0,0.0,0.0,0.0,0.0,0.0,0.0,0.0,False,False
2016-12-15,0.0,0.0,0.0,0.0,0.0,0.0,0.0,0.0,0.0,0.0,0.0,0.0,0.0,0.0,0.0,0.0,0.0,0.0,0.0,0.0,0.0,0.0,0.0,0.0,0.0,0.0,0.0,0.0,0.0,0.0,False,False
2016-12-16,0.0,0.0,0.0,0.0,0.0,0.0,0.0,0.0,0.0,0.0,0.0,0.0,0.0,0.0,0.0,0.0,0.0,0.0,0.0,0.0,0.0,0.0,0.0,0.0,0.0,0.0,0.0,0.0,0.0,0.0,False,False
2016-12-19,0.0,0.0,0.0,0.0,0.0,0.0,0.0,0.0,0.0,0.0,0.0,0.0,0.0,0.0,0.0,0.0,0.0,0.0,0.0,0.0,0.0,0.0,0.0,0.0,0.0,0.0,0.0,0.0,0.0,0.0,False,False
2016-12-20,0.0,0.0,0.0,0.0,0.0,0.0,0.0,0.0,0.0,0.0,0.0,0.0,0.0,0.0,0.0,0.0,0.0,0.0,0.0,0.0,0.0,0.0,0.0,0.0,0.0,0.0,0.0,0.0,0.0,0.0,False,False
2016-12-21,0.0,0.0,0.0,0.0,0.0,0.0,0.0,0.0,0.0,0.0,0.0,0.0,0.0,0.0,0.0,0.0,0.0,0.0,0.0,0.0,0.0,0.0,0.0,0.0,0.0,0.0,0.0,0.0,0.0,0.0,False,False
2016-12-22,0.0,0.0,0.0,0.0,0.0,0.0,0.0,0.0,0.0,0.0,0.0,0.0,0.0,0.0,0.0,0.0,0.0,0.0,0.0,0.0,0.0,0.0,0.0,0.0,0.0,0.0,0.0,0.0,0.0,0.0,False,False
2016-12-23,0.0,0.0,0.0,0.0,0.0,0.0,0.0,0.0,0.0,0.0,0.0,0.0,0.0,0.0,0.0,0.0,0.0,0.0,0.0,0.0,0.0,0.0,0.0,0.0,0.0,0.0,0.0,0.0,0.0,0.0,False,False
2016-12-27,0.0,0.0,0.0,0.0,0.0,0.0,0.0,0.0,0.0,0.0,0.0,0.0,0.0,0.0,0.0,0.0,0.0,0.0,0.0,0.0,0.0,0.0,0.0,0.0,0.0,0.0,0.0,0.0,0.0,0.0,False,False
2016-12-28,0.0,0.0,0.0,0.0,0.0,0.0,0.0,0.0,0.0,0.0,0.0,0.0,0.0,0.0,0.0,0.0,0.0,0.0,0.0,0.0,0.0,0.0,0.0,0.0,0.0,0.0,0.0,0.0,0.0,0.0,False,False
2016-12-29,0.0,0.0,0.0,0.0,0.0,0.0,0.0,0.0,0.0,0.0,0.0,0.0,0.0,0.0,0.0,0.0,0.0,0.0,0.0,0.0,0.0,0.0,0.0,0.0,0.0,0.0,0.0,0.0,0.0,0.0,False,False
2016-12-30,0.0,0.0,0.0,0.0,0.0,0.0,0.0,0.0,0.0,0.0,0.0,0.0,0.0,0.0,0.0,0.0,0.0,0.0,0.0,0.0,0.0,0.0,0.0,0.0,0.0,0.0,0.0,0.0,0.0,0.0,False,False
2017-01-03,0.0,0.0,0.0,0.0,0.0,0.0,0.0,0.0,0.0,0.0,0.0,0.0,0.0,0.0,0.0,0.0,0.0,0.0,0.0,0.0,0.0,0.0,0.0,0.0,0.0,0.0,0.0,0.0,0.0,0.0,False,False
2017-01-04,0.0,0.0,0.0,0.0,0.0,0.0,0.0,0.0,0.0,0.0,0.0,0.0,0.0,0.0,0.0,0.0,0.0,0.0,0.0,0.0,0.0,0.0,0.0,0.0,0.0,0.0,0.0,0.0,0.0,0.0,False,False
2017-01-05,0.0,0.0,0.0,0.0,0.0,0.0,0.0,0.0,0.0,0.0,0.0,0.0,0.0,0.0,0.0,0.0,0.0,0.0,0.0,0.0,0.0,0.0,0.0,0.0,0.0,0.0,0.0,0.0,0.0,0.0,False,False
2017-01-06,0.0,0.0,0.0,0.0,0.0,0.0,0.0,0.0,0.0,0.0,0.0,0.0,0.0,0.0,0.0,0.0,0.0,0.0,0.0,0.0,0.0,0.0,0.0,0.0,0.0,0.0,0.0,0.0,0.0,0.0,False,False
2017-01-09,0.0,0.0,0.0,0.0,0.0,0.0,0.0,0.0,0.0,0.0,0.0,0.0,0.0,0.0,0.0,0.0,0.0,0.0,0.0,0.0,0.0,0.0,0.0,0.0,0.0,0.0,0.0,0.0,0.0,0.0,False,False
2017-01-10,0.0,0.0,0.0,0.0,0.0,0.0,0.0,0.0,0.0,0.0,0.0,0.0,0.0,0.0,0.0,0.0,0.0,0.0,0.0,0.0,0.0,0.0,0.0,0.0,0.0,0.0,0.0,0.0,0.0,0.0,False,False
2017-01-11,0.0,0.0,0.0,0.0,0.0,0.0,0.0,0.0,0.0,0.0,0.0,0.0,0.0,0.0,0.0,0.0,0.0,0.0,0.0,0.0,0.0,0.0,0.0,0.0,0.0,0.0,0.0,0.0,0.0,0.0,False,False
2017-01-12,0.0,0.0,0.0,0.0,0.0,0.0,0.0,0.0,0.0,0.0,0.0,0.0,0.0,0.0,0.0,0.0,0.0,0.0,0.0,0.0,0.0,0.0,0.0,0.0,0.0,0.0,0.0,0.0,0.0,0.0,False,False
2017-01-13,0.0,0.0,0.0,0.0,0.0,0.0,0.0,0.0,0.0,0.0,0.0,0.0,0.0,0.0,0.0,0.0,0.0,0.0,0.0,0.0,0.0,0.0,0.0,0.0,0.0,0.0,0.0,0.0,0.0,0.0,False,False
2017-01-17,0.0,0.0,0.0,0.0,0.0,0.0,0.0,0.0,0.0,0.0,0.0,0.0,0.0,0.0,0.0,0.0,0.0,0.0,0.0,0.0,0.0,0.0,0.0,0.0,0.0,0.0,0.0,0.0,0.0,0.0,False,False
2017-01-18,0.0,0.0,0.0,0.0,0.0,0.0,0.0,0.0,0.0,0.0,0.0,0.0,0.0,0.0,0.0,0.0,0.0,0.0,0.0,0.0,0.0,0.0,0.0,0.0,0.0,0.0,0.0,0.0,0.0,0.0,False,False
2017-01-19,0.0,0.0,0.0,0.0,0.0,0.0,0.0,0.0,0.0,0.0,0.0,0.0,0.0,0.0,0.0,0.0,0.0,0.0,0.0,0.0,0.0,0.0,0.0,0.0,0.0,0.0,0.0,0.0,0.0,0.0,False,False
2017-01-20,0.0,0.0,0.0,0.0,0.0,0.0,0.0,0.0,0.0,0.0,0.0,0.0,0.0,0.0,0.0,0.0,0.0,0.0,0.0,0.0,0.0,0.0,0.0,0.0,0.0,0.0,0.0,0.0,0.0,0.0,False,False
2017-01-23,0.0,0.0,0.0,0.0,0.0,0.0,0.0,0.0,0.0,0.0,0.0,0.0,0.0,0.0,0.0,0.0,0.0,0.0,0.0,0.0,0.0,0.0,0.0,0.0,0.0,0.0,0.0,0.0,0.0,0.0,False,False
2017-01-24,0.0,0.0,0.0,0.0,0.0,0.0,0.0,0.0,0.0,0.0,0.0,0.0,0.0,0.0,0.0,0.0,0.0,0.0,0.0,0.0,0.0,0.0,0.0,0.0,0.0,0.0,0.0,0.0,0.0,0.0,False,False
2017-01-25,0.0,0.0,0.0,0.0,0.0,0.0,0.0,0.0,0.0,0.0,0.0,0.0,0.0,0.0,0.0,0.0,0.0,0.0,0.0,0.0,0.0,0.0,0.0,0.0,0.0,0.0,0.0,0.0,0.0,0.0,False,False
2017-01-26,0.0,0.0,0.0,0.0,0.0,0.0,0.0,0.0,0.0,0.0,0.0,0.0,0.0,0.0,0.0,0.0,0.0,0.0,0.0,0.0,0.0,0.0,0.0,0.0,0.0,0.0,0.0,0.0,0.0,0.0,False,False
2017-01-27,0.0,0.0,0.0,0.0,0.0,0.0,0.0,0.0,0.0,0.0,0.0,0.0,0.0,0.0,0.0,0.0,0.0,0.0,0.0,0.0,0.0,0.0,0.0,0.0,0.0,0.0,0.0,0.0,0.0,0.0,False,False
2017-01-30,0.0,0.0,0.0,0.0,0.0,0.0,0.0,0.0,0.0,0.0,0.0,0.0,0.0,0.0,0.0,0.0,0.0,0.0,0.0,0.0,0.0,0.0,0.0,0.0,0.0,0.0,0.0,0.0,0.0,0.0,False,False
2017-01-31,0.0,0.0,0.0,0.0,0.0,0.0,0.0,0.0,0.0,0.0,0.0,0.0,0.0,0.0,0.0,0.0,0.0,0.0,0.0,0.0,0.0,0.0,0.0,0.0,0.0,0.0,0.0,0.0,0.0,0.0,False,False
2017-02-01,0.0,0.0,0.0,0.0,0.0,0.0,0.0,0.0,0.0,0.0,0.0,0.0,0.0,0.0,0.0,0.0,0.0,0.0,0.0,0.0,0.0,0.0,0.0,0.0,0.0,0.0,0.0,0.0,0.0,0.0,False,False
2017-02-02,0.0,0.0,0.0,0.0,0.0,0.0,0.0,0.0,0.0,0.0,0.0,0.0,0.0,0.0,0.0,0.0,0.0,0.0,0.0,0.0,0.0,0.0,0.0,0.0,0.0,0.0,0.0,0.0,0.0,0.0,False,False
2017-02-03,0.0,0.0,0.0,0.0,0.0,0.0,0.0,0.0,0.0,0.0,0.0,0.0,0.0,0.0,0.0,0.0,0.0,0.0,0.0,0.0,0.0,0.0,0.0,0.0,0.0,0.0,0.0,0.0,0.0,0.0,False,False
2017-02-06,0.0,0.0,0.0,0.0,0.0,0.0,0.0,0.0,0.0,0.0,0.0,0.0,0.0,0.0,0.0,0.0,0.0,0.0,0.0,0.0,0.0,0.0,0.0,0.0,0.0,0.0,0.0,0.0,0.0,0.0,False,False
2017-02-07,0.0,0.0,0.0,0.0,0.0,0.0,0.0,0.0,0.0,0.0,0.0,0.0,0.0,0.0,0.0,0.0,0.0,0.0,0.0,0.0,0.0,0.0,0.0,0.0,0.0,0.0,0.0,0.0,0.0,0.0,False,False
2017-02-08,0.0,0.0,0.0,0.0,0.0,0.0,0.0,0.0,0.0,0.0,0.0,0.0,0.0,0.0,0.0,0.0,0.0,0.0,0.0,0.0,0.0,0.0,0.0,0.0,0.0,0.0,0.0,0.0,0.0,0.0,False,False
2017-02-09,0.0,0.0,0.0,0.0,0.0,0.0,0.0,0.0,0.0,0.0,0.0,0.0,0.0,0.0,0.0,0.0,0.0,0.0,0.0,0.0,0.0,0.0,0.0,0.0,0.0,0.0,0.0,0.0,0.0,0.0,False,False
2017-02-10,0.0,0.0,0.0,0.0,0.0,0.0,0.0,0.0,0.0,0.0,0.0,0.0,0.0,0.0,0.0,0.0,0.0,0.0,0.0,0.0,0.0,0.0,0.0,0.0,0.0,0.0,0.0,0.0,0.0,0.0,False,False
2017-02-13,0.0,0.0,0.0,0.0,0.0,0.0,0.0,0.0,0.0,0.0,0.0,0.0,0.0,0.0,0.0,0.0,0.0,0.0,0.0,0.0,0.0,0.0,0.0,0.0,0.0,0.0,0.0,0.0,0.0,0.0,False,False
2017-02-14,0.0,0.0,0.0,0.0,0.0,0.0,0.0,0.0,0.0,0.0,0.0,0.0,0.0,0.0,0.0,0.0,0.0,0.0,0.0,0.0,0.0,0.0,0.0,0.0,0.0,0.0,0.0,0.0,0.0,0.0,False,False
2017-02-15,0.0,0.0,0.0,0.0,0.0,0.0,0.0,0.0,0.0,0.0,0.0,0.0,0.0,0.0,0.0,0.0,0.0,0.0,0.0,0.0,0.0,0.0,0.0,0.0,0.0,0.0,0.0,0.0,0.0,0.0,False,False
2017-02-16,0.0,0.0,0.0,0.0,0.0,0.0,0.0,0.0,0.0,0.0,0.0,0.0,0.0,0.0,0.0,0.0,0.0,0.0,0.0,0.0,0.0,0.0,0.0,0.0,0.0,0.0,0.0,0.0,0.0,0.0,False,False
2017-02-17,0.0,0.0,0.0,0.0,0.0,0.0,0.0,0.0,0.0,0.0,0.0,0.0,0.0,0.0,0.0,0.0,0.0,0.0,0.0,0.0,0.0,0.0,0.0,0.0,0.0,0.0,0.0,0.0,0.0,0.0,False,False
2017-02-21,0.0,0.0,0.0,0.0,0.0,0.0,0.0,0.0,0.0,0.0,0.0,0.0,0.0,0.0,0.0,0.0,0.0,0.0,0.0,0.0,0.0,0.0,0.0,0.0,0.0,0.0,0.0,0.0,0.0,0.0,False,False
2017-02-22,0.0,0.0,0.0,0.0,0.0,0.0,0.0,0.0,0.0,0.0,0.0,0.0,0.0,0.0,0.0,0.0,0.0,0.0,0.0,0.0,0.0,0.0,0.0,0.0,0.0,0.0,0.0,0.0,0.0,0.0,False,False
2017-02-23,0.0,0.0,0.0,0.0,0.0,0.0,0.0,0.0,0.0,0.0,0.0,0.0,0.0,0.0,0.0,0.0,0.0,0.0,0.0,0.0,0.0,0.0,0.0,0.0,0.0,0.0,0.0,0.0,0.0,0.0,False,False
2017-02-24,0.0,0.0,0.0,0.0,0.0,0.0,0.0,0.0,0.0,0.0,0.0,0.0,0.0,0.0,0.0,0.0,0.0,0.0,0.0,0.0,0.0,0.0,0.0,0.0,0.0,0.0,0.0,0.0,0.0,0.0,False,False
2017-02-27,0.0,0.0,0.0,0.0,0.0,0.0,0.0,0.0,0.0,0.0,0.0,0.0,0.0,0.0,0.0,0.0,0.0,0.0,0.0,0.0,0.0,0.0,0.0,0.0,0.0,0.0,0.0,0.0,0.0,0.0,False,False
2017-02-28,0.0,0.0,0.0,0.0,0.0,0.0,0.0,0.0,0.0,0.0,0.0,0.0,0.0,0.0,0.0,0.0,0.0,0.0,0.0,0.0,0.0,0.0,0.0,0.0,0.0,0.0,0.0,0.0,0.0,0.0,False,False
2017-03-01,0.0,0.0,0.0,0.0,0.0,0.0,0.0,0.0,0.0,0.0,0.0,0.0,0.0,0.0,0.0,0.0,0.0,0.0,0.0,0.0,0.0,0.0,0.0,0.0,0.0,0.0,0.0,0.0,0.0,0.0,False,False
2017-03-02,0.0,0.0,0.0,0.0,0.0,0.0,0.0,0.0,0.0,0.0,0.0,0.0,0.0,0.0,0.0,0.0,0.0,0.0,0.0,0.0,0.0,0.0,0.0,0.0,0.0,0.0,0.0,0.0,0.0,0.0,False,False
2017-03-03,0.0,0.0,0.0,0.0,0.0,0.0,0.0,0.0,0.0,0.0,0.0,0.0,0.0,0.0,0.0,0.0,0.0,0.0,0.0,0.0,0.0,0.0,0.0,0.0,0.0,0.0,0.0,0.0,0.0,0.0,False,False
2017-03-06,0.0,0.0,0.0,0.0,0.0,0.0,0.0,0.0,0.0,0.0,0.0,0.0,0.0,0.0,0.0,0.0,0.0,0.0,0.0,0.0,0.0,0.0,0.0,0.0,0.0,0.0,0.0,0.0,0.0,0.0,False,False
2017-03-07,0.0,0.0,0.0,0.0,0.0,0.0,0.0,0.0,0.0,0.0,0.0,0.0,0.0,0.0,0.0,0.0,0.0,0.0,0.0,0.0,0.0,0.0,0.0,0.0,0.0,0.0,0.0,0.0,0.0,0.0,False,False
2017-03-08,0.0,0.0,0.0,0.0,0.0,0.0,0.0,0.0,0.0,0.0,0.0,0.0,0.0,0.0,0.0,0.0,0.0,0.0,0.0,0.0,0.0,0.0,0.0,0.0,0.0,0.0,0.0,0.0,0.0,0.0,False,False
2017-03-09,0.0,0.0,0.0,0.0,0.0,0.0,0.0,0.0,0.0,0.0,0.0,0.0,0.0,0.0,0.0,0.0,0.0,0.0,0.0,0.0,0.0,0.0,0.0,0.0,0.0,0.0,0.0,0.0,0.0,0.0,False,False
2017-03-10,0.0,0.0,0.0,0.0,0.0,0.0,0.0,0.0,0.0,0.0,0.0,0.0,0.0,0.0,0.0,0.0,0.0,0.0,0.0,0.0,0.0,0.0,0.0,0.0,0.0,0.0,0.0,0.0,0.0,0.0,False,False
2017-03-13,0.0,0.0,0.0,0.0,0.0,0.0,0.0,0.0,0.0,0.0,0.0,0.0,0.0,0.0,0.0,0.0,0.0,0.0,0.0,0.0,0.0,0.0,0.0,0.0,0.0,0.0,0.0,0.0,0.0,0.0,False,False
2017-03-14,0.0,0.0,0.0,0.0,0.0,0.0,0.0,0.0,0.0,0.0,0.0,0.0,0.0,0.0,0.0,0.0,0.0,0.0,0.0,0.0,0.0,0.0,0.0,0.0,0.0,0.0,0.0,0.0,0.0,0.0,False,False
2017-03-15,0.0,0.0,0.0,0.0,0.0,0.0,0.0,0.0,0.0,0.0,0.0,0.0,0.0,0.0,0.0,0.0,0.0,0.0,0.0,0.0,0.0,0.0,0.0,0.0,0.0,0.0,0.0,0.0,0.0,0.0,False,False
2017-03-16,0.0,0.0,0.0,0.0,0.0,0.0,0.0,0.0,0.0,0.0,0.0,0.0,0.0,0.0,0.0,0.0,0.0,0.0,0.0,0.0,0.0,0.0,0.0,0.0,0.0,0.0,0.0,0.0,0.0,0.0,False,False
2017-03-17,0.0,0.0,0.0,0.0,0.0,0.0,0.0,0.0,0.0,0.0,0.0,0.0,0.0,0.0,0.0,0.0,0.0,0.0,0.0,0.0,0.0,0.0,0.0,0.0,0.0,0.0,0.0,0.0,0.0,0.0,False,False
2017-03-20,0.0,0.0,0.0,0.0,0.0,0.0,0.0,0.0,0.0,0.0,0.0,0.0,0.0,0.0,0.0,0.0,0.0,0.0,0.0,0.0,0.0,0.0,0.0,0.0,0.0,0.0,0.0,0.0,0.0,0.0,False,False
2017-03-21,0.0,0.0,0.0,0.0,0.0,0.0,0.0,0.0,0.0,0.0,0.0,0.0,0.0,0.0,0.0,0.0,0.0,0.0,0.0,0.0,0.0,0.0,0.0,0.0,0.0,0.0,0.0,0.0,0.0,0.0,False,False
2017-03-22,0.0,0.0,0.0,0.0,0.0,0.0,0.0,0.0,0.0,0.0,0.0,0.0,0.0,0.0,0.0,0.0,0.0,0.0,0.0,0.0,0.0,0.0,0.0,0.0,0.0,0.0,0.0,0.0,0.0,0.0,False,False
2017-03-23,0.0,0.0,0.0,0.0,0.0,0.0,0.0,0.0,0.0,0.0,0.0,0.0,0.0,0.0,0.0,0.0,0.0,0.0,0.0,0.0,0.0,0.0,0.0,0.0,0.0,0.0,0.0,0.0,0.0,0.0,False,False
2017-03-24,0.0,0.0,0.0,0.0,0.0,0.0,0.0,0.0,0.0,0.0,0.0,0.0,0.0,0.0,0.0,0.0,0.0,0.0,0.0,0.0,0.0,0.0,0.0,0.0,0.0,0.0,0.0,0.0,0.0,0.0,False,False
2017-03-27,0.0,0.0,0.0,0.0,0.0,0.0,0.0,0.0,0.0,0.0,0.0,0.0,0.0,0.0,0.0,0.0,0.0,0.0,0.0,0.0,0.0,0.0,0.0,0.0,0.0,0.0,0.0,0.0,0.0,0.0,False,False
2017-03-28,0.0,0.0,0.0,0.0,0.0,0.0,0.0,0.0,0.0,0.0,0.0,0.0,0.0,0.0,0.0,0.0,0.0,0.0,0.0,0.0,0.0,0.0,0.0,0.0,0.0,0.0,0.0,0.0,0.0,0.0,False,False
2017-03-29,0.0,0.0,0.0,0.0,0.0,0.0,0.0,0.0,0.0,0.0,0.0,0.0,0.0,0.0,0.0,0.0,0.0,0.0,0.0,0.0,0.0,0.0,0.0,0.0,0.0,0.0,0.0,0.0,0.0,0.0,False,False
2017-03-30,0.0,0.0,0.0,0.0,0.0,0.0,0.0,0.0,0.0,0.0,0.0,0.0,0.0,0.0,0.0,0.0,0.0,0.0,0.0,0.0,0.0,0.0,0.0,0.0,0.0,0.0,0.0,0.0,0.0,0.0,False,False
2017-03-31,0.0,0.0,0.0,0.0,0.0,0.0,0.0,0.0,0.0,0.0,0.0,0.0,0.0,0.0,0.0,0.0,0.0,0.0,0.0,0.0,0.0,0.0,0.0,0.0,0.0,0.0,0.0,0.0,0.0,0.0,False,False
2017-04-03,0.0,0.0,0.0,0.0,0.0,0.0,0.0,0.0,0.0,0.0,0.0,0.0,0.0,0.0,0.0,0.0,0.0,0.0,0.0,0.0,0.0,0.0,0.0,0.0,0.0,0.0,0.0,0.0,0.0,0.0,False,False
2017-04-04,0.0,0.0,0.0,0.0,0.0,0.0,0.0,0.0,0.0,0.0,0.0,0.0,0.0,0.0,0.0,0.0,0.0,0.0,0.0,0.0,0.0,0.0,0.0,0.0,0.0,0.0,0.0,0.0,0.0,0.0,False,False
2017-04-05,0.0,0.0,0.0,0.0,0.0,0.0,0.0,0.0,0.0,0.0,0.0,0.0,0.0,0.0,0.0,0.0,0.0,0.0,0.0,0.0,0.0,0.0,0.0,0.0,0.0,0.0,0.0,0.0,0.0,0.0,False,False
2017-04-06,0.0,0.0,0.0,0.0,0.0,0.0,0.0,0.0,0.0,0.0,0.0,0.0,0.0,0.0,0.0,0.0,0.0,0.0,0.0,0.0,0.0,0.0,0.0,0.0,0.0,0.0,0.0,0.0,0.0,0.0,False,False
2017-04-07,0.0,0.0,0.0,0.0,0.0,0.0,0.0,0.0,0.0,0.0,0.0,0.0,0.0,0.0,0.0,0.0,0.0,0.0,0.0,0.0,0.0,0.0,0.0,0.0,0.0,0.0,0.0,0.0,0.0,0.0,False,False
2017-04-10,0.0,0.0,0.0,0.0,0.0,0.0,0.0,0.0,0.0,0.0,0.0,0.0,0.0,0.0,0.0,0.0,0.0,0.0,0.0,0.0,0.0,0.0,0.0,0.0,0.0,0.0,0.0,0.0,0.0,0.0,False,False
2017-04-11,0.0,0.0,0.0,0.0,0.0,0.0,0.0,0.0,0.0,0.0,0.0,0.0,0.0,0.0,0.0,0.0,0.0,0.0,0.0,0.0,0.0,0.0,0.0,0.0,0.0,0.0,0.0,0.0,0.0,0.0,False,False
2017-04-12,0.0,0.0,0.0,0.0,0.0,0.0,0.0,0.0,0.0,0.0,0.0,0.0,0.0,0.0,0.0,0.0,0.0,0.0,0.0,0.0,0.0,0.0,0.0,0.0,0.0,0.0,0.0,0.0,0.0,0.0,False,False
2017-04-13,0.0,0.0,0.0,0.0,0.0,0.0,0.0,0.0,0.0,0.0,0.0,0.0,0.0,0.0,0.0,0.0,0.0,0.0,0.0,0.0,0.0,0.0,0.0,0.0,0.0,0.0,0.0,0.0,0.0,0.0,False,False
2017-04-17,0.0,0.0,0.0,0.0,0.0,0.0,0.0,0.0,0.0,0.0,0.0,0.0,0.0,0.0,0.0,0.0,0.0,0.0,0.0,0.0,0.0,0.0,0.0,0.0,0.0,0.0,0.0,0.0,0.0,0.0,False,False
2017-04-18,0.0,0.0,0.0,0.0,0.0,0.0,0.0,0.0,0.0,0.0,0.0,0.0,0.0,0.0,0.0,0.0,0.0,0.0,0.0,0.0,0.0,0.0,0.0,0.0,0.0,0.0,0.0,0.0,0.0,0.0,False,False
2017-04-19,0.0,0.0,0.0,0.0,0.0,0.0,0.0,0.0,0.0,0.0,0.0,0.0,0.0,0.0,0.0,0.0,0.0,0.0,0.0,0.0,0.0,0.0,0.0,0.0,0.0,0.0,0.0,0.0,0.0,0.0,False,False
2017-04-20,0.0,0.0,0.0,0.0,0.0,0.0,0.0,0.0,0.0,0.0,0.0,0.0,0.0,0.0,0.0,0.0,0.0,0.0,0.0,0.0,0.0,0.0,0.0,0.0,0.0,0.0,0.0,0.0,0.0,0.0,False,False
2017-04-21,0.0,0.0,0.0,0.0,0.0,0.0,0.0,0.0,0.0,0.0,0.0,0.0,0.0,0.0,0.0,0.0,0.0,0.0,0.0,0.0,0.0,0.0,0.0,0.0,0.0,0.0,0.0,0.0,0.0,0.0,False,False
2017-04-24,0.0,0.0,0.0,0.0,0.0,0.0,0.0,0.0,0.0,0.0,0.0,0.0,0.0,0.0,0.0,0.0,0.0,0.0,0.0,0.0,0.0,0.0,0.0,0.0,0.0,0.0,0.0,0.0,0.0,0.0,False,False
2017-04-25,0.0,0.0,0.0,0.0,0.0,0.0,0.0,0.0,0.0,0.0,0.0,0.0,0.0,0.0,0.0,0.0,0.0,0.0,0.0,0.0,0.0,0.0,0.0,0.0,0.0,0.0,0.0,0.0,0.0,0.0,False,False
2017-04-26,0.0,0.0,0.0,0.0,0.0,0.0,0.0,0.0,0.0,0.0,0.0,0.0,0.0,0.0,0.0,0.0,0.0,0.0,0.0,0.0,0.0,0.0,0.0,0.0,0.0,0.0,0.0,0.0,0.0,0.0,False,False
2017-04-27,0.0,0.0,0.0,0.0,0.0,0.0,0.0,0.0,0.0,0.0,0.0,0.0,0.0,0.0,0.0,0.0,0.0,0.0,0.0,0.0,0.0,0.0,0.0,0.0,0.0,0.0,0.0,0.0,0.0,0.0,False,False
2017-04-28,0.0,0.0,0.0,0.0,0.0,0.0,0.0,0.0,0.0,0.0,0.0,0.0,0.0,0.0,0.0,0.0,0.0,0.0,0.0,0.0,0.0,0.0,0.0,0.0,0.0,0.0,0.0,0.0,0.0,0.0,False,False
2017-05-01,0.0,0.0,0.0,0.0,0.0,0.0,0.0,0.0,0.0,0.0,0.0,0.0,0.0,0.0,0.0,0.0,0.0,0.0,0.0,0.0,0.0,0.0,0.0,0.0,0.0,0.0,0.0,0.0,0.0,0.0,False,False
2017-05-02,0.0,0.0,0.0,0.0,0.0,0.0,0.0,0.0,0.0,0.0,0.0,0.0,0.0,0.0,0.0,0.0,0.0,0.0,0.0,0.0,0.0,0.0,0.0,0.0,0.0,0.0,0.0,0.0,0.0,0.0,False,False
2017-05-03,0.0,0.0,0.0,0.0,0.0,0.0,0.0,0.0,0.0,0.0,0.0,0.0,0.0,0.0,0.0,0.0,0.0,0.0,0.0,0.0,0.0,0.0,0.0,0.0,0.0,0.0,0.0,0.0,0.0,0.0,False,False
2017-05-04,0.0,0.0,0.0,0.0,0.0,0.0,0.0,0.0,0.0,0.0,0.0,0.0,0.0,0.0,0.0,0.0,0.0,0.0,0.0,0.0,0.0,0.0,0.0,0.0,0.0,0.0,0.0,0.0,0.0,0.0,False,False
2017-05-05,0.0,0.0,0.0,0.0,0.0,0.0,0.0,0.0,0.0,0.0,0.0,0.0,0.0,0.0,0.0,0.0,0.0,0.0,0.0,0.0,0.0,0.0,0.0,0.0,0.0,0.0,0.0,0.0,0.0,0.0,False,False
2017-05-08,0.0,0.0,0.0,0.0,0.0,0.0,0.0,0.0,0.0,0.0,0.0,0.0,0.0,0.0,0.0,0.0,0.0,0.0,0.0,0.0,0.0,0.0,0.0,0.0,0.0,0.0,0.0,0.0,0.0,0.0,False,False
2017-05-09,0.0,0.0,0.0,0.0,0.0,0.0,0.0,0.0,0.0,0.0,0.0,0.0,0.0,0.0,0.0,0.0,0.0,0.0,0.0,0.0,0.0,0.0,0.0,0.0,0.0,0.0,0.0,0.0,0.0,0.0,False,False
2017-05-10,0.0,0.0,0.0,0.0,0.0,0.0,0.0,0.0,0.0,0.0,0.0,0.0,0.0,0.0,0.0,0.0,0.0,0.0,0.0,0.0,0.0,0.0,0.0,0.0,0.0,0.0,0.0,0.0,0.0,0.0,False,False
2017-05-11,0.0,0.0,0.0,0.0,0.0,0.0,0.0,0.0,0.0,0.0,0.0,0.0,0.0,0.0,0.0,0.0,0.0,0.0,0.0,0.0,0.0,0.0,0.0,0.0,0.0,0.0,0.0,0.0,0.0,0.0,False,False
2017-05-12,0.0,0.0,0.0,0.0,0.0,0.0,0.0,0.0,0.0,0.0,0.0,0.0,0.0,0.0,0.0,0.0,0.0,0.0,0.0,0.0,0.0,0.0,0.0,0.0,0.0,0.0,0.0,0.0,0.0,0.0,False,False
2017-05-15,0.0,0.0,0.0,0.0,0.0,0.0,0.0,0.0,0.0,0.0,0.0,0.0,0.0,0.0,0.0,0.0,0.0,0.0,0.0,0.0,0.0,0.0,0.0,0.0,0.0,0.0,0.0,0.0,0.0,0.0,False,False
2017-05-16,0.0,0.0,0.0,0.0,0.0,0.0,0.0,0.0,0.0,0.0,0.0,0.0,0.0,0.0,0.0,0.0,0.0,0.0,0.0,0.0,0.0,0.0,0.0,0.0,0.0,0.0,0.0,0.0,0.0,0.0,False,False
2017-05-17,0.0,0.0,0.0,0.0,0.0,0.0,0.0,0.0,0.0,0.0,0.0,0.0,0.0,0.0,0.0,0.0,0.0,0.0,0.0,0.0,0.0,0.0,0.0,0.0,0.0,0.0,0.0,0.0,0.0,0.0,False,False
2017-05-18,0.0,0.0,0.0,0.0,0.0,0.0,0.0,0.0,0.0,0.0,0.0,0.0,0.0,0.0,0.0,0.0,0.0,0.0,0.0,0.0,0.0,0.0,0.0,0.0,0.0,0.0,0.0,0.0,0.0,0.0,False,False
2017-05-19,0.0,0.0,0.0,0.0,0.0,0.0,0.0,0.0,0.0,0.0,0.0,0.0,0.0,0.0,0.0,0.0,0.0,0.0,0.0,0.0,0.0,0.0,0.0,0.0,0.0,0.0,0.0,0.0,0.0,0.0,False,False
2017-05-22,0.0,0.0,0.0,0.0,0.0,0.0,0.0,0.0,0.0,0.0,0.0,0.0,0.0,0.0,0.0,0.0,0.0,0.0,0.0,0.0,0.0,0.0,0.0,0.0,0.0,0.0,0.0,0.0,0.0,0.0,False,False
2017-05-23,0.0,0.0,0.0,0.0,0.0,0.0,0.0,0.0,0.0,0.0,0.0,0.0,0.0,0.0,0.0,0.0,0.0,0.0,0.0,0.0,0.0,0.0,0.0,0.0,0.0,0.0,0.0,0.0,0.0,0.0,False,False
2017-05-24,0.0,0.0,0.0,0.0,0.0,0.0,0.0,0.0,0.0,0.0,0.0,0.0,0.0,0.0,0.0,0.0,0.0,0.0,0.0,0.0,0.0,0.0,0.0,0.0,0.0,0.0,0.0,0.0,0.0,0.0,False,False
2017-05-25,0.0,0.0,0.0,0.0,0.0,0.0,0.0,0.0,0.0,0.0,0.0,0.0,0.0,0.0,0.0,0.0,0.0,0.0,0.0,0.0,0.0,0.0,0.0,0.0,0.0,0.0,0.0,0.0,0.0,0.0,False,False
2017-05-26,0.0,0.0,0.0,0.0,0.0,0.0,0.0,0.0,0.0,0.0,0.0,0.0,0.0,0.0,0.0,0.0,0.0,0.0,0.0,0.0,0.0,0.0,0.0,0.0,0.0,0.0,0.0,0.0,0.0,0.0,False,False
2017-05-30,0.0,0.0,0.0,0.0,0.0,0.0,0.0,0.0,0.0,0.0,0.0,0.0,0.0,0.0,0.0,0.0,0.0,0.0,0.0,0.0,0.0,0.0,0.0,0.0,0.0,0.0,0.0,0.0,0.0,0.0,False,False
2017-05-31,0.0,0.0,0.0,0.0,0.0,0.0,0.0,0.0,0.0,0.0,0.0,0.0,0.0,0.0,0.0,0.0,0.0,0.0,0.0,0.0,0.0,0.0,0.0,0.0,0.0,0.0,0.0,0.0,0.0,0.0,False,False
2017-06-01,0.0,0.0,0.0,0.0,0.0,0.0,0.0,0.0,0.0,0.0,0.0,0.0,0.0,0.0,0.0,0.0,0.0,0.0,0.0,0.0,0.0,0.0,0.0,0.0,0.0,0.0,0.0,0.0,0.0,0.0,False,False
2017-06-02,0.0,0.0,0.0,0.0,0.0,0.0,0.0,0.0,0.0,0.0,0.0,0.0,0.0,0.0,0.0,0.0,0.0,0.0,0.0,0.0,0.0,0.0,0.0,0.0,0.0,0.0,0.0,0.0,0.0,0.0,False,False
2017-06-05,0.0,0.0,0.0,0.0,0.0,0.0,0.0,0.0,0.0,0.0,0.0,0.0,0.0,0.0,0.0,0.0,0.0,0.0,0.0,0.0,0.0,0.0,0.0,0.0,0.0,0.0,0.0,0.0,0.0,0.0,False,False
2017-06-06,0.0,0.0,0.0,0.0,0.0,0.0,0.0,0.0,0.0,0.0,0.0,0.0,0.0,0.0,0.0,0.0,0.0,0.0,0.0,0.0,0.0,0.0,0.0,0.0,0.0,0.0,0.0,0.0,0.0,0.0,False,False
2017-06-07,0.0,0.0,0.0,0.0,0.0,0.0,0.0,0.0,0.0,0.0,0.0,0.0,0.0,0.0,0.0,0.0,0.0,0.0,0.0,0.0,0.0,0.0,0.0,0.0,0.0,0.0,0.0,0.0,0.0,0.0,False,False
2017-06-08,0.0,0.0,0.0,0.0,0.0,0.0,0.0,0.0,0.0,0.0,0.0,0.0,0.0,0.0,0.0,0.0,0.0,0.0,0.0,0.0,0.0,0.0,0.0,0.0,0.0,0.0,0.0,0.0,0.0,0.0,False,False
2017-06-09,0.0,0.0,0.0,0.0,0.0,0.0,0.0,0.0,0.0,0.0,0.0,0.0,0.0,0.0,0.0,0.0,0.0,0.0,0.0,0.0,0.0,0.0,0.0,0.0,0.0,0.0,0.0,0.0,0.0,0.0,False,False
2017-06-12,0.0,0.0,0.0,0.0,0.0,0.0,0.0,0.0,0.0,0.0,0.0,0.0,0.0,0.0,0.0,0.0,0.0,0.0,0.0,0.0,0.0,0.0,0.0,0.0,0.0,0.0,0.0,0.0,0.0,0.0,False,False
2017-06-13,0.0,0.0,0.0,0.0,0.0,0.0,0.0,0.0,0.0,0.0,0.0,0.0,0.0,0.0,0.0,0.0,0.0,0.0,0.0,0.0,0.0,0.0,0.0,0.0,0.0,0.0,0.0,0.0,0.0,0.0,False,False
2017-06-14,0.0,0.0,0.0,0.0,0.0,0.0,0.0,0.0,0.0,0.0,0.0,0.0,0.0,0.0,0.0,0.0,0.0,0.0,0.0,0.0,0.0,0.0,0.0,0.0,0.0,0.0,0.0,0.0,0.0,0.0,False,False
2017-06-15,0.0,0.0,0.0,0.0,0.0,0.0,0.0,0.0,0.0,0.0,0.0,0.0,0.0,0.0,0.0,0.0,0.0,0.0,0.0,0.0,0.0,0.0,0.0,0.0,0.0,0.0,0.0,0.0,0.0,0.0,False,False
2017-06-16,0.0,0.0,0.0,0.0,0.0,0.0,0.0,0.0,0.0,0.0,0.0,0.0,0.0,0.0,0.0,0.0,0.0,0.0,0.0,0.0,0.0,0.0,0.0,0.0,0.0,0.0,0.0,0.0,0.0,0.0,False,False
2017-06-19,0.0,0.0,0.0,0.0,0.0,0.0,0.0,0.0,0.0,0.0,0.0,0.0,0.0,0.0,0.0,0.0,0.0,0.0,0.0,0.0,0.0,0.0,0.0,0.0,0.0,0.0,0.0,0.0,0.0,0.0,False,False
2017-06-20,0.0,0.0,0.0,0.0,0.0,0.0,0.0,0.0,0.0,0.0,0.0,0.0,0.0,0.0,0.0,0.0,0.0,0.0,0.0,0.0,0.0,0.0,0.0,0.0,0.0,0.0,0.0,0.0,0.0,0.0,False,False
2017-06-21,0.0,0.0,0.0,0.0,0.0,0.0,0.0,0.0,0.0,0.0,0.0,0.0,0.0,0.0,0.0,0.0,0.0,0.0,0.0,0.0,0.0,0.0,0.0,0.0,0.0,0.0,0.0,0.0,0.0,0.0,False,False
2017-06-22,0.0,0.0,0.0,0.0,0.0,0.0,0.0,0.0,0.0,0.0,0.0,0.0,0.0,0.0,0.0,0.0,0.0,0.0,0.0,0.0,0.0,0.0,0.0,0.0,0.0,0.0,0.0,0.0,0.0,0.0,False,False
2017-06-23,0.0,0.0,0.0,0.0,0.0,0.0,0.0,0.0,0.0,0.0,0.0,0.0,0.0,0.0,0.0,0.0,0.0,0.0,0.0,0.0,0.0,0.0,0.0,0.0,0.0,0.0,0.0,0.0,0.0,0.0,False,False
2017-06-26,0.0,0.0,0.0,0.0,0.0,0.0,0.0,0.0,0.0,0.0,0.0,0.0,0.0,0.0,0.0,0.0,0.0,0.0,0.0,0.0,0.0,0.0,0.0,0.0,0.0,0.0,0.0,0.0,0.0,0.0,False,False
2017-06-27,0.0,0.0,0.0,0.0,0.0,0.0,0.0,0.0,0.0,0.0,0.0,0.0,0.0,0.0,0.0,0.0,0.0,0.0,0.0,0.0,0.0,0.0,0.0,0.0,0.0,0.0,0.0,0.0,0.0,0.0,False,False
2017-06-28,0.0,0.0,0.0,0.0,0.0,0.0,0.0,0.0,0.0,0.0,0.0,0.0,0.0,0.0,0.0,0.0,0.0,0.0,0.0,0.0,0.0,0.0,0.0,0.0,0.0,0.0,0.0,0.0,0.0,0.0,False,False
2017-06-29,0.0,0.0,0.0,0.0,0.0,0.0,0.0,0.0,0.0,0.0,0.0,0.0,0.0,0.0,0.0,0.0,0.0,0.0,0.0,0.0,0.0,0.0,0.0,0.0,0.0,0.0,0.0,0.0,0.0,0.0,False,False
2017-06-30,0.0,0.0,0.0,0.0,0.0,0.0,0.0,0.0,0.0,0.0,0.0,0.0,0.0,0.0,0.0,0.0,0.0,0.0,0.0,0.0,0.0,0.0,0.0,0.0,0.0,0.0,0.0,0.0,0.0,0.0,False,False
2017-07-03,0.0,0.0,0.0,0.0,0.0,0.0,0.0,0.0,0.0,0.0,0.0,0.0,0.0,0.0,0.0,0.0,0.0,0.0,0.0,0.0,0.0,0.0,0.0,0.0,0.0,0.0,0.0,0.0,0.0,0.0,False,False
2017-07-05,0.0,0.0,0.0,0.0,0.0,0.0,0.0,0.0,0.0,0.0,0.0,0.0,0.0,0.0,0.0,0.0,0.0,0.0,0.0,0.0,0.0,0.0,0.0,0.0,0.0,0.0,0.0,0.0,0.0,0.0,False,False
2017-07-06,0.0,0.0,0.0,0.0,0.0,0.0,0.0,0.0,0.0,0.0,0.0,0.0,0.0,0.0,0.0,0.0,0.0,0.0,0.0,0.0,0.0,0.0,0.0,0.0,0.0,0.0,0.0,0.0,0.0,0.0,False,False
2017-07-07,0.0,0.0,0.0,0.0,0.0,0.0,0.0,0.0,0.0,0.0,0.0,0.0,0.0,0.0,0.0,0.0,0.0,0.0,0.0,0.0,0.0,0.0,0.0,0.0,0.0,0.0,0.0,0.0,0.0,0.0,False,False
2017-07-10,0.0,0.0,0.0,0.0,0.0,0.0,0.0,0.0,0.0,0.0,0.0,0.0,0.0,0.0,0.0,0.0,0.0,0.0,0.0,0.0,0.0,0.0,0.0,0.0,0.0,0.0,0.0,0.0,0.0,0.0,False,False
2017-07-11,0.0,0.0,0.0,0.0,0.0,0.0,0.0,0.0,0.0,0.0,0.0,0.0,0.0,0.0,0.0,0.0,0.0,0.0,0.0,0.0,0.0,0.0,0.0,0.0,0.0,0.0,0.0,0.0,0.0,0.0,False,False
2017-07-12,0.0,0.0,0.0,0.0,0.0,0.0,0.0,0.0,0.0,0.0,0.0,0.0,0.0,0.0,0.0,0.0,0.0,0.0,0.0,0.0,0.0,0.0,0.0,0.0,0.0,0.0,0.0,0.0,0.0,0.0,False,False
2017-07-13,0.0,0.0,0.0,0.0,0.0,0.0,0.0,0.0,0.0,0.0,0.0,0.0,0.0,0.0,0.0,0.0,0.0,0.0,0.0,0.0,0.0,0.0,0.0,0.0,0.0,0.0,0.0,0.0,0.0,0.0,False,False
2017-07-14,0.0,0.0,0.0,0.0,0.0,0.0,0.0,0.0,0.0,0.0,0.0,0.0,0.0,0.0,0.0,0.0,0.0,0.0,0.0,0.0,0.0,0.0,0.0,0.0,0.0,0.0,0.0,0.0,0.0,0.0,False,False
2017-07-17,0.0,0.0,0.0,0.0,0.0,0.0,0.0,0.0,0.0,0.0,0.0,0.0,0.0,0.0,0.0,0.0,0.0,0.0,0.0,0.0,0.0,0.0,0.0,0.0,0.0,0.0,0.0,0.0,0.0,0.0,False,False
2017-07-18,0.0,0.0,0.0,0.0,0.0,0.0,0.0,0.0,0.0,0.0,0.0,0.0,0.0,0.0,0.0,0.0,0.0,0.0,0.0,0.0,0.0,0.0,0.0,0.0,0.0,0.0,0.0,0.0,0.0,0.0,False,False
2017-07-19,0.0,0.0,0.0,0.0,0.0,0.0,0.0,0.0,0.0,0.0,0.0,0.0,0.0,0.0,0.0,0.0,0.0,0.0,0.0,0.0,0.0,0.0,0.0,0.0,0.0,0.0,0.0,0.0,0.0,0.0,False,False
2017-07-20,0.0,0.0,0.0,0.0,0.0,0.0,0.0,0.0,0.0,0.0,0.0,0.0,0.0,0.0,0.0,0.0,0.0,0.0,0.0,0.0,0.0,0.0,0.0,0.0,0.0,0.0,0.0,0.0,0.0,0.0,False,False
2017-07-21,0.0,0.0,0.0,0.0,0.0,0.0,0.0,0.0,0.0,0.0,0.0,0.0,0.0,0.0,0.0,0.0,0.0,0.0,0.0,0.0,0.0,0.0,0.0,0.0,0.0,0.0,0.0,0.0,0.0,0.0,False,False
2017-07-24,0.0,0.0,0.0,0.0,0.0,0.0,0.0,0.0,0.0,0.0,0.0,0.0,0.0,0.0,0.0,0.0,0.0,0.0,0.0,0.0,0.0,0.0,0.0,0.0,0.0,0.0,0.0,0.0,0.0,0.0,False,False
2017-07-25,0.0,0.0,0.0,0.0,0.0,0.0,0.0,0.0,0.0,0.0,0.0,0.0,0.0,0.0,0.0,0.0,0.0,0.0,0.0,0.0,0.0,0.0,0.0,0.0,0.0,0.0,0.0,0.0,0.0,0.0,False,False
2017-07-26,0.0,0.0,0.0,0.0,0.0,0.0,0.0,0.0,0.0,0.0,0.0,0.0,0.0,0.0,0.0,0.0,0.0,0.0,0.0,0.0,0.0,0.0,0.0,0.0,0.0,0.0,0.0,0.0,0.0,0.0,False,False
2017-07-27,0.0,0.0,0.0,0.0,0.0,0.0,0.0,0.0,0.0,0.0,0.0,0.0,0.0,0.0,0.0,0.0,0.0,0.0,0.0,0.0,0.0,0.0,0.0,0.0,0.0,0.0,0.0,0.0,0.0,0.0,False,False
2017-07-28,0.0,0.0,0.0,0.0,0.0,0.0,0.0,0.0,0.0,0.0,0.0,0.0,0.0,0.0,0.0,0.0,0.0,0.0,0.0,0.0,0.0,0.0,0.0,0.0,0.0,0.0,0.0,0.0,0.0,0.0,False,False
2017-07-31,0.0,0.0,0.0,0.0,0.0,0.0,0.0,0.0,0.0,0.0,0.0,0.0,0.0,0.0,0.0,0.0,0.0,0.0,0.0,0.0,0.0,0.0,0.0,0.0,0.0,0.0,0.0,0.0,0.0,0.0,False,False
2017-08-01,0.0,0.0,0.0,0.0,0.0,0.0,0.0,0.0,0.0,0.0,0.0,0.0,0.0,0.0,0.0,0.0,0.0,0.0,0.0,0.0,0.0,0.0,0.0,0.0,0.0,0.0,0.0,0.0,0.0,0.0,False,False
2017-08-02,0.0,0.0,0.0,0.0,0.0,0.0,0.0,0.0,0.0,0.0,0.0,0.0,0.0,0.0,0.0,0.0,0.0,0.0,0.0,0.0,0.0,0.0,0.0,0.0,0.0,0.0,0.0,0.0,0.0,0.0,False,False
2017-08-03,0.0,0.0,0.0,0.0,0.0,0.0,0.0,0.0,0.0,0.0,0.0,0.0,0.0,0.0,0.0,0.0,0.0,0.0,0.0,0.0,0.0,0.0,0.0,0.0,0.0,0.0,0.0,0.0,0.0,0.0,False,False
2017-08-04,0.0,0.0,0.0,0.0,0.0,0.0,0.0,0.0,0.0,0.0,0.0,0.0,0.0,0.0,0.0,0.0,0.0,0.0,0.0,0.0,0.0,0.0,0.0,0.0,0.0,0.0,0.0,0.0,0.0,0.0,False,False
2017-08-07,0.0,0.0,0.0,0.0,0.0,0.0,0.0,0.0,0.0,0.0,0.0,0.0,0.0,0.0,0.0,0.0,0.0,0.0,0.0,0.0,0.0,0.0,0.0,0.0,0.0,0.0,0.0,0.0,0.0,0.0,False,False
2017-08-08,0.0,0.0,0.0,0.0,0.0,0.0,0.0,0.0,0.0,0.0,0.0,0.0,0.0,0.0,0.0,0.0,0.0,0.0,0.0,0.0,0.0,0.0,0.0,0.0,0.0,0.0,0.0,0.0,0.0,0.0,False,False
2017-08-09,0.0,0.0,0.0,0.0,0.0,0.0,0.0,0.0,0.0,0.0,0.0,0.0,0.0,0.0,0.0,0.0,0.0,0.0,0.0,0.0,0.0,0.0,0.0,0.0,0.0,0.0,0.0,0.0,0.0,0.0,False,False
2017-08-10,0.0,0.0,0.0,0.0,0.0,0.0,0.0,0.0,0.0,0.0,0.0,0.0,0.0,0.0,0.0,0.0,0.0,0.0,0.0,0.0,0.0,0.0,0.0,0.0,0.0,0.0,0.0,0.0,0.0,0.0,False,False
2017-08-11,0.0,0.0,0.0,0.0,0.0,0.0,0.0,0.0,0.0,0.0,0.0,0.0,0.0,0.0,0.0,0.0,0.0,0.0,0.0,0.0,0.0,0.0,0.0,0.0,0.0,0.0,0.0,0.0,0.0,0.0,False,False
2017-08-14,0.0,0.0,0.0,0.0,0.0,0.0,0.0,0.0,0.0,0.0,0.0,0.0,0.0,0.0,0.0,0.0,0.0,0.0,0.0,0.0,0.0,0.0,0.0,0.0,0.0,0.0,0.0,0.0,0.0,0.0,False,False
2017-08-15,0.0,0.0,0.0,0.0,0.0,0.0,0.0,0.0,0.0,0.0,0.0,0.0,0.0,0.0,0.0,0.0,0.0,0.0,0.0,0.0,0.0,0.0,0.0,0.0,0.0,0.0,0.0,0.0,0.0,0.0,False,False
2017-08-16,0.0,0.0,0.0,0.0,0.0,0.0,0.0,0.0,0.0,0.0,0.0,0.0,0.0,0.0,0.0,0.0,0.0,0.0,0.0,0.0,0.0,0.0,0.0,0.0,0.0,0.0,0.0,0.0,0.0,0.0,False,False
2017-08-17,0.0,0.0,0.0,0.0,0.0,0.0,0.0,0.0,0.0,0.0,0.0,0.0,0.0,0.0,0.0,0.0,0.0,0.0,0.0,0.0,0.0,0.0,0.0,0.0,0.0,0.0,0.0,0.0,0.0,0.0,False,False
2017-08-18,0.0,0.0,0.0,0.0,0.0,0.0,0.0,0.0,0.0,0.0,0.0,0.0,0.0,0.0,0.0,0.0,0.0,0.0,0.0,0.0,0.0,0.0,0.0,0.0,0.0,0.0,0.0,0.0,0.0,0.0,False,False
2017-08-21,0.0,0.0,0.0,0.0,0.0,0.0,0.0,0.0,0.0,0.0,0.0,0.0,0.0,0.0,0.0,0.0,0.0,0.0,0.0,0.0,0.0,0.0,0.0,0.0,0.0,0.0,0.0,0.0,0.0,0.0,False,False
2017-08-22,0.0,0.0,0.0,0.0,0.0,0.0,0.0,0.0,0.0,0.0,0.0,0.0,0.0,0.0,0.0,0.0,0.0,0.0,0.0,0.0,0.0,0.0,0.0,0.0,0.0,0.0,0.0,0.0,0.0,0.0,False,False
2017-08-23,0.0,0.0,0.0,0.0,0.0,0.0,0.0,0.0,0.0,0.0,0.0,0.0,0.0,0.0,0.0,0.0,0.0,0.0,0.0,0.0,0.0,0.0,0.0,0.0,0.0,0.0,0.0,0.0,0.0,0.0,False,False
2017-08-24,0.0,0.0,0.0,0.0,0.0,0.0,0.0,0.0,0.0,0.0,0.0,0.0,0.0,0.0,0.0,0.0,0.0,0.0,0.0,0.0,0.0,0.0,0.0,0.0,0.0,0.0,0.0,0.0,0.0,0.0,False,False
2017-08-25,0.0,0.0,0.0,0.0,0.0,0.0,0.0,0.0,0.0,0.0,0.0,0.0,0.0,0.0,0.0,0.0,0.0,0.0,0.0,0.0,0.0,0.0,0.0,0.0,0.0,0.0,0.0,0.0,0.0,0.0,False,False
2017-08-28,0.0,0.0,0.0,0.0,0.0,0.0,0.0,0.0,0.0,0.0,0.0,0.0,0.0,0.0,0.0,0.0,0.0,0.0,0.0,0.0,0.0,0.0,0.0,0.0,0.0,0.0,0.0,0.0,0.0,0.0,False,False
2017-08-29,0.0,0.0,0.0,0.0,0.0,0.0,0.0,0.0,0.0,0.0,0.0,0.0,0.0,0.0,0.0,0.0,0.0,0.0,0.0,0.0,0.0,0.0,0.0,0.0,0.0,0.0,0.0,0.0,0.0,0.0,False,False
2017-08-30,0.0,0.0,0.0,0.0,0.0,0.0,0.0,0.0,0.0,0.0,0.0,0.0,0.0,0.0,0.0,0.0,0.0,0.0,0.0,0.0,0.0,0.0,0.0,0.0,0.0,0.0,0.0,0.0,0.0,0.0,False,False
2017-08-31,0.0,0.0,0.0,0.0,0.0,0.0,0.0,0.0,0.0,0.0,0.0,0.0,0.0,0.0,0.0,0.0,0.0,0.0,0.0,0.0,0.0,0.0,0.0,0.0,0.0,0.0,0.0,0.0,0.0,0.0,False,False
2017-09-01,0.0,0.0,0.0,0.0,0.0,0.0,0.0,0.0,0.0,0.0,0.0,0.0,0.0,0.0,0.0,0.0,0.0,0.0,0.0,0.0,0.0,0.0,0.0,0.0,0.0,0.0,0.0,0.0,0.0,0.0,False,False
2017-09-05,0.0,0.0,0.0,0.0,0.0,0.0,0.0,0.0,0.0,0.0,0.0,0.0,0.0,0.0,0.0,0.0,0.0,0.0,0.0,0.0,0.0,0.0,0.0,0.0,0.0,0.0,0.0,0.0,0.0,0.0,False,False
2017-09-06,0.0,0.0,0.0,0.0,0.0,0.0,0.0,0.0,0.0,0.0,0.0,0.0,0.0,0.0,0.0,0.0,0.0,0.0,0.0,0.0,0.0,0.0,0.0,0.0,0.0,0.0,0.0,0.0,0.0,0.0,False,False
2017-09-07,0.0,0.0,0.0,0.0,0.0,0.0,0.0,0.0,0.0,0.0,0.0,0.0,0.0,0.0,0.0,0.0,0.0,0.0,0.0,0.0,0.0,0.0,0.0,0.0,0.0,0.0,0.0,0.0,0.0,0.0,False,False
2017-09-08,0.0,0.0,0.0,0.0,0.0,0.0,0.0,0.0,0.0,0.0,0.0,0.0,0.0,0.0,0.0,0.0,0.0,0.0,0.0,0.0,0.0,0.0,0.0,0.0,0.0,0.0,0.0,0.0,0.0,0.0,False,False
2017-09-11,0.0,0.0,0.0,0.0,0.0,0.0,0.0,0.0,0.0,0.0,0.0,0.0,0.0,0.0,0.0,0.0,0.0,0.0,0.0,0.0,0.0,0.0,0.0,0.0,0.0,0.0,0.0,0.0,0.0,0.0,False,False
2017-09-12,0.0,0.0,0.0,0.0,0.0,0.0,0.0,0.0,0.0,0.0,0.0,0.0,0.0,0.0,0.0,0.0,0.0,0.0,0.0,0.0,0.0,0.0,0.0,0.0,0.0,0.0,0.0,0.0,0.0,0.0,False,False
2017-09-13,0.0,0.0,0.0,0.0,0.0,0.0,0.0,0.0,0.0,0.0,0.0,0.0,0.0,0.0,0.0,0.0,0.0,0.0,0.0,0.0,0.0,0.0,0.0,0.0,0.0,0.0,0.0,0.0,0.0,0.0,False,False
2017-09-14,0.0,0.0,0.0,0.0,0.0,0.0,0.0,0.0,0.0,0.0,0.0,0.0,0.0,0.0,0.0,0.0,0.0,0.0,0.0,0.0,0.0,0.0,0.0,0.0,0.0,0.0,0.0,0.0,0.0,0.0,False,False
2017-09-15,0.0,0.0,0.0,0.0,0.0,0.0,0.0,0.0,0.0,0.0,0.0,0.0,0.0,0.0,0.0,0.0,0.0,0.0,0.0,0.0,0.0,0.0,0.0,0.0,0.0,0.0,0.0,0.0,0.0,0.0,False,False
2017-09-18,0.0,0.0,0.0,0.0,0.0,0.0,0.0,0.0,0.0,0.0,0.0,0.0,0.0,0.0,0.0,0.0,0.0,0.0,0.0,0.0,0.0,0.0,0.0,0.0,0.0,0.0,0.0,0.0,0.0,0.0,False,False
2017-09-19,0.0,0.0,0.0,0.0,0.0,0.0,0.0,0.0,0.0,0.0,0.0,0.0,0.0,0.0,0.0,0.0,0.0,0.0,0.0,0.0,0.0,0.0,0.0,0.0,0.0,0.0,0.0,0.0,0.0,0.0,False,False
2017-09-20,0.0,0.0,0.0,0.0,0.0,0.0,0.0,0.0,0.0,0.0,0.0,0.0,0.0,0.0,0.0,0.0,0.0,0.0,0.0,0.0,0.0,0.0,0.0,0.0,0.0,0.0,0.0,0.0,0.0,0.0,False,False
2017-09-21,0.0,0.0,0.0,0.0,0.0,0.0,0.0,0.0,0.0,0.0,0.0,0.0,0.0,0.0,0.0,0.0,0.0,0.0,0.0,0.0,0.0,0.0,0.0,0.0,0.0,0.0,0.0,0.0,0.0,0.0,False,False
2017-09-22,0.0,0.0,0.0,0.0,0.0,0.0,0.0,0.0,0.0,0.0,0.0,0.0,0.0,0.0,0.0,0.0,0.0,0.0,0.0,0.0,0.0,0.0,0.0,0.0,0.0,0.0,0.0,0.0,0.0,0.0,False,False
2017-09-25,0.0,0.0,0.0,0.0,0.0,0.0,0.0,0.0,0.0,0.0,0.0,0.0,0.0,0.0,0.0,0.0,0.0,0.0,0.0,0.0,0.0,0.0,0.0,0.0,0.0,0.0,0.0,0.0,0.0,0.0,False,False
2017-09-26,0.0,0.0,0.0,0.0,0.0,0.0,0.0,0.0,0.0,0.0,0.0,0.0,0.0,0.0,0.0,0.0,0.0,0.0,0.0,0.0,0.0,0.0,0.0,0.0,0.0,0.0,0.0,0.0,0.0,0.0,False,False
2017-09-27,0.0,0.0,0.0,0.0,0.0,0.0,0.0,0.0,0.0,0.0,0.0,0.0,0.0,0.0,0.0,0.0,0.0,0.0,0.0,0.0,0.0,0.0,0.0,0.0,0.0,0.0,0.0,0.0,0.0,0.0,False,False
2017-09-28,0.0,0.0,0.0,0.0,0.0,0.0,0.0,0.0,0.0,0.0,0.0,0.0,0.0,0.0,0.0,0.0,0.0,0.0,0.0,0.0,0.0,0.0,0.0,0.0,0.0,0.0,0.0,0.0,0.0,0.0,False,False
2017-09-29,0.0,0.0,0.0,0.0,0.0,0.0,0.0,0.0,0.0,0.0,0.0,0.0,0.0,0.0,0.0,0.0,0.0,0.0,0.0,0.0,0.0,0.0,0.0,0.0,0.0,0.0,0.0,0.0,0.0,0.0,False,False
2017-10-02,0.0,0.0,0.0,0.0,0.0,0.0,0.0,0.0,0.0,0.0,0.0,0.0,0.0,0.0,0.0,0.0,0.0,0.0,0.0,0.0,0.0,0.0,0.0,0.0,0.0,0.0,0.0,0.0,0.0,0.0,False,False
2017-10-03,0.0,0.0,0.0,0.0,0.0,0.0,0.0,0.0,0.0,0.0,0.0,0.0,0.0,0.0,0.0,0.0,0.0,0.0,0.0,0.0,0.0,0.0,0.0,0.0,0.0,0.0,0.0,0.0,0.0,0.0,False,False
2017-10-04,0.0,0.0,0.0,0.0,0.0,0.0,0.0,0.0,0.0,0.0,0.0,0.0,0.0,0.0,0.0,0.0,0.0,0.0,0.0,0.0,0.0,0.0,0.0,0.0,0.0,0.0,0.0,0.0,0.0,0.0,False,False
2017-10-05,0.0,0.0,0.0,0.0,0.0,0.0,0.0,0.0,0.0,0.0,0.0,0.0,0.0,0.0,0.0,0.0,0.0,0.0,0.0,0.0,0.0,0.0,0.0,0.0,0.0,0.0,0.0,0.0,0.0,0.0,False,False
2017-10-06,0.0,0.0,0.0,0.0,0.0,0.0,0.0,0.0,0.0,0.0,0.0,0.0,0.0,0.0,0.0,0.0,0.0,0.0,0.0,0.0,0.0,0.0,0.0,0.0,0.0,0.0,0.0,0.0,0.0,0.0,False,False
2017-10-09,0.0,0.0,0.0,0.0,0.0,0.0,0.0,0.0,0.0,0.0,0.0,0.0,0.0,0.0,0.0,0.0,0.0,0.0,0.0,0.0,0.0,0.0,0.0,0.0,0.0,0.0,0.0,0.0,0.0,0.0,False,False
2017-10-10,0.0,0.0,0.0,0.0,0.0,0.0,0.0,0.0,0.0,0.0,0.0,0.0,0.0,0.0,0.0,0.0,0.0,0.0,0.0,0.0,0.0,0.0,0.0,0.0,0.0,0.0,0.0,0.0,0.0,0.0,False,False
2017-10-11,0.0,0.0,0.0,0.0,0.0,0.0,0.0,0.0,0.0,0.0,0.0,0.0,0.0,0.0,0.0,0.0,0.0,0.0,0.0,0.0,0.0,0.0,0.0,0.0,0.0,0.0,0.0,0.0,0.0,0.0,False,False
2017-10-12,0.0,0.0,0.0,0.0,0.0,0.0,0.0,0.0,0.0,0.0,0.0,0.0,0.0,0.0,0.0,0.0,0.0,0.0,0.0,0.0,0.0,0.0,0.0,0.0,0.0,0.0,0.0,0.0,0.0,0.0,False,False
2017-10-13,0.0,0.0,0.0,0.0,0.0,0.0,0.0,0.0,0.0,0.0,0.0,0.0,0.0,0.0,0.0,0.0,0.0,0.0,0.0,0.0,0.0,0.0,0.0,0.0,0.0,0.0,0.0,0.0,0.0,0.0,False,False
2017-10-16,0.0,0.0,0.0,0.0,0.0,0.0,0.0,0.0,0.0,0.0,0.0,0.0,0.0,0.0,0.0,0.0,0.0,0.0,0.0,0.0,0.0,0.0,0.0,0.0,0.0,0.0,0.0,0.0,0.0,0.0,False,False
2017-10-17,0.0,0.0,0.0,0.0,0.0,0.0,0.0,0.0,0.0,0.0,0.0,0.0,0.0,0.0,0.0,0.0,0.0,0.0,0.0,0.0,0.0,0.0,0.0,0.0,0.0,0.0,0.0,0.0,0.0,0.0,False,False
2017-10-18,0.0,0.0,0.0,0.0,0.0,0.0,0.0,0.0,0.0,0.0,0.0,0.0,0.0,0.0,0.0,0.0,0.0,0.0,0.0,0.0,0.0,0.0,0.0,0.0,0.0,0.0,0.0,0.0,0.0,0.0,False,False
2017-10-19,0.0,0.0,0.0,0.0,0.0,0.0,0.0,0.0,0.0,0.0,0.0,0.0,0.0,0.0,0.0,0.0,0.0,0.0,0.0,0.0,0.0,0.0,0.0,0.0,0.0,0.0,0.0,0.0,0.0,0.0,False,False
2017-10-20,0.0,0.0,0.0,0.0,0.0,0.0,0.0,0.0,0.0,0.0,0.0,0.0,0.0,0.0,0.0,0.0,0.0,0.0,0.0,0.0,0.0,0.0,0.0,0.0,0.0,0.0,0.0,0.0,0.0,0.0,False,False
2017-10-23,0.0,0.0,0.0,0.0,0.0,0.0,0.0,0.0,0.0,0.0,0.0,0.0,0.0,0.0,0.0,0.0,0.0,0.0,0.0,0.0,0.0,0.0,0.0,0.0,0.0,0.0,0.0,0.0,0.0,0.0,False,False
2017-10-24,0.0,0.0,0.0,0.0,0.0,0.0,0.0,0.0,0.0,0.0,0.0,0.0,0.0,0.0,0.0,0.0,0.0,0.0,0.0,0.0,0.0,0.0,0.0,0.0,0.0,0.0,0.0,0.0,0.0,0.0,False,False
2017-10-25,0.0,0.0,0.0,0.0,0.0,0.0,0.0,0.0,0.0,0.0,0.0,0.0,0.0,0.0,0.0,0.0,0.0,0.0,0.0,0.0,0.0,0.0,0.0,0.0,0.0,0.0,0.0,0.0,0.0,0.0,False,False
2017-10-26,0.0,0.0,0.0,0.0,0.0,0.0,0.0,0.0,0.0,0.0,0.0,0.0,0.0,0.0,0.0,0.0,0.0,0.0,0.0,0.0,0.0,0.0,0.0,0.0,0.0,0.0,0.0,0.0,0.0,0.0,False,False
2017-10-27,0.0,0.0,0.0,0.0,0.0,0.0,0.0,0.0,0.0,0.0,0.0,0.0,0.0,0.0,0.0,0.0,0.0,0.0,0.0,0.0,0.0,0.0,0.0,0.0,0.0,0.0,0.0,0.0,0.0,0.0,False,False
2017-10-30,0.0,0.0,0.0,0.0,0.0,0.0,0.0,0.0,0.0,0.0,0.0,0.0,0.0,0.0,0.0,0.0,0.0,0.0,0.0,0.0,0.0,0.0,0.0,0.0,0.0,0.0,0.0,0.0,0.0,0.0,False,False
2017-10-31,0.0,0.0,0.0,0.0,0.0,0.0,0.0,0.0,0.0,0.0,0.0,0.0,0.0,0.0,0.0,0.0,0.0,0.0,0.0,0.0,0.0,0.0,0.0,0.0,0.0,0.0,0.0,0.0,0.0,0.0,False,False
2017-11-01,0.0,0.0,0.0,0.0,0.0,0.0,0.0,0.0,0.0,0.0,0.0,0.0,0.0,0.0,0.0,0.0,0.0,0.0,0.0,0.0,0.0,0.0,0.0,0.0,0.0,0.0,0.0,0.0,0.0,0.0,False,False
2017-11-02,0.0,0.0,0.0,0.0,0.0,0.0,0.0,0.0,0.0,0.0,0.0,0.0,0.0,0.0,0.0,0.0,0.0,0.0,0.0,0.0,0.0,0.0,0.0,0.0,0.0,0.0,0.0,0.0,0.0,0.0,False,False
2017-11-03,0.0,0.0,0.0,0.0,0.0,0.0,0.0,0.0,0.0,0.0,0.0,0.0,0.0,0.0,0.0,0.0,0.0,0.0,0.0,0.0,0.0,0.0,0.0,0.0,0.0,0.0,0.0,0.0,0.0,0.0,False,False
2017-11-06,0.0,0.0,0.0,0.0,0.0,0.0,0.0,0.0,0.0,0.0,0.0,0.0,0.0,0.0,0.0,0.0,0.0,0.0,0.0,0.0,0.0,0.0,0.0,0.0,0.0,0.0,0.0,0.0,0.0,0.0,False,False
2017-11-07,0.0,0.0,0.0,0.0,0.0,0.0,0.0,0.0,0.0,0.0,0.0,0.0,0.0,0.0,0.0,0.0,0.0,0.0,0.0,0.0,0.0,0.0,0.0,0.0,0.0,0.0,0.0,0.0,0.0,0.0,False,False
2017-11-08,0.0,0.0,0.0,0.0,0.0,0.0,0.0,0.0,0.0,0.0,0.0,0.0,0.0,0.0,0.0,0.0,0.0,0.0,0.0,0.0,0.0,0.0,0.0,0.0,0.0,0.0,0.0,0.0,0.0,0.0,False,False
2017-11-09,0.0,0.0,0.0,0.0,0.0,0.0,0.0,0.0,0.0,0.0,0.0,0.0,0.0,0.0,0.0,0.0,0.0,0.0,0.0,0.0,0.0,0.0,0.0,0.0,0.0,0.0,0.0,0.0,0.0,0.0,False,False
2017-11-10,0.0,0.0,0.0,0.0,0.0,0.0,0.0,0.0,0.0,0.0,0.0,0.0,0.0,0.0,0.0,0.0,0.0,0.0,0.0,0.0,0.0,0.0,0.0,0.0,0.0,0.0,0.0,0.0,0.0,0.0,False,False
2017-11-13,0.0,0.0,0.0,0.0,0.0,0.0,0.0,0.0,0.0,0.0,0.0,0.0,0.0,0.0,0.0,0.0,0.0,0.0,0.0,0.0,0.0,0.0,0.0,0.0,0.0,0.0,0.0,0.0,0.0,0.0,False,False
2017-11-14,0.0,0.0,0.0,0.0,0.0,0.0,0.0,0.0,0.0,0.0,0.0,0.0,0.0,0.0,0.0,0.0,0.0,0.0,0.0,0.0,0.0,0.0,0.0,0.0,0.0,0.0,0.0,0.0,0.0,0.0,False,False
2017-11-15,0.0,0.0,0.0,0.0,0.0,0.0,0.0,0.0,0.0,0.0,0.0,0.0,0.0,0.0,0.0,0.0,0.0,0.0,0.0,0.0,0.0,0.0,0.0,0.0,0.0,0.0,0.0,0.0,0.0,0.0,False,False
2017-11-16,0.0,0.0,0.0,0.0,0.0,0.0,0.0,0.0,0.0,0.0,0.0,0.0,0.0,0.0,0.0,0.0,0.0,0.0,0.0,0.0,0.0,0.0,0.0,0.0,0.0,0.0,0.0,0.0,0.0,0.0,False,False
2017-11-17,0.0,0.0,0.0,0.0,0.0,0.0,0.0,0.0,0.0,0.0,0.0,0.0,0.0,0.0,0.0,0.0,0.0,0.0,0.0,0.0,0.0,0.0,0.0,0.0,0.0,0.0,0.0,0.0,0.0,0.0,False,False
2017-11-20,0.0,0.0,0.0,0.0,0.0,0.0,0.0,0.0,0.0,0.0,0.0,0.0,0.0,0.0,0.0,0.0,0.0,0.0,0.0,0.0,0.0,0.0,0.0,0.0,0.0,0.0,0.0,0.0,0.0,0.0,False,False
2017-11-21,0.0,0.0,0.0,0.0,0.0,0.0,0.0,0.0,0.0,0.0,0.0,0.0,0.0,0.0,0.0,0.0,0.0,0.0,0.0,0.0,0.0,0.0,0.0,0.0,0.0,0.0,0.0,0.0,0.0,0.0,False,False
2017-11-22,0.0,0.0,0.0,0.0,0.0,0.0,0.0,0.0,0.0,0.0,0.0,0.0,0.0,0.0,0.0,0.0,0.0,0.0,0.0,0.0,0.0,0.0,0.0,0.0,0.0,0.0,0.0,0.0,0.0,0.0,False,False
2017-11-24,0.0,0.0,0.0,0.0,0.0,0.0,0.0,0.0,0.0,0.0,0.0,0.0,0.0,0.0,0.0,0.0,0.0,0.0,0.0,0.0,0.0,0.0,0.0,0.0,0.0,0.0,0.0,0.0,0.0,0.0,False,False
2017-11-27,0.0,0.0,0.0,0.0,0.0,0.0,0.0,0.0,0.0,0.0,0.0,0.0,0.0,0.0,0.0,0.0,0.0,0.0,0.0,0.0,0.0,0.0,0.0,0.0,0.0,0.0,0.0,0.0,0.0,0.0,False,False
2017-11-28,0.0,0.0,0.0,0.0,0.0,0.0,0.0,0.0,0.0,0.0,0.0,0.0,0.0,0.0,0.0,0.0,0.0,0.0,0.0,0.0,0.0,0.0,0.0,0.0,0.0,0.0,0.0,0.0,0.0,0.0,False,False
2017-11-29,0.0,0.0,0.0,0.0,0.0,0.0,0.0,0.0,0.0,0.0,0.0,0.0,0.0,0.0,0.0,0.0,0.0,0.0,0.0,0.0,0.0,0.0,0.0,0.0,0.0,0.0,0.0,0.0,0.0,0.0,False,False
2017-11-30,0.0,0.0,0.0,0.0,0.0,0.0,0.0,0.0,0.0,0.0,0.0,0.0,0.0,0.0,0.0,0.0,0.0,0.0,0.0,0.0,0.0,0.0,0.0,0.0,0.0,0.0,0.0,0.0,0.0,0.0,False,False
2017-12-01,0.0,0.0,0.0,0.0,0.0,0.0,0.0,0.0,0.0,0.0,0.0,0.0,0.0,0.0,0.0,0.0,0.0,0.0,0.0,0.0,0.0,0.0,0.0,0.0,0.0,0.0,0.0,0.0,0.0,0.0,False,False
2017-12-04,0.0,0.0,0.0,0.0,0.0,0.0,0.0,0.0,0.0,0.0,0.0,0.0,0.0,0.0,0.0,0.0,0.0,0.0,0.0,0.0,0.0,0.0,0.0,0.0,0.0,0.0,0.0,0.0,0.0,0.0,False,False
2017-12-05,0.0,0.0,0.0,0.0,0.0,0.0,0.0,0.0,0.0,0.0,0.0,0.0,0.0,0.0,0.0,0.0,0.0,0.0,0.0,0.0,0.0,0.0,0.0,0.0,0.0,0.0,0.0,0.0,0.0,0.0,False,False
2017-12-06,0.0,0.0,0.0,0.0,0.0,0.0,0.0,0.0,0.0,0.0,0.0,0.0,0.0,0.0,0.0,0.0,0.0,0.0,0.0,0.0,0.0,0.0,0.0,0.0,0.0,0.0,0.0,0.0,0.0,0.0,False,False
2017-12-07,0.0,0.0,0.0,0.0,0.0,0.0,0.0,0.0,0.0,0.0,0.0,0.0,0.0,0.0,0.0,0.0,0.0,0.0,0.0,0.0,0.0,0.0,0.0,0.0,0.0,0.0,0.0,0.0,0.0,0.0,False,False
2017-12-08,0.0,0.0,0.0,0.0,0.0,0.0,0.0,0.0,0.0,0.0,0.0,0.0,0.0,0.0,0.0,0.0,0.0,0.0,0.0,0.0,0.0,0.0,0.0,0.0,0.0,0.0,0.0,0.0,0.0,0.0,False,False
2017-12-11,0.0,0.0,0.0,0.0,0.0,0.0,0.0,0.0,0.0,0.0,0.0,0.0,0.0,0.0,0.0,0.0,0.0,0.0,0.0,0.0,0.0,0.0,0.0,0.0,0.0,0.0,0.0,0.0,0.0,0.0,False,False
2017-12-12,0.0,0.0,0.0,0.0,0.0,0.0,0.0,0.0,0.0,0.0,0.0,0.0,0.0,0.0,0.0,0.0,0.0,0.0,0.0,0.0,0.0,0.0,0.0,0.0,0.0,0.0,0.0,0.0,0.0,0.0,False,False
2017-12-13,0.0,0.0,0.0,0.0,0.0,0.0,0.0,0.0,0.0,0.0,0.0,0.0,0.0,0.0,0.0,0.0,0.0,0.0,0.0,0.0,0.0,0.0,0.0,0.0,0.0,0.0,0.0,0.0,0.0,0.0,False,False
2017-12-14,0.0,0.0,0.0,0.0,0.0,0.0,0.0,0.0,0.0,0.0,0.0,0.0,0.0,0.0,0.0,0.0,0.0,0.0,0.0,0.0,0.0,0.0,0.0,0.0,0.0,0.0,0.0,0.0,0.0,0.0,False,False
2017-12-15,0.0,0.0,0.0,0.0,0.0,0.0,0.0,0.0,0.0,0.0,0.0,0.0,0.0,0.0,0.0,0.0,0.0,0.0,0.0,0.0,0.0,0.0,0.0,0.0,0.0,0.0,0.0,0.0,0.0,0.0,False,False
2017-12-18,0.0,0.0,0.0,0.0,0.0,0.0,0.0,0.0,0.0,0.0,0.0,0.0,0.0,0.0,0.0,0.0,0.0,0.0,0.0,0.0,0.0,0.0,0.0,0.0,0.0,0.0,0.0,0.0,0.0,0.0,False,False
2017-12-19,0.0,0.0,0.0,0.0,0.0,0.0,0.0,0.0,0.0,0.0,0.0,0.0,0.0,0.0,0.0,0.0,0.0,0.0,0.0,0.0,0.0,0.0,0.0,0.0,0.0,0.0,0.0,0.0,0.0,0.0,False,False
2017-12-20,0.0,0.0,0.0,0.0,0.0,0.0,0.0,0.0,0.0,0.0,0.0,0.0,0.0,0.0,0.0,0.0,0.0,0.0,0.0,0.0,0.0,0.0,0.0,0.0,0.0,0.0,0.0,0.0,0.0,0.0,False,False
2017-12-21,0.0,0.0,0.0,0.0,0.0,0.0,0.0,0.0,0.0,0.0,0.0,0.0,0.0,0.0,0.0,0.0,0.0,0.0,0.0,0.0,0.0,0.0,0.0,0.0,0.0,0.0,0.0,0.0,0.0,0.0,False,False
2017-12-22,0.0,0.0,0.0,0.0,0.0,0.0,0.0,0.0,0.0,0.0,0.0,0.0,0.0,0.0,0.0,0.0,0.0,0.0,0.0,0.0,0.0,0.0,0.0,0.0,0.0,0.0,0.0,0.0,0.0,0.0,False,False
2017-12-26,0.0,0.0,0.0,0.0,0.0,0.0,0.0,0.0,0.0,0.0,0.0,0.0,0.0,0.0,0.0,0.0,0.0,0.0,0.0,0.0,0.0,0.0,0.0,0.0,0.0,0.0,0.0,0.0,0.0,0.0,False,False
2017-12-27,0.0,0.0,0.0,0.0,0.0,0.0,0.0,0.0,0.0,0.0,0.0,0.0,0.0,0.0,0.0,0.0,0.0,0.0,0.0,0.0,0.0,0.0,0.0,0.0,0.0,0.0,0.0,0.0,0.0,0.0,False,False
2017-12-28,0.0,0.0,0.0,0.0,0.0,0.0,0.0,0.0,0.0,0.0,0.0,0.0,0.0,0.0,0.0,0.0,0.0,0.0,0.0,0.0,0.0,0.0,0.0,0.0,0.0,0.0,0.0,0.0,0.0,0.0,False,False
2017-12-29,0.0,0.0,0.0,0.0,0.0,0.0,0.0,0.0,0.0,0.0,0.0,0.0,0.0,0.0,0.0,0.0,0.0,0.0,0.0,0.0,0.0,0.0,0.0,0.0,0.0,0.0,0.0,0.0,0.0,0.0,False,False
2018-01-02,258502.4286458935,33573083.563,16786541.7815,16786541.7815,266.45304415079363,4.0,4.0,8.0,4.0,0.5,0.05000000000000001,0.67146167126,0.67146167126,0.67146167126,1.34292334252,0.00517004857291787,0.00026858466850400003,6.714616712600001e-05,0.00020143850137799998,13429.233425200002,5.3290608830158726e-06,0.00510290240579187,0.00490146390441387,0.00490146390441387,0.0048961348435308544,51.7004857291787,0.6714616712600001,2.0143850137799997,0.05329060883015872,48.961348435308544,False,True
2018-01-03,79683.53950172165,18989284.676873002,9494642.338436501,9494642.338436501,824.6209158597064,4.0,4.0,8.0,4.0,0.5,0.05000000000000001,0.37978569353746006,0.37978569353746006,0.37978569353746006,0.7595713870749201,0.001593670790034433,0.00015191427741498403,3.797856935374601e-05,0.000113935708061238,7595.713870749201,1.6492418317194127e-05,0.001555692220680687,0.001441756512619449,0.001441756512619449,0.001425264094302255,15.93670790034433,0.37978569353746006,1.13935708061238,0.16492418317194127,14.252640943022548,False,True
2018-01-04,-9715.266796011325,14927690.099242002,7463845.049621001,7463845.049621,152.83842761303174,4.0,4.0,8.0,4.0,0.5,0.05000000000000001,0.29855380198484005,0.29855380198484005,0.29855380198484005,0.5971076039696801,-0.0001943053359202265,0.00011942152079393602,2.9855380198484005e-05,8.9566140595452e-05,5971.076039696801,3.056768552260635e-06,-0.00022416071611871052,-0.0003137268567141625,-0.0003137268567141625,-0.00031678362526642317,-1.9430533592022652,0.29855380198484005,0.89566140595452,0.03056768552260635,-3.1678362526642316,False,True
2018-01-05,74827.29987161756,18143427.620300002,9071713.810150001,9071713.81015,205.0910763515873,4.0,4.0,8.0,4.0,0.5,0.05,0.362868552406,0.362868552406,0.362868552406,0.725737104812,0.0014965459974323513,0.00014514742096240001,3.6286855240600003e-05,0.0001088605657218,7257.3710481200005,4.101821527031746e-06,0.0014602591421917512,0.0013513985764699512,0.0013513985764699512,0.0013472967549429194,14.965459974323513,0.362868552406,1.088605657218,0.04101821527031746,13.472967549429194,False,True
2018-01-08,-116968.52741174636,21878404.286877,10939202.1434385,10939202.1434385,271.600223705373,4.0,4.0,8.0,4.0,0.5,0.05,0.43756808573753997,0.43756808573753997,0.43756808573753997,0.8751361714750799,-0.002339370548234927,0.000175027234295016,4.3756808573754e-05,0.000131270425721262,8751.3617147508,5.43200447410746e-06,-0.0023831273568086808,-0.0025143977825299426,-0.0025143977825299426,-0.00251982978700405,-23.39370548234927,0.43756808573753997,1.31270425721262,0.0543200447410746,-25.1982978700405,False,True
2018-01-09,-142180.19212819633,15419713.14925,7709856.574624999,7709856.574625,255.79830484484125,4.0,4.0,8.0,4.0,0.5,0.05,0.308394262985,0.308394262985,0.308394262985,0.61678852597,-0.0028436038425639267,0.000123357705194,3.08394262985e-05,9.25182788955e-05,6167.8852597000005,5.115966096896825e-06,-0.0028744432688624266,-0.0029669615477579264,-0.0029669615477579264,-0.0029720775138548233,-28.436038425639268,0.308394262985,0.925182788955,0.051159660968968255,-29.720775138548234,False,True
2018-01-10,7067.525901211895,6039755.49935,3019877.749675,3019877.749675,175.67864156150796,4.0,4.0,8.0,4.0,0.5,0.05,0.12079510998700001,0.12079510998700001,0.12079510998700001,0.24159021997400001,0.0001413505180242379,4.8318043994800005e-05,1.2079510998700001e-05,3.62385329961e-05,2415.90219974,3.513572831230159e-06,0.0001292710070255379,9.30324740294379e-05,9.30324740294379e-05,8.951890119820774e-05,1.413505180242379,0.12079510998700001,0.36238532996100004,0.03513572831230159,0.8951890119820773,False,True
2018-01-11,2327.7897101585613,35296723.8635415,17648361.93177075,17648361.93177075,280.1327290757262,4.0,4.0,8.0,4.0,0.5,0.05,0.70593447727083,0.70593447727083,0.70593447727083,1.41186895454166,4.655579420317123e-05,0.00028237379090833203,7.059344772708301e-05,0.000211780343181249,14118.689545416602,5.602654581514524e-06,-2.403765352391178e-05,-0.00023581799670516077,-0.00023581799670516077,-0.00024142065128667528,0.4655579420317123,0.70593447727083,2.11780343181249,0.05602654581514524,-2.4142065128667527,False,True
2018-01-12,116073.11343274837,39393092.7498915,19696546.37494575,19696546.374945752,897.6087161185833,4.0,4.0,8.0,4.0,0.5,0.05,0.7878618549978299,0.7878618549978299,0.7878618549978299,1.5757237099956598,0.0023214622686549675,0.00031514474199913195,7.878618549978299e-05,0.00023635855649934895,15757.237099956597,1.7952174322371666e-05,0.0022426760831551844,0.0020063175266558353,0.0020063175266558353,0.001988365352333464,23.214622686549674,0.7878618549978299,2.3635855649934894,0.17952174322371667,19.883653523334637,False,True
2018-01-16,-26226.321798851957,45698259.7735745,22849129.88678725,22849129.88678725,547.864303249004,4.0,4.0,8.0,4.0,0.5,0.05000000000000001,0.91396519547149,0.91396519547149,0.91396519547149,1.82793039094298,-0.0005245264359770392,0.00036558607818859605,9.139651954714901e-05,0.000274189558641447,18279.303909429804,1.0957286064980081e-05,-0.0006159229555241882,-0.0008901125141656352,-0.0008901125141656352,-0.0009010698002306153,-5.245264359770392,0.9139651954714901,2.74189558641447,0.1095728606498008,-9.010698002306153,False,True
2018-01-17,6323.490627202076,23237465.023082,11618732.511540998,11618732.511541001,674.8151732032541,4.0,4.0,8.0,4.0,0.5,0.05000000000000001,0.46474930046164,0.46474930046164,0.46474930046164,0.92949860092328,0.00012646981254404153,0.000185899720184656,4.6474930046164e-05,0.000139424790138492,9294.9860092328,1.349630346406508e-05,7.999488249787753e-05,-5.942990764061446e-05,-5.942990764061446e-05,-7.292621110467954e-05,1.2646981254404153,0.46474930046164,1.3942479013849198,0.13496303464065082,-0.7292621110467954,False,True
2018-01-18,49404.269051086056,24174618.804750003,12087309.402375001,12087309.402375,383.7622296392858,4.0,4.0,8.0,4.0,0.5,0.05000000000000001,0.48349237609500006,0.48349237609500006,0.48349237609500006,0.9669847521900001,0.0009880853810217212,0.00019339695043800003,4.834923760950001e-05,0.0001450477128285,9669.847521900001,7.675244592785716e-06,0.0009397361434122212,0.0007946884305837211,0.0007946884305837211,0.0007870131859909354,9.880853810217213,0.48349237609500006,1.4504771282850002,0.07675244592785715,7.870131859909353,False,True
2018-01-19,212915.45387928456,7852844.4339499995,3926422.2169749998,3926422.216975,402.2349578134921,4.0,4.0,8.0,4.0,0.5,0.05,0.157056888679,0.157056888679,0.157056888679,0.314113777358,0.004258309077585691,6.282275547160001e-05,1.5705688867900002e-05,4.7117066603699996e-05,3141.1377735800006,8.044699156269842e-06,0.004242603388717792,0.0041954863221140915,0.0041954863221140915,0.004187441622957822,42.58309077585692,0.15705688867900003,0.471170666037,0.08044699156269842,41.874416229578216,False,True
2018-01-22,54518.81988457978,15041290.757656502,7520645.37882825,7520645.378828251,666.5076002058136,4.0,4.0,8.0,4.0,0.5,0.05000000000000001,0.30082581515313,0.30082581515313,0.30082581515313,0.60165163030626,0.0010903763976915957,0.00012033032606125201,3.0082581515313002e-05,9.0247744545939e-05,6016.516303062601,1.3330152004116272e-05,0.0010602938161762827,0.0009700460716303437,0.0009700460716303437,0.0009567159196262274,10.903763976915958,0.30082581515313,0.90247744545939,0.13330152004116272,9.567159196262274,False,True
2018-01-23,-3850.0224218885755,8416476.00245,4208238.001225,4208238.001225,383.2544061984127,4.0,4.0,8.0,4.0,0.5,0.05,0.168329520049,0.168329520049,0.168329520049,0.336659040098,-7.700044843777151e-05,6.733180801960001e-05,1.6832952004900003e-05,5.04988560147e-05,3366.5904009800006,7.665088123968253e-06,-9.383340044267152e-05,-0.0001443322564573715,-0.0001443322564573715,-0.00015199734458133977,-0.7700044843777151,0.16832952004900004,0.504988560147,0.07665088123968253,-1.5199734458133978,False,True
2018-01-24,35237.08038395654,8399342.011200001,4199671.005600001,4199671.005600002,134.06777008888892,4.0,4.0,8.0,4.0,0.5,0.05000000000000001,0.16798684022400004,0.16798684022400004,0.16798684022400004,0.3359736804480001,0.0007047416076791308,6.719473608960002e-05,1.6798684022400005e-05,5.039605206720001e-05,3359.736804480001,2.6813554017777784e-06,0.0006879429236567308,0.0006375468715895308,0.0006375468715895308,0.000634865516187753,7.047416076791308,0.16798684022400004,0.503960520672,0.026813554017777786,6.34865516187753,False,True
2018-01-25,13590.891913153826,9050924.4041,4525462.20205,4525462.20205,138.7152244484127,4.0,4.0,8.0,4.0,0.5,0.05,0.18101848808200002,0.18101848808200002,0.18101848808200002,0.36203697616400005,0.0002718178382630765,7.24073952328e-05,1.81018488082e-05,5.43055464246e-05,3620.3697616400004,2.774304488968254e-06,0.0002537159894548765,0.0001994104430302765,0.0001994104430302765,0.00019663613854130823,2.7181783826307653,0.18101848808200002,0.543055464246,0.02774304488968254,1.9663613854130824,False,True
2018-01-26,-85049.68476120457,37774900.833749995,18887450.416874997,18887450.416875,299.8008002678572,4.0,4.0,8.0,4.0,0.5,0.05000000000000001,0.7554980166749999,0.7554980166749999,0.7554980166749999,1.5109960333499999,-0.0017009936952240914,0.00030219920666999997,7.554980166749999e-05,0.00022664940500249995,15109.9603335,5.996016005357144e-06,-0.0017765434968915915,-0.0020031929018940915,-0.0020031929018940915,-0.0020091889178994486,-17.009936952240913,0.7554980166749999,2.2664940500249995,0.05996016005357144,-20.091889178994485,False,True
2018-01-29,-272740.99796636944,24848927.988300003,12424463.994150002,12424463.99415,283.7907217388889,4.0,4.0,8.0,4.0,0.5,0.05,0.4969785597660001,0.4969785597660001,0.4969785597660001,0.9939571195320002,-0.005454819959327389,0.00019879142390640006,4.9697855976600014e-05,0.00014909356792980002,9939.571195320003,5.675814434777778e-06,-0.005504517815303989,-0.005653611383233789,-0.005653611383233789,-0.005659287197668566,-54.548199593273885,0.49697855976600014,1.4909356792980002,0.05675814434777778,-56.592871976685664,False,True
2018-01-30,134406.55232579118,24003331.392100003,12001665.696050001,12001665.69605,190.50263009603174,4.0,4.0,8.0,4.0,0.5,0.05,0.48006662784200005,0.48006662784200005,0.48006662784200005,0.9601332556840001,0.0026881310465158236,0.00019202665113680003,4.800666278420001e-05,0.0001440199883526,9601.332556840001,3.8100526019206347e-06,0.0026401243837316235,0.0024961043953790236,0.0024961043953790236,0.002492294342777103,26.881310465158236,0.4800666278420001,1.440199883526,0.03810052601920635,24.92294342777103,False,True
2018-01-31,-46315.40145289929,6669365.553750001,3334682.7768750004,3334682.7768750004,389.15243352976194,4.0,4.0,8.0,4.0,0.5,0.05,0.13338731107500001,0.13338731107500001,0.13338731107500001,0.26677462215000003,-0.0009263080290579859,5.335492443000001e-05,1.3338731107500002e-05,4.00161933225e-05,2667.7462215000005,7.783048670595238e-06,-0.0009396467601654858,-0.000979662953487986,-0.000979662953487986,-0.0009874460021585812,-9.26308029057986,0.13338731107500001,0.400161933225,0.07783048670595238,-9.874460021585811,False,True
2018-02-01,-21375.88124439548,19930659.74125,9965329.870625,9965329.870625,158.17983921626984,4.0,4.0,8.0,4.0,0.5,0.05,0.398613194825,0.398613194825,0.398613194825,0.79722638965,-0.0004275176248879096,0.00015944527793,3.98613194825e-05,0.00011958395844749999,7972.263896500001,3.163596784325397e-06,-0.00046737894437040963,-0.0005869629028179096,-0.0005869629028179096,-0.0005901264996022351,-4.275176248879096,0.398613194825,1.1958395844749998,0.03163596784325397,-5.901264996022351,False,True
2018-02-02,-86621.3747972138,11098001.012,5549000.506,5549000.506,215.39418837301588,4.0,4.0,8.0,4.0,0.5,0.05,0.22196002024,0.22196002024,0.22196002024,0.44392004048,-0.0017324274959442758,8.878400809600001e-05,2.2196002024000002e-05,6.658800607199999e-05,4439.200404800001,4.3078837674603175e-06,-0.0017546234979682758,-0.0018212115040402758,-0.0018212115040402758,-0.001825519387807736,-17.324274959442757,0.22196002024000003,0.6658800607199999,0.043078837674603174,-18.25519387807736,False,True
2018-02-05,47874.47478620904,10481441.1899,5240720.59495,5240720.59495,619.7590632626984,4.0,4.0,8.0,4.0,0.5,0.05,0.209628823798,0.209628823798,0.209628823798,0.419257647596,0.0009574894957241807,8.38515295192e-05,2.09628823798e-05,6.28886471394e-05,4192.576475960001,1.2395181265253969e-05,0.0009365266133443807,0.0008736379662049807,0.0008736379662049807,0.0008612427849397267,9.574894957241808,0.20962882379800002,0.628886471394,0.12395181265253968,8.612427849397267,False,True
2018-02-06,-36681.836321176525,50000000.0,25000000.0,25000000.0,459.56257902857146,4.0,4.0,8.0,2.0,0.25,0.05,1.0,1.0,1.0,2.0,-0.0007336367264235305,0.0004,0.0001,0.0003,20000.0,9.19125158057143e-06,-0.0008336367264235305,-0.0011336367264235304,-0.0011336367264235304,-0.0011428279780041019,-7.336367264235305,1.0,2.9999999999999996,0.09191251580571429,-11.428279780041018,True,False
2018-02-07,74332.16380040234,15741402.6848,7870701.3424,7870701.342400001,191.05349828571434,4.0,4.0,8.0,4.0,0.5,0.05000000000000001,0.31482805369600003,0.31482805369600003,0.31482805369600003,0.6296561073920001,0.0014866432760080469,0.00012593122147840002,3.1482805369600004e-05,9.44484161088e-05,6296.561073920001,3.821069965714287e-06,0.0014551604706384469,0.0013607120545296469,0.0013607120545296469,0.0013568909845639327,14.86643276008047,0.31482805369600003,0.944484161088,0.03821069965714287,13.568909845639327,False,True
2018-02-08,67768.1102313422,12674614.999151502,6337307.499575751,6337307.499575751,140.05390998532937,4.0,4.0,8.0,4.0,0.5,0.05000000000000001,0.25349229998303,0.25349229998303,0.25349229998303,0.50698459996606,0.001355362204626844,0.00010139691999321201,2.5349229998303003e-05,7.6047689994909e-05,5069.845999660601,2.8010781997065872e-06,0.001330012974628541,0.001253965284633632,0.001253965284633632,0.0012511642064339254,13.55362204626844,0.25349229998303,0.76047689994909,0.028010781997065873,12.511642064339254,False,True
2018-02-09,378872.07360552385,49999999.99999999,24999999.999999996,25000000.0,727.8353957920635,4.0,4.0,8.0,3.0,0.375,0.05,0.9999999999999999,0.9999999999999999,0.9999999999999999,1.9999999999999998,0.007577441472110477,0.00039999999999999996,9.999999999999999e-05,0.0002999999999999999,20000.0,1.455670791584127e-05,0.007477441472110477,0.007177441472110477,0.007177441472110477,0.007162884764194636,75.77441472110478,0.9999999999999999,2.999999999999999,0.14556707915841272,71.62884764194636,True,False
2018-02-12,3274.5350706046274,8990939.716400001,4495469.858200001,4495469.858200001,71.35666441587301,4.0,4.0,8.0,4.0,0.5,0.05000000000000001,0.17981879432800002,0.17981879432800002,0.17981879432800002,0.35963758865600004,6.549070141209255e-05,7.192751773120001e-05,1.7981879432800003e-05,5.39456382984e-05,3596.3758865600007,1.4271332883174602e-06,4.750882197929255e-05,-6.436816319107455e-06,-6.436816319107455e-06,-7.863949607424916e-06,0.6549070141209254,0.17981879432800002,0.539456382984,0.014271332883174602,-0.07863949607424917,False,True
2018-02-13,-13883.555600595191,8459704.45575,4229852.227875,4229852.227875,373.3338774900794,4.0,4.0,8.0,4.0,0.5,0.05000000000000001,0.169194089115,0.169194089115,0.169194089115,0.33838817823,-0.0002776711120119038,6.7677635646e-05,1.69194089115e-05,5.0758226734499995e-05,3383.8817823,7.466677549801588e-06,-0.0002945905209234038,-0.0003453487476579038,-0.0003453487476579038,-0.0003528154252077054,-2.7767111201190384,0.169194089115,0.5075822673449999,0.07466677549801588,-3.528154252077054,False,True
2018-02-14,7172.807794589023,7567282.8686999995,3783641.4343499998,3783641.43435,519.0890687976191,4.0,4.0,8.0,4.0,0.5,0.05,0.151345657374,0.151345657374,0.151345657374,0.302691314748,0.00014345615589178044,6.05382629496e-05,1.51345657374e-05,4.5403697212199994e-05,3026.91314748,1.0381781375952383e-05,0.00012832159015438045,8.291789294218046e-05,8.291789294218046e-05,7.253611156622808e-05,1.4345615589178045,0.15134565737400002,0.45403697212199995,0.10381781375952383,0.7253611156622808,False,True
2018-02-15,-8140.4096289070385,9714249.23445,4857124.617225,4857124.617225,571.2061096547618,4.0,4.0,8.0,4.0,0.5,0.05,0.194284984689,0.194284984689,0.194284984689,0.388569969378,-0.00016280819257814076,7.77139938756e-05,1.94284984689e-05,5.828549540669999e-05,3885.69969378,1.1424122193095236e-05,-0.00018223669104704075,-0.00024052218645374075,-0.00024052218645374075,-0.00025194630864683597,-1.6280819257814076,0.19428498468900002,0.5828549540669999,0.11424122193095236,-2.5194630864683596,False,True
2018-02-16,16644.32997728032,14014147.1112515,7007073.55562575,7007073.55562575,535.6441810929484,4.0,4.0,8.0,4.0,0.5,0.05,0.28028294222503,0.28028294222503,0.28028294222503,0.56056588445006,0.00033288659954560637,0.000112113176890012,2.8028294222503e-05,8.408488266750898e-05,5605.6588445006,1.0712883621858968e-05,0.00030485830532310336,0.0002207734226555944,0.0002207734226555944,0.00021006053903373543,3.3288659954560638,0.28028294222503,0.8408488266750898,0.10712883621858968,2.1006053903373543,False,True
2018-02-20,16653.3909233855,9572103.812450003,4786051.906225001,4786051.906225001,665.1747455555557,4.0,4.0,8.0,4.0,0.5,0.05,0.19144207624900006,0.19144207624900006,0.19144207624900006,0.3828841524980001,0.00033306781846771004,7.657683049960003e-05,1.9144207624900008e-05,5.7432622874700015e-05,3828.841524980002,1.3303494911111113e-05,0.00031392361084281006,0.00025649098796811005,0.00025649098796811005,0.00024318749305699894,3.3306781846771005,0.1914420762490001,0.5743262287470001,0.13303494911111113,2.4318749305699896,False,True
2018-02-21,32600.26158712767,14077387.59003,7038693.795015,7038693.795015,189.04337398214284,4.0,4.0,8.0,4.0,0.5,0.05,0.2815477518006,0.2815477518006,0.2815477518006,0.5630955036012,0.0006520052317425534,0.00011261910072024,2.815477518006e-05,8.446432554017999e-05,5630.955036012,3.780867479642857e-06,0.0006238504565624934,0.0005393861310223134,0.0005393861310223134,0.0005356052635426705,6.5200523174255345,0.2815477518006,0.8446432554017999,0.03780867479642857,5.356052635426705,False,True
2018-02-22,68696.9368535843,13789582.675099999,6894791.337549999,6894791.33755,241.45966485000002,4.0,4.0,8.0,4.0,0.5,0.05,0.27579165350199997,0.27579165350199997,0.27579165350199997,0.5515833070039999,0.001373938737071686,0.00011031666140079999,2.7579165350199998e-05,8.273749605059999e-05,5515.833070039999,4.829193297000001e-06,0.001346359571721486,0.001263622075670886,0.001263622075670886,0.001258792882373886,13.739387370716859,0.27579165350199997,0.8273749605059999,0.04829193297000001,12.587928823738862,False,True
2018-02-23,15968.75126082209,4668516.3481250005,2334258.1740625002,2334258.1740625002,119.05845004861114,4.0,4.0,8.0,4.0,0.5,0.05000000000000001,0.09337032696250001,0.09337032696250001,0.09337032696250001,0.18674065392500003,0.0003193750252164418,3.7348130785000006e-05,9.337032696250002e-06,2.8011098088750003e-05,1867.4065392500004,2.3811690009722227e-06,0.0003100379925201918,0.0002820268944314418,0.0002820268944314418,0.00027964572543046957,3.193750252164418,0.09337032696250001,0.2801109808875,0.023811690009722226,2.7964572543046957,False,True
2018-02-26,-21325.879349824674,18320623.93835,9160311.969175,9160311.969175,145.40177728849207,4.0,4.0,8.0,4.0,0.5,0.05,0.366412478767,0.366412478767,0.366412478767,0.732824957534,-0.00042651758699649347,0.00014656499150680002,3.6641247876700005e-05,0.00010992374363009999,7328.249575340001,2.9080355457698416e-06,-0.00046315883487319345,-0.0005730825785032934,-0.0005730825785032934,-0.0005759906140490632,-4.265175869964935,0.36641247876700006,1.0992374363009998,0.029080355457698416,-5.7599061404906315,False,True
2018-02-27,47580.68012423817,50000000.0,25000000.0,25000000.0,443.9067804761905,4.0,4.0,8.0,3.0,0.375,0.05,1.0,1.0,1.0,2.0,0.0009516136024847634,0.0004,0.0001,0.0003,20000.0,8.878135609523809e-06,0.0008516136024847633,0.0005516136024847633,0.0005516136024847633,0.0005427354668752395,9.516136024847635,1.0,2.9999999999999996,0.08878135609523809,5.427354668752394,True,False
2018-02-28,41048.32737803133,33367117.405,16683558.7025,16683558.7025,365.64340956349207,4.0,4.0,8.0,4.0,0.5,0.05,0.6673423481,0.6673423481,0.6673423481,1.3346846962,0.0008209665475606266,0.00026693693924,6.673423481e-05,0.00020020270443,13346.846962000001,7.312868191269841e-06,0.0007542323127506266,0.0005540296083206266,0.0005540296083206266,0.0005467167401293567,8.209665475606267,0.6673423481,2.0020270443,0.07312868191269842,5.467167401293567,False,True
2018-03-01,-155268.1069138202,31054776.571345,15527388.2856725,15527388.2856725,246.46648072496032,4.0,4.0,8.0,4.0,0.5,0.05,0.6210955314269,0.6210955314269,0.6210955314269,1.2421910628538,-0.003105362138276404,0.00024843821257076,6.210955314269e-05,0.00018632865942807,12421.910628538,4.929329614499206e-06,-0.003167471691419094,-0.003353800350847164,-0.003353800350847164,-0.003358729680461663,-31.053621382764042,0.6210955314269,1.8632865942807,0.04929329614499206,-33.58729680461663,False,True
2018-03-02,-168817.90440677016,50000000.0,25000000.0,25000000.0,396.8253968253968,4.0,4.0,8.0,2.0,0.25,0.05,1.0,1.0,1.0,2.0,-0.0033763580881354034,0.0004,0.0001,0.0003,20000.0,7.936507936507936e-06,-0.003476358088135403,-0.003776358088135403,-0.003776358088135403,-0.003784294596071911,-33.76358088135403,1.0,2.9999999999999996,0.07936507936507936,-37.84294596071911,True,False
2018-03-05,63063.402657046136,16073633.6407035,8036816.82035175,8036816.820351751,153.51704841828175,4.0,4.0,8.0,4.0,0.5,0.05000000000000001,0.32147267281407,0.32147267281407,0.32147267281407,0.64294534562814,0.0012612680531409227,0.000128589069125628,3.2147267281407e-05,9.644180184422099e-05,6429.4534562814,3.070340968365635e-06,0.0012291207858595157,0.0011326789840152946,0.0011326789840152946,0.001129608643046929,12.612680531409227,0.32147267281407,0.96441801844221,0.030703409683656348,11.29608643046929,False,True
2018-03-06,-7966.356170937284,8373069.8239615,4186534.91198075,4186534.91198075,142.81092412545632,4.0,4.0,8.0,4.0,0.5,0.05,0.16746139647923,0.16746139647923,0.16746139647923,0.33492279295846,-0.0001593271234187457,6.6984558591692e-05,1.6746139647923e-05,5.0238418943768995e-05,3349.2279295846,2.8562184825091263e-06,-0.0001760732630666687,-0.0002263116820104377,-0.0002263116820104377,-0.00022916790049294682,-1.5932712341874569,0.16746139647923003,0.5023841894376899,0.028562184825091264,-2.291679004929468,False,True
2018-03-07,49253.68011631553,24010840.993940502,12005420.496970251,12005420.496970251,461.5599329677817,4.0,4.0,8.0,4.0,0.5,0.05,0.48021681987881004,0.48021681987881004,0.48021681987881004,0.9604336397576201,0.0009850736023263107,0.00019208672795152401,4.8021681987881004e-05,0.000144065045963643,9604.3363975762,9.231198659355634e-06,0.0009370519203384298,0.0007929868743747867,0.0007929868743747867,0.0007837556757154311,9.850736023263106,0.48021681987881004,1.44065045963643,0.09231198659355634,7.837556757154311,False,True
2018-03-08,7376.505992275634,8304587.666749999,4152293.8333749995,4152293.833375,307.0216878313492,4.0,4.0,8.0,4.0,0.5,0.05,0.16609175333499998,0.16609175333499998,0.16609175333499998,0.33218350666999996,0.00014753011984551268,6.6436701334e-05,1.66091753335e-05,4.982752600049999e-05,3321.8350667,6.140433756626984e-06,0.00013092094451201268,8.10934185115127e-05,8.10934185115127e-05,7.49529847548857e-05,1.4753011984551267,0.166091753335,0.4982752600049999,0.06140433756626984,0.7495298475488571,False,True
2018-03-09,55537.82616832381,13920901.316549998,6960450.658274998,6960450.658275001,544.6503580634921,4.0,4.0,8.0,4.0,0.5,0.05000000000000001,0.27841802633099993,0.27841802633099993,0.27841802633099993,0.5568360526619999,0.001110756523366476,0.00011136721053239998,2.7841802633099994e-05,8.352540789929997e-05,5568.360526619999,1.0893007161269843e-05,0.0010829147207333761,0.0009993893128340762,0.0009993893128340762,0.0009884963056728062,11.107565233664761,0.27841802633099993,0.8352540789929997,0.10893007161269844,9.884963056728063,False,True
2018-03-12,72934.8269348245,13616407.615,6808203.807500001,6808203.8075,345.7644980952381,4.0,4.0,8.0,4.0,0.5,0.05,0.2723281523,0.2723281523,0.2723281523,0.5446563046,0.00145869653869649,0.00010893126092,2.723281523e-05,8.169844568999999e-05,5446.563046,6.915289961904762e-06,0.00143146372346649,0.0013497652777764901,0.0013497652777764901,0.0013428499878145855,14.5869653869649,0.2723281523,0.8169844568999999,0.06915289961904762,13.428499878145855,False,True
2018-03-13,363.3971431150708,6290092.25185,3145046.1259249994,3145046.1259250003,589.0261456777778,4.0,4.0,8.0,4.0,0.5,0.05,0.12580184503699998,0.12580184503699998,0.12580184503699998,0.25160369007399996,7.267942862301415e-06,5.0320738014799995e-05,1.2580184503699999e-05,3.774055351109999e-05,2516.0369007399995,1.1780522913555556e-05,-5.3122416413985835e-06,-4.3052795152498574e-05,-4.3052795152498574e-05,-5.483331806605413e-05,0.07267942862301416,0.12580184503699998,0.37740553511099995,0.11780522913555556,-0.5483331806605413,False,True
2018-03-14,-2652.4863892220674,8432651.1294,4216325.5647,4216325.5647,455.3959805436508,4.0,4.0,8.0,4.0,0.5,0.05,0.168653022588,0.168653022588,0.168653022588,0.337306045176,-5.304972778444135e-05,6.746120903520001e-05,1.6865302258800002e-05,5.059590677639999e-05,3373.0604517600004,9.107919610873016e-06,-6.991503004324134e-05,-0.00012051093681964134,-0.00012051093681964134,-0.00012961885643051436,-0.5304972778444135,0.16865302258800002,0.5059590677639999,0.09107919610873016,-1.2961885643051436,False,True
2018-03-15,19468.499038793314,25847934.72315,12923967.361575,12923967.361575,205.14233907261905,4.0,4.0,8.0,4.0,0.5,0.05,0.516958694463,0.516958694463,0.516958694463,1.033917388926,0.00038936998077586626,0.0002067834777852,5.16958694463e-05,0.0001550876083389,10339.17388926,4.102846781452381e-06,0.00033767411132956627,0.00018258650299066628,0.00018258650299066628,0.0001784836562092139,3.8936998077586624,0.516958694463,1.5508760833889998,0.04102846781452381,1.784836562092139,False,True
2018-03-16,-74174.32563433728,16198871.146700002,8099435.573350001,8099435.573350001,169.31738497380954,4.0,4.0,8.0,4.0,0.5,0.05000000000000001,0.32397742293400006,0.32397742293400006,0.32397742293400006,0.6479548458680001,-0.0014834865126867455,0.00012959096917360003,3.239774229340001e-05,9.719322688020001e-05,6479.548458680001,3.386347699476191e-06,-0.0015158842549801454,-0.0016130774818603453,-0.0016130774818603453,-0.0016164638295598215,-14.834865126867454,0.32397742293400006,0.9719322688020001,0.03386347699476191,-16.164638295598216,False,True
2018-03-19,3558.9659839777096,10361332.28075,5180666.140375,5180666.140375,115.33132987103176,4.0,4.0,8.0,4.0,0.5,0.05,0.207226645615,0.207226645615,0.207226645615,0.41445329123,7.11793196795542e-05,8.289065824600001e-05,2.0722664561500003e-05,6.21679936845e-05,4144.532912300001,2.306626597420635e-06,5.045665511805419e-05,-1.171133856644581e-05,-1.171133856644581e-05,-1.4017965163866446e-05,0.711793196795542,0.20722664561500004,0.621679936845,0.023066265974206353,-0.14017965163866447,False,True
2018-03-20,76104.02984229873,26733312.986900005,13366656.493450003,13366656.49345,368.97543307539684,4.0,4.0,8.0,4.0,0.5,0.05,0.5346662597380001,0.5346662597380001,0.5346662597380001,1.0693325194760002,0.0015220805968459744,0.00021386650389520004,5.346662597380001e-05,0.0001603998779214,10693.325194760002,7.379508661507937e-06,0.0014686139708721744,0.0013082140929507745,0.0013082140929507745,0.0013008345842892666,15.220805968459745,0.5346662597380001,1.603998779214,0.07379508661507937,13.008345842892666,False,True
2018-03-21,-77438.63089847297,20128699.867900003,10064349.933950001,10064349.933950001,525.3767891626985,4.0,4.0,8.0,4.0,0.5,0.05,0.40257399735800004,0.40257399735800004,0.40257399735800004,0.8051479947160001,-0.0015487726179694594,0.00016102959894320003,4.025739973580001e-05,0.0001207721992074,8051.479947160002,1.050753578325397e-05,-0.0015890300177052593,-0.0017098022169126593,-0.0017098022169126593,-0.0017203097526959134,-15.487726179694594,0.4025739973580001,1.2077219920739999,0.1050753578325397,-17.203097526959134,False,True
2018-03-22,-10924.757473860995,14928140.577999998,7464070.288999999,7464070.289,118.47730617460319,4.0,4.0,8.0,4.0,0.5,0.05,0.29856281156,0.29856281156,0.29856281156,0.59712562312,-0.00021849514947721988,0.00011942512462399999,2.9856281155999998e-05,8.956884346799999e-05,5971.2562312,2.3695461234920635e-06,-0.0002483514306332199,-0.0003379202741012199,-0.0003379202741012199,-0.00034028982022471196,-2.1849514947721986,0.29856281156,0.8956884346799999,0.023695461234920636,-3.4028982022471195,False,True
2018-03-23,571391.3939015039,49999999.99999999,24999999.999999996,25000000.0,396.82539682539687,4.0,4.0,8.0,3.0,0.375,0.05000000000000001,0.9999999999999999,0.9999999999999999,0.9999999999999999,1.9999999999999998,0.011427827878030077,0.00039999999999999996,9.999999999999999e-05,0.0002999999999999999,20000.0,7.936507936507938e-06,0.011327827878030078,0.011027827878030078,0.011027827878030078,0.01101989137009357,114.27827878030077,0.9999999999999999,2.999999999999999,0.07936507936507937,110.1989137009357,True,False
2018-03-26,36392.60977144764,24807686.265909,12403843.1329545,12403843.1329545,390.4804546789286,4.0,4.0,8.0,4.0,0.5,0.05,0.49615372531818003,0.49615372531818003,0.49615372531818003,0.9923074506363601,0.0007278521954289528,0.00019846149012727203,4.961537253181801e-05,0.000148846117595454,9923.074506363602,7.809609093578572e-06,0.0006782368228971348,0.0005293907053016808,0.0005293907053016808,0.0005215810962081023,7.278521954289528,0.4961537253181801,1.4884611759545399,0.07809609093578572,5.215810962081022,False,True
2018-03-27,-348823.6713193235,30454926.71305,15227463.356525,15227463.356525002,241.7057675638889,4.0,4.0,8.0,4.0,0.5,0.05,0.609098534261,0.609098534261,0.609098534261,1.218197068522,-0.00697647342638647,0.00024363941370440003,6.090985342610001e-05,0.00018272956027829998,12181.970685220002,4.834115351277778e-06,-0.00703738327981257,-0.00722011284009087,-0.00722011284009087,-0.007224946955442148,-69.7647342638647,0.609098534261,1.8272956027829999,0.04834115351277778,-72.24946955442148,False,True
2018-03-28,167140.66903878734,44618364.370000005,22309182.185000002,22309182.185000002,354.114002936508,4.0,4.0,8.0,4.0,0.5,0.05,0.8923672874,0.8923672874,0.8923672874,1.7847345748,0.003342813380775747,0.00035694691496000004,8.923672874000001e-05,0.00026771018622,17847.345748000003,7.0822800587301596e-06,0.003253576652035747,0.002985866465815747,0.002985866465815747,0.002978784185757017,33.42813380775747,0.8923672874,2.6771018622,0.0708228005873016,29.787841857570168,False,True
2018-03-29,-85237.67598827113,24748622.310000002,12374311.155000001,12374311.155000001,277.18518182539685,4.0,4.0,8.0,4.0,0.5,0.05000000000000001,0.4949724462,0.4949724462,0.4949724462,0.9899448924,-0.0017047535197654226,0.00019798897848000003,4.949724462000001e-05,0.00014849173386,9899.448924000002,5.543703636507937e-06,-0.0017542507643854225,-0.0019027424982454226,-0.0019027424982454226,-0.0019082862018819306,-17.047535197654227,0.4949724462000001,1.4849173386,0.05543703636507937,-19.082862018819306,False,True
2018-04-02,249327.93604750844,24999999.999999996,12499999.999999998,12500000.0,198.4126984126984,4.0,4.0,8.0,1.0,0.125,0.05,0.49999999999999994,0.49999999999999994,0.49999999999999994,0.9999999999999999,0.004986558720950169,0.00019999999999999998,4.9999999999999996e-05,0.00014999999999999996,10000.0,3.968253968253968e-06,0.004936558720950169,0.004786558720950169,0.004786558720950169,0.004782590466981916,49.86558720950169,0.49999999999999994,1.4999999999999996,0.03968253968253968,47.82590466981915,False,True
2018-04-03,-184883.09529064756,10170767.615777,5085383.8078885,5085383.8078885,80.72037790299207,4.0,4.0,8.0,4.0,0.5,0.05,0.20341535231554,0.20341535231554,0.20341535231554,0.40683070463108,-0.003697661905812951,8.1366140926216e-05,2.0341535231554e-05,6.1024605694662e-05,4068.3070463108,1.6144075580598414e-06,-0.0037180034410445053,-0.0037790280467391675,-0.0037790280467391675,-0.0037806424542972273,-36.976619058129515,0.20341535231554,0.6102460569466199,0.016144075580598414,-37.80642454297227,False,True
2018-04-04,116476.12279583525,50000000.0,25000000.0,25000000.0,396.82539682539687,4.0,4.0,8.0,1.0,0.125,0.05,1.0,1.0,1.0,2.0,0.002329522455916705,0.0004,0.0001,0.0003,20000.0,7.936507936507938e-06,0.0022295224559167053,0.0019295224559167054,0.0019295224559167054,0.0019215859479801973,23.29522455916705,1.0,2.9999999999999996,0.07936507936507937,19.215859479801974,True,False
2018-04-05,0.0,0.0,0.0,0.0,0.0,0.0,0.0,0.0,0.0,0.0,0.0,0.0,0.0,0.0,0.0,0.0,0.0,0.0,0.0,0.0,0.0,0.0,0.0,0.0,0.0,0.0,0.0,0.0,0.0,0.0,False,False
2018-04-06,82095.27588553705,22323212.2059,11161606.10295,11161606.10295,215.2148270563492,4.0,4.0,8.0,4.0,0.5,0.05,0.44646424411799995,0.44646424411799995,0.44646424411799995,0.8929284882359999,0.001641905517710741,0.00017858569764719998,4.4646424411799994e-05,0.00013393927323539998,8929.28488236,4.304296541126984e-06,0.001597259093298941,0.001463319820063541,0.001463319820063541,0.001459015523522414,16.41905517710741,0.44646424411799995,1.3393927323539998,0.04304296541126984,14.59015523522414,False,True
2018-04-09,302546.33226243884,25000000.0,12500000.0,12500000.000000002,198.41269841269843,4.0,4.0,8.0,2.0,0.25,0.05,0.5,0.5,0.5,1.0,0.006050926645248777,0.0002,5e-05,0.00015,10000.0,3.968253968253969e-06,0.006000926645248777,0.005850926645248777,0.005850926645248777,0.005846958391280524,60.50926645248777,0.5,1.4999999999999998,0.03968253968253969,58.46958391280524,False,True
2018-04-10,3638.24686649007,19344904.516500004,9672452.258250002,9672452.25825,271.5920463373016,4.0,4.0,8.0,4.0,0.5,0.05000000000000001,0.38689809033000006,0.38689809033000006,0.38689809033000006,0.7737961806600001,7.276493732980139e-05,0.00015475923613200002,3.8689809033000005e-05,0.00011606942709900001,7737.961806600001,5.4318409267460326e-06,3.4075128296801387e-05,-8.199429880219862e-05,-8.199429880219862e-05,-8.742613972894466e-05,0.7276493732980139,0.38689809033000006,1.16069427099,0.05431840926746032,-0.8742613972894465,False,True
2018-04-11,0.0,0.0,0.0,0.0,0.0,0.0,0.0,0.0,0.0,0.0,0.0,0.0,0.0,0.0,0.0,0.0,0.0,0.0,0.0,0.0,0.0,0.0,0.0,0.0,0.0,0.0,0.0,0.0,0.0,0.0,False,False
2018-04-12,31015.159550693865,10907397.692100001,5453698.846050001,5453698.84605,144.80837880555558,4.0,4.0,8.0,4.0,0.5,0.05,0.21814795384200003,0.21814795384200003,0.21814795384200003,0.43629590768400006,0.0006203031910138772,8.725918153680002e-05,2.1814795384200006e-05,6.54443861526e-05,4362.959076840001,2.8961675761111117e-06,0.0005984883956296772,0.0005330440094770772,0.0005330440094770772,0.0005301478419009661,6.2030319101387725,0.21814795384200006,0.654443861526,0.028961675761111118,5.30147841900966,False,True
2018-04-13,-26320.048082606794,19667314.049000002,9833657.024500001,9833657.0245,156.08979403968254,4.0,4.0,8.0,4.0,0.5,0.05,0.3933462809800001,0.3933462809800001,0.3933462809800001,0.7866925619600001,-0.0005264009616521359,0.00015733851239200004,3.933462809800001e-05,0.000118003884294,7866.9256196000015,3.121795880793651e-06,-0.0005657355897501358,-0.0006837394740441358,-0.0006837394740441358,-0.0006868612699249295,-5.264009616521358,0.3933462809800001,1.1800388429400002,0.03121795880793651,-6.868612699249295,False,True
2018-04-16,17043.018805486212,15898147.7224,7949073.8612,7949073.8612,126.17577557460318,4.0,4.0,8.0,4.0,0.5,0.05,0.317962954448,0.317962954448,0.317962954448,0.635925908896,0.0003408603761097242,0.0001271851817792,3.17962954448e-05,9.538888633439999e-05,6359.25908896,2.5235155114920636e-06,0.00030906408066492424,0.00021367519433052425,0.00021367519433052425,0.00021115167881903218,3.408603761097242,0.317962954448,0.9538888633439999,0.025235155114920634,2.111516788190322,False,True
2018-04-17,0.0,0.0,0.0,0.0,0.0,0.0,0.0,0.0,0.0,0.0,0.0,0.0,0.0,0.0,0.0,0.0,0.0,0.0,0.0,0.0,0.0,0.0,0.0,0.0,0.0,0.0,0.0,0.0,0.0,0.0,False,False
2018-04-18,-47269.010953277066,12553783.5515,6276891.77575,6276891.77575,221.05443433412697,4.0,4.0,8.0,4.0,0.5,0.05000000000000001,0.25107567103,0.25107567103,0.25107567103,0.50215134206,-0.0009453802190655413,0.00010043026841200001,2.5107567103000002e-05,7.532270130899999e-05,5021.5134206,4.42108868668254e-06,-0.0009704877861685413,-0.0010458104874775413,-0.0010458104874775413,-0.0010502315761642237,-9.453802190655413,0.25107567103,0.75322701309,0.044210886866825394,-10.502315761642237,False,True
2018-04-19,-2497.8892818737554,9237819.58805,4618909.794025,4618909.794025,73.3160284765873,4.0,4.0,8.0,4.0,0.5,0.05000000000000001,0.184756391761,0.184756391761,0.184756391761,0.369512783522,-4.995778563747511e-05,7.390255670440001e-05,1.8475639176100003e-05,5.5426917528299995e-05,3695.1278352200006,1.4663205695317461e-06,-6.843342481357512e-05,-0.00012386034234187511,-0.00012386034234187511,-0.00012532666291140685,-0.4995778563747511,0.18475639176100003,0.5542691752829999,0.014663205695317462,-1.2532666291140686,False,True
2018-04-20,36072.23862326275,11182965.26735,5591482.633675,5591482.633675,622.9819533059524,4.0,4.0,8.0,4.0,0.5,0.05,0.223659305347,0.223659305347,0.223659305347,0.447318610694,0.000721444772465255,8.94637221388e-05,2.23659305347e-05,6.709779160409999e-05,4473.18610694,1.2459639066119048e-05,0.000699078841930555,0.000631981050326455,0.000631981050326455,0.000619521411260336,7.214447724652549,0.22365930534700001,0.6709779160409999,0.12459639066119048,6.1952141126033595,False,True
2018-04-23,35887.994751239465,9681862.4676,4840931.2338,4840931.2338,601.3377303234126,4.0,4.0,8.0,4.0,0.5,0.05,0.193637249352,0.193637249352,0.193637249352,0.387274498704,0.0007177598950247893,7.74548997408e-05,1.93637249352e-05,5.809117480559999e-05,3872.7449870400005,1.2026754606468252e-05,0.0006983961700895893,0.0006403049952839893,0.0006403049952839893,0.000628278240677521,7.177598950247893,0.19363724935200002,0.5809117480559999,0.12026754606468253,6.28278240677521,False,True
2018-04-24,-2335.692737675623,4657779.822675,2328889.9113374995,2328889.9113375,138.55787791964286,3.0,3.0,6.0,3.0,0.5,0.05,0.0931555964535,0.0931555964535,0.0931555964535,0.186311192907,-4.671385475351246e-05,3.72622385814e-05,9.31555964535e-06,2.7946678936049996e-05,1863.11192907,2.771157558392857e-06,-5.602941439886246e-05,-8.397609333491245e-05,-8.397609333491245e-05,-8.67472508933053e-05,-0.4671385475351246,0.09315559645350001,0.27946678936049996,0.02771157558392857,-0.867472508933053,False,True
2018-04-25,118329.2681887079,8229925.660000001,4114962.8300000005,4114962.8300000005,138.09322190476192,3.0,3.0,6.0,3.0,0.5,0.05,0.16459851320000002,0.16459851320000002,0.16459851320000002,0.32919702640000004,0.002366585363774158,6.583940528000001e-05,1.6459851320000002e-05,4.937955396e-05,3291.9702640000005,2.7618644380952384e-06,0.002350125512454158,0.002300745958494158,0.002300745958494158,0.0022979840940560627,23.66585363774158,0.16459851320000002,0.4937955396,0.027618644380952385,22.979840940560628,False,True
2018-04-26,84530.99321341222,12828209.413700001,6414104.706850001,6414104.70685,255.55351609920635,4.0,4.0,8.0,4.0,0.5,0.05,0.256564188274,0.256564188274,0.256564188274,0.513128376548,0.0016906198642682444,0.00010262567530960002,2.5656418827400004e-05,7.69692564822e-05,5131.2837654800005,5.111070321984127e-06,0.0016649634454408444,0.0015879941889586444,0.0015879941889586444,0.0015828831186366604,16.906198642682444,0.256564188274,0.769692564822,0.05111070321984127,15.828831186366603,False,True
2018-04-27,-3940.6949891344584,8573293.796050001,4286646.8980250005,4286646.8980250005,102.79797584166667,4.0,4.0,8.0,4.0,0.5,0.05,0.17146587592100002,0.17146587592100002,0.17146587592100002,0.34293175184200003,-7.881389978268917e-05,6.858635036840001e-05,1.7146587592100002e-05,5.14397627763e-05,3429.3175184200004,2.0559595168333334e-06,-9.596048737478918e-05,-0.0001474002501510892,-0.0001474002501510892,-0.00014945620966792252,-0.7881389978268917,0.17146587592100002,0.514397627763,0.020559595168333333,-1.4945620966792252,False,True
2018-04-30,-3339.2417932646076,8817586.44355,4408793.221775,4408793.221775,137.88231093452382,4.0,4.0,8.0,4.0,0.5,0.05,0.176351728871,0.176351728871,0.176351728871,0.352703457742,-6.678483586529216e-05,7.05406915484e-05,1.76351728871e-05,5.29055186613e-05,3527.0345774200005,2.7576462186904765e-06,-8.442000875239216e-05,-0.00013732552741369216,-0.00013732552741369216,-0.00014008317363238264,-0.6678483586529216,0.176351728871,0.529055186613,0.027576462186904765,-1.4008317363238263,False,True
2018-05-01,-43513.873523243965,18162173.16375,9081086.581875,9081086.581875,144.14423145833334,3.0,3.0,6.0,3.0,0.5,0.05,0.363243463275,0.363243463275,0.363243463275,0.72648692655,-0.0008702774704648793,0.00014529738531,3.63243463275e-05,0.0001089730389825,7264.8692655,2.882884629166667e-06,-0.0009066018167923793,-0.0010155748557748793,-0.0010155748557748793,-0.001018457740404046,-8.702774704648792,0.363243463275,1.089730389825,0.028828846291666668,-10.184577404040459,False,True
2018-05-02,-9667.620406608392,5981025.6832,2990512.8416,2990512.8416000004,47.46845780317461,3.0,3.0,6.0,3.0,0.5,0.05,0.11962051366399999,0.11962051366399999,0.11962051366399999,0.23924102732799998,-0.00019335240813216783,4.78482054656e-05,1.19620513664e-05,3.5886154099199996e-05,2392.4102732799997,9.493691560634922e-07,-0.00020531445949856784,-0.00024120061359776782,-0.00024120061359776782,-0.00024214998275383132,-1.9335240813216783,0.11962051366399999,0.35886154099199996,0.009493691560634922,-2.4214998275383133,False,True
2018-05-03,0.0,0.0,0.0,0.0,0.0,0.0,0.0,0.0,0.0,0.0,0.0,0.0,0.0,0.0,0.0,0.0,0.0,0.0,0.0,0.0,0.0,0.0,0.0,0.0,0.0,0.0,0.0,0.0,0.0,0.0,False,False
2018-05-04,0.0,0.0,0.0,0.0,0.0,0.0,0.0,0.0,0.0,0.0,0.0,0.0,0.0,0.0,0.0,0.0,0.0,0.0,0.0,0.0,0.0,0.0,0.0,0.0,0.0,0.0,0.0,0.0,0.0,0.0,False,False
2018-05-07,0.0,0.0,0.0,0.0,0.0,0.0,0.0,0.0,0.0,0.0,0.0,0.0,0.0,0.0,0.0,0.0,0.0,0.0,0.0,0.0,0.0,0.0,0.0,0.0,0.0,0.0,0.0,0.0,0.0,0.0,False,False
2018-05-08,0.0,0.0,0.0,0.0,0.0,0.0,0.0,0.0,0.0,0.0,0.0,0.0,0.0,0.0,0.0,0.0,0.0,0.0,0.0,0.0,0.0,0.0,0.0,0.0,0.0,0.0,0.0,0.0,0.0,0.0,False,False
2018-05-09,0.0,0.0,0.0,0.0,0.0,0.0,0.0,0.0,0.0,0.0,0.0,0.0,0.0,0.0,0.0,0.0,0.0,0.0,0.0,0.0,0.0,0.0,0.0,0.0,0.0,0.0,0.0,0.0,0.0,0.0,False,False
2018-05-10,0.0,0.0,0.0,0.0,0.0,0.0,0.0,0.0,0.0,0.0,0.0,0.0,0.0,0.0,0.0,0.0,0.0,0.0,0.0,0.0,0.0,0.0,0.0,0.0,0.0,0.0,0.0,0.0,0.0,0.0,False,False
2018-05-11,0.0,0.0,0.0,0.0,0.0,0.0,0.0,0.0,0.0,0.0,0.0,0.0,0.0,0.0,0.0,0.0,0.0,0.0,0.0,0.0,0.0,0.0,0.0,0.0,0.0,0.0,0.0,0.0,0.0,0.0,False,False
2018-05-14,0.0,0.0,0.0,0.0,0.0,0.0,0.0,0.0,0.0,0.0,0.0,0.0,0.0,0.0,0.0,0.0,0.0,0.0,0.0,0.0,0.0,0.0,0.0,0.0,0.0,0.0,0.0,0.0,0.0,0.0,False,False
2018-05-15,0.0,0.0,0.0,0.0,0.0,0.0,0.0,0.0,0.0,0.0,0.0,0.0,0.0,0.0,0.0,0.0,0.0,0.0,0.0,0.0,0.0,0.0,0.0,0.0,0.0,0.0,0.0,0.0,0.0,0.0,False,False
2018-05-16,0.0,0.0,0.0,0.0,0.0,0.0,0.0,0.0,0.0,0.0,0.0,0.0,0.0,0.0,0.0,0.0,0.0,0.0,0.0,0.0,0.0,0.0,0.0,0.0,0.0,0.0,0.0,0.0,0.0,0.0,False,False
2018-05-17,0.0,0.0,0.0,0.0,0.0,0.0,0.0,0.0,0.0,0.0,0.0,0.0,0.0,0.0,0.0,0.0,0.0,0.0,0.0,0.0,0.0,0.0,0.0,0.0,0.0,0.0,0.0,0.0,0.0,0.0,False,False
2018-05-18,0.0,0.0,0.0,0.0,0.0,0.0,0.0,0.0,0.0,0.0,0.0,0.0,0.0,0.0,0.0,0.0,0.0,0.0,0.0,0.0,0.0,0.0,0.0,0.0,0.0,0.0,0.0,0.0,0.0,0.0,False,False
2018-05-21,0.0,0.0,0.0,0.0,0.0,0.0,0.0,0.0,0.0,0.0,0.0,0.0,0.0,0.0,0.0,0.0,0.0,0.0,0.0,0.0,0.0,0.0,0.0,0.0,0.0,0.0,0.0,0.0,0.0,0.0,False,False
2018-05-22,0.0,0.0,0.0,0.0,0.0,0.0,0.0,0.0,0.0,0.0,0.0,0.0,0.0,0.0,0.0,0.0,0.0,0.0,0.0,0.0,0.0,0.0,0.0,0.0,0.0,0.0,0.0,0.0,0.0,0.0,False,False
2018-05-23,0.0,0.0,0.0,0.0,0.0,0.0,0.0,0.0,0.0,0.0,0.0,0.0,0.0,0.0,0.0,0.0,0.0,0.0,0.0,0.0,0.0,0.0,0.0,0.0,0.0,0.0,0.0,0.0,0.0,0.0,False,False
2018-05-24,0.0,0.0,0.0,0.0,0.0,0.0,0.0,0.0,0.0,0.0,0.0,0.0,0.0,0.0,0.0,0.0,0.0,0.0,0.0,0.0,0.0,0.0,0.0,0.0,0.0,0.0,0.0,0.0,0.0,0.0,False,False
2018-05-25,0.0,0.0,0.0,0.0,0.0,0.0,0.0,0.0,0.0,0.0,0.0,0.0,0.0,0.0,0.0,0.0,0.0,0.0,0.0,0.0,0.0,0.0,0.0,0.0,0.0,0.0,0.0,0.0,0.0,0.0,False,False
2018-05-29,0.0,0.0,0.0,0.0,0.0,0.0,0.0,0.0,0.0,0.0,0.0,0.0,0.0,0.0,0.0,0.0,0.0,0.0,0.0,0.0,0.0,0.0,0.0,0.0,0.0,0.0,0.0,0.0,0.0,0.0,False,False
2018-05-30,0.0,0.0,0.0,0.0,0.0,0.0,0.0,0.0,0.0,0.0,0.0,0.0,0.0,0.0,0.0,0.0,0.0,0.0,0.0,0.0,0.0,0.0,0.0,0.0,0.0,0.0,0.0,0.0,0.0,0.0,False,False
2018-05-31,0.0,0.0,0.0,0.0,0.0,0.0,0.0,0.0,0.0,0.0,0.0,0.0,0.0,0.0,0.0,0.0,0.0,0.0,0.0,0.0,0.0,0.0,0.0,0.0,0.0,0.0,0.0,0.0,0.0,0.0,False,False
2018-06-01,0.0,0.0,0.0,0.0,0.0,0.0,0.0,0.0,0.0,0.0,0.0,0.0,0.0,0.0,0.0,0.0,0.0,0.0,0.0,0.0,0.0,0.0,0.0,0.0,0.0,0.0,0.0,0.0,0.0,0.0,False,False
2018-06-04,0.0,0.0,0.0,0.0,0.0,0.0,0.0,0.0,0.0,0.0,0.0,0.0,0.0,0.0,0.0,0.0,0.0,0.0,0.0,0.0,0.0,0.0,0.0,0.0,0.0,0.0,0.0,0.0,0.0,0.0,False,False
2018-06-05,0.0,0.0,0.0,0.0,0.0,0.0,0.0,0.0,0.0,0.0,0.0,0.0,0.0,0.0,0.0,0.0,0.0,0.0,0.0,0.0,0.0,0.0,0.0,0.0,0.0,0.0,0.0,0.0,0.0,0.0,False,False
2018-06-06,0.0,0.0,0.0,0.0,0.0,0.0,0.0,0.0,0.0,0.0,0.0,0.0,0.0,0.0,0.0,0.0,0.0,0.0,0.0,0.0,0.0,0.0,0.0,0.0,0.0,0.0,0.0,0.0,0.0,0.0,False,False
2018-06-07,0.0,0.0,0.0,0.0,0.0,0.0,0.0,0.0,0.0,0.0,0.0,0.0,0.0,0.0,0.0,0.0,0.0,0.0,0.0,0.0,0.0,0.0,0.0,0.0,0.0,0.0,0.0,0.0,0.0,0.0,False,False
2018-06-08,0.0,0.0,0.0,0.0,0.0,0.0,0.0,0.0,0.0,0.0,0.0,0.0,0.0,0.0,0.0,0.0,0.0,0.0,0.0,0.0,0.0,0.0,0.0,0.0,0.0,0.0,0.0,0.0,0.0,0.0,False,False
2018-06-11,0.0,0.0,0.0,0.0,0.0,0.0,0.0,0.0,0.0,0.0,0.0,0.0,0.0,0.0,0.0,0.0,0.0,0.0,0.0,0.0,0.0,0.0,0.0,0.0,0.0,0.0,0.0,0.0,0.0,0.0,False,False
2018-06-12,0.0,0.0,0.0,0.0,0.0,0.0,0.0,0.0,0.0,0.0,0.0,0.0,0.0,0.0,0.0,0.0,0.0,0.0,0.0,0.0,0.0,0.0,0.0,0.0,0.0,0.0,0.0,0.0,0.0,0.0,False,False
2018-06-13,0.0,0.0,0.0,0.0,0.0,0.0,0.0,0.0,0.0,0.0,0.0,0.0,0.0,0.0,0.0,0.0,0.0,0.0,0.0,0.0,0.0,0.0,0.0,0.0,0.0,0.0,0.0,0.0,0.0,0.0,False,False
2018-06-14,0.0,0.0,0.0,0.0,0.0,0.0,0.0,0.0,0.0,0.0,0.0,0.0,0.0,0.0,0.0,0.0,0.0,0.0,0.0,0.0,0.0,0.0,0.0,0.0,0.0,0.0,0.0,0.0,0.0,0.0,False,False
2018-06-15,0.0,0.0,0.0,0.0,0.0,0.0,0.0,0.0,0.0,0.0,0.0,0.0,0.0,0.0,0.0,0.0,0.0,0.0,0.0,0.0,0.0,0.0,0.0,0.0,0.0,0.0,0.0,0.0,0.0,0.0,False,False
2018-06-18,0.0,0.0,0.0,0.0,0.0,0.0,0.0,0.0,0.0,0.0,0.0,0.0,0.0,0.0,0.0,0.0,0.0,0.0,0.0,0.0,0.0,0.0,0.0,0.0,0.0,0.0,0.0,0.0,0.0,0.0,False,False
2018-06-19,0.0,0.0,0.0,0.0,0.0,0.0,0.0,0.0,0.0,0.0,0.0,0.0,0.0,0.0,0.0,0.0,0.0,0.0,0.0,0.0,0.0,0.0,0.0,0.0,0.0,0.0,0.0,0.0,0.0,0.0,False,False
2018-06-20,0.0,0.0,0.0,0.0,0.0,0.0,0.0,0.0,0.0,0.0,0.0,0.0,0.0,0.0,0.0,0.0,0.0,0.0,0.0,0.0,0.0,0.0,0.0,0.0,0.0,0.0,0.0,0.0,0.0,0.0,False,False
2018-06-21,0.0,0.0,0.0,0.0,0.0,0.0,0.0,0.0,0.0,0.0,0.0,0.0,0.0,0.0,0.0,0.0,0.0,0.0,0.0,0.0,0.0,0.0,0.0,0.0,0.0,0.0,0.0,0.0,0.0,0.0,False,False
2018-06-22,-102923.97560691246,21891424.64624,10945712.32312,10945712.32312,243.9754924304762,4.0,4.0,8.0,4.0,0.5,0.05,0.4378284929248,0.4378284929248,0.4378284929248,0.8756569858496,-0.002058479512138249,0.00017513139716992,4.378284929248e-05,0.00013134854787744,8756.569858496,4.879509848609524e-06,-0.0021022623614307292,-0.002233610909308169,-0.002233610909308169,-0.002238490419156779,-20.58479512138249,0.4378284929248,1.3134854787744,0.048795098486095236,-22.384904191567788,False,True
2018-06-25,0.0,0.0,0.0,0.0,0.0,0.0,0.0,0.0,0.0,0.0,0.0,0.0,0.0,0.0,0.0,0.0,0.0,0.0,0.0,0.0,0.0,0.0,0.0,0.0,0.0,0.0,0.0,0.0,0.0,0.0,False,False
2018-06-26,94328.19356058851,25000000.0,12500000.0,12500000.0,198.4126984126984,4.0,4.0,8.0,0.0,0.0,0.038377799951735646,0.5,0.5,0.5,1.0,0.0018865638712117702,0.0002,5e-05,0.00015,10000.0,3.968253968253968e-06,0.0018365638712117703,0.0016865638712117703,0.0016865638712117703,0.0016825956172435163,18.8656387121177,0.5,1.4999999999999998,0.03968253968253968,16.825956172435163,False,True
2018-06-27,0.0,0.0,0.0,0.0,0.0,0.0,0.0,0.0,0.0,0.0,0.0,0.0,0.0,0.0,0.0,0.0,0.0,0.0,0.0,0.0,0.0,0.0,0.0,0.0,0.0,0.0,0.0,0.0,0.0,0.0,False,False
2018-06-28,122573.38738236748,25000000.0,12500000.0,12499999.999999998,198.4126984126984,4.0,4.0,8.0,1.0,0.125,0.05,0.5,0.5,0.5,1.0,0.0024514677476473496,0.0002,5e-05,0.00015,10000.0,3.968253968253968e-06,0.0024014677476473494,0.0022514677476473495,0.0022514677476473495,0.0022474994936790955,24.514677476473494,0.5,1.4999999999999998,0.03968253968253968,22.474994936790953,False,True
2018-06-29,0.0,0.0,0.0,0.0,0.0,0.0,0.0,0.0,0.0,0.0,0.0,0.0,0.0,0.0,0.0,0.0,0.0,0.0,0.0,0.0,0.0,0.0,0.0,0.0,0.0,0.0,0.0,0.0,0.0,0.0,False,False
2018-07-02,-27357.039738166597,16226498.685000002,8113249.342500001,8113249.3425,128.7817355952381,4.0,4.0,8.0,4.0,0.5,0.05,0.32452997370000003,0.32452997370000003,0.32452997370000003,0.6490599474000001,-0.000547140794763332,0.00012981198948000002,3.2452997370000005e-05,9.735899211e-05,6490.599474000001,2.5756347119047622e-06,-0.000579593792133332,-0.000676952784243332,-0.000676952784243332,-0.0006795284189552368,-5.4714079476333195,0.32452997370000003,0.9735899211,0.02575634711904762,-6.795284189552368,False,True
2018-07-03,0.0,0.0,0.0,0.0,0.0,0.0,0.0,0.0,0.0,0.0,0.0,0.0,0.0,0.0,0.0,0.0,0.0,0.0,0.0,0.0,0.0,0.0,0.0,0.0,0.0,0.0,0.0,0.0,0.0,0.0,False,False
2018-07-05,-28213.46167724187,8393342.16475,4196671.082375,4196671.082375,66.61382670436508,4.0,4.0,8.0,4.0,0.5,0.05,0.167866843295,0.167866843295,0.167866843295,0.33573368659,-0.0005642692335448374,6.714673731800001e-05,1.6786684329500003e-05,5.03600529885e-05,3357.3368659000007,1.3322765340873017e-06,-0.0005810559178743374,-0.0006314159708628375,-0.0006314159708628375,-0.0006327482473969248,-5.642692335448374,0.16786684329500004,0.503600529885,0.013322765340873018,-6.327482473969248,False,True
2018-07-06,0.0,0.0,0.0,0.0,0.0,0.0,0.0,0.0,0.0,0.0,0.0,0.0,0.0,0.0,0.0,0.0,0.0,0.0,0.0,0.0,0.0,0.0,0.0,0.0,0.0,0.0,0.0,0.0,0.0,0.0,False,False
2018-07-09,0.0,0.0,0.0,0.0,0.0,0.0,0.0,0.0,0.0,0.0,0.0,0.0,0.0,0.0,0.0,0.0,0.0,0.0,0.0,0.0,0.0,0.0,0.0,0.0,0.0,0.0,0.0,0.0,0.0,0.0,False,False
2018-07-10,0.0,0.0,0.0,0.0,0.0,0.0,0.0,0.0,0.0,0.0,0.0,0.0,0.0,0.0,0.0,0.0,0.0,0.0,0.0,0.0,0.0,0.0,0.0,0.0,0.0,0.0,0.0,0.0,0.0,0.0,False,False
2018-07-11,0.0,0.0,0.0,0.0,0.0,0.0,0.0,0.0,0.0,0.0,0.0,0.0,0.0,0.0,0.0,0.0,0.0,0.0,0.0,0.0,0.0,0.0,0.0,0.0,0.0,0.0,0.0,0.0,0.0,0.0,False,False
2018-07-12,0.0,0.0,0.0,0.0,0.0,0.0,0.0,0.0,0.0,0.0,0.0,0.0,0.0,0.0,0.0,0.0,0.0,0.0,0.0,0.0,0.0,0.0,0.0,0.0,0.0,0.0,0.0,0.0,0.0,0.0,False,False
2018-07-13,0.0,0.0,0.0,0.0,0.0,0.0,0.0,0.0,0.0,0.0,0.0,0.0,0.0,0.0,0.0,0.0,0.0,0.0,0.0,0.0,0.0,0.0,0.0,0.0,0.0,0.0,0.0,0.0,0.0,0.0,False,False
2018-07-16,0.0,0.0,0.0,0.0,0.0,0.0,0.0,0.0,0.0,0.0,0.0,0.0,0.0,0.0,0.0,0.0,0.0,0.0,0.0,0.0,0.0,0.0,0.0,0.0,0.0,0.0,0.0,0.0,0.0,0.0,False,False
2018-07-17,0.0,0.0,0.0,0.0,0.0,0.0,0.0,0.0,0.0,0.0,0.0,0.0,0.0,0.0,0.0,0.0,0.0,0.0,0.0,0.0,0.0,0.0,0.0,0.0,0.0,0.0,0.0,0.0,0.0,0.0,False,False
2018-07-18,0.0,0.0,0.0,0.0,0.0,0.0,0.0,0.0,0.0,0.0,0.0,0.0,0.0,0.0,0.0,0.0,0.0,0.0,0.0,0.0,0.0,0.0,0.0,0.0,0.0,0.0,0.0,0.0,0.0,0.0,False,False
2018-07-19,0.0,0.0,0.0,0.0,0.0,0.0,0.0,0.0,0.0,0.0,0.0,0.0,0.0,0.0,0.0,0.0,0.0,0.0,0.0,0.0,0.0,0.0,0.0,0.0,0.0,0.0,0.0,0.0,0.0,0.0,False,False
2018-07-20,-137744.15550634253,20723392.0293,10361696.01465,10361696.01465,361.15266719444446,4.0,4.0,8.0,4.0,0.5,0.05,0.414467840586,0.414467840586,0.414467840586,0.828935681172,-0.002754883110126851,0.0001657871362344,4.14467840586e-05,0.0001243403521758,8289.356811720001,7.223053343888889e-06,-0.0027963298941854507,-0.0029206702463612506,-0.0029206702463612506,-0.0029278932997051396,-27.548831101268508,0.41446784058600006,1.243403521758,0.0722305334388889,-29.278932997051395,False,True
2018-07-23,46864.40890488154,20734820.39915,10367410.199575,10367410.199575,238.91436873611113,4.0,4.0,8.0,4.0,0.5,0.05,0.414696407983,0.414696407983,0.414696407983,0.829392815966,0.0009372881780976307,0.0001658785631932,4.14696407983e-05,0.0001244089223949,8293.92815966,4.7782873747222224e-06,0.0008958185372993307,0.0007714096149044308,0.0007714096149044308,0.0007666313275297086,9.372881780976307,0.414696407983,1.244089223949,0.047782873747222225,7.666313275297086,False,True
2018-07-24,-4805.119875538374,8661374.537625,4330687.2688125,4330687.2688125,68.74106775892857,4.0,4.0,8.0,4.0,0.5,0.05,0.1732274907525,0.1732274907525,0.1732274907525,0.346454981505,-9.610239751076748e-05,6.9290996301e-05,1.732274907525e-05,5.196824722574999e-05,3464.5498150500002,1.3748213551785713e-06,-0.00011342514658601747,-0.00016539339381176746,-0.00016539339381176746,-0.00016676821516694603,-0.9610239751076748,0.17322749075250002,0.5196824722574999,0.013748213551785713,-1.6676821516694602,False,True
2018-07-25,-34614.064940309596,8045732.224861499,4022866.1124307495,4022866.1124307495,297.6185326973135,3.0,3.0,6.0,3.0,0.5,0.05,0.16091464449722997,0.16091464449722997,0.16091464449722997,0.32182928899445995,-0.0006922812988061919,6.436585779889199e-05,1.6091464449722997e-05,4.827439334916899e-05,3218.292889944599,5.952370653946271e-06,-0.0007083727632559149,-0.0007566471566050839,-0.0007566471566050839,-0.0007625995272590301,-6.922812988061919,0.16091464449722997,0.4827439334916899,0.059523706539462706,-7.625995272590301,False,True
2018-07-26,35470.89196880044,21620425.0652175,10810212.53260875,10810212.53260875,389.1929032556945,4.0,4.0,8.0,4.0,0.5,0.05,0.43240850130435,0.43240850130435,0.43240850130435,0.8648170026087,0.0007094178393760087,0.00017296340052174,4.3240850130435e-05,0.000129722550391305,8648.170026087,7.78385806511389e-06,0.0006661769892455738,0.0005364544388542688,0.0005364544388542688,0.0005286705807891549,7.094178393760087,0.43240850130435,1.2972255039130498,0.0778385806511389,5.286705807891549,False,True
2018-07-27,0.0,0.0,0.0,0.0,0.0,0.0,0.0,0.0,0.0,0.0,0.0,0.0,0.0,0.0,0.0,0.0,0.0,0.0,0.0,0.0,0.0,0.0,0.0,0.0,0.0,0.0,0.0,0.0,0.0,0.0,False,False
2018-07-30,0.0,0.0,0.0,0.0,0.0,0.0,0.0,0.0,0.0,0.0,0.0,0.0,0.0,0.0,0.0,0.0,0.0,0.0,0.0,0.0,0.0,0.0,0.0,0.0,0.0,0.0,0.0,0.0,0.0,0.0,False,False
2018-07-31,0.0,0.0,0.0,0.0,0.0,0.0,0.0,0.0,0.0,0.0,0.0,0.0,0.0,0.0,0.0,0.0,0.0,0.0,0.0,0.0,0.0,0.0,0.0,0.0,0.0,0.0,0.0,0.0,0.0,0.0,False,False
2018-08-01,0.0,0.0,0.0,0.0,0.0,0.0,0.0,0.0,0.0,0.0,0.0,0.0,0.0,0.0,0.0,0.0,0.0,0.0,0.0,0.0,0.0,0.0,0.0,0.0,0.0,0.0,0.0,0.0,0.0,0.0,False,False
2018-08-02,0.0,0.0,0.0,0.0,0.0,0.0,0.0,0.0,0.0,0.0,0.0,0.0,0.0,0.0,0.0,0.0,0.0,0.0,0.0,0.0,0.0,0.0,0.0,0.0,0.0,0.0,0.0,0.0,0.0,0.0,False,False
2018-08-03,0.0,0.0,0.0,0.0,0.0,0.0,0.0,0.0,0.0,0.0,0.0,0.0,0.0,0.0,0.0,0.0,0.0,0.0,0.0,0.0,0.0,0.0,0.0,0.0,0.0,0.0,0.0,0.0,0.0,0.0,False,False
2018-08-06,0.0,0.0,0.0,0.0,0.0,0.0,0.0,0.0,0.0,0.0,0.0,0.0,0.0,0.0,0.0,0.0,0.0,0.0,0.0,0.0,0.0,0.0,0.0,0.0,0.0,0.0,0.0,0.0,0.0,0.0,False,False
2018-08-07,0.0,0.0,0.0,0.0,0.0,0.0,0.0,0.0,0.0,0.0,0.0,0.0,0.0,0.0,0.0,0.0,0.0,0.0,0.0,0.0,0.0,0.0,0.0,0.0,0.0,0.0,0.0,0.0,0.0,0.0,False,False
2018-08-08,0.0,0.0,0.0,0.0,0.0,0.0,0.0,0.0,0.0,0.0,0.0,0.0,0.0,0.0,0.0,0.0,0.0,0.0,0.0,0.0,0.0,0.0,0.0,0.0,0.0,0.0,0.0,0.0,0.0,0.0,False,False
2018-08-09,0.0,0.0,0.0,0.0,0.0,0.0,0.0,0.0,0.0,0.0,0.0,0.0,0.0,0.0,0.0,0.0,0.0,0.0,0.0,0.0,0.0,0.0,0.0,0.0,0.0,0.0,0.0,0.0,0.0,0.0,False,False
2018-08-10,0.0,0.0,0.0,0.0,0.0,0.0,0.0,0.0,0.0,0.0,0.0,0.0,0.0,0.0,0.0,0.0,0.0,0.0,0.0,0.0,0.0,0.0,0.0,0.0,0.0,0.0,0.0,0.0,0.0,0.0,False,False
2018-08-13,0.0,0.0,0.0,0.0,0.0,0.0,0.0,0.0,0.0,0.0,0.0,0.0,0.0,0.0,0.0,0.0,0.0,0.0,0.0,0.0,0.0,0.0,0.0,0.0,0.0,0.0,0.0,0.0,0.0,0.0,False,False
2018-08-14,0.0,0.0,0.0,0.0,0.0,0.0,0.0,0.0,0.0,0.0,0.0,0.0,0.0,0.0,0.0,0.0,0.0,0.0,0.0,0.0,0.0,0.0,0.0,0.0,0.0,0.0,0.0,0.0,0.0,0.0,False,False
2018-08-15,0.0,0.0,0.0,0.0,0.0,0.0,0.0,0.0,0.0,0.0,0.0,0.0,0.0,0.0,0.0,0.0,0.0,0.0,0.0,0.0,0.0,0.0,0.0,0.0,0.0,0.0,0.0,0.0,0.0,0.0,False,False
2018-08-16,0.0,0.0,0.0,0.0,0.0,0.0,0.0,0.0,0.0,0.0,0.0,0.0,0.0,0.0,0.0,0.0,0.0,0.0,0.0,0.0,0.0,0.0,0.0,0.0,0.0,0.0,0.0,0.0,0.0,0.0,False,False
2018-08-17,0.0,0.0,0.0,0.0,0.0,0.0,0.0,0.0,0.0,0.0,0.0,0.0,0.0,0.0,0.0,0.0,0.0,0.0,0.0,0.0,0.0,0.0,0.0,0.0,0.0,0.0,0.0,0.0,0.0,0.0,False,False
2018-08-20,0.0,0.0,0.0,0.0,0.0,0.0,0.0,0.0,0.0,0.0,0.0,0.0,0.0,0.0,0.0,0.0,0.0,0.0,0.0,0.0,0.0,0.0,0.0,0.0,0.0,0.0,0.0,0.0,0.0,0.0,False,False
2018-08-21,0.0,0.0,0.0,0.0,0.0,0.0,0.0,0.0,0.0,0.0,0.0,0.0,0.0,0.0,0.0,0.0,0.0,0.0,0.0,0.0,0.0,0.0,0.0,0.0,0.0,0.0,0.0,0.0,0.0,0.0,False,False
2018-08-22,0.0,0.0,0.0,0.0,0.0,0.0,0.0,0.0,0.0,0.0,0.0,0.0,0.0,0.0,0.0,0.0,0.0,0.0,0.0,0.0,0.0,0.0,0.0,0.0,0.0,0.0,0.0,0.0,0.0,0.0,False,False
2018-08-23,0.0,0.0,0.0,0.0,0.0,0.0,0.0,0.0,0.0,0.0,0.0,0.0,0.0,0.0,0.0,0.0,0.0,0.0,0.0,0.0,0.0,0.0,0.0,0.0,0.0,0.0,0.0,0.0,0.0,0.0,False,False
2018-08-24,0.0,0.0,0.0,0.0,0.0,0.0,0.0,0.0,0.0,0.0,0.0,0.0,0.0,0.0,0.0,0.0,0.0,0.0,0.0,0.0,0.0,0.0,0.0,0.0,0.0,0.0,0.0,0.0,0.0,0.0,False,False
2018-08-27,0.0,0.0,0.0,0.0,0.0,0.0,0.0,0.0,0.0,0.0,0.0,0.0,0.0,0.0,0.0,0.0,0.0,0.0,0.0,0.0,0.0,0.0,0.0,0.0,0.0,0.0,0.0,0.0,0.0,0.0,False,False
2018-08-28,0.0,0.0,0.0,0.0,0.0,0.0,0.0,0.0,0.0,0.0,0.0,0.0,0.0,0.0,0.0,0.0,0.0,0.0,0.0,0.0,0.0,0.0,0.0,0.0,0.0,0.0,0.0,0.0,0.0,0.0,False,False
2018-08-29,0.0,0.0,0.0,0.0,0.0,0.0,0.0,0.0,0.0,0.0,0.0,0.0,0.0,0.0,0.0,0.0,0.0,0.0,0.0,0.0,0.0,0.0,0.0,0.0,0.0,0.0,0.0,0.0,0.0,0.0,False,False
2018-08-30,0.0,0.0,0.0,0.0,0.0,0.0,0.0,0.0,0.0,0.0,0.0,0.0,0.0,0.0,0.0,0.0,0.0,0.0,0.0,0.0,0.0,0.0,0.0,0.0,0.0,0.0,0.0,0.0,0.0,0.0,False,False
2018-08-31,0.0,0.0,0.0,0.0,0.0,0.0,0.0,0.0,0.0,0.0,0.0,0.0,0.0,0.0,0.0,0.0,0.0,0.0,0.0,0.0,0.0,0.0,0.0,0.0,0.0,0.0,0.0,0.0,0.0,0.0,False,False
2018-09-04,0.0,0.0,0.0,0.0,0.0,0.0,0.0,0.0,0.0,0.0,0.0,0.0,0.0,0.0,0.0,0.0,0.0,0.0,0.0,0.0,0.0,0.0,0.0,0.0,0.0,0.0,0.0,0.0,0.0,0.0,False,False
2018-09-05,0.0,0.0,0.0,0.0,0.0,0.0,0.0,0.0,0.0,0.0,0.0,0.0,0.0,0.0,0.0,0.0,0.0,0.0,0.0,0.0,0.0,0.0,0.0,0.0,0.0,0.0,0.0,0.0,0.0,0.0,False,False
2018-09-06,-153551.1656481186,12585107.720500002,6292553.860250001,6292553.860250001,490.06142278968264,4.0,4.0,8.0,4.0,0.5,0.05,0.25170215441000005,0.25170215441000005,0.25170215441000005,0.5034043088200001,-0.0030710233129623717,0.00010068086176400002,2.5170215441000006e-05,7.5510646323e-05,5034.043088200001,9.801228455793652e-06,-0.0030961935284033715,-0.0031717041747263714,-0.0031717041747263714,-0.003181505403182165,-30.710233129623717,0.25170215441000005,0.7551064632300001,0.09801228455793652,-31.81505403182165,False,True
2018-09-07,92895.67759678517,13541158.053000001,6770579.026500001,6770579.026500001,684.9183923908731,4.0,4.0,8.0,4.0,0.5,0.05,0.27082316106000004,0.27082316106000004,0.27082316106000004,0.5416463221200001,0.0018579135519357034,0.00010832926442400002,2.7082316106000004e-05,8.1246948318e-05,5416.463221200001,1.3698367847817463e-05,0.0018308312358297034,0.0017495842875117035,0.0017495842875117035,0.001735885919663886,18.579135519357035,0.27082316106000004,0.81246948318,0.13698367847817464,17.35885919663886,False,True
2018-09-10,-171474.2936819401,25000000.0,12500000.0,12500000.0,451.6705915343915,4.0,4.0,8.0,1.0,0.125,0.05,0.5,0.5,0.5,1.0,-0.003429485873638802,0.0002,5e-05,0.00015,10000.0,9.033411830687831e-06,-0.003479485873638802,-0.003629485873638802,-0.003629485873638802,-0.00363851928546949,-34.294858736388015,0.5,1.4999999999999998,0.0903341183068783,-36.3851928546949,False,True
2018-09-11,0.0,0.0,0.0,0.0,0.0,0.0,0.0,0.0,0.0,0.0,0.0,0.0,0.0,0.0,0.0,0.0,0.0,0.0,0.0,0.0,0.0,0.0,0.0,0.0,0.0,0.0,0.0,0.0,0.0,0.0,False,False
2018-09-12,21794.027907609907,9170147.793550001,4585073.896775001,4585073.896775001,240.13880860912704,4.0,4.0,8.0,4.0,0.5,0.05,0.18340295587100003,0.18340295587100003,0.18340295587100003,0.36680591174200006,0.00043588055815219816,7.336118234840002e-05,1.8340295587100004e-05,5.50208867613e-05,3668.059117420001,4.802776172182541e-06,0.0004175402625650982,0.0003625193758037982,0.0003625193758037982,0.00035771659963161563,4.358805581521982,0.18340295587100003,0.550208867613,0.04802776172182541,3.577165996316156,False,True
2018-09-13,33194.197899921906,22614528.755930502,11307264.377965251,11307264.377965251,565.3445751222422,4.0,4.0,8.0,4.0,0.5,0.05,0.45229057511861004,0.45229057511861004,0.45229057511861004,0.9045811502372201,0.0006638839579984382,0.00018091623004744403,4.5229057511861007e-05,0.000135687172535583,9045.811502372202,1.1306891502444844e-05,0.0006186549004865772,0.0004829677279509942,0.0004829677279509942,0.00047166083644854936,6.638839579984381,0.45229057511861004,1.35687172535583,0.11306891502444844,4.716608364485493,False,True
2018-09-14,0.0,0.0,0.0,0.0,0.0,0.0,0.0,0.0,0.0,0.0,0.0,0.0,0.0,0.0,0.0,0.0,0.0,0.0,0.0,0.0,0.0,0.0,0.0,0.0,0.0,0.0,0.0,0.0,0.0,0.0,False,False
2018-09-17,0.0,0.0,0.0,0.0,0.0,0.0,0.0,0.0,0.0,0.0,0.0,0.0,0.0,0.0,0.0,0.0,0.0,0.0,0.0,0.0,0.0,0.0,0.0,0.0,0.0,0.0,0.0,0.0,0.0,0.0,False,False
2018-09-18,0.0,0.0,0.0,0.0,0.0,0.0,0.0,0.0,0.0,0.0,0.0,0.0,0.0,0.0,0.0,0.0,0.0,0.0,0.0,0.0,0.0,0.0,0.0,0.0,0.0,0.0,0.0,0.0,0.0,0.0,False,False
2018-09-19,0.0,0.0,0.0,0.0,0.0,0.0,0.0,0.0,0.0,0.0,0.0,0.0,0.0,0.0,0.0,0.0,0.0,0.0,0.0,0.0,0.0,0.0,0.0,0.0,0.0,0.0,0.0,0.0,0.0,0.0,False,False
2018-09-20,0.0,0.0,0.0,0.0,0.0,0.0,0.0,0.0,0.0,0.0,0.0,0.0,0.0,0.0,0.0,0.0,0.0,0.0,0.0,0.0,0.0,0.0,0.0,0.0,0.0,0.0,0.0,0.0,0.0,0.0,False,False
2018-09-21,0.0,0.0,0.0,0.0,0.0,0.0,0.0,0.0,0.0,0.0,0.0,0.0,0.0,0.0,0.0,0.0,0.0,0.0,0.0,0.0,0.0,0.0,0.0,0.0,0.0,0.0,0.0,0.0,0.0,0.0,False,False
2018-09-24,0.0,0.0,0.0,0.0,0.0,0.0,0.0,0.0,0.0,0.0,0.0,0.0,0.0,0.0,0.0,0.0,0.0,0.0,0.0,0.0,0.0,0.0,0.0,0.0,0.0,0.0,0.0,0.0,0.0,0.0,False,False
2018-09-25,0.0,0.0,0.0,0.0,0.0,0.0,0.0,0.0,0.0,0.0,0.0,0.0,0.0,0.0,0.0,0.0,0.0,0.0,0.0,0.0,0.0,0.0,0.0,0.0,0.0,0.0,0.0,0.0,0.0,0.0,False,False
2018-09-26,0.0,0.0,0.0,0.0,0.0,0.0,0.0,0.0,0.0,0.0,0.0,0.0,0.0,0.0,0.0,0.0,0.0,0.0,0.0,0.0,0.0,0.0,0.0,0.0,0.0,0.0,0.0,0.0,0.0,0.0,False,False
2018-09-27,0.0,0.0,0.0,0.0,0.0,0.0,0.0,0.0,0.0,0.0,0.0,0.0,0.0,0.0,0.0,0.0,0.0,0.0,0.0,0.0,0.0,0.0,0.0,0.0,0.0,0.0,0.0,0.0,0.0,0.0,False,False
2018-09-28,0.0,0.0,0.0,0.0,0.0,0.0,0.0,0.0,0.0,0.0,0.0,0.0,0.0,0.0,0.0,0.0,0.0,0.0,0.0,0.0,0.0,0.0,0.0,0.0,0.0,0.0,0.0,0.0,0.0,0.0,False,False
2018-10-01,0.0,0.0,0.0,0.0,0.0,0.0,0.0,0.0,0.0,0.0,0.0,0.0,0.0,0.0,0.0,0.0,0.0,0.0,0.0,0.0,0.0,0.0,0.0,0.0,0.0,0.0,0.0,0.0,0.0,0.0,False,False
2018-10-02,0.0,0.0,0.0,0.0,0.0,0.0,0.0,0.0,0.0,0.0,0.0,0.0,0.0,0.0,0.0,0.0,0.0,0.0,0.0,0.0,0.0,0.0,0.0,0.0,0.0,0.0,0.0,0.0,0.0,0.0,False,False
2018-10-03,-61013.05629787756,13983937.6801,6991968.84005,6991968.840050001,177.8010157150794,4.0,4.0,8.0,4.0,0.5,0.05,0.279678753602,0.279678753602,0.279678753602,0.559357507204,-0.0012202611259575513,0.0001118715014408,2.79678753602e-05,8.39036260806e-05,5593.57507204,3.556020314301588e-06,-0.0012482290013177513,-0.0013321326273983513,-0.0013321326273983513,-0.0013356886477126528,-12.202611259575512,0.279678753602,0.839036260806,0.03556020314301588,-13.356886477126528,False,True
2018-10-04,0.0,0.0,0.0,0.0,0.0,0.0,0.0,0.0,0.0,0.0,0.0,0.0,0.0,0.0,0.0,0.0,0.0,0.0,0.0,0.0,0.0,0.0,0.0,0.0,0.0,0.0,0.0,0.0,0.0,0.0,False,False
2018-10-05,-69867.96724951456,13101307.540000001,6550653.7700000005,6550653.7700000005,247.9594812698413,4.0,4.0,8.0,4.0,0.5,0.05,0.2620261508,0.2620261508,0.2620261508,0.5240523016,-0.0013973593449902913,0.00010481046032000002,2.6202615080000005e-05,7.860784524e-05,5240.523016000001,4.9591896253968255e-06,-0.0014235619600702913,-0.0015021698053102914,-0.0015021698053102914,-0.0015071289949356882,-13.973593449902912,0.2620261508000001,0.7860784524,0.04959189625396825,-15.071289949356883,False,True
2018-10-08,15672.871627128345,25000000.0,12500000.0,12500000.0,474.5079868619047,4.0,4.0,8.0,2.0,0.25,0.05,0.5,0.5,0.5,1.0,0.00031345743254256687,0.0002,5e-05,0.00015,10000.0,9.490159737238094e-06,0.00026345743254256685,0.00011345743254256686,0.00011345743254256686,0.00010396727280532877,3.134574325425669,0.5,1.4999999999999998,0.09490159737238095,1.0396727280532878,False,True
2018-10-09,-34442.02844277803,25000000.0,12500000.0,12500000.0,500.50480825396824,4.0,4.0,8.0,3.0,0.375,0.05000000000000001,0.5,0.5,0.5,1.0,-0.0006888405688555606,0.0002,5e-05,0.00015,10000.0,1.0010096165079364e-05,-0.0007388405688555606,-0.0008888405688555605,-0.0008888405688555605,-0.0008988506650206399,-6.888405688555606,0.5,1.4999999999999998,0.10010096165079364,-8.988506650206398,False,True
2018-10-10,0.0,0.0,0.0,0.0,0.0,0.0,0.0,0.0,0.0,0.0,0.0,0.0,0.0,0.0,0.0,0.0,0.0,0.0,0.0,0.0,0.0,0.0,0.0,0.0,0.0,0.0,0.0,0.0,0.0,0.0,False,False
2018-10-11,567296.3159997733,25000000.0,12500000.0,12500000.0,465.5343996031746,4.0,4.0,8.0,1.0,0.125,0.05,0.5,0.5,0.5,1.0,0.011345926319995467,0.0002,5e-05,0.00015,10000.0,9.310687992063492e-06,0.011295926319995467,0.011145926319995466,0.011145926319995466,0.011136615632003403,113.45926319995466,0.5,1.4999999999999998,0.09310687992063492,111.36615632003404,False,True
2018-10-12,17662.6094028859,11671219.142150002,5835609.571075001,5835609.571075001,673.6456108000001,4.0,4.0,8.0,4.0,0.5,0.05,0.23342438284300004,0.23342438284300004,0.23342438284300004,0.4668487656860001,0.000353252188057718,9.336975313720002e-05,2.3342438284300005e-05,7.00273148529e-05,4668.487656860001,1.3472912216000002e-05,0.000329909749773418,0.000259882434920518,0.000259882434920518,0.000246409522704518,3.53252188057718,0.23342438284300004,0.700273148529,0.13472912216000002,2.4640952270451804,False,True
2018-10-15,0.0,0.0,0.0,0.0,0.0,0.0,0.0,0.0,0.0,0.0,0.0,0.0,0.0,0.0,0.0,0.0,0.0,0.0,0.0,0.0,0.0,0.0,0.0,0.0,0.0,0.0,0.0,0.0,0.0,0.0,False,False
2018-10-16,63226.570378208955,10569574.721350001,5284787.360675001,5284787.360675001,475.1397899313492,4.0,4.0,8.0,4.0,0.5,0.05,0.21139149442700003,0.21139149442700003,0.21139149442700003,0.42278298885400006,0.0012645314075641792,8.455659777080002e-05,2.1139149442700004e-05,6.34174483281e-05,4227.829888540001,9.502795798626984e-06,0.0012433922581214791,0.0011799748097933791,0.0011799748097933791,0.001170472013994752,12.645314075641792,0.21139149442700003,0.634174483281,0.09502795798626984,11.70472013994752,False,True
2018-10-17,-22966.112674277698,18105480.8687,9052740.43435,9052740.43435,487.65144110079365,4.0,4.0,8.0,4.0,0.5,0.05,0.36210961737400005,0.36210961737400005,0.36210961737400005,0.7242192347480001,-0.00045932225348555396,0.00014484384694960002,3.6210961737400005e-05,0.00010863288521220001,7242.192347480001,9.753028822015873e-06,-0.000495533215222954,-0.000604166100435154,-0.000604166100435154,-0.0006139191292571698,-4.593222534855539,0.36210961737400005,1.086328852122,0.09753028822015873,-6.139191292571699,False,True
2018-10-18,-145760.82963660578,25000000.0,12500000.0,12500000.0,563.4466366269842,4.0,4.0,8.0,3.0,0.375,0.05,0.5,0.5,0.5,1.0,-0.0029152165927321155,0.0002,5e-05,0.00015,10000.0,1.1268932732539684e-05,-0.0029652165927321157,-0.0031152165927321156,-0.0031152165927321156,-0.0031264855254646553,-29.152165927321157,0.5,1.4999999999999998,0.11268932732539684,-31.26485525464655,False,True
2018-10-19,82325.85867191065,25000000.0,12500000.0,12500000.0,198.41269841269843,4.0,4.0,8.0,3.0,0.375,0.05,0.5,0.5,0.5,1.0,0.0016465171734382131,0.0002,5e-05,0.00015,10000.0,3.968253968253969e-06,0.0015965171734382132,0.0014465171734382133,0.0014465171734382133,0.0014425489194699592,16.46517173438213,0.5,1.4999999999999998,0.03968253968253969,14.425489194699592,False,True
2018-10-22,-160580.16475779633,16427469.50315,8213734.751575,8213734.751575,206.5255949456349,4.0,4.0,8.0,4.0,0.5,0.05,0.328549390063,0.328549390063,0.328549390063,0.657098780126,-0.0032116032951559265,0.00013141975602520001,3.2854939006300004e-05,9.856481701889999e-05,6570.987801260001,4.130511898912698e-06,-0.0032444582341622265,-0.0033430230511811263,-0.0033430230511811263,-0.003347153563080039,-32.11603295155926,0.32854939006300005,0.9856481701889999,0.04130511898912698,-33.47153563080039,False,True
2018-10-23,-95796.33993012892,25000000.0,12500000.0,12500000.0,198.4126984126984,4.0,4.0,8.0,0.0,0.0,0.03384805665100609,0.5,0.5,0.5,1.0,-0.0019159267986025783,0.0002,5e-05,0.00015,10000.0,3.968253968253968e-06,-0.0019659267986025784,-0.0021159267986025783,-0.0021159267986025783,-0.0021198950525708323,-19.15926798602578,0.5,1.4999999999999998,0.03968253968253968,-21.198950525708323,False,True
2018-10-24,72905.25320309686,25000000.0,12500000.0,12500000.0,198.41269841269843,3.0,3.0,6.0,0.0,0.0,0.0449473196351562,0.5,0.5,0.5,1.0,0.001458105064061937,0.0002,5e-05,0.00015,10000.0,3.968253968253969e-06,0.0014081050640619372,0.0012581050640619372,0.0012581050640619372,0.0012541368100936832,14.58105064061937,0.5,1.4999999999999998,0.03968253968253969,12.541368100936833,False,True
2018-10-25,-510645.70645339706,25000000.0,12500000.0,12500000.0,198.4126984126984,4.0,4.0,8.0,0.0,0.0,0.02735984171493,0.5,0.5,0.5,1.0,-0.01021291412906794,0.0002,5e-05,0.00015,10000.0,3.968253968253968e-06,-0.01026291412906794,-0.010412914129067941,-0.010412914129067941,-0.010416882383036195,-102.1291412906794,0.5,1.4999999999999998,0.03968253968253968,-104.16882383036196,False,True
2018-10-26,237834.10379017572,25000000.0,12500000.0,12500000.0,198.4126984126984,4.0,4.0,8.0,0.0,0.0,0.02630641812967475,0.5,0.5,0.5,1.0,0.004756682075803514,0.0002,5e-05,0.00015,10000.0,3.968253968253968e-06,0.004706682075803515,0.004556682075803515,0.004556682075803515,0.004552713821835261,47.56682075803514,0.5,1.4999999999999998,0.03968253968253968,45.52713821835261,False,True
2018-10-29,-279371.15895179147,25000000.0,12500000.0,12500000.0,198.4126984126984,4.0,4.0,8.0,0.0,0.0,0.02714757130651446,0.5,0.5,0.5,1.0,-0.00558742317903583,0.0002,5e-05,0.00015,10000.0,3.968253968253968e-06,-0.0056374231790358295,-0.0057874231790358294,-0.0057874231790358294,-0.005791391433004083,-55.874231790358294,0.5,1.4999999999999998,0.03968253968253968,-57.91391433004083,False,True
2018-10-30,443652.3904839302,25000000.0,12500000.0,12499999.999999998,198.41269841269838,4.0,4.0,8.0,3.0,0.375,0.049999999999999996,0.5,0.5,0.5,1.0,0.008873047809678604,0.0002,5e-05,0.00015,10000.0,3.968253968253967e-06,0.008823047809678604,0.008673047809678603,0.008673047809678603,0.008669079555710349,88.73047809678604,0.5,1.4999999999999998,0.03968253968253967,86.69079555710348,False,True
2018-10-31,29004.836365479772,6935276.9932,3467638.4966,3467638.4966,109.26715846507938,4.0,4.0,8.0,4.0,0.5,0.05,0.138705539864,0.138705539864,0.138705539864,0.277411079728,0.0005800967273095955,5.54822159456e-05,1.38705539864e-05,4.16116619592e-05,2774.11079728,2.1853431693015876e-06,0.0005662261733231955,0.0005246145113639955,0.0005246145113639955,0.0005224291681946939,5.800967273095955,0.138705539864,0.41611661959199997,0.021853431693015877,5.224291681946939,False,True
2018-11-01,0.0,0.0,0.0,0.0,0.0,0.0,0.0,0.0,0.0,0.0,0.0,0.0,0.0,0.0,0.0,0.0,0.0,0.0,0.0,0.0,0.0,0.0,0.0,0.0,0.0,0.0,0.0,0.0,0.0,0.0,False,False
2018-11-02,-98681.99604592267,25000000.0,12500000.0,12500000.0,332.575064352381,4.0,4.0,8.0,3.0,0.375,0.05,0.5,0.5,0.5,1.0,-0.0019736399209184536,0.0002,5e-05,0.00015,10000.0,6.65150128704762e-06,-0.0020236399209184537,-0.0021736399209184537,-0.0021736399209184537,-0.0021802914222055015,-19.736399209184537,0.5,1.4999999999999998,0.0665150128704762,-21.802914222055016,False,True
2018-11-05,0.0,0.0,0.0,0.0,0.0,0.0,0.0,0.0,0.0,0.0,0.0,0.0,0.0,0.0,0.0,0.0,0.0,0.0,0.0,0.0,0.0,0.0,0.0,0.0,0.0,0.0,0.0,0.0,0.0,0.0,False,False
2018-11-06,113107.5526547092,16569105.270632003,8284552.635316002,8284552.635316,344.48947989174604,4.0,4.0,8.0,4.0,0.5,0.05,0.33138210541264007,0.33138210541264007,0.33138210541264007,0.6627642108252801,0.002262151053094184,0.00013255284216505604,3.313821054126401e-05,9.941463162379201e-05,6627.642108252802,6.889789597834921e-06,0.00222901284255292,0.0021295982109291282,0.0021295982109291282,0.0021227084213312933,22.62151053094184,0.33138210541264007,0.9941463162379202,0.06889789597834921,21.22708421331293,False,True
2018-11-07,0.0,0.0,0.0,0.0,0.0,0.0,0.0,0.0,0.0,0.0,0.0,0.0,0.0,0.0,0.0,0.0,0.0,0.0,0.0,0.0,0.0,0.0,0.0,0.0,0.0,0.0,0.0,0.0,0.0,0.0,False,False
2018-11-08,0.0,0.0,0.0,0.0,0.0,0.0,0.0,0.0,0.0,0.0,0.0,0.0,0.0,0.0,0.0,0.0,0.0,0.0,0.0,0.0,0.0,0.0,0.0,0.0,0.0,0.0,0.0,0.0,0.0,0.0,False,False
2018-11-09,-124017.18806149182,25000000.0,12500000.0,12500000.0,218.2256385714286,4.0,4.0,8.0,2.0,0.25,0.05,0.5,0.5,0.5,1.0,-0.0024803437612298364,0.0002,5e-05,0.00015,10000.0,4.364512771428572e-06,-0.0025303437612298365,-0.0026803437612298365,-0.0026803437612298365,-0.002684708274001265,-24.803437612298364,0.5,1.4999999999999998,0.04364512771428572,-26.84708274001265,False,True
2018-11-12,0.0,0.0,0.0,0.0,0.0,0.0,0.0,0.0,0.0,0.0,0.0,0.0,0.0,0.0,0.0,0.0,0.0,0.0,0.0,0.0,0.0,0.0,0.0,0.0,0.0,0.0,0.0,0.0,0.0,0.0,False,False
2018-11-13,298047.14117895014,25000000.0,12500000.0,12500000.0,198.41269841269843,4.0,4.0,8.0,1.0,0.125,0.05,0.5,0.5,0.5,1.0,0.005960942823579003,0.0002,5e-05,0.00015,10000.0,3.968253968253969e-06,0.005910942823579003,0.005760942823579003,0.005760942823579003,0.00575697456961075,59.609428235790034,0.5,1.4999999999999998,0.03968253968253969,57.569745696107496,False,True
2018-11-14,0.0,0.0,0.0,0.0,0.0,0.0,0.0,0.0,0.0,0.0,0.0,0.0,0.0,0.0,0.0,0.0,0.0,0.0,0.0,0.0,0.0,0.0,0.0,0.0,0.0,0.0,0.0,0.0,0.0,0.0,False,False
2018-11-15,-561106.8552345377,25000000.0,12500000.0,12500000.0,198.41269841269843,4.0,4.0,8.0,3.0,0.375,0.05,0.5,0.5,0.5,1.0,-0.011222137104690754,0.0002,5e-05,0.00015,10000.0,3.968253968253969e-06,-0.011272137104690754,-0.011422137104690755,-0.011422137104690755,-0.01142610535865901,-112.22137104690755,0.5,1.4999999999999998,0.03968253968253969,-114.2610535865901,False,True
2018-11-16,0.0,0.0,0.0,0.0,0.0,0.0,0.0,0.0,0.0,0.0,0.0,0.0,0.0,0.0,0.0,0.0,0.0,0.0,0.0,0.0,0.0,0.0,0.0,0.0,0.0,0.0,0.0,0.0,0.0,0.0,False,False
2018-11-19,-795804.5182568497,25000000.0,12500000.0,12500000.0,198.41269841269843,4.0,4.0,8.0,3.0,0.375,0.05,0.5,0.5,0.5,1.0,-0.015916090365136994,0.0002,5e-05,0.00015,10000.0,3.968253968253969e-06,-0.015966090365136996,-0.016116090365136997,-0.016116090365136997,-0.01612005861910525,-159.16090365136995,0.5,1.4999999999999998,0.03968253968253969,-161.20058619105248,False,True
2018-11-20,922284.2022743967,49999999.99999999,24999999.999999996,25000000.0,396.8253968253968,4.0,4.0,8.0,1.0,0.125,0.05,0.9999999999999999,0.9999999999999999,0.9999999999999999,1.9999999999999998,0.018445684045487933,0.00039999999999999996,9.999999999999999e-05,0.0002999999999999999,20000.0,7.936507936507936e-06,0.018345684045487934,0.018045684045487932,0.018045684045487932,0.018037747537551423,184.45684045487934,0.9999999999999999,2.999999999999999,0.07936507936507936,180.37747537551422,True,False
2018-11-21,-95088.86154824779,25000000.0,12500000.0,12500000.0,198.4126984126984,4.0,4.0,8.0,0.0,0.0,0.027821938613541097,0.5,0.5,0.5,1.0,-0.0019017772309649558,0.0002,5e-05,0.00015,10000.0,3.968253968253968e-06,-0.0019517772309649557,-0.002101777230964956,-0.002101777230964956,-0.00210574548493321,-19.01777230964956,0.5,1.4999999999999998,0.03968253968253968,-21.0574548493321,False,True
2018-11-23,249800.48476794802,25000000.0,12500000.0,12500000.0,198.41269841269843,4.0,4.0,8.0,1.0,0.125,0.049999999999999996,0.5,0.5,0.5,1.0,0.0049960096953589606,0.0002,5e-05,0.00015,10000.0,3.968253968253969e-06,0.004946009695358961,0.004796009695358961,0.004796009695358961,0.004792041441390707,49.960096953589606,0.5,1.4999999999999998,0.03968253968253969,47.920414413907075,False,True
2018-11-26,-141084.89869104058,25000000.0,12500000.0,12500000.0,519.105571388889,4.0,4.0,8.0,2.0,0.25,0.05,0.5,0.5,0.5,1.0,-0.0028216979738208115,0.0002,5e-05,0.00015,10000.0,1.038211142777778e-05,-0.0028716979738208116,-0.0030216979738208116,-0.0030216979738208116,-0.0030320800852485894,-28.216979738208114,0.5,1.4999999999999998,0.10382111427777779,-30.320800852485895,False,True
2018-11-27,195620.02802069217,25000000.0,12500000.0,12500000.0,281.2276342174603,4.0,4.0,8.0,2.0,0.25,0.05,0.5,0.5,0.5,1.0,0.003912400560413844,0.0002,5e-05,0.00015,10000.0,5.6245526843492065e-06,0.0038624005604138436,0.0037124005604138436,0.0037124005604138436,0.0037067760077294943,39.12400560413844,0.5,1.4999999999999998,0.056245526843492065,37.06776007729494,False,True
2018-11-28,0.0,0.0,0.0,0.0,0.0,0.0,0.0,0.0,0.0,0.0,0.0,0.0,0.0,0.0,0.0,0.0,0.0,0.0,0.0,0.0,0.0,0.0,0.0,0.0,0.0,0.0,0.0,0.0,0.0,0.0,False,False
2018-11-29,27708.733942803185,25000000.0,12500000.0,12500000.0,547.4485822904762,4.0,4.0,8.0,2.0,0.25,0.05,0.5,0.5,0.5,1.0,0.0005541746788560636,0.0002,5e-05,0.00015,10000.0,1.0948971645809524e-05,0.0005041746788560636,0.00035417467885606366,0.00035417467885606366,0.0003432257072102541,5.541746788560636,0.5,1.4999999999999998,0.10948971645809524,3.432257072102541,False,True
2018-11-30,0.0,0.0,0.0,0.0,0.0,0.0,0.0,0.0,0.0,0.0,0.0,0.0,0.0,0.0,0.0,0.0,0.0,0.0,0.0,0.0,0.0,0.0,0.0,0.0,0.0,0.0,0.0,0.0,0.0,0.0,False,False
2018-12-03,-2941.2715149286173,5083654.691950001,2541827.3459750004,2541827.3459750004,201.73232904563494,4.0,4.0,8.0,4.0,0.5,0.05,0.10167309383900001,0.10167309383900001,0.10167309383900001,0.20334618767800003,-5.882543029857235e-05,4.066923753560001e-05,1.0167309383900002e-05,3.0501928151700003e-05,2033.4618767800005,4.034646580912699e-06,-6.899273968247234e-05,-9.949466783417234e-05,-9.949466783417234e-05,-0.00010352931441508504,-0.5882543029857235,0.10167309383900001,0.30501928151700003,0.040346465809126986,-1.0352931441508504,False,True
2018-12-04,0.0,0.0,0.0,0.0,0.0,0.0,0.0,0.0,0.0,0.0,0.0,0.0,0.0,0.0,0.0,0.0,0.0,0.0,0.0,0.0,0.0,0.0,0.0,0.0,0.0,0.0,0.0,0.0,0.0,0.0,False,False
2018-12-06,5528.374328588926,50000000.0,25000000.0,25000000.0,396.82539682539687,4.0,4.0,8.0,2.0,0.25,0.05,1.0,1.0,1.0,2.0,0.00011056748657177852,0.0004,0.0001,0.0003,20000.0,7.936507936507938e-06,1.056748657177851e-05,-0.00028943251342822144,-0.00028943251342822144,-0.0002973690213647294,1.105674865717785,1.0,2.9999999999999996,0.07936507936507937,-2.973690213647294,True,False
2018-12-07,-122494.5627130334,25000000.0,12500000.0,12500000.0,346.4656080952381,4.0,4.0,8.0,2.0,0.25,0.05,0.5,0.5,0.5,1.0,-0.002449891254260668,0.0002,5e-05,0.00015,10000.0,6.929312161904762e-06,-0.0024998912542606683,-0.002649891254260668,-0.002649891254260668,-0.002656820566422573,-24.498912542606682,0.5,1.4999999999999998,0.06929312161904762,-26.568205664225733,False,True
2018-12-10,596398.4490351438,50000000.0,25000000.0,25000000.0,396.8253968253968,4.0,4.0,8.0,2.0,0.25,0.05,1.0,1.0,1.0,2.0,0.011927968980702877,0.0004,0.0001,0.0003,20000.0,7.936507936507936e-06,0.011827968980702878,0.011527968980702878,0.011527968980702878,0.01152003247276637,119.27968980702877,1.0,2.9999999999999996,0.07936507936507936,115.20032472766371,True,False
2018-12-11,120013.22620300257,25000000.0,12500000.0,12500000.0,198.4126984126984,4.0,4.0,8.0,0.0,0.0,0.025551394641978833,0.5,0.5,0.5,1.0,0.0024002645240600515,0.0002,5e-05,0.00015,10000.0,3.968253968253968e-06,0.0023502645240600513,0.0022002645240600514,0.0022002645240600514,0.0021962962700917974,24.002645240600515,0.5,1.4999999999999998,0.03968253968253968,21.962962700917974,False,True
2018-12-12,94735.09180629031,25000000.0,12500000.0,12500000.0,396.8253968253968,4.0,4.0,8.0,0.0,0.0,0.030375698561664843,0.5,0.5,0.5,1.0,0.0018947018361258061,0.0002,5e-05,0.00015,10000.0,7.936507936507936e-06,0.0018447018361258062,0.0016947018361258062,0.0016947018361258062,0.0016867653281892982,18.94701836125806,0.5,1.4999999999999998,0.07936507936507936,16.86765328189298,False,True
2018-12-13,-146963.0748160769,25000000.0,12500000.0,12500000.0,198.4126984126984,4.0,4.0,8.0,0.0,0.0,0.04751413543058325,0.5,0.5,0.5,1.0,-0.002939261496321538,0.0002,5e-05,0.00015,10000.0,3.968253968253968e-06,-0.002989261496321538,-0.003139261496321538,-0.003139261496321538,-0.003143229750289792,-29.39261496321538,0.5,1.4999999999999998,0.03968253968253968,-31.43229750289792,False,True
2018-12-14,875.0268554603972,25000000.0,12500000.0,12500000.0,198.41269841269843,4.0,4.0,8.0,2.0,0.25,0.05000000000000001,0.5,0.5,0.5,1.0,1.7500537109207945e-05,0.0002,5e-05,0.00015,10000.0,3.968253968253969e-06,-3.249946289079206e-05,-0.00018249946289079205,-0.00018249946289079205,-0.00018646771685904603,0.17500537109207945,0.5,1.4999999999999998,0.03968253968253969,-1.8646771685904604,False,True
2018-12-17,60738.89994702613,18397214.2275,9198607.11375,9198607.11375,348.2178952976191,4.0,4.0,8.0,4.0,0.5,0.05,0.36794428455,0.36794428455,0.36794428455,0.7358885691,0.0012147779989405227,0.00014717771382,3.6794428455e-05,0.00011038328536499998,7358.885691,6.9643579059523825e-06,0.0011779835704855228,0.0010676002851205228,0.0010676002851205228,0.0010606359272145704,12.147779989405228,0.36794428455,1.10383285365,0.06964357905952383,10.606359272145705,False,True
2018-12-18,-60254.19655302874,15711484.286449999,7855742.143224998,7855742.143224999,177.55884640039682,4.0,4.0,8.0,4.0,0.5,0.05,0.31422968572899995,0.31422968572899995,0.31422968572899995,0.6284593714579999,-0.0012050839310605748,0.0001256918742916,3.14229685729e-05,9.426890571869998e-05,6284.593714579999,3.5511769280079364e-06,-0.0012365068996334748,-0.0013307758053521747,-0.0013307758053521747,-0.0013343269822801826,-12.050839310605747,0.31422968572899995,0.9426890571869998,0.03551176928007936,-13.343269822801826,False,True
2018-12-19,-98139.56289531702,25000000.0,12500000.0,12500000.0,198.4126984126984,4.0,4.0,8.0,0.0,0.0,0.03209238454790099,0.5,0.5,0.5,1.0,-0.0019627912579063406,0.0002,5e-05,0.00015,10000.0,3.968253968253968e-06,-0.0020127912579063407,-0.0021627912579063407,-0.0021627912579063407,-0.0021667595118745947,-19.627912579063405,0.5,1.4999999999999998,0.03968253968253968,-21.667595118745947,False,True
2018-12-20,213743.82417404663,50000000.0,25000000.0,25000000.0,396.8253968253968,4.0,4.0,8.0,0.0,0.0,0.04676452105785227,1.0,1.0,1.0,2.0,0.004274876483480933,0.0004,0.0001,0.0003,20000.0,7.936507936507936e-06,0.0041748764834809325,0.0038748764834809326,0.0038748764834809326,0.0038669399755444245,42.74876483480933,1.0,2.9999999999999996,0.07936507936507936,38.669399755444246,True,False
2018-12-21,-310969.35523942864,25000000.0,12500000.0,12500000.0,198.4126984126984,4.0,4.0,8.0,0.0,0.0,0.015766171454071817,0.5,0.5,0.5,1.0,-0.006219387104788573,0.0002,5e-05,0.00015,10000.0,3.968253968253968e-06,-0.006269387104788572,-0.006419387104788572,-0.006419387104788572,-0.006423355358756826,-62.19387104788573,0.5,1.4999999999999998,0.03968253968253968,-64.23355358756825,False,True
2018-12-24,162223.2591490837,25000000.0,12500000.0,12500000.0,198.4126984126984,4.0,4.0,8.0,0.0,0.0,0.024556296228369467,0.5,0.5,0.5,1.0,0.003244465182981674,0.0002,5e-05,0.00015,10000.0,3.968253968253968e-06,0.0031944651829816737,0.0030444651829816738,0.0030444651829816738,0.0030404969290134197,32.44465182981674,0.5,1.4999999999999998,0.03968253968253968,30.404969290134197,False,True
2018-12-26,-199760.6658683742,25000000.0,12500000.0,12500000.0,198.4126984126984,4.0,4.0,8.0,0.0,0.0,0.03865128095348101,0.5,0.5,0.5,1.0,-0.003995213317367484,0.0002,5e-05,0.00015,10000.0,3.968253968253968e-06,-0.004045213317367484,-0.004195213317367484,-0.004195213317367484,-0.004199181571335737,-39.95213317367484,0.5,1.4999999999999998,0.03968253968253968,-41.99181571335737,False,True
2018-12-27,200331.68098261696,50000000.0,25000000.0,25000000.0,396.8253968253968,4.0,4.0,8.0,0.0,0.0,0.026877091728984406,1.0,1.0,1.0,2.0,0.004006633619652339,0.0004,0.0001,0.0003,20000.0,7.936507936507936e-06,0.003906633619652339,0.0036066336196523387,0.0036066336196523387,0.0035986971117158307,40.06633619652339,1.0,2.9999999999999996,0.07936507936507936,35.986971117158305,True,False
2018-12-28,186245.98908103287,25000000.0,12500000.0,12500000.0,215.56505619047618,4.0,4.0,8.0,1.0,0.125,0.05,0.5,0.5,0.5,1.0,0.0037249197816206572,0.0002,5e-05,0.00015,10000.0,4.3113011238095234e-06,0.003674919781620657,0.003524919781620657,0.003524919781620657,0.0035206084804968478,37.249197816206575,0.5,1.4999999999999998,0.04311301123809524,35.20608480496848,False,True
2018-12-31,-99726.97822907598,7434641.162699999,3717320.5813499996,3717320.58135,59.00508859285714,4.0,4.0,8.0,4.0,0.5,0.05,0.148692823254,0.148692823254,0.148692823254,0.297385646508,-0.0019945395645815196,5.94771293016e-05,1.48692823254e-05,4.460784697619999e-05,2973.85646508,1.1801017718571428e-06,-0.0020094088469069194,-0.0020540166938831195,-0.0020540166938831195,-0.0020551967956549764,-19.945395645815196,0.148692823254,0.44607846976199994,0.011801017718571429,-20.551967956549763,False,True
2019-01-02,0.0,0.0,0.0,0.0,0.0,0.0,0.0,0.0,0.0,0.0,0.0,0.0,0.0,0.0,0.0,0.0,0.0,0.0,0.0,0.0,0.0,0.0,0.0,0.0,0.0,0.0,0.0,0.0,0.0,0.0,False,False
2019-01-03,0.0,0.0,0.0,0.0,0.0,0.0,0.0,0.0,0.0,0.0,0.0,0.0,0.0,0.0,0.0,0.0,0.0,0.0,0.0,0.0,0.0,0.0,0.0,0.0,0.0,0.0,0.0,0.0,0.0,0.0,False,False
2019-01-04,0.0,0.0,0.0,0.0,0.0,0.0,0.0,0.0,0.0,0.0,0.0,0.0,0.0,0.0,0.0,0.0,0.0,0.0,0.0,0.0,0.0,0.0,0.0,0.0,0.0,0.0,0.0,0.0,0.0,0.0,False,False
2019-01-07,0.0,0.0,0.0,0.0,0.0,0.0,0.0,0.0,0.0,0.0,0.0,0.0,0.0,0.0,0.0,0.0,0.0,0.0,0.0,0.0,0.0,0.0,0.0,0.0,0.0,0.0,0.0,0.0,0.0,0.0,False,False
2019-01-08,0.0,0.0,0.0,0.0,0.0,0.0,0.0,0.0,0.0,0.0,0.0,0.0,0.0,0.0,0.0,0.0,0.0,0.0,0.0,0.0,0.0,0.0,0.0,0.0,0.0,0.0,0.0,0.0,0.0,0.0,False,False
2019-01-09,0.0,0.0,0.0,0.0,0.0,0.0,0.0,0.0,0.0,0.0,0.0,0.0,0.0,0.0,0.0,0.0,0.0,0.0,0.0,0.0,0.0,0.0,0.0,0.0,0.0,0.0,0.0,0.0,0.0,0.0,False,False
2019-01-10,0.0,0.0,0.0,0.0,0.0,0.0,0.0,0.0,0.0,0.0,0.0,0.0,0.0,0.0,0.0,0.0,0.0,0.0,0.0,0.0,0.0,0.0,0.0,0.0,0.0,0.0,0.0,0.0,0.0,0.0,False,False
2019-01-11,0.0,0.0,0.0,0.0,0.0,0.0,0.0,0.0,0.0,0.0,0.0,0.0,0.0,0.0,0.0,0.0,0.0,0.0,0.0,0.0,0.0,0.0,0.0,0.0,0.0,0.0,0.0,0.0,0.0,0.0,False,False
2019-01-14,0.0,0.0,0.0,0.0,0.0,0.0,0.0,0.0,0.0,0.0,0.0,0.0,0.0,0.0,0.0,0.0,0.0,0.0,0.0,0.0,0.0,0.0,0.0,0.0,0.0,0.0,0.0,0.0,0.0,0.0,False,False
2019-01-15,0.0,0.0,0.0,0.0,0.0,0.0,0.0,0.0,0.0,0.0,0.0,0.0,0.0,0.0,0.0,0.0,0.0,0.0,0.0,0.0,0.0,0.0,0.0,0.0,0.0,0.0,0.0,0.0,0.0,0.0,False,False
2019-01-16,0.0,0.0,0.0,0.0,0.0,0.0,0.0,0.0,0.0,0.0,0.0,0.0,0.0,0.0,0.0,0.0,0.0,0.0,0.0,0.0,0.0,0.0,0.0,0.0,0.0,0.0,0.0,0.0,0.0,0.0,False,False
2019-01-17,0.0,0.0,0.0,0.0,0.0,0.0,0.0,0.0,0.0,0.0,0.0,0.0,0.0,0.0,0.0,0.0,0.0,0.0,0.0,0.0,0.0,0.0,0.0,0.0,0.0,0.0,0.0,0.0,0.0,0.0,False,False
2019-01-18,0.0,0.0,0.0,0.0,0.0,0.0,0.0,0.0,0.0,0.0,0.0,0.0,0.0,0.0,0.0,0.0,0.0,0.0,0.0,0.0,0.0,0.0,0.0,0.0,0.0,0.0,0.0,0.0,0.0,0.0,False,False
2019-01-22,0.0,0.0,0.0,0.0,0.0,0.0,0.0,0.0,0.0,0.0,0.0,0.0,0.0,0.0,0.0,0.0,0.0,0.0,0.0,0.0,0.0,0.0,0.0,0.0,0.0,0.0,0.0,0.0,0.0,0.0,False,False
2019-01-23,184329.01479326774,24999999.999999996,12500000.0,12499999.999999996,253.6750974904761,4.0,4.0,8.0,3.0,0.375,0.04999999999999999,0.49999999999999994,0.49999999999999994,0.49999999999999994,0.9999999999999999,0.003686580295865355,0.00019999999999999998,4.9999999999999996e-05,0.00014999999999999996,10000.0,5.073501949809522e-06,0.0036365802958653547,0.0034865802958653548,0.0034865802958653548,0.0034815067939155454,36.865802958653546,0.49999999999999994,1.4999999999999996,0.050735019498095224,34.815067939155455,False,True
2019-01-24,0.0,0.0,0.0,0.0,0.0,0.0,0.0,0.0,0.0,0.0,0.0,0.0,0.0,0.0,0.0,0.0,0.0,0.0,0.0,0.0,0.0,0.0,0.0,0.0,0.0,0.0,0.0,0.0,0.0,0.0,False,False
2019-01-25,0.0,0.0,0.0,0.0,0.0,0.0,0.0,0.0,0.0,0.0,0.0,0.0,0.0,0.0,0.0,0.0,0.0,0.0,0.0,0.0,0.0,0.0,0.0,0.0,0.0,0.0,0.0,0.0,0.0,0.0,False,False
2019-01-28,0.0,0.0,0.0,0.0,0.0,0.0,0.0,0.0,0.0,0.0,0.0,0.0,0.0,0.0,0.0,0.0,0.0,0.0,0.0,0.0,0.0,0.0,0.0,0.0,0.0,0.0,0.0,0.0,0.0,0.0,False,False
2019-01-29,0.0,0.0,0.0,0.0,0.0,0.0,0.0,0.0,0.0,0.0,0.0,0.0,0.0,0.0,0.0,0.0,0.0,0.0,0.0,0.0,0.0,0.0,0.0,0.0,0.0,0.0,0.0,0.0,0.0,0.0,False,False
2019-01-30,0.0,0.0,0.0,0.0,0.0,0.0,0.0,0.0,0.0,0.0,0.0,0.0,0.0,0.0,0.0,0.0,0.0,0.0,0.0,0.0,0.0,0.0,0.0,0.0,0.0,0.0,0.0,0.0,0.0,0.0,False,False
2019-01-31,0.0,0.0,0.0,0.0,0.0,0.0,0.0,0.0,0.0,0.0,0.0,0.0,0.0,0.0,0.0,0.0,0.0,0.0,0.0,0.0,0.0,0.0,0.0,0.0,0.0,0.0,0.0,0.0,0.0,0.0,False,False
2019-02-01,0.0,0.0,0.0,0.0,0.0,0.0,0.0,0.0,0.0,0.0,0.0,0.0,0.0,0.0,0.0,0.0,0.0,0.0,0.0,0.0,0.0,0.0,0.0,0.0,0.0,0.0,0.0,0.0,0.0,0.0,False,False
2019-02-04,0.0,0.0,0.0,0.0,0.0,0.0,0.0,0.0,0.0,0.0,0.0,0.0,0.0,0.0,0.0,0.0,0.0,0.0,0.0,0.0,0.0,0.0,0.0,0.0,0.0,0.0,0.0,0.0,0.0,0.0,False,False
2019-02-05,0.0,0.0,0.0,0.0,0.0,0.0,0.0,0.0,0.0,0.0,0.0,0.0,0.0,0.0,0.0,0.0,0.0,0.0,0.0,0.0,0.0,0.0,0.0,0.0,0.0,0.0,0.0,0.0,0.0,0.0,False,False
2019-02-06,0.0,0.0,0.0,0.0,0.0,0.0,0.0,0.0,0.0,0.0,0.0,0.0,0.0,0.0,0.0,0.0,0.0,0.0,0.0,0.0,0.0,0.0,0.0,0.0,0.0,0.0,0.0,0.0,0.0,0.0,False,False
2019-02-07,0.0,0.0,0.0,0.0,0.0,0.0,0.0,0.0,0.0,0.0,0.0,0.0,0.0,0.0,0.0,0.0,0.0,0.0,0.0,0.0,0.0,0.0,0.0,0.0,0.0,0.0,0.0,0.0,0.0,0.0,False,False
2019-02-08,0.0,0.0,0.0,0.0,0.0,0.0,0.0,0.0,0.0,0.0,0.0,0.0,0.0,0.0,0.0,0.0,0.0,0.0,0.0,0.0,0.0,0.0,0.0,0.0,0.0,0.0,0.0,0.0,0.0,0.0,False,False
2019-02-11,0.0,0.0,0.0,0.0,0.0,0.0,0.0,0.0,0.0,0.0,0.0,0.0,0.0,0.0,0.0,0.0,0.0,0.0,0.0,0.0,0.0,0.0,0.0,0.0,0.0,0.0,0.0,0.0,0.0,0.0,False,False
2019-02-12,0.0,0.0,0.0,0.0,0.0,0.0,0.0,0.0,0.0,0.0,0.0,0.0,0.0,0.0,0.0,0.0,0.0,0.0,0.0,0.0,0.0,0.0,0.0,0.0,0.0,0.0,0.0,0.0,0.0,0.0,False,False
2019-02-13,0.0,0.0,0.0,0.0,0.0,0.0,0.0,0.0,0.0,0.0,0.0,0.0,0.0,0.0,0.0,0.0,0.0,0.0,0.0,0.0,0.0,0.0,0.0,0.0,0.0,0.0,0.0,0.0,0.0,0.0,False,False
2019-02-14,0.0,0.0,0.0,0.0,0.0,0.0,0.0,0.0,0.0,0.0,0.0,0.0,0.0,0.0,0.0,0.0,0.0,0.0,0.0,0.0,0.0,0.0,0.0,0.0,0.0,0.0,0.0,0.0,0.0,0.0,False,False
2019-02-15,0.0,0.0,0.0,0.0,0.0,0.0,0.0,0.0,0.0,0.0,0.0,0.0,0.0,0.0,0.0,0.0,0.0,0.0,0.0,0.0,0.0,0.0,0.0,0.0,0.0,0.0,0.0,0.0,0.0,0.0,False,False
2019-02-19,0.0,0.0,0.0,0.0,0.0,0.0,0.0,0.0,0.0,0.0,0.0,0.0,0.0,0.0,0.0,0.0,0.0,0.0,0.0,0.0,0.0,0.0,0.0,0.0,0.0,0.0,0.0,0.0,0.0,0.0,False,False
2019-02-20,0.0,0.0,0.0,0.0,0.0,0.0,0.0,0.0,0.0,0.0,0.0,0.0,0.0,0.0,0.0,0.0,0.0,0.0,0.0,0.0,0.0,0.0,0.0,0.0,0.0,0.0,0.0,0.0,0.0,0.0,False,False
2019-02-21,0.0,0.0,0.0,0.0,0.0,0.0,0.0,0.0,0.0,0.0,0.0,0.0,0.0,0.0,0.0,0.0,0.0,0.0,0.0,0.0,0.0,0.0,0.0,0.0,0.0,0.0,0.0,0.0,0.0,0.0,False,False
2019-02-22,0.0,0.0,0.0,0.0,0.0,0.0,0.0,0.0,0.0,0.0,0.0,0.0,0.0,0.0,0.0,0.0,0.0,0.0,0.0,0.0,0.0,0.0,0.0,0.0,0.0,0.0,0.0,0.0,0.0,0.0,False,False
2019-02-25,0.0,0.0,0.0,0.0,0.0,0.0,0.0,0.0,0.0,0.0,0.0,0.0,0.0,0.0,0.0,0.0,0.0,0.0,0.0,0.0,0.0,0.0,0.0,0.0,0.0,0.0,0.0,0.0,0.0,0.0,False,False
2019-02-26,0.0,0.0,0.0,0.0,0.0,0.0,0.0,0.0,0.0,0.0,0.0,0.0,0.0,0.0,0.0,0.0,0.0,0.0,0.0,0.0,0.0,0.0,0.0,0.0,0.0,0.0,0.0,0.0,0.0,0.0,False,False
2019-02-27,0.0,0.0,0.0,0.0,0.0,0.0,0.0,0.0,0.0,0.0,0.0,0.0,0.0,0.0,0.0,0.0,0.0,0.0,0.0,0.0,0.0,0.0,0.0,0.0,0.0,0.0,0.0,0.0,0.0,0.0,False,False
2019-02-28,0.0,0.0,0.0,0.0,0.0,0.0,0.0,0.0,0.0,0.0,0.0,0.0,0.0,0.0,0.0,0.0,0.0,0.0,0.0,0.0,0.0,0.0,0.0,0.0,0.0,0.0,0.0,0.0,0.0,0.0,False,False
2019-03-01,0.0,0.0,0.0,0.0,0.0,0.0,0.0,0.0,0.0,0.0,0.0,0.0,0.0,0.0,0.0,0.0,0.0,0.0,0.0,0.0,0.0,0.0,0.0,0.0,0.0,0.0,0.0,0.0,0.0,0.0,False,False
2019-03-04,0.0,0.0,0.0,0.0,0.0,0.0,0.0,0.0,0.0,0.0,0.0,0.0,0.0,0.0,0.0,0.0,0.0,0.0,0.0,0.0,0.0,0.0,0.0,0.0,0.0,0.0,0.0,0.0,0.0,0.0,False,False
2019-03-05,0.0,0.0,0.0,0.0,0.0,0.0,0.0,0.0,0.0,0.0,0.0,0.0,0.0,0.0,0.0,0.0,0.0,0.0,0.0,0.0,0.0,0.0,0.0,0.0,0.0,0.0,0.0,0.0,0.0,0.0,False,False
2019-03-06,0.0,0.0,0.0,0.0,0.0,0.0,0.0,0.0,0.0,0.0,0.0,0.0,0.0,0.0,0.0,0.0,0.0,0.0,0.0,0.0,0.0,0.0,0.0,0.0,0.0,0.0,0.0,0.0,0.0,0.0,False,False
2019-03-07,0.0,0.0,0.0,0.0,0.0,0.0,0.0,0.0,0.0,0.0,0.0,0.0,0.0,0.0,0.0,0.0,0.0,0.0,0.0,0.0,0.0,0.0,0.0,0.0,0.0,0.0,0.0,0.0,0.0,0.0,False,False
2019-03-08,0.0,0.0,0.0,0.0,0.0,0.0,0.0,0.0,0.0,0.0,0.0,0.0,0.0,0.0,0.0,0.0,0.0,0.0,0.0,0.0,0.0,0.0,0.0,0.0,0.0,0.0,0.0,0.0,0.0,0.0,False,False
2019-03-11,0.0,0.0,0.0,0.0,0.0,0.0,0.0,0.0,0.0,0.0,0.0,0.0,0.0,0.0,0.0,0.0,0.0,0.0,0.0,0.0,0.0,0.0,0.0,0.0,0.0,0.0,0.0,0.0,0.0,0.0,False,False
2019-03-12,0.0,0.0,0.0,0.0,0.0,0.0,0.0,0.0,0.0,0.0,0.0,0.0,0.0,0.0,0.0,0.0,0.0,0.0,0.0,0.0,0.0,0.0,0.0,0.0,0.0,0.0,0.0,0.0,0.0,0.0,False,False
2019-03-13,0.0,0.0,0.0,0.0,0.0,0.0,0.0,0.0,0.0,0.0,0.0,0.0,0.0,0.0,0.0,0.0,0.0,0.0,0.0,0.0,0.0,0.0,0.0,0.0,0.0,0.0,0.0,0.0,0.0,0.0,False,False
2019-03-14,0.0,0.0,0.0,0.0,0.0,0.0,0.0,0.0,0.0,0.0,0.0,0.0,0.0,0.0,0.0,0.0,0.0,0.0,0.0,0.0,0.0,0.0,0.0,0.0,0.0,0.0,0.0,0.0,0.0,0.0,False,False
2019-03-15,0.0,0.0,0.0,0.0,0.0,0.0,0.0,0.0,0.0,0.0,0.0,0.0,0.0,0.0,0.0,0.0,0.0,0.0,0.0,0.0,0.0,0.0,0.0,0.0,0.0,0.0,0.0,0.0,0.0,0.0,False,False
2019-03-18,0.0,0.0,0.0,0.0,0.0,0.0,0.0,0.0,0.0,0.0,0.0,0.0,0.0,0.0,0.0,0.0,0.0,0.0,0.0,0.0,0.0,0.0,0.0,0.0,0.0,0.0,0.0,0.0,0.0,0.0,False,False
2019-03-19,0.0,0.0,0.0,0.0,0.0,0.0,0.0,0.0,0.0,0.0,0.0,0.0,0.0,0.0,0.0,0.0,0.0,0.0,0.0,0.0,0.0,0.0,0.0,0.0,0.0,0.0,0.0,0.0,0.0,0.0,False,False
2019-03-20,0.0,0.0,0.0,0.0,0.0,0.0,0.0,0.0,0.0,0.0,0.0,0.0,0.0,0.0,0.0,0.0,0.0,0.0,0.0,0.0,0.0,0.0,0.0,0.0,0.0,0.0,0.0,0.0,0.0,0.0,False,False
2019-03-21,0.0,0.0,0.0,0.0,0.0,0.0,0.0,0.0,0.0,0.0,0.0,0.0,0.0,0.0,0.0,0.0,0.0,0.0,0.0,0.0,0.0,0.0,0.0,0.0,0.0,0.0,0.0,0.0,0.0,0.0,False,False
2019-03-22,0.0,0.0,0.0,0.0,0.0,0.0,0.0,0.0,0.0,0.0,0.0,0.0,0.0,0.0,0.0,0.0,0.0,0.0,0.0,0.0,0.0,0.0,0.0,0.0,0.0,0.0,0.0,0.0,0.0,0.0,False,False
2019-03-25,0.0,0.0,0.0,0.0,0.0,0.0,0.0,0.0,0.0,0.0,0.0,0.0,0.0,0.0,0.0,0.0,0.0,0.0,0.0,0.0,0.0,0.0,0.0,0.0,0.0,0.0,0.0,0.0,0.0,0.0,False,False
2019-03-26,0.0,0.0,0.0,0.0,0.0,0.0,0.0,0.0,0.0,0.0,0.0,0.0,0.0,0.0,0.0,0.0,0.0,0.0,0.0,0.0,0.0,0.0,0.0,0.0,0.0,0.0,0.0,0.0,0.0,0.0,False,False
2019-03-27,0.0,0.0,0.0,0.0,0.0,0.0,0.0,0.0,0.0,0.0,0.0,0.0,0.0,0.0,0.0,0.0,0.0,0.0,0.0,0.0,0.0,0.0,0.0,0.0,0.0,0.0,0.0,0.0,0.0,0.0,False,False
2019-03-28,0.0,0.0,0.0,0.0,0.0,0.0,0.0,0.0,0.0,0.0,0.0,0.0,0.0,0.0,0.0,0.0,0.0,0.0,0.0,0.0,0.0,0.0,0.0,0.0,0.0,0.0,0.0,0.0,0.0,0.0,False,False
2019-03-29,0.0,0.0,0.0,0.0,0.0,0.0,0.0,0.0,0.0,0.0,0.0,0.0,0.0,0.0,0.0,0.0,0.0,0.0,0.0,0.0,0.0,0.0,0.0,0.0,0.0,0.0,0.0,0.0,0.0,0.0,False,False
2019-04-01,0.0,0.0,0.0,0.0,0.0,0.0,0.0,0.0,0.0,0.0,0.0,0.0,0.0,0.0,0.0,0.0,0.0,0.0,0.0,0.0,0.0,0.0,0.0,0.0,0.0,0.0,0.0,0.0,0.0,0.0,False,False
2019-04-02,0.0,0.0,0.0,0.0,0.0,0.0,0.0,0.0,0.0,0.0,0.0,0.0,0.0,0.0,0.0,0.0,0.0,0.0,0.0,0.0,0.0,0.0,0.0,0.0,0.0,0.0,0.0,0.0,0.0,0.0,False,False
2019-04-03,0.0,0.0,0.0,0.0,0.0,0.0,0.0,0.0,0.0,0.0,0.0,0.0,0.0,0.0,0.0,0.0,0.0,0.0,0.0,0.0,0.0,0.0,0.0,0.0,0.0,0.0,0.0,0.0,0.0,0.0,False,False
2019-04-04,0.0,0.0,0.0,0.0,0.0,0.0,0.0,0.0,0.0,0.0,0.0,0.0,0.0,0.0,0.0,0.0,0.0,0.0,0.0,0.0,0.0,0.0,0.0,0.0,0.0,0.0,0.0,0.0,0.0,0.0,False,False
2019-04-05,0.0,0.0,0.0,0.0,0.0,0.0,0.0,0.0,0.0,0.0,0.0,0.0,0.0,0.0,0.0,0.0,0.0,0.0,0.0,0.0,0.0,0.0,0.0,0.0,0.0,0.0,0.0,0.0,0.0,0.0,False,False
2019-04-08,0.0,0.0,0.0,0.0,0.0,0.0,0.0,0.0,0.0,0.0,0.0,0.0,0.0,0.0,0.0,0.0,0.0,0.0,0.0,0.0,0.0,0.0,0.0,0.0,0.0,0.0,0.0,0.0,0.0,0.0,False,False
2019-04-09,0.0,0.0,0.0,0.0,0.0,0.0,0.0,0.0,0.0,0.0,0.0,0.0,0.0,0.0,0.0,0.0,0.0,0.0,0.0,0.0,0.0,0.0,0.0,0.0,0.0,0.0,0.0,0.0,0.0,0.0,False,False
2019-04-10,0.0,0.0,0.0,0.0,0.0,0.0,0.0,0.0,0.0,0.0,0.0,0.0,0.0,0.0,0.0,0.0,0.0,0.0,0.0,0.0,0.0,0.0,0.0,0.0,0.0,0.0,0.0,0.0,0.0,0.0,False,False
2019-04-11,0.0,0.0,0.0,0.0,0.0,0.0,0.0,0.0,0.0,0.0,0.0,0.0,0.0,0.0,0.0,0.0,0.0,0.0,0.0,0.0,0.0,0.0,0.0,0.0,0.0,0.0,0.0,0.0,0.0,0.0,False,False
2019-04-12,0.0,0.0,0.0,0.0,0.0,0.0,0.0,0.0,0.0,0.0,0.0,0.0,0.0,0.0,0.0,0.0,0.0,0.0,0.0,0.0,0.0,0.0,0.0,0.0,0.0,0.0,0.0,0.0,0.0,0.0,False,False
2019-04-15,0.0,0.0,0.0,0.0,0.0,0.0,0.0,0.0,0.0,0.0,0.0,0.0,0.0,0.0,0.0,0.0,0.0,0.0,0.0,0.0,0.0,0.0,0.0,0.0,0.0,0.0,0.0,0.0,0.0,0.0,False,False
2019-04-16,0.0,0.0,0.0,0.0,0.0,0.0,0.0,0.0,0.0,0.0,0.0,0.0,0.0,0.0,0.0,0.0,0.0,0.0,0.0,0.0,0.0,0.0,0.0,0.0,0.0,0.0,0.0,0.0,0.0,0.0,False,False
2019-04-17,0.0,0.0,0.0,0.0,0.0,0.0,0.0,0.0,0.0,0.0,0.0,0.0,0.0,0.0,0.0,0.0,0.0,0.0,0.0,0.0,0.0,0.0,0.0,0.0,0.0,0.0,0.0,0.0,0.0,0.0,False,False
2019-04-18,0.0,0.0,0.0,0.0,0.0,0.0,0.0,0.0,0.0,0.0,0.0,0.0,0.0,0.0,0.0,0.0,0.0,0.0,0.0,0.0,0.0,0.0,0.0,0.0,0.0,0.0,0.0,0.0,0.0,0.0,False,False
2019-04-22,0.0,0.0,0.0,0.0,0.0,0.0,0.0,0.0,0.0,0.0,0.0,0.0,0.0,0.0,0.0,0.0,0.0,0.0,0.0,0.0,0.0,0.0,0.0,0.0,0.0,0.0,0.0,0.0,0.0,0.0,False,False
2019-04-23,0.0,0.0,0.0,0.0,0.0,0.0,0.0,0.0,0.0,0.0,0.0,0.0,0.0,0.0,0.0,0.0,0.0,0.0,0.0,0.0,0.0,0.0,0.0,0.0,0.0,0.0,0.0,0.0,0.0,0.0,False,False
2019-04-24,0.0,0.0,0.0,0.0,0.0,0.0,0.0,0.0,0.0,0.0,0.0,0.0,0.0,0.0,0.0,0.0,0.0,0.0,0.0,0.0,0.0,0.0,0.0,0.0,0.0,0.0,0.0,0.0,0.0,0.0,False,False
2019-04-25,0.0,0.0,0.0,0.0,0.0,0.0,0.0,0.0,0.0,0.0,0.0,0.0,0.0,0.0,0.0,0.0,0.0,0.0,0.0,0.0,0.0,0.0,0.0,0.0,0.0,0.0,0.0,0.0,0.0,0.0,False,False
2019-04-26,0.0,0.0,0.0,0.0,0.0,0.0,0.0,0.0,0.0,0.0,0.0,0.0,0.0,0.0,0.0,0.0,0.0,0.0,0.0,0.0,0.0,0.0,0.0,0.0,0.0,0.0,0.0,0.0,0.0,0.0,False,False
2019-04-29,0.0,0.0,0.0,0.0,0.0,0.0,0.0,0.0,0.0,0.0,0.0,0.0,0.0,0.0,0.0,0.0,0.0,0.0,0.0,0.0,0.0,0.0,0.0,0.0,0.0,0.0,0.0,0.0,0.0,0.0,False,False
2019-04-30,0.0,0.0,0.0,0.0,0.0,0.0,0.0,0.0,0.0,0.0,0.0,0.0,0.0,0.0,0.0,0.0,0.0,0.0,0.0,0.0,0.0,0.0,0.0,0.0,0.0,0.0,0.0,0.0,0.0,0.0,False,False
2019-05-01,0.0,0.0,0.0,0.0,0.0,0.0,0.0,0.0,0.0,0.0,0.0,0.0,0.0,0.0,0.0,0.0,0.0,0.0,0.0,0.0,0.0,0.0,0.0,0.0,0.0,0.0,0.0,0.0,0.0,0.0,False,False
2019-05-02,0.0,0.0,0.0,0.0,0.0,0.0,0.0,0.0,0.0,0.0,0.0,0.0,0.0,0.0,0.0,0.0,0.0,0.0,0.0,0.0,0.0,0.0,0.0,0.0,0.0,0.0,0.0,0.0,0.0,0.0,False,False
2019-05-03,0.0,0.0,0.0,0.0,0.0,0.0,0.0,0.0,0.0,0.0,0.0,0.0,0.0,0.0,0.0,0.0,0.0,0.0,0.0,0.0,0.0,0.0,0.0,0.0,0.0,0.0,0.0,0.0,0.0,0.0,False,False
2019-05-06,0.0,0.0,0.0,0.0,0.0,0.0,0.0,0.0,0.0,0.0,0.0,0.0,0.0,0.0,0.0,0.0,0.0,0.0,0.0,0.0,0.0,0.0,0.0,0.0,0.0,0.0,0.0,0.0,0.0,0.0,False,False
2019-05-07,0.0,0.0,0.0,0.0,0.0,0.0,0.0,0.0,0.0,0.0,0.0,0.0,0.0,0.0,0.0,0.0,0.0,0.0,0.0,0.0,0.0,0.0,0.0,0.0,0.0,0.0,0.0,0.0,0.0,0.0,False,False
2019-05-08,0.0,0.0,0.0,0.0,0.0,0.0,0.0,0.0,0.0,0.0,0.0,0.0,0.0,0.0,0.0,0.0,0.0,0.0,0.0,0.0,0.0,0.0,0.0,0.0,0.0,0.0,0.0,0.0,0.0,0.0,False,False
2019-05-09,0.0,0.0,0.0,0.0,0.0,0.0,0.0,0.0,0.0,0.0,0.0,0.0,0.0,0.0,0.0,0.0,0.0,0.0,0.0,0.0,0.0,0.0,0.0,0.0,0.0,0.0,0.0,0.0,0.0,0.0,False,False
2019-05-10,0.0,0.0,0.0,0.0,0.0,0.0,0.0,0.0,0.0,0.0,0.0,0.0,0.0,0.0,0.0,0.0,0.0,0.0,0.0,0.0,0.0,0.0,0.0,0.0,0.0,0.0,0.0,0.0,0.0,0.0,False,False
2019-05-13,0.0,0.0,0.0,0.0,0.0,0.0,0.0,0.0,0.0,0.0,0.0,0.0,0.0,0.0,0.0,0.0,0.0,0.0,0.0,0.0,0.0,0.0,0.0,0.0,0.0,0.0,0.0,0.0,0.0,0.0,False,False
2019-05-14,-143869.74001998943,24999999.999999996,12499999.999999998,12499999.999999998,198.4126984126984,4.0,4.0,8.0,1.0,0.125,0.05,0.49999999999999994,0.49999999999999994,0.49999999999999994,0.9999999999999999,-0.0028773948003997887,0.00019999999999999998,4.9999999999999996e-05,0.00014999999999999996,10000.0,3.968253968253968e-06,-0.002927394800399789,-0.0030773948003997888,-0.0030773948003997888,-0.0030813630543680428,-28.773948003997887,0.49999999999999994,1.4999999999999996,0.03968253968253968,-30.81363054368043,False,True
2019-05-15,0.0,0.0,0.0,0.0,0.0,0.0,0.0,0.0,0.0,0.0,0.0,0.0,0.0,0.0,0.0,0.0,0.0,0.0,0.0,0.0,0.0,0.0,0.0,0.0,0.0,0.0,0.0,0.0,0.0,0.0,False,False
2019-05-16,0.0,0.0,0.0,0.0,0.0,0.0,0.0,0.0,0.0,0.0,0.0,0.0,0.0,0.0,0.0,0.0,0.0,0.0,0.0,0.0,0.0,0.0,0.0,0.0,0.0,0.0,0.0,0.0,0.0,0.0,False,False
2019-05-17,0.0,0.0,0.0,0.0,0.0,0.0,0.0,0.0,0.0,0.0,0.0,0.0,0.0,0.0,0.0,0.0,0.0,0.0,0.0,0.0,0.0,0.0,0.0,0.0,0.0,0.0,0.0,0.0,0.0,0.0,False,False
2019-05-20,-61246.44339039569,24999999.999999996,12499999.999999998,12499999.999999998,198.41269841269838,4.0,4.0,8.0,1.0,0.125,0.05,0.49999999999999994,0.49999999999999994,0.49999999999999994,0.9999999999999999,-0.0012249288678079138,0.00019999999999999998,4.9999999999999996e-05,0.00014999999999999996,10000.0,3.968253968253967e-06,-0.0012749288678079137,-0.0014249288678079136,-0.0014249288678079136,-0.0014288971217761676,-12.249288678079138,0.49999999999999994,1.4999999999999996,0.03968253968253967,-14.288971217761677,False,True
2019-05-21,0.0,0.0,0.0,0.0,0.0,0.0,0.0,0.0,0.0,0.0,0.0,0.0,0.0,0.0,0.0,0.0,0.0,0.0,0.0,0.0,0.0,0.0,0.0,0.0,0.0,0.0,0.0,0.0,0.0,0.0,False,False
2019-05-22,0.0,0.0,0.0,0.0,0.0,0.0,0.0,0.0,0.0,0.0,0.0,0.0,0.0,0.0,0.0,0.0,0.0,0.0,0.0,0.0,0.0,0.0,0.0,0.0,0.0,0.0,0.0,0.0,0.0,0.0,False,False
2019-05-23,159222.08659616896,25000000.0,12500000.0,12500000.0,198.41269841269843,4.0,4.0,8.0,2.0,0.25,0.05,0.5,0.5,0.5,1.0,0.003184441731923379,0.0002,5e-05,0.00015,10000.0,3.968253968253969e-06,0.003134441731923379,0.002984441731923379,0.002984441731923379,0.002980473477955125,31.84441731923379,0.5,1.4999999999999998,0.03968253968253969,29.80473477955125,False,True
2019-05-24,133205.11288925968,25000000.0,12500000.0,12500000.0,198.41269841269843,4.0,4.0,8.0,2.0,0.25,0.05,0.5,0.5,0.5,1.0,0.0026641022577851936,0.0002,5e-05,0.00015,10000.0,3.968253968253969e-06,0.0026141022577851935,0.0024641022577851935,0.0024641022577851935,0.0024601340038169395,26.641022577851935,0.5,1.4999999999999998,0.03968253968253969,24.601340038169393,False,True
2019-05-28,-104436.76486508572,24999999.999999996,12499999.999999998,12500000.0,415.45112269841263,4.0,4.0,8.0,2.0,0.25,0.05,0.49999999999999994,0.49999999999999994,0.49999999999999994,0.9999999999999999,-0.0020887352973017145,0.00019999999999999998,4.9999999999999996e-05,0.00014999999999999996,10000.0,8.309022453968253e-06,-0.0021387352973017146,-0.0022887352973017146,-0.0022887352973017146,-0.0022970443197556827,-20.887352973017144,0.49999999999999994,1.4999999999999996,0.08309022453968253,-22.970443197556826,False,True
2019-05-29,0.0,0.0,0.0,0.0,0.0,0.0,0.0,0.0,0.0,0.0,0.0,0.0,0.0,0.0,0.0,0.0,0.0,0.0,0.0,0.0,0.0,0.0,0.0,0.0,0.0,0.0,0.0,0.0,0.0,0.0,False,False
2019-05-30,0.0,0.0,0.0,0.0,0.0,0.0,0.0,0.0,0.0,0.0,0.0,0.0,0.0,0.0,0.0,0.0,0.0,0.0,0.0,0.0,0.0,0.0,0.0,0.0,0.0,0.0,0.0,0.0,0.0,0.0,False,False
2019-05-31,0.0,0.0,0.0,0.0,0.0,0.0,0.0,0.0,0.0,0.0,0.0,0.0,0.0,0.0,0.0,0.0,0.0,0.0,0.0,0.0,0.0,0.0,0.0,0.0,0.0,0.0,0.0,0.0,0.0,0.0,False,False
2019-06-03,0.0,0.0,0.0,0.0,0.0,0.0,0.0,0.0,0.0,0.0,0.0,0.0,0.0,0.0,0.0,0.0,0.0,0.0,0.0,0.0,0.0,0.0,0.0,0.0,0.0,0.0,0.0,0.0,0.0,0.0,False,False
2019-06-04,143377.74818791964,25000000.0,12500000.0,12500000.0,198.4126984126984,4.0,4.0,8.0,1.0,0.125,0.049999999999999996,0.5,0.5,0.5,1.0,0.002867554963758393,0.0002,5e-05,0.00015,10000.0,3.968253968253968e-06,0.002817554963758393,0.002667554963758393,0.002667554963758393,0.002663586709790139,28.67554963758393,0.5,1.4999999999999998,0.03968253968253968,26.63586709790139,False,True
2019-06-05,0.0,0.0,0.0,0.0,0.0,0.0,0.0,0.0,0.0,0.0,0.0,0.0,0.0,0.0,0.0,0.0,0.0,0.0,0.0,0.0,0.0,0.0,0.0,0.0,0.0,0.0,0.0,0.0,0.0,0.0,False,False
2019-06-06,0.0,0.0,0.0,0.0,0.0,0.0,0.0,0.0,0.0,0.0,0.0,0.0,0.0,0.0,0.0,0.0,0.0,0.0,0.0,0.0,0.0,0.0,0.0,0.0,0.0,0.0,0.0,0.0,0.0,0.0,False,False
2019-06-07,0.0,0.0,0.0,0.0,0.0,0.0,0.0,0.0,0.0,0.0,0.0,0.0,0.0,0.0,0.0,0.0,0.0,0.0,0.0,0.0,0.0,0.0,0.0,0.0,0.0,0.0,0.0,0.0,0.0,0.0,False,False
2019-06-10,0.0,0.0,0.0,0.0,0.0,0.0,0.0,0.0,0.0,0.0,0.0,0.0,0.0,0.0,0.0,0.0,0.0,0.0,0.0,0.0,0.0,0.0,0.0,0.0,0.0,0.0,0.0,0.0,0.0,0.0,False,False
2019-06-11,0.0,0.0,0.0,0.0,0.0,0.0,0.0,0.0,0.0,0.0,0.0,0.0,0.0,0.0,0.0,0.0,0.0,0.0,0.0,0.0,0.0,0.0,0.0,0.0,0.0,0.0,0.0,0.0,0.0,0.0,False,False
2019-06-12,0.0,0.0,0.0,0.0,0.0,0.0,0.0,0.0,0.0,0.0,0.0,0.0,0.0,0.0,0.0,0.0,0.0,0.0,0.0,0.0,0.0,0.0,0.0,0.0,0.0,0.0,0.0,0.0,0.0,0.0,False,False
2019-06-13,0.0,0.0,0.0,0.0,0.0,0.0,0.0,0.0,0.0,0.0,0.0,0.0,0.0,0.0,0.0,0.0,0.0,0.0,0.0,0.0,0.0,0.0,0.0,0.0,0.0,0.0,0.0,0.0,0.0,0.0,False,False
2019-06-14,0.0,0.0,0.0,0.0,0.0,0.0,0.0,0.0,0.0,0.0,0.0,0.0,0.0,0.0,0.0,0.0,0.0,0.0,0.0,0.0,0.0,0.0,0.0,0.0,0.0,0.0,0.0,0.0,0.0,0.0,False,False
2019-06-17,0.0,0.0,0.0,0.0,0.0,0.0,0.0,0.0,0.0,0.0,0.0,0.0,0.0,0.0,0.0,0.0,0.0,0.0,0.0,0.0,0.0,0.0,0.0,0.0,0.0,0.0,0.0,0.0,0.0,0.0,False,False
2019-06-18,0.0,0.0,0.0,0.0,0.0,0.0,0.0,0.0,0.0,0.0,0.0,0.0,0.0,0.0,0.0,0.0,0.0,0.0,0.0,0.0,0.0,0.0,0.0,0.0,0.0,0.0,0.0,0.0,0.0,0.0,False,False
2019-06-19,0.0,0.0,0.0,0.0,0.0,0.0,0.0,0.0,0.0,0.0,0.0,0.0,0.0,0.0,0.0,0.0,0.0,0.0,0.0,0.0,0.0,0.0,0.0,0.0,0.0,0.0,0.0,0.0,0.0,0.0,False,False
2019-06-20,0.0,0.0,0.0,0.0,0.0,0.0,0.0,0.0,0.0,0.0,0.0,0.0,0.0,0.0,0.0,0.0,0.0,0.0,0.0,0.0,0.0,0.0,0.0,0.0,0.0,0.0,0.0,0.0,0.0,0.0,False,False
2019-06-21,0.0,0.0,0.0,0.0,0.0,0.0,0.0,0.0,0.0,0.0,0.0,0.0,0.0,0.0,0.0,0.0,0.0,0.0,0.0,0.0,0.0,0.0,0.0,0.0,0.0,0.0,0.0,0.0,0.0,0.0,False,False
2019-06-24,0.0,0.0,0.0,0.0,0.0,0.0,0.0,0.0,0.0,0.0,0.0,0.0,0.0,0.0,0.0,0.0,0.0,0.0,0.0,0.0,0.0,0.0,0.0,0.0,0.0,0.0,0.0,0.0,0.0,0.0,False,False
2019-06-25,0.0,0.0,0.0,0.0,0.0,0.0,0.0,0.0,0.0,0.0,0.0,0.0,0.0,0.0,0.0,0.0,0.0,0.0,0.0,0.0,0.0,0.0,0.0,0.0,0.0,0.0,0.0,0.0,0.0,0.0,False,False
2019-06-26,0.0,0.0,0.0,0.0,0.0,0.0,0.0,0.0,0.0,0.0,0.0,0.0,0.0,0.0,0.0,0.0,0.0,0.0,0.0,0.0,0.0,0.0,0.0,0.0,0.0,0.0,0.0,0.0,0.0,0.0,False,False
2019-06-27,0.0,0.0,0.0,0.0,0.0,0.0,0.0,0.0,0.0,0.0,0.0,0.0,0.0,0.0,0.0,0.0,0.0,0.0,0.0,0.0,0.0,0.0,0.0,0.0,0.0,0.0,0.0,0.0,0.0,0.0,False,False
2019-06-28,0.0,0.0,0.0,0.0,0.0,0.0,0.0,0.0,0.0,0.0,0.0,0.0,0.0,0.0,0.0,0.0,0.0,0.0,0.0,0.0,0.0,0.0,0.0,0.0,0.0,0.0,0.0,0.0,0.0,0.0,False,False
2019-07-01,0.0,0.0,0.0,0.0,0.0,0.0,0.0,0.0,0.0,0.0,0.0,0.0,0.0,0.0,0.0,0.0,0.0,0.0,0.0,0.0,0.0,0.0,0.0,0.0,0.0,0.0,0.0,0.0,0.0,0.0,False,False
2019-07-02,0.0,0.0,0.0,0.0,0.0,0.0,0.0,0.0,0.0,0.0,0.0,0.0,0.0,0.0,0.0,0.0,0.0,0.0,0.0,0.0,0.0,0.0,0.0,0.0,0.0,0.0,0.0,0.0,0.0,0.0,False,False
2019-07-03,0.0,0.0,0.0,0.0,0.0,0.0,0.0,0.0,0.0,0.0,0.0,0.0,0.0,0.0,0.0,0.0,0.0,0.0,0.0,0.0,0.0,0.0,0.0,0.0,0.0,0.0,0.0,0.0,0.0,0.0,False,False
2019-07-05,0.0,0.0,0.0,0.0,0.0,0.0,0.0,0.0,0.0,0.0,0.0,0.0,0.0,0.0,0.0,0.0,0.0,0.0,0.0,0.0,0.0,0.0,0.0,0.0,0.0,0.0,0.0,0.0,0.0,0.0,False,False
2019-07-08,0.0,0.0,0.0,0.0,0.0,0.0,0.0,0.0,0.0,0.0,0.0,0.0,0.0,0.0,0.0,0.0,0.0,0.0,0.0,0.0,0.0,0.0,0.0,0.0,0.0,0.0,0.0,0.0,0.0,0.0,False,False
2019-07-09,0.0,0.0,0.0,0.0,0.0,0.0,0.0,0.0,0.0,0.0,0.0,0.0,0.0,0.0,0.0,0.0,0.0,0.0,0.0,0.0,0.0,0.0,0.0,0.0,0.0,0.0,0.0,0.0,0.0,0.0,False,False
2019-07-10,0.0,0.0,0.0,0.0,0.0,0.0,0.0,0.0,0.0,0.0,0.0,0.0,0.0,0.0,0.0,0.0,0.0,0.0,0.0,0.0,0.0,0.0,0.0,0.0,0.0,0.0,0.0,0.0,0.0,0.0,False,False
2019-07-11,0.0,0.0,0.0,0.0,0.0,0.0,0.0,0.0,0.0,0.0,0.0,0.0,0.0,0.0,0.0,0.0,0.0,0.0,0.0,0.0,0.0,0.0,0.0,0.0,0.0,0.0,0.0,0.0,0.0,0.0,False,False
2019-07-12,0.0,0.0,0.0,0.0,0.0,0.0,0.0,0.0,0.0,0.0,0.0,0.0,0.0,0.0,0.0,0.0,0.0,0.0,0.0,0.0,0.0,0.0,0.0,0.0,0.0,0.0,0.0,0.0,0.0,0.0,False,False
2019-07-15,0.0,0.0,0.0,0.0,0.0,0.0,0.0,0.0,0.0,0.0,0.0,0.0,0.0,0.0,0.0,0.0,0.0,0.0,0.0,0.0,0.0,0.0,0.0,0.0,0.0,0.0,0.0,0.0,0.0,0.0,False,False
2019-07-16,0.0,0.0,0.0,0.0,0.0,0.0,0.0,0.0,0.0,0.0,0.0,0.0,0.0,0.0,0.0,0.0,0.0,0.0,0.0,0.0,0.0,0.0,0.0,0.0,0.0,0.0,0.0,0.0,0.0,0.0,False,False
2019-07-17,0.0,0.0,0.0,0.0,0.0,0.0,0.0,0.0,0.0,0.0,0.0,0.0,0.0,0.0,0.0,0.0,0.0,0.0,0.0,0.0,0.0,0.0,0.0,0.0,0.0,0.0,0.0,0.0,0.0,0.0,False,False
2019-07-18,0.0,0.0,0.0,0.0,0.0,0.0,0.0,0.0,0.0,0.0,0.0,0.0,0.0,0.0,0.0,0.0,0.0,0.0,0.0,0.0,0.0,0.0,0.0,0.0,0.0,0.0,0.0,0.0,0.0,0.0,False,False
2019-07-19,0.0,0.0,0.0,0.0,0.0,0.0,0.0,0.0,0.0,0.0,0.0,0.0,0.0,0.0,0.0,0.0,0.0,0.0,0.0,0.0,0.0,0.0,0.0,0.0,0.0,0.0,0.0,0.0,0.0,0.0,False,False
2019-07-22,0.0,0.0,0.0,0.0,0.0,0.0,0.0,0.0,0.0,0.0,0.0,0.0,0.0,0.0,0.0,0.0,0.0,0.0,0.0,0.0,0.0,0.0,0.0,0.0,0.0,0.0,0.0,0.0,0.0,0.0,False,False
2019-07-23,0.0,0.0,0.0,0.0,0.0,0.0,0.0,0.0,0.0,0.0,0.0,0.0,0.0,0.0,0.0,0.0,0.0,0.0,0.0,0.0,0.0,0.0,0.0,0.0,0.0,0.0,0.0,0.0,0.0,0.0,False,False
2019-07-24,0.0,0.0,0.0,0.0,0.0,0.0,0.0,0.0,0.0,0.0,0.0,0.0,0.0,0.0,0.0,0.0,0.0,0.0,0.0,0.0,0.0,0.0,0.0,0.0,0.0,0.0,0.0,0.0,0.0,0.0,False,False
2019-07-25,0.0,0.0,0.0,0.0,0.0,0.0,0.0,0.0,0.0,0.0,0.0,0.0,0.0,0.0,0.0,0.0,0.0,0.0,0.0,0.0,0.0,0.0,0.0,0.0,0.0,0.0,0.0,0.0,0.0,0.0,False,False
2019-07-26,0.0,0.0,0.0,0.0,0.0,0.0,0.0,0.0,0.0,0.0,0.0,0.0,0.0,0.0,0.0,0.0,0.0,0.0,0.0,0.0,0.0,0.0,0.0,0.0,0.0,0.0,0.0,0.0,0.0,0.0,False,False
2019-07-29,0.0,0.0,0.0,0.0,0.0,0.0,0.0,0.0,0.0,0.0,0.0,0.0,0.0,0.0,0.0,0.0,0.0,0.0,0.0,0.0,0.0,0.0,0.0,0.0,0.0,0.0,0.0,0.0,0.0,0.0,False,False
2019-07-30,0.0,0.0,0.0,0.0,0.0,0.0,0.0,0.0,0.0,0.0,0.0,0.0,0.0,0.0,0.0,0.0,0.0,0.0,0.0,0.0,0.0,0.0,0.0,0.0,0.0,0.0,0.0,0.0,0.0,0.0,False,False
2019-07-31,0.0,0.0,0.0,0.0,0.0,0.0,0.0,0.0,0.0,0.0,0.0,0.0,0.0,0.0,0.0,0.0,0.0,0.0,0.0,0.0,0.0,0.0,0.0,0.0,0.0,0.0,0.0,0.0,0.0,0.0,False,False
2019-08-01,0.0,0.0,0.0,0.0,0.0,0.0,0.0,0.0,0.0,0.0,0.0,0.0,0.0,0.0,0.0,0.0,0.0,0.0,0.0,0.0,0.0,0.0,0.0,0.0,0.0,0.0,0.0,0.0,0.0,0.0,False,False
2019-08-02,0.0,0.0,0.0,0.0,0.0,0.0,0.0,0.0,0.0,0.0,0.0,0.0,0.0,0.0,0.0,0.0,0.0,0.0,0.0,0.0,0.0,0.0,0.0,0.0,0.0,0.0,0.0,0.0,0.0,0.0,False,False
2019-08-05,0.0,0.0,0.0,0.0,0.0,0.0,0.0,0.0,0.0,0.0,0.0,0.0,0.0,0.0,0.0,0.0,0.0,0.0,0.0,0.0,0.0,0.0,0.0,0.0,0.0,0.0,0.0,0.0,0.0,0.0,False,False
2019-08-06,0.0,0.0,0.0,0.0,0.0,0.0,0.0,0.0,0.0,0.0,0.0,0.0,0.0,0.0,0.0,0.0,0.0,0.0,0.0,0.0,0.0,0.0,0.0,0.0,0.0,0.0,0.0,0.0,0.0,0.0,False,False
2019-08-07,0.0,0.0,0.0,0.0,0.0,0.0,0.0,0.0,0.0,0.0,0.0,0.0,0.0,0.0,0.0,0.0,0.0,0.0,0.0,0.0,0.0,0.0,0.0,0.0,0.0,0.0,0.0,0.0,0.0,0.0,False,False
2019-08-08,0.0,0.0,0.0,0.0,0.0,0.0,0.0,0.0,0.0,0.0,0.0,0.0,0.0,0.0,0.0,0.0,0.0,0.0,0.0,0.0,0.0,0.0,0.0,0.0,0.0,0.0,0.0,0.0,0.0,0.0,False,False
2019-08-09,0.0,0.0,0.0,0.0,0.0,0.0,0.0,0.0,0.0,0.0,0.0,0.0,0.0,0.0,0.0,0.0,0.0,0.0,0.0,0.0,0.0,0.0,0.0,0.0,0.0,0.0,0.0,0.0,0.0,0.0,False,False
2019-08-12,0.0,0.0,0.0,0.0,0.0,0.0,0.0,0.0,0.0,0.0,0.0,0.0,0.0,0.0,0.0,0.0,0.0,0.0,0.0,0.0,0.0,0.0,0.0,0.0,0.0,0.0,0.0,0.0,0.0,0.0,False,False
2019-08-13,-361288.56606308493,25000000.0,12500000.0,12500000.0,198.4126984126984,4.0,4.0,8.0,1.0,0.125,0.05000000000000001,0.5,0.5,0.5,1.0,-0.007225771321261698,0.0002,5e-05,0.00015,10000.0,3.968253968253968e-06,-0.007275771321261698,-0.007425771321261698,-0.007425771321261698,-0.007429739575229952,-72.25771321261698,0.5,1.4999999999999998,0.03968253968253968,-74.29739575229952,False,True
2019-08-14,0.0,0.0,0.0,0.0,0.0,0.0,0.0,0.0,0.0,0.0,0.0,0.0,0.0,0.0,0.0,0.0,0.0,0.0,0.0,0.0,0.0,0.0,0.0,0.0,0.0,0.0,0.0,0.0,0.0,0.0,False,False
2019-08-15,84081.79210137103,25000000.0,12500000.0,12500000.0,198.4126984126984,4.0,4.0,8.0,0.0,0.0,0.03751504964235667,0.5,0.5,0.5,1.0,0.0016816358420274206,0.0002,5e-05,0.00015,10000.0,3.968253968253968e-06,0.0016316358420274206,0.0014816358420274207,0.0014816358420274207,0.0014776675880591667,16.816358420274206,0.5,1.4999999999999998,0.03968253968253968,14.776675880591666,False,True
2019-08-16,239904.362345645,25000000.0,12500000.0,12500000.0,402.73766047619046,4.0,4.0,8.0,1.0,0.125,0.05000000000000001,0.5,0.5,0.5,1.0,0.0047980872469129,0.0002,5e-05,0.00015,10000.0,8.054753209523809e-06,0.0047480872469129005,0.0045980872469129005,0.0045980872469129005,0.004590032493703377,47.980872469129004,0.5,1.4999999999999998,0.08054753209523809,45.900324937033766,False,True
2019-08-19,0.0,0.0,0.0,0.0,0.0,0.0,0.0,0.0,0.0,0.0,0.0,0.0,0.0,0.0,0.0,0.0,0.0,0.0,0.0,0.0,0.0,0.0,0.0,0.0,0.0,0.0,0.0,0.0,0.0,0.0,False,False
2019-08-20,0.0,0.0,0.0,0.0,0.0,0.0,0.0,0.0,0.0,0.0,0.0,0.0,0.0,0.0,0.0,0.0,0.0,0.0,0.0,0.0,0.0,0.0,0.0,0.0,0.0,0.0,0.0,0.0,0.0,0.0,False,False
2019-08-21,0.0,0.0,0.0,0.0,0.0,0.0,0.0,0.0,0.0,0.0,0.0,0.0,0.0,0.0,0.0,0.0,0.0,0.0,0.0,0.0,0.0,0.0,0.0,0.0,0.0,0.0,0.0,0.0,0.0,0.0,False,False
2019-08-22,0.0,0.0,0.0,0.0,0.0,0.0,0.0,0.0,0.0,0.0,0.0,0.0,0.0,0.0,0.0,0.0,0.0,0.0,0.0,0.0,0.0,0.0,0.0,0.0,0.0,0.0,0.0,0.0,0.0,0.0,False,False
2019-08-23,0.0,0.0,0.0,0.0,0.0,0.0,0.0,0.0,0.0,0.0,0.0,0.0,0.0,0.0,0.0,0.0,0.0,0.0,0.0,0.0,0.0,0.0,0.0,0.0,0.0,0.0,0.0,0.0,0.0,0.0,False,False
2019-08-26,0.0,0.0,0.0,0.0,0.0,0.0,0.0,0.0,0.0,0.0,0.0,0.0,0.0,0.0,0.0,0.0,0.0,0.0,0.0,0.0,0.0,0.0,0.0,0.0,0.0,0.0,0.0,0.0,0.0,0.0,False,False
2019-08-27,0.0,0.0,0.0,0.0,0.0,0.0,0.0,0.0,0.0,0.0,0.0,0.0,0.0,0.0,0.0,0.0,0.0,0.0,0.0,0.0,0.0,0.0,0.0,0.0,0.0,0.0,0.0,0.0,0.0,0.0,False,False
2019-08-28,0.0,0.0,0.0,0.0,0.0,0.0,0.0,0.0,0.0,0.0,0.0,0.0,0.0,0.0,0.0,0.0,0.0,0.0,0.0,0.0,0.0,0.0,0.0,0.0,0.0,0.0,0.0,0.0,0.0,0.0,False,False
2019-08-29,0.0,0.0,0.0,0.0,0.0,0.0,0.0,0.0,0.0,0.0,0.0,0.0,0.0,0.0,0.0,0.0,0.0,0.0,0.0,0.0,0.0,0.0,0.0,0.0,0.0,0.0,0.0,0.0,0.0,0.0,False,False
2019-08-30,0.0,0.0,0.0,0.0,0.0,0.0,0.0,0.0,0.0,0.0,0.0,0.0,0.0,0.0,0.0,0.0,0.0,0.0,0.0,0.0,0.0,0.0,0.0,0.0,0.0,0.0,0.0,0.0,0.0,0.0,False,False
2019-09-03,0.0,0.0,0.0,0.0,0.0,0.0,0.0,0.0,0.0,0.0,0.0,0.0,0.0,0.0,0.0,0.0,0.0,0.0,0.0,0.0,0.0,0.0,0.0,0.0,0.0,0.0,0.0,0.0,0.0,0.0,False,False
2019-09-04,0.0,0.0,0.0,0.0,0.0,0.0,0.0,0.0,0.0,0.0,0.0,0.0,0.0,0.0,0.0,0.0,0.0,0.0,0.0,0.0,0.0,0.0,0.0,0.0,0.0,0.0,0.0,0.0,0.0,0.0,False,False
2019-09-05,0.0,0.0,0.0,0.0,0.0,0.0,0.0,0.0,0.0,0.0,0.0,0.0,0.0,0.0,0.0,0.0,0.0,0.0,0.0,0.0,0.0,0.0,0.0,0.0,0.0,0.0,0.0,0.0,0.0,0.0,False,False
2019-09-06,0.0,0.0,0.0,0.0,0.0,0.0,0.0,0.0,0.0,0.0,0.0,0.0,0.0,0.0,0.0,0.0,0.0,0.0,0.0,0.0,0.0,0.0,0.0,0.0,0.0,0.0,0.0,0.0,0.0,0.0,False,False
2019-09-09,0.0,0.0,0.0,0.0,0.0,0.0,0.0,0.0,0.0,0.0,0.0,0.0,0.0,0.0,0.0,0.0,0.0,0.0,0.0,0.0,0.0,0.0,0.0,0.0,0.0,0.0,0.0,0.0,0.0,0.0,False,False
2019-09-10,0.0,0.0,0.0,0.0,0.0,0.0,0.0,0.0,0.0,0.0,0.0,0.0,0.0,0.0,0.0,0.0,0.0,0.0,0.0,0.0,0.0,0.0,0.0,0.0,0.0,0.0,0.0,0.0,0.0,0.0,False,False
2019-09-11,0.0,0.0,0.0,0.0,0.0,0.0,0.0,0.0,0.0,0.0,0.0,0.0,0.0,0.0,0.0,0.0,0.0,0.0,0.0,0.0,0.0,0.0,0.0,0.0,0.0,0.0,0.0,0.0,0.0,0.0,False,False
2019-09-12,0.0,0.0,0.0,0.0,0.0,0.0,0.0,0.0,0.0,0.0,0.0,0.0,0.0,0.0,0.0,0.0,0.0,0.0,0.0,0.0,0.0,0.0,0.0,0.0,0.0,0.0,0.0,0.0,0.0,0.0,False,False
2019-09-13,0.0,0.0,0.0,0.0,0.0,0.0,0.0,0.0,0.0,0.0,0.0,0.0,0.0,0.0,0.0,0.0,0.0,0.0,0.0,0.0,0.0,0.0,0.0,0.0,0.0,0.0,0.0,0.0,0.0,0.0,False,False
2019-09-16,0.0,0.0,0.0,0.0,0.0,0.0,0.0,0.0,0.0,0.0,0.0,0.0,0.0,0.0,0.0,0.0,0.0,0.0,0.0,0.0,0.0,0.0,0.0,0.0,0.0,0.0,0.0,0.0,0.0,0.0,False,False
2019-09-17,0.0,0.0,0.0,0.0,0.0,0.0,0.0,0.0,0.0,0.0,0.0,0.0,0.0,0.0,0.0,0.0,0.0,0.0,0.0,0.0,0.0,0.0,0.0,0.0,0.0,0.0,0.0,0.0,0.0,0.0,False,False
2019-09-18,0.0,0.0,0.0,0.0,0.0,0.0,0.0,0.0,0.0,0.0,0.0,0.0,0.0,0.0,0.0,0.0,0.0,0.0,0.0,0.0,0.0,0.0,0.0,0.0,0.0,0.0,0.0,0.0,0.0,0.0,False,False
2019-09-19,0.0,0.0,0.0,0.0,0.0,0.0,0.0,0.0,0.0,0.0,0.0,0.0,0.0,0.0,0.0,0.0,0.0,0.0,0.0,0.0,0.0,0.0,0.0,0.0,0.0,0.0,0.0,0.0,0.0,0.0,False,False
2019-09-20,0.0,0.0,0.0,0.0,0.0,0.0,0.0,0.0,0.0,0.0,0.0,0.0,0.0,0.0,0.0,0.0,0.0,0.0,0.0,0.0,0.0,0.0,0.0,0.0,0.0,0.0,0.0,0.0,0.0,0.0,False,False
2019-09-23,0.0,0.0,0.0,0.0,0.0,0.0,0.0,0.0,0.0,0.0,0.0,0.0,0.0,0.0,0.0,0.0,0.0,0.0,0.0,0.0,0.0,0.0,0.0,0.0,0.0,0.0,0.0,0.0,0.0,0.0,False,False
2019-09-24,0.0,0.0,0.0,0.0,0.0,0.0,0.0,0.0,0.0,0.0,0.0,0.0,0.0,0.0,0.0,0.0,0.0,0.0,0.0,0.0,0.0,0.0,0.0,0.0,0.0,0.0,0.0,0.0,0.0,0.0,False,False
2019-09-25,-6121.553562324844,12382605.574673502,6191302.787336751,6191302.787336751,98.27464741804366,4.0,4.0,8.0,4.0,0.5,0.05000000000000001,0.24765211149347002,0.24765211149347002,0.24765211149347002,0.49530422298694005,-0.0001224310712464969,9.906084459738802e-05,2.4765211149347004e-05,7.4295633448041e-05,4953.042229869401,1.965492948360873e-06,-0.0001471962823958439,-0.0002214919158438849,-0.0002214919158438849,-0.00022345740879224578,-1.224310712464969,0.24765211149347005,0.74295633448041,0.01965492948360873,-2.2345740879224576,False,True
2019-09-26,0.0,0.0,0.0,0.0,0.0,0.0,0.0,0.0,0.0,0.0,0.0,0.0,0.0,0.0,0.0,0.0,0.0,0.0,0.0,0.0,0.0,0.0,0.0,0.0,0.0,0.0,0.0,0.0,0.0,0.0,False,False
2019-09-27,0.0,0.0,0.0,0.0,0.0,0.0,0.0,0.0,0.0,0.0,0.0,0.0,0.0,0.0,0.0,0.0,0.0,0.0,0.0,0.0,0.0,0.0,0.0,0.0,0.0,0.0,0.0,0.0,0.0,0.0,False,False
2019-09-30,0.0,0.0,0.0,0.0,0.0,0.0,0.0,0.0,0.0,0.0,0.0,0.0,0.0,0.0,0.0,0.0,0.0,0.0,0.0,0.0,0.0,0.0,0.0,0.0,0.0,0.0,0.0,0.0,0.0,0.0,False,False
2019-10-01,0.0,0.0,0.0,0.0,0.0,0.0,0.0,0.0,0.0,0.0,0.0,0.0,0.0,0.0,0.0,0.0,0.0,0.0,0.0,0.0,0.0,0.0,0.0,0.0,0.0,0.0,0.0,0.0,0.0,0.0,False,False
2019-10-02,0.0,0.0,0.0,0.0,0.0,0.0,0.0,0.0,0.0,0.0,0.0,0.0,0.0,0.0,0.0,0.0,0.0,0.0,0.0,0.0,0.0,0.0,0.0,0.0,0.0,0.0,0.0,0.0,0.0,0.0,False,False
2019-10-03,0.0,0.0,0.0,0.0,0.0,0.0,0.0,0.0,0.0,0.0,0.0,0.0,0.0,0.0,0.0,0.0,0.0,0.0,0.0,0.0,0.0,0.0,0.0,0.0,0.0,0.0,0.0,0.0,0.0,0.0,False,False
2019-10-04,0.0,0.0,0.0,0.0,0.0,0.0,0.0,0.0,0.0,0.0,0.0,0.0,0.0,0.0,0.0,0.0,0.0,0.0,0.0,0.0,0.0,0.0,0.0,0.0,0.0,0.0,0.0,0.0,0.0,0.0,False,False
2019-10-07,0.0,0.0,0.0,0.0,0.0,0.0,0.0,0.0,0.0,0.0,0.0,0.0,0.0,0.0,0.0,0.0,0.0,0.0,0.0,0.0,0.0,0.0,0.0,0.0,0.0,0.0,0.0,0.0,0.0,0.0,False,False
2019-10-08,0.0,0.0,0.0,0.0,0.0,0.0,0.0,0.0,0.0,0.0,0.0,0.0,0.0,0.0,0.0,0.0,0.0,0.0,0.0,0.0,0.0,0.0,0.0,0.0,0.0,0.0,0.0,0.0,0.0,0.0,False,False
2019-10-09,0.0,0.0,0.0,0.0,0.0,0.0,0.0,0.0,0.0,0.0,0.0,0.0,0.0,0.0,0.0,0.0,0.0,0.0,0.0,0.0,0.0,0.0,0.0,0.0,0.0,0.0,0.0,0.0,0.0,0.0,False,False
2019-10-10,0.0,0.0,0.0,0.0,0.0,0.0,0.0,0.0,0.0,0.0,0.0,0.0,0.0,0.0,0.0,0.0,0.0,0.0,0.0,0.0,0.0,0.0,0.0,0.0,0.0,0.0,0.0,0.0,0.0,0.0,False,False
2019-10-11,0.0,0.0,0.0,0.0,0.0,0.0,0.0,0.0,0.0,0.0,0.0,0.0,0.0,0.0,0.0,0.0,0.0,0.0,0.0,0.0,0.0,0.0,0.0,0.0,0.0,0.0,0.0,0.0,0.0,0.0,False,False
2019-10-14,0.0,0.0,0.0,0.0,0.0,0.0,0.0,0.0,0.0,0.0,0.0,0.0,0.0,0.0,0.0,0.0,0.0,0.0,0.0,0.0,0.0,0.0,0.0,0.0,0.0,0.0,0.0,0.0,0.0,0.0,False,False
2019-10-15,0.0,0.0,0.0,0.0,0.0,0.0,0.0,0.0,0.0,0.0,0.0,0.0,0.0,0.0,0.0,0.0,0.0,0.0,0.0,0.0,0.0,0.0,0.0,0.0,0.0,0.0,0.0,0.0,0.0,0.0,False,False
2019-10-16,0.0,0.0,0.0,0.0,0.0,0.0,0.0,0.0,0.0,0.0,0.0,0.0,0.0,0.0,0.0,0.0,0.0,0.0,0.0,0.0,0.0,0.0,0.0,0.0,0.0,0.0,0.0,0.0,0.0,0.0,False,False
2019-10-17,-14314.352663663154,8512971.944050001,4256485.9720250005,4256485.9720250005,215.10329821309526,4.0,4.0,8.0,4.0,0.5,0.05,0.170259438881,0.170259438881,0.170259438881,0.340518877762,-0.00028628705327326306,6.81037755524e-05,1.70259438881e-05,5.10778316643e-05,3405.18877762,4.302065964261905e-06,-0.00030331299716136306,-0.00035439082882566305,-0.00035439082882566305,-0.00035869289478992496,-2.8628705327326305,0.170259438881,0.510778316643,0.04302065964261905,-3.5869289478992497,False,True
2019-10-18,0.0,0.0,0.0,0.0,0.0,0.0,0.0,0.0,0.0,0.0,0.0,0.0,0.0,0.0,0.0,0.0,0.0,0.0,0.0,0.0,0.0,0.0,0.0,0.0,0.0,0.0,0.0,0.0,0.0,0.0,False,False
2019-10-21,-8664.429734909716,11472834.278700002,5736417.139350001,5736417.13935,228.2182533388889,4.0,4.0,8.0,4.0,0.5,0.05000000000000001,0.22945668557400004,0.22945668557400004,0.22945668557400004,0.45891337114800007,-0.00017328859469819432,9.178267422960002e-05,2.2945668557400004e-05,6.88370056722e-05,4589.133711480001,4.564365066777778e-06,-0.00019623426325559432,-0.00026507126892779434,-0.00026507126892779434,-0.0002696356339945721,-1.732885946981943,0.22945668557400004,0.688370056722,0.04564365066777778,-2.696356339945721,False,True
2019-10-22,0.0,0.0,0.0,0.0,0.0,0.0,0.0,0.0,0.0,0.0,0.0,0.0,0.0,0.0,0.0,0.0,0.0,0.0,0.0,0.0,0.0,0.0,0.0,0.0,0.0,0.0,0.0,0.0,0.0,0.0,False,False
2019-10-23,52215.78412256056,8263125.691129,4131562.8455644995,4131562.8455645,269.1990347273413,4.0,4.0,8.0,4.0,0.5,0.05,0.16526251382258,0.16526251382258,0.16526251382258,0.33052502764516,0.001044315682451211,6.6105005529032e-05,1.6526251382258e-05,4.9578754146774e-05,3305.2502764516003,5.383980694546826e-06,0.001027789431068953,0.0009782106769221789,0.0009782106769221789,0.0009728266962276321,10.44315682451211,0.16526251382258,0.49578754146774,0.053839806945468256,9.72826696227632,False,True
2019-10-24,0.0,0.0,0.0,0.0,0.0,0.0,0.0,0.0,0.0,0.0,0.0,0.0,0.0,0.0,0.0,0.0,0.0,0.0,0.0,0.0,0.0,0.0,0.0,0.0,0.0,0.0,0.0,0.0,0.0,0.0,False,False
2019-10-25,0.0,0.0,0.0,0.0,0.0,0.0,0.0,0.0,0.0,0.0,0.0,0.0,0.0,0.0,0.0,0.0,0.0,0.0,0.0,0.0,0.0,0.0,0.0,0.0,0.0,0.0,0.0,0.0,0.0,0.0,False,False
2019-10-28,0.0,0.0,0.0,0.0,0.0,0.0,0.0,0.0,0.0,0.0,0.0,0.0,0.0,0.0,0.0,0.0,0.0,0.0,0.0,0.0,0.0,0.0,0.0,0.0,0.0,0.0,0.0,0.0,0.0,0.0,False,False
2019-10-29,0.0,0.0,0.0,0.0,0.0,0.0,0.0,0.0,0.0,0.0,0.0,0.0,0.0,0.0,0.0,0.0,0.0,0.0,0.0,0.0,0.0,0.0,0.0,0.0,0.0,0.0,0.0,0.0,0.0,0.0,False,False
2019-10-30,0.0,0.0,0.0,0.0,0.0,0.0,0.0,0.0,0.0,0.0,0.0,0.0,0.0,0.0,0.0,0.0,0.0,0.0,0.0,0.0,0.0,0.0,0.0,0.0,0.0,0.0,0.0,0.0,0.0,0.0,False,False
2019-10-31,0.0,0.0,0.0,0.0,0.0,0.0,0.0,0.0,0.0,0.0,0.0,0.0,0.0,0.0,0.0,0.0,0.0,0.0,0.0,0.0,0.0,0.0,0.0,0.0,0.0,0.0,0.0,0.0,0.0,0.0,False,False
2019-11-01,0.0,0.0,0.0,0.0,0.0,0.0,0.0,0.0,0.0,0.0,0.0,0.0,0.0,0.0,0.0,0.0,0.0,0.0,0.0,0.0,0.0,0.0,0.0,0.0,0.0,0.0,0.0,0.0,0.0,0.0,False,False
2019-11-04,0.0,0.0,0.0,0.0,0.0,0.0,0.0,0.0,0.0,0.0,0.0,0.0,0.0,0.0,0.0,0.0,0.0,0.0,0.0,0.0,0.0,0.0,0.0,0.0,0.0,0.0,0.0,0.0,0.0,0.0,False,False
2019-11-05,0.0,0.0,0.0,0.0,0.0,0.0,0.0,0.0,0.0,0.0,0.0,0.0,0.0,0.0,0.0,0.0,0.0,0.0,0.0,0.0,0.0,0.0,0.0,0.0,0.0,0.0,0.0,0.0,0.0,0.0,False,False
2019-11-06,0.0,0.0,0.0,0.0,0.0,0.0,0.0,0.0,0.0,0.0,0.0,0.0,0.0,0.0,0.0,0.0,0.0,0.0,0.0,0.0,0.0,0.0,0.0,0.0,0.0,0.0,0.0,0.0,0.0,0.0,False,False
2019-11-07,0.0,0.0,0.0,0.0,0.0,0.0,0.0,0.0,0.0,0.0,0.0,0.0,0.0,0.0,0.0,0.0,0.0,0.0,0.0,0.0,0.0,0.0,0.0,0.0,0.0,0.0,0.0,0.0,0.0,0.0,False,False
2019-11-08,0.0,0.0,0.0,0.0,0.0,0.0,0.0,0.0,0.0,0.0,0.0,0.0,0.0,0.0,0.0,0.0,0.0,0.0,0.0,0.0,0.0,0.0,0.0,0.0,0.0,0.0,0.0,0.0,0.0,0.0,False,False
2019-11-11,0.0,0.0,0.0,0.0,0.0,0.0,0.0,0.0,0.0,0.0,0.0,0.0,0.0,0.0,0.0,0.0,0.0,0.0,0.0,0.0,0.0,0.0,0.0,0.0,0.0,0.0,0.0,0.0,0.0,0.0,False,False
2019-11-12,0.0,0.0,0.0,0.0,0.0,0.0,0.0,0.0,0.0,0.0,0.0,0.0,0.0,0.0,0.0,0.0,0.0,0.0,0.0,0.0,0.0,0.0,0.0,0.0,0.0,0.0,0.0,0.0,0.0,0.0,False,False
2019-11-13,0.0,0.0,0.0,0.0,0.0,0.0,0.0,0.0,0.0,0.0,0.0,0.0,0.0,0.0,0.0,0.0,0.0,0.0,0.0,0.0,0.0,0.0,0.0,0.0,0.0,0.0,0.0,0.0,0.0,0.0,False,False
2019-11-14,0.0,0.0,0.0,0.0,0.0,0.0,0.0,0.0,0.0,0.0,0.0,0.0,0.0,0.0,0.0,0.0,0.0,0.0,0.0,0.0,0.0,0.0,0.0,0.0,0.0,0.0,0.0,0.0,0.0,0.0,False,False
2019-11-15,0.0,0.0,0.0,0.0,0.0,0.0,0.0,0.0,0.0,0.0,0.0,0.0,0.0,0.0,0.0,0.0,0.0,0.0,0.0,0.0,0.0,0.0,0.0,0.0,0.0,0.0,0.0,0.0,0.0,0.0,False,False
2019-11-18,0.0,0.0,0.0,0.0,0.0,0.0,0.0,0.0,0.0,0.0,0.0,0.0,0.0,0.0,0.0,0.0,0.0,0.0,0.0,0.0,0.0,0.0,0.0,0.0,0.0,0.0,0.0,0.0,0.0,0.0,False,False
2019-11-19,0.0,0.0,0.0,0.0,0.0,0.0,0.0,0.0,0.0,0.0,0.0,0.0,0.0,0.0,0.0,0.0,0.0,0.0,0.0,0.0,0.0,0.0,0.0,0.0,0.0,0.0,0.0,0.0,0.0,0.0,False,False
2019-11-20,0.0,0.0,0.0,0.0,0.0,0.0,0.0,0.0,0.0,0.0,0.0,0.0,0.0,0.0,0.0,0.0,0.0,0.0,0.0,0.0,0.0,0.0,0.0,0.0,0.0,0.0,0.0,0.0,0.0,0.0,False,False
2019-11-21,0.0,0.0,0.0,0.0,0.0,0.0,0.0,0.0,0.0,0.0,0.0,0.0,0.0,0.0,0.0,0.0,0.0,0.0,0.0,0.0,0.0,0.0,0.0,0.0,0.0,0.0,0.0,0.0,0.0,0.0,False,False
2019-11-22,0.0,0.0,0.0,0.0,0.0,0.0,0.0,0.0,0.0,0.0,0.0,0.0,0.0,0.0,0.0,0.0,0.0,0.0,0.0,0.0,0.0,0.0,0.0,0.0,0.0,0.0,0.0,0.0,0.0,0.0,False,False
2019-11-25,0.0,0.0,0.0,0.0,0.0,0.0,0.0,0.0,0.0,0.0,0.0,0.0,0.0,0.0,0.0,0.0,0.0,0.0,0.0,0.0,0.0,0.0,0.0,0.0,0.0,0.0,0.0,0.0,0.0,0.0,False,False
2019-11-26,0.0,0.0,0.0,0.0,0.0,0.0,0.0,0.0,0.0,0.0,0.0,0.0,0.0,0.0,0.0,0.0,0.0,0.0,0.0,0.0,0.0,0.0,0.0,0.0,0.0,0.0,0.0,0.0,0.0,0.0,False,False
2019-11-27,0.0,0.0,0.0,0.0,0.0,0.0,0.0,0.0,0.0,0.0,0.0,0.0,0.0,0.0,0.0,0.0,0.0,0.0,0.0,0.0,0.0,0.0,0.0,0.0,0.0,0.0,0.0,0.0,0.0,0.0,False,False
2019-11-29,0.0,0.0,0.0,0.0,0.0,0.0,0.0,0.0,0.0,0.0,0.0,0.0,0.0,0.0,0.0,0.0,0.0,0.0,0.0,0.0,0.0,0.0,0.0,0.0,0.0,0.0,0.0,0.0,0.0,0.0,False,False
2019-12-02,0.0,0.0,0.0,0.0,0.0,0.0,0.0,0.0,0.0,0.0,0.0,0.0,0.0,0.0,0.0,0.0,0.0,0.0,0.0,0.0,0.0,0.0,0.0,0.0,0.0,0.0,0.0,0.0,0.0,0.0,False,False
2019-12-03,199572.31612988803,25000000.0,12500000.0,12500000.0,506.3312826984127,4.0,4.0,8.0,2.0,0.25,0.05,0.5,0.5,0.5,1.0,0.00399144632259776,0.0002,5e-05,0.00015,10000.0,1.0126625653968254e-05,0.0039414463225977605,0.0037914463225977605,0.0037914463225977605,0.003781319696943792,39.9144632259776,0.5,1.4999999999999998,0.10126625653968253,37.813196969437925,False,True
2019-12-04,0.0,0.0,0.0,0.0,0.0,0.0,0.0,0.0,0.0,0.0,0.0,0.0,0.0,0.0,0.0,0.0,0.0,0.0,0.0,0.0,0.0,0.0,0.0,0.0,0.0,0.0,0.0,0.0,0.0,0.0,False,False
2019-12-05,0.0,0.0,0.0,0.0,0.0,0.0,0.0,0.0,0.0,0.0,0.0,0.0,0.0,0.0,0.0,0.0,0.0,0.0,0.0,0.0,0.0,0.0,0.0,0.0,0.0,0.0,0.0,0.0,0.0,0.0,False,False
2019-12-06,0.0,0.0,0.0,0.0,0.0,0.0,0.0,0.0,0.0,0.0,0.0,0.0,0.0,0.0,0.0,0.0,0.0,0.0,0.0,0.0,0.0,0.0,0.0,0.0,0.0,0.0,0.0,0.0,0.0,0.0,False,False
2019-12-09,0.0,0.0,0.0,0.0,0.0,0.0,0.0,0.0,0.0,0.0,0.0,0.0,0.0,0.0,0.0,0.0,0.0,0.0,0.0,0.0,0.0,0.0,0.0,0.0,0.0,0.0,0.0,0.0,0.0,0.0,False,False
2019-12-10,0.0,0.0,0.0,0.0,0.0,0.0,0.0,0.0,0.0,0.0,0.0,0.0,0.0,0.0,0.0,0.0,0.0,0.0,0.0,0.0,0.0,0.0,0.0,0.0,0.0,0.0,0.0,0.0,0.0,0.0,False,False
2019-12-11,0.0,0.0,0.0,0.0,0.0,0.0,0.0,0.0,0.0,0.0,0.0,0.0,0.0,0.0,0.0,0.0,0.0,0.0,0.0,0.0,0.0,0.0,0.0,0.0,0.0,0.0,0.0,0.0,0.0,0.0,False,False
2019-12-12,0.0,0.0,0.0,0.0,0.0,0.0,0.0,0.0,0.0,0.0,0.0,0.0,0.0,0.0,0.0,0.0,0.0,0.0,0.0,0.0,0.0,0.0,0.0,0.0,0.0,0.0,0.0,0.0,0.0,0.0,False,False
2019-12-13,0.0,0.0,0.0,0.0,0.0,0.0,0.0,0.0,0.0,0.0,0.0,0.0,0.0,0.0,0.0,0.0,0.0,0.0,0.0,0.0,0.0,0.0,0.0,0.0,0.0,0.0,0.0,0.0,0.0,0.0,False,False
2019-12-16,0.0,0.0,0.0,0.0,0.0,0.0,0.0,0.0,0.0,0.0,0.0,0.0,0.0,0.0,0.0,0.0,0.0,0.0,0.0,0.0,0.0,0.0,0.0,0.0,0.0,0.0,0.0,0.0,0.0,0.0,False,False
2019-12-17,0.0,0.0,0.0,0.0,0.0,0.0,0.0,0.0,0.0,0.0,0.0,0.0,0.0,0.0,0.0,0.0,0.0,0.0,0.0,0.0,0.0,0.0,0.0,0.0,0.0,0.0,0.0,0.0,0.0,0.0,False,False
2019-12-18,0.0,0.0,0.0,0.0,0.0,0.0,0.0,0.0,0.0,0.0,0.0,0.0,0.0,0.0,0.0,0.0,0.0,0.0,0.0,0.0,0.0,0.0,0.0,0.0,0.0,0.0,0.0,0.0,0.0,0.0,False,False
2019-12-19,0.0,0.0,0.0,0.0,0.0,0.0,0.0,0.0,0.0,0.0,0.0,0.0,0.0,0.0,0.0,0.0,0.0,0.0,0.0,0.0,0.0,0.0,0.0,0.0,0.0,0.0,0.0,0.0,0.0,0.0,False,False
2019-12-20,0.0,0.0,0.0,0.0,0.0,0.0,0.0,0.0,0.0,0.0,0.0,0.0,0.0,0.0,0.0,0.0,0.0,0.0,0.0,0.0,0.0,0.0,0.0,0.0,0.0,0.0,0.0,0.0,0.0,0.0,False,False
2019-12-23,0.0,0.0,0.0,0.0,0.0,0.0,0.0,0.0,0.0,0.0,0.0,0.0,0.0,0.0,0.0,0.0,0.0,0.0,0.0,0.0,0.0,0.0,0.0,0.0,0.0,0.0,0.0,0.0,0.0,0.0,False,False
2019-12-24,0.0,0.0,0.0,0.0,0.0,0.0,0.0,0.0,0.0,0.0,0.0,0.0,0.0,0.0,0.0,0.0,0.0,0.0,0.0,0.0,0.0,0.0,0.0,0.0,0.0,0.0,0.0,0.0,0.0,0.0,False,False
2019-12-26,0.0,0.0,0.0,0.0,0.0,0.0,0.0,0.0,0.0,0.0,0.0,0.0,0.0,0.0,0.0,0.0,0.0,0.0,0.0,0.0,0.0,0.0,0.0,0.0,0.0,0.0,0.0,0.0,0.0,0.0,False,False
2019-12-27,0.0,0.0,0.0,0.0,0.0,0.0,0.0,0.0,0.0,0.0,0.0,0.0,0.0,0.0,0.0,0.0,0.0,0.0,0.0,0.0,0.0,0.0,0.0,0.0,0.0,0.0,0.0,0.0,0.0,0.0,False,False
2019-12-30,-27898.210151149684,14057448.122175,7028724.0610875,7028724.0610875,111.5670485886905,4.0,4.0,8.0,4.0,0.5,0.05000000000000001,0.2811489624435,0.2811489624435,0.2811489624435,0.562297924887,-0.0005579642030229937,0.00011245958497740002,2.8114896244350004e-05,8.434468873304999e-05,5622.97924887,2.23134097177381e-06,-0.0005860790992673437,-0.0006704237880003936,-0.0006704237880003936,-0.0006726551289721674,-5.5796420302299365,0.2811489624435001,0.8434468873304999,0.0223134097177381,-6.726551289721675,False,True
2019-12-31,48345.44177661893,11113147.702711502,5556573.85135575,5556573.85135575,88.19958494215477,4.0,4.0,8.0,4.0,0.5,0.05000000000000001,0.22226295405423005,0.22226295405423005,0.22226295405423005,0.4445259081084601,0.0009669088355323786,8.890518162169203e-05,2.2226295405423007e-05,6.6678886216269e-05,4445.259081084601,1.7639916988430954e-06,0.0009446825401269556,0.0008780036539106866,0.0008780036539106866,0.0008762396622118435,9.669088355323785,0.22226295405423008,0.6667888621626901,0.017639916988430954,8.762396622118436,False,True
2020-01-02,-5216.861728206877,8309304.79925,4154652.399625,4154652.399625,216.06237232579366,4.0,4.0,8.0,4.0,0.5,0.05,0.166186095985,0.166186095985,0.166186095985,0.33237219197,-0.00010433723456413754,6.6474438394e-05,1.66186095985e-05,4.98558287955e-05,3323.7219197000004,4.321247446515873e-06,-0.00012095584416263753,-0.00017081167295813753,-0.00017081167295813753,-0.0001751329204046534,-1.0433723456413753,0.166186095985,0.498558287955,0.04321247446515873,-1.7513292040465338,False,True
2020-01-03,42722.65504302937,22174256.72955,11087128.364775002,11087128.364775,916.745838977381,4.0,4.0,8.0,4.0,0.5,0.05,0.44348513459100003,0.44348513459100003,0.44348513459100003,0.8869702691820001,0.0008544531008605875,0.0001773940538364,4.43485134591e-05,0.0001330455403773,8869.70269182,1.833491677954762e-05,0.0008101045874014874,0.0006770590470241874,0.0006770590470241874,0.0006587241302446398,8.544531008605874,0.44348513459100003,1.3304554037729999,0.1833491677954762,6.587241302446398,False,True
2020-01-06,137390.0682534036,17957665.5692,8978832.7846,8978832.7846,250.42509201587305,4.0,4.0,8.0,4.0,0.5,0.05,0.35915331138400003,0.35915331138400003,0.35915331138400003,0.7183066227680001,0.002747801365068072,0.0001436613245536,3.59153311384e-05,0.0001077459934152,7183.06622768,5.008501840317461e-06,0.0027118860339296717,0.0026041400405144716,0.0026041400405144716,0.002599131538674154,27.47801365068072,0.35915331138400003,1.077459934152,0.05008501840317461,25.99131538674154,False,True
2020-01-07,-51616.86044333812,14674451.58055,7337225.790275,7337225.790275,262.397057240873,4.0,4.0,8.0,4.0,0.5,0.05000000000000001,0.293489031611,0.293489031611,0.293489031611,0.586978063222,-0.0010323372088667624,0.0001173956126444,2.93489031611e-05,8.804670948329998e-05,5869.7806322199995,5.24794114481746e-06,-0.0010616861120278623,-0.0011497328215111624,-0.0011497328215111624,-0.00115498076265598,-10.323372088667623,0.293489031611,0.8804670948329998,0.0524794114481746,-11.549807626559799,False,True
2020-01-08,32858.18968750828,16034308.32335,8017154.161675,8017154.161675001,234.36225083134923,4.0,4.0,8.0,4.0,0.5,0.05,0.320686166467,0.320686166467,0.320686166467,0.641372332934,0.0006571637937501656,0.0001282744665868,3.20686166467e-05,9.62058499401e-05,6413.72332934,4.687245016626984e-06,0.0006250951771034657,0.0005288893271633657,0.0005288893271633657,0.0005242020821467387,6.571637937501657,0.32068616646700004,0.962058499401,0.04687245016626984,5.242020821467388,False,True
2020-01-09,4882.345043192612,5597736.7527,2798868.37635,2798868.37635,154.6273414531746,4.0,4.0,8.0,4.0,0.5,0.05,0.111954735054,0.111954735054,0.111954735054,0.223909470108,9.764690086385225e-05,4.47818940216e-05,1.11954735054e-05,3.358642051619999e-05,2239.09470108,3.0925468290634923e-06,8.645142735845225e-05,5.286500684225225e-05,5.286500684225225e-05,4.977246001318876e-05,0.9764690086385225,0.111954735054,0.33586420516199994,0.030925468290634923,0.4977246001318876,False,True
2020-01-10,104565.93121502791,19196955.023464,9598477.511732,9598477.511732,152.35678590050796,4.0,4.0,8.0,4.0,0.5,0.05,0.38393910046928004,0.38393910046928004,0.38393910046928004,0.7678782009385601,0.0020913186243005583,0.000153575640187712,3.8393910046928e-05,0.000115181730140784,7678.782009385601,3.047135718010159e-06,0.0020529247142536304,0.0019377429841128464,0.0019377429841128464,0.0019346958483948363,20.913186243005583,0.38393910046928004,1.1518173014078399,0.03047135718010159,19.346958483948363,False,True
2020-01-13,63268.40582514975,25565461.943866,12782730.971932998,12782730.971933,202.90049161798413,4.0,4.0,8.0,4.0,0.5,0.05,0.5113092388773199,0.5113092388773199,0.5113092388773199,1.0226184777546399,0.001265368116502995,0.000204523695550928,5.1130923887732e-05,0.00015339277166319596,10226.1847775464,4.058009832359682e-06,0.0012142371926152629,0.0010608444209520668,0.0010608444209520668,0.0010567864111197072,12.65368116502995,0.5113092388773199,1.5339277166319596,0.040580098323596825,10.567864111197071,False,True
2020-01-14,-8016.4062360009175,7655652.2569,3827826.12845,3827826.12845,192.75824971825398,4.0,4.0,8.0,4.0,0.5,0.05,0.153113045138,0.153113045138,0.153113045138,0.306226090276,-0.00016032812472001836,6.124521805520001e-05,1.5311304513800002e-05,4.59339135414e-05,3062.2609027600006,3.8551649943650795e-06,-0.00017563942923381836,-0.00022157334277521837,-0.00022157334277521837,-0.00022542850776958344,-1.6032812472001836,0.15311304513800003,0.459339135414,0.0385516499436508,-2.2542850776958345,False,True
2020-01-15,-39528.38449252671,11665132.170200001,5832566.085100001,5832566.085100001,917.3165039440478,4.0,4.0,8.0,4.0,0.5,0.05,0.23330264340400003,0.23330264340400003,0.23330264340400003,0.46660528680800006,-0.0007905676898505343,9.332105736160002e-05,2.3330264340400004e-05,6.99907930212e-05,4666.052868080001,1.8346330078880956e-05,-0.0008138979541909343,-0.0008838887472121344,-0.0008838887472121344,-0.0009022350772910153,-7.905676898505343,0.23330264340400003,0.699907930212,0.18346330078880957,-9.022350772910153,False,True
2020-01-16,1849.6391628163533,6659327.136300001,3329663.5681500006,3329663.5681500006,241.43675608174607,4.0,4.0,8.0,4.0,0.5,0.05000000000000001,0.13318654272600003,0.13318654272600003,0.13318654272600003,0.26637308545200006,3.699278325632707e-05,5.327461709040001e-05,1.3318654272600003e-05,3.995596281780001e-05,2663.730854520001,4.828735121634921e-06,2.3674128983727064e-05,-1.6281833834072944e-05,-1.6281833834072944e-05,-2.1110568955707864e-05,0.36992783256327066,0.13318654272600003,0.39955962817800006,0.048287351216349216,-0.21110568955707865,False,True
2020-01-17,40224.53063782663,8284966.09145,4142483.0457249996,4142483.045725,141.1394862813492,4.0,4.0,8.0,4.0,0.5,0.05,0.165699321829,0.165699321829,0.165699321829,0.331398643658,0.0008044906127565326,6.62797287316e-05,1.65699321829e-05,4.970979654869999e-05,3313.98643658,2.822789725626984e-06,0.0007879206805736326,0.0007382108840249326,0.0007382108840249326,0.0007353880942993056,8.044906127565326,0.165699321829,0.4970979654869999,0.02822789725626984,7.353880942993055,False,True
2020-01-21,202999.25201070786,46206397.872,23103198.936,23103198.936,831.628961111111,4.0,4.0,8.0,4.0,0.5,0.05,0.92412795744,0.92412795744,0.92412795744,1.84825591488,0.004059985040214157,0.000369651182976,9.2412795744e-05,0.00027723838723199996,18482.5591488,1.663257922222222e-05,0.003967572244470157,0.003690333857238157,0.003690333857238157,0.0036737012780159346,40.59985040214157,0.92412795744,2.7723838723199994,0.1663257922222222,36.73701278015935,False,True
2020-01-22,37510.13269511559,50000000.0,25000000.0,25000000.0,1163.2941043746032,4.0,4.0,8.0,1.0,0.125,0.05,1.0,1.0,1.0,2.0,0.0007502026539023119,0.0004,0.0001,0.0003,20000.0,2.3265882087492064e-05,0.0006502026539023119,0.0003502026539023119,0.0003502026539023119,0.00032693677181481985,7.502026539023119,1.0,2.9999999999999996,0.23265882087492062,3.2693677181481986,True,False
2020-01-23,84927.00120085943,49999999.99999999,24999999.999999996,25000000.0,949.5074476190476,4.0,4.0,8.0,2.0,0.25,0.05000000000000001,0.9999999999999999,0.9999999999999999,0.9999999999999999,1.9999999999999998,0.0016985400240171887,0.00039999999999999996,9.999999999999999e-05,0.0002999999999999999,20000.0,1.8990148952380953e-05,0.0015985400240171887,0.0012985400240171888,0.0012985400240171888,0.0012795498750648078,16.985400240171888,0.9999999999999999,2.999999999999999,0.18990148952380953,12.795498750648077,True,False
2020-01-24,-335554.1523105658,18883031.08255,9441515.541275,9441515.541275,149.8653260519841,4.0,4.0,8.0,4.0,0.5,0.05,0.377660621651,0.377660621651,0.377660621651,0.755321243302,-0.0067110830462113165,0.0001510642486604,3.77660621651e-05,0.0001132981864953,7553.21243302,2.997306521039682e-06,-0.006748849108376417,-0.006862147294871716,-0.006862147294871716,-0.006865144601392756,-67.11083046211317,0.377660621651,1.132981864953,0.02997306521039682,-68.65144601392755,False,True
2020-01-27,427671.81421541714,49999999.99999999,24999999.999999996,25000000.0,1158.9945535248678,4.0,4.0,8.0,1.0,0.125,0.05,0.9999999999999999,0.9999999999999999,0.9999999999999999,1.9999999999999998,0.008553436284308344,0.00039999999999999996,9.999999999999999e-05,0.0002999999999999999,20000.0,2.3179891070497356e-05,0.008453436284308344,0.008153436284308344,0.008153436284308344,0.008130256393237847,85.53436284308343,0.9999999999999999,2.999999999999999,0.23179891070497358,81.30256393237848,True,False
2020-01-28,100425.30575389806,25000000.0,12500000.0,12500000.0,198.4126984126984,4.0,4.0,8.0,0.0,0.0,0.039507981979652135,0.5,0.5,0.5,1.0,0.0020085061150779612,0.0002,5e-05,0.00015,10000.0,3.968253968253968e-06,0.001958506115077961,0.0018085061150779611,0.0018085061150779611,0.0018045378611097071,20.085061150779612,0.5,1.4999999999999998,0.03968253968253968,18.04537861109707,False,True
2020-01-29,-101777.7287881569,25000000.0,12500000.0,12500000.0,439.24371703703696,4.0,4.0,8.0,1.0,0.125,0.049999999999999996,0.5,0.5,0.5,1.0,-0.0020355545757631383,0.0002,5e-05,0.00015,10000.0,8.78487434074074e-06,-0.0020855545757631384,-0.0022355545757631384,-0.0022355545757631384,-0.0022443394501038792,-20.355545757631383,0.5,1.4999999999999998,0.08784874340740739,-22.443394501038792,False,True
2020-01-30,-40424.96641072084,50000000.0,25000000.0,25000000.0,396.82539682539687,4.0,4.0,8.0,2.0,0.25,0.05,1.0,1.0,1.0,2.0,-0.0008084993282144168,0.0004,0.0001,0.0003,20000.0,7.936507936507938e-06,-0.0009084993282144168,-0.0012084993282144168,-0.0012084993282144168,-0.0012164358361509248,-8.084993282144168,1.0,2.9999999999999996,0.07936507936507937,-12.16435836150925,True,False
2020-01-31,79990.37808464399,24999999.999999996,12499999.999999998,12500000.0,439.37993656084655,4.0,4.0,8.0,1.0,0.125,0.05,0.49999999999999994,0.49999999999999994,0.49999999999999994,0.9999999999999999,0.0015998075616928799,0.00019999999999999998,4.9999999999999996e-05,0.00014999999999999996,10000.0,8.787598731216931e-06,0.00154980756169288,0.00139980756169288,0.00139980756169288,0.0013910199629616632,15.9980756169288,0.49999999999999994,1.4999999999999996,0.0878759873121693,13.910199629616631,False,True
2020-02-03,584178.2080011463,47518544.57825,23759272.289125,23759272.289125,377.1313061765873,4.0,4.0,8.0,4.0,0.5,0.05,0.950370891565,0.950370891565,0.950370891565,1.90074178313,0.011683564160022926,0.000380148356626,9.50370891565e-05,0.00028511126746949995,19007.4178313,7.5426261235317465e-06,0.011588527070866425,0.011303415803396924,0.011303415803396924,0.011295873177273392,116.83564160022927,0.9503708915650001,2.8511126746949995,0.07542626123531747,112.95873177273391,False,True
2020-02-04,-96167.02952171436,25000000.0,12500000.0,12499999.999999998,198.4126984126984,4.0,4.0,8.0,3.0,0.375,0.049999999999999996,0.5,0.5,0.5,1.0,-0.0019233405904342871,0.0002,5e-05,0.00015,10000.0,3.968253968253968e-06,-0.001973340590434287,-0.002123340590434287,-0.002123340590434287,-0.002127308844402541,-19.23340590434287,0.5,1.4999999999999998,0.03968253968253968,-21.27308844402541,False,True
2020-02-05,-183149.34804081262,25000000.0,12500000.0,12500000.0,586.9200080857144,4.0,4.0,8.0,3.0,0.375,0.05,0.5,0.5,0.5,1.0,-0.0036629869608162525,0.0002,5e-05,0.00015,10000.0,1.1738400161714288e-05,-0.0037129869608162527,-0.0038629869608162526,-0.0038629869608162526,-0.003874725360977967,-36.62986960816252,0.5,1.4999999999999998,0.11738400161714288,-38.74725360977967,False,True
2020-02-06,-142793.39054969742,24999999.999999996,12499999.999999998,12500000.0,198.4126984126984,4.0,4.0,8.0,3.0,0.375,0.05,0.49999999999999994,0.49999999999999994,0.49999999999999994,0.9999999999999999,-0.0028558678109939484,0.00019999999999999998,4.9999999999999996e-05,0.00014999999999999996,10000.0,3.968253968253968e-06,-0.0029058678109939486,-0.0030558678109939485,-0.0030558678109939485,-0.0030598360649622025,-28.558678109939486,0.49999999999999994,1.4999999999999996,0.03968253968253968,-30.598360649622027,False,True
2020-02-07,71854.8925973977,18364440.507500004,9182220.253750002,9182220.25375,559.955779265873,4.0,4.0,8.0,4.0,0.5,0.05,0.3672888101500001,0.3672888101500001,0.3672888101500001,0.7345776203000002,0.001437097851947954,0.00014691552406000005,3.672888101500001e-05,0.00011018664304500001,7345.776203000002,1.1199115585317461e-05,0.001400368970932954,0.001290182327887954,0.001290182327887954,0.0012789832123026364,14.370978519479541,0.36728881015000014,1.10186643045,0.11199115585317461,12.789832123026365,False,True
2020-02-10,129146.58374575812,25000000.0,12500000.0,12500000.0,198.41269841269843,4.0,4.0,8.0,2.0,0.25,0.05,0.5,0.5,0.5,1.0,0.0025829316749151625,0.0002,5e-05,0.00015,10000.0,3.968253968253969e-06,0.0025329316749151624,0.0023829316749151624,0.0023829316749151624,0.0023789634209469084,25.829316749151626,0.5,1.4999999999999998,0.03968253968253969,23.789634209469085,False,True
2020-02-11,72955.19099059414,25000000.0,12500000.0,12500000.0,485.85794329761904,4.0,4.0,8.0,2.0,0.25,0.05,0.5,0.5,0.5,1.0,0.0014591038198118829,0.0002,5e-05,0.00015,10000.0,9.717158865952381e-06,0.001409103819811883,0.001259103819811883,0.001259103819811883,0.0012493866609459307,14.591038198118829,0.5,1.4999999999999998,0.09717158865952381,12.493866609459307,False,True
2020-02-12,-259650.8504210734,25000000.0,12500000.0,12500000.0,198.4126984126984,4.0,4.0,8.0,3.0,0.375,0.05,0.5,0.5,0.5,1.0,-0.005193017008421468,0.0002,5e-05,0.00015,10000.0,3.968253968253968e-06,-0.0052430170084214675,-0.0053930170084214675,-0.0053930170084214675,-0.005396985262389721,-51.93017008421468,0.5,1.4999999999999998,0.03968253968253968,-53.96985262389721,False,True
2020-02-13,16089.336254809805,25000000.0,12500000.0,12499999.999999998,198.41269841269838,4.0,4.0,8.0,2.0,0.25,0.05000000000000001,0.5,0.5,0.5,1.0,0.0003217867250961961,0.0002,5e-05,0.00015,10000.0,3.968253968253967e-06,0.0002717867250961961,0.00012178672509619609,0.00012178672509619609,0.00011781847112794212,3.217867250961961,0.5,1.4999999999999998,0.03968253968253967,1.1781847112794213,False,True
2020-02-14,110424.44939120644,20323282.3434,10161641.1717,10161641.1717,161.29589161428572,4.0,4.0,8.0,4.0,0.5,0.05000000000000001,0.406465646868,0.406465646868,0.406465646868,0.812931293736,0.0022084889878241287,0.0001625862587472,4.06465646868e-05,0.0001219396940604,8129.31293736,3.2259178322857146e-06,0.0021678424231373287,0.0020459027290769287,0.0020459027290769287,0.002042676811244643,22.084889878241288,0.406465646868,1.219396940604,0.03225917832285714,20.426768112446428,False,True
2020-02-18,231604.85825743034,25000000.0,12500000.0,12500000.0,747.6348596296298,4.0,4.0,8.0,2.0,0.25,0.05,0.5,0.5,0.5,1.0,0.0046320971651486065,0.0002,5e-05,0.00015,10000.0,1.4952697192592595e-05,0.004582097165148607,0.004432097165148607,0.004432097165148607,0.004417144467956015,46.32097165148607,0.5,1.4999999999999998,0.14952697192592596,44.171444679560146,False,True
2020-02-19,-43197.367127436344,25000000.0,12500000.0,12500000.0,505.35424973544974,4.0,4.0,8.0,1.0,0.125,0.05,0.5,0.5,0.5,1.0,-0.0008639473425487269,0.0002,5e-05,0.00015,10000.0,1.0107084994708994e-05,-0.0009139473425487269,-0.001063947342548727,-0.001063947342548727,-0.001074054427543436,-8.63947342548727,0.5,1.4999999999999998,0.10107084994708994,-10.74054427543436,False,True
2020-02-20,-74064.94085765921,25000000.0,12500000.0,12500000.0,396.8253968253968,4.0,4.0,8.0,0.0,0.0,0.02517867306000549,0.5,0.5,0.5,1.0,-0.0014812988171531841,0.0002,5e-05,0.00015,10000.0,7.936507936507936e-06,-0.001531298817153184,-0.001681298817153184,-0.001681298817153184,-0.001689235325089692,-14.812988171531842,0.5,1.4999999999999998,0.07936507936507936,-16.89235325089692,False,True
2020-02-21,-1716606.8828972778,46298560.776247,23149280.3881235,23149280.3881235,645.1041410813255,4.0,4.0,8.0,4.0,0.5,0.05,0.92597121552494,0.92597121552494,0.92597121552494,1.85194243104988,-0.03433213765794556,0.000370388486209976,9.2597121552494e-05,0.000277791364657482,18519.4243104988,1.290208282162651e-05,-0.034424734779498055,-0.03470252614415554,-0.03470252614415554,-0.034715428226977166,-343.3213765794556,0.92597121552494,2.7779136465748198,0.1290208282162651,-347.15428226977167,False,True
2020-02-24,612431.1515996276,50000000.0,25000000.0,25000000.0,587.4653344444445,4.0,4.0,8.0,2.0,0.25,0.05,1.0,1.0,1.0,2.0,0.012248623031992551,0.0004,0.0001,0.0003,20000.0,1.174930668888889e-05,0.012148623031992552,0.011848623031992552,0.011848623031992552,0.011836873725303662,122.48623031992551,1.0,2.9999999999999996,0.1174930668888889,118.36873725303663,True,False
2020-02-25,-108599.45576266582,50000000.0,25000000.0,25000000.0,1409.0034198188255,4.0,4.0,8.0,3.0,0.375,0.05,1.0,1.0,1.0,2.0,-0.0021719891152533165,0.0004,0.0001,0.0003,20000.0,2.818006839637651e-05,-0.0022719891152533163,-0.0025719891152533162,-0.0025719891152533162,-0.002600169183649693,-21.719891152533165,1.0,2.9999999999999996,0.28180068396376506,-26.001691836496928,True,False
2020-02-26,-763912.5405379673,35205311.06,17602655.53,17602655.53,511.8150123809524,4.0,4.0,8.0,4.0,0.5,0.05,0.7041062212,0.7041062212,0.7041062212,1.4082124424,-0.015278250810759347,0.00028164248848,7.041062212e-05,0.00021123186635999997,14082.124424000001,1.0236300247619048e-05,-0.015348661432879347,-0.015559893299239347,-0.015559893299239347,-0.015570129599486966,-152.78250810759346,0.7041062212,2.1123186635999995,0.10236300247619047,-155.70129599486967,False,True
2020-02-27,-826802.0113610199,50000000.0,25000000.0,25000000.0,396.82539682539687,4.0,4.0,8.0,1.0,0.125,0.05,1.0,1.0,1.0,2.0,-0.016536040227220397,0.0004,0.0001,0.0003,20000.0,7.936507936507938e-06,-0.016636040227220397,-0.016936040227220398,-0.016936040227220398,-0.016943976735156907,-165.36040227220397,1.0,2.9999999999999996,0.07936507936507937,-169.43976735156906,True,False
2020-02-28,603387.8641944361,30384854.622950003,15192427.311475001,15192427.311475001,295.2612781186508,4.0,4.0,8.0,4.0,0.5,0.05,0.607697092459,0.607697092459,0.607697092459,1.215394184918,0.012067757283888722,0.00024307883698360003,6.076970924590001e-05,0.0001823091277377,12153.94184918,5.905225562373016e-06,0.012006987574642821,0.011824678446905122,0.011824678446905122,0.011818773221342749,120.67757283888722,0.607697092459,1.8230912773769998,0.05905225562373016,118.1877322134275,False,True
2020-03-02,714146.5234659556,45478157.285450004,22739078.642725002,22739078.642725002,415.94957861468254,4.0,4.0,8.0,4.0,0.5,0.05,0.9095631457090001,0.9095631457090001,0.9095631457090001,1.8191262914180002,0.014282930469319112,0.00036382525828360004,9.095631457090001e-05,0.0002728689437127,18191.262914180003,8.31899157229365e-06,0.014191974154748212,0.013919105211035511,0.013919105211035511,0.013910786219463218,142.82930469319112,0.9095631457090001,2.728689437127,0.0831899157229365,139.1078621946322,False,True
2020-03-03,112475.22098890106,26045243.64,13022621.819999998,13022621.82,206.70828285714288,4.0,4.0,8.0,4.0,0.5,0.05,0.5209048728,0.5209048728,0.5209048728,1.0418097456,0.002249504419778021,0.00020836194912,5.209048728e-05,0.00015627146183999998,10418.097456,4.134165657142858e-06,0.002197413932498021,0.0020411424706580214,0.0020411424706580214,0.0020370083050008786,22.495044197780214,0.5209048728,1.5627146183999998,0.041341656571428576,20.370083050008787,False,True
2020-03-04,-214504.72321122664,27257142.3897,13628571.19485,13628571.19485,404.63441475396826,4.0,4.0,8.0,4.0,0.5,0.05,0.545142847794,0.545142847794,0.545142847794,1.090285695588,-0.0042900944642245325,0.00021805713911760002,5.4514284779400006e-05,0.00016354285433819998,10902.85695588,8.092688295079365e-06,-0.0043446087490039325,-0.0045081516033421325,-0.0045081516033421325,-0.004516244291637212,-42.90094464224533,0.545142847794,1.635428543382,0.08092688295079366,-45.162442916372115,False,True
2020-03-05,138396.75144456624,34880454.338026,17440227.169013,17440227.169013,276.829002682746,4.0,4.0,8.0,4.0,0.5,0.05,0.69760908676052,0.69760908676052,0.69760908676052,1.39521817352104,0.0027679350288913247,0.000279043634704208,6.9760908676052e-05,0.00020928272602815598,13952.1817352104,5.536580053654921e-06,0.002698174120215273,0.002488891394187117,0.002488891394187117,0.002483354814133462,27.67935028891325,0.69760908676052,2.0928272602815596,0.05536580053654921,24.83354814133462,False,True
2020-03-06,-1678594.8069459093,47949330.74745,23974665.373725,23974665.373725,380.550244027381,4.0,4.0,8.0,4.0,0.5,0.05,0.9589866149490001,0.9589866149490001,0.9589866149490001,1.9179732298980001,-0.033571896138918186,0.00038359464597960007,9.589866149490002e-05,0.0002876959844847,19179.732298980005,7.61100488054762e-06,-0.033667794800413084,-0.033955490784897784,-0.033955490784897784,-0.03396310178977833,-335.71896138918186,0.9589866149490002,2.876959844847,0.0761100488054762,-339.6310178977833,False,True
2020-03-09,810420.4858843479,36674932.622700006,18337466.311350003,18337466.311350003,291.0708938309524,4.0,4.0,8.0,4.0,0.5,0.05,0.7334986524540001,0.7334986524540001,0.7334986524540001,1.4669973049080003,0.01620840971768696,0.0002933994609816001,7.334986524540002e-05,0.00022004959573620003,14669.973049080003,5.821417876619048e-06,0.01613505985244156,0.01591501025670536,0.01591501025670536,0.01590918883882874,162.0840971768696,0.7334986524540001,2.2004959573620004,0.05821417876619048,159.0918883882874,False,True
2020-03-10,-97069.86985061975,50000000.0,25000000.0,25000000.0,493.3674646999999,4.0,4.0,8.0,2.0,0.25,0.05000000000000001,1.0,1.0,1.0,2.0,-0.001941397397012395,0.0004,0.0001,0.0003,20000.0,9.867349293999998e-06,-0.002041397397012395,-0.002341397397012395,-0.002341397397012395,-0.002351264746306395,-19.41397397012395,1.0,2.9999999999999996,0.09867349293999998,-23.512647463063953,True,False
2020-03-11,-782038.2382608235,42941349.04815,21470674.524075,21470674.524075,340.80435752500006,4.0,4.0,8.0,4.0,0.5,0.05,0.858826980963,0.858826980963,0.858826980963,1.717653961926,-0.01564076476521647,0.00034353079238520003,8.588269809630001e-05,0.0002576480942889,17176.539619260002,6.816087150500001e-06,-0.01572664746331277,-0.01598429555760167,-0.01598429555760167,-0.015991111644752167,-156.4076476521647,0.858826980963,2.576480942889,0.06816087150500001,-159.91111644752166,False,True
2020-03-12,637418.2422274024,24999999.999999996,12499999.999999998,12500000.0,198.4126984126984,4.0,4.0,8.0,1.0,0.125,0.05,0.49999999999999994,0.49999999999999994,0.49999999999999994,0.9999999999999999,0.012748364844548048,0.00019999999999999998,4.9999999999999996e-05,0.00014999999999999996,10000.0,3.968253968253968e-06,0.012698364844548048,0.012548364844548049,0.012548364844548049,0.012544396590579794,127.48364844548048,0.49999999999999994,1.4999999999999996,0.03968253968253968,125.44396590579794,False,True
2020-03-13,-595372.4448721145,20174898.52295,10087449.261475,10087449.261475,160.11824224563492,4.0,4.0,8.0,4.0,0.5,0.05,0.40349797045900004,0.40349797045900004,0.40349797045900004,0.8069959409180001,-0.01190744889744229,0.00016139918818360003,4.034979704590001e-05,0.0001210493911377,8069.959409180002,3.2023648449126983e-06,-0.01194779869448819,-0.01206884808562589,-0.01206884808562589,-0.012072050450470802,-119.0744889744229,0.40349797045900004,1.210493911377,0.03202364844912698,-120.72050450470802,False,True
2020-03-16,62005.72366481206,50000000.0,25000000.0,25000000.0,396.82539682539687,4.0,4.0,8.0,3.0,0.375,0.05,1.0,1.0,1.0,2.0,0.0012401144732962412,0.0004,0.0001,0.0003,20000.0,7.936507936507938e-06,0.0011401144732962412,0.0008401144732962413,0.0008401144732962413,0.0008321779653597334,12.401144732962413,1.0,2.9999999999999996,0.07936507936507937,8.321779653597334,True,False
2020-03-17,-1715573.947516725,47230287.21000001,23615143.605000004,23615143.605,886.7057980158731,4.0,4.0,8.0,4.0,0.5,0.05,0.9446057442000002,0.9446057442000002,0.9446057442000002,1.8892114884000004,-0.0343114789503345,0.0003778422976800001,9.446057442000002e-05,0.00028338172326000004,18892.114884000006,1.7734115960317462e-05,-0.0344059395247545,-0.0346893212480145,-0.0346893212480145,-0.034707055363974816,-343.114789503345,0.9446057442000002,2.8338172326000004,0.17734115960317462,-347.07055363974814,False,True
2020-03-18,284628.6913954732,50000000.0,25000000.0,25000000.0,396.82539682539687,4.0,4.0,8.0,1.0,0.125,0.05,1.0,1.0,1.0,2.0,0.005692573827909464,0.0004,0.0001,0.0003,20000.0,7.936507936507938e-06,0.005592573827909464,0.005292573827909464,0.005292573827909464,0.005284637319972956,56.925738279094645,1.0,2.9999999999999996,0.07936507936507937,52.84637319972956,True,False
2020-03-19,1462363.4362014567,50000000.0,25000000.0,25000000.0,793.6507936507936,4.0,4.0,8.0,0.0,0.0,0.043780100572536645,1.0,1.0,1.0,2.0,0.029247268724029135,0.0004,0.0001,0.0003,20000.0,1.5873015873015872e-05,0.029147268724029136,0.028847268724029134,0.028847268724029134,0.02883139570815612,292.47268724029135,1.0,2.9999999999999996,0.15873015873015872,288.31395708156117,True,False
2020-03-20,442023.92719334346,36387079.975,18193539.9875,18193539.9875,802.0784590079365,4.0,4.0,8.0,4.0,0.5,0.05,0.7277415995000001,0.7277415995000001,0.7277415995000001,1.4554831990000001,0.008840478543866869,0.00029109663980000005,7.277415995000001e-05,0.00021832247985,14554.831990000002,1.6041569180158732e-05,0.008767704383916868,0.008549381904066868,0.008549381904066868,0.008533340334886709,88.40478543866868,0.7277415995000002,2.1832247985,0.16041569180158732,85.3334033488671,False,True
2020-03-23,969740.8154969588,25000000.0,12500000.0,12500000.0,431.3785370296296,4.0,4.0,8.0,1.0,0.125,0.05,0.5,0.5,0.5,1.0,0.019394816309939177,0.0002,5e-05,0.00015,10000.0,8.627570740592593e-06,0.019344816309939176,0.019194816309939175,0.019194816309939175,0.01918618873919858,193.94816309939176,0.5,1.4999999999999998,0.08627570740592592,191.86188739198582,False,True
2020-03-24,1721113.5488431484,25000000.0,12500000.0,12500000.0,441.73428977460316,4.0,4.0,8.0,3.0,0.375,0.049999999999999996,0.5,0.5,0.5,1.0,0.03442227097686297,0.0002,5e-05,0.00015,10000.0,8.834685795492062e-06,0.03437227097686297,0.03422227097686297,0.03422227097686297,0.03421343629106748,344.2227097686297,0.5,1.4999999999999998,0.08834685795492063,342.13436291067484,False,True
2020-03-25,392525.22508459626,25000000.0,12500000.0,12500000.0,317.7378596825397,3.0,3.0,6.0,3.0,0.5,0.05,0.5,0.5,0.5,1.0,0.007850504501691925,0.0002,5e-05,0.00015,10000.0,6.354757193650794e-06,0.007800504501691926,0.007650504501691926,0.007650504501691926,0.007644149744498275,78.50504501691925,0.5,1.4999999999999998,0.06354757193650794,76.44149744498274,False,True
2020-03-26,-92412.17644490243,25000000.0,12500000.0,12500000.0,198.41269841269843,3.0,3.0,6.0,2.0,0.3333333333333333,0.05,0.5,0.5,0.5,1.0,-0.0018482435288980487,0.0002,5e-05,0.00015,10000.0,3.968253968253969e-06,-0.0018982435288980486,-0.0020482435288980486,-0.0020482435288980486,-0.0020522117828663026,-18.482435288980486,0.5,1.4999999999999998,0.03968253968253969,-20.522117828663024,False,True
2020-03-27,-109805.71104849776,24999999.999999996,12499999.999999998,12499999.999999998,198.41269841269843,3.0,3.0,6.0,2.0,0.3333333333333333,0.05,0.49999999999999994,0.49999999999999994,0.49999999999999994,0.9999999999999999,-0.0021961142209699553,0.00019999999999999998,4.9999999999999996e-05,0.00014999999999999996,10000.0,3.968253968253969e-06,-0.0022461142209699555,-0.0023961142209699554,-0.0023961142209699554,-0.0024000824749382094,-21.961142209699553,0.49999999999999994,1.4999999999999996,0.03968253968253969,-24.000824749382094,False,True
2020-03-30,0.0,0.0,0.0,0.0,0.0,0.0,0.0,0.0,0.0,0.0,0.0,0.0,0.0,0.0,0.0,0.0,0.0,0.0,0.0,0.0,0.0,0.0,0.0,0.0,0.0,0.0,0.0,0.0,0.0,0.0,False,False
2020-03-31,-18802.258423083113,34113371.331305005,17056685.665652502,17056685.6656525,270.74104231194445,3.0,3.0,6.0,3.0,0.5,0.05,0.6822674266261001,0.6822674266261001,0.6822674266261001,1.3645348532522001,-0.00037604516846166224,0.00027290697065044,6.822674266261e-05,0.00020468022798783,13645.348532522,5.414820846238889e-06,-0.00044427191112427226,-0.0006489521391121022,-0.0006489521391121022,-0.0006543669599583411,-3.7604516846166223,0.6822674266261001,2.0468022798783,0.054148208462388894,-6.543669599583411,False,True
2020-04-01,348646.671411961,50000000.0,25000000.0,25000000.0,396.8253968253968,3.0,3.0,6.0,2.0,0.3333333333333333,0.05000000000000001,1.0,1.0,1.0,2.0,0.006972933428239221,0.0004,0.0001,0.0003,20000.0,7.936507936507936e-06,0.0068729334282392205,0.0065729334282392205,0.0065729334282392205,0.0065649969203027125,69.7293342823922,1.0,2.9999999999999996,0.07936507936507936,65.64996920302713,True,False
2020-04-02,1121416.2451287997,50000000.0,25000000.0,25000000.0,396.82539682539687,3.0,3.0,6.0,0.0,0.0,0.024295286655670198,1.0,1.0,1.0,2.0,0.022428324902575993,0.0004,0.0001,0.0003,20000.0,7.936507936507938e-06,0.022328324902575993,0.02202832490257599,0.02202832490257599,0.022020388394639483,224.28324902575991,1.0,2.9999999999999996,0.07936507936507937,220.20388394639482,True,False
2020-04-03,839246.0685945512,50000000.0,25000000.0,25000000.0,396.82539682539687,3.0,3.0,6.0,0.0,0.0,0.018744075751869583,1.0,1.0,1.0,2.0,0.016784921371891023,0.0004,0.0001,0.0003,20000.0,7.936507936507938e-06,0.016684921371891023,0.01638492137189102,0.01638492137189102,0.016376984863954513,167.84921371891022,1.0,2.9999999999999996,0.07936507936507937,163.76984863954513,True,False
2020-04-06,632299.6993235981,50000000.0,25000000.0,25000000.0,396.82539682539687,3.0,3.0,6.0,0.0,0.0,0.01762284337810734,1.0,1.0,1.0,2.0,0.012645993986471961,0.0004,0.0001,0.0003,20000.0,7.936507936507938e-06,0.012545993986471961,0.012245993986471962,0.012245993986471962,0.012238057478535454,126.45993986471962,1.0,2.9999999999999996,0.07936507936507937,122.38057478535454,True,False
2020-04-07,113996.27419267735,50000000.0,25000000.0,25000000.0,396.82539682539687,3.0,3.0,6.0,0.0,0.0,0.04775415280859895,1.0,1.0,1.0,2.0,0.002279925483853547,0.0004,0.0001,0.0003,20000.0,7.936507936507938e-06,0.002179925483853547,0.0018799254838535472,0.0018799254838535472,0.0018719889759170392,22.79925483853547,1.0,2.9999999999999996,0.07936507936507937,18.719889759170393,True,False
2020-04-08,865429.6254163759,49999999.99999999,24999999.999999996,24999999.999999996,396.8253968253968,3.0,3.0,6.0,2.0,0.3333333333333333,0.05,0.9999999999999999,0.9999999999999999,0.9999999999999999,1.9999999999999998,0.01730859250832752,0.00039999999999999996,9.999999999999999e-05,0.0002999999999999999,20000.0,7.936507936507936e-06,0.01720859250832752,0.01690859250832752,0.01690859250832752,0.01690065600039101,173.0859250832752,0.9999999999999999,2.999999999999999,0.07936507936507936,169.0065600039101,True,False
2020-04-09,146035.12166774107,25000000.0,12500000.0,12500000.0,198.41269841269843,3.0,3.0,6.0,0.0,0.0,0.023734946532406518,0.5,0.5,0.5,1.0,0.0029207024333548215,0.0002,5e-05,0.00015,10000.0,3.968253968253969e-06,0.0028707024333548214,0.0027207024333548214,0.0027207024333548214,0.0027167341793865674,29.207024333548215,0.5,1.4999999999999998,0.03968253968253969,27.167341793865674,False,True
2020-04-13,391835.24005237943,25000000.0,12500000.0,12500000.0,198.41269841269843,3.0,3.0,6.0,0.0,0.0,0.02403157232443708,0.5,0.5,0.5,1.0,0.00783670480104759,0.0002,5e-05,0.00015,10000.0,3.968253968253969e-06,0.00778670480104759,0.00763670480104759,0.00763670480104759,0.007632736547079336,78.3670480104759,0.5,1.4999999999999998,0.03968253968253969,76.32736547079337,False,True
2020-04-14,-76562.98934233584,25000000.0,12500000.0,12500000.0,198.4126984126984,3.0,3.0,6.0,1.0,0.16666666666666666,0.049999999999999996,0.5,0.5,0.5,1.0,-0.0015312597868467168,0.0002,5e-05,0.00015,10000.0,3.968253968253968e-06,-0.0015812597868467167,-0.0017312597868467167,-0.0017312597868467167,-0.0017352280408149707,-15.312597868467169,0.5,1.4999999999999998,0.03968253968253968,-17.352280408149706,False,True
2020-04-15,32473.00051859951,25000000.0,12500000.0,12500000.0,373.553560079365,4.0,4.0,8.0,2.0,0.25,0.049999999999999996,0.5,0.5,0.5,1.0,0.0006494600103719902,0.0002,5e-05,0.00015,10000.0,7.4710712015873e-06,0.0005994600103719902,0.0004494600103719902,0.0004494600103719902,0.0004419889391704029,6.494600103719902,0.5,1.4999999999999998,0.074710712015873,4.419889391704029,False,True
2020-04-16,224162.57966904028,25000000.0,12500000.0,12500000.0,373.12367182857145,4.0,4.0,8.0,1.0,0.125,0.05,0.5,0.5,0.5,1.0,0.004483251593380805,0.0002,5e-05,0.00015,10000.0,7.462473436571429e-06,0.0044332515933808055,0.0042832515933808055,0.0042832515933808055,0.004275789119944234,44.832515933808054,0.5,1.4999999999999998,0.07462473436571429,42.757891199442334,False,True
2020-04-17,-595218.686609976,25000000.0,12500000.0,12500000.0,198.4126984126984,4.0,4.0,8.0,0.0,0.0,0.02330577583943893,0.5,0.5,0.5,1.0,-0.011904373732199519,0.0002,5e-05,0.00015,10000.0,3.968253968253968e-06,-0.011954373732199519,-0.01210437373219952,-0.01210437373219952,-0.012108341986167774,-119.0437373219952,0.5,1.4999999999999998,0.03968253968253968,-121.08341986167774,False,True
2020-04-20,-322585.0621261857,25000000.0,12500000.0,12500000.0,198.4126984126984,4.0,4.0,8.0,0.0,0.0,0.02382420921545022,0.5,0.5,0.5,1.0,-0.006451701242523714,0.0002,5e-05,0.00015,10000.0,3.968253968253968e-06,-0.006501701242523713,-0.006651701242523713,-0.006651701242523713,-0.006655669496491967,-64.51701242523714,0.5,1.4999999999999998,0.03968253968253968,-66.55669496491967,False,True
2020-04-21,254747.58259888276,25000000.0,12500000.0,12500000.0,198.4126984126984,4.0,4.0,8.0,1.0,0.125,0.05,0.5,0.5,0.5,1.0,0.005094951651977655,0.0002,5e-05,0.00015,10000.0,3.968253968253968e-06,0.005044951651977656,0.004894951651977656,0.004894951651977656,0.004890983398009402,50.94951651977655,0.5,1.4999999999999998,0.03968253968253968,48.90983398009402,False,True
2020-04-22,-159716.85704028775,38447922.727000006,19223961.363500003,19223961.363500003,305.14224386507937,4.0,4.0,8.0,4.0,0.5,0.05,0.7689584545400001,0.7689584545400001,0.7689584545400001,1.5379169090800002,-0.003194337140805755,0.00030758338181600004,7.689584545400001e-05,0.00023068753636200002,15379.169090800002,6.102844877301587e-06,-0.003271232986259755,-0.0035019205226217553,-0.0035019205226217553,-0.0035080233674990567,-31.943371408057548,0.7689584545400001,2.30687536362,0.06102844877301587,-35.080233674990566,False,True
2020-04-23,-65619.71517808484,25000000.0,12500000.0,12499999.999999998,198.4126984126984,4.0,4.0,8.0,1.0,0.125,0.04999999999999999,0.5,0.5,0.5,1.0,-0.0013123943035616968,0.0002,5e-05,0.00015,10000.0,3.968253968253968e-06,-0.0013623943035616967,-0.0015123943035616966,-0.0015123943035616966,-0.0015163625575299506,-13.123943035616968,0.5,1.4999999999999998,0.03968253968253968,-15.163625575299507,False,True
2020-04-24,201345.93885125447,25000000.0,12500000.0,12500000.0,198.41269841269843,4.0,4.0,8.0,1.0,0.125,0.05,0.5,0.5,0.5,1.0,0.004026918777025089,0.0002,5e-05,0.00015,10000.0,3.968253968253969e-06,0.0039769187770250895,0.0038269187770250896,0.0038269187770250896,0.0038229505230568356,40.269187770250895,0.5,1.4999999999999998,0.03968253968253969,38.22950523056836,False,True
2020-04-27,199160.7587632373,25000000.0,12500000.0,12500000.0,198.41269841269843,4.0,4.0,8.0,2.0,0.25,0.05,0.5,0.5,0.5,1.0,0.003983215175264746,0.0002,5e-05,0.00015,10000.0,3.968253968253969e-06,0.003933215175264747,0.0037832151752647467,0.0037832151752647467,0.0037792469212964926,39.83215175264746,0.5,1.4999999999999998,0.03968253968253969,37.792469212964924,False,True
2020-04-28,262047.21847223124,25000000.0,12500000.0,12500000.0,198.4126984126984,3.0,3.0,6.0,2.0,0.3333333333333333,0.05,0.5,0.5,0.5,1.0,0.005240944369444625,0.0002,5e-05,0.00015,10000.0,3.968253968253968e-06,0.005190944369444625,0.005040944369444625,0.005040944369444625,0.005036976115476372,52.40944369444625,0.5,1.4999999999999998,0.03968253968253968,50.369761154763715,False,True
2020-04-29,16553.81984464731,20254706.380149998,10127353.190074999,10127353.190075,160.75163793769843,3.0,3.0,6.0,3.0,0.5,0.05000000000000001,0.40509412760299995,0.40509412760299995,0.40509412760299995,0.8101882552059999,0.0003310763968929462,0.0001620376510412,4.05094127603e-05,0.00012152823828089998,8101.88255206,3.2150327587539688e-06,0.0002905669841326462,0.00016903874585174624,0.00016903874585174624,0.00016582371309299226,3.310763968929462,0.405094127603,1.2152823828089998,0.03215032758753969,1.6582371309299226,False,True
2020-04-30,0.0,0.0,0.0,0.0,0.0,0.0,0.0,0.0,0.0,0.0,0.0,0.0,0.0,0.0,0.0,0.0,0.0,0.0,0.0,0.0,0.0,0.0,0.0,0.0,0.0,0.0,0.0,0.0,0.0,0.0,False,False
2020-05-01,-71918.26324009098,25000000.0,12500000.0,12500000.0,198.41269841269843,4.0,4.0,8.0,3.0,0.375,0.05,0.5,0.5,0.5,1.0,-0.0014383652648018196,0.0002,5e-05,0.00015,10000.0,3.968253968253969e-06,-0.0014883652648018195,-0.0016383652648018195,-0.0016383652648018195,-0.0016423335187700735,-14.383652648018197,0.5,1.4999999999999998,0.03968253968253969,-16.423335187700737,False,True
2020-05-04,49017.34481084014,7863934.525,3931967.2625,3931967.2625,62.412178769841276,4.0,4.0,8.0,4.0,0.5,0.05,0.1572786905,0.1572786905,0.1572786905,0.314557381,0.0009803468962168028,6.291147620000001e-05,1.5727869050000003e-05,4.718360715e-05,3145.573810000001,1.2482435753968256e-06,0.0009646190271668028,0.0009174354200168028,0.0009174354200168028,0.0009161871764414059,9.803468962168028,0.15727869050000004,0.4718360715,0.012482435753968256,9.161871764414059,False,True
2020-05-05,83330.74134628201,25000000.0,12500000.0,12500000.0,198.41269841269843,3.0,3.0,6.0,1.0,0.16666666666666666,0.05,0.5,0.5,0.5,1.0,0.0016666148269256402,0.0002,5e-05,0.00015,10000.0,3.968253968253969e-06,0.0016166148269256403,0.0014666148269256404,0.0014666148269256404,0.0014626465729573864,16.666148269256404,0.5,1.4999999999999998,0.03968253968253969,14.626465729573864,False,True
2020-05-06,-138797.4989999723,49999999.99999999,24999999.999999996,24999999.999999996,396.82539682539675,3.0,3.0,6.0,1.0,0.16666666666666666,0.05,0.9999999999999999,0.9999999999999999,0.9999999999999999,1.9999999999999998,-0.002775949979999446,0.00039999999999999996,9.999999999999999e-05,0.0002999999999999999,20000.0,7.936507936507934e-06,-0.002875949979999446,-0.0031759499799994457,-0.0031759499799994457,-0.0031838864879359537,-27.759499799994458,0.9999999999999999,2.999999999999999,0.07936507936507935,-31.838864879359537,True,False
2020-05-07,237023.86712880922,25000000.0,12500000.0,12500000.0,390.8248931619047,4.0,4.0,8.0,1.0,0.125,0.05,0.5,0.5,0.5,1.0,0.004740477342576184,0.0002,5e-05,0.00015,10000.0,7.816497863238094e-06,0.004690477342576185,0.004540477342576185,0.004540477342576185,0.004532660844712946,47.404773425761846,0.5,1.4999999999999998,0.07816497863238094,45.326608447129466,False,True
2020-05-08,-57836.04242351003,12556219.182050003,6278109.591025001,6278109.591025,99.65253319087303,4.0,4.0,8.0,4.0,0.5,0.05000000000000001,0.25112438364100004,0.25112438364100004,0.25112438364100004,0.5022487672820001,-0.0011567208484702005,0.00010044975345640001,2.5112438364100003e-05,7.53373150923e-05,5022.487672820001,1.993050663817461e-06,-0.0011818332868343006,-0.0012571706019266007,-0.0012571706019266007,-0.0012591636525904181,-11.567208484702006,0.25112438364100004,0.7533731509230001,0.019930506638174608,-12.591636525904182,False,True
2020-05-11,34980.39323337287,19130763.513494503,9565381.756747251,9565381.756747251,384.07569768487707,4.0,4.0,8.0,4.0,0.5,0.05,0.38261527026989006,0.38261527026989006,0.38261527026989006,0.7652305405397801,0.0006996078646674575,0.00015304610810795604,3.826152702698901e-05,0.00011478458108096701,7652.305405397802,7.681513953697541e-06,0.0006613463376404685,0.0005465617565595014,0.0005465617565595014,0.0005388802426058039,6.996078646674575,0.3826152702698901,1.14784581080967,0.07681513953697541,5.388802426058039,False,True
2020-05-12,166821.91681516607,25000000.0,12500000.0,12500000.0,198.4126984126984,4.0,4.0,8.0,3.0,0.375,0.05,0.5,0.5,0.5,1.0,0.0033364383363033213,0.0002,5e-05,0.00015,10000.0,3.968253968253968e-06,0.003286438336303321,0.003136438336303321,0.003136438336303321,0.003132470082335067,33.36438336303321,0.5,1.4999999999999998,0.03968253968253968,31.32470082335067,False,True
2020-05-13,-246773.9309599658,24940516.477830503,12470258.238915252,12470258.238915252,197.94060696690872,4.0,4.0,8.0,4.0,0.5,0.05,0.4988103295566101,0.4988103295566101,0.4988103295566101,0.9976206591132202,-0.004935478619199316,0.00019952413182264405,4.988103295566101e-05,0.00014964309886698302,9976.206591132202,3.958812139338175e-06,-0.004985359652154977,-0.0051350027510219595,-0.0051350027510219595,-0.005138961563161298,-49.35478619199316,0.49881032955661014,1.4964309886698302,0.03958812139338175,-51.38961563161298,False,True
2020-05-14,-376691.3099759233,50000000.0,25000000.0,25000000.0,793.6507936507936,4.0,4.0,8.0,0.0,0.0,0.02386071933711924,1.0,1.0,1.0,2.0,-0.0075338261995184655,0.0004,0.0001,0.0003,20000.0,1.5873015873015872e-05,-0.007633826199518466,-0.007933826199518466,-0.007933826199518466,-0.007949699215391482,-75.33826199518465,1.0,2.9999999999999996,0.15873015873015872,-79.49699215391482,True,False
2020-05-15,2591997.6113121537,50000000.0,25000000.0,25000000.0,396.8253968253968,4.0,4.0,8.0,0.0,0.0,0.009739910554094003,1.0,1.0,1.0,2.0,0.051839952226243075,0.0004,0.0001,0.0003,20000.0,7.936507936507936e-06,0.05173995222624307,0.05143995222624307,0.05143995222624307,0.051432015718306565,518.3995222624308,1.0,2.9999999999999996,0.07936507936507936,514.3201571830656,True,False
2020-05-18,190234.5979765862,25000000.0,12500000.0,12500000.0,198.41269841269843,4.0,4.0,8.0,1.0,0.125,0.05,0.5,0.5,0.5,1.0,0.003804691959531724,0.0002,5e-05,0.00015,10000.0,3.968253968253969e-06,0.0037546919595317237,0.0036046919595317238,0.0036046919595317238,0.0036007237055634697,38.04691959531724,0.5,1.4999999999999998,0.03968253968253969,36.0072370556347,False,True
2020-05-19,254714.74043324782,50000000.0,25000000.0,24999999.999999996,396.8253968253968,4.0,4.0,8.0,2.0,0.25,0.049999999999999996,1.0,1.0,1.0,2.0,0.005094294808664956,0.0004,0.0001,0.0003,20000.0,7.936507936507936e-06,0.004994294808664956,0.004694294808664956,0.004694294808664956,0.004686358300728448,50.942948086649565,1.0,2.9999999999999996,0.07936507936507936,46.86358300728448,True,False
2020-05-20,12698.176905572227,17629406.76904,8814703.38452,8814703.38452,168.88414377174604,4.0,4.0,8.0,4.0,0.5,0.05,0.35258813538079997,0.35258813538079997,0.35258813538079997,0.7051762707615999,0.0002539635381114445,0.00014103525415232,3.525881353808e-05,0.00010577644061423998,7051.762707616001,3.3776828754349206e-06,0.0002187047245733645,0.00011292828395912452,0.00011292828395912452,0.00010955060108368961,2.539635381114445,0.3525881353808,1.0577644061423999,0.0337768287543492,1.0955060108368961,False,True
2020-05-21,151061.17132718305,13598286.118150001,6799143.059075001,6799143.059075001,107.92290569960318,4.0,4.0,8.0,4.0,0.5,0.05,0.27196572236300004,0.27196572236300004,0.27196572236300004,0.5439314447260001,0.003021223426543661,0.00010878628894520003,2.7196572236300007e-05,8.15897167089e-05,5439.3144472600015,2.1584581139920634e-06,0.002994026854307361,0.0029124371375984608,0.0029124371375984608,0.0029102786794844688,30.21223426543661,0.27196572236300004,0.815897167089,0.021584581139920633,29.102786794844686,False,True
2020-05-22,307225.54024189315,44324903.759662,22162451.879831,22162451.879831,646.205346505254,4.0,4.0,8.0,4.0,0.5,0.05,0.8864980751932401,0.8864980751932401,0.8864980751932401,1.7729961503864802,0.006144510804837863,0.00035459923007729607,8.864980751932402e-05,0.000265949422557972,17729.961503864804,1.292410693010508e-05,0.006055860997318539,0.005789911574760567,0.005789911574760567,0.005776987467830462,61.44510804837863,0.8864980751932402,2.65949422557972,0.1292410693010508,57.76987467830462,False,True
2020-05-26,270297.82870520797,8974210.28815,4487105.144075,4487105.144075,102.63878175198413,4.0,4.0,8.0,4.0,0.5,0.05,0.17948420576299998,0.17948420576299998,0.17948420576299998,0.35896841152599995,0.005405956574104159,7.179368230519999e-05,1.7948420576299998e-05,5.384526172889999e-05,3589.6841152599995,2.0527756350396825e-06,0.005388008153527859,0.005334162891798959,0.005334162891798959,0.00533211011616392,54.05956574104159,0.17948420576299998,0.538452617289,0.020527756350396824,53.3211011616392,False,True
2020-05-27,-33301.121136401416,25000000.0,12500000.0,12500000.0,198.41269841269843,4.0,4.0,8.0,2.0,0.25,0.05,0.5,0.5,0.5,1.0,-0.0006660224227280283,0.0002,5e-05,0.00015,10000.0,3.968253968253969e-06,-0.0007160224227280283,-0.0008660224227280283,-0.0008660224227280283,-0.0008699906766962823,-6.660224227280283,0.5,1.4999999999999998,0.03968253968253969,-8.699906766962823,False,True
2020-05-28,-508340.5029205103,32537377.7936,16268688.896800002,16268688.8968,740.2211009015875,4.0,4.0,8.0,4.0,0.5,0.05,0.6507475558720001,0.6507475558720001,0.6507475558720001,1.3014951117440001,-0.010166810058410206,0.0002602990223488,6.50747555872e-05,0.0001952242667616,13014.951117440001,1.4804422018031751e-05,-0.010231884813997406,-0.010427109080759006,-0.010427109080759006,-0.010441913502777038,-101.66810058410205,0.6507475558720001,1.952242667616,0.14804422018031752,-104.41913502777038,False,True
2020-05-29,176636.94341068788,20623077.92415,10311538.962075,10311538.962075,163.67522162023812,4.0,4.0,8.0,4.0,0.5,0.05,0.41246155848300003,0.41246155848300003,0.41246155848300003,0.8249231169660001,0.0035327388682137575,0.00016498462339320003,4.124615584830001e-05,0.0001237384675449,8249.23116966,3.2735044324047624e-06,0.0034914927123654575,0.0033677542448205576,0.0033677542448205576,0.0033644807403881527,35.327388682137574,0.4124615584830001,1.237384675449,0.03273504432404763,33.64480740388153,False,True
2020-06-01,185285.547129561,23968141.67085,11984070.835425,11984070.835425,190.22334659404765,4.0,4.0,8.0,4.0,0.5,0.05,0.47936283341700003,0.47936283341700003,0.47936283341700003,0.9587256668340001,0.00370571094259122,0.00019174513336680003,4.793628334170001e-05,0.0001438088500251,9587.256668340002,3.804466931880953e-06,0.00365777465924952,0.00351396580922442,0.00351396580922442,0.0035101613422925393,37.0571094259122,0.4793628334170001,1.438088500251,0.03804466931880953,35.101613422925396,False,True
2020-06-02,44307.583605099564,25000000.0,12500000.0,12500000.0,198.41269841269838,4.0,4.0,8.0,2.0,0.25,0.05,0.5,0.5,0.5,1.0,0.0008861516721019913,0.0002,5e-05,0.00015,10000.0,3.968253968253967e-06,0.0008361516721019913,0.0006861516721019913,0.0006861516721019913,0.0006821834181337373,8.861516721019914,0.5,1.4999999999999998,0.03968253968253967,6.8218341813373735,False,True
2020-06-03,326961.5010243975,16127953.784722501,8063976.892361251,8063976.892361251,127.99963321208335,4.0,4.0,8.0,4.0,0.5,0.05,0.32255907569445,0.32255907569445,0.32255907569445,0.6451181513889,0.00653923002048795,0.00012902363027778003,3.225590756944501e-05,9.6767722708335e-05,6451.1815138890015,2.559992664241667e-06,0.006506974112918505,0.00641020639021017,0.00641020639021017,0.006407646397545928,65.3923002048795,0.3225590756944501,0.9676772270833499,0.02559992664241667,64.07646397545928,False,True
2020-06-04,0.0,0.0,0.0,0.0,0.0,0.0,0.0,0.0,0.0,0.0,0.0,0.0,0.0,0.0,0.0,0.0,0.0,0.0,0.0,0.0,0.0,0.0,0.0,0.0,0.0,0.0,0.0,0.0,0.0,0.0,False,False
2020-06-05,0.0,0.0,0.0,0.0,0.0,0.0,0.0,0.0,0.0,0.0,0.0,0.0,0.0,0.0,0.0,0.0,0.0,0.0,0.0,0.0,0.0,0.0,0.0,0.0,0.0,0.0,0.0,0.0,0.0,0.0,False,False
2020-06-08,-490309.154724308,25000000.0,12500000.0,12500000.0,198.41269841269843,4.0,4.0,8.0,1.0,0.125,0.05,0.5,0.5,0.5,1.0,-0.00980618309448616,0.0002,5e-05,0.00015,10000.0,3.968253968253969e-06,-0.00985618309448616,-0.01000618309448616,-0.01000618309448616,-0.010010151348454415,-98.0618309448616,0.5,1.4999999999999998,0.03968253968253969,-100.10151348454414,False,True
2020-06-09,-69035.5748258731,25000000.0,12500000.0,12500000.000000002,198.41269841269843,4.0,4.0,8.0,3.0,0.375,0.05,0.5,0.5,0.5,1.0,-0.001380711496517462,0.0002,5e-05,0.00015,10000.0,3.968253968253969e-06,-0.001430711496517462,-0.001580711496517462,-0.001580711496517462,-0.001584679750485716,-13.807114965174621,0.5,1.4999999999999998,0.03968253968253969,-15.84679750485716,False,True
2020-06-10,-1837674.5002350823,25000000.0,12500000.0,12500000.0,198.41269841269843,4.0,4.0,8.0,1.0,0.125,0.05,0.5,0.5,0.5,1.0,-0.03675349000470165,0.0002,5e-05,0.00015,10000.0,3.968253968253969e-06,-0.03680349000470165,-0.03695349000470165,-0.03695349000470165,-0.036957458258669904,-367.5349000470165,0.5,1.4999999999999998,0.03968253968253969,-369.574582586699,False,True
2020-06-11,2329802.49002067,50000000.0,25000000.0,25000000.0,396.82539682539687,4.0,4.0,8.0,1.0,0.125,0.05,1.0,1.0,1.0,2.0,0.0465960498004134,0.0004,0.0001,0.0003,20000.0,7.936507936507938e-06,0.0464960498004134,0.0461960498004134,0.0461960498004134,0.04618811329247689,465.960498004134,1.0,2.9999999999999996,0.07936507936507937,461.8811329247689,True,False
2020-06-12,-377767.384002587,25000000.0,12500000.0,12500000.0,198.4126984126984,4.0,4.0,8.0,0.0,0.0,0.021789688818588202,0.5,0.5,0.5,1.0,-0.00755534768005174,0.0002,5e-05,0.00015,10000.0,3.968253968253968e-06,-0.00760534768005174,-0.00775534768005174,-0.00775534768005174,-0.007759315934019993,-75.5534768005174,0.5,1.4999999999999998,0.03968253968253968,-77.59315934019993,False,True
2020-06-15,632216.418637061,25000000.0,12500000.0,12500000.0,198.4126984126984,4.0,4.0,8.0,0.0,0.0,0.013524167926109313,0.5,0.5,0.5,1.0,0.012644328372741221,0.0002,5e-05,0.00015,10000.0,3.968253968253968e-06,0.012594328372741222,0.01244432837274122,0.01244432837274122,0.012440360118772966,126.44328372741221,0.5,1.4999999999999998,0.03968253968253968,124.40360118772966,False,True
2020-06-16,-158929.2191430812,25000000.0,12500000.0,12499999.999999998,198.4126984126984,4.0,4.0,8.0,1.0,0.125,0.05,0.5,0.5,0.5,1.0,-0.003178584382861624,0.0002,5e-05,0.00015,10000.0,3.968253968253968e-06,-0.003228584382861624,-0.003378584382861624,-0.003378584382861624,-0.003382552636829878,-31.785843828616237,0.5,1.4999999999999998,0.03968253968253968,-33.82552636829878,False,True
2020-06-17,-206741.64959346503,50000000.0,25000000.0,25000000.0,396.8253968253968,4.0,4.0,8.0,0.0,0.0,0.027282027966063487,1.0,1.0,1.0,2.0,-0.004134832991869301,0.0004,0.0001,0.0003,20000.0,7.936507936507936e-06,-0.004234832991869301,-0.004534832991869301,-0.004534832991869301,-0.004542769499805809,-41.34832991869301,1.0,2.9999999999999996,0.07936507936507936,-45.427694998058094,True,False
2020-06-18,78988.287218165,10784487.130000003,5392243.565000001,5392243.565,145.3788630952381,4.0,4.0,8.0,4.0,0.5,0.05000000000000001,0.21568974260000007,0.21568974260000007,0.21568974260000007,0.43137948520000013,0.0015797657443633,8.627589704000003e-05,2.1568974260000008e-05,6.470692278000001e-05,4313.794852000002,2.907577261904762e-06,0.0015581967701033001,0.0014934898473233,0.0014934898473233,0.0014905822700613952,15.797657443633002,0.21568974260000007,0.6470692278000001,0.02907577261904762,14.905822700613951,False,True
2020-06-19,8097.925812271457,25000000.0,12500000.0,12500000.0,198.41269841269843,4.0,4.0,8.0,1.0,0.125,0.049999999999999996,0.5,0.5,0.5,1.0,0.00016195851624542913,0.0002,5e-05,0.00015,10000.0,3.968253968253969e-06,0.00011195851624542914,-3.804148375457085e-05,-3.804148375457085e-05,-4.2009737722824815e-05,1.6195851624542914,0.5,1.4999999999999998,0.03968253968253969,-0.42009737722824814,False,True
2020-06-22,32473.12581348195,13830237.914250001,6915118.957125001,6915118.957125001,109.76379297023811,4.0,4.0,8.0,4.0,0.5,0.05000000000000001,0.27660475828500003,0.27660475828500003,0.27660475828500003,0.5532095165700001,0.000649462516269639,0.00011064190331400002,2.7660475828500004e-05,8.29814274855e-05,5532.0951657000005,2.1952758594047625e-06,0.000621802040441139,0.000538820612955639,0.000538820612955639,0.0005366253370962343,6.49462516269639,0.27660475828500003,0.829814274855,0.021952758594047626,5.366253370962343,False,True
2020-06-23,-253035.89926864588,50000000.0,25000000.0,25000000.0,396.82539682539687,4.0,4.0,8.0,1.0,0.125,0.05,1.0,1.0,1.0,2.0,-0.005060717985372918,0.0004,0.0001,0.0003,20000.0,7.936507936507938e-06,-0.005160717985372918,-0.005460717985372918,-0.005460717985372918,-0.005468654493309426,-50.60717985372918,1.0,2.9999999999999996,0.07936507936507937,-54.68654493309426,True,False
2020-06-24,-223375.57251534978,25000000.0,12500000.0,12500000.0,198.41269841269843,4.0,4.0,8.0,1.0,0.125,0.05,0.5,0.5,0.5,1.0,-0.004467511450306995,0.0002,5e-05,0.00015,10000.0,3.968253968253969e-06,-0.004517511450306995,-0.004667511450306995,-0.004667511450306995,-0.0046714797042752484,-44.67511450306995,0.5,1.4999999999999998,0.03968253968253969,-46.71479704275249,False,True
2020-06-25,-3847.3196513783305,25000000.0,12500000.0,12500000.0,198.41269841269843,4.0,4.0,8.0,1.0,0.125,0.05,0.5,0.5,0.5,1.0,-7.69463930275666e-05,0.0002,5e-05,0.00015,10000.0,3.968253968253969e-06,-0.00012694639302756662,-0.0002769463930275666,-0.0002769463930275666,-0.0002809146469958205,-0.7694639302756661,0.5,1.4999999999999998,0.03968253968253969,-2.8091464699582054,False,True
2020-06-26,-126552.84887771722,25000000.0,12500000.0,12500000.0,198.41269841269843,4.0,4.0,8.0,1.0,0.125,0.05,0.5,0.5,0.5,1.0,-0.002531056977554344,0.0002,5e-05,0.00015,10000.0,3.968253968253969e-06,-0.0025810569775543443,-0.0027310569775543443,-0.0027310569775543443,-0.0027350252315225983,-25.310569775543442,0.5,1.4999999999999998,0.03968253968253969,-27.350252315225983,False,True
2020-06-29,-101304.928676145,25000000.0,12500000.0,12500000.0,198.41269841269843,4.0,4.0,8.0,1.0,0.125,0.05,0.5,0.5,0.5,1.0,-0.0020260985735229002,0.0002,5e-05,0.00015,10000.0,3.968253968253969e-06,-0.0020760985735229004,-0.0022260985735229003,-0.0022260985735229003,-0.0022300668274911543,-20.260985735229003,0.5,1.4999999999999998,0.03968253968253969,-22.300668274911544,False,True
2020-06-30,0.0,0.0,0.0,0.0,0.0,0.0,0.0,0.0,0.0,0.0,0.0,0.0,0.0,0.0,0.0,0.0,0.0,0.0,0.0,0.0,0.0,0.0,0.0,0.0,0.0,0.0,0.0,0.0,0.0,0.0,False,False
2020-07-01,470522.51295443333,25000000.0,12500000.0,12500000.0,198.41269841269843,4.0,4.0,8.0,2.0,0.25,0.05000000000000001,0.5,0.5,0.5,1.0,0.009410450259088666,0.0002,5e-05,0.00015,10000.0,3.968253968253969e-06,0.009360450259088667,0.009210450259088666,0.009210450259088666,0.009206482005120411,94.10450259088667,0.5,1.4999999999999998,0.03968253968253969,92.06482005120411,False,True
2020-07-02,84950.28829262723,14861975.15,7430987.575,7430987.575,117.95218373015874,4.0,4.0,8.0,4.0,0.5,0.05,0.297239503,0.297239503,0.297239503,0.594479006,0.0016990057658525445,0.00011889580120000001,2.9723950300000003e-05,8.91718509e-05,5944.79006,2.3590436746031747e-06,0.0016692818155525444,0.0015801099646525444,0.0015801099646525444,0.0015777509209779412,16.990057658525444,0.297239503,0.891718509,0.023590436746031746,15.777509209779412,False,True
2020-07-06,-229375.94450415217,27798656.86495,13899328.432475,13899328.432475,554.9270185313492,4.0,4.0,8.0,4.0,0.5,0.05000000000000001,0.555973137299,0.555973137299,0.555973137299,1.111946274598,-0.004587518890083043,0.0002223892549196,5.55973137299e-05,0.0001667919411897,11119.46274598,1.1098540370626984e-05,-0.004643116203812943,-0.0048099081450026435,-0.0048099081450026435,-0.00482100668537327,-45.87518890083043,0.555973137299,1.667919411897,0.11098540370626984,-48.210066853732705,False,True
2020-07-07,34403.28355076166,25000000.0,12500000.0,12500000.0,198.41269841269843,4.0,4.0,8.0,3.0,0.375,0.05000000000000001,0.5,0.5,0.5,1.0,0.0006880656710152333,0.0002,5e-05,0.00015,10000.0,3.968253968253969e-06,0.0006380656710152332,0.00048806567101523327,0.00048806567101523327,0.0004840974170469793,6.880656710152333,0.5,1.4999999999999998,0.03968253968253969,4.840974170469793,False,True
2020-07-08,127960.38152514638,18323559.081106,9161779.540553,9161779.540553,145.42507207226987,4.0,4.0,8.0,4.0,0.5,0.05,0.36647118162212,0.36647118162212,0.36647118162212,0.73294236324424,0.0025592076305029276,0.000146588472648848,3.6647118162212e-05,0.00010994135448663599,7329.4236324424,2.9085014414453973e-06,0.0025225605123407155,0.0024126191578540796,0.0024126191578540796,0.002409710656412634,25.592076305029277,0.36647118162212,1.09941354486636,0.029085014414453974,24.097106564126342,False,True
2020-07-09,-169914.7875587472,22381309.8394775,11190654.91973875,11190654.91973875,177.62944317045637,4.0,4.0,8.0,4.0,0.5,0.05000000000000001,0.44762619678955,0.44762619678955,0.44762619678955,0.8952523935791,-0.003398295751174944,0.00017905047871582,4.4762619678955e-05,0.000134287859036865,8952.523935791001,3.5525888634091275e-06,-0.003443058370853899,-0.003577346229890764,-0.003577346229890764,-0.003580898818754173,-33.98295751174944,0.44762619678955,1.34287859036865,0.03552588863409128,-35.80898818754173,False,True
2020-07-10,787279.8553557172,50000000.0,25000000.0,25000000.0,396.8253968253968,4.0,4.0,8.0,0.0,0.0,0.022766529053236437,1.0,1.0,1.0,2.0,0.015745597107114345,0.0004,0.0001,0.0003,20000.0,7.936507936507936e-06,0.015645597107114346,0.015345597107114346,0.015345597107114346,0.015337660599177839,157.45597107114347,1.0,2.9999999999999996,0.07936507936507936,153.37660599177838,True,False
2020-07-13,43242.0822026637,25000000.0,12500000.0,12500000.0,198.4126984126984,4.0,4.0,8.0,0.0,0.0,0.014022202140135349,0.5,0.5,0.5,1.0,0.000864841644053274,0.0002,5e-05,0.00015,10000.0,3.968253968253968e-06,0.000814841644053274,0.000664841644053274,0.000664841644053274,0.00066087339008502,8.64841644053274,0.5,1.4999999999999998,0.03968253968253968,6.608733900850201,False,True
2020-07-14,977720.4514324003,50000000.0,25000000.0,25000000.0,396.82539682539687,4.0,4.0,8.0,3.0,0.375,0.05000000000000001,1.0,1.0,1.0,2.0,0.019554409028648006,0.0004,0.0001,0.0003,20000.0,7.936507936507938e-06,0.019454409028648006,0.019154409028648005,0.019154409028648005,0.019146472520711496,195.54409028648007,1.0,2.9999999999999996,0.07936507936507937,191.46472520711495,True,False
2020-07-15,-605330.365481151,49999999.99999999,24999999.999999996,24999999.999999996,525.0966330507936,4.0,4.0,8.0,2.0,0.25,0.05,0.9999999999999999,0.9999999999999999,0.9999999999999999,1.9999999999999998,-0.01210660730962302,0.00039999999999999996,9.999999999999999e-05,0.0002999999999999999,20000.0,1.0501932661015872e-05,-0.01220660730962302,-0.01250660730962302,-0.01250660730962302,-0.012517109242284035,-121.0660730962302,0.9999999999999999,2.999999999999999,0.10501932661015871,-125.17109242284035,True,False
2020-07-16,192421.7426531566,50000000.0,25000000.0,25000000.0,396.8253968253968,4.0,4.0,8.0,0.0,0.0,0.04003913462224905,1.0,1.0,1.0,2.0,0.003848434853063132,0.0004,0.0001,0.0003,20000.0,7.936507936507936e-06,0.003748434853063132,0.003448434853063132,0.003448434853063132,0.003440498345126624,38.484348530631316,1.0,2.9999999999999996,0.07936507936507936,34.40498345126624,True,False
2020-07-17,7834.002191627753,24999999.999999996,12499999.999999998,12499999.999999998,198.4126984126984,4.0,4.0,8.0,1.0,0.125,0.05,0.49999999999999994,0.49999999999999994,0.49999999999999994,0.9999999999999999,0.00015668004383255507,0.00019999999999999998,4.9999999999999996e-05,0.00014999999999999996,10000.0,3.968253968253968e-06,0.00010668004383255507,-4.3319956167444886e-05,-4.3319956167444886e-05,-4.728821013569885e-05,1.5668004383255507,0.49999999999999994,1.4999999999999996,0.03968253968253968,-0.4728821013569885,False,True
2020-07-20,159142.15813961433,49999999.99999999,24999999.999999996,25000000.0,396.8253968253968,4.0,4.0,8.0,1.0,0.125,0.05,0.9999999999999999,0.9999999999999999,0.9999999999999999,1.9999999999999998,0.0031828431627922865,0.00039999999999999996,9.999999999999999e-05,0.0002999999999999999,20000.0,7.936507936507936e-06,0.0030828431627922866,0.0027828431627922867,0.0027828431627922867,0.0027749066548557787,31.828431627922864,0.9999999999999999,2.999999999999999,0.07936507936507936,27.74906654855779,True,False
2020-07-21,-225945.26449899317,25000000.0,12500000.0,12500000.0,396.8253968253968,4.0,4.0,8.0,0.0,0.0,0.0439853843225524,0.5,0.5,0.5,1.0,-0.004518905289979863,0.0002,5e-05,0.00015,10000.0,7.936507936507936e-06,-0.004568905289979863,-0.004718905289979863,-0.004718905289979863,-0.004726841797916371,-45.18905289979863,0.5,1.4999999999999998,0.07936507936507936,-47.26841797916371,False,True
2020-07-22,-10725.108201404308,25000000.0,12500000.0,12500000.0,198.41269841269843,4.0,4.0,8.0,1.0,0.125,0.05,0.5,0.5,0.5,1.0,-0.00021450216402808616,0.0002,5e-05,0.00015,10000.0,3.968253968253969e-06,-0.00026450216402808615,-0.0004145021640280861,-0.0004145021640280861,-0.00041847041799634007,-2.1450216402808615,0.5,1.4999999999999998,0.03968253968253969,-4.184704179963401,False,True
2020-07-23,-282794.82675168803,25000000.0,12500000.0,12500000.0,198.41269841269843,4.0,4.0,8.0,3.0,0.375,0.05,0.5,0.5,0.5,1.0,-0.005655896535033761,0.0002,5e-05,0.00015,10000.0,3.968253968253969e-06,-0.005705896535033761,-0.0058558965350337605,-0.0058558965350337605,-0.005859864789002014,-56.55896535033761,0.5,1.4999999999999998,0.03968253968253969,-58.59864789002014,False,True
2020-07-24,409370.5117027756,27088130.064999998,13544065.032499999,13544065.0325,214.98515924603174,4.0,4.0,8.0,4.0,0.5,0.05,0.5417626013,0.5417626013,0.5417626013,1.0835252026,0.008187410234055512,0.00021670504052000001,5.4176260130000003e-05,0.00016252878039,10835.252026,4.299703184920635e-06,0.008133233973925512,0.007970705193535512,0.007970705193535512,0.007966405490350591,81.87410234055513,0.5417626013,1.6252878038999998,0.04299703184920635,79.66405490350591,False,True
2020-07-27,11694.478548678917,24999999.999999996,12499999.999999998,12499999.999999998,440.20946174603165,4.0,4.0,8.0,1.0,0.125,0.049999999999999996,0.49999999999999994,0.49999999999999994,0.49999999999999994,0.9999999999999999,0.00023388957097357835,0.00019999999999999998,4.9999999999999996e-05,0.00014999999999999996,10000.0,8.804189234920633e-06,0.00018388957097357835,3.3889570973578395e-05,3.3889570973578395e-05,2.5085381738657762e-05,2.3388957097357834,0.49999999999999994,1.4999999999999996,0.08804189234920633,0.25085381738657764,False,True
2020-07-28,163745.60456574196,36325423.2633625,18162711.63168125,18162711.63168125,433.52868779017865,3.0,3.0,6.0,3.0,0.5,0.05,0.72650846526725,0.72650846526725,0.72650846526725,1.4530169305345,0.003274912091314839,0.0002906033861069,7.2650846526725e-05,0.000217952539580175,14530.169305345,8.670573755803573e-06,0.003202261244788114,0.002984308705207939,0.002984308705207939,0.0029756381314521357,32.74912091314839,0.72650846526725,2.17952539580175,0.08670573755803573,29.756381314521356,False,True
2020-07-29,-187054.31281010958,25000000.0,12500000.0,12500000.0,198.41269841269843,3.0,3.0,6.0,1.0,0.16666666666666666,0.05,0.5,0.5,0.5,1.0,-0.0037410862562021916,0.0002,5e-05,0.00015,10000.0,3.968253968253969e-06,-0.0037910862562021918,-0.003941086256202192,-0.003941086256202192,-0.003945054510170446,-37.41086256202192,0.5,1.4999999999999998,0.03968253968253969,-39.450545101704456,False,True
2020-07-30,346237.38665897434,50000000.0,25000000.0,25000000.0,673.8385149206349,4.0,4.0,8.0,2.0,0.25,0.05,1.0,1.0,1.0,2.0,0.006924747733179487,0.0004,0.0001,0.0003,20000.0,1.3476770298412698e-05,0.006824747733179487,0.006524747733179487,0.006524747733179487,0.006511270962881074,69.24747733179487,1.0,2.9999999999999996,0.134767702984127,65.11270962881073,True,False
2020-07-31,25694.00411390555,25000000.0,12500000.0,12500000.0,198.41269841269843,4.0,4.0,8.0,3.0,0.375,0.05,0.5,0.5,0.5,1.0,0.000513880082278111,0.0002,5e-05,0.00015,10000.0,3.968253968253969e-06,0.00046388008227811093,0.00031388008227811097,0.00031388008227811097,0.000309911828309857,5.13880082278111,0.5,1.4999999999999998,0.03968253968253969,3.09911828309857,False,True
2020-08-03,5727.269949483787,47568517.454027504,23784258.727013752,23784258.727013752,377.5279163018056,4.0,4.0,8.0,4.0,0.5,0.05,0.9513703490805501,0.9513703490805501,0.9513703490805501,1.9027406981611001,0.00011454539898967574,0.00038054813963222004,9.513703490805501e-05,0.000285411104724165,19027.406981611002,7.5505583260361115e-06,1.940836408162073e-05,-0.00026600274064254425,-0.00026600274064254425,-0.00027355329896858036,1.1454539898967573,0.9513703490805501,2.85411104724165,0.07550558326036111,-2.7355329896858036,False,True
2020-08-04,160944.70820946505,25000000.0,12500000.0,12500000.0,198.41269841269843,3.0,3.0,6.0,0.0,0.0,0.02999301141239123,0.5,0.5,0.5,1.0,0.003218894164189301,0.0002,5e-05,0.00015,10000.0,3.968253968253969e-06,0.003168894164189301,0.003018894164189301,0.003018894164189301,0.003014925910221047,32.18894164189301,0.5,1.4999999999999998,0.03968253968253969,30.14925910221047,False,True
2020-08-05,-34475.5403732074,25000000.0,12500000.0,12499999.999999998,198.41269841269838,4.0,4.0,8.0,1.0,0.125,0.05,0.5,0.5,0.5,1.0,-0.0006895108074641479,0.0002,5e-05,0.00015,10000.0,3.968253968253967e-06,-0.0007395108074641479,-0.0008895108074641479,-0.0008895108074641479,-0.0008934790614324019,-6.895108074641479,0.5,1.4999999999999998,0.03968253968253967,-8.934790614324019,False,True
2020-08-06,8652.014750629141,12400255.671657002,6200127.835828501,6200127.835828501,264.71537542448414,4.0,4.0,8.0,4.0,0.5,0.05,0.24800511343314002,0.24800511343314002,0.24800511343314002,0.49601022686628005,0.00017304029501258284,9.920204537325602e-05,2.4800511343314005e-05,7.440153402994201e-05,4960.102268662801,5.2943075084896824e-06,0.00014823978366926884,7.383824963932684e-05,7.383824963932684e-05,6.854394213083716e-05,1.7304029501258285,0.24800511343314005,0.7440153402994201,0.052943075084896825,0.6854394213083715,False,True
2020-08-07,38802.686844167336,25000000.0,12500000.0,12500000.0,198.4126984126984,4.0,4.0,8.0,1.0,0.125,0.05,0.5,0.5,0.5,1.0,0.0007760537368833467,0.0002,5e-05,0.00015,10000.0,3.968253968253968e-06,0.0007260537368833467,0.0005760537368833467,0.0005760537368833467,0.0005720854829150927,7.760537368833467,0.5,1.4999999999999998,0.03968253968253968,5.720854829150928,False,True
2020-08-10,-77808.92203955913,8596290.46935,4298145.234675,4298145.234675,199.6997873138889,4.0,4.0,8.0,4.0,0.5,0.05,0.17192580938700003,0.17192580938700003,0.17192580938700003,0.34385161877400006,-0.0015561784407911825,6.877032375480001e-05,1.7192580938700002e-05,5.15777428161e-05,3438.5161877400005,3.9939957462777775e-06,-0.0015733710217298825,-0.0016249487645459825,-0.0016249487645459825,-0.0016289427602922603,-15.561784407911825,0.17192580938700003,0.515777428161,0.03993995746277777,-16.289427602922604,False,True
2020-08-11,487977.40251876717,26062688.203649998,13031344.101824999,13031344.101824999,663.7876244686507,4.0,4.0,8.0,4.0,0.5,0.05,0.521253764073,0.521253764073,0.521253764073,1.042507528146,0.009759548050375343,0.00020850150562919998,5.2125376407299996e-05,0.00015637612922189998,10425.07528146,1.3275752489373015e-05,0.009707422673968043,0.009551046544746143,0.009551046544746143,0.00953777079225677,97.59548050375342,0.521253764073,1.5637612922189998,0.13275752489373016,95.3777079225677,False,True
2020-08-12,199370.02549202082,36782612.32405,18391306.162025,18391306.162025,291.9254946353175,4.0,4.0,8.0,4.0,0.5,0.05,0.735652246481,0.735652246481,0.735652246481,1.471304492962,0.003987400509840417,0.00029426089859240005,7.356522464810001e-05,0.0002206956739443,14713.044929620002,5.838509892706349e-06,0.003913835285192317,0.003693139611248017,0.003693139611248017,0.0036873011013553105,39.87400509840417,0.7356522464810001,2.206956739443,0.05838509892706349,36.8730110135531,False,True
2020-08-13,101105.36058329605,29818567.6324,14909283.8162,14909283.816200001,236.6552986698413,4.0,4.0,8.0,4.0,0.5,0.05,0.596371352648,0.596371352648,0.596371352648,1.192742705296,0.002022107211665921,0.00023854854105920001,5.9637135264800003e-05,0.00017891140579439998,11927.42705296,4.733105973396826e-06,0.0019624700764011207,0.0017835586706067207,0.0017835586706067207,0.001778825564633324,20.221072116659208,0.596371352648,1.7891140579439997,0.047331059733968256,17.78825564633324,False,True
2020-08-14,195203.4556881769,18137798.368275,9068899.1841375,9068899.1841375,362.31859873710323,4.0,4.0,8.0,4.0,0.5,0.05,0.36275596736550003,0.36275596736550003,0.36275596736550003,0.7255119347310001,0.003904069113763538,0.00014510238694620002,3.6275596736550006e-05,0.00010882679020965,7255.119347310001,7.246371974742064e-06,0.003867793517026988,0.003758966726817338,0.003758966726817338,0.003751720354842596,39.040691137635385,0.3627559673655001,1.0882679020965,0.07246371974742065,37.51720354842596,False,True
2020-08-17,102274.67497251222,25000000.0,12500000.0,12500000.0,198.4126984126984,4.0,4.0,8.0,2.0,0.25,0.05,0.5,0.5,0.5,1.0,0.0020454934994502444,0.0002,5e-05,0.00015,10000.0,3.968253968253968e-06,0.0019954934994502443,0.0018454934994502443,0.0018454934994502443,0.0018415252454819903,20.454934994502445,0.5,1.4999999999999998,0.03968253968253968,18.415252454819903,False,True
2020-08-18,18867.34051625902,21746491.225890502,10873245.612945251,10873245.612945251,431.6812582657976,4.0,4.0,8.0,4.0,0.5,0.05,0.43492982451781004,0.43492982451781004,0.43492982451781004,0.8698596490356201,0.0003773468103251804,0.00017397192980712401,4.3492982451781003e-05,0.000130478947355343,8698.5964903562,8.633625165315952e-06,0.0003338538278733994,0.0002033748805180564,0.0002033748805180564,0.00019474125535274046,3.7734681032518043,0.43492982451781004,1.30478947355343,0.08633625165315952,1.9474125535274045,False,True
2020-08-19,-66359.20206263034,25000000.0,12500000.0,12500000.0,198.4126984126984,4.0,4.0,8.0,2.0,0.25,0.05,0.5,0.5,0.5,1.0,-0.001327184041252607,0.0002,5e-05,0.00015,10000.0,3.968253968253968e-06,-0.0013771840412526068,-0.0015271840412526068,-0.0015271840412526068,-0.0015311522952208608,-13.27184041252607,0.5,1.4999999999999998,0.03968253968253968,-15.311522952208609,False,True
2020-08-20,-254676.8191068485,25000000.0,12500000.0,12500000.0,396.8253968253968,4.0,4.0,8.0,0.0,0.0,0.02410988267045569,0.5,0.5,0.5,1.0,-0.00509353638213697,0.0002,5e-05,0.00015,10000.0,7.936507936507936e-06,-0.005143536382136969,-0.005293536382136969,-0.005293536382136969,-0.005301472890073477,-50.9353638213697,0.5,1.4999999999999998,0.07936507936507936,-53.014728900734774,False,True
2020-08-21,215196.84776260817,25000000.0,12500000.0,12500000.0,198.4126984126984,4.0,4.0,8.0,0.0,0.0,0.023250022746985254,0.5,0.5,0.5,1.0,0.004303936955252163,0.0002,5e-05,0.00015,10000.0,3.968253968253968e-06,0.004253936955252164,0.004103936955252164,0.004103936955252164,0.00409996870128391,43.039369552521634,0.5,1.4999999999999998,0.03968253968253968,40.999687012839104,False,True
2020-08-24,43118.687737271975,25000000.0,12500000.0,12500000.0,198.4126984126984,4.0,4.0,8.0,0.0,0.0,0.03874632603229451,0.5,0.5,0.5,1.0,0.0008623737547454395,0.0002,5e-05,0.00015,10000.0,3.968253968253968e-06,0.0008123737547454395,0.0006623737547454395,0.0006623737547454395,0.0006584055007771855,8.623737547454395,0.5,1.4999999999999998,0.03968253968253968,6.5840550077718545,False,True
2020-08-25,183219.1541031808,25000000.0,12500000.0,12500000.0,198.41269841269843,4.0,4.0,8.0,2.0,0.25,0.05,0.5,0.5,0.5,1.0,0.003664383082063616,0.0002,5e-05,0.00015,10000.0,3.968253968253969e-06,0.003614383082063616,0.003464383082063616,0.003464383082063616,0.003460414828095362,36.64383082063616,0.5,1.4999999999999998,0.03968253968253969,34.60414828095362,False,True
2020-08-26,273144.83747970127,25000000.0,12500000.0,12500000.0,270.3080876269841,4.0,4.0,8.0,3.0,0.375,0.05,0.5,0.5,0.5,1.0,0.005462896749594025,0.0002,5e-05,0.00015,10000.0,5.406161752539682e-06,0.005412896749594025,0.005262896749594025,0.005262896749594025,0.005257490587841486,54.62896749594025,0.5,1.4999999999999998,0.05406161752539682,52.57490587841485,False,True
2020-08-27,351908.2566320234,25000000.0,12500000.0,12500000.0,396.8253968253968,4.0,4.0,8.0,0.0,0.0,0.046905757675947415,0.5,0.5,0.5,1.0,0.007038165132640467,0.0002,5e-05,0.00015,10000.0,7.936507936507936e-06,0.006988165132640467,0.006838165132640467,0.006838165132640467,0.006830228624703959,70.38165132640466,0.5,1.4999999999999998,0.07936507936507936,68.30228624703959,False,True
2020-08-28,-50511.758105481495,21340196.3949,10670098.19745,10670098.19745,169.36663805476192,4.0,4.0,8.0,4.0,0.5,0.05,0.42680392789800004,0.42680392789800004,0.42680392789800004,0.8536078557960001,-0.00101023516210963,0.00017072157115920002,4.2680392789800005e-05,0.0001280411783694,8536.078557960001,3.3873327610952386e-06,-0.00105291555489943,-0.00118095673326883,-0.00118095673326883,-0.0011843440660299252,-10.102351621096298,0.42680392789800004,1.2804117836939999,0.03387332761095239,-11.843440660299251,False,True
2020-08-31,239684.00508788935,24999999.999999996,12499999.999999998,12500000.0,198.4126984126984,4.0,4.0,8.0,1.0,0.125,0.05,0.49999999999999994,0.49999999999999994,0.49999999999999994,0.9999999999999999,0.004793680101757787,0.00019999999999999998,4.9999999999999996e-05,0.00014999999999999996,10000.0,3.968253968253968e-06,0.004743680101757787,0.004593680101757787,0.004593680101757787,0.004589711847789534,47.93680101757787,0.49999999999999994,1.4999999999999996,0.03968253968253968,45.89711847789534,False,True
2020-09-01,16597.674849211748,25000000.0,12500000.0,12500000.0,402.01509623015875,4.0,4.0,8.0,1.0,0.125,0.05,0.5,0.5,0.5,1.0,0.00033195349698423497,0.0002,5e-05,0.00015,10000.0,8.040301924603175e-06,0.00028195349698423495,0.00013195349698423496,0.00013195349698423496,0.0001239131950596318,3.3195349698423495,0.5,1.4999999999999998,0.08040301924603176,1.2391319505963179,False,True
2020-09-02,-428251.72645638906,25000000.0,12500000.0,12500000.0,198.41269841269843,4.0,4.0,8.0,1.0,0.125,0.05,0.5,0.5,0.5,1.0,-0.00856503452912778,0.0002,5e-05,0.00015,10000.0,3.968253968253969e-06,-0.00861503452912778,-0.008765034529127781,-0.008765034529127781,-0.008769002783096036,-85.6503452912778,0.5,1.4999999999999998,0.03968253968253969,-87.69002783096036,False,True
2020-09-03,-229397.35460422616,19813584.148748502,9906792.074374251,9906792.074374251,192.38706475673413,4.0,4.0,8.0,4.0,0.5,0.05,0.39627168297497006,0.39627168297497006,0.39627168297497006,0.7925433659499401,-0.004587947092084523,0.00015850867318998804,3.962716829749701e-05,0.000118881504892491,7925.433659499402,3.8477412951346825e-06,-0.00462757426038202,-0.004746455765274511,-0.004746455765274511,-0.0047503035065696465,-45.879470920845236,0.3962716829749701,1.18881504892491,0.03847741295134682,-47.503035065696466,False,True
2020-09-04,-2045201.7759148753,50000000.0,25000000.0,25000000.0,1182.389062798746,4.0,4.0,8.0,3.0,0.375,0.05,1.0,1.0,1.0,2.0,-0.04090403551829751,0.0004,0.0001,0.0003,20000.0,2.3647781255974917e-05,-0.04100403551829751,-0.04130403551829751,-0.04130403551829751,-0.04132768329955349,-409.0403551829751,1.0,2.9999999999999996,0.23647781255974917,-413.2768329955349,True,False
2020-09-08,919678.8762973809,50000000.0,25000000.0,25000000.0,396.8253968253968,4.0,4.0,8.0,2.0,0.25,0.05,1.0,1.0,1.0,2.0,0.018393577525947617,0.0004,0.0001,0.0003,20000.0,7.936507936507936e-06,0.018293577525947617,0.017993577525947616,0.017993577525947616,0.017985641018011107,183.93577525947617,1.0,2.9999999999999996,0.07936507936507936,179.85641018011106,True,False
2020-09-09,615346.5674022567,49999999.99999999,24999999.999999996,25000000.0,443.02369206349204,4.0,4.0,8.0,3.0,0.375,0.05,0.9999999999999999,0.9999999999999999,0.9999999999999999,1.9999999999999998,0.012306931348045133,0.00039999999999999996,9.999999999999999e-05,0.0002999999999999999,20000.0,8.86047384126984e-06,0.012206931348045133,0.011906931348045133,0.011906931348045133,0.011898070874203864,123.06931348045133,0.9999999999999999,2.999999999999999,0.0886047384126984,118.98070874203864,True,False
2020-09-10,207287.3412166461,29901560.577125,14950780.2885625,14950780.288562503,237.3139728343254,4.0,4.0,8.0,4.0,0.5,0.05000000000000001,0.5980312115425,0.5980312115425,0.5980312115425,1.196062423085,0.004145746824332922,0.00023921248461700003,5.9803121154250006e-05,0.00017940936346275,11960.62423085,4.746279456686508e-06,0.004085943703178672,0.003906534339715923,0.003906534339715923,0.003901788060259236,41.45746824332922,0.5980312115425,1.7940936346275,0.04746279456686508,39.01788060259236,False,True
2020-09-11,139841.6876698499,11729739.7625,5864869.88125,5864869.88125,157.71166636904763,4.0,4.0,8.0,4.0,0.5,0.05,0.23459479525,0.23459479525,0.23459479525,0.4691895905,0.002796833753396998,9.38379181e-05,2.3459479525e-05,7.037843857499999e-05,4691.895905,3.1542333273809527e-06,0.002773374273871998,0.002702995835296998,0.002702995835296998,0.002699841601969617,27.96833753396998,0.23459479525,0.7037843857499999,0.03154233327380953,26.998416019696172,False,True
2020-09-14,497166.4225536865,50000000.0,25000000.0,25000000.0,396.82539682539687,4.0,4.0,8.0,2.0,0.25,0.05,1.0,1.0,1.0,2.0,0.00994332845107373,0.0004,0.0001,0.0003,20000.0,7.936507936507938e-06,0.00984332845107373,0.00954332845107373,0.00954332845107373,0.009535391943137224,99.4332845107373,1.0,2.9999999999999996,0.07936507936507937,95.35391943137223,True,False
2020-09-15,-61207.63768098806,10260783.292725,5130391.6463625,5130391.6463625,169.22624518035718,4.0,4.0,8.0,4.0,0.5,0.05000000000000001,0.20521566585450002,0.20521566585450002,0.20521566585450002,0.41043133170900004,-0.0012241527536197613,8.208626634180001e-05,2.0521566585450004e-05,6.156469975635e-05,4104.313317090001,3.3845249036071437e-06,-0.0012446743202052112,-0.001306239019961561,-0.001306239019961561,-0.0013096235448651682,-12.241527536197612,0.20521566585450005,0.6156469975635,0.03384524903607144,-13.096235448651681,False,True
2020-09-16,-392414.73712777905,31474798.436650004,15737399.218325002,15737399.218325002,249.79998759246038,4.0,4.0,8.0,4.0,0.5,0.05,0.6294959687330001,0.6294959687330001,0.6294959687330001,1.2589919374660001,-0.007848294742555582,0.00025179838749320003,6.294959687330001e-05,0.0001888487906199,12589.919374660001,4.995999751849208e-06,-0.007911244339428882,-0.008100093130048782,-0.008100093130048782,-0.008105089129800631,-78.48294742555582,0.6294959687330001,1.888487906199,0.04995999751849208,-81.05089129800632,False,True
2020-09-17,70940.04521677228,24245685.69215,12122842.846075002,12122842.846075,300.7296204138889,4.0,4.0,8.0,4.0,0.5,0.05,0.484913713843,0.484913713843,0.484913713843,0.969827427686,0.0014188009043354457,0.0001939654855372,4.84913713843e-05,0.0001454741141529,9698.27427686,6.014592408277777e-06,0.0013703095329511458,0.0012248354187982457,0.0012248354187982457,0.001218820826389968,14.188009043354457,0.484913713843,1.4547411415290001,0.060145924082777774,12.18820826389968,False,True
2020-09-18,126944.93507819508,15771618.9911,7885809.49555,7885809.495550001,234.12288675476194,4.0,4.0,8.0,4.0,0.5,0.05,0.315432379822,0.315432379822,0.315432379822,0.630864759644,0.0025388987015639015,0.0001261729519288,3.15432379822e-05,9.462971394659999e-05,6308.64759644,4.682457735095239e-06,0.0025073554635817014,0.0024127257496351015,0.0024127257496351015,0.0024080432919000062,25.388987015639014,0.315432379822,0.9462971394659999,0.04682457735095239,24.080432919000064,False,True
2020-09-21,-94584.40466760665,24999999.999999993,12499999.999999996,12499999.999999998,250.78596571428568,4.0,4.0,8.0,1.0,0.125,0.05,0.49999999999999983,0.49999999999999983,0.49999999999999983,0.9999999999999997,-0.001891688093352133,0.00019999999999999996,4.999999999999999e-05,0.00014999999999999993,9999.999999999998,5.015719314285714e-06,-0.0019416880933521329,-0.002091688093352133,-0.002091688093352133,-0.0020967038126664186,-18.91688093352133,0.4999999999999999,1.4999999999999993,0.05015719314285714,-20.967038126664185,False,True
2020-09-22,-32745.17767118734,24999999.999999993,12499999.999999996,12499999.999999998,261.21862492063485,4.0,4.0,8.0,1.0,0.125,0.05,0.49999999999999983,0.49999999999999983,0.49999999999999983,0.9999999999999997,-0.0006549035534237468,0.00019999999999999996,4.999999999999999e-05,0.00014999999999999993,9999.999999999998,5.224372498412697e-06,-0.0007049035534237468,-0.0008549035534237468,-0.0008549035534237468,-0.0008601279259221595,-6.549035534237468,0.4999999999999999,1.4999999999999993,0.052243724984126966,-8.601279259221595,False,True
2020-09-23,-193044.86444060254,25000000.0,12500000.0,12500000.0,262.4666998412698,4.0,4.0,8.0,2.0,0.25,0.05,0.5,0.5,0.5,1.0,-0.003860897288812051,0.0002,5e-05,0.00015,10000.0,5.249333996825396e-06,-0.003910897288812051,-0.004060897288812051,-0.004060897288812051,-0.004066146622808876,-38.60897288812051,0.5,1.4999999999999998,0.05249333996825396,-40.66146622808876,False,True
2020-09-24,103763.58101251669,25000000.0,12500000.0,12500000.0,602.7417554285714,4.0,4.0,8.0,2.0,0.25,0.05,0.5,0.5,0.5,1.0,0.002075271620250334,0.0002,5e-05,0.00015,10000.0,1.2054835108571429e-05,0.0020252716202503337,0.0018752716202503337,0.0018752716202503337,0.0018632167851417624,20.752716202503336,0.5,1.4999999999999998,0.1205483510857143,18.632167851417623,False,True
2020-09-25,218143.90558833175,25000000.0,12500000.0,12500000.0,198.41269841269843,4.0,4.0,8.0,1.0,0.125,0.05,0.5,0.5,0.5,1.0,0.004362878111766635,0.0002,5e-05,0.00015,10000.0,3.968253968253969e-06,0.004312878111766635,0.004162878111766635,0.004162878111766635,0.0041589098577983815,43.62878111766635,0.5,1.4999999999999998,0.03968253968253969,41.58909857798381,False,True
2020-09-28,-84825.85488924957,25000000.0,12500000.0,12500000.0,198.4126984126984,4.0,4.0,8.0,2.0,0.25,0.05,0.5,0.5,0.5,1.0,-0.0016965170977849915,0.0002,5e-05,0.00015,10000.0,3.968253968253968e-06,-0.0017465170977849914,-0.0018965170977849914,-0.0018965170977849914,-0.0019004853517532454,-16.965170977849915,0.5,1.4999999999999998,0.03968253968253968,-19.004853517532453,False,True
2020-09-29,-26450.588268621552,25000000.0,12500000.0,12500000.0,198.41269841269843,4.0,4.0,8.0,3.0,0.375,0.05,0.5,0.5,0.5,1.0,-0.000529011765372431,0.0002,5e-05,0.00015,10000.0,3.968253968253969e-06,-0.0005790117653724311,-0.000729011765372431,-0.000729011765372431,-0.000732980019340685,-5.290117653724311,0.5,1.4999999999999998,0.03968253968253969,-7.32980019340685,False,True
2020-09-30,176411.329006074,25000000.0,12500000.0,12499999.999999998,491.60580999999996,4.0,4.0,8.0,2.0,0.25,0.049999999999999996,0.5,0.5,0.5,1.0,0.00352822658012148,0.0002,5e-05,0.00015,10000.0,9.832116199999999e-06,0.00347822658012148,0.00332822658012148,0.00332822658012148,0.00331839446392148,35.2822658012148,0.5,1.4999999999999998,0.09832116199999999,33.1839446392148,False,True
2020-10-01,-423384.00417495525,25000000.0,12500000.0,12500000.0,280.8772362373016,4.0,4.0,8.0,3.0,0.375,0.05,0.5,0.5,0.5,1.0,-0.008467680083499105,0.0002,5e-05,0.00015,10000.0,5.617544724746032e-06,-0.008517680083499105,-0.008667680083499106,-0.008667680083499106,-0.008673297628223851,-84.67680083499106,0.5,1.4999999999999998,0.05617544724746032,-86.73297628223851,False,True
2020-10-02,165461.79458374865,24999999.999999996,12499999.999999998,12499999.999999998,198.4126984126984,4.0,4.0,8.0,2.0,0.25,0.05,0.49999999999999994,0.49999999999999994,0.49999999999999994,0.9999999999999999,0.003309235891674973,0.00019999999999999998,4.9999999999999996e-05,0.00014999999999999996,10000.0,3.968253968253968e-06,0.0032592358916749727,0.0031092358916749727,0.0031092358916749727,0.0031052676377067187,33.09235891674973,0.49999999999999994,1.4999999999999996,0.03968253968253968,31.052676377067186,False,True
2020-10-05,8321.26251594174,24999999.999999996,12499999.999999998,12500000.0,198.41269841269838,4.0,4.0,8.0,2.0,0.25,0.05,0.49999999999999994,0.49999999999999994,0.49999999999999994,0.9999999999999999,0.0001664252503188348,0.00019999999999999998,4.9999999999999996e-05,0.00014999999999999996,10000.0,3.968253968253967e-06,0.0001164252503188348,-3.3574749681165156e-05,-3.3574749681165156e-05,-3.754300364941912e-05,1.664252503188348,0.49999999999999994,1.4999999999999996,0.03968253968253967,-0.3754300364941912,False,True
2020-10-06,0.0,0.0,0.0,0.0,0.0,0.0,0.0,0.0,0.0,0.0,0.0,0.0,0.0,0.0,0.0,0.0,0.0,0.0,0.0,0.0,0.0,0.0,0.0,0.0,0.0,0.0,0.0,0.0,0.0,0.0,False,False
2020-10-07,237846.49482963554,25000000.0,12500000.0,12500000.0,198.41269841269843,4.0,4.0,8.0,2.0,0.25,0.05,0.5,0.5,0.5,1.0,0.004756929896592711,0.0002,5e-05,0.00015,10000.0,3.968253968253969e-06,0.004706929896592711,0.004556929896592711,0.004556929896592711,0.0045529616426244575,47.5692989659271,0.5,1.4999999999999998,0.03968253968253969,45.52961642624457,False,True
2020-10-08,-20996.885767162115,25000000.0,12500000.0,12500000.0,198.41269841269843,4.0,4.0,8.0,1.0,0.125,0.05,0.5,0.5,0.5,1.0,-0.0004199377153432423,0.0002,5e-05,0.00015,10000.0,3.968253968253969e-06,-0.00046993771534324235,-0.0006199377153432423,-0.0006199377153432423,-0.0006239059693114963,-4.199377153432423,0.5,1.4999999999999998,0.03968253968253969,-6.239059693114963,False,True
2020-10-09,119777.57534046881,25000000.0,12500000.0,12500000.0,198.4126984126984,4.0,4.0,8.0,1.0,0.125,0.05,0.5,0.5,0.5,1.0,0.0023955515068093763,0.0002,5e-05,0.00015,10000.0,3.968253968253968e-06,0.002345551506809376,0.002195551506809376,0.002195551506809376,0.002191583252841122,23.955515068093764,0.5,1.4999999999999998,0.03968253968253968,21.915832528411222,False,True
2020-10-12,0.0,0.0,0.0,0.0,0.0,0.0,0.0,0.0,0.0,0.0,0.0,0.0,0.0,0.0,0.0,0.0,0.0,0.0,0.0,0.0,0.0,0.0,0.0,0.0,0.0,0.0,0.0,0.0,0.0,0.0,False,False
2020-10-13,39101.44585676177,13563890.3372,6781945.168600001,6781945.1686,107.64992331111111,4.0,4.0,8.0,4.0,0.5,0.05,0.27127780674400004,0.27127780674400004,0.27127780674400004,0.5425556134880001,0.0007820289171352354,0.00010851112269760002,2.7127780674400006e-05,8.138334202320001e-05,5425.556134880001,2.152998466222222e-06,0.0007549011364608355,0.0006735177944376355,0.0006735177944376355,0.0006713647959714133,7.820289171352354,0.27127780674400004,0.8138334202320001,0.021529984662222224,6.713647959714133,False,True
2020-10-14,-70566.38518393761,15622573.04,7811286.52,7811286.5200000005,234.6030607936508,4.0,4.0,8.0,4.0,0.5,0.05,0.31245146079999997,0.31245146079999997,0.31245146079999997,0.6249029215999999,-0.0014113277036787524,0.00012498058432,3.124514608e-05,9.373543823999998e-05,6249.029216,4.692061215873016e-06,-0.0014425728497587523,-0.0015363082879987524,-0.0015363082879987524,-0.0015410003492146254,-14.113277036787524,0.3124514608,0.9373543823999998,0.046920612158730154,-15.410003492146254,False,True
2020-10-15,53337.55508640653,25000000.0,12500000.0,12500000.0,258.91983000000005,4.0,4.0,8.0,2.0,0.25,0.05,0.5,0.5,0.5,1.0,0.0010667511017281306,0.0002,5e-05,0.00015,10000.0,5.178396600000001e-06,0.0010167511017281307,0.0008667511017281307,0.0008667511017281307,0.0008615727051281307,10.667511017281306,0.5,1.4999999999999998,0.05178396600000001,8.615727051281308,False,True
2020-10-16,130110.5839737842,25000000.0,12500000.0,12500000.0,396.8253968253968,4.0,4.0,8.0,0.0,0.0,0.026919846447076737,0.5,0.5,0.5,1.0,0.002602211679475684,0.0002,5e-05,0.00015,10000.0,7.936507936507936e-06,0.002552211679475684,0.002402211679475684,0.002402211679475684,0.002394275171539176,26.02211679475684,0.5,1.4999999999999998,0.07936507936507936,23.94275171539176,False,True
2020-10-19,-14321.74126404134,25000000.0,12500000.0,12500000.0,198.4126984126984,4.0,4.0,8.0,3.0,0.375,0.05,0.5,0.5,0.5,1.0,-0.0002864348252808268,0.0002,5e-05,0.00015,10000.0,3.968253968253968e-06,-0.00033643482528082684,-0.00048643482528082686,-0.00048643482528082686,-0.0004904030792490809,-2.864348252808268,0.5,1.4999999999999998,0.03968253968253968,-4.904030792490809,False,True
2020-10-20,0.0,0.0,0.0,0.0,0.0,0.0,0.0,0.0,0.0,0.0,0.0,0.0,0.0,0.0,0.0,0.0,0.0,0.0,0.0,0.0,0.0,0.0,0.0,0.0,0.0,0.0,0.0,0.0,0.0,0.0,False,False
2020-10-21,0.0,0.0,0.0,0.0,0.0,0.0,0.0,0.0,0.0,0.0,0.0,0.0,0.0,0.0,0.0,0.0,0.0,0.0,0.0,0.0,0.0,0.0,0.0,0.0,0.0,0.0,0.0,0.0,0.0,0.0,False,False
2020-10-22,0.0,0.0,0.0,0.0,0.0,0.0,0.0,0.0,0.0,0.0,0.0,0.0,0.0,0.0,0.0,0.0,0.0,0.0,0.0,0.0,0.0,0.0,0.0,0.0,0.0,0.0,0.0,0.0,0.0,0.0,False,False
2020-10-23,0.0,0.0,0.0,0.0,0.0,0.0,0.0,0.0,0.0,0.0,0.0,0.0,0.0,0.0,0.0,0.0,0.0,0.0,0.0,0.0,0.0,0.0,0.0,0.0,0.0,0.0,0.0,0.0,0.0,0.0,False,False
2020-10-26,-4837.411273062082,8447078.85695,4223539.428475,4223539.428475,222.04166632500002,4.0,4.0,8.0,4.0,0.5,0.05,0.168941577139,0.168941577139,0.168941577139,0.337883154278,-9.674822546124164e-05,6.75766308556e-05,1.68941577139e-05,5.0682473141699994e-05,3378.83154278,4.4408333265e-06,-0.00011364238317514163,-0.00016432485631684163,-0.00016432485631684163,-0.00016876568964334165,-0.9674822546124164,0.168941577139,0.5068247314169999,0.044408333265,-1.6876568964334164,False,True
2020-10-27,-266611.2806125672,25000000.0,12500000.0,12500000.0,198.41269841269843,3.0,3.0,6.0,2.0,0.3333333333333333,0.05,0.5,0.5,0.5,1.0,-0.005332225612251344,0.0002,5e-05,0.00015,10000.0,3.968253968253969e-06,-0.005382225612251343,-0.005532225612251343,-0.005532225612251343,-0.005536193866219597,-53.32225612251344,0.5,1.4999999999999998,0.03968253968253969,-55.36193866219597,False,True
2020-10-28,0.0,0.0,0.0,0.0,0.0,0.0,0.0,0.0,0.0,0.0,0.0,0.0,0.0,0.0,0.0,0.0,0.0,0.0,0.0,0.0,0.0,0.0,0.0,0.0,0.0,0.0,0.0,0.0,0.0,0.0,False,False
2020-10-29,0.0,0.0,0.0,0.0,0.0,0.0,0.0,0.0,0.0,0.0,0.0,0.0,0.0,0.0,0.0,0.0,0.0,0.0,0.0,0.0,0.0,0.0,0.0,0.0,0.0,0.0,0.0,0.0,0.0,0.0,False,False
2020-10-30,0.0,0.0,0.0,0.0,0.0,0.0,0.0,0.0,0.0,0.0,0.0,0.0,0.0,0.0,0.0,0.0,0.0,0.0,0.0,0.0,0.0,0.0,0.0,0.0,0.0,0.0,0.0,0.0,0.0,0.0,False,False
2020-11-02,-120724.34214488725,25000000.0,12500000.0,12500000.0,198.4126984126984,4.0,4.0,8.0,3.0,0.375,0.05,0.5,0.5,0.5,1.0,-0.002414486842897745,0.0002,5e-05,0.00015,10000.0,3.968253968253968e-06,-0.002464486842897745,-0.002614486842897745,-0.002614486842897745,-0.002618455096865999,-24.14486842897745,0.5,1.4999999999999998,0.03968253968253968,-26.18455096865999,False,True
2020-11-03,0.0,0.0,0.0,0.0,0.0,0.0,0.0,0.0,0.0,0.0,0.0,0.0,0.0,0.0,0.0,0.0,0.0,0.0,0.0,0.0,0.0,0.0,0.0,0.0,0.0,0.0,0.0,0.0,0.0,0.0,False,False
2020-11-04,0.0,0.0,0.0,0.0,0.0,0.0,0.0,0.0,0.0,0.0,0.0,0.0,0.0,0.0,0.0,0.0,0.0,0.0,0.0,0.0,0.0,0.0,0.0,0.0,0.0,0.0,0.0,0.0,0.0,0.0,False,False
2020-11-05,0.0,0.0,0.0,0.0,0.0,0.0,0.0,0.0,0.0,0.0,0.0,0.0,0.0,0.0,0.0,0.0,0.0,0.0,0.0,0.0,0.0,0.0,0.0,0.0,0.0,0.0,0.0,0.0,0.0,0.0,False,False
2020-11-06,0.0,0.0,0.0,0.0,0.0,0.0,0.0,0.0,0.0,0.0,0.0,0.0,0.0,0.0,0.0,0.0,0.0,0.0,0.0,0.0,0.0,0.0,0.0,0.0,0.0,0.0,0.0,0.0,0.0,0.0,False,False
2020-11-09,0.0,0.0,0.0,0.0,0.0,0.0,0.0,0.0,0.0,0.0,0.0,0.0,0.0,0.0,0.0,0.0,0.0,0.0,0.0,0.0,0.0,0.0,0.0,0.0,0.0,0.0,0.0,0.0,0.0,0.0,False,False
2020-11-10,0.0,0.0,0.0,0.0,0.0,0.0,0.0,0.0,0.0,0.0,0.0,0.0,0.0,0.0,0.0,0.0,0.0,0.0,0.0,0.0,0.0,0.0,0.0,0.0,0.0,0.0,0.0,0.0,0.0,0.0,False,False
2020-11-11,65149.54899520638,25000000.0,12500000.0,12500000.0,301.7714248619048,4.0,4.0,8.0,2.0,0.25,0.05,0.5,0.5,0.5,1.0,0.0013029909799041276,0.0002,5e-05,0.00015,10000.0,6.035428497238096e-06,0.0012529909799041277,0.0011029909799041278,0.0011029909799041278,0.0010969555514068897,13.029909799041276,0.5,1.4999999999999998,0.06035428497238096,10.969555514068897,False,True
2020-11-12,0.0,0.0,0.0,0.0,0.0,0.0,0.0,0.0,0.0,0.0,0.0,0.0,0.0,0.0,0.0,0.0,0.0,0.0,0.0,0.0,0.0,0.0,0.0,0.0,0.0,0.0,0.0,0.0,0.0,0.0,False,False
2020-11-13,0.0,0.0,0.0,0.0,0.0,0.0,0.0,0.0,0.0,0.0,0.0,0.0,0.0,0.0,0.0,0.0,0.0,0.0,0.0,0.0,0.0,0.0,0.0,0.0,0.0,0.0,0.0,0.0,0.0,0.0,False,False
2020-11-16,0.0,0.0,0.0,0.0,0.0,0.0,0.0,0.0,0.0,0.0,0.0,0.0,0.0,0.0,0.0,0.0,0.0,0.0,0.0,0.0,0.0,0.0,0.0,0.0,0.0,0.0,0.0,0.0,0.0,0.0,False,False
2020-11-17,0.0,0.0,0.0,0.0,0.0,0.0,0.0,0.0,0.0,0.0,0.0,0.0,0.0,0.0,0.0,0.0,0.0,0.0,0.0,0.0,0.0,0.0,0.0,0.0,0.0,0.0,0.0,0.0,0.0,0.0,False,False
2020-11-18,0.0,0.0,0.0,0.0,0.0,0.0,0.0,0.0,0.0,0.0,0.0,0.0,0.0,0.0,0.0,0.0,0.0,0.0,0.0,0.0,0.0,0.0,0.0,0.0,0.0,0.0,0.0,0.0,0.0,0.0,False,False
2020-11-19,0.0,0.0,0.0,0.0,0.0,0.0,0.0,0.0,0.0,0.0,0.0,0.0,0.0,0.0,0.0,0.0,0.0,0.0,0.0,0.0,0.0,0.0,0.0,0.0,0.0,0.0,0.0,0.0,0.0,0.0,False,False
2020-11-20,0.0,0.0,0.0,0.0,0.0,0.0,0.0,0.0,0.0,0.0,0.0,0.0,0.0,0.0,0.0,0.0,0.0,0.0,0.0,0.0,0.0,0.0,0.0,0.0,0.0,0.0,0.0,0.0,0.0,0.0,False,False
2020-11-23,0.0,0.0,0.0,0.0,0.0,0.0,0.0,0.0,0.0,0.0,0.0,0.0,0.0,0.0,0.0,0.0,0.0,0.0,0.0,0.0,0.0,0.0,0.0,0.0,0.0,0.0,0.0,0.0,0.0,0.0,False,False
2020-11-24,0.0,0.0,0.0,0.0,0.0,0.0,0.0,0.0,0.0,0.0,0.0,0.0,0.0,0.0,0.0,0.0,0.0,0.0,0.0,0.0,0.0,0.0,0.0,0.0,0.0,0.0,0.0,0.0,0.0,0.0,False,False
2020-11-25,0.0,0.0,0.0,0.0,0.0,0.0,0.0,0.0,0.0,0.0,0.0,0.0,0.0,0.0,0.0,0.0,0.0,0.0,0.0,0.0,0.0,0.0,0.0,0.0,0.0,0.0,0.0,0.0,0.0,0.0,False,False
2020-11-27,0.0,0.0,0.0,0.0,0.0,0.0,0.0,0.0,0.0,0.0,0.0,0.0,0.0,0.0,0.0,0.0,0.0,0.0,0.0,0.0,0.0,0.0,0.0,0.0,0.0,0.0,0.0,0.0,0.0,0.0,False,False
2020-11-30,0.0,0.0,0.0,0.0,0.0,0.0,0.0,0.0,0.0,0.0,0.0,0.0,0.0,0.0,0.0,0.0,0.0,0.0,0.0,0.0,0.0,0.0,0.0,0.0,0.0,0.0,0.0,0.0,0.0,0.0,False,False
2020-12-01,-294505.3735791983,25000000.0,12500000.0,12500000.0,198.41269841269843,4.0,4.0,8.0,3.0,0.375,0.05,0.5,0.5,0.5,1.0,-0.005890107471583967,0.0002,5e-05,0.00015,10000.0,3.968253968253969e-06,-0.005940107471583966,-0.006090107471583966,-0.006090107471583966,-0.00609407572555222,-58.90107471583967,0.5,1.4999999999999998,0.03968253968253969,-60.9407572555222,False,True
2020-12-02,196256.66684797543,25000000.0,12500000.0,12500000.0,198.4126984126984,4.0,4.0,8.0,3.0,0.375,0.05,0.5,0.5,0.5,1.0,0.003925133336959509,0.0002,5e-05,0.00015,10000.0,3.968253968253968e-06,0.0038751333369595087,0.0037251333369595087,0.0037251333369595087,0.0037211650829912547,39.25133336959509,0.5,1.4999999999999998,0.03968253968253968,37.21165082991255,False,True
2020-12-03,0.0,0.0,0.0,0.0,0.0,0.0,0.0,0.0,0.0,0.0,0.0,0.0,0.0,0.0,0.0,0.0,0.0,0.0,0.0,0.0,0.0,0.0,0.0,0.0,0.0,0.0,0.0,0.0,0.0,0.0,False,False
2020-12-04,0.0,0.0,0.0,0.0,0.0,0.0,0.0,0.0,0.0,0.0,0.0,0.0,0.0,0.0,0.0,0.0,0.0,0.0,0.0,0.0,0.0,0.0,0.0,0.0,0.0,0.0,0.0,0.0,0.0,0.0,False,False
2020-12-07,0.0,0.0,0.0,0.0,0.0,0.0,0.0,0.0,0.0,0.0,0.0,0.0,0.0,0.0,0.0,0.0,0.0,0.0,0.0,0.0,0.0,0.0,0.0,0.0,0.0,0.0,0.0,0.0,0.0,0.0,False,False
2020-12-08,0.0,0.0,0.0,0.0,0.0,0.0,0.0,0.0,0.0,0.0,0.0,0.0,0.0,0.0,0.0,0.0,0.0,0.0,0.0,0.0,0.0,0.0,0.0,0.0,0.0,0.0,0.0,0.0,0.0,0.0,False,False
2020-12-09,0.0,0.0,0.0,0.0,0.0,0.0,0.0,0.0,0.0,0.0,0.0,0.0,0.0,0.0,0.0,0.0,0.0,0.0,0.0,0.0,0.0,0.0,0.0,0.0,0.0,0.0,0.0,0.0,0.0,0.0,False,False
2020-12-10,159279.75913375214,25000000.0,12500000.0,12500000.0,198.41269841269843,4.0,4.0,8.0,2.0,0.25,0.05,0.5,0.5,0.5,1.0,0.003185595182675043,0.0002,5e-05,0.00015,10000.0,3.968253968253969e-06,0.0031355951826750428,0.002985595182675043,0.002985595182675043,0.002981626928706789,31.855951826750427,0.5,1.4999999999999998,0.03968253968253969,29.81626928706789,False,True
2020-12-11,0.0,0.0,0.0,0.0,0.0,0.0,0.0,0.0,0.0,0.0,0.0,0.0,0.0,0.0,0.0,0.0,0.0,0.0,0.0,0.0,0.0,0.0,0.0,0.0,0.0,0.0,0.0,0.0,0.0,0.0,False,False
2020-12-14,93760.33424274132,25000000.0,12500000.0,12499999.999999998,198.41269841269838,4.0,4.0,8.0,3.0,0.375,0.05,0.5,0.5,0.5,1.0,0.0018752066848548262,0.0002,5e-05,0.00015,10000.0,3.968253968253967e-06,0.0018252066848548263,0.0016752066848548263,0.0016752066848548263,0.0016712384308865723,18.75206684854826,0.5,1.4999999999999998,0.03968253968253967,16.712384308865722,False,True
2020-12-15,-140561.29106977428,16077326.5381,8038663.26905,8038663.26905,193.1116778611111,4.0,4.0,8.0,4.0,0.5,0.05,0.321546530762,0.321546530762,0.321546530762,0.643093061524,-0.0028112258213954856,0.0001286186123048,3.21546530762e-05,9.64639592286e-05,6430.93061524,3.862233557222222e-06,-0.0028433804744716854,-0.0029398444337002854,-0.0029398444337002854,-0.0029437066672575074,-28.112258213954856,0.321546530762,0.9646395922859999,0.03862233557222222,-29.437066672575074,False,True
2020-12-16,59161.497625883785,25000000.0,12500000.0,12500000.0,198.41269841269838,4.0,4.0,8.0,2.0,0.25,0.05,0.5,0.5,0.5,1.0,0.0011832299525176757,0.0002,5e-05,0.00015,10000.0,3.968253968253967e-06,0.0011332299525176758,0.0009832299525176758,0.0009832299525176758,0.0009792616985494218,11.832299525176756,0.5,1.4999999999999998,0.03968253968253967,9.792616985494218,False,True
2020-12-17,0.0,0.0,0.0,0.0,0.0,0.0,0.0,0.0,0.0,0.0,0.0,0.0,0.0,0.0,0.0,0.0,0.0,0.0,0.0,0.0,0.0,0.0,0.0,0.0,0.0,0.0,0.0,0.0,0.0,0.0,False,False
2020-12-18,-302821.3109060801,14147100.06975,7073550.034874999,7073550.034875001,112.27857198214286,4.0,4.0,8.0,4.0,0.5,0.05000000000000001,0.282942001395,0.282942001395,0.282942001395,0.56588400279,-0.0060564262181216025,0.000113176800558,2.82942001395e-05,8.488260041849998e-05,5658.8400279,2.2455714396428573e-06,-0.006084720418261103,-0.006169603018679603,-0.006169603018679603,-0.006171848590119246,-60.56426218121602,0.282942001395,0.8488260041849999,0.022455714396428572,-61.71848590119246,False,True
2020-12-21,0.0,0.0,0.0,0.0,0.0,0.0,0.0,0.0,0.0,0.0,0.0,0.0,0.0,0.0,0.0,0.0,0.0,0.0,0.0,0.0,0.0,0.0,0.0,0.0,0.0,0.0,0.0,0.0,0.0,0.0,False,False
2020-12-22,0.0,0.0,0.0,0.0,0.0,0.0,0.0,0.0,0.0,0.0,0.0,0.0,0.0,0.0,0.0,0.0,0.0,0.0,0.0,0.0,0.0,0.0,0.0,0.0,0.0,0.0,0.0,0.0,0.0,0.0,False,False
2020-12-23,-53561.718097895566,10900849.64825,5450424.824125,5450424.824125,86.51467974801588,4.0,4.0,8.0,4.0,0.5,0.05000000000000001,0.21801699296500002,0.21801699296500002,0.21801699296500002,0.43603398593000003,-0.0010712343619579112,8.720679718600001e-05,2.1801699296500003e-05,6.54050978895e-05,4360.3398593,1.7302935949603175e-06,-0.0010930360612544112,-0.0011584411591439112,-0.0011584411591439112,-0.0011601714527388716,-10.712343619579112,0.21801699296500002,0.654050978895,0.017302935949603176,-11.601714527388715,False,True
2020-12-24,0.0,0.0,0.0,0.0,0.0,0.0,0.0,0.0,0.0,0.0,0.0,0.0,0.0,0.0,0.0,0.0,0.0,0.0,0.0,0.0,0.0,0.0,0.0,0.0,0.0,0.0,0.0,0.0,0.0,0.0,False,False
2020-12-28,-119051.49998210165,24999999.999999996,12499999.999999998,12500000.0,250.76748929523814,4.0,4.0,8.0,3.0,0.375,0.05,0.49999999999999994,0.49999999999999994,0.49999999999999994,0.9999999999999999,-0.002381029999642033,0.00019999999999999998,4.9999999999999996e-05,0.00014999999999999996,10000.0,5.015349785904763e-06,-0.002431029999642033,-0.002581029999642033,-0.002581029999642033,-0.002586045349427938,-23.81029999642033,0.49999999999999994,1.4999999999999996,0.05015349785904763,-25.86045349427938,False,True
2020-12-29,99196.87229932289,25000000.0,12499999.999999998,12500000.0,198.41269841269843,4.0,4.0,8.0,3.0,0.375,0.05,0.5,0.5,0.5,1.0,0.0019839374459864577,0.0002,5e-05,0.00015,10000.0,3.968253968253969e-06,0.0019339374459864578,0.0017839374459864578,0.0017839374459864578,0.0017799691920182038,19.839374459864576,0.5,1.4999999999999998,0.03968253968253969,17.79969192018204,False,True
2020-12-30,0.0,0.0,0.0,0.0,0.0,0.0,0.0,0.0,0.0,0.0,0.0,0.0,0.0,0.0,0.0,0.0,0.0,0.0,0.0,0.0,0.0,0.0,0.0,0.0,0.0,0.0,0.0,0.0,0.0,0.0,False,False
2020-12-31,182962.90158875877,25000000.0,12500000.0,12500000.0,198.41269841269843,4.0,4.0,8.0,3.0,0.375,0.05,0.5,0.5,0.5,1.0,0.0036592580317751757,0.0002,5e-05,0.00015,10000.0,3.968253968253969e-06,0.0036092580317751755,0.0034592580317751756,0.0034592580317751756,0.0034552897778069216,36.592580317751754,0.5,1.4999999999999998,0.03968253968253969,34.552897778069216,False,True
2021-01-04,-36462.86292152293,25000000.0,12500000.0,12500000.0,198.4126984126984,4.0,4.0,8.0,1.0,0.125,0.049999999999999996,0.5,0.5,0.5,1.0,-0.0007292572584304586,0.0002,5e-05,0.00015,10000.0,3.968253968253968e-06,-0.0007792572584304587,-0.0009292572584304586,-0.0009292572584304586,-0.0009332255123987126,-7.292572584304587,0.5,1.4999999999999998,0.03968253968253968,-9.332255123987126,False,True
2021-01-05,133890.88274273495,49999999.99999999,24999999.999999996,24999999.999999996,396.82539682539675,4.0,4.0,8.0,1.0,0.125,0.05000000000000001,0.9999999999999999,0.9999999999999999,0.9999999999999999,1.9999999999999998,0.002677817654854699,0.00039999999999999996,9.999999999999999e-05,0.0002999999999999999,20000.0,7.936507936507934e-06,0.002577817654854699,0.0022778176548546992,0.0022778176548546992,0.0022698811469181912,26.77817654854699,0.9999999999999999,2.999999999999999,0.07936507936507935,22.698811469181912,True,False
2021-01-06,544897.4475665917,50000000.0,25000000.0,25000000.0,644.2569271428572,4.0,4.0,8.0,2.0,0.25,0.05,1.0,1.0,1.0,2.0,0.010897948951331834,0.0004,0.0001,0.0003,20000.0,1.2885138542857143e-05,0.010797948951331834,0.010497948951331834,0.010497948951331834,0.010485063812788978,108.97948951331834,1.0,2.9999999999999996,0.12885138542857144,104.85063812788978,True,False
2021-01-07,285408.53078403394,25000000.0,12500000.0,12500000.0,198.4126984126984,4.0,4.0,8.0,0.0,0.0,0.029864493135545907,0.5,0.5,0.5,1.0,0.005708170615680679,0.0002,5e-05,0.00015,10000.0,3.968253968253968e-06,0.005658170615680679,0.005508170615680679,0.005508170615680679,0.005504202361712425,57.08170615680679,0.5,1.4999999999999998,0.03968253968253968,55.04202361712425,False,True
2021-01-08,0.0,0.0,0.0,0.0,0.0,0.0,0.0,0.0,0.0,0.0,0.0,0.0,0.0,0.0,0.0,0.0,0.0,0.0,0.0,0.0,0.0,0.0,0.0,0.0,0.0,0.0,0.0,0.0,0.0,0.0,False,False
2021-01-11,49504.98181222898,25000000.0,12500000.0,12500000.0,198.4126984126984,4.0,4.0,8.0,1.0,0.125,0.05,0.5,0.5,0.5,1.0,0.0009900996362445795,0.0002,5e-05,0.00015,10000.0,3.968253968253968e-06,0.0009400996362445795,0.0007900996362445795,0.0007900996362445795,0.0007861313822763255,9.900996362445795,0.5,1.4999999999999998,0.03968253968253968,7.861313822763255,False,True
2021-01-12,0.0,0.0,0.0,0.0,0.0,0.0,0.0,0.0,0.0,0.0,0.0,0.0,0.0,0.0,0.0,0.0,0.0,0.0,0.0,0.0,0.0,0.0,0.0,0.0,0.0,0.0,0.0,0.0,0.0,0.0,False,False
2021-01-13,176748.11586595868,50000000.0,25000000.0,25000000.0,396.8253968253968,4.0,4.0,8.0,0.0,0.0,0.034949085189927044,1.0,1.0,1.0,2.0,0.0035349623173191735,0.0004,0.0001,0.0003,20000.0,7.936507936507936e-06,0.0034349623173191737,0.003134962317319174,0.003134962317319174,0.0031270258093826658,35.34962317319174,1.0,2.9999999999999996,0.07936507936507936,31.27025809382666,True,False
2021-01-14,-347444.8145088835,50000000.0,25000000.0,25000000.0,396.82539682539687,4.0,4.0,8.0,2.0,0.25,0.05,1.0,1.0,1.0,2.0,-0.0069488962901776705,0.0004,0.0001,0.0003,20000.0,7.936507936507938e-06,-0.007048896290177671,-0.007348896290177671,-0.007348896290177671,-0.007356832798114179,-69.4889629017767,1.0,2.9999999999999996,0.07936507936507937,-73.56832798114179,True,False
2021-01-15,309993.55810252216,49999999.99999999,24999999.999999996,24999999.999999996,396.8253968253968,4.0,4.0,8.0,1.0,0.125,0.05,0.9999999999999999,0.9999999999999999,0.9999999999999999,1.9999999999999998,0.006199871162050443,0.00039999999999999996,9.999999999999999e-05,0.0002999999999999999,20000.0,7.936507936507936e-06,0.006099871162050443,0.005799871162050443,0.005799871162050443,0.005791934654113935,61.99871162050444,0.9999999999999999,2.999999999999999,0.07936507936507936,57.919346541139355,True,False
2021-01-19,112193.19790868426,25000000.0,12500000.0,12500000.0,198.4126984126984,4.0,4.0,8.0,1.0,0.125,0.049999999999999996,0.5,0.5,0.5,1.0,0.0022438639581736854,0.0002,5e-05,0.00015,10000.0,3.968253968253968e-06,0.0021938639581736852,0.0020438639581736853,0.0020438639581736853,0.0020398957042054313,22.438639581736854,0.5,1.4999999999999998,0.03968253968253968,20.398957042054313,False,True
2021-01-20,202671.58217462656,25000000.0,12500000.0,12500000.0,198.41269841269843,4.0,4.0,8.0,2.0,0.25,0.05,0.5,0.5,0.5,1.0,0.0040534316434925315,0.0002,5e-05,0.00015,10000.0,3.968253968253969e-06,0.004003431643492532,0.003853431643492532,0.003853431643492532,0.003849463389524278,40.534316434925316,0.5,1.4999999999999998,0.03968253968253969,38.49463389524278,False,True
2021-01-21,-29572.274397207402,49999999.999999985,24999999.99999999,24999999.999999996,396.82539682539675,4.0,4.0,8.0,2.0,0.25,0.05,0.9999999999999997,0.9999999999999997,0.9999999999999997,1.9999999999999993,-0.000591445487944148,0.0003999999999999999,9.999999999999998e-05,0.00029999999999999987,19999.999999999996,7.936507936507934e-06,-0.0006914454879441479,-0.0009914454879441478,-0.0009914454879441478,-0.0009993819958806559,-5.91445487944148,0.9999999999999998,2.9999999999999987,0.07936507936507935,-9.993819958806558,True,False
2021-01-22,-308373.6844187212,50000000.0,25000000.0,25000000.0,956.7204287301587,4.0,4.0,8.0,2.0,0.25,0.05000000000000001,1.0,1.0,1.0,2.0,-0.006167473688374424,0.0004,0.0001,0.0003,20000.0,1.9134408574603173e-05,-0.006267473688374424,-0.006567473688374424,-0.006567473688374424,-0.006586608096949028,-61.67473688374424,1.0,2.9999999999999996,0.19134408574603173,-65.86608096949028,True,False
2021-01-25,149174.00019536898,34660099.84,17330049.92,17330049.92,983.0548804761904,4.0,4.0,8.0,4.0,0.5,0.05000000000000001,0.6932019968,0.6932019968,0.6932019968,1.3864039936,0.00298348000390738,0.00027728079872000005,6.932019968000001e-05,0.00020796059903999999,13864.039936000003,1.966109760952381e-05,0.00291415980422738,0.00270619920518738,0.00270619920518738,0.002686538107577856,29.834800039073798,0.6932019968000002,2.0796059903999997,0.1966109760952381,26.865381075778558,False,True
2021-01-26,-315734.4589395039,50000000.0,25000000.0,25000000.0,396.82539682539687,4.0,4.0,8.0,3.0,0.375,0.05,1.0,1.0,1.0,2.0,-0.006314689178790077,0.0004,0.0001,0.0003,20000.0,7.936507936507938e-06,-0.006414689178790078,-0.006714689178790078,-0.006714689178790078,-0.006722625686726586,-63.14689178790078,1.0,2.9999999999999996,0.07936507936507937,-67.22625686726586,True,False
2021-01-27,165143.74419652042,47088629.575,23544314.7875,23544314.7875,1301.4282469444447,4.0,4.0,8.0,4.0,0.5,0.05000000000000001,0.9417725915,0.9417725915,0.9417725915,1.883545183,0.0033028748839304084,0.0003767090366,9.417725915e-05,0.00028253177745,18835.45183,2.6028564938888895e-05,0.0032086976247804083,0.002926165847330408,0.002926165847330408,0.002900137282391519,33.028748839304086,0.9417725915,2.8253177744999998,0.26028564938888893,29.00137282391519,False,True
2021-01-28,221623.60952062227,42316416.33,21158208.165,21158208.165,335.84457404761906,4.0,4.0,8.0,4.0,0.5,0.05,0.8463283266,0.8463283266,0.8463283266,1.6926566532,0.004432472190412445,0.00033853133064,8.463283266e-05,0.00025389849797999997,16926.566532,6.7168914809523814e-06,0.004347839357752445,0.004093940859772445,0.004093940859772445,0.004087223968291492,44.32472190412445,0.8463283266,2.5389849797999995,0.06716891480952382,40.87223968291492,False,True
2021-01-29,48406.93352737457,50000000.0,25000000.0,24999999.999999996,396.82539682539675,4.0,4.0,8.0,3.0,0.375,0.05,1.0,1.0,1.0,2.0,0.0009681386705474913,0.0004,0.0001,0.0003,20000.0,7.936507936507934e-06,0.0008681386705474913,0.0005681386705474914,0.0005681386705474914,0.0005602021626109835,9.681386705474914,1.0,2.9999999999999996,0.07936507936507935,5.602021626109835,True,False
2021-02-01,517590.08531214803,50000000.0,25000000.0,25000000.0,396.8253968253968,4.0,4.0,8.0,4.0,0.5,0.05,1.0,1.0,1.0,2.0,0.01035180170624296,0.0004,0.0001,0.0003,20000.0,7.936507936507936e-06,0.010251801706242961,0.009951801706242961,0.009951801706242961,0.009943865198306454,103.5180170624296,1.0,2.9999999999999996,0.07936507936507936,99.43865198306455,True,False
2021-02-02,177983.42786717025,44002835.94545001,22001417.972725004,22001417.972725004,349.2288567099207,4.0,4.0,8.0,4.0,0.5,0.05000000000000001,0.8800567189090002,0.8800567189090002,0.8800567189090002,1.7601134378180003,0.003559668557343405,0.0003520226875636001,8.800567189090002e-05,0.0002640170156727,17601.134378180006,6.984577134198414e-06,0.003471662885452505,0.003207645869779805,0.003207645869779805,0.0032006612926456066,35.59668557343405,0.8800567189090002,2.640170156727,0.06984577134198415,32.006612926456064,False,True
2021-02-03,9382.970848458172,50000000.0,25000000.0,25000000.0,396.82539682539687,4.0,4.0,8.0,3.0,0.375,0.05000000000000001,1.0,1.0,1.0,2.0,0.00018765941696916342,0.0004,0.0001,0.0003,20000.0,7.936507936507938e-06,8.765941696916342e-05,-0.00021234058303083654,-0.00021234058303083654,-0.00022027709096734448,1.8765941696916342,1.0,2.9999999999999996,0.07936507936507937,-2.2027709096734447,True,False
2021-02-04,370478.2722951108,50000000.0,25000000.0,25000000.0,396.82539682539687,4.0,4.0,8.0,3.0,0.375,0.05,1.0,1.0,1.0,2.0,0.007409565445902216,0.0004,0.0001,0.0003,20000.0,7.936507936507938e-06,0.007309565445902216,0.007009565445902216,0.007009565445902216,0.007001628937965708,74.09565445902216,1.0,2.9999999999999996,0.07936507936507937,70.01628937965708,True,False
2021-02-05,152428.05674264272,41570512.18282901,20785256.091414504,20785256.091414504,329.92469986372225,4.0,4.0,8.0,4.0,0.5,0.05,0.8314102436565801,0.8314102436565801,0.8314102436565801,1.6628204873131602,0.003048561134852854,0.0003325640974626321,8.314102436565802e-05,0.00024942307309697403,16628.204873131603,6.598493997274445e-06,0.002965420110487196,0.002715997037390222,0.002715997037390222,0.0027093985433929474,30.48561134852854,0.8314102436565802,2.4942307309697402,0.06598493997274445,27.093985433929475,False,True
2021-02-08,-783004.9198645875,50000000.0,25000000.0,25000000.0,396.82539682539687,4.0,4.0,8.0,3.0,0.375,0.05,1.0,1.0,1.0,2.0,-0.01566009839729175,0.0004,0.0001,0.0003,20000.0,7.936507936507938e-06,-0.01576009839729175,-0.01606009839729175,-0.01606009839729175,-0.01606803490522826,-156.60098397291748,1.0,2.9999999999999996,0.07936507936507937,-160.6803490522826,True,False
2021-02-09,2421.357976813015,50000000.0,25000000.0,25000000.0,396.8253968253968,4.0,4.0,8.0,3.0,0.375,0.05,1.0,1.0,1.0,2.0,4.84271595362603e-05,0.0004,0.0001,0.0003,20000.0,7.936507936507936e-06,-5.157284046373971e-05,-0.0003515728404637397,-0.0003515728404637397,-0.00035950934840024766,0.48427159536260295,1.0,2.9999999999999996,0.07936507936507936,-3.5950934840024766,True,False
2021-02-10,-84630.12606942563,42175526.44922501,21087763.2246125,21087763.224612504,334.7264003906747,4.0,4.0,8.0,4.0,0.5,0.05,0.8435105289845002,0.8435105289845002,0.8435105289845002,1.6870210579690004,-0.0016926025213885127,0.00033740421159380007,8.435105289845002e-05,0.00025305315869535004,16870.210579690003,6.694528007813494e-06,-0.0017769535742869628,-0.002030006732982313,-0.002030006732982313,-0.0020367012609901263,-16.926025213885126,0.8435105289845002,2.5305315869535003,0.06694528007813494,-20.367012609901263,False,True
2021-02-11,-78307.57272405966,50000000.0,25000000.0,25000000.0,396.82539682539687,4.0,4.0,8.0,4.0,0.5,0.05,1.0,1.0,1.0,2.0,-0.0015661514544811931,0.0004,0.0001,0.0003,20000.0,7.936507936507938e-06,-0.0016661514544811932,-0.0019661514544811933,-0.0019661514544811933,-0.0019740879624177013,-15.661514544811931,1.0,2.9999999999999996,0.07936507936507937,-19.740879624177012,True,False
2021-02-12,369796.4404842111,50000000.0,25000000.0,25000000.0,396.8253968253968,4.0,4.0,8.0,2.0,0.25,0.05,1.0,1.0,1.0,2.0,0.007395928809684222,0.0004,0.0001,0.0003,20000.0,7.936507936507936e-06,0.007295928809684222,0.006995928809684222,0.006995928809684222,0.006987992301747714,73.95928809684222,1.0,2.9999999999999996,0.07936507936507936,69.87992301747714,True,False
2021-02-16,30096.847150966005,50000000.0,25000000.0,25000000.0,396.82539682539687,4.0,4.0,8.0,1.0,0.125,0.05000000000000001,1.0,1.0,1.0,2.0,0.0006019369430193201,0.0004,0.0001,0.0003,20000.0,7.936507936507938e-06,0.0005019369430193201,0.00020193694301932013,0.00020193694301932013,0.0001940004350828122,6.019369430193201,1.0,2.9999999999999996,0.07936507936507937,1.940004350828122,True,False
2021-02-17,-107303.00959580655,50000000.0,25000000.0,25000000.0,396.82539682539687,4.0,4.0,8.0,3.0,0.375,0.05,1.0,1.0,1.0,2.0,-0.002146060191916131,0.0004,0.0001,0.0003,20000.0,7.936507936507938e-06,-0.002246060191916131,-0.0025460601919161307,-0.0025460601919161307,-0.0025539966998526387,-21.46060191916131,1.0,2.9999999999999996,0.07936507936507937,-25.53996699852639,True,False
2021-02-18,509044.8374841088,50000000.0,25000000.0,24999999.999999996,396.8253968253968,4.0,4.0,8.0,1.0,0.125,0.05,1.0,1.0,1.0,2.0,0.010180896749682176,0.0004,0.0001,0.0003,20000.0,7.936507936507936e-06,0.010080896749682176,0.009780896749682176,0.009780896749682176,0.00977296024174567,101.80896749682175,1.0,2.9999999999999996,0.07936507936507936,97.72960241745669,True,False
2021-02-19,180888.13469719538,50000000.0,25000000.0,25000000.0,396.8253968253968,4.0,4.0,8.0,1.0,0.125,0.05,1.0,1.0,1.0,2.0,0.0036177626939439076,0.0004,0.0001,0.0003,20000.0,7.936507936507936e-06,0.0035177626939439078,0.003217762693943908,0.003217762693943908,0.0032098261860074,36.17762693943908,1.0,2.9999999999999996,0.07936507936507936,32.098261860074,True,False
2021-02-22,-375178.8764178221,50000000.0,25000000.0,25000000.0,396.82539682539687,4.0,4.0,8.0,1.0,0.125,0.05,1.0,1.0,1.0,2.0,-0.007503577528356442,0.0004,0.0001,0.0003,20000.0,7.936507936507938e-06,-0.007603577528356442,-0.007903577528356442,-0.007903577528356442,-0.00791151403629295,-75.03577528356442,1.0,2.9999999999999996,0.07936507936507937,-79.1151403629295,True,False
2021-02-23,259519.70793388927,49999999.99999999,24999999.999999996,24999999.999999996,396.8253968253968,4.0,4.0,8.0,1.0,0.125,0.05,0.9999999999999999,0.9999999999999999,0.9999999999999999,1.9999999999999998,0.005190394158677785,0.00039999999999999996,9.999999999999999e-05,0.0002999999999999999,20000.0,7.936507936507936e-06,0.005090394158677785,0.004790394158677785,0.004790394158677785,0.004782457650741277,51.903941586777854,0.9999999999999999,2.999999999999999,0.07936507936507936,47.82457650741277,True,False
2021-02-24,130226.03308183671,50000000.0,25000000.0,25000000.0,396.8253968253968,4.0,4.0,8.0,1.0,0.125,0.049999999999999996,1.0,1.0,1.0,2.0,0.002604520661636734,0.0004,0.0001,0.0003,20000.0,7.936507936507936e-06,0.002504520661636734,0.0022045206616367343,0.0022045206616367343,0.0021965841537002263,26.04520661636734,1.0,2.9999999999999996,0.07936507936507936,21.965841537002262,True,False
2021-02-25,-314540.4513214793,50000000.0,25000000.0,25000000.0,396.8253968253968,4.0,4.0,8.0,1.0,0.125,0.05,1.0,1.0,1.0,2.0,-0.006290809026429586,0.0004,0.0001,0.0003,20000.0,7.936507936507936e-06,-0.006390809026429586,-0.006690809026429586,-0.006690809026429586,-0.006698745534366094,-62.90809026429586,1.0,2.9999999999999996,0.07936507936507936,-66.98745534366094,True,False
2021-02-26,397784.5186496851,50000000.0,25000000.0,25000000.0,396.82539682539687,4.0,4.0,8.0,2.0,0.25,0.05,1.0,1.0,1.0,2.0,0.007955690372993702,0.0004,0.0001,0.0003,20000.0,7.936507936507938e-06,0.007855690372993702,0.007555690372993702,0.007555690372993702,0.007547753865057194,79.55690372993702,1.0,2.9999999999999996,0.07936507936507937,75.47753865057194,True,False
2021-03-01,79743.7459263569,50000000.0,25000000.0,25000000.0,396.8253968253968,4.0,4.0,8.0,1.0,0.125,0.05,1.0,1.0,1.0,2.0,0.001594874918527138,0.0004,0.0001,0.0003,20000.0,7.936507936507936e-06,0.001494874918527138,0.001194874918527138,0.001194874918527138,0.00118693841059063,15.94874918527138,1.0,2.9999999999999996,0.07936507936507936,11.8693841059063,True,False
2021-03-02,215074.12379603804,50000000.0,25000000.0,25000000.0,396.82539682539687,4.0,4.0,8.0,2.0,0.25,0.05,1.0,1.0,1.0,2.0,0.004301482475920761,0.0004,0.0001,0.0003,20000.0,7.936507936507938e-06,0.004201482475920761,0.0039014824759207607,0.0039014824759207607,0.0038935459679842526,43.014824759207606,1.0,2.9999999999999996,0.07936507936507937,38.93545967984252,True,False
2021-03-03,202001.89993151848,50000000.0,25000000.0,25000000.0,396.8253968253968,4.0,4.0,8.0,0.0,0.0,0.03681347828402249,1.0,1.0,1.0,2.0,0.004040037998630369,0.0004,0.0001,0.0003,20000.0,7.936507936507936e-06,0.003940037998630369,0.003640037998630369,0.003640037998630369,0.003632101490693861,40.40037998630369,1.0,2.9999999999999996,0.07936507936507936,36.32101490693861,True,False
2021-03-04,391947.5316927935,50000000.0,25000000.0,25000000.0,396.8253968253968,4.0,4.0,8.0,3.0,0.375,0.05,1.0,1.0,1.0,2.0,0.00783895063385587,0.0004,0.0001,0.0003,20000.0,7.936507936507936e-06,0.007738950633855869,0.007438950633855869,0.007438950633855869,0.007431014125919361,78.38950633855869,1.0,2.9999999999999996,0.07936507936507936,74.31014125919361,True,False
2021-03-05,337122.03974594356,50000000.0,25000000.0,25000000.0,396.8253968253968,4.0,4.0,8.0,1.0,0.125,0.05,1.0,1.0,1.0,2.0,0.006742440794918871,0.0004,0.0001,0.0003,20000.0,7.936507936507936e-06,0.006642440794918871,0.006342440794918871,0.006342440794918871,0.006334504286982363,67.4244079491887,1.0,2.9999999999999996,0.07936507936507936,63.34504286982363,True,False
2021-03-08,548444.8465620627,50000000.0,25000000.0,25000000.0,396.8253968253968,4.0,4.0,8.0,2.0,0.25,0.05,1.0,1.0,1.0,2.0,0.010968896931241255,0.0004,0.0001,0.0003,20000.0,7.936507936507936e-06,0.010868896931241255,0.010568896931241255,0.010568896931241255,0.010560960423304748,109.68896931241255,1.0,2.9999999999999996,0.07936507936507936,105.60960423304748,True,False
2021-03-09,482793.45511640917,50000000.0,25000000.0,25000000.0,396.8253968253968,4.0,4.0,8.0,1.0,0.125,0.05,1.0,1.0,1.0,2.0,0.009655869102328183,0.0004,0.0001,0.0003,20000.0,7.936507936507936e-06,0.009555869102328184,0.009255869102328184,0.009255869102328184,0.009247932594391677,96.55869102328184,1.0,2.9999999999999996,0.07936507936507936,92.47932594391676,True,False
2021-03-10,402847.9240090976,50000000.0,25000000.0,25000000.0,396.8253968253968,4.0,4.0,8.0,0.0,0.0,0.03367662672353635,1.0,1.0,1.0,2.0,0.008056958480181953,0.0004,0.0001,0.0003,20000.0,7.936507936507936e-06,0.007956958480181953,0.007656958480181953,0.007656958480181953,0.007649021972245445,80.56958480181953,1.0,2.9999999999999996,0.07936507936507936,76.49021972245446,True,False
2021-03-11,-450078.0137124759,50000000.0,25000000.0,25000000.0,396.8253968253968,4.0,4.0,8.0,0.0,0.0,0.024807686734053917,1.0,1.0,1.0,2.0,-0.009001560274249518,0.0004,0.0001,0.0003,20000.0,7.936507936507936e-06,-0.009101560274249517,-0.009401560274249517,-0.009401560274249517,-0.009409496782186024,-90.01560274249518,1.0,2.9999999999999996,0.07936507936507936,-94.09496782186024,True,False
2021-03-12,-32817.48092226339,50000000.0,25000000.0,25000000.0,396.8253968253968,4.0,4.0,8.0,0.0,0.0,0.02973545102852965,1.0,1.0,1.0,2.0,-0.0006563496184452678,0.0004,0.0001,0.0003,20000.0,7.936507936507936e-06,-0.0007563496184452679,-0.001056349618445268,-0.001056349618445268,-0.001064286126381776,-6.563496184452679,1.0,2.9999999999999996,0.07936507936507936,-10.642861263817759,True,False
2021-03-15,151153.52102403127,50000000.0,25000000.0,25000000.0,396.8253968253968,4.0,4.0,8.0,0.0,0.0,0.032411613712208305,1.0,1.0,1.0,2.0,0.0030230704204806257,0.0004,0.0001,0.0003,20000.0,7.936507936507936e-06,0.002923070420480626,0.002623070420480626,0.002623070420480626,0.002615133912544118,30.23070420480626,1.0,2.9999999999999996,0.07936507936507936,26.15133912544118,True,False
2021-03-16,-605609.3088251745,50000000.0,25000000.0,25000000.0,396.8253968253968,4.0,4.0,8.0,0.0,0.0,0.030224290121620367,1.0,1.0,1.0,2.0,-0.01211218617650349,0.0004,0.0001,0.0003,20000.0,7.936507936507936e-06,-0.012212186176503489,-0.012512186176503489,-0.012512186176503489,-0.012520122684439996,-121.1218617650349,1.0,2.9999999999999996,0.07936507936507936,-125.20122684439995,True,False
2021-03-17,-256148.5523665266,50000000.0,25000000.0,25000000.0,396.8253968253968,4.0,4.0,8.0,0.0,0.0,0.039610009103267355,1.0,1.0,1.0,2.0,-0.0051229710473305315,0.0004,0.0001,0.0003,20000.0,7.936507936507936e-06,-0.005222971047330532,-0.005522971047330532,-0.005522971047330532,-0.00553090755526704,-51.22971047330532,1.0,2.9999999999999996,0.07936507936507936,-55.30907555267039,True,False
2021-03-18,76361.39706918912,50000000.0,25000000.0,25000000.0,396.8253968253968,4.0,4.0,8.0,0.0,0.0,0.0248372515447467,1.0,1.0,1.0,2.0,0.0015272279413837823,0.0004,0.0001,0.0003,20000.0,7.936507936507936e-06,0.0014272279413837822,0.0011272279413837823,0.0011272279413837823,0.0011192914334472743,15.272279413837822,1.0,2.9999999999999996,0.07936507936507936,11.192914334472743,True,False
2021-03-19,50437.731452202446,50000000.0,25000000.0,25000000.0,396.8253968253968,4.0,4.0,8.0,1.0,0.125,0.05,1.0,1.0,1.0,2.0,0.001008754629044049,0.0004,0.0001,0.0003,20000.0,7.936507936507936e-06,0.000908754629044049,0.000608754629044049,0.000608754629044049,0.0006008181211075411,10.08754629044049,1.0,2.9999999999999996,0.07936507936507936,6.008181211075411,True,False
2021-03-22,-139773.86910424085,50000000.0,25000000.0,25000000.0,396.8253968253968,4.0,4.0,8.0,1.0,0.125,0.05,1.0,1.0,1.0,2.0,-0.002795477382084817,0.0004,0.0001,0.0003,20000.0,7.936507936507936e-06,-0.002895477382084817,-0.003195477382084817,-0.003195477382084817,-0.003203413890021325,-27.95477382084817,1.0,2.9999999999999996,0.07936507936507936,-32.03413890021325,True,False
2021-03-23,-123922.73804319039,50000000.0,25000000.0,25000000.0,396.8253968253968,4.0,4.0,8.0,0.0,0.0,0.027169681737654133,1.0,1.0,1.0,2.0,-0.002478454760863808,0.0004,0.0001,0.0003,20000.0,7.936507936507936e-06,-0.0025784547608638077,-0.0028784547608638076,-0.0028784547608638076,-0.0028863912688003156,-24.78454760863808,1.0,2.9999999999999996,0.07936507936507936,-28.863912688003158,True,False
2021-03-24,-637252.3733987084,50000000.0,25000000.0,25000000.0,396.8253968253968,4.0,4.0,8.0,1.0,0.125,0.05,1.0,1.0,1.0,2.0,-0.012745047467974169,0.0004,0.0001,0.0003,20000.0,7.936507936507936e-06,-0.012845047467974168,-0.013145047467974168,-0.013145047467974168,-0.013152983975910675,-127.45047467974169,1.0,2.9999999999999996,0.07936507936507936,-131.52983975910675,True,False
2021-03-25,16800.047167821824,50000000.0,25000000.0,25000000.0,396.8253968253968,4.0,4.0,8.0,1.0,0.125,0.05,1.0,1.0,1.0,2.0,0.00033600094335643646,0.0004,0.0001,0.0003,20000.0,7.936507936507936e-06,0.00023600094335643647,-6.39990566435635e-05,-6.39990566435635e-05,-7.193556458007144e-05,3.3600094335643647,1.0,2.9999999999999996,0.07936507936507936,-0.7193556458007143,True,False
2021-03-26,-2696.979122680801,50000000.0,25000000.0,25000000.0,396.8253968253968,4.0,4.0,8.0,0.0,0.0,0.04188050669108907,1.0,1.0,1.0,2.0,-5.3939582453616025e-05,0.0004,0.0001,0.0003,20000.0,7.936507936507936e-06,-0.00015393958245361604,-0.00045393958245361604,-0.00045393958245361604,-0.000461876090390124,-0.5393958245361602,1.0,2.9999999999999996,0.07936507936507936,-4.61876090390124,True,False
2021-03-29,137564.112140498,50000000.0,25000000.0,25000000.0,396.8253968253968,4.0,4.0,8.0,0.0,0.0,0.027521133659626284,1.0,1.0,1.0,2.0,0.0027512822428099604,0.0004,0.0001,0.0003,20000.0,7.936507936507936e-06,0.0026512822428099605,0.0023512822428099606,0.0023512822428099606,0.0023433457348734526,27.512822428099604,1.0,2.9999999999999996,0.07936507936507936,23.433457348734525,True,False
2021-03-30,424929.62146550504,50000000.0,25000000.0,25000000.0,396.8253968253968,4.0,4.0,8.0,0.0,0.0,0.04538316449047693,1.0,1.0,1.0,2.0,0.0084985924293101,0.0004,0.0001,0.0003,20000.0,7.936507936507936e-06,0.008398592429310101,0.008098592429310101,0.008098592429310101,0.008090655921373594,84.98592429310101,1.0,2.9999999999999996,0.07936507936507936,80.90655921373595,True,False
2021-03-31,203301.92353428237,50000000.0,25000000.0,25000000.0,396.82539682539675,4.0,4.0,8.0,3.0,0.375,0.05000000000000001,1.0,1.0,1.0,2.0,0.004066038470685648,0.0004,0.0001,0.0003,20000.0,7.936507936507934e-06,0.003966038470685647,0.0036660384706856475,0.0036660384706856475,0.0036581019627491395,40.660384706856476,1.0,2.9999999999999996,0.07936507936507935,36.58101962749139,True,False
2021-04-01,273555.05009886494,50000000.0,25000000.0,25000000.0,396.8253968253968,4.0,4.0,8.0,0.0,0.0,0.04241440028038945,1.0,1.0,1.0,2.0,0.0054711010019772984,0.0004,0.0001,0.0003,20000.0,7.936507936507936e-06,0.005371101001977298,0.005071101001977298,0.005071101001977298,0.00506316449404079,54.711010019772985,1.0,2.9999999999999996,0.07936507936507936,50.6316449404079,True,False
2021-04-05,36202.11247993727,50000000.0,25000000.0,25000000.0,396.8253968253968,4.0,4.0,8.0,1.0,0.125,0.05,1.0,1.0,1.0,2.0,0.0007240422495987454,0.0004,0.0001,0.0003,20000.0,7.936507936507936e-06,0.0006240422495987453,0.00032404224959874534,0.00032404224959874534,0.0003161057416622374,7.2404224959874535,1.0,2.9999999999999996,0.07936507936507936,3.161057416622374,True,False
2021-04-06,2615.5234968606965,50000000.0,25000000.0,25000000.0,396.8253968253968,4.0,4.0,8.0,0.0,0.0,0.032862906678213816,1.0,1.0,1.0,2.0,5.231046993721393e-05,0.0004,0.0001,0.0003,20000.0,7.936507936507936e-06,-4.768953006278607e-05,-0.0003476895300627861,-0.0003476895300627861,-0.00035562603799929403,0.5231046993721393,1.0,2.9999999999999996,0.07936507936507936,-3.55626037999294,True,False
2021-04-07,244887.55675069542,50000000.0,25000000.0,25000000.0,396.8253968253968,4.0,4.0,8.0,0.0,0.0,0.04599651828140561,1.0,1.0,1.0,2.0,0.004897751135013909,0.0004,0.0001,0.0003,20000.0,7.936507936507936e-06,0.004797751135013908,0.004497751135013908,0.004497751135013908,0.0044898146270774,48.97751135013909,1.0,2.9999999999999996,0.07936507936507936,44.898146270774006,True,False
2021-04-08,-135432.04855452906,50000000.0,25000000.0,25000000.0,396.8253968253968,4.0,4.0,8.0,0.0,0.0,0.02295037097176094,1.0,1.0,1.0,2.0,-0.0027086409710905812,0.0004,0.0001,0.0003,20000.0,7.936507936507936e-06,-0.002808640971090581,-0.003108640971090581,-0.003108640971090581,-0.003116577479027089,-27.086409710905812,1.0,2.9999999999999996,0.07936507936507936,-31.16577479027089,True,False
2021-04-09,-99704.62138584588,50000000.0,25000000.0,25000000.0,396.8253968253968,4.0,4.0,8.0,1.0,0.125,0.05,1.0,1.0,1.0,2.0,-0.0019940924277169177,0.0004,0.0001,0.0003,20000.0,7.936507936507936e-06,-0.0020940924277169175,-0.0023940924277169174,-0.0023940924277169174,-0.0024020289356534255,-19.940924277169177,1.0,2.9999999999999996,0.07936507936507936,-24.020289356534256,True,False
2021-04-12,-1512.940003205178,50000000.0,25000000.0,25000000.0,396.8253968253968,4.0,4.0,8.0,2.0,0.25,0.05000000000000001,1.0,1.0,1.0,2.0,-3.025880006410356e-05,0.0004,0.0001,0.0003,20000.0,7.936507936507936e-06,-0.00013025880006410358,-0.00043025880006410355,-0.00043025880006410355,-0.0004381953080006115,-0.3025880006410356,1.0,2.9999999999999996,0.07936507936507936,-4.381953080006115,True,False
2021-04-13,178097.6142598863,49999999.99999999,24999999.999999996,25000000.0,396.8253968253968,4.0,4.0,8.0,3.0,0.375,0.05,0.9999999999999999,0.9999999999999999,0.9999999999999999,1.9999999999999998,0.003561952285197726,0.00039999999999999996,9.999999999999999e-05,0.0002999999999999999,20000.0,7.936507936507936e-06,0.003461952285197726,0.003161952285197726,0.003161952285197726,0.003154015777261218,35.61952285197726,0.9999999999999999,2.999999999999999,0.07936507936507936,31.54015777261218,True,False
2021-04-14,367494.9905013283,50000000.0,25000000.0,25000000.0,396.8253968253968,4.0,4.0,8.0,0.0,0.0,0.04332390468379405,1.0,1.0,1.0,2.0,0.007349899810026567,0.0004,0.0001,0.0003,20000.0,7.936507936507936e-06,0.007249899810026566,0.0069498998100265665,0.0069498998100265665,0.0069419633020900585,73.49899810026567,1.0,2.9999999999999996,0.07936507936507936,69.41963302090059,True,False
2021-04-15,-167295.48759582563,49999999.99999999,24999999.999999996,25000000.0,396.82539682539687,4.0,4.0,8.0,1.0,0.125,0.05,0.9999999999999999,0.9999999999999999,0.9999999999999999,1.9999999999999998,-0.0033459097519165128,0.00039999999999999996,9.999999999999999e-05,0.0002999999999999999,20000.0,7.936507936507938e-06,-0.0034459097519165126,-0.0037459097519165125,-0.0037459097519165125,-0.0037538462598530205,-33.45909751916513,0.9999999999999999,2.999999999999999,0.07936507936507937,-37.5384625985302,True,False
2021-04-16,-271483.3861287942,49999999.99999999,24999999.999999996,24999999.999999996,396.82539682539675,4.0,4.0,8.0,1.0,0.125,0.049999999999999996,0.9999999999999999,0.9999999999999999,0.9999999999999999,1.9999999999999998,-0.0054296677225758845,0.00039999999999999996,9.999999999999999e-05,0.0002999999999999999,20000.0,7.936507936507934e-06,-0.005529667722575885,-0.005829667722575885,-0.005829667722575885,-0.005837604230512393,-54.29667722575885,0.9999999999999999,2.999999999999999,0.07936507936507935,-58.376042305123924,True,False
2021-04-19,-165347.55704955762,50000000.0,25000000.0,25000000.0,396.8253968253968,4.0,4.0,8.0,2.0,0.25,0.05000000000000001,1.0,1.0,1.0,2.0,-0.0033069511409911526,0.0004,0.0001,0.0003,20000.0,7.936507936507936e-06,-0.0034069511409911524,-0.0037069511409911523,-0.0037069511409911523,-0.0037148876489276604,-33.06951140991153,1.0,2.9999999999999996,0.07936507936507936,-37.1488764892766,True,False
2021-04-20,-164537.22246152186,50000000.0,25000000.0,25000000.0,396.8253968253968,4.0,4.0,8.0,4.0,0.5,0.05,1.0,1.0,1.0,2.0,-0.003290744449230437,0.0004,0.0001,0.0003,20000.0,7.936507936507936e-06,-0.003390744449230437,-0.003690744449230437,-0.003690744449230437,-0.003698680957166945,-32.90744449230437,1.0,2.9999999999999996,0.07936507936507936,-36.98680957166945,True,False
2021-04-21,-74136.00126388724,50000000.0,25000000.0,25000000.0,396.82539682539687,4.0,4.0,8.0,5.0,0.625,0.05,1.0,1.0,1.0,2.0,-0.0014827200252777448,0.0004,0.0001,0.0003,20000.0,7.936507936507938e-06,-0.0015827200252777449,-0.0018827200252777448,-0.0018827200252777448,-0.0018906565332142528,-14.827200252777448,1.0,2.9999999999999996,0.07936507936507937,-18.906565332142527,True,False
2021-04-22,3268.887540767557,50000000.0,24999999.999999996,24999999.999999996,396.82539682539675,4.0,4.0,8.0,2.0,0.25,0.05,1.0,1.0,1.0,2.0,6.537775081535114e-05,0.0004,0.0001,0.0003,20000.0,7.936507936507934e-06,-3.462224918464886e-05,-0.00033462224918464885,-0.00033462224918464885,-0.0003425587571211568,0.6537775081535114,1.0,2.9999999999999996,0.07936507936507935,-3.425587571211568,True,False
2021-04-23,197776.96648095374,50000000.0,25000000.0,25000000.0,396.8253968253968,4.0,4.0,8.0,1.0,0.125,0.05,1.0,1.0,1.0,2.0,0.003955539329619074,0.0004,0.0001,0.0003,20000.0,7.936507936507936e-06,0.0038555393296190745,0.0035555393296190746,0.0035555393296190746,0.0035476028216825666,39.55539329619074,1.0,2.9999999999999996,0.07936507936507936,35.47602821682567,True,False
2021-04-26,-107718.61330218468,50000000.0,25000000.0,25000000.0,396.82539682539687,4.0,4.0,8.0,1.0,0.125,0.05,1.0,1.0,1.0,2.0,-0.0021543722660436935,0.0004,0.0001,0.0003,20000.0,7.936507936507938e-06,-0.0022543722660436933,-0.0025543722660436932,-0.0025543722660436932,-0.0025623087739802012,-21.543722660436934,1.0,2.9999999999999996,0.07936507936507937,-25.623087739802013,True,False
2021-04-27,-144109.27187273034,50000000.0,25000000.0,25000000.0,396.82539682539687,3.0,3.0,6.0,1.0,0.16666666666666666,0.05,1.0,1.0,1.0,2.0,-0.002882185437454607,0.0004,0.0001,0.0003,20000.0,7.936507936507938e-06,-0.002982185437454607,-0.003282185437454607,-0.003282185437454607,-0.003290121945391115,-28.82185437454607,1.0,2.9999999999999996,0.07936507936507937,-32.901219453911146,True,False
2021-04-28,365132.1836081004,50000000.0,25000000.0,25000000.0,396.8253968253968,3.0,3.0,6.0,1.0,0.16666666666666666,0.05,1.0,1.0,1.0,2.0,0.007302643672162008,0.0004,0.0001,0.0003,20000.0,7.936507936507936e-06,0.007202643672162007,0.0069026436721620075,0.0069026436721620075,0.0068947071642254994,73.02643672162007,1.0,2.9999999999999996,0.07936507936507936,68.947071642255,True,False
2021-04-29,-256332.34196854808,49999999.99999999,24999999.999999996,24999999.999999996,396.82539682539675,4.0,4.0,8.0,1.0,0.125,0.05,0.9999999999999999,0.9999999999999999,0.9999999999999999,1.9999999999999998,-0.005126646839370962,0.00039999999999999996,9.999999999999999e-05,0.0002999999999999999,20000.0,7.936507936507934e-06,-0.005226646839370962,-0.005526646839370962,-0.005526646839370962,-0.00553458334730747,-51.26646839370962,0.9999999999999999,2.999999999999999,0.07936507936507935,-55.3458334730747,True,False
2021-04-30,-4842.865926962281,50000000.0,25000000.0,25000000.0,396.8253968253968,4.0,4.0,8.0,1.0,0.125,0.05,1.0,1.0,1.0,2.0,-9.685731853924562e-05,0.0004,0.0001,0.0003,20000.0,7.936507936507936e-06,-0.00019685731853924564,-0.0004968573185392456,-0.0004968573185392456,-0.0005047938264757535,-0.9685731853924563,1.0,2.9999999999999996,0.07936507936507936,-5.047938264757535,True,False
2021-05-03,-129218.90197338186,50000000.0,25000000.0,25000000.0,396.8253968253968,4.0,4.0,8.0,2.0,0.25,0.05,1.0,1.0,1.0,2.0,-0.002584378039467637,0.0004,0.0001,0.0003,20000.0,7.936507936507936e-06,-0.002684378039467637,-0.002984378039467637,-0.002984378039467637,-0.002992314547404145,-25.843780394676372,1.0,2.9999999999999996,0.07936507936507936,-29.923145474041448,True,False
2021-05-04,89423.03792168749,49999999.99999999,24999999.999999996,24999999.999999996,396.82539682539687,3.0,3.0,6.0,1.0,0.16666666666666666,0.05,0.9999999999999999,0.9999999999999999,0.9999999999999999,1.9999999999999998,0.0017884607584337498,0.00039999999999999996,9.999999999999999e-05,0.0002999999999999999,20000.0,7.936507936507938e-06,0.0016884607584337497,0.0013884607584337498,0.0013884607584337498,0.0013805242504972418,17.8846075843375,0.9999999999999999,2.999999999999999,0.07936507936507937,13.805242504972417,True,False
2021-05-05,115789.5266570909,50000000.0,25000000.0,25000000.0,396.82539682539687,3.0,3.0,6.0,1.0,0.16666666666666666,0.05,1.0,1.0,1.0,2.0,0.002315790533141818,0.0004,0.0001,0.0003,20000.0,7.936507936507938e-06,0.002215790533141818,0.0019157905331418181,0.0019157905331418181,0.0019078540252053101,23.157905331418178,1.0,2.9999999999999996,0.07936507936507937,19.078540252053102,True,False
2021-05-06,482854.2960976963,50000000.0,25000000.0,25000000.0,396.8253968253968,4.0,4.0,8.0,4.0,0.5,0.05,1.0,1.0,1.0,2.0,0.009657085921953926,0.0004,0.0001,0.0003,20000.0,7.936507936507936e-06,0.009557085921953926,0.009257085921953926,0.009257085921953926,0.00924914941401742,96.57085921953926,1.0,2.9999999999999996,0.07936507936507936,92.4914941401742,True,False
2021-05-07,-67364.60900949176,50000000.0,25000000.0,25000000.0,396.8253968253968,4.0,4.0,8.0,0.0,0.0,0.031320751067242324,1.0,1.0,1.0,2.0,-0.0013472921801898352,0.0004,0.0001,0.0003,20000.0,7.936507936507936e-06,-0.0014472921801898353,-0.0017472921801898352,-0.0017472921801898352,-0.0017552286881263432,-13.472921801898352,1.0,2.9999999999999996,0.07936507936507936,-17.55228688126343,True,False
2021-05-10,-789122.9012367727,50000000.0,25000000.0,25000000.0,396.82539682539687,4.0,4.0,8.0,2.0,0.25,0.05,1.0,1.0,1.0,2.0,-0.015782458024735452,0.0004,0.0001,0.0003,20000.0,7.936507936507938e-06,-0.015882458024735452,-0.016182458024735454,-0.016182458024735454,-0.016190394532671962,-157.82458024735453,1.0,2.9999999999999996,0.07936507936507937,-161.90394532671962,True,False
2021-05-11,-171699.36391880477,50000000.0,25000000.0,25000000.0,396.82539682539687,4.0,4.0,8.0,4.0,0.5,0.05,1.0,1.0,1.0,2.0,-0.0034339872783760955,0.0004,0.0001,0.0003,20000.0,7.936507936507938e-06,-0.0035339872783760953,-0.0038339872783760953,-0.0038339872783760953,-0.0038419237863126033,-34.33987278376095,1.0,2.9999999999999996,0.07936507936507937,-38.419237863126035,True,False
2021-05-12,-113001.01015114071,50000000.0,25000000.0,25000000.0,396.8253968253968,4.0,4.0,8.0,4.0,0.5,0.05000000000000001,1.0,1.0,1.0,2.0,-0.0022600202030228144,0.0004,0.0001,0.0003,20000.0,7.936507936507936e-06,-0.0023600202030228143,-0.002660020203022814,-0.002660020203022814,-0.002667956710959322,-22.600202030228143,1.0,2.9999999999999996,0.07936507936507936,-26.679567109593222,True,False
2021-05-13,73733.7668469916,49999999.99999999,24999999.999999993,25000000.0,396.8253968253968,4.0,4.0,8.0,2.0,0.25,0.05,0.9999999999999999,0.9999999999999999,0.9999999999999999,1.9999999999999998,0.0014746753369398319,0.00039999999999999996,9.999999999999999e-05,0.0002999999999999999,20000.0,7.936507936507936e-06,0.0013746753369398318,0.001074675336939832,0.001074675336939832,0.001066738829003324,14.746753369398318,0.9999999999999999,2.999999999999999,0.07936507936507936,10.667388290033239,True,False
2021-05-14,-205938.08839301055,50000000.0,25000000.0,25000000.0,396.8253968253968,4.0,4.0,8.0,3.0,0.375,0.05000000000000001,1.0,1.0,1.0,2.0,-0.004118761767860211,0.0004,0.0001,0.0003,20000.0,7.936507936507936e-06,-0.004218761767860211,-0.004518761767860211,-0.004518761767860211,-0.004526698275796719,-41.18761767860211,1.0,2.9999999999999996,0.07936507936507936,-45.266982757967185,True,False
2021-05-17,130563.91416824714,49999999.999999985,24999999.999999993,24999999.99999999,396.8253968253967,4.0,4.0,8.0,3.0,0.375,0.05,0.9999999999999997,0.9999999999999997,0.9999999999999997,1.9999999999999993,0.002611278283364943,0.0003999999999999999,9.999999999999998e-05,0.00029999999999999987,19999.999999999996,7.936507936507934e-06,0.002511278283364943,0.002211278283364943,0.002211278283364943,0.002203341775428435,26.11278283364943,0.9999999999999998,2.9999999999999987,0.07936507936507935,22.03341775428435,True,False
2021-05-18,-672517.6569081093,49999999.99999999,24999999.999999996,24999999.999999996,396.82539682539675,4.0,4.0,8.0,1.0,0.125,0.05,0.9999999999999999,0.9999999999999999,0.9999999999999999,1.9999999999999998,-0.013450353138162187,0.00039999999999999996,9.999999999999999e-05,0.0002999999999999999,20000.0,7.936507936507934e-06,-0.013550353138162186,-0.013850353138162186,-0.013850353138162186,-0.013858289646098693,-134.50353138162185,0.9999999999999999,2.999999999999999,0.07936507936507935,-138.58289646098692,True,False
2021-05-19,44496.642344071945,49999999.99999999,24999999.999999996,24999999.999999996,396.8253968253968,4.0,4.0,8.0,4.0,0.5,0.05,0.9999999999999999,0.9999999999999999,0.9999999999999999,1.9999999999999998,0.0008899328468814389,0.00039999999999999996,9.999999999999999e-05,0.0002999999999999999,20000.0,7.936507936507936e-06,0.0007899328468814388,0.0004899328468814389,0.0004899328468814389,0.00048199633894493093,8.899328468814389,0.9999999999999999,2.999999999999999,0.07936507936507936,4.81996338944931,True,False
2021-05-20,135008.34715861263,50000000.0,25000000.0,25000000.0,396.8253968253968,4.0,4.0,8.0,0.0,0.0,0.0298606697026126,1.0,1.0,1.0,2.0,0.0027001669431722525,0.0004,0.0001,0.0003,20000.0,7.936507936507936e-06,0.0026001669431722526,0.0023001669431722527,0.0023001669431722527,0.0022922304352357447,27.001669431722526,1.0,2.9999999999999996,0.07936507936507936,22.922304352357447,True,False
2021-05-21,260644.1318495217,50000000.0,25000000.0,25000000.0,396.8253968253968,4.0,4.0,8.0,0.0,0.0,0.04012091815507556,1.0,1.0,1.0,2.0,0.005212882636990435,0.0004,0.0001,0.0003,20000.0,7.936507936507936e-06,0.005112882636990434,0.0048128826369904345,0.0048128826369904345,0.0048049461290539264,52.128826369904345,1.0,2.9999999999999996,0.07936507936507936,48.04946129053926,True,False
2021-05-24,256203.22165417764,50000000.0,25000000.0,25000000.0,396.8253968253968,4.0,4.0,8.0,0.0,0.0,0.03783590542030262,1.0,1.0,1.0,2.0,0.005124064433083553,0.0004,0.0001,0.0003,20000.0,7.936507936507936e-06,0.0050240644330835525,0.004724064433083553,0.004724064433083553,0.0047161279251470446,51.24064433083553,1.0,2.9999999999999996,0.07936507936507936,47.16127925147045,True,False
2021-05-25,166544.79714624188,50000000.0,25000000.0,25000000.0,396.82539682539687,4.0,4.0,8.0,2.0,0.25,0.05,1.0,1.0,1.0,2.0,0.0033308959429248376,0.0004,0.0001,0.0003,20000.0,7.936507936507938e-06,0.0032308959429248377,0.002930895942924838,0.002930895942924838,0.00292295943498833,33.308959429248375,1.0,2.9999999999999996,0.07936507936507937,29.229594349883296,True,False
2021-05-26,-142076.51840171005,50000000.0,25000000.0,25000000.0,396.8253968253968,4.0,4.0,8.0,1.0,0.125,0.05,1.0,1.0,1.0,2.0,-0.0028415303680342013,0.0004,0.0001,0.0003,20000.0,7.936507936507936e-06,-0.002941530368034201,-0.003241530368034201,-0.003241530368034201,-0.003249466875970709,-28.415303680342014,1.0,2.9999999999999996,0.07936507936507936,-32.49466875970709,True,False
2021-05-27,-99511.17512703722,50000000.0,25000000.0,25000000.0,396.8253968253968,4.0,4.0,8.0,0.0,0.0,0.04323613650499597,1.0,1.0,1.0,2.0,-0.0019902235025407444,0.0004,0.0001,0.0003,20000.0,7.936507936507936e-06,-0.0020902235025407443,-0.002390223502540744,-0.002390223502540744,-0.002398160010477252,-19.902235025407442,1.0,2.9999999999999996,0.07936507936507936,-23.98160010477252,True,False
2021-05-28,219244.6783504068,50000000.0,25000000.0,25000000.0,396.8253968253968,4.0,4.0,8.0,0.0,0.0,0.04891532933838943,1.0,1.0,1.0,2.0,0.004384893567008136,0.0004,0.0001,0.0003,20000.0,7.936507936507936e-06,0.0042848935670081354,0.0039848935670081355,0.0039848935670081355,0.0039769570590716275,43.84893567008136,1.0,2.9999999999999996,0.07936507936507936,39.76957059071628,True,False
2021-06-01,1568.4323802554127,50000000.0,25000000.0,25000000.0,396.82539682539687,4.0,4.0,8.0,2.0,0.25,0.05,1.0,1.0,1.0,2.0,3.1368647605108254e-05,0.0004,0.0001,0.0003,20000.0,7.936507936507938e-06,-6.863135239489175e-05,-0.0003686313523948917,-0.0003686313523948917,-0.00037656786033139967,0.3136864760510825,1.0,2.9999999999999996,0.07936507936507937,-3.765678603313997,True,False
2021-06-02,-168833.65756888108,49999999.99999999,24999999.999999996,25000000.0,396.82539682539687,4.0,4.0,8.0,2.0,0.25,0.05,0.9999999999999999,0.9999999999999999,0.9999999999999999,1.9999999999999998,-0.0033766731513776215,0.00039999999999999996,9.999999999999999e-05,0.0002999999999999999,20000.0,7.936507936507938e-06,-0.0034766731513776214,-0.0037766731513776213,-0.0037766731513776213,-0.0037846096593141293,-33.766731513776215,0.9999999999999999,2.999999999999999,0.07936507936507937,-37.84609659314129,True,False
2021-06-03,167945.2225016385,50000000.0,25000000.0,25000000.0,396.8253968253968,4.0,4.0,8.0,1.0,0.125,0.05,1.0,1.0,1.0,2.0,0.00335890445003277,0.0004,0.0001,0.0003,20000.0,7.936507936507936e-06,0.00325890445003277,0.00295890445003277,0.00295890445003277,0.002950967942096262,33.5890445003277,1.0,2.9999999999999996,0.07936507936507936,29.509679420962623,True,False
2021-06-04,18605.31763571924,50000000.0,25000000.0,25000000.0,396.8253968253968,4.0,4.0,8.0,2.0,0.25,0.05,1.0,1.0,1.0,2.0,0.00037210635271438475,0.0004,0.0001,0.0003,20000.0,7.936507936507936e-06,0.00027210635271438476,-2.7893647285615216e-05,-2.7893647285615216e-05,-3.5830155222123154e-05,3.7210635271438477,1.0,2.9999999999999996,0.07936507936507936,-0.35830155222123156,True,False
2021-06-07,282229.58203881053,50000000.0,25000000.0,25000000.0,396.8253968253968,4.0,4.0,8.0,2.0,0.25,0.05,1.0,1.0,1.0,2.0,0.005644591640776211,0.0004,0.0001,0.0003,20000.0,7.936507936507936e-06,0.0055445916407762105,0.005244591640776211,0.005244591640776211,0.0052366551328397026,56.445916407762105,1.0,2.9999999999999996,0.07936507936507936,52.36655132839702,True,False
2021-06-08,175180.89855333167,50000000.0,25000000.0,25000000.0,396.82539682539687,4.0,4.0,8.0,4.0,0.5,0.05,1.0,1.0,1.0,2.0,0.0035036179710666335,0.0004,0.0001,0.0003,20000.0,7.936507936507938e-06,0.0034036179710666336,0.0031036179710666337,0.0031036179710666337,0.0030956814631301257,35.03617971066633,1.0,2.9999999999999996,0.07936507936507937,30.956814631301256,True,False
2021-06-09,32941.510136646306,50000000.0,25000000.0,25000000.0,793.6507936507936,4.0,4.0,8.0,1.0,0.125,0.05,1.0,1.0,1.0,2.0,0.0006588302027329262,0.0004,0.0001,0.0003,20000.0,1.5873015873015872e-05,0.0005588302027329261,0.00025883020273292614,0.00025883020273292614,0.00024295718685991027,6.588302027329261,1.0,2.9999999999999996,0.15873015873015872,2.4295718685991026,True,False
2021-06-10,112170.16690671627,50000000.0,25000000.0,25000000.0,396.8253968253968,4.0,4.0,8.0,2.0,0.25,0.05,1.0,1.0,1.0,2.0,0.0022434033381343254,0.0004,0.0001,0.0003,20000.0,7.936507936507936e-06,0.0021434033381343255,0.0018434033381343256,0.0018434033381343256,0.0018354668301978176,22.434033381343255,1.0,2.9999999999999996,0.07936507936507936,18.354668301978176,True,False
2021-06-11,75784.0836897273,25000000.0,12500000.0,12500000.0,198.4126984126984,4.0,4.0,8.0,0.0,0.0,0.023391151614329364,0.5,0.5,0.5,1.0,0.0015156816737945458,0.0002,5e-05,0.00015,10000.0,3.968253968253968e-06,0.001465681673794546,0.001315681673794546,0.001315681673794546,0.001311713419826292,15.156816737945459,0.5,1.4999999999999998,0.03968253968253968,13.117134198262919,False,True
2021-06-14,-69068.6422914368,25000000.0,12500000.0,12500000.0,198.4126984126984,4.0,4.0,8.0,3.0,0.375,0.05,0.5,0.5,0.5,1.0,-0.0013813728458287361,0.0002,5e-05,0.00015,10000.0,3.968253968253968e-06,-0.001431372845828736,-0.001581372845828736,-0.001581372845828736,-0.00158534109979699,-13.813728458287361,0.5,1.4999999999999998,0.03968253968253968,-15.8534109979699,False,True
2021-06-15,-57641.07595165922,24999999.999999996,12499999.999999998,12499999.999999998,198.41269841269838,4.0,4.0,8.0,1.0,0.125,0.05,0.49999999999999994,0.49999999999999994,0.49999999999999994,0.9999999999999999,-0.0011528215190331845,0.00019999999999999998,4.9999999999999996e-05,0.00014999999999999996,10000.0,3.968253968253967e-06,-0.0012028215190331845,-0.0013528215190331844,-0.0013528215190331844,-0.0013567897730014384,-11.528215190331846,0.49999999999999994,1.4999999999999996,0.03968253968253967,-13.567897730014383,False,True
2021-06-16,-98595.06696808847,25000000.0,12500000.0,12500000.0,198.4126984126984,4.0,4.0,8.0,1.0,0.125,0.05,0.5,0.5,0.5,1.0,-0.0019719013393617695,0.0002,5e-05,0.00015,10000.0,3.968253968253968e-06,-0.0020219013393617696,-0.0021719013393617695,-0.0021719013393617695,-0.0021758695933300235,-19.719013393617693,0.5,1.4999999999999998,0.03968253968253968,-21.758695933300235,False,True
2021-06-17,0.0,0.0,0.0,0.0,0.0,0.0,0.0,0.0,0.0,0.0,0.0,0.0,0.0,0.0,0.0,0.0,0.0,0.0,0.0,0.0,0.0,0.0,0.0,0.0,0.0,0.0,0.0,0.0,0.0,0.0,False,False
2021-06-18,-342224.32735116134,25000000.0,12500000.0,12500000.0,198.41269841269843,4.0,4.0,8.0,2.0,0.25,0.05,0.5,0.5,0.5,1.0,-0.0068444865470232265,0.0002,5e-05,0.00015,10000.0,3.968253968253969e-06,-0.006894486547023226,-0.007044486547023226,-0.007044486547023226,-0.00704845480099148,-68.44486547023226,0.5,1.4999999999999998,0.03968253968253969,-70.4845480099148,False,True
2021-06-21,-107169.35652112059,25000000.0,12500000.0,12500000.0,198.4126984126984,4.0,4.0,8.0,2.0,0.25,0.05,0.5,0.5,0.5,1.0,-0.0021433871304224117,0.0002,5e-05,0.00015,10000.0,3.968253968253968e-06,-0.002193387130422412,-0.0023433871304224117,-0.0023433871304224117,-0.0023473553843906658,-21.433871304224116,0.5,1.4999999999999998,0.03968253968253968,-23.473553843906657,False,True
2021-06-22,186914.2212392779,25000000.0,12500000.0,12500000.0,198.41269841269843,4.0,4.0,8.0,1.0,0.125,0.05,0.5,0.5,0.5,1.0,0.003738284424785558,0.0002,5e-05,0.00015,10000.0,3.968253968253969e-06,0.003688284424785558,0.003538284424785558,0.003538284424785558,0.003534316170817304,37.38284424785558,0.5,1.4999999999999998,0.03968253968253969,35.34316170817304,False,True
2021-06-23,37832.572610752664,25000000.0,12500000.0,12500000.0,198.4126984126984,4.0,4.0,8.0,1.0,0.125,0.05,0.5,0.5,0.5,1.0,0.0007566514522150533,0.0002,5e-05,0.00015,10000.0,3.968253968253968e-06,0.0007066514522150533,0.0005566514522150533,0.0005566514522150533,0.0005526831982467993,7.566514522150532,0.5,1.4999999999999998,0.03968253968253968,5.526831982467993,False,True
2021-06-24,55910.98123596747,24999999.999999996,12499999.999999998,12499999.999999998,198.41269841269838,4.0,4.0,8.0,1.0,0.125,0.05,0.49999999999999994,0.49999999999999994,0.49999999999999994,0.9999999999999999,0.0011182196247193493,0.00019999999999999998,4.9999999999999996e-05,0.00014999999999999996,10000.0,3.968253968253967e-06,0.0010682196247193494,0.0009182196247193495,0.0009182196247193495,0.0009142513707510954,11.182196247193493,0.49999999999999994,1.4999999999999996,0.03968253968253967,9.142513707510954,False,True
2021-06-25,-40443.775678230486,24999999.999999996,12500000.0,12500000.0,198.4126984126984,4.0,4.0,8.0,2.0,0.25,0.05,0.49999999999999994,0.49999999999999994,0.49999999999999994,0.9999999999999999,-0.0008088755135646097,0.00019999999999999998,4.9999999999999996e-05,0.00014999999999999996,10000.0,3.968253968253968e-06,-0.0008588755135646097,-0.0010088755135646097,-0.0010088755135646097,-0.0010128437675328637,-8.088755135646098,0.49999999999999994,1.4999999999999996,0.03968253968253968,-10.128437675328637,False,True
2021-06-28,24202.96562927847,24999999.999999996,12499999.999999996,12500000.0,198.4126984126984,4.0,4.0,8.0,2.0,0.25,0.05,0.49999999999999994,0.49999999999999994,0.49999999999999994,0.9999999999999999,0.0004840593125855694,0.00019999999999999998,4.9999999999999996e-05,0.00014999999999999996,10000.0,3.968253968253968e-06,0.0004340593125855694,0.00028405931258556943,0.00028405931258556943,0.0002800910586173155,4.840593125855694,0.49999999999999994,1.4999999999999996,0.03968253968253968,2.800910586173155,False,True
2021-06-29,23952.024273888102,25000000.0,12500000.0,12500000.0,198.4126984126984,4.0,4.0,8.0,1.0,0.125,0.04999999999999999,0.5,0.5,0.5,1.0,0.00047904048547776207,0.0002,5e-05,0.00015,10000.0,3.968253968253968e-06,0.00042904048547776205,0.0002790404854777621,0.0002790404854777621,0.00027507223150950814,4.790404854777621,0.5,1.4999999999999998,0.03968253968253968,2.7507223150950812,False,True
2021-06-30,83615.48735657225,25000000.0,12500000.0,12500000.0,198.4126984126984,4.0,4.0,8.0,1.0,0.125,0.049999999999999996,0.5,0.5,0.5,1.0,0.0016723097471314451,0.0002,5e-05,0.00015,10000.0,3.968253968253968e-06,0.0016223097471314452,0.0014723097471314452,0.0014723097471314452,0.0014683414931631912,16.72309747131445,0.5,1.4999999999999998,0.03968253968253968,14.683414931631912,False,True
2021-07-01,-37116.73608243135,25000000.0,12500000.0,12500000.0,198.4126984126984,4.0,4.0,8.0,0.0,0.0,0.02436148214243917,0.5,0.5,0.5,1.0,-0.000742334721648627,0.0002,5e-05,0.00015,10000.0,3.968253968253968e-06,-0.000792334721648627,-0.000942334721648627,-0.000942334721648627,-0.000946302975616881,-7.42334721648627,0.5,1.4999999999999998,0.03968253968253968,-9.46302975616881,False,True
2021-07-02,0.0,0.0,0.0,0.0,0.0,0.0,0.0,0.0,0.0,0.0,0.0,0.0,0.0,0.0,0.0,0.0,0.0,0.0,0.0,0.0,0.0,0.0,0.0,0.0,0.0,0.0,0.0,0.0,0.0,0.0,False,False
2021-07-06,0.0,0.0,0.0,0.0,0.0,0.0,0.0,0.0,0.0,0.0,0.0,0.0,0.0,0.0,0.0,0.0,0.0,0.0,0.0,0.0,0.0,0.0,0.0,0.0,0.0,0.0,0.0,0.0,0.0,0.0,False,False
2021-07-07,-223558.54914845803,25000000.0,12500000.0,12500000.0,198.41269841269843,4.0,4.0,8.0,1.0,0.125,0.05,0.5,0.5,0.5,1.0,-0.004471170982969161,0.0002,5e-05,0.00015,10000.0,3.968253968253969e-06,-0.004521170982969161,-0.004671170982969161,-0.004671170982969161,-0.004675139236937414,-44.71170982969161,0.5,1.4999999999999998,0.03968253968253969,-46.751392369374145,False,True
2021-07-08,180181.03698043633,25000000.0,12500000.0,12500000.0,198.4126984126984,4.0,4.0,8.0,1.0,0.125,0.05,0.5,0.5,0.5,1.0,0.0036036207396087268,0.0002,5e-05,0.00015,10000.0,3.968253968253968e-06,0.0035536207396087266,0.0034036207396087267,0.0034036207396087267,0.0033996524856404727,36.03620739608727,0.5,1.4999999999999998,0.03968253968253968,33.996524856404726,False,True
2021-07-09,-116052.97143627368,25000000.0,12500000.0,12500000.0,198.41269841269843,4.0,4.0,8.0,1.0,0.125,0.05,0.5,0.5,0.5,1.0,-0.002321059428725474,0.0002,5e-05,0.00015,10000.0,3.968253968253969e-06,-0.002371059428725474,-0.002521059428725474,-0.002521059428725474,-0.002525027682693728,-23.21059428725474,0.5,1.4999999999999998,0.03968253968253969,-25.25027682693728,False,True
2021-07-12,-74147.25795383348,25000000.0,12500000.0,12500000.0,198.4126984126984,4.0,4.0,8.0,1.0,0.125,0.05,0.5,0.5,0.5,1.0,-0.0014829451590766696,0.0002,5e-05,0.00015,10000.0,3.968253968253968e-06,-0.0015329451590766696,-0.0016829451590766695,-0.0016829451590766695,-0.0016869134130449235,-14.829451590766697,0.5,1.4999999999999998,0.03968253968253968,-16.869134130449236,False,True
2021-07-13,46644.91206277167,25000000.0,12500000.0,12500000.0,431.82080603174614,4.0,4.0,8.0,1.0,0.125,0.05,0.5,0.5,0.5,1.0,0.0009328982412554334,0.0002,5e-05,0.00015,10000.0,8.636416120634923e-06,0.0008828982412554334,0.0007328982412554334,0.0007328982412554334,0.0007242618251347985,9.328982412554334,0.5,1.4999999999999998,0.08636416120634924,7.242618251347985,False,True
2021-07-14,-103143.9060578815,25000000.0,12500000.0,12499999.999999998,198.4126984126984,4.0,4.0,8.0,2.0,0.25,0.05,0.5,0.5,0.5,1.0,-0.00206287812115763,0.0002,5e-05,0.00015,10000.0,3.968253968253968e-06,-0.0021128781211576303,-0.0022628781211576302,-0.0022628781211576302,-0.0022668463751258842,-20.6287812115763,0.5,1.4999999999999998,0.03968253968253968,-22.66846375125884,False,True
2021-07-15,67822.85732028983,25000000.0,12500000.0,12500000.0,198.41269841269843,4.0,4.0,8.0,1.0,0.125,0.05000000000000001,0.5,0.5,0.5,1.0,0.0013564571464057965,0.0002,5e-05,0.00015,10000.0,3.968253968253969e-06,0.0013064571464057966,0.0011564571464057966,0.0011564571464057966,0.0011524888924375426,13.564571464057964,0.5,1.4999999999999998,0.03968253968253969,11.524888924375427,False,True
2021-07-16,-459929.6519233707,25000000.0,12500000.0,12500000.0,198.41269841269843,4.0,4.0,8.0,3.0,0.375,0.05,0.5,0.5,0.5,1.0,-0.009198593038467415,0.0002,5e-05,0.00015,10000.0,3.968253968253969e-06,-0.009248593038467414,-0.009398593038467415,-0.009398593038467415,-0.00940256129243567,-91.98593038467415,0.5,1.4999999999999998,0.03968253968253969,-94.0256129243567,False,True
2021-07-19,5873.812476808082,25000000.0,12500000.0,12500000.0,198.4126984126984,4.0,4.0,8.0,1.0,0.125,0.05,0.5,0.5,0.5,1.0,0.00011747624953616163,0.0002,5e-05,0.00015,10000.0,3.968253968253968e-06,6.747624953616163e-05,-8.252375046383835e-05,-8.252375046383835e-05,-8.649200443209232e-05,1.1747624953616163,0.5,1.4999999999999998,0.03968253968253968,-0.8649200443209232,False,True
2021-07-20,116192.27024057053,25000000.0,12500000.0,12500000.0,198.4126984126984,4.0,4.0,8.0,1.0,0.125,0.05,0.5,0.5,0.5,1.0,0.0023238454048114107,0.0002,5e-05,0.00015,10000.0,3.968253968253968e-06,0.0022738454048114106,0.0021238454048114106,0.0021238454048114106,0.0021198771508431566,23.238454048114107,0.5,1.4999999999999998,0.03968253968253968,21.198771508431566,False,True
2021-07-21,-128823.3771981483,25000000.0,12500000.0,12500000.0,198.41269841269843,4.0,4.0,8.0,1.0,0.125,0.05,0.5,0.5,0.5,1.0,-0.002576467543962966,0.0002,5e-05,0.00015,10000.0,3.968253968253969e-06,-0.002626467543962966,-0.002776467543962966,-0.002776467543962966,-0.00278043579793122,-25.76467543962966,0.5,1.4999999999999998,0.03968253968253969,-27.8043579793122,False,True
2021-07-22,19469.82110284303,24999999.999999996,12499999.999999998,12499999.999999998,198.4126984126984,4.0,4.0,8.0,1.0,0.125,0.05,0.49999999999999994,0.49999999999999994,0.49999999999999994,0.9999999999999999,0.0003893964220568606,0.00019999999999999998,4.9999999999999996e-05,0.00014999999999999996,10000.0,3.968253968253968e-06,0.00033939642205686065,0.0001893964220568607,0.0001893964220568607,0.00018542816808860671,3.893964220568606,0.49999999999999994,1.4999999999999996,0.03968253968253968,1.8542816808860672,False,True
2021-07-23,-71553.95732290501,25000000.0,12499999.999999998,12500000.0,198.41269841269838,4.0,4.0,8.0,2.0,0.25,0.05,0.5,0.5,0.5,1.0,-0.0014310791464581002,0.0002,5e-05,0.00015,10000.0,3.968253968253967e-06,-0.0014810791464581002,-0.0016310791464581001,-0.0016310791464581001,-0.0016350474004263541,-14.310791464581003,0.5,1.4999999999999998,0.03968253968253967,-16.350474004263543,False,True
2021-07-26,-123783.38529340975,25000000.0,12500000.0,12500000.0,198.4126984126984,4.0,4.0,8.0,1.0,0.125,0.05,0.5,0.5,0.5,1.0,-0.002475667705868195,0.0002,5e-05,0.00015,10000.0,3.968253968253968e-06,-0.002525667705868195,-0.002675667705868195,-0.002675667705868195,-0.002679635959836449,-24.75667705868195,0.5,1.4999999999999998,0.03968253968253968,-26.796359598364493,False,True
2021-07-27,204205.90747642712,24741871.9341095,12370935.96705475,12370935.96705475,587.6234323059326,3.0,3.0,6.0,3.0,0.5,0.05,0.49483743868219005,0.49483743868219005,0.49483743868219005,0.9896748773643801,0.004084118149528543,0.00019793497547287604,4.948374386821901e-05,0.000148451231604657,9896.748773643802,1.1752468646118652e-05,0.0040346344056603235,0.0038861831740556667,0.0038861831740556667,0.003874430705409548,40.841181495285426,0.4948374386821901,1.4845123160465699,0.11752468646118652,38.74430705409548,False,True
2021-07-28,51668.67457148175,15527322.274575002,7763661.137287501,7763661.137287501,228.1789981974207,3.0,3.0,6.0,3.0,0.5,0.05000000000000001,0.31054644549150007,0.31054644549150007,0.31054644549150007,0.6210928909830001,0.001033373491429635,0.00012421857819660002,3.1054644549150006e-05,9.316393364745002e-05,6210.928909830001,4.5635799639484136e-06,0.001002318846880485,0.0009091549132330351,0.0009091549132330351,0.0009045913332690866,10.33373491429635,0.31054644549150007,0.9316393364745001,0.04563579963948414,9.045913332690866,False,True
2021-07-29,-208254.77150575366,25000000.0,12500000.0,12500000.0,441.57442682539687,4.0,4.0,8.0,1.0,0.125,0.05,0.5,0.5,0.5,1.0,-0.0041650954301150735,0.0002,5e-05,0.00015,10000.0,8.831488536507937e-06,-0.004215095430115073,-0.004365095430115073,-0.004365095430115073,-0.004373926918651581,-41.65095430115073,0.5,1.4999999999999998,0.08831488536507937,-43.73926918651581,False,True
2021-07-30,146753.7762321305,25000000.0,12500000.0,12500000.0,305.2384923236508,4.0,4.0,8.0,2.0,0.25,0.05,0.5,0.5,0.5,1.0,0.0029350755246426103,0.0002,5e-05,0.00015,10000.0,6.104769846473016e-06,0.00288507552464261,0.00273507552464261,0.00273507552464261,0.0027289707547961373,29.350755246426104,0.5,1.4999999999999998,0.06104769846473016,27.289707547961374,False,True
2021-08-02,-50089.988296068295,25000000.0,12500000.0,12500000.0,198.4126984126984,4.0,4.0,8.0,3.0,0.375,0.05,0.5,0.5,0.5,1.0,-0.0010017997659213659,0.0002,5e-05,0.00015,10000.0,3.968253968253968e-06,-0.0010517997659213658,-0.0012017997659213658,-0.0012017997659213658,-0.0012057680198896198,-10.017997659213659,0.5,1.4999999999999998,0.03968253968253968,-12.057680198896197,False,True
2021-08-03,0.0,0.0,0.0,0.0,0.0,0.0,0.0,0.0,0.0,0.0,0.0,0.0,0.0,0.0,0.0,0.0,0.0,0.0,0.0,0.0,0.0,0.0,0.0,0.0,0.0,0.0,0.0,0.0,0.0,0.0,False,False
2021-08-04,0.0,0.0,0.0,0.0,0.0,0.0,0.0,0.0,0.0,0.0,0.0,0.0,0.0,0.0,0.0,0.0,0.0,0.0,0.0,0.0,0.0,0.0,0.0,0.0,0.0,0.0,0.0,0.0,0.0,0.0,False,False
2021-08-05,0.0,0.0,0.0,0.0,0.0,0.0,0.0,0.0,0.0,0.0,0.0,0.0,0.0,0.0,0.0,0.0,0.0,0.0,0.0,0.0,0.0,0.0,0.0,0.0,0.0,0.0,0.0,0.0,0.0,0.0,False,False
2021-08-06,-81768.05911077867,25000000.0,12500000.0,12500000.0,198.4126984126984,4.0,4.0,8.0,1.0,0.125,0.05,0.5,0.5,0.5,1.0,-0.0016353611822155735,0.0002,5e-05,0.00015,10000.0,3.968253968253968e-06,-0.0016853611822155734,-0.0018353611822155733,-0.0018353611822155733,-0.0018393294361838273,-16.353611822155735,0.5,1.4999999999999998,0.03968253968253968,-18.393294361838272,False,True
2021-08-09,46884.761087106606,25000000.0,12500000.0,12500000.0,198.4126984126984,4.0,4.0,8.0,1.0,0.125,0.049999999999999996,0.5,0.5,0.5,1.0,0.0009376952217421321,0.0002,5e-05,0.00015,10000.0,3.968253968253968e-06,0.0008876952217421321,0.0007376952217421322,0.0007376952217421322,0.0007337269677738782,9.376952217421321,0.5,1.4999999999999998,0.03968253968253968,7.337269677738782,False,True
2021-08-10,-107647.85172368014,25000000.0,12500000.0,12500000.0,198.4126984126984,4.0,4.0,8.0,1.0,0.125,0.05,0.5,0.5,0.5,1.0,-0.002152957034473603,0.0002,5e-05,0.00015,10000.0,3.968253968253968e-06,-0.002202957034473603,-0.002352957034473603,-0.002352957034473603,-0.002356925288441857,-21.52957034473603,0.5,1.4999999999999998,0.03968253968253968,-23.56925288441857,False,True
2021-08-11,-122309.67832573791,25000000.0,12500000.0,12500000.0,198.4126984126984,4.0,4.0,8.0,1.0,0.125,0.05,0.5,0.5,0.5,1.0,-0.0024461935665147584,0.0002,5e-05,0.00015,10000.0,3.968253968253968e-06,-0.0024961935665147586,-0.0026461935665147585,-0.0026461935665147585,-0.0026501618204830125,-24.461935665147585,0.5,1.4999999999999998,0.03968253968253968,-26.501618204830127,False,True
2021-08-12,-73470.73652404675,25000000.0,12500000.0,12500000.0,198.4126984126984,4.0,4.0,8.0,0.0,0.0,0.024591794619713878,0.5,0.5,0.5,1.0,-0.001469414730480935,0.0002,5e-05,0.00015,10000.0,3.968253968253968e-06,-0.0015194147304809348,-0.0016694147304809348,-0.0016694147304809348,-0.0016733829844491888,-14.694147304809348,0.5,1.4999999999999998,0.03968253968253968,-16.733829844491886,False,True
2021-08-13,-144002.7463144301,25000000.0,12500000.0,12500000.0,396.8253968253968,4.0,4.0,8.0,0.0,0.0,0.0475263430059593,0.5,0.5,0.5,1.0,-0.0028800549262886018,0.0002,5e-05,0.00015,10000.0,7.936507936507936e-06,-0.002930054926288602,-0.003080054926288602,-0.003080054926288602,-0.00308799143422511,-28.80054926288602,0.5,1.4999999999999998,0.07936507936507936,-30.879914342251098,False,True
2021-08-16,-222484.30215380984,25000000.0,12500000.0,12500000.0,198.4126984126984,4.0,4.0,8.0,0.0,0.0,0.0499455840464426,0.5,0.5,0.5,1.0,-0.004449686043076197,0.0002,5e-05,0.00015,10000.0,3.968253968253968e-06,-0.004499686043076196,-0.004649686043076196,-0.004649686043076196,-0.00465365429704445,-44.49686043076197,0.5,1.4999999999999998,0.03968253968253968,-46.5365429704445,False,True
2021-08-17,-2174.236835561156,25000000.0,12500000.0,12500000.0,198.4126984126984,4.0,4.0,8.0,0.0,0.0,0.02930096514453577,0.5,0.5,0.5,1.0,-4.348473671122312e-05,0.0002,5e-05,0.00015,10000.0,3.968253968253968e-06,-9.348473671122313e-05,-0.00024348473671122312,-0.00024348473671122312,-0.0002474529906794771,-0.4348473671122312,0.5,1.4999999999999998,0.03968253968253968,-2.474529906794771,False,True
2021-08-18,-181756.47403011975,25000000.0,12500000.0,12500000.0,198.41269841269843,4.0,4.0,8.0,3.0,0.375,0.05,0.5,0.5,0.5,1.0,-0.003635129480602395,0.0002,5e-05,0.00015,10000.0,3.968253968253969e-06,-0.003685129480602395,-0.003835129480602395,-0.003835129480602395,-0.003839097734570649,-36.35129480602395,0.5,1.4999999999999998,0.03968253968253969,-38.39097734570649,False,True
2021-08-19,-1725.9406568526924,18432156.25,9216078.125,9216078.125,146.28695436507937,4.0,4.0,8.0,4.0,0.5,0.05000000000000001,0.368643125,0.368643125,0.368643125,0.73728625,-3.451881313705385e-05,0.00014745725,3.68643125e-05,0.0001105929375,7372.8625,2.925739087301587e-06,-7.138312563705385e-05,-0.00018197606313705383,-0.00018197606313705383,-0.00018490180222435542,-0.3451881313705385,0.368643125,1.1059293749999999,0.029257390873015873,-1.8490180222435542,False,True
2021-08-20,35005.588415034,15292386.629300002,7646193.314650002,7646193.31465,121.36814785158731,4.0,4.0,8.0,4.0,0.5,0.05,0.30584773258600007,0.30584773258600007,0.30584773258600007,0.6116954651720001,0.00070011176830068,0.00012233909303440004,3.058477325860001e-05,9.175431977580001e-05,6116.954651720002,2.4273629570317464e-06,0.00066952699504208,0.00057777267526628,0.00057777267526628,0.0005753453123092482,7.0011176830068,0.3058477325860001,0.9175431977580001,0.024273629570317465,5.753453123092482,False,True
2021-08-23,236516.36568469714,25000000.0,12500000.0,12500000.0,198.4126984126984,4.0,4.0,8.0,1.0,0.125,0.05,0.5,0.5,0.5,1.0,0.004730327313693943,0.0002,5e-05,0.00015,10000.0,3.968253968253968e-06,0.004680327313693943,0.004530327313693943,0.004530327313693943,0.0045263590597256894,47.303273136939424,0.5,1.4999999999999998,0.03968253968253968,45.26359059725689,False,True
2021-08-24,37545.94002356553,25000000.0,12500000.0,12500000.0,396.8253968253968,4.0,4.0,8.0,0.0,0.0,0.04742136840214495,0.5,0.5,0.5,1.0,0.0007509188004713105,0.0002,5e-05,0.00015,10000.0,7.936507936507936e-06,0.0007009188004713105,0.0005509188004713105,0.0005509188004713105,0.0005429822925348026,7.5091880047131045,0.5,1.4999999999999998,0.07936507936507936,5.429822925348026,False,True
2021-08-25,-139415.16385558504,25000000.0,12500000.0,12500000.0,198.4126984126984,4.0,4.0,8.0,0.0,0.0,0.02062383807049337,0.5,0.5,0.5,1.0,-0.0027883032771117006,0.0002,5e-05,0.00015,10000.0,3.968253968253968e-06,-0.0028383032771117007,-0.0029883032771117007,-0.0029883032771117007,-0.0029922715310799547,-27.883032771117005,0.5,1.4999999999999998,0.03968253968253968,-29.922715310799546,False,True
2021-08-26,0.0,0.0,0.0,0.0,0.0,0.0,0.0,0.0,0.0,0.0,0.0,0.0,0.0,0.0,0.0,0.0,0.0,0.0,0.0,0.0,0.0,0.0,0.0,0.0,0.0,0.0,0.0,0.0,0.0,0.0,False,False
2021-08-27,0.0,0.0,0.0,0.0,0.0,0.0,0.0,0.0,0.0,0.0,0.0,0.0,0.0,0.0,0.0,0.0,0.0,0.0,0.0,0.0,0.0,0.0,0.0,0.0,0.0,0.0,0.0,0.0,0.0,0.0,False,False
2021-08-30,-17202.969253915515,25000000.0,12500000.0,12500000.0,198.4126984126984,4.0,4.0,8.0,0.0,0.0,0.026233428878139627,0.5,0.5,0.5,1.0,-0.0003440593850783103,0.0002,5e-05,0.00015,10000.0,3.968253968253968e-06,-0.0003940593850783103,-0.0005440593850783103,-0.0005440593850783103,-0.0005480276390465643,-3.440593850783103,0.5,1.4999999999999998,0.03968253968253968,-5.480276390465644,False,True
2021-08-31,39790.930246588745,25000000.0,12500000.0,12500000.0,396.8253968253968,4.0,4.0,8.0,0.0,0.0,0.02886856125032571,0.5,0.5,0.5,1.0,0.0007958186049317749,0.0002,5e-05,0.00015,10000.0,7.936507936507936e-06,0.0007458186049317749,0.0005958186049317749,0.0005958186049317749,0.000587882096995267,7.958186049317749,0.5,1.4999999999999998,0.07936507936507936,5.87882096995267,False,True
2021-09-01,0.0,0.0,0.0,0.0,0.0,0.0,0.0,0.0,0.0,0.0,0.0,0.0,0.0,0.0,0.0,0.0,0.0,0.0,0.0,0.0,0.0,0.0,0.0,0.0,0.0,0.0,0.0,0.0,0.0,0.0,False,False
2021-09-02,0.0,0.0,0.0,0.0,0.0,0.0,0.0,0.0,0.0,0.0,0.0,0.0,0.0,0.0,0.0,0.0,0.0,0.0,0.0,0.0,0.0,0.0,0.0,0.0,0.0,0.0,0.0,0.0,0.0,0.0,False,False
2021-09-03,0.0,0.0,0.0,0.0,0.0,0.0,0.0,0.0,0.0,0.0,0.0,0.0,0.0,0.0,0.0,0.0,0.0,0.0,0.0,0.0,0.0,0.0,0.0,0.0,0.0,0.0,0.0,0.0,0.0,0.0,False,False
2021-09-07,0.0,0.0,0.0,0.0,0.0,0.0,0.0,0.0,0.0,0.0,0.0,0.0,0.0,0.0,0.0,0.0,0.0,0.0,0.0,0.0,0.0,0.0,0.0,0.0,0.0,0.0,0.0,0.0,0.0,0.0,False,False
2021-09-08,-6492.0537601236465,25000000.0,12500000.0,12500000.0,261.05915603174606,4.0,4.0,8.0,1.0,0.125,0.05,0.5,0.5,0.5,1.0,-0.00012984107520247292,0.0002,5e-05,0.00015,10000.0,5.221183120634921e-06,-0.0001798410752024729,-0.0003298410752024729,-0.0003298410752024729,-0.00033506225832310787,-1.2984107520247292,0.5,1.4999999999999998,0.052211831206349216,-3.3506225832310785,False,True
2021-09-09,0.0,0.0,0.0,0.0,0.0,0.0,0.0,0.0,0.0,0.0,0.0,0.0,0.0,0.0,0.0,0.0,0.0,0.0,0.0,0.0,0.0,0.0,0.0,0.0,0.0,0.0,0.0,0.0,0.0,0.0,False,False
2021-09-10,17904.87172411433,25000000.0,12500000.0,12500000.0,259.66645253968255,4.0,4.0,8.0,2.0,0.25,0.05,0.5,0.5,0.5,1.0,0.0003580974344822866,0.0002,5e-05,0.00015,10000.0,5.193329050793651e-06,0.0003080974344822866,0.0001580974344822866,0.0001580974344822866,0.00015290410543149295,3.580974344822866,0.5,1.4999999999999998,0.05193329050793651,1.5290410543149295,False,True
2021-09-13,0.0,0.0,0.0,0.0,0.0,0.0,0.0,0.0,0.0,0.0,0.0,0.0,0.0,0.0,0.0,0.0,0.0,0.0,0.0,0.0,0.0,0.0,0.0,0.0,0.0,0.0,0.0,0.0,0.0,0.0,False,False
2021-09-14,23936.81498157713,19089603.46445,9544801.732225,9544801.732225,151.50478940039685,4.0,4.0,8.0,4.0,0.5,0.05,0.38179206928900006,0.38179206928900006,0.38179206928900006,0.7635841385780001,0.00047873629963154256,0.00015271682771560003,3.817920692890001e-05,0.0001145376207867,7635.8413857800015,3.030095788007937e-06,0.00044055709270264255,0.00032601947191594256,0.00032601947191594256,0.0003229893761279346,4.787362996315426,0.38179206928900006,1.145376207867,0.03030095788007937,3.229893761279346,False,True
2021-09-15,-31752.15938129487,25000000.0,12500000.0,12500000.0,198.41269841269843,4.0,4.0,8.0,2.0,0.25,0.05,0.5,0.5,0.5,1.0,-0.0006350431876258974,0.0002,5e-05,0.00015,10000.0,3.968253968253969e-06,-0.0006850431876258974,-0.0008350431876258974,-0.0008350431876258974,-0.0008390114415941514,-6.350431876258974,0.5,1.4999999999999998,0.03968253968253969,-8.390114415941515,False,True
2021-09-16,-37980.69256707692,25000000.0,12500000.0,12500000.0,198.41269841269843,4.0,4.0,8.0,2.0,0.25,0.05000000000000001,0.5,0.5,0.5,1.0,-0.0007596138513415384,0.0002,5e-05,0.00015,10000.0,3.968253968253969e-06,-0.0008096138513415384,-0.0009596138513415384,-0.0009596138513415384,-0.0009635821053097924,-7.596138513415384,0.5,1.4999999999999998,0.03968253968253969,-9.635821053097924,False,True
2021-09-17,0.0,0.0,0.0,0.0,0.0,0.0,0.0,0.0,0.0,0.0,0.0,0.0,0.0,0.0,0.0,0.0,0.0,0.0,0.0,0.0,0.0,0.0,0.0,0.0,0.0,0.0,0.0,0.0,0.0,0.0,False,False
2021-09-20,102557.37078093256,24999999.999999993,12499999.999999996,12499999.999999998,198.4126984126984,4.0,4.0,8.0,1.0,0.125,0.05,0.49999999999999983,0.49999999999999983,0.49999999999999983,0.9999999999999997,0.002051147415618651,0.00019999999999999996,4.999999999999999e-05,0.00014999999999999993,9999.999999999998,3.968253968253968e-06,0.002001147415618651,0.001851147415618651,0.001851147415618651,0.001847179161650397,20.511474156186512,0.4999999999999999,1.4999999999999993,0.03968253968253968,18.47179161650397,False,True
2021-09-21,0.0,0.0,0.0,0.0,0.0,0.0,0.0,0.0,0.0,0.0,0.0,0.0,0.0,0.0,0.0,0.0,0.0,0.0,0.0,0.0,0.0,0.0,0.0,0.0,0.0,0.0,0.0,0.0,0.0,0.0,False,False
2021-09-22,0.0,0.0,0.0,0.0,0.0,0.0,0.0,0.0,0.0,0.0,0.0,0.0,0.0,0.0,0.0,0.0,0.0,0.0,0.0,0.0,0.0,0.0,0.0,0.0,0.0,0.0,0.0,0.0,0.0,0.0,False,False
2021-09-23,-14993.013526144276,24999999.999999996,12499999.999999996,12500000.0,198.4126984126984,4.0,4.0,8.0,3.0,0.375,0.05000000000000001,0.49999999999999994,0.49999999999999994,0.49999999999999994,0.9999999999999999,-0.0002998602705228855,0.00019999999999999998,4.9999999999999996e-05,0.00014999999999999996,10000.0,3.968253968253968e-06,-0.00034986027052288547,-0.0004998602705228854,-0.0004998602705228854,-0.0005038285244911394,-2.998602705228855,0.49999999999999994,1.4999999999999996,0.03968253968253968,-5.038285244911394,False,True
2021-09-24,242205.81743627955,25000000.0,12500000.0,12500000.0,198.4126984126984,4.0,4.0,8.0,3.0,0.375,0.05,0.5,0.5,0.5,1.0,0.004844116348725591,0.0002,5e-05,0.00015,10000.0,3.968253968253968e-06,0.004794116348725591,0.004644116348725591,0.004644116348725591,0.004640148094757338,48.441163487255906,0.5,1.4999999999999998,0.03968253968253968,46.401480947573376,False,True
2021-09-27,173031.74141627963,25000000.0,12500000.0,12500000.0,198.4126984126984,4.0,4.0,8.0,0.0,0.0,0.038779238145631306,0.5,0.5,0.5,1.0,0.0034606348283255928,0.0002,5e-05,0.00015,10000.0,3.968253968253968e-06,0.0034106348283255926,0.0032606348283255927,0.0032606348283255927,0.0032566665743573387,34.606348283255926,0.5,1.4999999999999998,0.03968253968253968,32.56666574357339,False,True
2021-09-28,85020.18458592496,25000000.0,12499999.999999998,12500000.0,198.4126984126984,4.0,4.0,8.0,2.0,0.25,0.05,0.5,0.5,0.5,1.0,0.0017004036917184992,0.0002,5e-05,0.00015,10000.0,3.968253968253968e-06,0.0016504036917184993,0.0015004036917184993,0.0015004036917184993,0.0014964354377502453,17.00403691718499,0.5,1.4999999999999998,0.03968253968253968,14.964354377502453,False,True
2021-09-29,-30336.701575603765,25000000.0,12500000.0,12500000.0,198.4126984126984,4.0,4.0,8.0,0.0,0.0,0.0133287998276566,0.5,0.5,0.5,1.0,-0.0006067340315120753,0.0002,5e-05,0.00015,10000.0,3.968253968253968e-06,-0.0006567340315120754,-0.0008067340315120753,-0.0008067340315120753,-0.0008107022854803293,-6.067340315120753,0.5,1.4999999999999998,0.03968253968253968,-8.107022854803294,False,True
2021-09-30,578176.1948432339,25000000.0,12500000.0,12500000.0,198.41269841269843,4.0,4.0,8.0,2.0,0.25,0.05,0.5,0.5,0.5,1.0,0.011563523896864679,0.0002,5e-05,0.00015,10000.0,3.968253968253969e-06,0.01151352389686468,0.011363523896864678,0.011363523896864678,0.011359555642896424,115.63523896864679,0.5,1.4999999999999998,0.03968253968253969,113.59555642896424,False,True
2021-10-01,67453.52627514585,25000000.0,12500000.0,12499999.999999998,198.41269841269843,4.0,4.0,8.0,2.0,0.25,0.049999999999999996,0.5,0.5,0.5,1.0,0.001349070525502917,0.0002,5e-05,0.00015,10000.0,3.968253968253969e-06,0.001299070525502917,0.001149070525502917,0.001149070525502917,0.001145102271534663,13.49070525502917,0.5,1.4999999999999998,0.03968253968253969,11.45102271534663,False,True
2021-10-04,44514.52184217963,25000000.0,12499999.999999998,12499999.999999998,198.4126984126984,4.0,4.0,8.0,2.0,0.25,0.05,0.5,0.5,0.5,1.0,0.0008902904368435926,0.0002,5e-05,0.00015,10000.0,3.968253968253968e-06,0.0008402904368435926,0.0006902904368435926,0.0006902904368435926,0.0006863221828753386,8.902904368435927,0.5,1.4999999999999998,0.03968253968253968,6.863221828753386,False,True
2021-10-05,-162092.37949800867,25000000.0,12500000.0,12500000.0,198.41269841269843,4.0,4.0,8.0,1.0,0.125,0.05,0.5,0.5,0.5,1.0,-0.0032418475899601736,0.0002,5e-05,0.00015,10000.0,3.968253968253969e-06,-0.0032918475899601737,-0.0034418475899601736,-0.0034418475899601736,-0.0034458158439284277,-32.41847589960174,0.5,1.4999999999999998,0.03968253968253969,-34.458158439284276,False,True
2021-10-06,0.0,0.0,0.0,0.0,0.0,0.0,0.0,0.0,0.0,0.0,0.0,0.0,0.0,0.0,0.0,0.0,0.0,0.0,0.0,0.0,0.0,0.0,0.0,0.0,0.0,0.0,0.0,0.0,0.0,0.0,False,False
2021-10-07,59003.049314239746,25000000.0,12500000.0,12500000.0,198.4126984126984,4.0,4.0,8.0,3.0,0.375,0.05000000000000001,0.5,0.5,0.5,1.0,0.0011800609862847949,0.0002,5e-05,0.00015,10000.0,3.968253968253968e-06,0.001130060986284795,0.000980060986284795,0.000980060986284795,0.000976092732316541,11.80060986284795,0.5,1.4999999999999998,0.03968253968253968,9.76092732316541,False,True
2021-10-08,144011.4285022804,25000000.0,12500000.0,12500000.0,198.4126984126984,4.0,4.0,8.0,3.0,0.375,0.05,0.5,0.5,0.5,1.0,0.0028802285700456082,0.0002,5e-05,0.00015,10000.0,3.968253968253968e-06,0.002830228570045608,0.002680228570045608,0.002680228570045608,0.002676260316077354,28.802285700456082,0.5,1.4999999999999998,0.03968253968253968,26.76260316077354,False,True
2021-10-11,91341.9526847062,25000000.0,12500000.0,12500000.0,198.4126984126984,4.0,4.0,8.0,2.0,0.25,0.05000000000000001,0.5,0.5,0.5,1.0,0.0018268390536941238,0.0002,5e-05,0.00015,10000.0,3.968253968253968e-06,0.001776839053694124,0.001626839053694124,0.001626839053694124,0.00162287079972587,18.268390536941236,0.5,1.4999999999999998,0.03968253968253968,16.2287079972587,False,True
2021-10-12,-231795.8898687064,25000000.0,12500000.0,12500000.0,198.41269841269843,4.0,4.0,8.0,2.0,0.25,0.05,0.5,0.5,0.5,1.0,-0.004635917797374128,0.0002,5e-05,0.00015,10000.0,3.968253968253969e-06,-0.004685917797374128,-0.004835917797374128,-0.004835917797374128,-0.004839886051342382,-46.35917797374128,0.5,1.4999999999999998,0.03968253968253969,-48.39886051342381,False,True
2021-10-13,141914.16531498858,25000000.0,12500000.0,12500000.0,198.41269841269843,4.0,4.0,8.0,2.0,0.25,0.05,0.5,0.5,0.5,1.0,0.0028382833062997716,0.0002,5e-05,0.00015,10000.0,3.968253968253969e-06,0.0027882833062997715,0.0026382833062997715,0.0026382833062997715,0.0026343150523315175,28.382833062997715,0.5,1.4999999999999998,0.03968253968253969,26.343150523315174,False,True
2021-10-14,246697.11137042372,24999999.999999993,12499999.999999996,12499999.999999996,198.41269841269835,4.0,4.0,8.0,2.0,0.25,0.05,0.49999999999999983,0.49999999999999983,0.49999999999999983,0.9999999999999997,0.004933942227408474,0.00019999999999999996,4.999999999999999e-05,0.00014999999999999993,9999.999999999998,3.968253968253967e-06,0.0048839422274084745,0.0047339422274084745,0.0047339422274084745,0.004729973973440221,49.33942227408474,0.4999999999999999,1.4999999999999993,0.03968253968253967,47.29973973440221,False,True
2021-10-15,-55190.0663461952,25000000.0,12500000.0,12500000.0,198.41269841269843,4.0,4.0,8.0,3.0,0.375,0.05,0.5,0.5,0.5,1.0,-0.001103801326923904,0.0002,5e-05,0.00015,10000.0,3.968253968253969e-06,-0.0011538013269239038,-0.0013038013269239038,-0.0013038013269239038,-0.0013077695808921578,-11.03801326923904,0.5,1.4999999999999998,0.03968253968253969,-13.077695808921579,False,True
2021-10-18,-17562.476376418585,25000000.0,12500000.0,12500000.0,198.4126984126984,4.0,4.0,8.0,2.0,0.25,0.05000000000000001,0.5,0.5,0.5,1.0,-0.0003512495275283717,0.0002,5e-05,0.00015,10000.0,3.968253968253968e-06,-0.00040124952752837174,-0.0005512495275283718,-0.0005512495275283718,-0.0005552177814966258,-3.512495275283717,0.5,1.4999999999999998,0.03968253968253968,-5.5521778149662575,False,True
2021-10-19,39068.19652594903,24999999.999999996,12499999.999999996,12500000.0,198.4126984126984,4.0,4.0,8.0,3.0,0.375,0.05,0.49999999999999994,0.49999999999999994,0.49999999999999994,0.9999999999999999,0.0007813639305189806,0.00019999999999999998,4.9999999999999996e-05,0.00014999999999999996,10000.0,3.968253968253968e-06,0.0007313639305189806,0.0005813639305189807,0.0005813639305189807,0.0005773956765507267,7.813639305189806,0.49999999999999994,1.4999999999999996,0.03968253968253968,5.7739567655072666,False,True
2021-10-20,44212.659813184364,25000000.0,12500000.0,12500000.0,198.41269841269843,4.0,4.0,8.0,4.0,0.5,0.05,0.5,0.5,0.5,1.0,0.0008842531962636873,0.0002,5e-05,0.00015,10000.0,3.968253968253969e-06,0.0008342531962636872,0.0006842531962636873,0.0006842531962636873,0.0006802849422954333,8.842531962636873,0.5,1.4999999999999998,0.03968253968253969,6.802849422954333,False,True
2021-10-21,-72340.6214526259,25000000.0,12500000.0,12500000.0,198.41269841269843,4.0,4.0,8.0,2.0,0.25,0.05,0.5,0.5,0.5,1.0,-0.001446812429052518,0.0002,5e-05,0.00015,10000.0,3.968253968253969e-06,-0.0014968124290525178,-0.0016468124290525178,-0.0016468124290525178,-0.0016507806830207718,-14.468124290525179,0.5,1.4999999999999998,0.03968253968253969,-16.507806830207716,False,True
2021-10-22,79578.51069928223,24999999.999999996,12499999.999999998,12499999.999999998,198.4126984126984,4.0,4.0,8.0,1.0,0.125,0.05,0.49999999999999994,0.49999999999999994,0.49999999999999994,0.9999999999999999,0.0015915702139856446,0.00019999999999999998,4.9999999999999996e-05,0.00014999999999999996,10000.0,3.968253968253968e-06,0.0015415702139856447,0.0013915702139856447,0.0013915702139856447,0.0013876019600173907,15.915702139856446,0.49999999999999994,1.4999999999999996,0.03968253968253968,13.876019600173906,False,True
2021-10-25,0.0,0.0,0.0,0.0,0.0,0.0,0.0,0.0,0.0,0.0,0.0,0.0,0.0,0.0,0.0,0.0,0.0,0.0,0.0,0.0,0.0,0.0,0.0,0.0,0.0,0.0,0.0,0.0,0.0,0.0,False,False
2021-10-26,-204458.9568607891,23809663.914009005,11904831.957004502,11904831.957004502,188.96558661911905,3.0,3.0,6.0,3.0,0.5,0.05,0.4761932782801801,0.4761932782801801,0.4761932782801801,0.9523865565603602,-0.004089179137215782,0.00019047731131207205,4.7619327828018014e-05,0.00014285798348405402,9523.865565603603,3.779311732382381e-06,-0.0041367984650438,-0.004279656448527854,-0.004279656448527854,-0.004283435760260237,-40.89179137215782,0.47619327828018015,1.4285798348405403,0.03779311732382381,-42.834357602602374,False,True
2021-10-27,161578.56902892634,25000000.0,12500000.0,12500000.0,269.3102926984127,3.0,3.0,6.0,2.0,0.3333333333333333,0.05000000000000001,0.5,0.5,0.5,1.0,0.003231571380578527,0.0002,5e-05,0.00015,10000.0,5.386205853968254e-06,0.003181571380578527,0.003031571380578527,0.003031571380578527,0.0030261851747245584,32.31571380578527,0.5,1.4999999999999998,0.05386205853968254,30.261851747245583,False,True
2021-10-28,0.0,0.0,0.0,0.0,0.0,0.0,0.0,0.0,0.0,0.0,0.0,0.0,0.0,0.0,0.0,0.0,0.0,0.0,0.0,0.0,0.0,0.0,0.0,0.0,0.0,0.0,0.0,0.0,0.0,0.0,False,False
2021-10-29,0.0,0.0,0.0,0.0,0.0,0.0,0.0,0.0,0.0,0.0,0.0,0.0,0.0,0.0,0.0,0.0,0.0,0.0,0.0,0.0,0.0,0.0,0.0,0.0,0.0,0.0,0.0,0.0,0.0,0.0,False,False
2021-11-01,0.0,0.0,0.0,0.0,0.0,0.0,0.0,0.0,0.0,0.0,0.0,0.0,0.0,0.0,0.0,0.0,0.0,0.0,0.0,0.0,0.0,0.0,0.0,0.0,0.0,0.0,0.0,0.0,0.0,0.0,False,False
2021-11-02,0.0,0.0,0.0,0.0,0.0,0.0,0.0,0.0,0.0,0.0,0.0,0.0,0.0,0.0,0.0,0.0,0.0,0.0,0.0,0.0,0.0,0.0,0.0,0.0,0.0,0.0,0.0,0.0,0.0,0.0,False,False
2021-11-03,53655.763349869325,25000000.0,12500000.0,12500000.0,198.41269841269838,3.0,3.0,6.0,1.0,0.16666666666666666,0.049999999999999996,0.5,0.5,0.5,1.0,0.0010731152669973866,0.0002,5e-05,0.00015,10000.0,3.968253968253967e-06,0.0010231152669973867,0.0008731152669973867,0.0008731152669973867,0.0008691470130291327,10.731152669973866,0.5,1.4999999999999998,0.03968253968253967,8.691470130291327,False,True
2021-11-04,28620.4721081984,25000000.0,12500000.0,12500000.0,198.4126984126984,4.0,4.0,8.0,0.0,0.0,0.048644424915813604,0.5,0.5,0.5,1.0,0.0005724094421639679,0.0002,5e-05,0.00015,10000.0,3.968253968253968e-06,0.0005224094421639679,0.00037240944216396796,0.00037240944216396796,0.000368441188195714,5.72409442163968,0.5,1.4999999999999998,0.03968253968253968,3.68441188195714,False,True
2021-11-05,0.0,0.0,0.0,0.0,0.0,0.0,0.0,0.0,0.0,0.0,0.0,0.0,0.0,0.0,0.0,0.0,0.0,0.0,0.0,0.0,0.0,0.0,0.0,0.0,0.0,0.0,0.0,0.0,0.0,0.0,False,False
2021-11-08,0.0,0.0,0.0,0.0,0.0,0.0,0.0,0.0,0.0,0.0,0.0,0.0,0.0,0.0,0.0,0.0,0.0,0.0,0.0,0.0,0.0,0.0,0.0,0.0,0.0,0.0,0.0,0.0,0.0,0.0,False,False
2021-11-09,0.0,0.0,0.0,0.0,0.0,0.0,0.0,0.0,0.0,0.0,0.0,0.0,0.0,0.0,0.0,0.0,0.0,0.0,0.0,0.0,0.0,0.0,0.0,0.0,0.0,0.0,0.0,0.0,0.0,0.0,False,False
2021-11-10,0.0,0.0,0.0,0.0,0.0,0.0,0.0,0.0,0.0,0.0,0.0,0.0,0.0,0.0,0.0,0.0,0.0,0.0,0.0,0.0,0.0,0.0,0.0,0.0,0.0,0.0,0.0,0.0,0.0,0.0,False,False
2021-11-11,-115229.63117229362,25000000.0,12500000.0,12500000.0,198.4126984126984,4.0,4.0,8.0,0.0,0.0,0.01652679099437823,0.5,0.5,0.5,1.0,-0.0023045926234458725,0.0002,5e-05,0.00015,10000.0,3.968253968253968e-06,-0.0023545926234458726,-0.0025045926234458725,-0.0025045926234458725,-0.0025085608774141266,-23.045926234458726,0.5,1.4999999999999998,0.03968253968253968,-25.085608774141267,False,True
2021-11-12,-35231.010310748956,25000000.0,12500000.0,12500000.0,198.4126984126984,4.0,4.0,8.0,1.0,0.125,0.05,0.5,0.5,0.5,1.0,-0.0007046202062149791,0.0002,5e-05,0.00015,10000.0,3.968253968253968e-06,-0.0007546202062149791,-0.0009046202062149791,-0.0009046202062149791,-0.0009085884601832331,-7.046202062149791,0.5,1.4999999999999998,0.03968253968253968,-9.085884601832332,False,True
2021-11-15,0.0,0.0,0.0,0.0,0.0,0.0,0.0,0.0,0.0,0.0,0.0,0.0,0.0,0.0,0.0,0.0,0.0,0.0,0.0,0.0,0.0,0.0,0.0,0.0,0.0,0.0,0.0,0.0,0.0,0.0,False,False
2021-11-16,0.0,0.0,0.0,0.0,0.0,0.0,0.0,0.0,0.0,0.0,0.0,0.0,0.0,0.0,0.0,0.0,0.0,0.0,0.0,0.0,0.0,0.0,0.0,0.0,0.0,0.0,0.0,0.0,0.0,0.0,False,False
2021-11-17,0.0,0.0,0.0,0.0,0.0,0.0,0.0,0.0,0.0,0.0,0.0,0.0,0.0,0.0,0.0,0.0,0.0,0.0,0.0,0.0,0.0,0.0,0.0,0.0,0.0,0.0,0.0,0.0,0.0,0.0,False,False
2021-11-18,0.0,0.0,0.0,0.0,0.0,0.0,0.0,0.0,0.0,0.0,0.0,0.0,0.0,0.0,0.0,0.0,0.0,0.0,0.0,0.0,0.0,0.0,0.0,0.0,0.0,0.0,0.0,0.0,0.0,0.0,False,False
2021-11-19,123359.06930770016,25000000.0,12500000.0,12500000.0,198.4126984126984,4.0,4.0,8.0,0.0,0.0,0.019329243081062382,0.5,0.5,0.5,1.0,0.0024671813861540035,0.0002,5e-05,0.00015,10000.0,3.968253968253968e-06,0.0024171813861540033,0.0022671813861540034,0.0022671813861540034,0.0022632131321857494,24.671813861540034,0.5,1.4999999999999998,0.03968253968253968,22.632131321857493,False,True
2021-11-22,-56708.619594912285,25000000.0,12500000.0,12500000.0,198.4126984126984,4.0,4.0,8.0,0.0,0.0,0.029981495609241737,0.5,0.5,0.5,1.0,-0.0011341723918982458,0.0002,5e-05,0.00015,10000.0,3.968253968253968e-06,-0.0011841723918982457,-0.0013341723918982456,-0.0013341723918982456,-0.0013381406458664996,-11.341723918982458,0.5,1.4999999999999998,0.03968253968253968,-13.381406458664996,False,True
2021-11-23,-150594.57768759158,25000000.0,12500000.0,12500000.0,198.4126984126984,4.0,4.0,8.0,0.0,0.0,0.028614890345048112,0.5,0.5,0.5,1.0,-0.0030118915537518313,0.0002,5e-05,0.00015,10000.0,3.968253968253968e-06,-0.0030618915537518315,-0.0032118915537518314,-0.0032118915537518314,-0.0032158598077200854,-30.118915537518312,0.5,1.4999999999999998,0.03968253968253968,-32.15859807720086,False,True
2021-11-24,6925.66555745012,25000000.0,12500000.0,12500000.0,198.4126984126984,4.0,4.0,8.0,0.0,0.0,0.02683556049593215,0.5,0.5,0.5,1.0,0.0001385133111490024,0.0002,5e-05,0.00015,10000.0,3.968253968253968e-06,8.85133111490024e-05,-6.148668885099759e-05,-6.148668885099759e-05,-6.545494281925156e-05,1.3851331114900238,0.5,1.4999999999999998,0.03968253968253968,-0.6545494281925156,False,True
2021-11-26,0.0,0.0,0.0,0.0,0.0,0.0,0.0,0.0,0.0,0.0,0.0,0.0,0.0,0.0,0.0,0.0,0.0,0.0,0.0,0.0,0.0,0.0,0.0,0.0,0.0,0.0,0.0,0.0,0.0,0.0,False,False
2021-11-29,0.0,0.0,0.0,0.0,0.0,0.0,0.0,0.0,0.0,0.0,0.0,0.0,0.0,0.0,0.0,0.0,0.0,0.0,0.0,0.0,0.0,0.0,0.0,0.0,0.0,0.0,0.0,0.0,0.0,0.0,False,False
2021-11-30,84930.9109184286,25000000.0,12500000.0,12500000.0,198.4126984126984,4.0,4.0,8.0,0.0,0.0,0.019189817781731223,0.5,0.5,0.5,1.0,0.0016986182183685722,0.0002,5e-05,0.00015,10000.0,3.968253968253968e-06,0.0016486182183685723,0.0014986182183685723,0.0014986182183685723,0.0014946499644003183,16.98618218368572,0.5,1.4999999999999998,0.03968253968253968,14.946499644003183,False,True
2021-12-01,0.0,0.0,0.0,0.0,0.0,0.0,0.0,0.0,0.0,0.0,0.0,0.0,0.0,0.0,0.0,0.0,0.0,0.0,0.0,0.0,0.0,0.0,0.0,0.0,0.0,0.0,0.0,0.0,0.0,0.0,False,False
2021-12-02,-137411.7697205777,25000000.0,12500000.0,12500000.0,198.4126984126984,4.0,4.0,8.0,0.0,0.0,0.024671680749846922,0.5,0.5,0.5,1.0,-0.0027482353944115537,0.0002,5e-05,0.00015,10000.0,3.968253968253968e-06,-0.002798235394411554,-0.0029482353944115538,-0.0029482353944115538,-0.0029522036483798078,-27.482353944115538,0.5,1.4999999999999998,0.03968253968253968,-29.52203648379808,False,True
2021-12-03,107461.13835553156,25000000.0,12500000.0,12500000.0,198.4126984126984,4.0,4.0,8.0,0.0,0.0,0.02755484483536788,0.5,0.5,0.5,1.0,0.002149222767110631,0.0002,5e-05,0.00015,10000.0,3.968253968253968e-06,0.002099222767110631,0.0019492227671106311,0.0019492227671106311,0.001945254513142377,21.492227671106313,0.5,1.4999999999999998,0.03968253968253968,19.452545131423772,False,True
2021-12-06,0.0,0.0,0.0,0.0,0.0,0.0,0.0,0.0,0.0,0.0,0.0,0.0,0.0,0.0,0.0,0.0,0.0,0.0,0.0,0.0,0.0,0.0,0.0,0.0,0.0,0.0,0.0,0.0,0.0,0.0,False,False
2021-12-07,154866.14653349022,25000000.0,12500000.0,12500000.0,198.4126984126984,4.0,4.0,8.0,0.0,0.0,0.023608886560627082,0.5,0.5,0.5,1.0,0.0030973229306698043,0.0002,5e-05,0.00015,10000.0,3.968253968253968e-06,0.003047322930669804,0.002897322930669804,0.002897322930669804,0.00289335467670155,30.97322930669804,0.5,1.4999999999999998,0.03968253968253968,28.933546767015503,False,True
2021-12-08,0.0,0.0,0.0,0.0,0.0,0.0,0.0,0.0,0.0,0.0,0.0,0.0,0.0,0.0,0.0,0.0,0.0,0.0,0.0,0.0,0.0,0.0,0.0,0.0,0.0,0.0,0.0,0.0,0.0,0.0,False,False
2021-12-09,-51647.83831414603,25000000.0,12500000.0,12500000.0,198.4126984126984,4.0,4.0,8.0,0.0,0.0,0.027827594264951218,0.5,0.5,0.5,1.0,-0.0010329567662829206,0.0002,5e-05,0.00015,10000.0,3.968253968253968e-06,-0.0010829567662829205,-0.0012329567662829205,-0.0012329567662829205,-0.0012369250202511745,-10.329567662829206,0.5,1.4999999999999998,0.03968253968253968,-12.369250202511745,False,True
2021-12-10,0.0,0.0,0.0,0.0,0.0,0.0,0.0,0.0,0.0,0.0,0.0,0.0,0.0,0.0,0.0,0.0,0.0,0.0,0.0,0.0,0.0,0.0,0.0,0.0,0.0,0.0,0.0,0.0,0.0,0.0,False,False
2021-12-13,-192652.61047980815,25000000.0,12500000.0,12500000.0,198.4126984126984,4.0,4.0,8.0,0.0,0.0,0.014199817528482409,0.5,0.5,0.5,1.0,-0.003853052209596163,0.0002,5e-05,0.00015,10000.0,3.968253968253968e-06,-0.003903052209596163,-0.004053052209596163,-0.004053052209596163,-0.004057020463564417,-38.53052209596163,0.5,1.4999999999999998,0.03968253968253968,-40.57020463564417,False,True
2021-12-14,-97166.94868600779,25000000.0,12500000.0,12500000.0,198.4126984126984,4.0,4.0,8.0,0.0,0.0,0.018488867207275345,0.5,0.5,0.5,1.0,-0.0019433389737201557,0.0002,5e-05,0.00015,10000.0,3.968253968253968e-06,-0.0019933389737201556,-0.0021433389737201556,-0.0021433389737201556,-0.0021473072276884096,-19.43338973720156,0.5,1.4999999999999998,0.03968253968253968,-21.473072276884096,False,True
2021-12-15,0.0,0.0,0.0,0.0,0.0,0.0,0.0,0.0,0.0,0.0,0.0,0.0,0.0,0.0,0.0,0.0,0.0,0.0,0.0,0.0,0.0,0.0,0.0,0.0,0.0,0.0,0.0,0.0,0.0,0.0,False,False
2021-12-16,-61912.298489389534,25000000.0,12500000.0,12500000.0,198.4126984126984,4.0,4.0,8.0,0.0,0.0,0.014083848698895379,0.5,0.5,0.5,1.0,-0.0012382459697877907,0.0002,5e-05,0.00015,10000.0,3.968253968253968e-06,-0.0012882459697877906,-0.0014382459697877905,-0.0014382459697877905,-0.0014422142237560445,-12.382459697877907,0.5,1.4999999999999998,0.03968253968253968,-14.422142237560445,False,True
2021-12-17,0.0,0.0,0.0,0.0,0.0,0.0,0.0,0.0,0.0,0.0,0.0,0.0,0.0,0.0,0.0,0.0,0.0,0.0,0.0,0.0,0.0,0.0,0.0,0.0,0.0,0.0,0.0,0.0,0.0,0.0,False,False
2021-12-20,158407.35690297597,25000000.0,12500000.0,12500000.0,198.4126984126984,4.0,4.0,8.0,1.0,0.125,0.05,0.5,0.5,0.5,1.0,0.003168147138059519,0.0002,5e-05,0.00015,10000.0,3.968253968253968e-06,0.003118147138059519,0.002968147138059519,0.002968147138059519,0.002964178884091265,31.68147138059519,0.5,1.4999999999999998,0.03968253968253968,29.64178884091265,False,True
2021-12-21,-2812.6416444704973,25000000.0,12500000.0,12500000.0,198.4126984126984,4.0,4.0,8.0,0.0,0.0,0.008921390841960287,0.5,0.5,0.5,1.0,-5.625283288940995e-05,0.0002,5e-05,0.00015,10000.0,3.968253968253968e-06,-0.00010625283288940996,-0.00025625283288940995,-0.00025625283288940995,-0.0002602210868576639,-0.5625283288940995,0.5,1.4999999999999998,0.03968253968253968,-2.602210868576639,False,True
2021-12-22,150719.10711648705,25000000.0,12500000.0,12500000.0,198.4126984126984,4.0,4.0,8.0,0.0,0.0,0.026789895043177324,0.5,0.5,0.5,1.0,0.0030143821423297412,0.0002,5e-05,0.00015,10000.0,3.968253968253968e-06,0.002964382142329741,0.002814382142329741,0.002814382142329741,0.002810413888361487,30.14382142329741,0.5,1.4999999999999998,0.03968253968253968,28.104138883614873,False,True
2021-12-23,-283423.9764753324,24999999.999999996,12499999.999999998,12499999.999999998,198.41269841269838,4.0,4.0,8.0,1.0,0.125,0.05,0.49999999999999994,0.49999999999999994,0.49999999999999994,0.9999999999999999,-0.005668479529506648,0.00019999999999999998,4.9999999999999996e-05,0.00014999999999999996,10000.0,3.968253968253967e-06,-0.005718479529506648,-0.005868479529506648,-0.005868479529506648,-0.0058724477834749015,-56.684795295066486,0.49999999999999994,1.4999999999999996,0.03968253968253967,-58.72447783474902,False,True
2021-12-27,-93196.58391411747,25000000.0,12500000.0,12500000.0,198.4126984126984,4.0,4.0,8.0,1.0,0.125,0.05,0.5,0.5,0.5,1.0,-0.0018639316782823492,0.0002,5e-05,0.00015,10000.0,3.968253968253968e-06,-0.0019139316782823491,-0.0020639316782823493,-0.0020639316782823493,-0.0020678999322506033,-18.639316782823492,0.5,1.4999999999999998,0.03968253968253968,-20.678999322506034,False,True
2021-12-28,-133688.5537676479,25000000.0,12500000.0,12500000.0,198.4126984126984,4.0,4.0,8.0,0.0,0.0,0.019590641054764452,0.5,0.5,0.5,1.0,-0.0026737710753529584,0.0002,5e-05,0.00015,10000.0,3.968253968253968e-06,-0.0027237710753529585,-0.0028737710753529585,-0.0028737710753529585,-0.0028777393293212125,-26.737710753529583,0.5,1.4999999999999998,0.03968253968253968,-28.777393293212125,False,True
2021-12-29,-128515.21325801287,25000000.0,12500000.0,12500000.0,198.4126984126984,4.0,4.0,8.0,0.0,0.0,0.01241401172347527,0.5,0.5,0.5,1.0,-0.0025703042651602573,0.0002,5e-05,0.00015,10000.0,3.968253968253968e-06,-0.0026203042651602574,-0.0027703042651602574,-0.0027703042651602574,-0.0027742725191285114,-25.703042651602573,0.5,1.4999999999999998,0.03968253968253968,-27.742725191285114,False,True
2021-12-30,0.0,0.0,0.0,0.0,0.0,0.0,0.0,0.0,0.0,0.0,0.0,0.0,0.0,0.0,0.0,0.0,0.0,0.0,0.0,0.0,0.0,0.0,0.0,0.0,0.0,0.0,0.0,0.0,0.0,0.0,False,False
2021-12-31,216488.4954350448,25000000.0,12500000.0,12500000.0,198.4126984126984,4.0,4.0,8.0,0.0,0.0,0.022197270974313395,0.5,0.5,0.5,1.0,0.0043297699087008965,0.0002,5e-05,0.00015,10000.0,3.968253968253968e-06,0.004279769908700897,0.004129769908700897,0.004129769908700897,0.004125801654732643,43.297699087008965,0.5,1.4999999999999998,0.03968253968253968,41.258016547326434,False,True
2022-01-03,0.0,0.0,0.0,0.0,0.0,0.0,0.0,0.0,0.0,0.0,0.0,0.0,0.0,0.0,0.0,0.0,0.0,0.0,0.0,0.0,0.0,0.0,0.0,0.0,0.0,0.0,0.0,0.0,0.0,0.0,False,False
2022-01-04,0.0,0.0,0.0,0.0,0.0,0.0,0.0,0.0,0.0,0.0,0.0,0.0,0.0,0.0,0.0,0.0,0.0,0.0,0.0,0.0,0.0,0.0,0.0,0.0,0.0,0.0,0.0,0.0,0.0,0.0,False,False
2022-01-05,0.0,0.0,0.0,0.0,0.0,0.0,0.0,0.0,0.0,0.0,0.0,0.0,0.0,0.0,0.0,0.0,0.0,0.0,0.0,0.0,0.0,0.0,0.0,0.0,0.0,0.0,0.0,0.0,0.0,0.0,False,False
2022-01-06,0.0,0.0,0.0,0.0,0.0,0.0,0.0,0.0,0.0,0.0,0.0,0.0,0.0,0.0,0.0,0.0,0.0,0.0,0.0,0.0,0.0,0.0,0.0,0.0,0.0,0.0,0.0,0.0,0.0,0.0,False,False
2022-01-07,0.0,0.0,0.0,0.0,0.0,0.0,0.0,0.0,0.0,0.0,0.0,0.0,0.0,0.0,0.0,0.0,0.0,0.0,0.0,0.0,0.0,0.0,0.0,0.0,0.0,0.0,0.0,0.0,0.0,0.0,False,False
2022-01-10,0.0,0.0,0.0,0.0,0.0,0.0,0.0,0.0,0.0,0.0,0.0,0.0,0.0,0.0,0.0,0.0,0.0,0.0,0.0,0.0,0.0,0.0,0.0,0.0,0.0,0.0,0.0,0.0,0.0,0.0,False,False
2022-01-11,0.0,0.0,0.0,0.0,0.0,0.0,0.0,0.0,0.0,0.0,0.0,0.0,0.0,0.0,0.0,0.0,0.0,0.0,0.0,0.0,0.0,0.0,0.0,0.0,0.0,0.0,0.0,0.0,0.0,0.0,False,False
2022-01-12,0.0,0.0,0.0,0.0,0.0,0.0,0.0,0.0,0.0,0.0,0.0,0.0,0.0,0.0,0.0,0.0,0.0,0.0,0.0,0.0,0.0,0.0,0.0,0.0,0.0,0.0,0.0,0.0,0.0,0.0,False,False
2022-01-13,0.0,0.0,0.0,0.0,0.0,0.0,0.0,0.0,0.0,0.0,0.0,0.0,0.0,0.0,0.0,0.0,0.0,0.0,0.0,0.0,0.0,0.0,0.0,0.0,0.0,0.0,0.0,0.0,0.0,0.0,False,False
2022-01-14,0.0,0.0,0.0,0.0,0.0,0.0,0.0,0.0,0.0,0.0,0.0,0.0,0.0,0.0,0.0,0.0,0.0,0.0,0.0,0.0,0.0,0.0,0.0,0.0,0.0,0.0,0.0,0.0,0.0,0.0,False,False
2022-01-18,0.0,0.0,0.0,0.0,0.0,0.0,0.0,0.0,0.0,0.0,0.0,0.0,0.0,0.0,0.0,0.0,0.0,0.0,0.0,0.0,0.0,0.0,0.0,0.0,0.0,0.0,0.0,0.0,0.0,0.0,False,False
2022-01-19,0.0,0.0,0.0,0.0,0.0,0.0,0.0,0.0,0.0,0.0,0.0,0.0,0.0,0.0,0.0,0.0,0.0,0.0,0.0,0.0,0.0,0.0,0.0,0.0,0.0,0.0,0.0,0.0,0.0,0.0,False,False
2022-01-20,0.0,0.0,0.0,0.0,0.0,0.0,0.0,0.0,0.0,0.0,0.0,0.0,0.0,0.0,0.0,0.0,0.0,0.0,0.0,0.0,0.0,0.0,0.0,0.0,0.0,0.0,0.0,0.0,0.0,0.0,False,False
2022-01-21,0.0,0.0,0.0,0.0,0.0,0.0,0.0,0.0,0.0,0.0,0.0,0.0,0.0,0.0,0.0,0.0,0.0,0.0,0.0,0.0,0.0,0.0,0.0,0.0,0.0,0.0,0.0,0.0,0.0,0.0,False,False
2022-01-24,0.0,0.0,0.0,0.0,0.0,0.0,0.0,0.0,0.0,0.0,0.0,0.0,0.0,0.0,0.0,0.0,0.0,0.0,0.0,0.0,0.0,0.0,0.0,0.0,0.0,0.0,0.0,0.0,0.0,0.0,False,False
2022-01-25,0.0,0.0,0.0,0.0,0.0,0.0,0.0,0.0,0.0,0.0,0.0,0.0,0.0,0.0,0.0,0.0,0.0,0.0,0.0,0.0,0.0,0.0,0.0,0.0,0.0,0.0,0.0,0.0,0.0,0.0,False,False
2022-01-26,0.0,0.0,0.0,0.0,0.0,0.0,0.0,0.0,0.0,0.0,0.0,0.0,0.0,0.0,0.0,0.0,0.0,0.0,0.0,0.0,0.0,0.0,0.0,0.0,0.0,0.0,0.0,0.0,0.0,0.0,False,False
2022-01-27,0.0,0.0,0.0,0.0,0.0,0.0,0.0,0.0,0.0,0.0,0.0,0.0,0.0,0.0,0.0,0.0,0.0,0.0,0.0,0.0,0.0,0.0,0.0,0.0,0.0,0.0,0.0,0.0,0.0,0.0,False,False
2022-01-28,0.0,0.0,0.0,0.0,0.0,0.0,0.0,0.0,0.0,0.0,0.0,0.0,0.0,0.0,0.0,0.0,0.0,0.0,0.0,0.0,0.0,0.0,0.0,0.0,0.0,0.0,0.0,0.0,0.0,0.0,False,False
2022-01-31,0.0,0.0,0.0,0.0,0.0,0.0,0.0,0.0,0.0,0.0,0.0,0.0,0.0,0.0,0.0,0.0,0.0,0.0,0.0,0.0,0.0,0.0,0.0,0.0,0.0,0.0,0.0,0.0,0.0,0.0,False,False
2022-02-01,0.0,0.0,0.0,0.0,0.0,0.0,0.0,0.0,0.0,0.0,0.0,0.0,0.0,0.0,0.0,0.0,0.0,0.0,0.0,0.0,0.0,0.0,0.0,0.0,0.0,0.0,0.0,0.0,0.0,0.0,False,False
2022-02-02,0.0,0.0,0.0,0.0,0.0,0.0,0.0,0.0,0.0,0.0,0.0,0.0,0.0,0.0,0.0,0.0,0.0,0.0,0.0,0.0,0.0,0.0,0.0,0.0,0.0,0.0,0.0,0.0,0.0,0.0,False,False
2022-02-03,0.0,0.0,0.0,0.0,0.0,0.0,0.0,0.0,0.0,0.0,0.0,0.0,0.0,0.0,0.0,0.0,0.0,0.0,0.0,0.0,0.0,0.0,0.0,0.0,0.0,0.0,0.0,0.0,0.0,0.0,False,False
2022-02-04,0.0,0.0,0.0,0.0,0.0,0.0,0.0,0.0,0.0,0.0,0.0,0.0,0.0,0.0,0.0,0.0,0.0,0.0,0.0,0.0,0.0,0.0,0.0,0.0,0.0,0.0,0.0,0.0,0.0,0.0,False,False
2022-02-07,0.0,0.0,0.0,0.0,0.0,0.0,0.0,0.0,0.0,0.0,0.0,0.0,0.0,0.0,0.0,0.0,0.0,0.0,0.0,0.0,0.0,0.0,0.0,0.0,0.0,0.0,0.0,0.0,0.0,0.0,False,False
2022-02-08,0.0,0.0,0.0,0.0,0.0,0.0,0.0,0.0,0.0,0.0,0.0,0.0,0.0,0.0,0.0,0.0,0.0,0.0,0.0,0.0,0.0,0.0,0.0,0.0,0.0,0.0,0.0,0.0,0.0,0.0,False,False
2022-02-09,0.0,0.0,0.0,0.0,0.0,0.0,0.0,0.0,0.0,0.0,0.0,0.0,0.0,0.0,0.0,0.0,0.0,0.0,0.0,0.0,0.0,0.0,0.0,0.0,0.0,0.0,0.0,0.0,0.0,0.0,False,False
2022-02-10,0.0,0.0,0.0,0.0,0.0,0.0,0.0,0.0,0.0,0.0,0.0,0.0,0.0,0.0,0.0,0.0,0.0,0.0,0.0,0.0,0.0,0.0,0.0,0.0,0.0,0.0,0.0,0.0,0.0,0.0,False,False
2022-02-11,0.0,0.0,0.0,0.0,0.0,0.0,0.0,0.0,0.0,0.0,0.0,0.0,0.0,0.0,0.0,0.0,0.0,0.0,0.0,0.0,0.0,0.0,0.0,0.0,0.0,0.0,0.0,0.0,0.0,0.0,False,False
2022-02-14,0.0,0.0,0.0,0.0,0.0,0.0,0.0,0.0,0.0,0.0,0.0,0.0,0.0,0.0,0.0,0.0,0.0,0.0,0.0,0.0,0.0,0.0,0.0,0.0,0.0,0.0,0.0,0.0,0.0,0.0,False,False
2022-02-15,0.0,0.0,0.0,0.0,0.0,0.0,0.0,0.0,0.0,0.0,0.0,0.0,0.0,0.0,0.0,0.0,0.0,0.0,0.0,0.0,0.0,0.0,0.0,0.0,0.0,0.0,0.0,0.0,0.0,0.0,False,False
2022-02-16,0.0,0.0,0.0,0.0,0.0,0.0,0.0,0.0,0.0,0.0,0.0,0.0,0.0,0.0,0.0,0.0,0.0,0.0,0.0,0.0,0.0,0.0,0.0,0.0,0.0,0.0,0.0,0.0,0.0,0.0,False,False
2022-02-17,0.0,0.0,0.0,0.0,0.0,0.0,0.0,0.0,0.0,0.0,0.0,0.0,0.0,0.0,0.0,0.0,0.0,0.0,0.0,0.0,0.0,0.0,0.0,0.0,0.0,0.0,0.0,0.0,0.0,0.0,False,False
2022-02-18,0.0,0.0,0.0,0.0,0.0,0.0,0.0,0.0,0.0,0.0,0.0,0.0,0.0,0.0,0.0,0.0,0.0,0.0,0.0,0.0,0.0,0.0,0.0,0.0,0.0,0.0,0.0,0.0,0.0,0.0,False,False
2022-02-22,0.0,0.0,0.0,0.0,0.0,0.0,0.0,0.0,0.0,0.0,0.0,0.0,0.0,0.0,0.0,0.0,0.0,0.0,0.0,0.0,0.0,0.0,0.0,0.0,0.0,0.0,0.0,0.0,0.0,0.0,False,False
2022-02-23,0.0,0.0,0.0,0.0,0.0,0.0,0.0,0.0,0.0,0.0,0.0,0.0,0.0,0.0,0.0,0.0,0.0,0.0,0.0,0.0,0.0,0.0,0.0,0.0,0.0,0.0,0.0,0.0,0.0,0.0,False,False
2022-02-24,0.0,0.0,0.0,0.0,0.0,0.0,0.0,0.0,0.0,0.0,0.0,0.0,0.0,0.0,0.0,0.0,0.0,0.0,0.0,0.0,0.0,0.0,0.0,0.0,0.0,0.0,0.0,0.0,0.0,0.0,False,False
2022-02-25,0.0,0.0,0.0,0.0,0.0,0.0,0.0,0.0,0.0,0.0,0.0,0.0,0.0,0.0,0.0,0.0,0.0,0.0,0.0,0.0,0.0,0.0,0.0,0.0,0.0,0.0,0.0,0.0,0.0,0.0,False,False
2022-02-28,0.0,0.0,0.0,0.0,0.0,0.0,0.0,0.0,0.0,0.0,0.0,0.0,0.0,0.0,0.0,0.0,0.0,0.0,0.0,0.0,0.0,0.0,0.0,0.0,0.0,0.0,0.0,0.0,0.0,0.0,False,False
2022-03-01,0.0,0.0,0.0,0.0,0.0,0.0,0.0,0.0,0.0,0.0,0.0,0.0,0.0,0.0,0.0,0.0,0.0,0.0,0.0,0.0,0.0,0.0,0.0,0.0,0.0,0.0,0.0,0.0,0.0,0.0,False,False
2022-03-02,0.0,0.0,0.0,0.0,0.0,0.0,0.0,0.0,0.0,0.0,0.0,0.0,0.0,0.0,0.0,0.0,0.0,0.0,0.0,0.0,0.0,0.0,0.0,0.0,0.0,0.0,0.0,0.0,0.0,0.0,False,False
2022-03-03,0.0,0.0,0.0,0.0,0.0,0.0,0.0,0.0,0.0,0.0,0.0,0.0,0.0,0.0,0.0,0.0,0.0,0.0,0.0,0.0,0.0,0.0,0.0,0.0,0.0,0.0,0.0,0.0,0.0,0.0,False,False
2022-03-04,0.0,0.0,0.0,0.0,0.0,0.0,0.0,0.0,0.0,0.0,0.0,0.0,0.0,0.0,0.0,0.0,0.0,0.0,0.0,0.0,0.0,0.0,0.0,0.0,0.0,0.0,0.0,0.0,0.0,0.0,False,False
2022-03-07,0.0,0.0,0.0,0.0,0.0,0.0,0.0,0.0,0.0,0.0,0.0,0.0,0.0,0.0,0.0,0.0,0.0,0.0,0.0,0.0,0.0,0.0,0.0,0.0,0.0,0.0,0.0,0.0,0.0,0.0,False,False
2022-03-08,0.0,0.0,0.0,0.0,0.0,0.0,0.0,0.0,0.0,0.0,0.0,0.0,0.0,0.0,0.0,0.0,0.0,0.0,0.0,0.0,0.0,0.0,0.0,0.0,0.0,0.0,0.0,0.0,0.0,0.0,False,False
2022-03-09,0.0,0.0,0.0,0.0,0.0,0.0,0.0,0.0,0.0,0.0,0.0,0.0,0.0,0.0,0.0,0.0,0.0,0.0,0.0,0.0,0.0,0.0,0.0,0.0,0.0,0.0,0.0,0.0,0.0,0.0,False,False
2022-03-10,0.0,0.0,0.0,0.0,0.0,0.0,0.0,0.0,0.0,0.0,0.0,0.0,0.0,0.0,0.0,0.0,0.0,0.0,0.0,0.0,0.0,0.0,0.0,0.0,0.0,0.0,0.0,0.0,0.0,0.0,False,False
2022-03-11,0.0,0.0,0.0,0.0,0.0,0.0,0.0,0.0,0.0,0.0,0.0,0.0,0.0,0.0,0.0,0.0,0.0,0.0,0.0,0.0,0.0,0.0,0.0,0.0,0.0,0.0,0.0,0.0,0.0,0.0,False,False
2022-03-14,0.0,0.0,0.0,0.0,0.0,0.0,0.0,0.0,0.0,0.0,0.0,0.0,0.0,0.0,0.0,0.0,0.0,0.0,0.0,0.0,0.0,0.0,0.0,0.0,0.0,0.0,0.0,0.0,0.0,0.0,False,False
2022-03-15,0.0,0.0,0.0,0.0,0.0,0.0,0.0,0.0,0.0,0.0,0.0,0.0,0.0,0.0,0.0,0.0,0.0,0.0,0.0,0.0,0.0,0.0,0.0,0.0,0.0,0.0,0.0,0.0,0.0,0.0,False,False
2022-03-16,0.0,0.0,0.0,0.0,0.0,0.0,0.0,0.0,0.0,0.0,0.0,0.0,0.0,0.0,0.0,0.0,0.0,0.0,0.0,0.0,0.0,0.0,0.0,0.0,0.0,0.0,0.0,0.0,0.0,0.0,False,False
2022-03-17,0.0,0.0,0.0,0.0,0.0,0.0,0.0,0.0,0.0,0.0,0.0,0.0,0.0,0.0,0.0,0.0,0.0,0.0,0.0,0.0,0.0,0.0,0.0,0.0,0.0,0.0,0.0,0.0,0.0,0.0,False,False
2022-03-18,0.0,0.0,0.0,0.0,0.0,0.0,0.0,0.0,0.0,0.0,0.0,0.0,0.0,0.0,0.0,0.0,0.0,0.0,0.0,0.0,0.0,0.0,0.0,0.0,0.0,0.0,0.0,0.0,0.0,0.0,False,False
2022-03-21,0.0,0.0,0.0,0.0,0.0,0.0,0.0,0.0,0.0,0.0,0.0,0.0,0.0,0.0,0.0,0.0,0.0,0.0,0.0,0.0,0.0,0.0,0.0,0.0,0.0,0.0,0.0,0.0,0.0,0.0,False,False
2022-03-22,0.0,0.0,0.0,0.0,0.0,0.0,0.0,0.0,0.0,0.0,0.0,0.0,0.0,0.0,0.0,0.0,0.0,0.0,0.0,0.0,0.0,0.0,0.0,0.0,0.0,0.0,0.0,0.0,0.0,0.0,False,False
2022-03-23,0.0,0.0,0.0,0.0,0.0,0.0,0.0,0.0,0.0,0.0,0.0,0.0,0.0,0.0,0.0,0.0,0.0,0.0,0.0,0.0,0.0,0.0,0.0,0.0,0.0,0.0,0.0,0.0,0.0,0.0,False,False
2022-03-24,0.0,0.0,0.0,0.0,0.0,0.0,0.0,0.0,0.0,0.0,0.0,0.0,0.0,0.0,0.0,0.0,0.0,0.0,0.0,0.0,0.0,0.0,0.0,0.0,0.0,0.0,0.0,0.0,0.0,0.0,False,False
2022-03-25,-57226.64585952675,25000000.0,12500000.0,12500000.0,400.9633533333333,4.0,4.0,8.0,2.0,0.25,0.05,0.5,0.5,0.5,1.0,-0.0011445329171905349,0.0002,5e-05,0.00015,10000.0,8.019267066666666e-06,-0.0011945329171905348,-0.0013445329171905347,-0.0013445329171905347,-0.0013525521842572014,-11.445329171905348,0.5,1.4999999999999998,0.08019267066666666,-13.525521842572015,False,True
2022-03-28,220867.19376772697,25000000.0,12500000.0,12500000.0,198.4126984126984,4.0,4.0,8.0,1.0,0.125,0.05,0.5,0.5,0.5,1.0,0.0044173438753545395,0.0002,5e-05,0.00015,10000.0,3.968253968253968e-06,0.00436734387535454,0.00421734387535454,0.00421734387535454,0.004213375621386286,44.1734387535454,0.5,1.4999999999999998,0.03968253968253968,42.13375621386286,False,True
2022-03-29,-74789.39162146942,25000000.0,12500000.0,12500000.0,383.11019761904765,4.0,4.0,8.0,2.0,0.25,0.05,0.5,0.5,0.5,1.0,-0.0014957878324293884,0.0002,5e-05,0.00015,10000.0,7.662203952380953e-06,-0.0015457878324293883,-0.0016957878324293883,-0.0016957878324293883,-0.0017034500363817691,-14.957878324293883,0.5,1.4999999999999998,0.07662203952380953,-17.034500363817692,False,True
2022-03-30,864.7466399545156,24999999.999999996,12499999.999999998,12500000.0,376.67566301587306,4.0,4.0,8.0,1.0,0.125,0.05,0.49999999999999994,0.49999999999999994,0.49999999999999994,0.9999999999999999,1.729493279909031e-05,0.00019999999999999998,4.9999999999999996e-05,0.00014999999999999996,10000.0,7.533513260317461e-06,-3.2705067200909686e-05,-0.00018270506720090965,-0.00018270506720090965,-0.00019023858046122712,0.1729493279909031,0.49999999999999994,1.4999999999999996,0.07533513260317462,-1.9023858046122712,False,True
2022-03-31,0.0,0.0,0.0,0.0,0.0,0.0,0.0,0.0,0.0,0.0,0.0,0.0,0.0,0.0,0.0,0.0,0.0,0.0,0.0,0.0,0.0,0.0,0.0,0.0,0.0,0.0,0.0,0.0,0.0,0.0,False,False
2022-04-01,132782.03137593056,25000000.0,12500000.0,12500000.0,373.987936031746,4.0,4.0,8.0,1.0,0.125,0.049999999999999996,0.5,0.5,0.5,1.0,0.002655640627518611,0.0002,5e-05,0.00015,10000.0,7.47975872063492e-06,0.002605640627518611,0.002455640627518611,0.002455640627518611,0.0024481608687979763,26.556406275186113,0.5,1.4999999999999998,0.0747975872063492,24.48160868797976,False,True
2022-04-04,0.0,0.0,0.0,0.0,0.0,0.0,0.0,0.0,0.0,0.0,0.0,0.0,0.0,0.0,0.0,0.0,0.0,0.0,0.0,0.0,0.0,0.0,0.0,0.0,0.0,0.0,0.0,0.0,0.0,0.0,False,False
2022-04-05,-186709.492320225,25000000.0,12500000.0,12500000.0,363.4647412698413,4.0,4.0,8.0,2.0,0.25,0.05,0.5,0.5,0.5,1.0,-0.0037341898464045,0.0002,5e-05,0.00015,10000.0,7.269294825396826e-06,-0.0037841898464045,-0.003934189846404501,-0.003934189846404501,-0.003941459141229897,-37.341898464045,0.5,1.4999999999999998,0.07269294825396826,-39.414591412298975,False,True
2022-04-06,22263.092731867157,25000000.0,12500000.0,12500000.0,359.5049071428572,4.0,4.0,8.0,2.0,0.25,0.05,0.5,0.5,0.5,1.0,0.0004452618546373431,0.0002,5e-05,0.00015,10000.0,7.190098142857143e-06,0.0003952618546373431,0.0002452618546373431,0.0002452618546373431,0.00023807175649448594,4.452618546373431,0.5,1.4999999999999998,0.07190098142857143,2.3807175649448595,False,True
2022-04-07,-163180.90840218237,25000000.0,12500000.0,12500000.0,369.84415682539685,4.0,4.0,8.0,2.0,0.25,0.05,0.5,0.5,0.5,1.0,-0.0032636181680436474,0.0002,5e-05,0.00015,10000.0,7.396883136507937e-06,-0.0033136181680436475,-0.0034636181680436475,-0.0034636181680436475,-0.003471015051180155,-32.63618168043647,0.5,1.4999999999999998,0.07396883136507937,-34.71015051180155,False,True
2022-04-08,-406514.42255468736,25000000.0,12500000.0,12500000.0,374.6021155555556,4.0,4.0,8.0,2.0,0.25,0.05000000000000001,0.5,0.5,0.5,1.0,-0.008130288451093747,0.0002,5e-05,0.00015,10000.0,7.492042311111112e-06,-0.008180288451093747,-0.008330288451093747,-0.008330288451093747,-0.008337780493404858,-81.30288451093747,0.5,1.4999999999999998,0.07492042311111112,-83.37780493404858,False,True
2022-04-11,270920.9752139779,25000000.0,12500000.0,12500000.0,377.81312063492066,4.0,4.0,8.0,2.0,0.25,0.05000000000000001,0.5,0.5,0.5,1.0,0.005418419504279558,0.0002,5e-05,0.00015,10000.0,7.556262412698413e-06,0.005368419504279558,0.005218419504279558,0.005218419504279558,0.00521086324186686,54.18419504279558,0.5,1.4999999999999998,0.07556262412698413,52.108632418668606,False,True
2022-04-12,11626.048491546973,25000000.0,12500000.0,12500000.0,376.3772195238096,4.0,4.0,8.0,2.0,0.25,0.05000000000000001,0.5,0.5,0.5,1.0,0.00023252096983093946,0.0002,5e-05,0.00015,10000.0,7.5275443904761916e-06,0.00018252096983093947,3.252096983093948e-05,3.252096983093948e-05,2.499342544046329e-05,2.325209698309395,0.5,1.4999999999999998,0.07527544390476192,0.2499342544046329,False,True
2022-04-13,-43335.95629780879,25000000.0,12500000.0,12500000.0,379.3999623809524,4.0,4.0,8.0,2.0,0.25,0.05,0.5,0.5,0.5,1.0,-0.0008667191259561759,0.0002,5e-05,0.00015,10000.0,7.587999247619048e-06,-0.0009167191259561759,-0.0010667191259561759,-0.0010667191259561759,-0.0010743071252037949,-8.66719125956176,0.5,1.4999999999999998,0.07587999247619047,-10.743071252037948,False,True
2022-04-14,-57745.09363346577,25000000.0,12500000.0,12500000.0,376.7247461904762,4.0,4.0,8.0,2.0,0.25,0.05,0.5,0.5,0.5,1.0,-0.0011549018726693153,0.0002,5e-05,0.00015,10000.0,7.534494923809524e-06,-0.0012049018726693153,-0.0013549018726693152,-0.0013549018726693152,-0.0013624363675931248,-11.549018726693154,0.5,1.4999999999999998,0.07534494923809523,-13.624363675931248,False,True
2022-04-18,0.0,0.0,0.0,0.0,0.0,0.0,0.0,0.0,0.0,0.0,0.0,0.0,0.0,0.0,0.0,0.0,0.0,0.0,0.0,0.0,0.0,0.0,0.0,0.0,0.0,0.0,0.0,0.0,0.0,0.0,False,False
2022-04-19,0.0,0.0,0.0,0.0,0.0,0.0,0.0,0.0,0.0,0.0,0.0,0.0,0.0,0.0,0.0,0.0,0.0,0.0,0.0,0.0,0.0,0.0,0.0,0.0,0.0,0.0,0.0,0.0,0.0,0.0,False,False
2022-04-20,0.0,0.0,0.0,0.0,0.0,0.0,0.0,0.0,0.0,0.0,0.0,0.0,0.0,0.0,0.0,0.0,0.0,0.0,0.0,0.0,0.0,0.0,0.0,0.0,0.0,0.0,0.0,0.0,0.0,0.0,False,False
2022-04-21,0.0,0.0,0.0,0.0,0.0,0.0,0.0,0.0,0.0,0.0,0.0,0.0,0.0,0.0,0.0,0.0,0.0,0.0,0.0,0.0,0.0,0.0,0.0,0.0,0.0,0.0,0.0,0.0,0.0,0.0,False,False
2022-04-22,0.0,0.0,0.0,0.0,0.0,0.0,0.0,0.0,0.0,0.0,0.0,0.0,0.0,0.0,0.0,0.0,0.0,0.0,0.0,0.0,0.0,0.0,0.0,0.0,0.0,0.0,0.0,0.0,0.0,0.0,False,False
2022-04-25,0.0,0.0,0.0,0.0,0.0,0.0,0.0,0.0,0.0,0.0,0.0,0.0,0.0,0.0,0.0,0.0,0.0,0.0,0.0,0.0,0.0,0.0,0.0,0.0,0.0,0.0,0.0,0.0,0.0,0.0,False,False
2022-04-26,-153876.68459125637,25000000.0,12500000.0,12500000.0,360.17505063492064,3.0,3.0,6.0,2.0,0.3333333333333333,0.05,0.5,0.5,0.5,1.0,-0.0030775336918251275,0.0002,5e-05,0.00015,10000.0,7.203501012698413e-06,-0.0031275336918251276,-0.0032775336918251276,-0.0032775336918251276,-0.003284737192837826,-30.775336918251273,0.5,1.4999999999999998,0.07203501012698413,-32.84737192837826,False,True
2022-04-27,187191.39964512762,23704261.825000003,11852130.912500001,11852130.912500001,188.12906210317462,3.0,3.0,6.0,3.0,0.5,0.05,0.47408523650000006,0.47408523650000006,0.47408523650000006,0.9481704730000001,0.003743827992902552,0.00018963409460000003,4.740852365000001e-05,0.00014222557095,9481.704730000001,3.7625812420634924e-06,0.003696419469252552,0.003554193898302552,0.003554193898302552,0.0035504313170604883,37.43827992902552,0.47408523650000006,1.4222557095000001,0.037625812420634924,35.50431317060488,False,True
2022-04-28,0.0,0.0,0.0,0.0,0.0,0.0,0.0,0.0,0.0,0.0,0.0,0.0,0.0,0.0,0.0,0.0,0.0,0.0,0.0,0.0,0.0,0.0,0.0,0.0,0.0,0.0,0.0,0.0,0.0,0.0,False,False
2022-04-29,0.0,0.0,0.0,0.0,0.0,0.0,0.0,0.0,0.0,0.0,0.0,0.0,0.0,0.0,0.0,0.0,0.0,0.0,0.0,0.0,0.0,0.0,0.0,0.0,0.0,0.0,0.0,0.0,0.0,0.0,False,False
2022-05-02,0.0,0.0,0.0,0.0,0.0,0.0,0.0,0.0,0.0,0.0,0.0,0.0,0.0,0.0,0.0,0.0,0.0,0.0,0.0,0.0,0.0,0.0,0.0,0.0,0.0,0.0,0.0,0.0,0.0,0.0,False,False
2022-05-03,0.0,0.0,0.0,0.0,0.0,0.0,0.0,0.0,0.0,0.0,0.0,0.0,0.0,0.0,0.0,0.0,0.0,0.0,0.0,0.0,0.0,0.0,0.0,0.0,0.0,0.0,0.0,0.0,0.0,0.0,False,False
2022-05-04,0.0,0.0,0.0,0.0,0.0,0.0,0.0,0.0,0.0,0.0,0.0,0.0,0.0,0.0,0.0,0.0,0.0,0.0,0.0,0.0,0.0,0.0,0.0,0.0,0.0,0.0,0.0,0.0,0.0,0.0,False,False
2022-05-05,0.0,0.0,0.0,0.0,0.0,0.0,0.0,0.0,0.0,0.0,0.0,0.0,0.0,0.0,0.0,0.0,0.0,0.0,0.0,0.0,0.0,0.0,0.0,0.0,0.0,0.0,0.0,0.0,0.0,0.0,False,False
2022-05-06,0.0,0.0,0.0,0.0,0.0,0.0,0.0,0.0,0.0,0.0,0.0,0.0,0.0,0.0,0.0,0.0,0.0,0.0,0.0,0.0,0.0,0.0,0.0,0.0,0.0,0.0,0.0,0.0,0.0,0.0,False,False
2022-05-09,0.0,0.0,0.0,0.0,0.0,0.0,0.0,0.0,0.0,0.0,0.0,0.0,0.0,0.0,0.0,0.0,0.0,0.0,0.0,0.0,0.0,0.0,0.0,0.0,0.0,0.0,0.0,0.0,0.0,0.0,False,False
2022-05-10,0.0,0.0,0.0,0.0,0.0,0.0,0.0,0.0,0.0,0.0,0.0,0.0,0.0,0.0,0.0,0.0,0.0,0.0,0.0,0.0,0.0,0.0,0.0,0.0,0.0,0.0,0.0,0.0,0.0,0.0,False,False
2022-05-11,0.0,0.0,0.0,0.0,0.0,0.0,0.0,0.0,0.0,0.0,0.0,0.0,0.0,0.0,0.0,0.0,0.0,0.0,0.0,0.0,0.0,0.0,0.0,0.0,0.0,0.0,0.0,0.0,0.0,0.0,False,False
2022-05-12,0.0,0.0,0.0,0.0,0.0,0.0,0.0,0.0,0.0,0.0,0.0,0.0,0.0,0.0,0.0,0.0,0.0,0.0,0.0,0.0,0.0,0.0,0.0,0.0,0.0,0.0,0.0,0.0,0.0,0.0,False,False
2022-05-13,-122503.35883842346,25000000.0,12500000.0,12500000.0,323.06676714285715,4.0,4.0,8.0,1.0,0.125,0.049999999999999996,0.5,0.5,0.5,1.0,-0.002450067176768469,0.0002,5e-05,0.00015,10000.0,6.461335342857143e-06,-0.002500067176768469,-0.002650067176768469,-0.002650067176768469,-0.0026565285121113264,-24.50067176768469,0.5,1.4999999999999998,0.06461335342857143,-26.565285121113263,False,True
2022-05-16,0.0,0.0,0.0,0.0,0.0,0.0,0.0,0.0,0.0,0.0,0.0,0.0,0.0,0.0,0.0,0.0,0.0,0.0,0.0,0.0,0.0,0.0,0.0,0.0,0.0,0.0,0.0,0.0,0.0,0.0,False,False
2022-05-17,0.0,0.0,0.0,0.0,0.0,0.0,0.0,0.0,0.0,0.0,0.0,0.0,0.0,0.0,0.0,0.0,0.0,0.0,0.0,0.0,0.0,0.0,0.0,0.0,0.0,0.0,0.0,0.0,0.0,0.0,False,False
2022-05-18,0.0,0.0,0.0,0.0,0.0,0.0,0.0,0.0,0.0,0.0,0.0,0.0,0.0,0.0,0.0,0.0,0.0,0.0,0.0,0.0,0.0,0.0,0.0,0.0,0.0,0.0,0.0,0.0,0.0,0.0,False,False
2022-05-19,0.0,0.0,0.0,0.0,0.0,0.0,0.0,0.0,0.0,0.0,0.0,0.0,0.0,0.0,0.0,0.0,0.0,0.0,0.0,0.0,0.0,0.0,0.0,0.0,0.0,0.0,0.0,0.0,0.0,0.0,False,False
2022-05-20,0.0,0.0,0.0,0.0,0.0,0.0,0.0,0.0,0.0,0.0,0.0,0.0,0.0,0.0,0.0,0.0,0.0,0.0,0.0,0.0,0.0,0.0,0.0,0.0,0.0,0.0,0.0,0.0,0.0,0.0,False,False
2022-05-23,0.0,0.0,0.0,0.0,0.0,0.0,0.0,0.0,0.0,0.0,0.0,0.0,0.0,0.0,0.0,0.0,0.0,0.0,0.0,0.0,0.0,0.0,0.0,0.0,0.0,0.0,0.0,0.0,0.0,0.0,False,False
2022-05-24,0.0,0.0,0.0,0.0,0.0,0.0,0.0,0.0,0.0,0.0,0.0,0.0,0.0,0.0,0.0,0.0,0.0,0.0,0.0,0.0,0.0,0.0,0.0,0.0,0.0,0.0,0.0,0.0,0.0,0.0,False,False
2022-05-25,0.0,0.0,0.0,0.0,0.0,0.0,0.0,0.0,0.0,0.0,0.0,0.0,0.0,0.0,0.0,0.0,0.0,0.0,0.0,0.0,0.0,0.0,0.0,0.0,0.0,0.0,0.0,0.0,0.0,0.0,False,False
2022-05-26,0.0,0.0,0.0,0.0,0.0,0.0,0.0,0.0,0.0,0.0,0.0,0.0,0.0,0.0,0.0,0.0,0.0,0.0,0.0,0.0,0.0,0.0,0.0,0.0,0.0,0.0,0.0,0.0,0.0,0.0,False,False
2022-05-27,0.0,0.0,0.0,0.0,0.0,0.0,0.0,0.0,0.0,0.0,0.0,0.0,0.0,0.0,0.0,0.0,0.0,0.0,0.0,0.0,0.0,0.0,0.0,0.0,0.0,0.0,0.0,0.0,0.0,0.0,False,False
2022-05-31,0.0,0.0,0.0,0.0,0.0,0.0,0.0,0.0,0.0,0.0,0.0,0.0,0.0,0.0,0.0,0.0,0.0,0.0,0.0,0.0,0.0,0.0,0.0,0.0,0.0,0.0,0.0,0.0,0.0,0.0,False,False
2022-06-01,0.0,0.0,0.0,0.0,0.0,0.0,0.0,0.0,0.0,0.0,0.0,0.0,0.0,0.0,0.0,0.0,0.0,0.0,0.0,0.0,0.0,0.0,0.0,0.0,0.0,0.0,0.0,0.0,0.0,0.0,False,False
2022-06-02,0.0,0.0,0.0,0.0,0.0,0.0,0.0,0.0,0.0,0.0,0.0,0.0,0.0,0.0,0.0,0.0,0.0,0.0,0.0,0.0,0.0,0.0,0.0,0.0,0.0,0.0,0.0,0.0,0.0,0.0,False,False
2022-06-03,0.0,0.0,0.0,0.0,0.0,0.0,0.0,0.0,0.0,0.0,0.0,0.0,0.0,0.0,0.0,0.0,0.0,0.0,0.0,0.0,0.0,0.0,0.0,0.0,0.0,0.0,0.0,0.0,0.0,0.0,False,False
2022-06-06,0.0,0.0,0.0,0.0,0.0,0.0,0.0,0.0,0.0,0.0,0.0,0.0,0.0,0.0,0.0,0.0,0.0,0.0,0.0,0.0,0.0,0.0,0.0,0.0,0.0,0.0,0.0,0.0,0.0,0.0,False,False
2022-06-07,0.0,0.0,0.0,0.0,0.0,0.0,0.0,0.0,0.0,0.0,0.0,0.0,0.0,0.0,0.0,0.0,0.0,0.0,0.0,0.0,0.0,0.0,0.0,0.0,0.0,0.0,0.0,0.0,0.0,0.0,False,False
2022-06-08,0.0,0.0,0.0,0.0,0.0,0.0,0.0,0.0,0.0,0.0,0.0,0.0,0.0,0.0,0.0,0.0,0.0,0.0,0.0,0.0,0.0,0.0,0.0,0.0,0.0,0.0,0.0,0.0,0.0,0.0,False,False
2022-06-09,0.0,0.0,0.0,0.0,0.0,0.0,0.0,0.0,0.0,0.0,0.0,0.0,0.0,0.0,0.0,0.0,0.0,0.0,0.0,0.0,0.0,0.0,0.0,0.0,0.0,0.0,0.0,0.0,0.0,0.0,False,False
2022-06-10,0.0,0.0,0.0,0.0,0.0,0.0,0.0,0.0,0.0,0.0,0.0,0.0,0.0,0.0,0.0,0.0,0.0,0.0,0.0,0.0,0.0,0.0,0.0,0.0,0.0,0.0,0.0,0.0,0.0,0.0,False,False
2022-06-13,0.0,0.0,0.0,0.0,0.0,0.0,0.0,0.0,0.0,0.0,0.0,0.0,0.0,0.0,0.0,0.0,0.0,0.0,0.0,0.0,0.0,0.0,0.0,0.0,0.0,0.0,0.0,0.0,0.0,0.0,False,False
2022-06-14,62119.60737924001,25000000.0,12500000.0,12500000.0,270.51331269841273,4.0,4.0,8.0,1.0,0.125,0.05,0.5,0.5,0.5,1.0,0.0012423921475848002,0.0002,5e-05,0.00015,10000.0,5.410266253968254e-06,0.0011923921475848003,0.0010423921475848003,0.0010423921475848003,0.001036981881330832,12.423921475848003,0.5,1.4999999999999998,0.054102662539682544,10.36981881330832,False,True
2022-06-15,0.0,0.0,0.0,0.0,0.0,0.0,0.0,0.0,0.0,0.0,0.0,0.0,0.0,0.0,0.0,0.0,0.0,0.0,0.0,0.0,0.0,0.0,0.0,0.0,0.0,0.0,0.0,0.0,0.0,0.0,False,False
2022-06-16,50382.45727349496,25000000.0,12500000.0,12500000.0,399.185209047619,4.0,4.0,8.0,2.0,0.25,0.05,0.5,0.5,0.5,1.0,0.0010076491454698991,0.0002,5e-05,0.00015,10000.0,7.98370418095238e-06,0.0009576491454698991,0.0008076491454698992,0.0008076491454698992,0.0007996654412889468,10.076491454698992,0.5,1.4999999999999998,0.0798370418095238,7.996654412889468,False,True
2022-06-17,79729.2624924925,25000000.0,12500000.0,12500000.0,320.5798855555556,4.0,4.0,8.0,1.0,0.125,0.05,0.5,0.5,0.5,1.0,0.0015945852498498502,0.0002,5e-05,0.00015,10000.0,6.4115977111111125e-06,0.0015445852498498502,0.0013945852498498503,0.0013945852498498503,0.0013881736521387392,15.945852498498502,0.5,1.4999999999999998,0.06411597711111112,13.881736521387392,False,True
2022-06-21,-64442.47406463782,25000000.0,12500000.0,12500000.0,356.5970160317461,4.0,4.0,8.0,2.0,0.25,0.05,0.5,0.5,0.5,1.0,-0.0012888494812927564,0.0002,5e-05,0.00015,10000.0,7.1319403206349215e-06,-0.0013388494812927563,-0.0014888494812927563,-0.0014888494812927563,-0.0014959814216133913,-12.888494812927565,0.5,1.4999999999999998,0.07131940320634922,-14.959814216133912,False,True
2022-06-22,159930.14739623613,25000000.0,12500000.0,12500000.0,321.80131682539684,4.0,4.0,8.0,1.0,0.125,0.05,0.5,0.5,0.5,1.0,0.0031986029479247227,0.0002,5e-05,0.00015,10000.0,6.4360263365079366e-06,0.0031486029479247226,0.0029986029479247226,0.0029986029479247226,0.0029921669215882147,31.986029479247225,0.5,1.4999999999999998,0.06436026336507937,29.921669215882147,False,True
2022-06-23,153712.30759619537,25000000.0,12500000.0,12500000.0,321.0232434920635,4.0,4.0,8.0,1.0,0.125,0.05,0.5,0.5,0.5,1.0,0.0030742461519239076,0.0002,5e-05,0.00015,10000.0,6.42046486984127e-06,0.0030242461519239074,0.0028742461519239075,0.0028742461519239075,0.002867825687054066,30.742461519239075,0.5,1.4999999999999998,0.06420464869841269,28.67825687054066,False,True
2022-06-24,130056.64847215329,25000000.0,12500000.0,12500000.0,320.4677422222222,4.0,4.0,8.0,1.0,0.125,0.049999999999999996,0.5,0.5,0.5,1.0,0.0026011329694430657,0.0002,5e-05,0.00015,10000.0,6.409354844444444e-06,0.0025511329694430655,0.0024011329694430656,0.0024011329694430656,0.002394723614598621,26.011329694430657,0.5,1.4999999999999998,0.06409354844444444,23.947236145986214,False,True
2022-06-27,-78239.77611437804,49999999.99999999,24999999.999999996,25000000.0,396.8253968253968,4.0,4.0,8.0,1.0,0.125,0.05,0.9999999999999999,0.9999999999999999,0.9999999999999999,1.9999999999999998,-0.0015647955222875608,0.00039999999999999996,9.999999999999999e-05,0.0002999999999999999,20000.0,7.936507936507936e-06,-0.0016647955222875608,-0.0019647955222875605,-0.0019647955222875605,-0.0019727320302240685,-15.647955222875607,0.9999999999999999,2.999999999999999,0.07936507936507936,-19.727320302240685,True,False
2022-06-28,-254120.0306819677,24999999.999999996,12499999.999999998,12500000.0,198.41269841269838,4.0,4.0,8.0,1.0,0.125,0.05,0.49999999999999994,0.49999999999999994,0.49999999999999994,0.9999999999999999,-0.0050824006136393545,0.00019999999999999998,4.9999999999999996e-05,0.00014999999999999996,10000.0,3.968253968253967e-06,-0.005132400613639354,-0.005282400613639354,-0.005282400613639354,-0.005286368867607608,-50.82400613639354,0.49999999999999994,1.4999999999999996,0.03968253968253967,-52.86368867607608,False,True
2022-06-29,-105048.85738586189,25000000.0,12500000.0,12500000.0,198.4126984126984,4.0,4.0,8.0,0.0,0.0,0.01743362370714684,0.5,0.5,0.5,1.0,-0.0021009771477172377,0.0002,5e-05,0.00015,10000.0,3.968253968253968e-06,-0.002150977147717238,-0.002300977147717238,-0.002300977147717238,-0.002304945401685492,-21.00977147717238,0.5,1.4999999999999998,0.03968253968253968,-23.049454016854916,False,True
2022-06-30,-141057.8090514182,25000000.0,12500000.0,12500000.0,198.4126984126984,4.0,4.0,8.0,0.0,0.0,0.02132769547999447,0.5,0.5,0.5,1.0,-0.002821156181028364,0.0002,5e-05,0.00015,10000.0,3.968253968253968e-06,-0.0028711561810283643,-0.0030211561810283643,-0.0030211561810283643,-0.0030251244349966183,-28.21156181028364,0.5,1.4999999999999998,0.03968253968253968,-30.251244349966182,False,True
2022-07-01,-170703.781263821,25000000.0,12500000.0,12500000.000000002,326.82342920634926,4.0,4.0,8.0,2.0,0.25,0.05,0.5,0.5,0.5,1.0,-0.00341407562527642,0.0002,5e-05,0.00015,10000.0,6.536468584126985e-06,-0.00346407562527642,-0.00361407562527642,-0.00361407562527642,-0.003620612093860547,-34.1407562527642,0.5,1.4999999999999998,0.06536468584126985,-36.20612093860547,False,True
2022-07-05,-4387.465571744851,50000000.0,25000000.0,25000000.0,396.8253968253968,4.0,4.0,8.0,2.0,0.25,0.05000000000000001,1.0,1.0,1.0,2.0,-8.774931143489703e-05,0.0004,0.0001,0.0003,20000.0,7.936507936507936e-06,-0.00018774931143489704,-0.000487749311434897,-0.000487749311434897,-0.000495685819371405,-0.8774931143489703,1.0,2.9999999999999996,0.07936507936507936,-4.95685819371405,True,False
2022-07-06,343974.3066074351,50000000.0,25000000.0,25000000.0,396.8253968253968,4.0,4.0,8.0,2.0,0.25,0.05,1.0,1.0,1.0,2.0,0.006879486132148702,0.0004,0.0001,0.0003,20000.0,7.936507936507936e-06,0.006779486132148702,0.006479486132148702,0.006479486132148702,0.006471549624212194,68.79486132148702,1.0,2.9999999999999996,0.07936507936507936,64.71549624212194,True,False
2022-07-07,-446743.17622841045,25000000.0,12500000.0,12500000.0,198.4126984126984,4.0,4.0,8.0,0.0,0.0,0.037214653170963036,0.5,0.5,0.5,1.0,-0.00893486352456821,0.0002,5e-05,0.00015,10000.0,3.968253968253968e-06,-0.00898486352456821,-0.00913486352456821,-0.00913486352456821,-0.009138831778536465,-89.34863524568209,0.5,1.4999999999999998,0.03968253968253968,-91.38831778536465,False,True
2022-07-08,-146269.23655865257,25000000.0,12500000.0,12500000.0,198.4126984126984,4.0,4.0,8.0,1.0,0.125,0.05,0.5,0.5,0.5,1.0,-0.0029253847311730514,0.0002,5e-05,0.00015,10000.0,3.968253968253968e-06,-0.0029753847311730515,-0.0031253847311730515,-0.0031253847311730515,-0.0031293529851413055,-29.253847311730514,0.5,1.4999999999999998,0.03968253968253968,-31.293529851413055,False,True
2022-07-11,-52969.23299484557,25000000.0,12500000.0,12500000.0,198.4126984126984,4.0,4.0,8.0,0.0,0.0,0.03721563733961865,0.5,0.5,0.5,1.0,-0.0010593846598969114,0.0002,5e-05,0.00015,10000.0,3.968253968253968e-06,-0.0011093846598969114,-0.0012593846598969113,-0.0012593846598969113,-0.0012633529138651653,-10.593846598969115,0.5,1.4999999999999998,0.03968253968253968,-12.633529138651653,False,True
2022-07-12,-328780.1679808316,24999999.999999996,12499999.999999998,12499999.999999998,198.41269841269838,4.0,4.0,8.0,1.0,0.125,0.05000000000000001,0.49999999999999994,0.49999999999999994,0.49999999999999994,0.9999999999999999,-0.006575603359616632,0.00019999999999999998,4.9999999999999996e-05,0.00014999999999999996,10000.0,3.968253968253967e-06,-0.0066256033596166315,-0.0067756033596166314,-0.0067756033596166314,-0.006779571613584885,-65.75603359616632,0.49999999999999994,1.4999999999999996,0.03968253968253967,-67.79571613584885,False,True
2022-07-13,28498.379301089557,25000000.0,12500000.0,12500000.0,198.4126984126984,4.0,4.0,8.0,0.0,0.0,0.0035191007986761827,0.5,0.5,0.5,1.0,0.0005699675860217911,0.0002,5e-05,0.00015,10000.0,3.968253968253968e-06,0.0005199675860217911,0.0003699675860217911,0.0003699675860217911,0.00036599933205353716,5.699675860217911,0.5,1.4999999999999998,0.03968253968253968,3.6599933205353716,False,True
2022-07-14,206488.61602064193,25000000.0,12500000.0,12500000.0,198.4126984126984,4.0,4.0,8.0,0.0,0.0,0.04248143650379726,0.5,0.5,0.5,1.0,0.004129772320412839,0.0002,5e-05,0.00015,10000.0,3.968253968253968e-06,0.004079772320412839,0.003929772320412839,0.003929772320412839,0.003925804066444586,41.29772320412839,0.5,1.4999999999999998,0.03968253968253968,39.25804066444586,False,True
2022-07-15,436826.47695839923,24999999.999999996,12499999.999999998,12499999.999999998,198.4126984126984,4.0,4.0,8.0,3.0,0.375,0.05,0.49999999999999994,0.49999999999999994,0.49999999999999994,0.9999999999999999,0.008736529539167984,0.00019999999999999998,4.9999999999999996e-05,0.00014999999999999996,10000.0,3.968253968253968e-06,0.008686529539167985,0.008536529539167986,0.008536529539167986,0.008532561285199731,87.36529539167985,0.49999999999999994,1.4999999999999996,0.03968253968253968,85.3256128519973,False,True
2022-07-18,455786.57825324417,25000000.0,12500000.0,12500000.0,198.4126984126984,4.0,4.0,8.0,3.0,0.375,0.05,0.5,0.5,0.5,1.0,0.009115731565064884,0.0002,5e-05,0.00015,10000.0,3.968253968253968e-06,0.009065731565064884,0.008915731565064883,0.008915731565064883,0.008911763311096629,91.15731565064884,0.5,1.4999999999999998,0.03968253968253968,89.1176331109663,False,True
2022-07-19,119128.24444419944,25000000.0,12500000.0,12500000.0,198.41269841269843,4.0,4.0,8.0,1.0,0.125,0.05,0.5,0.5,0.5,1.0,0.0023825648888839888,0.0002,5e-05,0.00015,10000.0,3.968253968253969e-06,0.0023325648888839886,0.0021825648888839887,0.0021825648888839887,0.0021785966349157347,23.825648888839886,0.5,1.4999999999999998,0.03968253968253969,21.785966349157345,False,True
2022-07-20,16654.495564105924,25000000.0,12500000.0,12500000.0,198.41269841269843,4.0,4.0,8.0,2.0,0.25,0.05,0.5,0.5,0.5,1.0,0.00033308991128211846,0.0002,5e-05,0.00015,10000.0,3.968253968253969e-06,0.00028308991128211844,0.00013308991128211845,0.00013308991128211845,0.00012912165731386447,3.3308991128211844,0.5,1.4999999999999998,0.03968253968253969,1.2912165731386447,False,True
2022-07-21,0.0,0.0,0.0,0.0,0.0,0.0,0.0,0.0,0.0,0.0,0.0,0.0,0.0,0.0,0.0,0.0,0.0,0.0,0.0,0.0,0.0,0.0,0.0,0.0,0.0,0.0,0.0,0.0,0.0,0.0,False,False
2022-07-22,0.0,0.0,0.0,0.0,0.0,0.0,0.0,0.0,0.0,0.0,0.0,0.0,0.0,0.0,0.0,0.0,0.0,0.0,0.0,0.0,0.0,0.0,0.0,0.0,0.0,0.0,0.0,0.0,0.0,0.0,False,False
2022-07-25,0.0,0.0,0.0,0.0,0.0,0.0,0.0,0.0,0.0,0.0,0.0,0.0,0.0,0.0,0.0,0.0,0.0,0.0,0.0,0.0,0.0,0.0,0.0,0.0,0.0,0.0,0.0,0.0,0.0,0.0,False,False
2022-07-26,0.0,0.0,0.0,0.0,0.0,0.0,0.0,0.0,0.0,0.0,0.0,0.0,0.0,0.0,0.0,0.0,0.0,0.0,0.0,0.0,0.0,0.0,0.0,0.0,0.0,0.0,0.0,0.0,0.0,0.0,False,False
2022-07-27,0.0,0.0,0.0,0.0,0.0,0.0,0.0,0.0,0.0,0.0,0.0,0.0,0.0,0.0,0.0,0.0,0.0,0.0,0.0,0.0,0.0,0.0,0.0,0.0,0.0,0.0,0.0,0.0,0.0,0.0,False,False
2022-07-28,0.0,0.0,0.0,0.0,0.0,0.0,0.0,0.0,0.0,0.0,0.0,0.0,0.0,0.0,0.0,0.0,0.0,0.0,0.0,0.0,0.0,0.0,0.0,0.0,0.0,0.0,0.0,0.0,0.0,0.0,False,False
2022-07-29,0.0,0.0,0.0,0.0,0.0,0.0,0.0,0.0,0.0,0.0,0.0,0.0,0.0,0.0,0.0,0.0,0.0,0.0,0.0,0.0,0.0,0.0,0.0,0.0,0.0,0.0,0.0,0.0,0.0,0.0,False,False
2022-08-01,0.0,0.0,0.0,0.0,0.0,0.0,0.0,0.0,0.0,0.0,0.0,0.0,0.0,0.0,0.0,0.0,0.0,0.0,0.0,0.0,0.0,0.0,0.0,0.0,0.0,0.0,0.0,0.0,0.0,0.0,False,False
2022-08-02,0.0,0.0,0.0,0.0,0.0,0.0,0.0,0.0,0.0,0.0,0.0,0.0,0.0,0.0,0.0,0.0,0.0,0.0,0.0,0.0,0.0,0.0,0.0,0.0,0.0,0.0,0.0,0.0,0.0,0.0,False,False
2022-08-03,0.0,0.0,0.0,0.0,0.0,0.0,0.0,0.0,0.0,0.0,0.0,0.0,0.0,0.0,0.0,0.0,0.0,0.0,0.0,0.0,0.0,0.0,0.0,0.0,0.0,0.0,0.0,0.0,0.0,0.0,False,False
2022-08-04,0.0,0.0,0.0,0.0,0.0,0.0,0.0,0.0,0.0,0.0,0.0,0.0,0.0,0.0,0.0,0.0,0.0,0.0,0.0,0.0,0.0,0.0,0.0,0.0,0.0,0.0,0.0,0.0,0.0,0.0,False,False
2022-08-05,0.0,0.0,0.0,0.0,0.0,0.0,0.0,0.0,0.0,0.0,0.0,0.0,0.0,0.0,0.0,0.0,0.0,0.0,0.0,0.0,0.0,0.0,0.0,0.0,0.0,0.0,0.0,0.0,0.0,0.0,False,False
2022-08-08,0.0,0.0,0.0,0.0,0.0,0.0,0.0,0.0,0.0,0.0,0.0,0.0,0.0,0.0,0.0,0.0,0.0,0.0,0.0,0.0,0.0,0.0,0.0,0.0,0.0,0.0,0.0,0.0,0.0,0.0,False,False
2022-08-09,0.0,0.0,0.0,0.0,0.0,0.0,0.0,0.0,0.0,0.0,0.0,0.0,0.0,0.0,0.0,0.0,0.0,0.0,0.0,0.0,0.0,0.0,0.0,0.0,0.0,0.0,0.0,0.0,0.0,0.0,False,False
2022-08-10,0.0,0.0,0.0,0.0,0.0,0.0,0.0,0.0,0.0,0.0,0.0,0.0,0.0,0.0,0.0,0.0,0.0,0.0,0.0,0.0,0.0,0.0,0.0,0.0,0.0,0.0,0.0,0.0,0.0,0.0,False,False
2022-08-11,0.0,0.0,0.0,0.0,0.0,0.0,0.0,0.0,0.0,0.0,0.0,0.0,0.0,0.0,0.0,0.0,0.0,0.0,0.0,0.0,0.0,0.0,0.0,0.0,0.0,0.0,0.0,0.0,0.0,0.0,False,False
2022-08-12,0.0,0.0,0.0,0.0,0.0,0.0,0.0,0.0,0.0,0.0,0.0,0.0,0.0,0.0,0.0,0.0,0.0,0.0,0.0,0.0,0.0,0.0,0.0,0.0,0.0,0.0,0.0,0.0,0.0,0.0,False,False
2022-08-15,0.0,0.0,0.0,0.0,0.0,0.0,0.0,0.0,0.0,0.0,0.0,0.0,0.0,0.0,0.0,0.0,0.0,0.0,0.0,0.0,0.0,0.0,0.0,0.0,0.0,0.0,0.0,0.0,0.0,0.0,False,False
2022-08-16,0.0,0.0,0.0,0.0,0.0,0.0,0.0,0.0,0.0,0.0,0.0,0.0,0.0,0.0,0.0,0.0,0.0,0.0,0.0,0.0,0.0,0.0,0.0,0.0,0.0,0.0,0.0,0.0,0.0,0.0,False,False
2022-08-17,0.0,0.0,0.0,0.0,0.0,0.0,0.0,0.0,0.0,0.0,0.0,0.0,0.0,0.0,0.0,0.0,0.0,0.0,0.0,0.0,0.0,0.0,0.0,0.0,0.0,0.0,0.0,0.0,0.0,0.0,False,False
2022-08-18,0.0,0.0,0.0,0.0,0.0,0.0,0.0,0.0,0.0,0.0,0.0,0.0,0.0,0.0,0.0,0.0,0.0,0.0,0.0,0.0,0.0,0.0,0.0,0.0,0.0,0.0,0.0,0.0,0.0,0.0,False,False
2022-08-19,0.0,0.0,0.0,0.0,0.0,0.0,0.0,0.0,0.0,0.0,0.0,0.0,0.0,0.0,0.0,0.0,0.0,0.0,0.0,0.0,0.0,0.0,0.0,0.0,0.0,0.0,0.0,0.0,0.0,0.0,False,False
2022-08-22,0.0,0.0,0.0,0.0,0.0,0.0,0.0,0.0,0.0,0.0,0.0,0.0,0.0,0.0,0.0,0.0,0.0,0.0,0.0,0.0,0.0,0.0,0.0,0.0,0.0,0.0,0.0,0.0,0.0,0.0,False,False
2022-08-23,0.0,0.0,0.0,0.0,0.0,0.0,0.0,0.0,0.0,0.0,0.0,0.0,0.0,0.0,0.0,0.0,0.0,0.0,0.0,0.0,0.0,0.0,0.0,0.0,0.0,0.0,0.0,0.0,0.0,0.0,False,False
2022-08-24,0.0,0.0,0.0,0.0,0.0,0.0,0.0,0.0,0.0,0.0,0.0,0.0,0.0,0.0,0.0,0.0,0.0,0.0,0.0,0.0,0.0,0.0,0.0,0.0,0.0,0.0,0.0,0.0,0.0,0.0,False,False
2022-08-25,0.0,0.0,0.0,0.0,0.0,0.0,0.0,0.0,0.0,0.0,0.0,0.0,0.0,0.0,0.0,0.0,0.0,0.0,0.0,0.0,0.0,0.0,0.0,0.0,0.0,0.0,0.0,0.0,0.0,0.0,False,False
2022-08-26,0.0,0.0,0.0,0.0,0.0,0.0,0.0,0.0,0.0,0.0,0.0,0.0,0.0,0.0,0.0,0.0,0.0,0.0,0.0,0.0,0.0,0.0,0.0,0.0,0.0,0.0,0.0,0.0,0.0,0.0,False,False
2022-08-29,0.0,0.0,0.0,0.0,0.0,0.0,0.0,0.0,0.0,0.0,0.0,0.0,0.0,0.0,0.0,0.0,0.0,0.0,0.0,0.0,0.0,0.0,0.0,0.0,0.0,0.0,0.0,0.0,0.0,0.0,False,False
2022-08-30,0.0,0.0,0.0,0.0,0.0,0.0,0.0,0.0,0.0,0.0,0.0,0.0,0.0,0.0,0.0,0.0,0.0,0.0,0.0,0.0,0.0,0.0,0.0,0.0,0.0,0.0,0.0,0.0,0.0,0.0,False,False
2022-08-31,0.0,0.0,0.0,0.0,0.0,0.0,0.0,0.0,0.0,0.0,0.0,0.0,0.0,0.0,0.0,0.0,0.0,0.0,0.0,0.0,0.0,0.0,0.0,0.0,0.0,0.0,0.0,0.0,0.0,0.0,False,False
2022-09-01,0.0,0.0,0.0,0.0,0.0,0.0,0.0,0.0,0.0,0.0,0.0,0.0,0.0,0.0,0.0,0.0,0.0,0.0,0.0,0.0,0.0,0.0,0.0,0.0,0.0,0.0,0.0,0.0,0.0,0.0,False,False
2022-09-02,0.0,0.0,0.0,0.0,0.0,0.0,0.0,0.0,0.0,0.0,0.0,0.0,0.0,0.0,0.0,0.0,0.0,0.0,0.0,0.0,0.0,0.0,0.0,0.0,0.0,0.0,0.0,0.0,0.0,0.0,False,False
2022-09-06,0.0,0.0,0.0,0.0,0.0,0.0,0.0,0.0,0.0,0.0,0.0,0.0,0.0,0.0,0.0,0.0,0.0,0.0,0.0,0.0,0.0,0.0,0.0,0.0,0.0,0.0,0.0,0.0,0.0,0.0,False,False
2022-09-07,0.0,0.0,0.0,0.0,0.0,0.0,0.0,0.0,0.0,0.0,0.0,0.0,0.0,0.0,0.0,0.0,0.0,0.0,0.0,0.0,0.0,0.0,0.0,0.0,0.0,0.0,0.0,0.0,0.0,0.0,False,False
2022-09-08,0.0,0.0,0.0,0.0,0.0,0.0,0.0,0.0,0.0,0.0,0.0,0.0,0.0,0.0,0.0,0.0,0.0,0.0,0.0,0.0,0.0,0.0,0.0,0.0,0.0,0.0,0.0,0.0,0.0,0.0,False,False
2022-09-09,0.0,0.0,0.0,0.0,0.0,0.0,0.0,0.0,0.0,0.0,0.0,0.0,0.0,0.0,0.0,0.0,0.0,0.0,0.0,0.0,0.0,0.0,0.0,0.0,0.0,0.0,0.0,0.0,0.0,0.0,False,False
2022-09-12,0.0,0.0,0.0,0.0,0.0,0.0,0.0,0.0,0.0,0.0,0.0,0.0,0.0,0.0,0.0,0.0,0.0,0.0,0.0,0.0,0.0,0.0,0.0,0.0,0.0,0.0,0.0,0.0,0.0,0.0,False,False
2022-09-13,0.0,0.0,0.0,0.0,0.0,0.0,0.0,0.0,0.0,0.0,0.0,0.0,0.0,0.0,0.0,0.0,0.0,0.0,0.0,0.0,0.0,0.0,0.0,0.0,0.0,0.0,0.0,0.0,0.0,0.0,False,False
2022-09-14,0.0,0.0,0.0,0.0,0.0,0.0,0.0,0.0,0.0,0.0,0.0,0.0,0.0,0.0,0.0,0.0,0.0,0.0,0.0,0.0,0.0,0.0,0.0,0.0,0.0,0.0,0.0,0.0,0.0,0.0,False,False
2022-09-15,0.0,0.0,0.0,0.0,0.0,0.0,0.0,0.0,0.0,0.0,0.0,0.0,0.0,0.0,0.0,0.0,0.0,0.0,0.0,0.0,0.0,0.0,0.0,0.0,0.0,0.0,0.0,0.0,0.0,0.0,False,False
2022-09-16,0.0,0.0,0.0,0.0,0.0,0.0,0.0,0.0,0.0,0.0,0.0,0.0,0.0,0.0,0.0,0.0,0.0,0.0,0.0,0.0,0.0,0.0,0.0,0.0,0.0,0.0,0.0,0.0,0.0,0.0,False,False
2022-09-19,0.0,0.0,0.0,0.0,0.0,0.0,0.0,0.0,0.0,0.0,0.0,0.0,0.0,0.0,0.0,0.0,0.0,0.0,0.0,0.0,0.0,0.0,0.0,0.0,0.0,0.0,0.0,0.0,0.0,0.0,False,False
2022-09-20,0.0,0.0,0.0,0.0,0.0,0.0,0.0,0.0,0.0,0.0,0.0,0.0,0.0,0.0,0.0,0.0,0.0,0.0,0.0,0.0,0.0,0.0,0.0,0.0,0.0,0.0,0.0,0.0,0.0,0.0,False,False
2022-09-21,0.0,0.0,0.0,0.0,0.0,0.0,0.0,0.0,0.0,0.0,0.0,0.0,0.0,0.0,0.0,0.0,0.0,0.0,0.0,0.0,0.0,0.0,0.0,0.0,0.0,0.0,0.0,0.0,0.0,0.0,False,False
2022-09-22,0.0,0.0,0.0,0.0,0.0,0.0,0.0,0.0,0.0,0.0,0.0,0.0,0.0,0.0,0.0,0.0,0.0,0.0,0.0,0.0,0.0,0.0,0.0,0.0,0.0,0.0,0.0,0.0,0.0,0.0,False,False
2022-09-23,0.0,0.0,0.0,0.0,0.0,0.0,0.0,0.0,0.0,0.0,0.0,0.0,0.0,0.0,0.0,0.0,0.0,0.0,0.0,0.0,0.0,0.0,0.0,0.0,0.0,0.0,0.0,0.0,0.0,0.0,False,False
2022-09-26,0.0,0.0,0.0,0.0,0.0,0.0,0.0,0.0,0.0,0.0,0.0,0.0,0.0,0.0,0.0,0.0,0.0,0.0,0.0,0.0,0.0,0.0,0.0,0.0,0.0,0.0,0.0,0.0,0.0,0.0,False,False
2022-09-27,0.0,0.0,0.0,0.0,0.0,0.0,0.0,0.0,0.0,0.0,0.0,0.0,0.0,0.0,0.0,0.0,0.0,0.0,0.0,0.0,0.0,0.0,0.0,0.0,0.0,0.0,0.0,0.0,0.0,0.0,False,False
2022-09-28,0.0,0.0,0.0,0.0,0.0,0.0,0.0,0.0,0.0,0.0,0.0,0.0,0.0,0.0,0.0,0.0,0.0,0.0,0.0,0.0,0.0,0.0,0.0,0.0,0.0,0.0,0.0,0.0,0.0,0.0,False,False
2022-09-29,0.0,0.0,0.0,0.0,0.0,0.0,0.0,0.0,0.0,0.0,0.0,0.0,0.0,0.0,0.0,0.0,0.0,0.0,0.0,0.0,0.0,0.0,0.0,0.0,0.0,0.0,0.0,0.0,0.0,0.0,False,False
2022-09-30,0.0,0.0,0.0,0.0,0.0,0.0,0.0,0.0,0.0,0.0,0.0,0.0,0.0,0.0,0.0,0.0,0.0,0.0,0.0,0.0,0.0,0.0,0.0,0.0,0.0,0.0,0.0,0.0,0.0,0.0,False,False
2022-10-03,0.0,0.0,0.0,0.0,0.0,0.0,0.0,0.0,0.0,0.0,0.0,0.0,0.0,0.0,0.0,0.0,0.0,0.0,0.0,0.0,0.0,0.0,0.0,0.0,0.0,0.0,0.0,0.0,0.0,0.0,False,False
2022-10-04,-163230.83299558883,25000000.0,12500000.0,12500000.0,198.4126984126984,4.0,4.0,8.0,1.0,0.125,0.05000000000000001,0.5,0.5,0.5,1.0,-0.003264616659911777,0.0002,5e-05,0.00015,10000.0,3.968253968253968e-06,-0.003314616659911777,-0.003464616659911777,-0.003464616659911777,-0.003468584913880031,-32.64616659911777,0.5,1.4999999999999998,0.03968253968253968,-34.68584913880031,False,True
2022-10-05,-36548.48245389051,25000000.0,12500000.0,12500000.0,198.4126984126984,4.0,4.0,8.0,0.0,0.0,0.03273163589290107,0.5,0.5,0.5,1.0,-0.0007309696490778102,0.0002,5e-05,0.00015,10000.0,3.968253968253968e-06,-0.0007809696490778102,-0.0009309696490778102,-0.0009309696490778102,-0.0009349379030460642,-7.309696490778102,0.5,1.4999999999999998,0.03968253968253968,-9.349379030460643,False,True
2022-10-06,-417087.8906551368,25000000.0,12500000.0,12500000.0,198.4126984126984,4.0,4.0,8.0,0.0,0.0,0.03126506281943502,0.5,0.5,0.5,1.0,-0.008341757813102736,0.0002,5e-05,0.00015,10000.0,3.968253968253968e-06,-0.008391757813102736,-0.008541757813102737,-0.008541757813102737,-0.008545726067070991,-83.41757813102735,0.5,1.4999999999999998,0.03968253968253968,-85.45726067070991,False,True
2022-10-07,-52532.905747275014,25000000.0,12500000.0,12500000.0,198.4126984126984,4.0,4.0,8.0,0.0,0.0,0.03113069810582533,0.5,0.5,0.5,1.0,-0.0010506581149455003,0.0002,5e-05,0.00015,10000.0,3.968253968253968e-06,-0.0011006581149455002,-0.0012506581149455001,-0.0012506581149455001,-0.0012546263689137542,-10.506581149455002,0.5,1.4999999999999998,0.03968253968253968,-12.546263689137541,False,True
2022-10-10,-130052.75904197976,25000000.0,12500000.0,12500000.0,198.4126984126984,4.0,4.0,8.0,1.0,0.125,0.05,0.5,0.5,0.5,1.0,-0.002601055180839595,0.0002,5e-05,0.00015,10000.0,3.968253968253968e-06,-0.0026510551808395953,-0.0028010551808395952,-0.0028010551808395952,-0.0028050234348078493,-26.010551808395952,0.5,1.4999999999999998,0.03968253968253968,-28.050234348078494,False,True
2022-10-11,13164.513247080826,25000000.0,12500000.0,12500000.0,198.4126984126984,4.0,4.0,8.0,0.0,0.0,0.030538434921725446,0.5,0.5,0.5,1.0,0.0002632902649416165,0.0002,5e-05,0.00015,10000.0,3.968253968253968e-06,0.0002132902649416165,6.329026494161652e-05,6.329026494161652e-05,5.932201097336256e-05,2.632902649416165,0.5,1.4999999999999998,0.03968253968253968,0.5932201097336256,False,True
2022-10-12,-511670.76895802066,25000000.0,12500000.0,12500000.0,198.4126984126984,4.0,4.0,8.0,0.0,0.0,0.030103119289940996,0.5,0.5,0.5,1.0,-0.010233415379160414,0.0002,5e-05,0.00015,10000.0,3.968253968253968e-06,-0.010283415379160414,-0.010433415379160415,-0.010433415379160415,-0.010437383633128669,-102.33415379160414,0.5,1.4999999999999998,0.03968253968253968,-104.3738363312867,False,True
2022-10-13,296402.86022989784,50000000.0,25000000.0,25000000.0,396.8253968253968,4.0,4.0,8.0,3.0,0.375,0.05,1.0,1.0,1.0,2.0,0.005928057204597957,0.0004,0.0001,0.0003,20000.0,7.936507936507936e-06,0.005828057204597957,0.005528057204597957,0.005528057204597957,0.005520120696661449,59.28057204597957,1.0,2.9999999999999996,0.07936507936507936,55.20120696661449,True,False
2022-10-14,784187.4735331165,50000000.0,25000000.0,25000000.0,396.8253968253968,4.0,4.0,8.0,1.0,0.125,0.05,1.0,1.0,1.0,2.0,0.01568374947066233,0.0004,0.0001,0.0003,20000.0,7.936507936507936e-06,0.01558374947066233,0.01528374947066233,0.01528374947066233,0.015275812962725822,156.8374947066233,1.0,2.9999999999999996,0.07936507936507936,152.75812962725823,True,False
2022-10-17,379204.35679948697,25000000.0,12500000.0,12500000.0,198.41269841269843,4.0,4.0,8.0,1.0,0.125,0.05,0.5,0.5,0.5,1.0,0.007584087135989739,0.0002,5e-05,0.00015,10000.0,3.968253968253969e-06,0.0075340871359897395,0.0073840871359897396,0.0073840871359897396,0.007380118882021486,75.84087135989739,0.5,1.4999999999999998,0.03968253968253969,73.80118882021486,False,True
2022-10-18,-450490.85390144296,50000000.0,25000000.0,25000000.0,396.82539682539687,4.0,4.0,8.0,3.0,0.375,0.05,1.0,1.0,1.0,2.0,-0.00900981707802886,0.0004,0.0001,0.0003,20000.0,7.936507936507938e-06,-0.009109817078028859,-0.009409817078028859,-0.009409817078028859,-0.009417753585965366,-90.0981707802886,1.0,2.9999999999999996,0.07936507936507937,-94.17753585965366,True,False
2022-10-19,51919.91881068614,50000000.0,25000000.0,25000000.0,396.8253968253968,4.0,4.0,8.0,0.0,0.0,0.042539848549192544,1.0,1.0,1.0,2.0,0.0010383983762137228,0.0004,0.0001,0.0003,20000.0,7.936507936507936e-06,0.0009383983762137227,0.0006383983762137228,0.0006383983762137228,0.0006304618682772149,10.383983762137227,1.0,2.9999999999999996,0.07936507936507936,6.304618682772149,True,False
2022-10-20,-232412.75604072417,50000000.0,25000000.0,24999999.999999996,396.82539682539675,4.0,4.0,8.0,1.0,0.125,0.049999999999999996,1.0,1.0,1.0,2.0,-0.004648255120814483,0.0004,0.0001,0.0003,20000.0,7.936507936507934e-06,-0.004748255120814483,-0.005048255120814483,-0.005048255120814483,-0.005056191628750991,-46.48255120814483,1.0,2.9999999999999996,0.07936507936507935,-50.56191628750991,True,False
2022-10-21,-394417.45531059115,50000000.0,25000000.0,25000000.0,396.82539682539687,4.0,4.0,8.0,1.0,0.125,0.05,1.0,1.0,1.0,2.0,-0.007888349106211823,0.0004,0.0001,0.0003,20000.0,7.936507936507938e-06,-0.007988349106211823,-0.008288349106211823,-0.008288349106211823,-0.00829628561414833,-78.88349106211824,1.0,2.9999999999999996,0.07936507936507937,-82.9628561414833,True,False
2022-10-24,125738.6766627058,50000000.0,25000000.0,25000000.0,396.8253968253968,4.0,4.0,8.0,1.0,0.125,0.05,1.0,1.0,1.0,2.0,0.002514773533254116,0.0004,0.0001,0.0003,20000.0,7.936507936507936e-06,0.002414773533254116,0.002114773533254116,0.002114773533254116,0.002106837025317608,25.14773533254116,1.0,2.9999999999999996,0.07936507936507936,21.06837025317608,True,False
2022-10-25,-420128.5915701111,50000000.0,25000000.0,25000000.0,396.82539682539687,3.0,3.0,6.0,2.0,0.3333333333333333,0.05,1.0,1.0,1.0,2.0,-0.008402571831402222,0.0004,0.0001,0.0003,20000.0,7.936507936507938e-06,-0.008502571831402222,-0.008802571831402222,-0.008802571831402222,-0.008810508339338729,-84.02571831402223,1.0,2.9999999999999996,0.07936507936507937,-88.10508339338729,True,False
2022-10-26,474518.347219489,50000000.0,25000000.0,25000000.0,396.82539682539687,3.0,3.0,6.0,1.0,0.16666666666666666,0.05,1.0,1.0,1.0,2.0,0.00949036694438978,0.0004,0.0001,0.0003,20000.0,7.936507936507938e-06,0.00939036694438978,0.00909036694438978,0.00909036694438978,0.009082430436453274,94.9036694438978,1.0,2.9999999999999996,0.07936507936507937,90.82430436453274,True,False
2022-10-27,-20498.62392913479,25000000.0,12500000.0,12500000.0,198.4126984126984,4.0,4.0,8.0,0.0,0.0,0.0283316158005211,0.5,0.5,0.5,1.0,-0.00040997247858269576,0.0002,5e-05,0.00015,10000.0,3.968253968253968e-06,-0.0004599724785826958,-0.0006099724785826958,-0.0006099724785826958,-0.0006139407325509498,-4.099724785826957,0.5,1.4999999999999998,0.03968253968253968,-6.139407325509498,False,True
2022-10-28,-89145.07891301416,25000000.0,12500000.0,12500000.0,198.4126984126984,4.0,4.0,8.0,0.0,0.0,0.03104901011679634,0.5,0.5,0.5,1.0,-0.0017829015782602833,0.0002,5e-05,0.00015,10000.0,3.968253968253968e-06,-0.0018329015782602833,-0.0019829015782602834,-0.0019829015782602834,-0.0019868698322285374,-17.829015782602834,0.5,1.4999999999999998,0.03968253968253968,-19.868698322285375,False,True
2022-10-31,306663.87595574727,25000000.0,12500000.0,12500000.0,198.4126984126984,4.0,4.0,8.0,0.0,0.0,0.03139478887332998,0.5,0.5,0.5,1.0,0.006133277519114945,0.0002,5e-05,0.00015,10000.0,3.968253968253968e-06,0.006083277519114945,0.005933277519114945,0.005933277519114945,0.005929309265146692,61.33277519114945,0.5,1.4999999999999998,0.03968253968253968,59.293092651466914,False,True
2022-11-01,0.0,0.0,0.0,0.0,0.0,0.0,0.0,0.0,0.0,0.0,0.0,0.0,0.0,0.0,0.0,0.0,0.0,0.0,0.0,0.0,0.0,0.0,0.0,0.0,0.0,0.0,0.0,0.0,0.0,0.0,False,False
2022-11-02,0.0,0.0,0.0,0.0,0.0,0.0,0.0,0.0,0.0,0.0,0.0,0.0,0.0,0.0,0.0,0.0,0.0,0.0,0.0,0.0,0.0,0.0,0.0,0.0,0.0,0.0,0.0,0.0,0.0,0.0,False,False
2022-11-03,345141.7765788112,25000000.0,12500000.0,12500000.0,198.4126984126984,4.0,4.0,8.0,0.0,0.0,0.025900450428600178,0.5,0.5,0.5,1.0,0.0069028355315762235,0.0002,5e-05,0.00015,10000.0,3.968253968253968e-06,0.006852835531576224,0.006702835531576224,0.006702835531576224,0.00669886727760797,69.02835531576224,0.5,1.4999999999999998,0.03968253968253968,66.98867277607971,False,True
2022-11-04,4050.104734917156,25000000.0,12500000.0,12500000.0,198.4126984126984,4.0,4.0,8.0,0.0,0.0,0.027967539184335814,0.5,0.5,0.5,1.0,8.100209469834312e-05,0.0002,5e-05,0.00015,10000.0,3.968253968253968e-06,3.100209469834311e-05,-0.00011899790530165688,-0.00011899790530165688,-0.00012296615926991086,0.8100209469834312,0.5,1.4999999999999998,0.03968253968253968,-1.2296615926991086,False,True
2022-11-07,0.0,0.0,0.0,0.0,0.0,0.0,0.0,0.0,0.0,0.0,0.0,0.0,0.0,0.0,0.0,0.0,0.0,0.0,0.0,0.0,0.0,0.0,0.0,0.0,0.0,0.0,0.0,0.0,0.0,0.0,False,False
2022-11-08,0.0,0.0,0.0,0.0,0.0,0.0,0.0,0.0,0.0,0.0,0.0,0.0,0.0,0.0,0.0,0.0,0.0,0.0,0.0,0.0,0.0,0.0,0.0,0.0,0.0,0.0,0.0,0.0,0.0,0.0,False,False
2022-11-09,910860.0990315594,25000000.0,12500000.0,12500000.0,198.4126984126984,4.0,4.0,8.0,0.0,0.0,0.025047644999116665,0.5,0.5,0.5,1.0,0.01821720198063119,0.0002,5e-05,0.00015,10000.0,3.968253968253968e-06,0.018167201980631188,0.018017201980631187,0.018017201980631187,0.018013233726662935,182.1720198063119,0.5,1.4999999999999998,0.03968253968253968,180.13233726662935,False,True
2022-11-10,0.0,0.0,0.0,0.0,0.0,0.0,0.0,0.0,0.0,0.0,0.0,0.0,0.0,0.0,0.0,0.0,0.0,0.0,0.0,0.0,0.0,0.0,0.0,0.0,0.0,0.0,0.0,0.0,0.0,0.0,False,False
2022-11-11,-98998.39451034156,25000000.0,12500000.0,12500000.0,198.4126984126984,4.0,4.0,8.0,0.0,0.0,0.02789620114388993,0.5,0.5,0.5,1.0,-0.001979967890206831,0.0002,5e-05,0.00015,10000.0,3.968253968253968e-06,-0.002029967890206831,-0.002179967890206831,-0.002179967890206831,-0.002183936144175085,-19.79967890206831,0.5,1.4999999999999998,0.03968253968253968,-21.83936144175085,False,True
2022-11-14,0.0,0.0,0.0,0.0,0.0,0.0,0.0,0.0,0.0,0.0,0.0,0.0,0.0,0.0,0.0,0.0,0.0,0.0,0.0,0.0,0.0,0.0,0.0,0.0,0.0,0.0,0.0,0.0,0.0,0.0,False,False
2022-11-15,0.0,0.0,0.0,0.0,0.0,0.0,0.0,0.0,0.0,0.0,0.0,0.0,0.0,0.0,0.0,0.0,0.0,0.0,0.0,0.0,0.0,0.0,0.0,0.0,0.0,0.0,0.0,0.0,0.0,0.0,False,False
2022-11-16,0.0,0.0,0.0,0.0,0.0,0.0,0.0,0.0,0.0,0.0,0.0,0.0,0.0,0.0,0.0,0.0,0.0,0.0,0.0,0.0,0.0,0.0,0.0,0.0,0.0,0.0,0.0,0.0,0.0,0.0,False,False
2022-11-17,0.0,0.0,0.0,0.0,0.0,0.0,0.0,0.0,0.0,0.0,0.0,0.0,0.0,0.0,0.0,0.0,0.0,0.0,0.0,0.0,0.0,0.0,0.0,0.0,0.0,0.0,0.0,0.0,0.0,0.0,False,False
2022-11-18,0.0,0.0,0.0,0.0,0.0,0.0,0.0,0.0,0.0,0.0,0.0,0.0,0.0,0.0,0.0,0.0,0.0,0.0,0.0,0.0,0.0,0.0,0.0,0.0,0.0,0.0,0.0,0.0,0.0,0.0,False,False
2022-11-21,54257.50484808825,25000000.0,12500000.0,12500000.0,198.4126984126984,4.0,4.0,8.0,0.0,0.0,0.028224430902106596,0.5,0.5,0.5,1.0,0.001085150096961765,0.0002,5e-05,0.00015,10000.0,3.968253968253968e-06,0.001035150096961765,0.0008851500969617651,0.0008851500969617651,0.0008811818429935111,10.85150096961765,0.5,1.4999999999999998,0.03968253968253968,8.811818429935112,False,True
2022-11-22,116943.22903839962,25000000.0,12500000.0,12500000.0,198.4126984126984,4.0,4.0,8.0,0.0,0.0,0.02770033474542652,0.5,0.5,0.5,1.0,0.0023388645807679923,0.0002,5e-05,0.00015,10000.0,3.968253968253968e-06,0.002288864580767992,0.002138864580767992,0.002138864580767992,0.002134896326799738,23.38864580767992,0.5,1.4999999999999998,0.03968253968253968,21.34896326799738,False,True
2022-11-23,-77262.49954903807,25000000.0,12500000.0,12500000.0,198.4126984126984,4.0,4.0,8.0,0.0,0.0,0.02770208075864562,0.5,0.5,0.5,1.0,-0.0015452499909807613,0.0002,5e-05,0.00015,10000.0,3.968253968253968e-06,-0.0015952499909807612,-0.0017452499909807611,-0.0017452499909807611,-0.0017492182449490151,-15.452499909807612,0.5,1.4999999999999998,0.03968253968253968,-17.49218244949015,False,True
2022-11-25,-196625.42445061382,25000000.0,12500000.0,12500000.0,198.4126984126984,4.0,4.0,8.0,0.0,0.0,0.027458093012524856,0.5,0.5,0.5,1.0,-0.003932508489012276,0.0002,5e-05,0.00015,10000.0,3.968253968253968e-06,-0.003982508489012276,-0.004132508489012276,-0.004132508489012276,-0.00413647674298053,-39.32508489012277,0.5,1.4999999999999998,0.03968253968253968,-41.3647674298053,False,True
2022-11-28,108395.69337067826,25000000.0,12500000.0,12500000.0,198.4126984126984,4.0,4.0,8.0,0.0,0.0,0.0281030774567241,0.5,0.5,0.5,1.0,0.002167913867413565,0.0002,5e-05,0.00015,10000.0,3.968253968253968e-06,0.002117913867413565,0.001967913867413565,0.001967913867413565,0.001963945613445311,21.67913867413565,0.5,1.4999999999999998,0.03968253968253968,19.63945613445311,False,True
2022-11-29,171098.0355634342,25000000.0,12500000.0,12500000.0,198.4126984126984,4.0,4.0,8.0,0.0,0.0,0.028291180124513305,0.5,0.5,0.5,1.0,0.003421960711268684,0.0002,5e-05,0.00015,10000.0,3.968253968253968e-06,0.003371960711268684,0.003221960711268684,0.003221960711268684,0.00321799245730043,34.21960711268684,0.5,1.4999999999999998,0.03968253968253968,32.1799245730043,False,True
2022-11-30,19198.51082742501,50000000.0,25000000.0,25000000.0,396.82539682539687,4.0,4.0,8.0,3.0,0.375,0.05,1.0,1.0,1.0,2.0,0.0003839702165485002,0.0004,0.0001,0.0003,20000.0,7.936507936507938e-06,0.0002839702165485002,-1.602978345149978e-05,-1.602978345149978e-05,-2.3966291388007717e-05,3.8397021654850017,1.0,2.9999999999999996,0.07936507936507937,-0.23966291388007718,True,False
2022-12-01,-331920.1938913818,50000000.0,25000000.0,25000000.0,396.8253968253968,4.0,4.0,8.0,2.0,0.25,0.05,1.0,1.0,1.0,2.0,-0.006638403877827635,0.0004,0.0001,0.0003,20000.0,7.936507936507936e-06,-0.006738403877827636,-0.007038403877827636,-0.007038403877827636,-0.007046340385764144,-66.38403877827635,1.0,2.9999999999999996,0.07936507936507936,-70.46340385764144,True,False
2022-12-02,209240.93471222612,50000000.0,25000000.0,25000000.0,396.8253968253968,4.0,4.0,8.0,3.0,0.375,0.05,1.0,1.0,1.0,2.0,0.004184818694244523,0.0004,0.0001,0.0003,20000.0,7.936507936507936e-06,0.004084818694244523,0.0037848186942445227,0.0037848186942445227,0.0037768821863080147,41.84818694244523,1.0,2.9999999999999996,0.07936507936507936,37.76882186308015,True,False
2022-12-05,-66669.88756851264,50000000.0,25000000.0,25000000.0,396.8253968253968,4.0,4.0,8.0,3.0,0.375,0.05,1.0,1.0,1.0,2.0,-0.0013333977513702527,0.0004,0.0001,0.0003,20000.0,7.936507936507936e-06,-0.0014333977513702528,-0.0017333977513702527,-0.0017333977513702527,-0.0017413342593067607,-13.333977513702527,1.0,2.9999999999999996,0.07936507936507936,-17.413342593067608,True,False
2022-12-06,-315755.18978249066,50000000.0,25000000.0,25000000.0,396.8253968253968,4.0,4.0,8.0,3.0,0.375,0.05000000000000001,1.0,1.0,1.0,2.0,-0.006315103795649813,0.0004,0.0001,0.0003,20000.0,7.936507936507936e-06,-0.0064151037956498135,-0.0067151037956498134,-0.0067151037956498134,-0.0067230403035863215,-63.15103795649813,1.0,2.9999999999999996,0.07936507936507936,-67.23040303586322,True,False
2022-12-07,37865.85726981402,19694780.604100004,9847390.302050002,9847390.302050002,156.30778257222227,4.0,4.0,8.0,4.0,0.5,0.05000000000000001,0.3938956120820001,0.3938956120820001,0.3938956120820001,0.7877912241640002,0.0007573171453962804,0.00015755824483280003,3.938956120820001e-05,0.00011816868362460001,7877.912241640001,3.1261556514444454e-06,0.0007179275841880803,0.0005997589005634803,0.0005997589005634803,0.0005966327449120359,7.573171453962804,0.3938956120820001,1.1816868362460002,0.031261556514444455,5.966327449120358,False,True
2022-12-08,-442043.83087396686,48468691.73500001,24234345.867500003,24234345.867500003,384.6721566269842,4.0,4.0,8.0,4.0,0.5,0.05,0.9693738347000002,0.9693738347000002,0.9693738347000002,1.9387476694000003,-0.008840876617479338,0.0003877495338800001,9.693738347000003e-05,0.00029081215041000004,19387.476694000004,7.693443132539685e-06,-0.008937814000949338,-0.009228626151359338,-0.009228626151359338,-0.009236319594491877,-88.40876617479337,0.9693738347000003,2.9081215041000004,0.07693443132539685,-92.36319594491877,False,True
2022-12-09,-219206.51505789347,47454352.97625001,23727176.488125004,23727176.488125004,376.62184901785724,4.0,4.0,8.0,4.0,0.5,0.05000000000000001,0.9490870595250002,0.9490870595250002,0.9490870595250002,1.8981741190500003,-0.0043841303011578694,0.0003796348238100001,9.490870595250002e-05,0.00028472611785750003,18981.741190500004,7.532436980357145e-06,-0.004479039007110369,-0.004763765124967869,-0.004763765124967869,-0.0047712975619482265,-43.841303011578695,0.9490870595250003,2.847261178575,0.07532436980357145,-47.712975619482265,False,True
2022-12-12,342117.88531365525,50000000.0,25000000.0,25000000.0,396.8253968253968,4.0,4.0,8.0,3.0,0.375,0.05,1.0,1.0,1.0,2.0,0.006842357706273105,0.0004,0.0001,0.0003,20000.0,7.936507936507936e-06,0.006742357706273105,0.006442357706273105,0.006442357706273105,0.006434421198336597,68.42357706273106,1.0,2.9999999999999996,0.07936507936507936,64.34421198336597,True,False
2022-12-13,-70304.9870231742,33171858.295650005,16585929.147825003,16585929.147825003,263.2687166321429,4.0,4.0,8.0,4.0,0.5,0.05,0.6634371659130001,0.6634371659130001,0.6634371659130001,1.3268743318260001,-0.001406099740463484,0.00026537486636520004,6.634371659130001e-05,0.0001990311497739,13268.743318260002,5.265374332642858e-06,-0.001472443457054784,-0.001671474606828684,-0.001671474606828684,-0.0016767399811613269,-14.06099740463484,0.6634371659130001,1.990311497739,0.05265374332642858,-16.76739981161327,False,True
2022-12-14,-382616.710434877,28852946.426000003,14426473.213000001,14426473.213000001,228.99163830158733,4.0,4.0,8.0,4.0,0.5,0.05000000000000001,0.5770589285200001,0.5770589285200001,0.5770589285200001,1.1541178570400001,-0.00765233420869754,0.00023082357140800003,5.770589285200001e-05,0.000173117678556,11541.178570400001,4.579832766031746e-06,-0.00771004010154954,-0.007883157780105541,-0.007883157780105541,-0.007887737612871574,-76.5233420869754,0.5770589285200001,1.73117678556,0.04579832766031746,-78.87737612871574,False,True
2022-12-15,-74578.99903187297,50000000.0,24999999.999999996,25000000.0,396.8253968253968,4.0,4.0,8.0,3.0,0.375,0.05,1.0,1.0,1.0,2.0,-0.0014915799806374593,0.0004,0.0001,0.0003,20000.0,7.936507936507936e-06,-0.0015915799806374593,-0.0018915799806374593,-0.0018915799806374593,-0.0018995164885739673,-14.915799806374594,1.0,2.9999999999999996,0.07936507936507936,-18.995164885739673,True,False
2022-12-16,-16079.372522685666,27912008.219399996,13956004.1097,13956004.109699998,221.5238747571428,4.0,4.0,8.0,4.0,0.5,0.05000000000000001,0.558240164388,0.558240164388,0.558240164388,1.116480328776,-0.0003215874504537133,0.0002232960657552,5.58240164388e-05,0.00016747204931639997,11164.80328776,4.430477495142856e-06,-0.0003774114668925133,-0.0005448835162089132,-0.0005448835162089132,-0.0005493139937040561,-3.215874504537133,0.5582401643880001,1.6747204931639998,0.04430477495142856,-5.493139937040561,False,True
2022-12-19,-176048.98060304578,26037380.79315,13018690.396575,13018690.396575,206.6458793107143,4.0,4.0,8.0,4.0,0.5,0.05000000000000001,0.520747615863,0.520747615863,0.520747615863,1.041495231726,-0.003520979612060916,0.0002082990463452,5.20747615863e-05,0.0001562242847589,10414.95231726,4.132917586214286e-06,-0.003573054373647216,-0.003729278658406116,-0.003729278658406116,-0.0037334115759923305,-35.209796120609155,0.520747615863,1.562242847589,0.04132917586214286,-37.33411575992331,False,True
2022-12-20,129491.82736362924,49999999.99999999,24999999.999999996,24999999.999999993,396.8253968253967,4.0,4.0,8.0,3.0,0.375,0.05,0.9999999999999999,0.9999999999999999,0.9999999999999999,1.9999999999999998,0.0025898365472725848,0.00039999999999999996,9.999999999999999e-05,0.0002999999999999999,20000.0,7.936507936507934e-06,0.002489836547272585,0.002189836547272585,0.002189836547272585,0.002181900039336077,25.898365472725846,0.9999999999999999,2.999999999999999,0.07936507936507935,21.81900039336077,True,False
2022-12-21,42981.943438393784,50000000.0,25000000.0,25000000.0,396.8253968253968,4.0,4.0,8.0,6.0,0.75,0.05000000000000001,1.0,1.0,1.0,2.0,0.0008596388687678757,0.0004,0.0001,0.0003,20000.0,7.936507936507936e-06,0.0007596388687678757,0.0004596388687678757,0.0004596388687678757,0.0004517023608313677,8.596388687678758,1.0,2.9999999999999996,0.07936507936507936,4.517023608313677,True,False
2022-12-22,364482.77991206566,49999999.99999999,24999999.999999996,24999999.999999996,396.8253968253968,4.0,4.0,8.0,3.0,0.375,0.05,0.9999999999999999,0.9999999999999999,0.9999999999999999,1.9999999999999998,0.007289655598241313,0.00039999999999999996,9.999999999999999e-05,0.0002999999999999999,20000.0,7.936507936507936e-06,0.007189655598241313,0.006889655598241313,0.006889655598241313,0.006881719090304805,72.89655598241313,0.9999999999999999,2.999999999999999,0.07936507936507936,68.81719090304804,True,False
2022-12-23,85386.25543385676,50000000.0,25000000.0,25000000.0,396.82539682539687,4.0,4.0,8.0,3.0,0.375,0.05000000000000001,1.0,1.0,1.0,2.0,0.0017077251086771352,0.0004,0.0001,0.0003,20000.0,7.936507936507938e-06,0.0016077251086771352,0.0013077251086771352,0.0013077251086771352,0.0012997886007406272,17.07725108677135,1.0,2.9999999999999996,0.07936507936507937,12.997886007406272,True,False
2022-12-27,-255279.83497045995,50000000.0,24999999.999999996,24999999.999999996,396.8253968253968,4.0,4.0,8.0,2.0,0.25,0.05,1.0,1.0,1.0,2.0,-0.005105596699409199,0.0004,0.0001,0.0003,20000.0,7.936507936507936e-06,-0.0052055966994092,-0.0055055966994092,-0.0055055966994092,-0.005513533207345708,-51.055966994091996,1.0,2.9999999999999996,0.07936507936507936,-55.13533207345708,True,False
2022-12-28,115653.06300549068,50000000.0,25000000.0,25000000.0,396.8253968253968,4.0,4.0,8.0,1.0,0.125,0.05,1.0,1.0,1.0,2.0,0.0023130612601098134,0.0004,0.0001,0.0003,20000.0,7.936507936507936e-06,0.0022130612601098136,0.0019130612601098137,0.0019130612601098137,0.0019051247521733056,23.130612601098132,1.0,2.9999999999999996,0.07936507936507936,19.051247521733057,True,False
2022-12-29,-197897.93653759765,50000000.0,25000000.0,25000000.0,396.82539682539687,4.0,4.0,8.0,1.0,0.125,0.05,1.0,1.0,1.0,2.0,-0.003957958730751953,0.0004,0.0001,0.0003,20000.0,7.936507936507938e-06,-0.004057958730751953,-0.004357958730751953,-0.004357958730751953,-0.004365895238688461,-39.57958730751953,1.0,2.9999999999999996,0.07936507936507937,-43.658952386884614,True,False
2022-12-30,-284720.0681976754,50000000.0,25000000.0,25000000.0,396.8253968253968,4.0,4.0,8.0,5.0,0.625,0.05,1.0,1.0,1.0,2.0,-0.005694401363953508,0.0004,0.0001,0.0003,20000.0,7.936507936507936e-06,-0.005794401363953508,-0.006094401363953508,-0.006094401363953508,-0.006102337871890016,-56.94401363953508,1.0,2.9999999999999996,0.07936507936507936,-61.02337871890016,True,False
2023-01-03,-13386.513845472695,25000000.0,12500000.0,12500000.0,198.41269841269843,4.0,4.0,8.0,5.0,0.625,0.05,0.5,0.5,0.5,1.0,-0.0002677302769094539,0.0002,5e-05,0.00015,10000.0,3.968253968253969e-06,-0.0003177302769094539,-0.0004677302769094539,-0.0004677302769094539,-0.00047169853087770784,-2.6773027690945392,0.5,1.4999999999999998,0.03968253968253969,-4.716985308777079,False,True
2023-01-04,-244517.66824174707,25000000.0,12500000.0,12500000.0,198.41269841269843,4.0,4.0,8.0,4.0,0.5,0.05,0.5,0.5,0.5,1.0,-0.004890353364834942,0.0002,5e-05,0.00015,10000.0,3.968253968253969e-06,-0.0049403533648349415,-0.0050903533648349415,-0.0050903533648349415,-0.005094321618803195,-48.903533648349416,0.5,1.4999999999999998,0.03968253968253969,-50.943216188031954,False,True
2023-01-05,133790.22996063542,25000000.0,12500000.0,12500000.0,198.4126984126984,4.0,4.0,8.0,3.0,0.375,0.05,0.5,0.5,0.5,1.0,0.0026758045992127085,0.0002,5e-05,0.00015,10000.0,3.968253968253968e-06,0.0026258045992127083,0.0024758045992127084,0.0024758045992127084,0.0024718363452444544,26.758045992127084,0.5,1.4999999999999998,0.03968253968253968,24.718363452444542,False,True
2023-01-06,223515.44532808478,25000000.0,12500000.0,12500000.0,444.7732432518519,4.0,4.0,8.0,1.0,0.125,0.05,0.5,0.5,0.5,1.0,0.004470308906561696,0.0002,5e-05,0.00015,10000.0,8.895464865037039e-06,0.004420308906561696,0.004270308906561696,0.004270308906561696,0.004261413441696659,44.70308906561696,0.5,1.4999999999999998,0.0889546486503704,42.614134416966586,False,True
2023-01-09,-103408.55451569651,25000000.0,12500000.0,12500000.0,419.8054015343916,4.0,4.0,8.0,1.0,0.125,0.05,0.5,0.5,0.5,1.0,-0.00206817109031393,0.0002,5e-05,0.00015,10000.0,8.396108030687832e-06,-0.0021181710903139302,-0.00226817109031393,-0.00226817109031393,-0.002276567198344618,-20.6817109031393,0.5,1.4999999999999998,0.08396108030687832,-22.76567198344618,False,True
2023-01-10,73337.17711093466,25000000.0,12500000.0,12500000.0,396.8253968253968,4.0,4.0,8.0,0.0,0.0,0.036105652080184986,0.5,0.5,0.5,1.0,0.001466743542218693,0.0002,5e-05,0.00015,10000.0,7.936507936507936e-06,0.0014167435422186932,0.0012667435422186932,0.0012667435422186932,0.0012588070342821852,14.66743542218693,0.5,1.4999999999999998,0.07936507936507936,12.588070342821851,False,True
2023-01-11,217587.36986019,25000000.0,12500000.0,12500000.0,412.3244803174603,4.0,4.0,8.0,1.0,0.125,0.05,0.5,0.5,0.5,1.0,0.0043517473972038,0.0002,5e-05,0.00015,10000.0,8.246489606349206e-06,0.0043017473972038,0.0041517473972038,0.0041517473972038,0.004143500907597451,43.517473972038,0.5,1.4999999999999998,0.08246489606349205,41.435009075974506,False,True
2023-01-12,-23947.711813358022,25000000.0,12500000.0,12500000.0,198.41269841269843,4.0,4.0,8.0,4.0,0.5,0.05000000000000001,0.5,0.5,0.5,1.0,-0.0004789542362671604,0.0002,5e-05,0.00015,10000.0,3.968253968253969e-06,-0.0005289542362671604,-0.0006789542362671604,-0.0006789542362671604,-0.0006829224902354144,-4.789542362671604,0.5,1.4999999999999998,0.03968253968253969,-6.829224902354144,False,True
2023-01-13,33693.64115993254,25000000.0,12500000.0,12500000.0,198.4126984126984,4.0,4.0,8.0,3.0,0.375,0.05,0.5,0.5,0.5,1.0,0.0006738728231986507,0.0002,5e-05,0.00015,10000.0,3.968253968253968e-06,0.0006238728231986507,0.0004738728231986507,0.0004738728231986507,0.00046990456923039675,6.7387282319865065,0.5,1.4999999999999998,0.03968253968253968,4.699045692303968,False,True
2023-01-17,164099.6234538597,25000000.0,12500000.0,12500000.0,198.4126984126984,4.0,4.0,8.0,4.0,0.5,0.05,0.5,0.5,0.5,1.0,0.0032819924690771943,0.0002,5e-05,0.00015,10000.0,3.968253968253968e-06,0.003231992469077194,0.003081992469077194,0.003081992469077194,0.00307802421510894,32.81992469077194,0.5,1.4999999999999998,0.03968253968253968,30.7802421510894,False,True
2023-01-18,-157973.77119324286,25000000.0,12500000.0,12500000.0,446.81206960317456,4.0,4.0,8.0,3.0,0.375,0.05,0.5,0.5,0.5,1.0,-0.0031594754238648574,0.0002,5e-05,0.00015,10000.0,8.93624139206349e-06,-0.0032094754238648575,-0.0033594754238648575,-0.0033594754238648575,-0.003368411665256921,-31.594754238648573,0.5,1.4999999999999998,0.0893624139206349,-33.68411665256921,False,True
2023-01-19,0.0,0.0,0.0,0.0,0.0,0.0,0.0,0.0,0.0,0.0,0.0,0.0,0.0,0.0,0.0,0.0,0.0,0.0,0.0,0.0,0.0,0.0,0.0,0.0,0.0,0.0,0.0,0.0,0.0,0.0,False,False
2023-01-20,0.0,0.0,0.0,0.0,0.0,0.0,0.0,0.0,0.0,0.0,0.0,0.0,0.0,0.0,0.0,0.0,0.0,0.0,0.0,0.0,0.0,0.0,0.0,0.0,0.0,0.0,0.0,0.0,0.0,0.0,False,False
2023-01-23,154444.4526204566,25000000.0,12500000.0,12500000.0,198.4126984126984,4.0,4.0,8.0,2.0,0.25,0.05,0.5,0.5,0.5,1.0,0.003088889052409132,0.0002,5e-05,0.00015,10000.0,3.968253968253968e-06,0.003038889052409132,0.002888889052409132,0.002888889052409132,0.002884920798440878,30.888890524091323,0.5,1.4999999999999998,0.03968253968253968,28.849207984408782,False,True
2023-01-24,-133869.8323611054,25000000.0,12500000.0,12500000.0,198.4126984126984,4.0,4.0,8.0,1.0,0.125,0.05,0.5,0.5,0.5,1.0,-0.002677396647222108,0.0002,5e-05,0.00015,10000.0,3.968253968253968e-06,-0.002727396647222108,-0.002877396647222108,-0.002877396647222108,-0.002881364901190362,-26.773966472221076,0.5,1.4999999999999998,0.03968253968253968,-28.813649011903617,False,True
2023-01-25,0.0,0.0,0.0,0.0,0.0,0.0,0.0,0.0,0.0,0.0,0.0,0.0,0.0,0.0,0.0,0.0,0.0,0.0,0.0,0.0,0.0,0.0,0.0,0.0,0.0,0.0,0.0,0.0,0.0,0.0,False,False
2023-01-26,-15346.989648003104,25000000.0,12500000.0,12500000.0,198.41269841269843,4.0,4.0,8.0,4.0,0.5,0.05000000000000001,0.5,0.5,0.5,1.0,-0.0003069397929600621,0.0002,5e-05,0.00015,10000.0,3.968253968253969e-06,-0.0003569397929600621,-0.0005069397929600621,-0.0005069397929600621,-0.0005109080469283161,-3.069397929600621,0.5,1.4999999999999998,0.03968253968253969,-5.10908046928316,False,True
2023-01-27,-107936.75150140071,25000000.0,12500000.0,12500000.0,198.41269841269843,4.0,4.0,8.0,5.0,0.625,0.05,0.5,0.5,0.5,1.0,-0.002158735030028014,0.0002,5e-05,0.00015,10000.0,3.968253968253969e-06,-0.0022087350300280142,-0.002358735030028014,-0.002358735030028014,-0.002362703283996268,-21.58735030028014,0.5,1.4999999999999998,0.03968253968253969,-23.62703283996268,False,True
2023-01-30,21544.486494029883,25000000.0,12500000.0,12500000.0,198.4126984126984,4.0,4.0,8.0,2.0,0.25,0.05,0.5,0.5,0.5,1.0,0.00043088972988059764,0.0002,5e-05,0.00015,10000.0,3.968253968253968e-06,0.0003808897298805976,0.00023088972988059763,0.00023088972988059763,0.00022692147591234365,4.308897298805976,0.5,1.4999999999999998,0.03968253968253968,2.2692147591234364,False,True
2023-01-31,0.0,0.0,0.0,0.0,0.0,0.0,0.0,0.0,0.0,0.0,0.0,0.0,0.0,0.0,0.0,0.0,0.0,0.0,0.0,0.0,0.0,0.0,0.0,0.0,0.0,0.0,0.0,0.0,0.0,0.0,False,False
2023-02-01,0.0,0.0,0.0,0.0,0.0,0.0,0.0,0.0,0.0,0.0,0.0,0.0,0.0,0.0,0.0,0.0,0.0,0.0,0.0,0.0,0.0,0.0,0.0,0.0,0.0,0.0,0.0,0.0,0.0,0.0,False,False
2023-02-02,-205906.58673859923,25000000.0,12500000.0,12500000.0,198.41269841269843,4.0,4.0,8.0,4.0,0.5,0.05,0.5,0.5,0.5,1.0,-0.004118131734771984,0.0002,5e-05,0.00015,10000.0,3.968253968253969e-06,-0.004168131734771984,-0.004318131734771984,-0.004318131734771984,-0.0043220999887402375,-41.18131734771984,0.5,1.4999999999999998,0.03968253968253969,-43.22099988740238,False,True
2023-02-03,0.0,0.0,0.0,0.0,0.0,0.0,0.0,0.0,0.0,0.0,0.0,0.0,0.0,0.0,0.0,0.0,0.0,0.0,0.0,0.0,0.0,0.0,0.0,0.0,0.0,0.0,0.0,0.0,0.0,0.0,False,False
2023-02-06,0.0,0.0,0.0,0.0,0.0,0.0,0.0,0.0,0.0,0.0,0.0,0.0,0.0,0.0,0.0,0.0,0.0,0.0,0.0,0.0,0.0,0.0,0.0,0.0,0.0,0.0,0.0,0.0,0.0,0.0,False,False
2023-02-07,0.0,0.0,0.0,0.0,0.0,0.0,0.0,0.0,0.0,0.0,0.0,0.0,0.0,0.0,0.0,0.0,0.0,0.0,0.0,0.0,0.0,0.0,0.0,0.0,0.0,0.0,0.0,0.0,0.0,0.0,False,False
2023-02-08,113447.52007708569,25000000.0,12500000.0,12500000.0,198.4126984126984,4.0,4.0,8.0,4.0,0.5,0.05,0.5,0.5,0.5,1.0,0.002268950401541714,0.0002,5e-05,0.00015,10000.0,3.968253968253968e-06,0.002218950401541714,0.002068950401541714,0.002068950401541714,0.00206498214757346,22.68950401541714,0.5,1.4999999999999998,0.03968253968253968,20.649821475734598,False,True
2023-02-09,0.0,0.0,0.0,0.0,0.0,0.0,0.0,0.0,0.0,0.0,0.0,0.0,0.0,0.0,0.0,0.0,0.0,0.0,0.0,0.0,0.0,0.0,0.0,0.0,0.0,0.0,0.0,0.0,0.0,0.0,False,False
2023-02-10,0.0,0.0,0.0,0.0,0.0,0.0,0.0,0.0,0.0,0.0,0.0,0.0,0.0,0.0,0.0,0.0,0.0,0.0,0.0,0.0,0.0,0.0,0.0,0.0,0.0,0.0,0.0,0.0,0.0,0.0,False,False
2023-02-13,0.0,0.0,0.0,0.0,0.0,0.0,0.0,0.0,0.0,0.0,0.0,0.0,0.0,0.0,0.0,0.0,0.0,0.0,0.0,0.0,0.0,0.0,0.0,0.0,0.0,0.0,0.0,0.0,0.0,0.0,False,False
2023-02-14,-66333.25639496872,20823748.06015,10411874.030075,10411874.030075,165.26784174722223,4.0,4.0,8.0,4.0,0.5,0.05,0.41647496120300004,0.41647496120300004,0.41647496120300004,0.8329499224060001,-0.0013266651278993743,0.0001665899844812,4.16474961203e-05,0.0001249424883609,8329.49922406,3.3053568349444448e-06,-0.0013683126240196743,-0.0014932551123805742,-0.0014932551123805742,-0.0014965604692155187,-13.266651278993743,0.41647496120300004,1.2494248836089998,0.03305356834944445,-14.965604692155187,False,True
2023-02-15,0.0,0.0,0.0,0.0,0.0,0.0,0.0,0.0,0.0,0.0,0.0,0.0,0.0,0.0,0.0,0.0,0.0,0.0,0.0,0.0,0.0,0.0,0.0,0.0,0.0,0.0,0.0,0.0,0.0,0.0,False,False
2023-02-16,0.0,0.0,0.0,0.0,0.0,0.0,0.0,0.0,0.0,0.0,0.0,0.0,0.0,0.0,0.0,0.0,0.0,0.0,0.0,0.0,0.0,0.0,0.0,0.0,0.0,0.0,0.0,0.0,0.0,0.0,False,False
2023-02-17,0.0,0.0,0.0,0.0,0.0,0.0,0.0,0.0,0.0,0.0,0.0,0.0,0.0,0.0,0.0,0.0,0.0,0.0,0.0,0.0,0.0,0.0,0.0,0.0,0.0,0.0,0.0,0.0,0.0,0.0,False,False
2023-02-21,0.0,0.0,0.0,0.0,0.0,0.0,0.0,0.0,0.0,0.0,0.0,0.0,0.0,0.0,0.0,0.0,0.0,0.0,0.0,0.0,0.0,0.0,0.0,0.0,0.0,0.0,0.0,0.0,0.0,0.0,False,False
2023-02-22,0.0,0.0,0.0,0.0,0.0,0.0,0.0,0.0,0.0,0.0,0.0,0.0,0.0,0.0,0.0,0.0,0.0,0.0,0.0,0.0,0.0,0.0,0.0,0.0,0.0,0.0,0.0,0.0,0.0,0.0,False,False
2023-02-23,-34641.15771252041,16395052.3286,8197526.1643,8197526.1643,130.11946292539685,4.0,4.0,8.0,4.0,0.5,0.05000000000000001,0.32790104657200003,0.32790104657200003,0.32790104657200003,0.6558020931440001,-0.0006928231542504083,0.0001311604186288,3.27901046572e-05,9.83703139716e-05,6558.020931440001,2.602389258507937e-06,-0.0007256132589076083,-0.0008239835728792083,-0.0008239835728792083,-0.0008265859621377162,-6.928231542504083,0.32790104657200003,0.983703139716,0.02602389258507937,-8.265859621377162,False,True
2023-02-24,95972.5591806304,25000000.0,12500000.0,12500000.0,198.41269841269843,4.0,4.0,8.0,3.0,0.375,0.05000000000000001,0.5,0.5,0.5,1.0,0.001919451183612608,0.0002,5e-05,0.00015,10000.0,3.968253968253969e-06,0.001869451183612608,0.001719451183612608,0.001719451183612608,0.001715482929644354,19.19451183612608,0.5,1.4999999999999998,0.03968253968253969,17.15482929644354,False,True
2023-02-27,0.0,0.0,0.0,0.0,0.0,0.0,0.0,0.0,0.0,0.0,0.0,0.0,0.0,0.0,0.0,0.0,0.0,0.0,0.0,0.0,0.0,0.0,0.0,0.0,0.0,0.0,0.0,0.0,0.0,0.0,False,False
2023-02-28,0.0,0.0,0.0,0.0,0.0,0.0,0.0,0.0,0.0,0.0,0.0,0.0,0.0,0.0,0.0,0.0,0.0,0.0,0.0,0.0,0.0,0.0,0.0,0.0,0.0,0.0,0.0,0.0,0.0,0.0,False,False
2023-03-01,0.0,0.0,0.0,0.0,0.0,0.0,0.0,0.0,0.0,0.0,0.0,0.0,0.0,0.0,0.0,0.0,0.0,0.0,0.0,0.0,0.0,0.0,0.0,0.0,0.0,0.0,0.0,0.0,0.0,0.0,False,False
2023-03-02,0.0,0.0,0.0,0.0,0.0,0.0,0.0,0.0,0.0,0.0,0.0,0.0,0.0,0.0,0.0,0.0,0.0,0.0,0.0,0.0,0.0,0.0,0.0,0.0,0.0,0.0,0.0,0.0,0.0,0.0,False,False
2023-03-03,0.0,0.0,0.0,0.0,0.0,0.0,0.0,0.0,0.0,0.0,0.0,0.0,0.0,0.0,0.0,0.0,0.0,0.0,0.0,0.0,0.0,0.0,0.0,0.0,0.0,0.0,0.0,0.0,0.0,0.0,False,False
2023-03-06,0.0,0.0,0.0,0.0,0.0,0.0,0.0,0.0,0.0,0.0,0.0,0.0,0.0,0.0,0.0,0.0,0.0,0.0,0.0,0.0,0.0,0.0,0.0,0.0,0.0,0.0,0.0,0.0,0.0,0.0,False,False
2023-03-07,0.0,0.0,0.0,0.0,0.0,0.0,0.0,0.0,0.0,0.0,0.0,0.0,0.0,0.0,0.0,0.0,0.0,0.0,0.0,0.0,0.0,0.0,0.0,0.0,0.0,0.0,0.0,0.0,0.0,0.0,False,False
2023-03-08,0.0,0.0,0.0,0.0,0.0,0.0,0.0,0.0,0.0,0.0,0.0,0.0,0.0,0.0,0.0,0.0,0.0,0.0,0.0,0.0,0.0,0.0,0.0,0.0,0.0,0.0,0.0,0.0,0.0,0.0,False,False
2023-03-09,0.0,0.0,0.0,0.0,0.0,0.0,0.0,0.0,0.0,0.0,0.0,0.0,0.0,0.0,0.0,0.0,0.0,0.0,0.0,0.0,0.0,0.0,0.0,0.0,0.0,0.0,0.0,0.0,0.0,0.0,False,False
2023-03-10,0.0,0.0,0.0,0.0,0.0,0.0,0.0,0.0,0.0,0.0,0.0,0.0,0.0,0.0,0.0,0.0,0.0,0.0,0.0,0.0,0.0,0.0,0.0,0.0,0.0,0.0,0.0,0.0,0.0,0.0,False,False
2023-03-13,0.0,0.0,0.0,0.0,0.0,0.0,0.0,0.0,0.0,0.0,0.0,0.0,0.0,0.0,0.0,0.0,0.0,0.0,0.0,0.0,0.0,0.0,0.0,0.0,0.0,0.0,0.0,0.0,0.0,0.0,False,False
2023-03-14,0.0,0.0,0.0,0.0,0.0,0.0,0.0,0.0,0.0,0.0,0.0,0.0,0.0,0.0,0.0,0.0,0.0,0.0,0.0,0.0,0.0,0.0,0.0,0.0,0.0,0.0,0.0,0.0,0.0,0.0,False,False
2023-03-15,0.0,0.0,0.0,0.0,0.0,0.0,0.0,0.0,0.0,0.0,0.0,0.0,0.0,0.0,0.0,0.0,0.0,0.0,0.0,0.0,0.0,0.0,0.0,0.0,0.0,0.0,0.0,0.0,0.0,0.0,False,False
2023-03-16,0.0,0.0,0.0,0.0,0.0,0.0,0.0,0.0,0.0,0.0,0.0,0.0,0.0,0.0,0.0,0.0,0.0,0.0,0.0,0.0,0.0,0.0,0.0,0.0,0.0,0.0,0.0,0.0,0.0,0.0,False,False
2023-03-17,0.0,0.0,0.0,0.0,0.0,0.0,0.0,0.0,0.0,0.0,0.0,0.0,0.0,0.0,0.0,0.0,0.0,0.0,0.0,0.0,0.0,0.0,0.0,0.0,0.0,0.0,0.0,0.0,0.0,0.0,False,False
2023-03-20,0.0,0.0,0.0,0.0,0.0,0.0,0.0,0.0,0.0,0.0,0.0,0.0,0.0,0.0,0.0,0.0,0.0,0.0,0.0,0.0,0.0,0.0,0.0,0.0,0.0,0.0,0.0,0.0,0.0,0.0,False,False
2023-03-21,0.0,0.0,0.0,0.0,0.0,0.0,0.0,0.0,0.0,0.0,0.0,0.0,0.0,0.0,0.0,0.0,0.0,0.0,0.0,0.0,0.0,0.0,0.0,0.0,0.0,0.0,0.0,0.0,0.0,0.0,False,False
2023-03-22,0.0,0.0,0.0,0.0,0.0,0.0,0.0,0.0,0.0,0.0,0.0,0.0,0.0,0.0,0.0,0.0,0.0,0.0,0.0,0.0,0.0,0.0,0.0,0.0,0.0,0.0,0.0,0.0,0.0,0.0,False,False
2023-03-23,0.0,0.0,0.0,0.0,0.0,0.0,0.0,0.0,0.0,0.0,0.0,0.0,0.0,0.0,0.0,0.0,0.0,0.0,0.0,0.0,0.0,0.0,0.0,0.0,0.0,0.0,0.0,0.0,0.0,0.0,False,False
2023-03-24,0.0,0.0,0.0,0.0,0.0,0.0,0.0,0.0,0.0,0.0,0.0,0.0,0.0,0.0,0.0,0.0,0.0,0.0,0.0,0.0,0.0,0.0,0.0,0.0,0.0,0.0,0.0,0.0,0.0,0.0,False,False
2023-03-27,0.0,0.0,0.0,0.0,0.0,0.0,0.0,0.0,0.0,0.0,0.0,0.0,0.0,0.0,0.0,0.0,0.0,0.0,0.0,0.0,0.0,0.0,0.0,0.0,0.0,0.0,0.0,0.0,0.0,0.0,False,False
2023-03-28,0.0,0.0,0.0,0.0,0.0,0.0,0.0,0.0,0.0,0.0,0.0,0.0,0.0,0.0,0.0,0.0,0.0,0.0,0.0,0.0,0.0,0.0,0.0,0.0,0.0,0.0,0.0,0.0,0.0,0.0,False,False
2023-03-29,0.0,0.0,0.0,0.0,0.0,0.0,0.0,0.0,0.0,0.0,0.0,0.0,0.0,0.0,0.0,0.0,0.0,0.0,0.0,0.0,0.0,0.0,0.0,0.0,0.0,0.0,0.0,0.0,0.0,0.0,False,False
2023-03-30,0.0,0.0,0.0,0.0,0.0,0.0,0.0,0.0,0.0,0.0,0.0,0.0,0.0,0.0,0.0,0.0,0.0,0.0,0.0,0.0,0.0,0.0,0.0,0.0,0.0,0.0,0.0,0.0,0.0,0.0,False,False
2023-03-31,0.0,0.0,0.0,0.0,0.0,0.0,0.0,0.0,0.0,0.0,0.0,0.0,0.0,0.0,0.0,0.0,0.0,0.0,0.0,0.0,0.0,0.0,0.0,0.0,0.0,0.0,0.0,0.0,0.0,0.0,False,False
2023-04-03,0.0,0.0,0.0,0.0,0.0,0.0,0.0,0.0,0.0,0.0,0.0,0.0,0.0,0.0,0.0,0.0,0.0,0.0,0.0,0.0,0.0,0.0,0.0,0.0,0.0,0.0,0.0,0.0,0.0,0.0,False,False
2023-04-04,0.0,0.0,0.0,0.0,0.0,0.0,0.0,0.0,0.0,0.0,0.0,0.0,0.0,0.0,0.0,0.0,0.0,0.0,0.0,0.0,0.0,0.0,0.0,0.0,0.0,0.0,0.0,0.0,0.0,0.0,False,False
2023-04-05,0.0,0.0,0.0,0.0,0.0,0.0,0.0,0.0,0.0,0.0,0.0,0.0,0.0,0.0,0.0,0.0,0.0,0.0,0.0,0.0,0.0,0.0,0.0,0.0,0.0,0.0,0.0,0.0,0.0,0.0,False,False
2023-04-06,0.0,0.0,0.0,0.0,0.0,0.0,0.0,0.0,0.0,0.0,0.0,0.0,0.0,0.0,0.0,0.0,0.0,0.0,0.0,0.0,0.0,0.0,0.0,0.0,0.0,0.0,0.0,0.0,0.0,0.0,False,False
2023-04-10,0.0,0.0,0.0,0.0,0.0,0.0,0.0,0.0,0.0,0.0,0.0,0.0,0.0,0.0,0.0,0.0,0.0,0.0,0.0,0.0,0.0,0.0,0.0,0.0,0.0,0.0,0.0,0.0,0.0,0.0,False,False
2023-04-11,0.0,0.0,0.0,0.0,0.0,0.0,0.0,0.0,0.0,0.0,0.0,0.0,0.0,0.0,0.0,0.0,0.0,0.0,0.0,0.0,0.0,0.0,0.0,0.0,0.0,0.0,0.0,0.0,0.0,0.0,False,False
2023-04-12,0.0,0.0,0.0,0.0,0.0,0.0,0.0,0.0,0.0,0.0,0.0,0.0,0.0,0.0,0.0,0.0,0.0,0.0,0.0,0.0,0.0,0.0,0.0,0.0,0.0,0.0,0.0,0.0,0.0,0.0,False,False
2023-04-13,0.0,0.0,0.0,0.0,0.0,0.0,0.0,0.0,0.0,0.0,0.0,0.0,0.0,0.0,0.0,0.0,0.0,0.0,0.0,0.0,0.0,0.0,0.0,0.0,0.0,0.0,0.0,0.0,0.0,0.0,False,False
2023-04-14,0.0,0.0,0.0,0.0,0.0,0.0,0.0,0.0,0.0,0.0,0.0,0.0,0.0,0.0,0.0,0.0,0.0,0.0,0.0,0.0,0.0,0.0,0.0,0.0,0.0,0.0,0.0,0.0,0.0,0.0,False,False
2023-04-17,0.0,0.0,0.0,0.0,0.0,0.0,0.0,0.0,0.0,0.0,0.0,0.0,0.0,0.0,0.0,0.0,0.0,0.0,0.0,0.0,0.0,0.0,0.0,0.0,0.0,0.0,0.0,0.0,0.0,0.0,False,False
2023-04-18,0.0,0.0,0.0,0.0,0.0,0.0,0.0,0.0,0.0,0.0,0.0,0.0,0.0,0.0,0.0,0.0,0.0,0.0,0.0,0.0,0.0,0.0,0.0,0.0,0.0,0.0,0.0,0.0,0.0,0.0,False,False
2023-04-19,0.0,0.0,0.0,0.0,0.0,0.0,0.0,0.0,0.0,0.0,0.0,0.0,0.0,0.0,0.0,0.0,0.0,0.0,0.0,0.0,0.0,0.0,0.0,0.0,0.0,0.0,0.0,0.0,0.0,0.0,False,False
2023-04-20,0.0,0.0,0.0,0.0,0.0,0.0,0.0,0.0,0.0,0.0,0.0,0.0,0.0,0.0,0.0,0.0,0.0,0.0,0.0,0.0,0.0,0.0,0.0,0.0,0.0,0.0,0.0,0.0,0.0,0.0,False,False
2023-04-21,0.0,0.0,0.0,0.0,0.0,0.0,0.0,0.0,0.0,0.0,0.0,0.0,0.0,0.0,0.0,0.0,0.0,0.0,0.0,0.0,0.0,0.0,0.0,0.0,0.0,0.0,0.0,0.0,0.0,0.0,False,False
2023-04-24,0.0,0.0,0.0,0.0,0.0,0.0,0.0,0.0,0.0,0.0,0.0,0.0,0.0,0.0,0.0,0.0,0.0,0.0,0.0,0.0,0.0,0.0,0.0,0.0,0.0,0.0,0.0,0.0,0.0,0.0,False,False
2023-04-25,0.0,0.0,0.0,0.0,0.0,0.0,0.0,0.0,0.0,0.0,0.0,0.0,0.0,0.0,0.0,0.0,0.0,0.0,0.0,0.0,0.0,0.0,0.0,0.0,0.0,0.0,0.0,0.0,0.0,0.0,False,False
2023-04-26,0.0,0.0,0.0,0.0,0.0,0.0,0.0,0.0,0.0,0.0,0.0,0.0,0.0,0.0,0.0,0.0,0.0,0.0,0.0,0.0,0.0,0.0,0.0,0.0,0.0,0.0,0.0,0.0,0.0,0.0,False,False
2023-04-27,0.0,0.0,0.0,0.0,0.0,0.0,0.0,0.0,0.0,0.0,0.0,0.0,0.0,0.0,0.0,0.0,0.0,0.0,0.0,0.0,0.0,0.0,0.0,0.0,0.0,0.0,0.0,0.0,0.0,0.0,False,False
2023-04-28,0.0,0.0,0.0,0.0,0.0,0.0,0.0,0.0,0.0,0.0,0.0,0.0,0.0,0.0,0.0,0.0,0.0,0.0,0.0,0.0,0.0,0.0,0.0,0.0,0.0,0.0,0.0,0.0,0.0,0.0,False,False
2023-05-01,0.0,0.0,0.0,0.0,0.0,0.0,0.0,0.0,0.0,0.0,0.0,0.0,0.0,0.0,0.0,0.0,0.0,0.0,0.0,0.0,0.0,0.0,0.0,0.0,0.0,0.0,0.0,0.0,0.0,0.0,False,False
2023-05-02,0.0,0.0,0.0,0.0,0.0,0.0,0.0,0.0,0.0,0.0,0.0,0.0,0.0,0.0,0.0,0.0,0.0,0.0,0.0,0.0,0.0,0.0,0.0,0.0,0.0,0.0,0.0,0.0,0.0,0.0,False,False
2023-05-03,0.0,0.0,0.0,0.0,0.0,0.0,0.0,0.0,0.0,0.0,0.0,0.0,0.0,0.0,0.0,0.0,0.0,0.0,0.0,0.0,0.0,0.0,0.0,0.0,0.0,0.0,0.0,0.0,0.0,0.0,False,False
2023-05-04,0.0,0.0,0.0,0.0,0.0,0.0,0.0,0.0,0.0,0.0,0.0,0.0,0.0,0.0,0.0,0.0,0.0,0.0,0.0,0.0,0.0,0.0,0.0,0.0,0.0,0.0,0.0,0.0,0.0,0.0,False,False
2023-05-05,0.0,0.0,0.0,0.0,0.0,0.0,0.0,0.0,0.0,0.0,0.0,0.0,0.0,0.0,0.0,0.0,0.0,0.0,0.0,0.0,0.0,0.0,0.0,0.0,0.0,0.0,0.0,0.0,0.0,0.0,False,False
2023-05-08,0.0,0.0,0.0,0.0,0.0,0.0,0.0,0.0,0.0,0.0,0.0,0.0,0.0,0.0,0.0,0.0,0.0,0.0,0.0,0.0,0.0,0.0,0.0,0.0,0.0,0.0,0.0,0.0,0.0,0.0,False,False
2023-05-09,0.0,0.0,0.0,0.0,0.0,0.0,0.0,0.0,0.0,0.0,0.0,0.0,0.0,0.0,0.0,0.0,0.0,0.0,0.0,0.0,0.0,0.0,0.0,0.0,0.0,0.0,0.0,0.0,0.0,0.0,False,False
2023-05-10,0.0,0.0,0.0,0.0,0.0,0.0,0.0,0.0,0.0,0.0,0.0,0.0,0.0,0.0,0.0,0.0,0.0,0.0,0.0,0.0,0.0,0.0,0.0,0.0,0.0,0.0,0.0,0.0,0.0,0.0,False,False
2023-05-11,0.0,0.0,0.0,0.0,0.0,0.0,0.0,0.0,0.0,0.0,0.0,0.0,0.0,0.0,0.0,0.0,0.0,0.0,0.0,0.0,0.0,0.0,0.0,0.0,0.0,0.0,0.0,0.0,0.0,0.0,False,False
2023-05-12,0.0,0.0,0.0,0.0,0.0,0.0,0.0,0.0,0.0,0.0,0.0,0.0,0.0,0.0,0.0,0.0,0.0,0.0,0.0,0.0,0.0,0.0,0.0,0.0,0.0,0.0,0.0,0.0,0.0,0.0,False,False
2023-05-15,0.0,0.0,0.0,0.0,0.0,0.0,0.0,0.0,0.0,0.0,0.0,0.0,0.0,0.0,0.0,0.0,0.0,0.0,0.0,0.0,0.0,0.0,0.0,0.0,0.0,0.0,0.0,0.0,0.0,0.0,False,False
2023-05-16,0.0,0.0,0.0,0.0,0.0,0.0,0.0,0.0,0.0,0.0,0.0,0.0,0.0,0.0,0.0,0.0,0.0,0.0,0.0,0.0,0.0,0.0,0.0,0.0,0.0,0.0,0.0,0.0,0.0,0.0,False,False
2023-05-17,0.0,0.0,0.0,0.0,0.0,0.0,0.0,0.0,0.0,0.0,0.0,0.0,0.0,0.0,0.0,0.0,0.0,0.0,0.0,0.0,0.0,0.0,0.0,0.0,0.0,0.0,0.0,0.0,0.0,0.0,False,False
2023-05-18,0.0,0.0,0.0,0.0,0.0,0.0,0.0,0.0,0.0,0.0,0.0,0.0,0.0,0.0,0.0,0.0,0.0,0.0,0.0,0.0,0.0,0.0,0.0,0.0,0.0,0.0,0.0,0.0,0.0,0.0,False,False
2023-05-19,0.0,0.0,0.0,0.0,0.0,0.0,0.0,0.0,0.0,0.0,0.0,0.0,0.0,0.0,0.0,0.0,0.0,0.0,0.0,0.0,0.0,0.0,0.0,0.0,0.0,0.0,0.0,0.0,0.0,0.0,False,False
2023-05-22,0.0,0.0,0.0,0.0,0.0,0.0,0.0,0.0,0.0,0.0,0.0,0.0,0.0,0.0,0.0,0.0,0.0,0.0,0.0,0.0,0.0,0.0,0.0,0.0,0.0,0.0,0.0,0.0,0.0,0.0,False,False
2023-05-23,0.0,0.0,0.0,0.0,0.0,0.0,0.0,0.0,0.0,0.0,0.0,0.0,0.0,0.0,0.0,0.0,0.0,0.0,0.0,0.0,0.0,0.0,0.0,0.0,0.0,0.0,0.0,0.0,0.0,0.0,False,False
2023-05-24,0.0,0.0,0.0,0.0,0.0,0.0,0.0,0.0,0.0,0.0,0.0,0.0,0.0,0.0,0.0,0.0,0.0,0.0,0.0,0.0,0.0,0.0,0.0,0.0,0.0,0.0,0.0,0.0,0.0,0.0,False,False
2023-05-25,0.0,0.0,0.0,0.0,0.0,0.0,0.0,0.0,0.0,0.0,0.0,0.0,0.0,0.0,0.0,0.0,0.0,0.0,0.0,0.0,0.0,0.0,0.0,0.0,0.0,0.0,0.0,0.0,0.0,0.0,False,False
2023-05-26,0.0,0.0,0.0,0.0,0.0,0.0,0.0,0.0,0.0,0.0,0.0,0.0,0.0,0.0,0.0,0.0,0.0,0.0,0.0,0.0,0.0,0.0,0.0,0.0,0.0,0.0,0.0,0.0,0.0,0.0,False,False
2023-05-30,0.0,0.0,0.0,0.0,0.0,0.0,0.0,0.0,0.0,0.0,0.0,0.0,0.0,0.0,0.0,0.0,0.0,0.0,0.0,0.0,0.0,0.0,0.0,0.0,0.0,0.0,0.0,0.0,0.0,0.0,False,False
2023-05-31,0.0,0.0,0.0,0.0,0.0,0.0,0.0,0.0,0.0,0.0,0.0,0.0,0.0,0.0,0.0,0.0,0.0,0.0,0.0,0.0,0.0,0.0,0.0,0.0,0.0,0.0,0.0,0.0,0.0,0.0,False,False
2023-06-01,0.0,0.0,0.0,0.0,0.0,0.0,0.0,0.0,0.0,0.0,0.0,0.0,0.0,0.0,0.0,0.0,0.0,0.0,0.0,0.0,0.0,0.0,0.0,0.0,0.0,0.0,0.0,0.0,0.0,0.0,False,False
2023-06-02,0.0,0.0,0.0,0.0,0.0,0.0,0.0,0.0,0.0,0.0,0.0,0.0,0.0,0.0,0.0,0.0,0.0,0.0,0.0,0.0,0.0,0.0,0.0,0.0,0.0,0.0,0.0,0.0,0.0,0.0,False,False
2023-06-05,0.0,0.0,0.0,0.0,0.0,0.0,0.0,0.0,0.0,0.0,0.0,0.0,0.0,0.0,0.0,0.0,0.0,0.0,0.0,0.0,0.0,0.0,0.0,0.0,0.0,0.0,0.0,0.0,0.0,0.0,False,False
2023-06-06,0.0,0.0,0.0,0.0,0.0,0.0,0.0,0.0,0.0,0.0,0.0,0.0,0.0,0.0,0.0,0.0,0.0,0.0,0.0,0.0,0.0,0.0,0.0,0.0,0.0,0.0,0.0,0.0,0.0,0.0,False,False
2023-06-07,0.0,0.0,0.0,0.0,0.0,0.0,0.0,0.0,0.0,0.0,0.0,0.0,0.0,0.0,0.0,0.0,0.0,0.0,0.0,0.0,0.0,0.0,0.0,0.0,0.0,0.0,0.0,0.0,0.0,0.0,False,False
2023-06-08,0.0,0.0,0.0,0.0,0.0,0.0,0.0,0.0,0.0,0.0,0.0,0.0,0.0,0.0,0.0,0.0,0.0,0.0,0.0,0.0,0.0,0.0,0.0,0.0,0.0,0.0,0.0,0.0,0.0,0.0,False,False
2023-06-09,0.0,0.0,0.0,0.0,0.0,0.0,0.0,0.0,0.0,0.0,0.0,0.0,0.0,0.0,0.0,0.0,0.0,0.0,0.0,0.0,0.0,0.0,0.0,0.0,0.0,0.0,0.0,0.0,0.0,0.0,False,False
2023-06-12,0.0,0.0,0.0,0.0,0.0,0.0,0.0,0.0,0.0,0.0,0.0,0.0,0.0,0.0,0.0,0.0,0.0,0.0,0.0,0.0,0.0,0.0,0.0,0.0,0.0,0.0,0.0,0.0,0.0,0.0,False,False
2023-06-13,0.0,0.0,0.0,0.0,0.0,0.0,0.0,0.0,0.0,0.0,0.0,0.0,0.0,0.0,0.0,0.0,0.0,0.0,0.0,0.0,0.0,0.0,0.0,0.0,0.0,0.0,0.0,0.0,0.0,0.0,False,False
2023-06-14,0.0,0.0,0.0,0.0,0.0,0.0,0.0,0.0,0.0,0.0,0.0,0.0,0.0,0.0,0.0,0.0,0.0,0.0,0.0,0.0,0.0,0.0,0.0,0.0,0.0,0.0,0.0,0.0,0.0,0.0,False,False
2023-06-15,0.0,0.0,0.0,0.0,0.0,0.0,0.0,0.0,0.0,0.0,0.0,0.0,0.0,0.0,0.0,0.0,0.0,0.0,0.0,0.0,0.0,0.0,0.0,0.0,0.0,0.0,0.0,0.0,0.0,0.0,False,False
2023-06-16,0.0,0.0,0.0,0.0,0.0,0.0,0.0,0.0,0.0,0.0,0.0,0.0,0.0,0.0,0.0,0.0,0.0,0.0,0.0,0.0,0.0,0.0,0.0,0.0,0.0,0.0,0.0,0.0,0.0,0.0,False,False
2023-06-20,0.0,0.0,0.0,0.0,0.0,0.0,0.0,0.0,0.0,0.0,0.0,0.0,0.0,0.0,0.0,0.0,0.0,0.0,0.0,0.0,0.0,0.0,0.0,0.0,0.0,0.0,0.0,0.0,0.0,0.0,False,False
2023-06-21,0.0,0.0,0.0,0.0,0.0,0.0,0.0,0.0,0.0,0.0,0.0,0.0,0.0,0.0,0.0,0.0,0.0,0.0,0.0,0.0,0.0,0.0,0.0,0.0,0.0,0.0,0.0,0.0,0.0,0.0,False,False
2023-06-22,0.0,0.0,0.0,0.0,0.0,0.0,0.0,0.0,0.0,0.0,0.0,0.0,0.0,0.0,0.0,0.0,0.0,0.0,0.0,0.0,0.0,0.0,0.0,0.0,0.0,0.0,0.0,0.0,0.0,0.0,False,False
2023-06-23,0.0,0.0,0.0,0.0,0.0,0.0,0.0,0.0,0.0,0.0,0.0,0.0,0.0,0.0,0.0,0.0,0.0,0.0,0.0,0.0,0.0,0.0,0.0,0.0,0.0,0.0,0.0,0.0,0.0,0.0,False,False
2023-06-26,0.0,0.0,0.0,0.0,0.0,0.0,0.0,0.0,0.0,0.0,0.0,0.0,0.0,0.0,0.0,0.0,0.0,0.0,0.0,0.0,0.0,0.0,0.0,0.0,0.0,0.0,0.0,0.0,0.0,0.0,False,False
2023-06-27,0.0,0.0,0.0,0.0,0.0,0.0,0.0,0.0,0.0,0.0,0.0,0.0,0.0,0.0,0.0,0.0,0.0,0.0,0.0,0.0,0.0,0.0,0.0,0.0,0.0,0.0,0.0,0.0,0.0,0.0,False,False
2023-06-28,0.0,0.0,0.0,0.0,0.0,0.0,0.0,0.0,0.0,0.0,0.0,0.0,0.0,0.0,0.0,0.0,0.0,0.0,0.0,0.0,0.0,0.0,0.0,0.0,0.0,0.0,0.0,0.0,0.0,0.0,False,False
2023-06-29,0.0,0.0,0.0,0.0,0.0,0.0,0.0,0.0,0.0,0.0,0.0,0.0,0.0,0.0,0.0,0.0,0.0,0.0,0.0,0.0,0.0,0.0,0.0,0.0,0.0,0.0,0.0,0.0,0.0,0.0,False,False
2023-06-30,0.0,0.0,0.0,0.0,0.0,0.0,0.0,0.0,0.0,0.0,0.0,0.0,0.0,0.0,0.0,0.0,0.0,0.0,0.0,0.0,0.0,0.0,0.0,0.0,0.0,0.0,0.0,0.0,0.0,0.0,False,False
2023-07-03,0.0,0.0,0.0,0.0,0.0,0.0,0.0,0.0,0.0,0.0,0.0,0.0,0.0,0.0,0.0,0.0,0.0,0.0,0.0,0.0,0.0,0.0,0.0,0.0,0.0,0.0,0.0,0.0,0.0,0.0,False,False
2023-07-05,0.0,0.0,0.0,0.0,0.0,0.0,0.0,0.0,0.0,0.0,0.0,0.0,0.0,0.0,0.0,0.0,0.0,0.0,0.0,0.0,0.0,0.0,0.0,0.0,0.0,0.0,0.0,0.0,0.0,0.0,False,False
2023-07-06,0.0,0.0,0.0,0.0,0.0,0.0,0.0,0.0,0.0,0.0,0.0,0.0,0.0,0.0,0.0,0.0,0.0,0.0,0.0,0.0,0.0,0.0,0.0,0.0,0.0,0.0,0.0,0.0,0.0,0.0,False,False
2023-07-07,0.0,0.0,0.0,0.0,0.0,0.0,0.0,0.0,0.0,0.0,0.0,0.0,0.0,0.0,0.0,0.0,0.0,0.0,0.0,0.0,0.0,0.0,0.0,0.0,0.0,0.0,0.0,0.0,0.0,0.0,False,False
2023-07-10,0.0,0.0,0.0,0.0,0.0,0.0,0.0,0.0,0.0,0.0,0.0,0.0,0.0,0.0,0.0,0.0,0.0,0.0,0.0,0.0,0.0,0.0,0.0,0.0,0.0,0.0,0.0,0.0,0.0,0.0,False,False
2023-07-11,0.0,0.0,0.0,0.0,0.0,0.0,0.0,0.0,0.0,0.0,0.0,0.0,0.0,0.0,0.0,0.0,0.0,0.0,0.0,0.0,0.0,0.0,0.0,0.0,0.0,0.0,0.0,0.0,0.0,0.0,False,False
2023-07-12,0.0,0.0,0.0,0.0,0.0,0.0,0.0,0.0,0.0,0.0,0.0,0.0,0.0,0.0,0.0,0.0,0.0,0.0,0.0,0.0,0.0,0.0,0.0,0.0,0.0,0.0,0.0,0.0,0.0,0.0,False,False
2023-07-13,0.0,0.0,0.0,0.0,0.0,0.0,0.0,0.0,0.0,0.0,0.0,0.0,0.0,0.0,0.0,0.0,0.0,0.0,0.0,0.0,0.0,0.0,0.0,0.0,0.0,0.0,0.0,0.0,0.0,0.0,False,False
2023-07-14,0.0,0.0,0.0,0.0,0.0,0.0,0.0,0.0,0.0,0.0,0.0,0.0,0.0,0.0,0.0,0.0,0.0,0.0,0.0,0.0,0.0,0.0,0.0,0.0,0.0,0.0,0.0,0.0,0.0,0.0,False,False
2023-07-17,0.0,0.0,0.0,0.0,0.0,0.0,0.0,0.0,0.0,0.0,0.0,0.0,0.0,0.0,0.0,0.0,0.0,0.0,0.0,0.0,0.0,0.0,0.0,0.0,0.0,0.0,0.0,0.0,0.0,0.0,False,False
2023-07-18,0.0,0.0,0.0,0.0,0.0,0.0,0.0,0.0,0.0,0.0,0.0,0.0,0.0,0.0,0.0,0.0,0.0,0.0,0.0,0.0,0.0,0.0,0.0,0.0,0.0,0.0,0.0,0.0,0.0,0.0,False,False
2023-07-19,0.0,0.0,0.0,0.0,0.0,0.0,0.0,0.0,0.0,0.0,0.0,0.0,0.0,0.0,0.0,0.0,0.0,0.0,0.0,0.0,0.0,0.0,0.0,0.0,0.0,0.0,0.0,0.0,0.0,0.0,False,False
2023-07-20,0.0,0.0,0.0,0.0,0.0,0.0,0.0,0.0,0.0,0.0,0.0,0.0,0.0,0.0,0.0,0.0,0.0,0.0,0.0,0.0,0.0,0.0,0.0,0.0,0.0,0.0,0.0,0.0,0.0,0.0,False,False
2023-07-21,0.0,0.0,0.0,0.0,0.0,0.0,0.0,0.0,0.0,0.0,0.0,0.0,0.0,0.0,0.0,0.0,0.0,0.0,0.0,0.0,0.0,0.0,0.0,0.0,0.0,0.0,0.0,0.0,0.0,0.0,False,False
2023-07-24,0.0,0.0,0.0,0.0,0.0,0.0,0.0,0.0,0.0,0.0,0.0,0.0,0.0,0.0,0.0,0.0,0.0,0.0,0.0,0.0,0.0,0.0,0.0,0.0,0.0,0.0,0.0,0.0,0.0,0.0,False,False
2023-07-25,0.0,0.0,0.0,0.0,0.0,0.0,0.0,0.0,0.0,0.0,0.0,0.0,0.0,0.0,0.0,0.0,0.0,0.0,0.0,0.0,0.0,0.0,0.0,0.0,0.0,0.0,0.0,0.0,0.0,0.0,False,False
2023-07-26,0.0,0.0,0.0,0.0,0.0,0.0,0.0,0.0,0.0,0.0,0.0,0.0,0.0,0.0,0.0,0.0,0.0,0.0,0.0,0.0,0.0,0.0,0.0,0.0,0.0,0.0,0.0,0.0,0.0,0.0,False,False
2023-07-27,0.0,0.0,0.0,0.0,0.0,0.0,0.0,0.0,0.0,0.0,0.0,0.0,0.0,0.0,0.0,0.0,0.0,0.0,0.0,0.0,0.0,0.0,0.0,0.0,0.0,0.0,0.0,0.0,0.0,0.0,False,False
2023-07-28,0.0,0.0,0.0,0.0,0.0,0.0,0.0,0.0,0.0,0.0,0.0,0.0,0.0,0.0,0.0,0.0,0.0,0.0,0.0,0.0,0.0,0.0,0.0,0.0,0.0,0.0,0.0,0.0,0.0,0.0,False,False
2023-07-31,0.0,0.0,0.0,0.0,0.0,0.0,0.0,0.0,0.0,0.0,0.0,0.0,0.0,0.0,0.0,0.0,0.0,0.0,0.0,0.0,0.0,0.0,0.0,0.0,0.0,0.0,0.0,0.0,0.0,0.0,False,False
2023-08-01,0.0,0.0,0.0,0.0,0.0,0.0,0.0,0.0,0.0,0.0,0.0,0.0,0.0,0.0,0.0,0.0,0.0,0.0,0.0,0.0,0.0,0.0,0.0,0.0,0.0,0.0,0.0,0.0,0.0,0.0,False,False
2023-08-02,0.0,0.0,0.0,0.0,0.0,0.0,0.0,0.0,0.0,0.0,0.0,0.0,0.0,0.0,0.0,0.0,0.0,0.0,0.0,0.0,0.0,0.0,0.0,0.0,0.0,0.0,0.0,0.0,0.0,0.0,False,False
2023-08-03,0.0,0.0,0.0,0.0,0.0,0.0,0.0,0.0,0.0,0.0,0.0,0.0,0.0,0.0,0.0,0.0,0.0,0.0,0.0,0.0,0.0,0.0,0.0,0.0,0.0,0.0,0.0,0.0,0.0,0.0,False,False
2023-08-04,0.0,0.0,0.0,0.0,0.0,0.0,0.0,0.0,0.0,0.0,0.0,0.0,0.0,0.0,0.0,0.0,0.0,0.0,0.0,0.0,0.0,0.0,0.0,0.0,0.0,0.0,0.0,0.0,0.0,0.0,False,False
2023-08-07,0.0,0.0,0.0,0.0,0.0,0.0,0.0,0.0,0.0,0.0,0.0,0.0,0.0,0.0,0.0,0.0,0.0,0.0,0.0,0.0,0.0,0.0,0.0,0.0,0.0,0.0,0.0,0.0,0.0,0.0,False,False
2023-08-08,0.0,0.0,0.0,0.0,0.0,0.0,0.0,0.0,0.0,0.0,0.0,0.0,0.0,0.0,0.0,0.0,0.0,0.0,0.0,0.0,0.0,0.0,0.0,0.0,0.0,0.0,0.0,0.0,0.0,0.0,False,False
2023-08-09,0.0,0.0,0.0,0.0,0.0,0.0,0.0,0.0,0.0,0.0,0.0,0.0,0.0,0.0,0.0,0.0,0.0,0.0,0.0,0.0,0.0,0.0,0.0,0.0,0.0,0.0,0.0,0.0,0.0,0.0,False,False
2023-08-10,0.0,0.0,0.0,0.0,0.0,0.0,0.0,0.0,0.0,0.0,0.0,0.0,0.0,0.0,0.0,0.0,0.0,0.0,0.0,0.0,0.0,0.0,0.0,0.0,0.0,0.0,0.0,0.0,0.0,0.0,False,False
2023-08-11,0.0,0.0,0.0,0.0,0.0,0.0,0.0,0.0,0.0,0.0,0.0,0.0,0.0,0.0,0.0,0.0,0.0,0.0,0.0,0.0,0.0,0.0,0.0,0.0,0.0,0.0,0.0,0.0,0.0,0.0,False,False
2023-08-14,0.0,0.0,0.0,0.0,0.0,0.0,0.0,0.0,0.0,0.0,0.0,0.0,0.0,0.0,0.0,0.0,0.0,0.0,0.0,0.0,0.0,0.0,0.0,0.0,0.0,0.0,0.0,0.0,0.0,0.0,False,False
2023-08-15,0.0,0.0,0.0,0.0,0.0,0.0,0.0,0.0,0.0,0.0,0.0,0.0,0.0,0.0,0.0,0.0,0.0,0.0,0.0,0.0,0.0,0.0,0.0,0.0,0.0,0.0,0.0,0.0,0.0,0.0,False,False
2023-08-16,0.0,0.0,0.0,0.0,0.0,0.0,0.0,0.0,0.0,0.0,0.0,0.0,0.0,0.0,0.0,0.0,0.0,0.0,0.0,0.0,0.0,0.0,0.0,0.0,0.0,0.0,0.0,0.0,0.0,0.0,False,False
2023-08-17,0.0,0.0,0.0,0.0,0.0,0.0,0.0,0.0,0.0,0.0,0.0,0.0,0.0,0.0,0.0,0.0,0.0,0.0,0.0,0.0,0.0,0.0,0.0,0.0,0.0,0.0,0.0,0.0,0.0,0.0,False,False
2023-08-18,0.0,0.0,0.0,0.0,0.0,0.0,0.0,0.0,0.0,0.0,0.0,0.0,0.0,0.0,0.0,0.0,0.0,0.0,0.0,0.0,0.0,0.0,0.0,0.0,0.0,0.0,0.0,0.0,0.0,0.0,False,False
2023-08-21,0.0,0.0,0.0,0.0,0.0,0.0,0.0,0.0,0.0,0.0,0.0,0.0,0.0,0.0,0.0,0.0,0.0,0.0,0.0,0.0,0.0,0.0,0.0,0.0,0.0,0.0,0.0,0.0,0.0,0.0,False,False
2023-08-22,0.0,0.0,0.0,0.0,0.0,0.0,0.0,0.0,0.0,0.0,0.0,0.0,0.0,0.0,0.0,0.0,0.0,0.0,0.0,0.0,0.0,0.0,0.0,0.0,0.0,0.0,0.0,0.0,0.0,0.0,False,False
2023-08-23,0.0,0.0,0.0,0.0,0.0,0.0,0.0,0.0,0.0,0.0,0.0,0.0,0.0,0.0,0.0,0.0,0.0,0.0,0.0,0.0,0.0,0.0,0.0,0.0,0.0,0.0,0.0,0.0,0.0,0.0,False,False
2023-08-24,0.0,0.0,0.0,0.0,0.0,0.0,0.0,0.0,0.0,0.0,0.0,0.0,0.0,0.0,0.0,0.0,0.0,0.0,0.0,0.0,0.0,0.0,0.0,0.0,0.0,0.0,0.0,0.0,0.0,0.0,False,False
2023-08-25,0.0,0.0,0.0,0.0,0.0,0.0,0.0,0.0,0.0,0.0,0.0,0.0,0.0,0.0,0.0,0.0,0.0,0.0,0.0,0.0,0.0,0.0,0.0,0.0,0.0,0.0,0.0,0.0,0.0,0.0,False,False
2023-08-28,0.0,0.0,0.0,0.0,0.0,0.0,0.0,0.0,0.0,0.0,0.0,0.0,0.0,0.0,0.0,0.0,0.0,0.0,0.0,0.0,0.0,0.0,0.0,0.0,0.0,0.0,0.0,0.0,0.0,0.0,False,False
2023-08-29,0.0,0.0,0.0,0.0,0.0,0.0,0.0,0.0,0.0,0.0,0.0,0.0,0.0,0.0,0.0,0.0,0.0,0.0,0.0,0.0,0.0,0.0,0.0,0.0,0.0,0.0,0.0,0.0,0.0,0.0,False,False
2023-08-30,0.0,0.0,0.0,0.0,0.0,0.0,0.0,0.0,0.0,0.0,0.0,0.0,0.0,0.0,0.0,0.0,0.0,0.0,0.0,0.0,0.0,0.0,0.0,0.0,0.0,0.0,0.0,0.0,0.0,0.0,False,False
2023-08-31,0.0,0.0,0.0,0.0,0.0,0.0,0.0,0.0,0.0,0.0,0.0,0.0,0.0,0.0,0.0,0.0,0.0,0.0,0.0,0.0,0.0,0.0,0.0,0.0,0.0,0.0,0.0,0.0,0.0,0.0,False,False
2023-09-01,0.0,0.0,0.0,0.0,0.0,0.0,0.0,0.0,0.0,0.0,0.0,0.0,0.0,0.0,0.0,0.0,0.0,0.0,0.0,0.0,0.0,0.0,0.0,0.0,0.0,0.0,0.0,0.0,0.0,0.0,False,False
2023-09-05,0.0,0.0,0.0,0.0,0.0,0.0,0.0,0.0,0.0,0.0,0.0,0.0,0.0,0.0,0.0,0.0,0.0,0.0,0.0,0.0,0.0,0.0,0.0,0.0,0.0,0.0,0.0,0.0,0.0,0.0,False,False
2023-09-06,0.0,0.0,0.0,0.0,0.0,0.0,0.0,0.0,0.0,0.0,0.0,0.0,0.0,0.0,0.0,0.0,0.0,0.0,0.0,0.0,0.0,0.0,0.0,0.0,0.0,0.0,0.0,0.0,0.0,0.0,False,False
2023-09-07,0.0,0.0,0.0,0.0,0.0,0.0,0.0,0.0,0.0,0.0,0.0,0.0,0.0,0.0,0.0,0.0,0.0,0.0,0.0,0.0,0.0,0.0,0.0,0.0,0.0,0.0,0.0,0.0,0.0,0.0,False,False
2023-09-08,0.0,0.0,0.0,0.0,0.0,0.0,0.0,0.0,0.0,0.0,0.0,0.0,0.0,0.0,0.0,0.0,0.0,0.0,0.0,0.0,0.0,0.0,0.0,0.0,0.0,0.0,0.0,0.0,0.0,0.0,False,False
2023-09-11,0.0,0.0,0.0,0.0,0.0,0.0,0.0,0.0,0.0,0.0,0.0,0.0,0.0,0.0,0.0,0.0,0.0,0.0,0.0,0.0,0.0,0.0,0.0,0.0,0.0,0.0,0.0,0.0,0.0,0.0,False,False
2023-09-12,0.0,0.0,0.0,0.0,0.0,0.0,0.0,0.0,0.0,0.0,0.0,0.0,0.0,0.0,0.0,0.0,0.0,0.0,0.0,0.0,0.0,0.0,0.0,0.0,0.0,0.0,0.0,0.0,0.0,0.0,False,False
2023-09-13,0.0,0.0,0.0,0.0,0.0,0.0,0.0,0.0,0.0,0.0,0.0,0.0,0.0,0.0,0.0,0.0,0.0,0.0,0.0,0.0,0.0,0.0,0.0,0.0,0.0,0.0,0.0,0.0,0.0,0.0,False,False
2023-09-14,0.0,0.0,0.0,0.0,0.0,0.0,0.0,0.0,0.0,0.0,0.0,0.0,0.0,0.0,0.0,0.0,0.0,0.0,0.0,0.0,0.0,0.0,0.0,0.0,0.0,0.0,0.0,0.0,0.0,0.0,False,False
2023-09-15,0.0,0.0,0.0,0.0,0.0,0.0,0.0,0.0,0.0,0.0,0.0,0.0,0.0,0.0,0.0,0.0,0.0,0.0,0.0,0.0,0.0,0.0,0.0,0.0,0.0,0.0,0.0,0.0,0.0,0.0,False,False
2023-09-18,0.0,0.0,0.0,0.0,0.0,0.0,0.0,0.0,0.0,0.0,0.0,0.0,0.0,0.0,0.0,0.0,0.0,0.0,0.0,0.0,0.0,0.0,0.0,0.0,0.0,0.0,0.0,0.0,0.0,0.0,False,False
2023-09-19,0.0,0.0,0.0,0.0,0.0,0.0,0.0,0.0,0.0,0.0,0.0,0.0,0.0,0.0,0.0,0.0,0.0,0.0,0.0,0.0,0.0,0.0,0.0,0.0,0.0,0.0,0.0,0.0,0.0,0.0,False,False
2023-09-20,0.0,0.0,0.0,0.0,0.0,0.0,0.0,0.0,0.0,0.0,0.0,0.0,0.0,0.0,0.0,0.0,0.0,0.0,0.0,0.0,0.0,0.0,0.0,0.0,0.0,0.0,0.0,0.0,0.0,0.0,False,False
2023-09-21,0.0,0.0,0.0,0.0,0.0,0.0,0.0,0.0,0.0,0.0,0.0,0.0,0.0,0.0,0.0,0.0,0.0,0.0,0.0,0.0,0.0,0.0,0.0,0.0,0.0,0.0,0.0,0.0,0.0,0.0,False,False
2023-09-22,0.0,0.0,0.0,0.0,0.0,0.0,0.0,0.0,0.0,0.0,0.0,0.0,0.0,0.0,0.0,0.0,0.0,0.0,0.0,0.0,0.0,0.0,0.0,0.0,0.0,0.0,0.0,0.0,0.0,0.0,False,False
2023-09-25,0.0,0.0,0.0,0.0,0.0,0.0,0.0,0.0,0.0,0.0,0.0,0.0,0.0,0.0,0.0,0.0,0.0,0.0,0.0,0.0,0.0,0.0,0.0,0.0,0.0,0.0,0.0,0.0,0.0,0.0,False,False
2023-09-26,0.0,0.0,0.0,0.0,0.0,0.0,0.0,0.0,0.0,0.0,0.0,0.0,0.0,0.0,0.0,0.0,0.0,0.0,0.0,0.0,0.0,0.0,0.0,0.0,0.0,0.0,0.0,0.0,0.0,0.0,False,False
2023-09-27,0.0,0.0,0.0,0.0,0.0,0.0,0.0,0.0,0.0,0.0,0.0,0.0,0.0,0.0,0.0,0.0,0.0,0.0,0.0,0.0,0.0,0.0,0.0,0.0,0.0,0.0,0.0,0.0,0.0,0.0,False,False
2023-09-28,0.0,0.0,0.0,0.0,0.0,0.0,0.0,0.0,0.0,0.0,0.0,0.0,0.0,0.0,0.0,0.0,0.0,0.0,0.0,0.0,0.0,0.0,0.0,0.0,0.0,0.0,0.0,0.0,0.0,0.0,False,False
2023-09-29,0.0,0.0,0.0,0.0,0.0,0.0,0.0,0.0,0.0,0.0,0.0,0.0,0.0,0.0,0.0,0.0,0.0,0.0,0.0,0.0,0.0,0.0,0.0,0.0,0.0,0.0,0.0,0.0,0.0,0.0,False,False
2023-10-02,0.0,0.0,0.0,0.0,0.0,0.0,0.0,0.0,0.0,0.0,0.0,0.0,0.0,0.0,0.0,0.0,0.0,0.0,0.0,0.0,0.0,0.0,0.0,0.0,0.0,0.0,0.0,0.0,0.0,0.0,False,False
2023-10-03,0.0,0.0,0.0,0.0,0.0,0.0,0.0,0.0,0.0,0.0,0.0,0.0,0.0,0.0,0.0,0.0,0.0,0.0,0.0,0.0,0.0,0.0,0.0,0.0,0.0,0.0,0.0,0.0,0.0,0.0,False,False
2023-10-04,0.0,0.0,0.0,0.0,0.0,0.0,0.0,0.0,0.0,0.0,0.0,0.0,0.0,0.0,0.0,0.0,0.0,0.0,0.0,0.0,0.0,0.0,0.0,0.0,0.0,0.0,0.0,0.0,0.0,0.0,False,False
2023-10-05,0.0,0.0,0.0,0.0,0.0,0.0,0.0,0.0,0.0,0.0,0.0,0.0,0.0,0.0,0.0,0.0,0.0,0.0,0.0,0.0,0.0,0.0,0.0,0.0,0.0,0.0,0.0,0.0,0.0,0.0,False,False
2023-10-06,0.0,0.0,0.0,0.0,0.0,0.0,0.0,0.0,0.0,0.0,0.0,0.0,0.0,0.0,0.0,0.0,0.0,0.0,0.0,0.0,0.0,0.0,0.0,0.0,0.0,0.0,0.0,0.0,0.0,0.0,False,False
2023-10-09,0.0,0.0,0.0,0.0,0.0,0.0,0.0,0.0,0.0,0.0,0.0,0.0,0.0,0.0,0.0,0.0,0.0,0.0,0.0,0.0,0.0,0.0,0.0,0.0,0.0,0.0,0.0,0.0,0.0,0.0,False,False
2023-10-10,0.0,0.0,0.0,0.0,0.0,0.0,0.0,0.0,0.0,0.0,0.0,0.0,0.0,0.0,0.0,0.0,0.0,0.0,0.0,0.0,0.0,0.0,0.0,0.0,0.0,0.0,0.0,0.0,0.0,0.0,False,False
2023-10-11,0.0,0.0,0.0,0.0,0.0,0.0,0.0,0.0,0.0,0.0,0.0,0.0,0.0,0.0,0.0,0.0,0.0,0.0,0.0,0.0,0.0,0.0,0.0,0.0,0.0,0.0,0.0,0.0,0.0,0.0,False,False
2023-10-12,0.0,0.0,0.0,0.0,0.0,0.0,0.0,0.0,0.0,0.0,0.0,0.0,0.0,0.0,0.0,0.0,0.0,0.0,0.0,0.0,0.0,0.0,0.0,0.0,0.0,0.0,0.0,0.0,0.0,0.0,False,False
2023-10-13,-2902.444872502725,24999999.999999996,12499999.999999996,12500000.0,198.41269841269843,4.0,4.0,8.0,3.0,0.375,0.05,0.49999999999999994,0.49999999999999994,0.49999999999999994,0.9999999999999999,-5.80488974500545e-05,0.00019999999999999998,4.9999999999999996e-05,0.00014999999999999996,10000.0,3.968253968253969e-06,-0.0001080488974500545,-0.00025804889745005446,-0.00025804889745005446,-0.0002620171514183084,-0.580488974500545,0.49999999999999994,1.4999999999999996,0.03968253968253969,-2.620171514183084,False,True
2023-10-16,0.0,0.0,0.0,0.0,0.0,0.0,0.0,0.0,0.0,0.0,0.0,0.0,0.0,0.0,0.0,0.0,0.0,0.0,0.0,0.0,0.0,0.0,0.0,0.0,0.0,0.0,0.0,0.0,0.0,0.0,False,False
2023-10-17,0.0,0.0,0.0,0.0,0.0,0.0,0.0,0.0,0.0,0.0,0.0,0.0,0.0,0.0,0.0,0.0,0.0,0.0,0.0,0.0,0.0,0.0,0.0,0.0,0.0,0.0,0.0,0.0,0.0,0.0,False,False
2023-10-18,0.0,0.0,0.0,0.0,0.0,0.0,0.0,0.0,0.0,0.0,0.0,0.0,0.0,0.0,0.0,0.0,0.0,0.0,0.0,0.0,0.0,0.0,0.0,0.0,0.0,0.0,0.0,0.0,0.0,0.0,False,False
2023-10-19,-137410.1114376025,25000000.0,12500000.0,12500000.0,426.580374973545,4.0,4.0,8.0,1.0,0.125,0.05,0.5,0.5,0.5,1.0,-0.00274820222875205,0.0002,5e-05,0.00015,10000.0,8.531607499470901e-06,-0.00279820222875205,-0.00294820222875205,-0.00294820222875205,-0.0029567338362515207,-27.482022287520497,0.5,1.4999999999999998,0.08531607499470902,-29.56733836251521,False,True
2023-10-20,31379.121862650427,25000000.0,12500000.0,12500000.0,652.0484774603175,4.0,4.0,8.0,1.0,0.125,0.05,0.5,0.5,0.5,1.0,0.0006275824372530085,0.0002,5e-05,0.00015,10000.0,1.304096954920635e-05,0.0005775824372530085,0.00042758243725300857,0.00042758243725300857,0.0004145414677038022,6.275824372530085,0.5,1.4999999999999998,0.1304096954920635,4.145414677038022,False,True
2023-10-23,0.0,0.0,0.0,0.0,0.0,0.0,0.0,0.0,0.0,0.0,0.0,0.0,0.0,0.0,0.0,0.0,0.0,0.0,0.0,0.0,0.0,0.0,0.0,0.0,0.0,0.0,0.0,0.0,0.0,0.0,False,False
2023-10-24,0.0,0.0,0.0,0.0,0.0,0.0,0.0,0.0,0.0,0.0,0.0,0.0,0.0,0.0,0.0,0.0,0.0,0.0,0.0,0.0,0.0,0.0,0.0,0.0,0.0,0.0,0.0,0.0,0.0,0.0,False,False
2023-10-25,0.0,0.0,0.0,0.0,0.0,0.0,0.0,0.0,0.0,0.0,0.0,0.0,0.0,0.0,0.0,0.0,0.0,0.0,0.0,0.0,0.0,0.0,0.0,0.0,0.0,0.0,0.0,0.0,0.0,0.0,False,False
2023-10-26,0.0,0.0,0.0,0.0,0.0,0.0,0.0,0.0,0.0,0.0,0.0,0.0,0.0,0.0,0.0,0.0,0.0,0.0,0.0,0.0,0.0,0.0,0.0,0.0,0.0,0.0,0.0,0.0,0.0,0.0,False,False
2023-10-27,0.0,0.0,0.0,0.0,0.0,0.0,0.0,0.0,0.0,0.0,0.0,0.0,0.0,0.0,0.0,0.0,0.0,0.0,0.0,0.0,0.0,0.0,0.0,0.0,0.0,0.0,0.0,0.0,0.0,0.0,False,False
2023-10-30,0.0,0.0,0.0,0.0,0.0,0.0,0.0,0.0,0.0,0.0,0.0,0.0,0.0,0.0,0.0,0.0,0.0,0.0,0.0,0.0,0.0,0.0,0.0,0.0,0.0,0.0,0.0,0.0,0.0,0.0,False,False
2023-10-31,0.0,0.0,0.0,0.0,0.0,0.0,0.0,0.0,0.0,0.0,0.0,0.0,0.0,0.0,0.0,0.0,0.0,0.0,0.0,0.0,0.0,0.0,0.0,0.0,0.0,0.0,0.0,0.0,0.0,0.0,False,False
2023-11-01,0.0,0.0,0.0,0.0,0.0,0.0,0.0,0.0,0.0,0.0,0.0,0.0,0.0,0.0,0.0,0.0,0.0,0.0,0.0,0.0,0.0,0.0,0.0,0.0,0.0,0.0,0.0,0.0,0.0,0.0,False,False
2023-11-02,0.0,0.0,0.0,0.0,0.0,0.0,0.0,0.0,0.0,0.0,0.0,0.0,0.0,0.0,0.0,0.0,0.0,0.0,0.0,0.0,0.0,0.0,0.0,0.0,0.0,0.0,0.0,0.0,0.0,0.0,False,False
2023-11-03,0.0,0.0,0.0,0.0,0.0,0.0,0.0,0.0,0.0,0.0,0.0,0.0,0.0,0.0,0.0,0.0,0.0,0.0,0.0,0.0,0.0,0.0,0.0,0.0,0.0,0.0,0.0,0.0,0.0,0.0,False,False
2023-11-06,0.0,0.0,0.0,0.0,0.0,0.0,0.0,0.0,0.0,0.0,0.0,0.0,0.0,0.0,0.0,0.0,0.0,0.0,0.0,0.0,0.0,0.0,0.0,0.0,0.0,0.0,0.0,0.0,0.0,0.0,False,False
2023-11-07,0.0,0.0,0.0,0.0,0.0,0.0,0.0,0.0,0.0,0.0,0.0,0.0,0.0,0.0,0.0,0.0,0.0,0.0,0.0,0.0,0.0,0.0,0.0,0.0,0.0,0.0,0.0,0.0,0.0,0.0,False,False
2023-11-08,-78304.37317173278,25000000.0,12500000.0,12500000.0,595.2380952380952,4.0,4.0,8.0,1.0,0.125,0.04999999999999999,0.5,0.5,0.5,1.0,-0.0015660874634346555,0.0002,5e-05,0.00015,10000.0,1.1904761904761903e-05,-0.0016160874634346554,-0.0017660874634346554,-0.0017660874634346554,-0.0017779922253394172,-15.660874634346555,0.5,1.4999999999999998,0.11904761904761903,-17.779922253394172,False,True
2023-11-09,0.0,0.0,0.0,0.0,0.0,0.0,0.0,0.0,0.0,0.0,0.0,0.0,0.0,0.0,0.0,0.0,0.0,0.0,0.0,0.0,0.0,0.0,0.0,0.0,0.0,0.0,0.0,0.0,0.0,0.0,False,False
2023-11-10,0.0,0.0,0.0,0.0,0.0,0.0,0.0,0.0,0.0,0.0,0.0,0.0,0.0,0.0,0.0,0.0,0.0,0.0,0.0,0.0,0.0,0.0,0.0,0.0,0.0,0.0,0.0,0.0,0.0,0.0,False,False
2023-11-13,0.0,0.0,0.0,0.0,0.0,0.0,0.0,0.0,0.0,0.0,0.0,0.0,0.0,0.0,0.0,0.0,0.0,0.0,0.0,0.0,0.0,0.0,0.0,0.0,0.0,0.0,0.0,0.0,0.0,0.0,False,False
2023-11-14,-44928.2907976977,25000000.0,12500000.0,12500000.0,1339.2857142857142,4.0,4.0,8.0,0.0,0.0,0.022600522825407296,0.5,0.5,0.5,1.0,-0.000898565815953954,0.0002,5e-05,0.00015,10000.0,2.6785714285714284e-05,-0.000948565815953954,-0.001098565815953954,-0.001098565815953954,-0.0011253515302396683,-8.98565815953954,0.5,1.4999999999999998,0.26785714285714285,-11.253515302396682,False,True
2023-11-15,0.0,0.0,0.0,0.0,0.0,0.0,0.0,0.0,0.0,0.0,0.0,0.0,0.0,0.0,0.0,0.0,0.0,0.0,0.0,0.0,0.0,0.0,0.0,0.0,0.0,0.0,0.0,0.0,0.0,0.0,False,False
2023-11-16,-9452.2363397187,25000000.0,12500000.0,12500000.0,595.2380952380952,4.0,4.0,8.0,0.0,0.0,0.043703855339537724,0.5,0.5,0.5,1.0,-0.000189044726794374,0.0002,5e-05,0.00015,10000.0,1.1904761904761903e-05,-0.000239044726794374,-0.000389044726794374,-0.000389044726794374,-0.0004009494886991359,-1.89044726794374,0.5,1.4999999999999998,0.11904761904761903,-4.009494886991359,False,True
2023-11-17,0.0,0.0,0.0,0.0,0.0,0.0,0.0,0.0,0.0,0.0,0.0,0.0,0.0,0.0,0.0,0.0,0.0,0.0,0.0,0.0,0.0,0.0,0.0,0.0,0.0,0.0,0.0,0.0,0.0,0.0,False,False
2023-11-20,0.0,0.0,0.0,0.0,0.0,0.0,0.0,0.0,0.0,0.0,0.0,0.0,0.0,0.0,0.0,0.0,0.0,0.0,0.0,0.0,0.0,0.0,0.0,0.0,0.0,0.0,0.0,0.0,0.0,0.0,False,False
2023-11-21,0.0,0.0,0.0,0.0,0.0,0.0,0.0,0.0,0.0,0.0,0.0,0.0,0.0,0.0,0.0,0.0,0.0,0.0,0.0,0.0,0.0,0.0,0.0,0.0,0.0,0.0,0.0,0.0,0.0,0.0,False,False
2023-11-22,0.0,0.0,0.0,0.0,0.0,0.0,0.0,0.0,0.0,0.0,0.0,0.0,0.0,0.0,0.0,0.0,0.0,0.0,0.0,0.0,0.0,0.0,0.0,0.0,0.0,0.0,0.0,0.0,0.0,0.0,False,False
2023-11-24,0.0,0.0,0.0,0.0,0.0,0.0,0.0,0.0,0.0,0.0,0.0,0.0,0.0,0.0,0.0,0.0,0.0,0.0,0.0,0.0,0.0,0.0,0.0,0.0,0.0,0.0,0.0,0.0,0.0,0.0,False,False
2023-11-27,0.0,0.0,0.0,0.0,0.0,0.0,0.0,0.0,0.0,0.0,0.0,0.0,0.0,0.0,0.0,0.0,0.0,0.0,0.0,0.0,0.0,0.0,0.0,0.0,0.0,0.0,0.0,0.0,0.0,0.0,False,False
2023-11-28,0.0,0.0,0.0,0.0,0.0,0.0,0.0,0.0,0.0,0.0,0.0,0.0,0.0,0.0,0.0,0.0,0.0,0.0,0.0,0.0,0.0,0.0,0.0,0.0,0.0,0.0,0.0,0.0,0.0,0.0,False,False
2023-11-29,0.0,0.0,0.0,0.0,0.0,0.0,0.0,0.0,0.0,0.0,0.0,0.0,0.0,0.0,0.0,0.0,0.0,0.0,0.0,0.0,0.0,0.0,0.0,0.0,0.0,0.0,0.0,0.0,0.0,0.0,False,False
2023-11-30,0.0,0.0,0.0,0.0,0.0,0.0,0.0,0.0,0.0,0.0,0.0,0.0,0.0,0.0,0.0,0.0,0.0,0.0,0.0,0.0,0.0,0.0,0.0,0.0,0.0,0.0,0.0,0.0,0.0,0.0,False,False
2023-12-01,0.0,0.0,0.0,0.0,0.0,0.0,0.0,0.0,0.0,0.0,0.0,0.0,0.0,0.0,0.0,0.0,0.0,0.0,0.0,0.0,0.0,0.0,0.0,0.0,0.0,0.0,0.0,0.0,0.0,0.0,False,False
2023-12-04,0.0,0.0,0.0,0.0,0.0,0.0,0.0,0.0,0.0,0.0,0.0,0.0,0.0,0.0,0.0,0.0,0.0,0.0,0.0,0.0,0.0,0.0,0.0,0.0,0.0,0.0,0.0,0.0,0.0,0.0,False,False
2023-12-05,0.0,0.0,0.0,0.0,0.0,0.0,0.0,0.0,0.0,0.0,0.0,0.0,0.0,0.0,0.0,0.0,0.0,0.0,0.0,0.0,0.0,0.0,0.0,0.0,0.0,0.0,0.0,0.0,0.0,0.0,False,False
2023-12-06,0.0,0.0,0.0,0.0,0.0,0.0,0.0,0.0,0.0,0.0,0.0,0.0,0.0,0.0,0.0,0.0,0.0,0.0,0.0,0.0,0.0,0.0,0.0,0.0,0.0,0.0,0.0,0.0,0.0,0.0,False,False
2023-12-07,0.0,0.0,0.0,0.0,0.0,0.0,0.0,0.0,0.0,0.0,0.0,0.0,0.0,0.0,0.0,0.0,0.0,0.0,0.0,0.0,0.0,0.0,0.0,0.0,0.0,0.0,0.0,0.0,0.0,0.0,False,False
2023-12-08,0.0,0.0,0.0,0.0,0.0,0.0,0.0,0.0,0.0,0.0,0.0,0.0,0.0,0.0,0.0,0.0,0.0,0.0,0.0,0.0,0.0,0.0,0.0,0.0,0.0,0.0,0.0,0.0,0.0,0.0,False,False
2023-12-11,0.0,0.0,0.0,0.0,0.0,0.0,0.0,0.0,0.0,0.0,0.0,0.0,0.0,0.0,0.0,0.0,0.0,0.0,0.0,0.0,0.0,0.0,0.0,0.0,0.0,0.0,0.0,0.0,0.0,0.0,False,False
2023-12-12,0.0,0.0,0.0,0.0,0.0,0.0,0.0,0.0,0.0,0.0,0.0,0.0,0.0,0.0,0.0,0.0,0.0,0.0,0.0,0.0,0.0,0.0,0.0,0.0,0.0,0.0,0.0,0.0,0.0,0.0,False,False
2023-12-13,0.0,0.0,0.0,0.0,0.0,0.0,0.0,0.0,0.0,0.0,0.0,0.0,0.0,0.0,0.0,0.0,0.0,0.0,0.0,0.0,0.0,0.0,0.0,0.0,0.0,0.0,0.0,0.0,0.0,0.0,False,False
2023-12-14,-193949.12440836668,25000000.0,12500000.0,12500000.0,1489.6899340435186,4.0,4.0,8.0,1.0,0.125,0.05,0.5,0.5,0.5,1.0,-0.003878982488167334,0.0002,5e-05,0.00015,10000.0,2.9793798680870372e-05,-0.003928982488167334,-0.004078982488167334,-0.004078982488167334,-0.004108776286848205,-38.78982488167334,0.5,1.4999999999999998,0.2979379868087037,-41.087762868482045,False,True
2023-12-15,250159.6040425974,25000000.0,12500000.0,12500000.0,1708.2427056948416,4.0,4.0,8.0,1.0,0.125,0.05,0.5,0.5,0.5,1.0,0.0050031920808519485,0.0002,5e-05,0.00015,10000.0,3.416485411389683e-05,0.004953192080851949,0.004803192080851949,0.004803192080851949,0.004769027226738052,50.03192080851949,0.5,1.4999999999999998,0.3416485411389683,47.69027226738052,False,True
2023-12-18,-28473.29052214454,25000000.0,12500000.0,12500000.0,1460.885468342857,4.0,4.0,8.0,1.0,0.125,0.04999999999999999,0.5,0.5,0.5,1.0,-0.0005694658104428908,0.0002,5e-05,0.00015,10000.0,2.921770936685714e-05,-0.0006194658104428908,-0.0007694658104428907,-0.0007694658104428907,-0.0007986835198097479,-5.694658104428908,0.5,1.4999999999999998,0.2921770936685714,-7.986835198097479,False,True
2023-12-19,133259.26356854205,24999999.999999996,12499999.999999998,12499999.999999998,1684.8151068626985,4.0,4.0,8.0,1.0,0.125,0.05,0.49999999999999994,0.49999999999999994,0.49999999999999994,0.9999999999999999,0.002665185271370841,0.00019999999999999998,4.9999999999999996e-05,0.00014999999999999996,10000.0,3.369630213725397e-05,0.002615185271370841,0.002465185271370841,0.002465185271370841,0.002431488969233587,26.65185271370841,0.49999999999999994,1.4999999999999996,0.3369630213725397,24.314889692335868,False,True
2023-12-20,-150579.6189435827,25000000.0,12500000.0,12500000.0,1676.3127135769842,4.0,4.0,8.0,1.0,0.125,0.05,0.5,0.5,0.5,1.0,-0.003011592378871654,0.0002,5e-05,0.00015,10000.0,3.3526254271539686e-05,-0.0030615923788716542,-0.003211592378871654,-0.003211592378871654,-0.003245118633143194,-30.11592378871654,0.5,1.4999999999999998,0.33526254271539685,-32.45118633143194,False,True
2023-12-21,21876.09686557517,25000000.0,12500000.0,12500000.0,1454.328278630291,4.0,4.0,8.0,1.0,0.125,0.04999999999999999,0.5,0.5,0.5,1.0,0.00043752193731150344,0.0002,5e-05,0.00015,10000.0,2.9086565572605817e-05,0.0003875219373115034,0.00023752193731150343,0.00023752193731150343,0.00020843537173889762,4.375219373115034,0.5,1.4999999999999998,0.29086565572605816,2.0843537173889763,False,True
2023-12-22,-37622.241825969206,25000000.0,12500000.0,12500000.0,634.2247920751323,4.0,4.0,8.0,1.0,0.125,0.05,0.5,0.5,0.5,1.0,-0.0007524448365193842,0.0002,5e-05,0.00015,10000.0,1.2684495841502647e-05,-0.0008024448365193842,-0.0009524448365193841,-0.0009524448365193841,-0.0009651293323608868,-7.524448365193842,0.5,1.4999999999999998,0.12684495841502647,-9.651293323608867,False,True
2023-12-26,-2113215.1817061747,24999999.999999996,12499999.999999998,12500000.0,848.9899225857141,4.0,4.0,8.0,1.0,0.125,0.05,0.49999999999999994,0.49999999999999994,0.49999999999999994,0.9999999999999999,-0.04226430363412349,0.00019999999999999998,4.9999999999999996e-05,0.00014999999999999996,10000.0,1.6979798451714283e-05,-0.042314303634123494,-0.04246430363412349,-0.04246430363412349,-0.042481283432575206,-422.6430363412349,0.49999999999999994,1.4999999999999996,0.1697979845171428,-424.8128343257521,False,True
2023-12-27,124345.00588218913,25000000.0,12500000.0,12500000.0,849.6141247698412,4.0,4.0,8.0,1.0,0.125,0.05,0.5,0.5,0.5,1.0,0.0024869001176437825,0.0002,5e-05,0.00015,10000.0,1.6992282495396822e-05,0.0024369001176437824,0.0022869001176437824,0.0022869001176437824,0.0022699078351483856,24.869001176437827,0.5,1.4999999999999998,0.1699228249539682,22.699078351483855,False,True
2023-12-28,-20145.077084393084,25000000.0,12500000.0,12500000.0,1663.4967860376983,4.0,4.0,8.0,1.0,0.125,0.04999999999999999,0.5,0.5,0.5,1.0,-0.00040290154168786166,0.0002,5e-05,0.00015,10000.0,3.326993572075396e-05,-0.0004529015416878617,-0.0006029015416878616,-0.0006029015416878616,-0.0006361714774086156,-4.029015416878616,0.5,1.4999999999999998,0.3326993572075396,-6.361714774086156,False,True
2023-12-29,55260.391677679014,25000000.0,12500000.0,12500000.0,1662.4631315876982,4.0,4.0,8.0,1.0,0.125,0.05,0.5,0.5,0.5,1.0,0.0011052078335535803,0.0002,5e-05,0.00015,10000.0,3.3249262631753963e-05,0.0010552078335535804,0.0009052078335535804,0.0009052078335535804,0.0008719585709218265,11.052078335535803,0.5,1.4999999999999998,0.3324926263175396,8.719585709218265,False,True
2024-01-02,0.0,0.0,0.0,0.0,0.0,0.0,0.0,0.0,0.0,0.0,0.0,0.0,0.0,0.0,0.0,0.0,0.0,0.0,0.0,0.0,0.0,0.0,0.0,0.0,0.0,0.0,0.0,0.0,0.0,0.0,False,False
2024-01-03,-56462.00576685904,24999999.999999996,12499999.999999998,12499999.999999998,737.7037575285713,4.0,4.0,8.0,1.0,0.125,0.05,0.49999999999999994,0.49999999999999994,0.49999999999999994,0.9999999999999999,-0.0011292401153371807,0.00019999999999999998,4.9999999999999996e-05,0.00014999999999999996,10000.0,1.4754075150571426e-05,-0.0011792401153371806,-0.0013292401153371805,-0.0013292401153371805,-0.001343994190487752,-11.292401153371806,0.49999999999999994,1.4999999999999996,0.14754075150571425,-13.43994190487752,False,True
2024-01-04,0.0,0.0,0.0,0.0,0.0,0.0,0.0,0.0,0.0,0.0,0.0,0.0,0.0,0.0,0.0,0.0,0.0,0.0,0.0,0.0,0.0,0.0,0.0,0.0,0.0,0.0,0.0,0.0,0.0,0.0,False,False
2024-01-05,0.0,0.0,0.0,0.0,0.0,0.0,0.0,0.0,0.0,0.0,0.0,0.0,0.0,0.0,0.0,0.0,0.0,0.0,0.0,0.0,0.0,0.0,0.0,0.0,0.0,0.0,0.0,0.0,0.0,0.0,False,False
2024-01-08,0.0,0.0,0.0,0.0,0.0,0.0,0.0,0.0,0.0,0.0,0.0,0.0,0.0,0.0,0.0,0.0,0.0,0.0,0.0,0.0,0.0,0.0,0.0,0.0,0.0,0.0,0.0,0.0,0.0,0.0,False,False
2024-01-09,0.0,0.0,0.0,0.0,0.0,0.0,0.0,0.0,0.0,0.0,0.0,0.0,0.0,0.0,0.0,0.0,0.0,0.0,0.0,0.0,0.0,0.0,0.0,0.0,0.0,0.0,0.0,0.0,0.0,0.0,False,False
2024-01-10,0.0,0.0,0.0,0.0,0.0,0.0,0.0,0.0,0.0,0.0,0.0,0.0,0.0,0.0,0.0,0.0,0.0,0.0,0.0,0.0,0.0,0.0,0.0,0.0,0.0,0.0,0.0,0.0,0.0,0.0,False,False
2024-01-11,0.0,0.0,0.0,0.0,0.0,0.0,0.0,0.0,0.0,0.0,0.0,0.0,0.0,0.0,0.0,0.0,0.0,0.0,0.0,0.0,0.0,0.0,0.0,0.0,0.0,0.0,0.0,0.0,0.0,0.0,False,False
2024-01-12,0.0,0.0,0.0,0.0,0.0,0.0,0.0,0.0,0.0,0.0,0.0,0.0,0.0,0.0,0.0,0.0,0.0,0.0,0.0,0.0,0.0,0.0,0.0,0.0,0.0,0.0,0.0,0.0,0.0,0.0,False,False
2024-01-16,0.0,0.0,0.0,0.0,0.0,0.0,0.0,0.0,0.0,0.0,0.0,0.0,0.0,0.0,0.0,0.0,0.0,0.0,0.0,0.0,0.0,0.0,0.0,0.0,0.0,0.0,0.0,0.0,0.0,0.0,False,False
2024-01-17,0.0,0.0,0.0,0.0,0.0,0.0,0.0,0.0,0.0,0.0,0.0,0.0,0.0,0.0,0.0,0.0,0.0,0.0,0.0,0.0,0.0,0.0,0.0,0.0,0.0,0.0,0.0,0.0,0.0,0.0,False,False
2024-01-18,0.0,0.0,0.0,0.0,0.0,0.0,0.0,0.0,0.0,0.0,0.0,0.0,0.0,0.0,0.0,0.0,0.0,0.0,0.0,0.0,0.0,0.0,0.0,0.0,0.0,0.0,0.0,0.0,0.0,0.0,False,False
2024-01-19,0.0,0.0,0.0,0.0,0.0,0.0,0.0,0.0,0.0,0.0,0.0,0.0,0.0,0.0,0.0,0.0,0.0,0.0,0.0,0.0,0.0,0.0,0.0,0.0,0.0,0.0,0.0,0.0,0.0,0.0,False,False
2024-01-22,0.0,0.0,0.0,0.0,0.0,0.0,0.0,0.0,0.0,0.0,0.0,0.0,0.0,0.0,0.0,0.0,0.0,0.0,0.0,0.0,0.0,0.0,0.0,0.0,0.0,0.0,0.0,0.0,0.0,0.0,False,False
2024-01-23,0.0,0.0,0.0,0.0,0.0,0.0,0.0,0.0,0.0,0.0,0.0,0.0,0.0,0.0,0.0,0.0,0.0,0.0,0.0,0.0,0.0,0.0,0.0,0.0,0.0,0.0,0.0,0.0,0.0,0.0,False,False
2024-01-24,0.0,0.0,0.0,0.0,0.0,0.0,0.0,0.0,0.0,0.0,0.0,0.0,0.0,0.0,0.0,0.0,0.0,0.0,0.0,0.0,0.0,0.0,0.0,0.0,0.0,0.0,0.0,0.0,0.0,0.0,False,False
2024-01-25,0.0,0.0,0.0,0.0,0.0,0.0,0.0,0.0,0.0,0.0,0.0,0.0,0.0,0.0,0.0,0.0,0.0,0.0,0.0,0.0,0.0,0.0,0.0,0.0,0.0,0.0,0.0,0.0,0.0,0.0,False,False
2024-01-26,0.0,0.0,0.0,0.0,0.0,0.0,0.0,0.0,0.0,0.0,0.0,0.0,0.0,0.0,0.0,0.0,0.0,0.0,0.0,0.0,0.0,0.0,0.0,0.0,0.0,0.0,0.0,0.0,0.0,0.0,False,False
2024-01-29,65234.07889156077,25000000.0,12500000.0,12500000.0,402.2191953899471,4.0,4.0,8.0,2.0,0.25,0.05,0.5,0.5,0.5,1.0,0.0013046815778312154,0.0002,5e-05,0.00015,10000.0,8.044383907798942e-06,0.0012546815778312155,0.0011046815778312155,0.0011046815778312155,0.0010966371939234165,13.046815778312155,0.5,1.4999999999999998,0.08044383907798942,10.966371939234165,False,True
2024-01-30,-811131.6147559674,50000000.0,25000000.0,25000000.0,396.8253968253968,4.0,4.0,8.0,2.0,0.25,0.05,1.0,1.0,1.0,2.0,-0.016222632295119346,0.0004,0.0001,0.0003,20000.0,7.936507936507936e-06,-0.016322632295119346,-0.016622632295119347,-0.016622632295119347,-0.016630568803055856,-162.22632295119345,1.0,2.9999999999999996,0.07936507936507936,-166.30568803055857,True,False
2024-01-31,0.0,0.0,0.0,0.0,0.0,0.0,0.0,0.0,0.0,0.0,0.0,0.0,0.0,0.0,0.0,0.0,0.0,0.0,0.0,0.0,0.0,0.0,0.0,0.0,0.0,0.0,0.0,0.0,0.0,0.0,False,False
2024-02-01,0.0,0.0,0.0,0.0,0.0,0.0,0.0,0.0,0.0,0.0,0.0,0.0,0.0,0.0,0.0,0.0,0.0,0.0,0.0,0.0,0.0,0.0,0.0,0.0,0.0,0.0,0.0,0.0,0.0,0.0,False,False
2024-02-02,0.0,0.0,0.0,0.0,0.0,0.0,0.0,0.0,0.0,0.0,0.0,0.0,0.0,0.0,0.0,0.0,0.0,0.0,0.0,0.0,0.0,0.0,0.0,0.0,0.0,0.0,0.0,0.0,0.0,0.0,False,False
2024-02-05,141591.18749705315,50000000.0,25000000.0,25000000.0,396.8253968253968,4.0,4.0,8.0,5.0,0.625,0.05,1.0,1.0,1.0,2.0,0.002831823749941063,0.0004,0.0001,0.0003,20000.0,7.936507936507936e-06,0.0027318237499410632,0.0024318237499410633,0.0024318237499410633,0.0024238872420045553,28.318237499410632,1.0,2.9999999999999996,0.07936507936507936,24.238872420045553,True,False
2024-02-06,-82725.91347310747,50000000.0,25000000.0,25000000.0,396.8253968253968,4.0,4.0,8.0,4.0,0.5,0.05,1.0,1.0,1.0,2.0,-0.0016545182694621494,0.0004,0.0001,0.0003,20000.0,7.936507936507936e-06,-0.0017545182694621495,-0.0020545182694621496,-0.0020545182694621496,-0.0020624547773986576,-16.545182694621495,1.0,2.9999999999999996,0.07936507936507936,-20.624547773986578,True,False
2024-02-07,580739.4604731104,46186027.604550004,23093013.802275002,23093013.802275002,366.55577463928574,4.0,4.0,8.0,4.0,0.5,0.05000000000000001,0.9237205520910001,0.9237205520910001,0.9237205520910001,1.8474411041820002,0.011614789209462208,0.00036948822083640007,9.237205520910002e-05,0.0002771161656273,18474.411041820003,7.331115492785715e-06,0.011522417154253109,0.01124530098862581,0.01124530098862581,0.011237969873133023,116.14789209462208,0.9237205520910001,2.771161656273,0.07331115492785716,112.37969873133022,False,True
2024-02-08,636741.957197102,50000000.0,25000000.0,25000000.0,396.8253968253968,4.0,4.0,8.0,6.0,0.75,0.05,1.0,1.0,1.0,2.0,0.01273483914394204,0.0004,0.0001,0.0003,20000.0,7.936507936507936e-06,0.01263483914394204,0.01233483914394204,0.01233483914394204,0.012326902636005534,127.3483914394204,1.0,2.9999999999999996,0.07936507936507936,123.26902636005534,True,False
2024-02-09,-126478.17141835013,49999999.99999999,25000000.0,24999999.999999996,396.82539682539675,4.0,4.0,8.0,5.0,0.625,0.05,0.9999999999999999,0.9999999999999999,0.9999999999999999,1.9999999999999998,-0.0025295634283670028,0.00039999999999999996,9.999999999999999e-05,0.0002999999999999999,20000.0,7.936507936507934e-06,-0.0026295634283670026,-0.0029295634283670025,-0.0029295634283670025,-0.0029374999363035105,-25.295634283670026,0.9999999999999999,2.999999999999999,0.07936507936507935,-29.374999363035105,True,False
2024-02-12,0.0,0.0,0.0,0.0,0.0,0.0,0.0,0.0,0.0,0.0,0.0,0.0,0.0,0.0,0.0,0.0,0.0,0.0,0.0,0.0,0.0,0.0,0.0,0.0,0.0,0.0,0.0,0.0,0.0,0.0,False,False
2024-02-13,231749.5801946075,25000000.0,12500000.0,12500000.0,396.8253968253968,4.0,4.0,8.0,0.0,0.0,0.0485897212409636,0.5,0.5,0.5,1.0,0.00463499160389215,0.0002,5e-05,0.00015,10000.0,7.936507936507936e-06,0.00458499160389215,0.00443499160389215,0.00443499160389215,0.004427055095955642,46.3499160389215,0.5,1.4999999999999998,0.07936507936507936,44.27055095955642,False,True
2024-02-14,163669.67264125834,41588129.1589,20794064.57945,20794064.57945,330.06451713412696,4.0,4.0,8.0,4.0,0.5,0.05,0.831762583178,0.831762583178,0.831762583178,1.663525166356,0.0032733934528251666,0.0003327050332712,8.31762583178e-05,0.00024952877495339995,16635.25166356,6.601290342682539e-06,0.0031902171945073663,0.0029406884195539666,0.0029406884195539666,0.002934087129211284,32.733934528251666,0.831762583178,2.4952877495339996,0.06601290342682539,29.34087129211284,False,True
2024-02-15,-243446.4170179106,44018134.29270001,22009067.146350004,22009067.146350004,734.5460100803888,4.0,4.0,8.0,4.0,0.5,0.05,0.8803626858540001,0.8803626858540001,0.8803626858540001,1.7607253717080003,-0.004868928340358212,0.0003521450743416001,8.803626858540002e-05,0.00026410880575620003,17607.253717080006,1.4690920201607775e-05,-0.004956964608943612,-0.005221073414699812,-0.005221073414699812,-0.00523576433490142,-48.68928340358212,0.8803626858540002,2.6410880575620004,0.14690920201607774,-52.357643349014204,False,True
2024-02-16,-99127.7421787295,50000000.0,25000000.0,25000000.0,793.6507936507936,4.0,4.0,8.0,3.0,0.375,0.05,1.0,1.0,1.0,2.0,-0.00198255484357459,0.0004,0.0001,0.0003,20000.0,1.5873015873015872e-05,-0.00208255484357459,-0.00238255484357459,-0.00238255484357459,-0.002398427859447606,-19.8255484357459,1.0,2.9999999999999996,0.15873015873015872,-23.98427859447606,True,False
2024-02-20,-229283.25242749098,25000000.0,12500000.0,12500000.0,198.4126984126984,4.0,4.0,8.0,0.0,0.0,0.04353137632568163,0.5,0.5,0.5,1.0,-0.00458566504854982,0.0002,5e-05,0.00015,10000.0,3.968253968253968e-06,-0.004635665048549819,-0.004785665048549819,-0.004785665048549819,-0.004789633302518073,-45.85665048549819,0.5,1.4999999999999998,0.03968253968253968,-47.89633302518073,False,True
2024-02-21,1762007.0265002276,50000000.0,25000000.0,25000000.0,396.8253968253968,4.0,4.0,8.0,4.0,0.5,0.05,1.0,1.0,1.0,2.0,0.03524014053000455,0.0004,0.0001,0.0003,20000.0,7.936507936507936e-06,0.03514014053000455,0.034840140530004546,0.034840140530004546,0.03483220402206804,352.4014053000455,1.0,2.9999999999999996,0.07936507936507936,348.3220402206804,True,False
2024-02-22,-57432.488892280824,39380987.4745,19690493.73725,19690493.73725,328.1371427046403,4.0,4.0,8.0,4.0,0.5,0.05,0.78761974949,0.78761974949,0.78761974949,1.57523949898,-0.0011486497778456165,0.000315047899796,7.8761974949e-05,0.000236285924847,15752.394989800001,6.5627428540928065e-06,-0.0012274117527946164,-0.0014636976776416163,-0.0014636976776416163,-0.0014702604204957091,-11.486497778456165,0.78761974949,2.36285924847,0.06562742854092807,-14.702604204957092,False,True
2024-02-23,84340.04582292958,50000000.0,25000000.0,25000000.0,396.8253968253968,4.0,4.0,8.0,3.0,0.375,0.05,1.0,1.0,1.0,2.0,0.0016868009164585915,0.0004,0.0001,0.0003,20000.0,7.936507936507936e-06,0.0015868009164585915,0.0012868009164585916,0.0012868009164585916,0.0012788644085220836,16.868009164585917,1.0,2.9999999999999996,0.07936507936507936,12.788644085220836,True,False
2024-02-26,40259.6652813475,25000000.0,12500000.0,12500000.0,595.2380952380952,4.0,4.0,8.0,0.0,0.0,0.048167178219340634,0.5,0.5,0.5,1.0,0.00080519330562695,0.0002,5e-05,0.00015,10000.0,1.1904761904761903e-05,0.00075519330562695,0.00060519330562695,0.00060519330562695,0.0005932885437221881,8.051933056269501,0.5,1.4999999999999998,0.11904761904761903,5.9328854372218816,False,True
2024-02-27,-1146422.166418919,49999999.99999999,25000000.0,25000000.0,1984.126984126984,4.0,4.0,8.0,5.0,0.625,0.05,0.9999999999999999,0.9999999999999999,0.9999999999999999,1.9999999999999998,-0.022928443328378383,0.00039999999999999996,9.999999999999999e-05,0.0002999999999999999,20000.0,3.968253968253968e-05,-0.023028443328378383,-0.023328443328378384,-0.023328443328378384,-0.023368125868060925,-229.28443328378384,0.9999999999999999,2.999999999999999,0.3968253968253968,-233.68125868060926,True,False
2024-02-28,-55811.9341343854,50000000.0,25000000.0,25000000.0,1118.3475525857143,4.0,4.0,8.0,4.0,0.5,0.05000000000000001,1.0,1.0,1.0,2.0,-0.001116238682687708,0.0004,0.0001,0.0003,20000.0,2.2366951051714286e-05,-0.0012162386826877081,-0.001516238682687708,-0.001516238682687708,-0.0015386056337394224,-11.16238682687708,1.0,2.9999999999999996,0.22366951051714287,-15.386056337394225,True,False
2024-02-29,4573.287415248036,25000000.0,12500000.0,12500000.0,747.9859356878308,4.0,4.0,8.0,1.0,0.125,0.05,0.5,0.5,0.5,1.0,9.146574830496073e-05,0.0002,5e-05,0.00015,10000.0,1.4959718713756615e-05,4.1465748304960724e-05,-0.00010853425169503927,-0.00010853425169503927,-0.00012349397040879587,0.9146574830496073,0.5,1.4999999999999998,0.14959718713756615,-1.2349397040879588,False,True
2024-03-01,53164.46247352715,49999999.99999999,24999999.999999996,24999999.999999996,793.6507936507935,4.0,4.0,8.0,2.0,0.25,0.05,0.9999999999999999,0.9999999999999999,0.9999999999999999,1.9999999999999998,0.001063289249470543,0.00039999999999999996,9.999999999999999e-05,0.0002999999999999999,20000.0,1.587301587301587e-05,0.000963289249470543,0.000663289249470543,0.000663289249470543,0.0006474162335975271,10.63289249470543,0.9999999999999999,2.999999999999999,0.1587301587301587,6.474162335975271,True,False
2024-03-04,-176841.58785228833,35746891.87185,17873445.935925,17873445.935925,283.7054910464286,4.0,4.0,8.0,4.0,0.5,0.05,0.714937837437,0.714937837437,0.714937837437,1.429875674874,-0.0035368317570457666,0.0002859751349748,7.14937837437e-05,0.00021448135123109999,14298.75674874,5.674109820928573e-06,-0.0036083255407894665,-0.0038228068920205666,-0.0038228068920205666,-0.003828481001841495,-35.36831757045766,0.714937837437,2.144813512311,0.056741098209285724,-38.28481001841495,False,True
2024-03-05,37461.8826011178,25324435.851050004,12662217.925525002,12662217.925525002,442.8208435027232,4.0,4.0,8.0,4.0,0.5,0.05000000000000001,0.5064887170210001,0.5064887170210001,0.5064887170210001,1.0129774340420001,0.0007492376520223561,0.00020259548680840004,5.064887170210001e-05,0.0001519466151063,10129.774340420001,8.856416870054465e-06,0.0006985887803202561,0.0005466421652139561,0.0005466421652139561,0.0005377857483439016,7.49237652022356,0.5064887170210001,1.519466151063,0.08856416870054465,5.3778574834390165,False,True
2024-03-06,285642.89840736386,50000000.0,25000000.0,25000000.0,396.8253968253968,4.0,4.0,8.0,2.0,0.25,0.05,1.0,1.0,1.0,2.0,0.005712857968147277,0.0004,0.0001,0.0003,20000.0,7.936507936507936e-06,0.0056128579681472765,0.005312857968147277,0.005312857968147277,0.005304921460210769,57.128579681472765,1.0,2.9999999999999996,0.07936507936507936,53.04921460210769,True,False
2024-03-07,320264.4264209711,50000000.0,25000000.0,25000000.0,396.8253968253968,4.0,4.0,8.0,5.0,0.625,0.05,1.0,1.0,1.0,2.0,0.006405288528419422,0.0004,0.0001,0.0003,20000.0,7.936507936507936e-06,0.006305288528419422,0.006005288528419422,0.006005288528419422,0.005997352020482914,64.05288528419422,1.0,2.9999999999999996,0.07936507936507936,59.97352020482914,True,False
2024-03-08,-57271.217648434445,50000000.0,25000000.0,25000000.0,396.8253968253968,4.0,4.0,8.0,3.0,0.375,0.05,1.0,1.0,1.0,2.0,-0.001145424352968689,0.0004,0.0001,0.0003,20000.0,7.936507936507936e-06,-0.001245424352968689,-0.0015454243529686889,-0.0015454243529686889,-0.001553360860905197,-11.45424352968689,1.0,2.9999999999999996,0.07936507936507936,-15.533608609051969,True,False
2024-03-11,174750.1697038371,47358228.45115,23679114.225575,23679114.225575,375.85895596150795,4.0,4.0,8.0,4.0,0.5,0.05,0.947164569023,0.947164569023,0.947164569023,1.894329138046,0.003495003394076742,0.0003788658276092,9.47164569023e-05,0.00028414937070689994,18943.29138046,7.517179119230159e-06,0.003400286937174442,0.003116137566467542,0.003116137566467542,0.0031086203873483117,34.95003394076742,0.9471645690230001,2.8414937070689996,0.07517179119230159,31.086203873483118,False,True
2024-03-12,-272481.6187216261,50000000.0,25000000.0,25000000.0,396.8253968253968,4.0,4.0,8.0,1.0,0.125,0.05,1.0,1.0,1.0,2.0,-0.005449632374432523,0.0004,0.0001,0.0003,20000.0,7.936507936507936e-06,-0.005549632374432523,-0.005849632374432523,-0.005849632374432523,-0.005857568882369031,-54.496323744325224,1.0,2.9999999999999996,0.07936507936507936,-58.57568882369031,True,False
2024-03-13,-354405.5741987943,50000000.0,25000000.0,25000000.0,396.8253968253968,4.0,4.0,8.0,6.0,0.75,0.05000000000000001,1.0,1.0,1.0,2.0,-0.0070881114839758865,0.0004,0.0001,0.0003,20000.0,7.936507936507936e-06,-0.007188111483975887,-0.007488111483975887,-0.007488111483975887,-0.007496047991912395,-70.88111483975887,1.0,2.9999999999999996,0.07936507936507936,-74.96047991912394,True,False
2024-03-14,12383.924660534485,50000000.0,25000000.0,25000000.0,396.8253968253968,4.0,4.0,8.0,5.0,0.625,0.05,1.0,1.0,1.0,2.0,0.0002476784932106897,0.0004,0.0001,0.0003,20000.0,7.936507936507936e-06,0.00014767849321068973,-0.00015232150678931025,-0.00015232150678931025,-0.00016025801472581818,2.4767849321068973,1.0,2.9999999999999996,0.07936507936507936,-1.6025801472581818,True,False
2024-03-15,547247.7172292497,50000000.0,25000000.0,25000000.0,396.8253968253968,4.0,4.0,8.0,3.0,0.375,0.049999999999999996,1.0,1.0,1.0,2.0,0.010944954344584992,0.0004,0.0001,0.0003,20000.0,7.936507936507936e-06,0.010844954344584993,0.010544954344584993,0.010544954344584993,0.010537017836648486,109.44954344584993,1.0,2.9999999999999996,0.07936507936507936,105.37017836648486,True,False
2024-03-18,-773458.9791079526,50000000.0,25000000.0,25000000.0,396.8253968253968,4.0,4.0,8.0,3.0,0.375,0.05,1.0,1.0,1.0,2.0,-0.015469179582159051,0.0004,0.0001,0.0003,20000.0,7.936507936507936e-06,-0.01556917958215905,-0.01586917958215905,-0.01586917958215905,-0.01587711609009556,-154.69179582159052,1.0,2.9999999999999996,0.07936507936507936,-158.7711609009556,True,False
2024-03-19,-40859.995962890076,24999999.999999996,12499999.999999998,12500000.0,198.41269841269843,4.0,4.0,8.0,2.0,0.25,0.05,0.49999999999999994,0.49999999999999994,0.49999999999999994,0.9999999999999999,-0.0008171999192578015,0.00019999999999999998,4.9999999999999996e-05,0.00014999999999999996,10000.0,3.968253968253969e-06,-0.0008671999192578015,-0.0010171999192578015,-0.0010171999192578015,-0.0010211681732260555,-8.171999192578015,0.49999999999999994,1.4999999999999996,0.03968253968253969,-10.211681732260555,False,True
2024-03-20,449550.0389545423,50000000.0,24999999.999999996,24999999.999999996,396.8253968253968,4.0,4.0,8.0,2.0,0.25,0.05,1.0,1.0,1.0,2.0,0.008991000779090846,0.0004,0.0001,0.0003,20000.0,7.936507936507936e-06,0.008891000779090847,0.008591000779090847,0.008591000779090847,0.00858306427115434,89.91000779090847,1.0,2.9999999999999996,0.07936507936507936,85.8306427115434,True,False
2024-03-21,-297768.6347070458,49999999.99999999,24999999.999999996,24999999.999999996,396.82539682539675,4.0,4.0,8.0,3.0,0.375,0.05,0.9999999999999999,0.9999999999999999,0.9999999999999999,1.9999999999999998,-0.005955372694140916,0.00039999999999999996,9.999999999999999e-05,0.0002999999999999999,20000.0,7.936507936507934e-06,-0.0060553726941409165,-0.006355372694140916,-0.006355372694140916,-0.006363309202077424,-59.55372694140916,0.9999999999999999,2.999999999999999,0.07936507936507935,-63.63309202077424,True,False
2024-03-22,-115785.03880164545,25000000.0,12500000.0,12500000.0,198.41269841269843,4.0,4.0,8.0,4.0,0.5,0.05,0.5,0.5,0.5,1.0,-0.002315700776032909,0.0002,5e-05,0.00015,10000.0,3.968253968253969e-06,-0.002365700776032909,-0.002515700776032909,-0.002515700776032909,-0.002519669030001163,-23.15700776032909,0.5,1.4999999999999998,0.03968253968253969,-25.19669030001163,False,True
2024-03-25,-259874.4562634109,35751289.370000005,17875644.685000002,17875644.685000002,283.74039182539684,4.0,4.0,8.0,4.0,0.5,0.05,0.7150257874000001,0.7150257874000001,0.7150257874000001,1.4300515748000002,-0.005197489125268218,0.00028601031496000004,7.150257874000001e-05,0.00021450773622000001,14300.515748000002,5.674807836507937e-06,-0.005268991704008218,-0.005483499440228218,-0.005483499440228218,-0.005489174248064725,-51.974891252682184,0.7150257874000001,2.1450773622000003,0.05674807836507937,-54.89174248064725,False,True
2024-03-26,59951.37376953564,49999999.99999999,24999999.999999996,25000000.0,396.8253968253968,4.0,4.0,8.0,5.0,0.625,0.05,0.9999999999999999,0.9999999999999999,0.9999999999999999,1.9999999999999998,0.0011990274753907128,0.00039999999999999996,9.999999999999999e-05,0.0002999999999999999,20000.0,7.936507936507936e-06,0.0010990274753907127,0.0007990274753907128,0.0007990274753907128,0.0007910909674542049,11.990274753907128,0.9999999999999999,2.999999999999999,0.07936507936507936,7.910909674542049,True,False
2024-03-27,-56045.706412695676,50000000.0,25000000.0,25000000.0,396.8253968253968,4.0,4.0,8.0,5.0,0.625,0.05,1.0,1.0,1.0,2.0,-0.0011209141282539135,0.0004,0.0001,0.0003,20000.0,7.936507936507936e-06,-0.0012209141282539136,-0.0015209141282539135,-0.0015209141282539135,-0.0015288506361904215,-11.209141282539136,1.0,2.9999999999999996,0.07936507936507936,-15.288506361904215,True,False
2024-03-28,24796.119634062,35514521.72905,17757260.864525,17757260.864525,281.86128356388895,4.0,4.0,8.0,4.0,0.5,0.05,0.710290434581,0.710290434581,0.710290434581,1.420580869162,0.00049592239268124,0.00028411617383240003,7.102904345810001e-05,0.0002130871303743,14205.80869162,5.637225671277779e-06,0.00042489334922314007,0.00021180621884884008,0.00021180621884884008,0.0002061689931775623,4.959223926812401,0.710290434581,2.130871303743,0.05637225671277779,2.061689931775623,False,True
2024-04-01,-733786.9047222014,50000000.0,24999999.999999996,25000000.0,396.8253968253968,4.0,4.0,8.0,5.0,0.625,0.05,1.0,1.0,1.0,2.0,-0.014675738094444028,0.0004,0.0001,0.0003,20000.0,7.936507936507936e-06,-0.014775738094444027,-0.015075738094444027,-0.015075738094444027,-0.015083674602380534,-146.75738094444029,1.0,2.9999999999999996,0.07936507936507936,-150.83674602380535,True,False
2024-04-02,-90825.15609972895,25000000.0,12500000.0,12500000.0,198.4126984126984,4.0,4.0,8.0,3.0,0.375,0.05,0.5,0.5,0.5,1.0,-0.001816503121994579,0.0002,5e-05,0.00015,10000.0,3.968253968253968e-06,-0.001866503121994579,-0.002016503121994579,-0.002016503121994579,-0.002020471375962833,-18.165031219945792,0.5,1.4999999999999998,0.03968253968253968,-20.20471375962833,False,True
2024-04-03,90637.61316978879,25000000.0,12500000.0,12500000.0,198.41269841269843,4.0,4.0,8.0,4.0,0.5,0.05,0.5,0.5,0.5,1.0,0.0018127522633957758,0.0002,5e-05,0.00015,10000.0,3.968253968253969e-06,0.001762752263395776,0.001612752263395776,0.001612752263395776,0.001608784009427522,18.12752263395776,0.5,1.4999999999999998,0.03968253968253969,16.08784009427522,False,True
2024-04-04,-155584.7745987017,23173366.264000002,11586683.132000003,11586683.132000001,419.85218598412706,4.0,4.0,8.0,4.0,0.5,0.05,0.46346732528000006,0.46346732528000006,0.46346732528000006,0.9269346505600001,-0.0031116954919740343,0.00018538693011200004,4.634673252800001e-05,0.000139040197584,9269.346505600002,8.397043719682542e-06,-0.0031580422245020344,-0.0032970824220860343,-0.0032970824220860343,-0.003305479465805717,-31.116954919740344,0.46346732528000006,1.39040197584,0.08397043719682541,-33.05479465805717,False,True
2024-04-05,109101.65619963144,42876833.21260001,21438416.606300004,21438416.606300004,340.292327084127,4.0,4.0,8.0,4.0,0.5,0.05000000000000001,0.8575366642520001,0.8575366642520001,0.8575366642520001,1.7150733285040003,0.002182033123992629,0.0003430146657008001,8.575366642520002e-05,0.0002572609992756,17150.733285040005,6.80584654168254e-06,0.0020962794575674288,0.0018390184582918287,0.0018390184582918287,0.0018322126117501461,21.82033123992629,0.8575366642520003,2.5726099927560004,0.0680584654168254,18.322126117501462,False,True
2024-04-08,6762.615156889533,22658535.3074,11329267.653700002,11329267.6537,408.9602132126985,4.0,4.0,8.0,4.0,0.5,0.05,0.453170706148,0.453170706148,0.453170706148,0.906341412296,0.00013525230313779065,0.0001812682824592,4.53170706148e-05,0.00013595121184439997,9063.414122959999,8.17920426425397e-06,8.993523252299066e-05,-4.601597932140931e-05,-4.601597932140931e-05,-5.419518358566328e-05,1.3525230313779064,0.453170706148,1.3595121184439998,0.0817920426425397,-0.5419518358566328,False,True
2024-04-09,-195939.37806793427,45075259.47655,22537629.738275,22537629.738275,357.74015457579367,4.0,4.0,8.0,4.0,0.5,0.05,0.901505189531,0.901505189531,0.901505189531,1.803010379062,-0.003918787561358685,0.00036060207581240005,9.015051895310001e-05,0.0002704515568593,18030.103790620004,7.1548030915158735e-06,-0.004008938080311785,-0.004279389637171085,-0.004279389637171085,-0.0042865444402626005,-39.187875613586854,0.9015051895310001,2.704515568593,0.07154803091515874,-42.865444402626004,False,True
2024-04-10,19909.666487815753,43615128.93125,21807564.465625,21807564.465625,346.15181691468257,4.0,4.0,8.0,4.0,0.5,0.05,0.8723025786249999,0.8723025786249999,0.8723025786249999,1.7446051572499999,0.00039819332975631506,0.00034892103144999997,8.723025786249999e-05,0.00026169077358749996,17446.051572499997,6.923036338293651e-06,0.00031096307189381505,4.9272298306315087e-05,4.9272298306315087e-05,4.234926196802144e-05,3.9819332975631507,0.8723025786249999,2.6169077358749995,0.0692303633829365,0.4234926196802144,False,True
2024-04-11,-475409.70843382063,50000000.0,25000000.0,25000000.0,396.82539682539687,4.0,4.0,8.0,4.0,0.5,0.05000000000000001,1.0,1.0,1.0,2.0,-0.009508194168676412,0.0004,0.0001,0.0003,20000.0,7.936507936507938e-06,-0.009608194168676412,-0.009908194168676412,-0.009908194168676412,-0.009916130676612919,-95.08194168676413,1.0,2.9999999999999996,0.07936507936507937,-99.16130676612919,True,False
2024-04-12,47408.85267887813,25000000.0,12500000.0,12500000.0,240.29482916190477,4.0,4.0,8.0,1.0,0.125,0.05,0.5,0.5,0.5,1.0,0.0009481770535775627,0.0002,5e-05,0.00015,10000.0,4.805896583238095e-06,0.0008981770535775626,0.0007481770535775627,0.0007481770535775627,0.0007433711569943246,9.481770535775627,0.5,1.4999999999999998,0.04805896583238095,7.433711569943246,False,True
2024-04-15,15245.976645506413,14990982.163350001,7495491.0816750005,7495491.0816750005,362.61269046468254,4.0,4.0,8.0,4.0,0.5,0.05,0.299819643267,0.299819643267,0.299819643267,0.599639286534,0.00030491953291012826,0.0001199278573068,2.99819643267e-05,8.994589298009999e-05,5996.39286534,7.252253809293651e-06,0.0002749375685834283,0.0001849916756033283,0.0001849916756033283,0.00017773942179403465,3.0491953291012828,0.299819643267,0.8994589298009998,0.0725225380929365,1.7773942179403466,False,True
2024-04-16,170812.32438565936,48504534.45245001,24252267.226225007,24252267.226225004,384.9566226384921,4.0,4.0,8.0,4.0,0.5,0.05000000000000001,0.9700906890490002,0.9700906890490002,0.9700906890490002,1.9401813780980004,0.003416246487713187,0.0003880362756196001,9.700906890490002e-05,0.0002910272067147,19401.813780980003,7.699132452769842e-06,0.003319237418808287,0.003028210212093587,0.003028210212093587,0.003020511079640817,34.16246487713187,0.9700906890490002,2.910272067147,0.07699132452769843,30.20511079640817,False,True
2024-04-17,42222.87668063868,23501163.50605,11750581.753025003,11750581.753025,403.1613296162699,4.0,4.0,8.0,4.0,0.5,0.05,0.47002327012100004,0.47002327012100004,0.47002327012100004,0.9400465402420001,0.0008444575336127735,0.00018800930804840002,4.7002327012100004e-05,0.0001410069810363,9400.46540242,8.063226592325397e-06,0.0007974552066006735,0.0006564482255643735,0.0006564482255643735,0.0006483849989720481,8.444575336127736,0.47002327012100004,1.4100698103629998,0.08063226592325397,6.483849989720481,False,True
2024-04-18,-40441.656866790334,24656038.274949998,12328019.137475003,12328019.137474999,195.68284345198413,4.0,4.0,8.0,4.0,0.5,0.05,0.49312076549899997,0.49312076549899997,0.49312076549899997,0.9862415309979999,-0.0008088331373358067,0.0001972483061996,4.93120765499e-05,0.0001479362296497,9862.41530998,3.913656869039682e-06,-0.0008581452138857067,-0.0010060814435354068,-0.0010060814435354068,-0.0010099951004044466,-8.088331373358066,0.493120765499,1.479362296497,0.03913656869039682,-10.099951004044465,False,True
2024-04-19,266081.5086131025,50000000.0,25000000.0,25000000.0,396.82539682539687,4.0,4.0,8.0,5.0,0.625,0.05000000000000001,1.0,1.0,1.0,2.0,0.00532163017226205,0.0004,0.0001,0.0003,20000.0,7.936507936507938e-06,0.00522163017226205,0.00492163017226205,0.00492163017226205,0.004913693664325542,53.2163017226205,1.0,2.9999999999999996,0.07936507936507937,49.13693664325542,True,False
2024-04-22,43549.22103743232,24325596.687350005,12162798.343675002,12162798.343675002,193.06029116944447,4.0,4.0,8.0,4.0,0.5,0.05,0.4865119337470001,0.4865119337470001,0.4865119337470001,0.9730238674940002,0.0008709844207486464,0.00019460477349880005,4.8651193374700013e-05,0.0001459535801241,9730.238674940003,3.861205823388889e-06,0.0008223332273739465,0.0006763796472498464,0.0006763796472498464,0.0006725184414264575,8.709844207486464,0.48651193374700014,1.459535801241,0.03861205823388889,6.725184414264575,False,True
2024-04-23,309962.62361449376,50000000.0,25000000.0,25000000.0,396.82539682539687,4.0,4.0,8.0,3.0,0.375,0.05,1.0,1.0,1.0,2.0,0.006199252472289875,0.0004,0.0001,0.0003,20000.0,7.936507936507938e-06,0.006099252472289875,0.005799252472289875,0.005799252472289875,0.005791315964353367,61.99252472289875,1.0,2.9999999999999996,0.07936507936507937,57.913159643533675,True,False
2024-04-24,-151470.13628306566,38059172.4847,19029586.24235,19029586.24235,302.056924481746,3.0,3.0,6.0,3.0,0.5,0.05,0.761183449694,0.761183449694,0.761183449694,1.522366899388,-0.003029402725661313,0.0003044733798776,7.61183449694e-05,0.00022835503490819997,15223.668993880001,6.0411384896349205e-06,-0.003105521070630713,-0.003333876105538913,-0.003333876105538913,-0.0033399172440285478,-30.29402725661313,0.761183449694,2.2835503490819997,0.0604113848963492,-33.399172440285476,False,True
2024-04-25,151262.78193590668,25000000.0,12500000.0,12500000.0,258.64178451904763,4.0,4.0,8.0,2.0,0.25,0.05,0.5,0.5,0.5,1.0,0.0030252556387181336,0.0002,5e-05,0.00015,10000.0,5.1728356903809526e-06,0.0029752556387181335,0.0028252556387181335,0.0028252556387181335,0.0028200828030277526,30.252556387181336,0.5,1.4999999999999998,0.05172835690380952,28.200828030277528,False,True
2024-04-26,-23560.504704103987,25000000.0,12500000.0,12500000.0,198.41269841269843,4.0,4.0,8.0,2.0,0.25,0.05,0.5,0.5,0.5,1.0,-0.00047121009408207976,0.0002,5e-05,0.00015,10000.0,3.968253968253969e-06,-0.0005212100940820797,-0.0006712100940820797,-0.0006712100940820797,-0.0006751783480503337,-4.712100940820798,0.5,1.4999999999999998,0.03968253968253969,-6.751783480503337,False,True
2024-04-29,0.0,0.0,0.0,0.0,0.0,0.0,0.0,0.0,0.0,0.0,0.0,0.0,0.0,0.0,0.0,0.0,0.0,0.0,0.0,0.0,0.0,0.0,0.0,0.0,0.0,0.0,0.0,0.0,0.0,0.0,False,False
2024-04-30,-89252.48855083635,25000000.0,12500000.0,12500000.0,198.41269841269843,3.0,3.0,6.0,2.0,0.3333333333333333,0.05,0.5,0.5,0.5,1.0,-0.001785049771016727,0.0002,5e-05,0.00015,10000.0,3.968253968253969e-06,-0.0018350497710167269,-0.001985049771016727,-0.001985049771016727,-0.001989018024984981,-17.850497710167268,0.5,1.4999999999999998,0.03968253968253969,-19.89018024984981,False,True
2024-05-01,35131.363021756784,24999999.999999996,12499999.999999996,12499999.999999998,492.1030041404761,3.0,3.0,6.0,2.0,0.3333333333333333,0.05,0.49999999999999994,0.49999999999999994,0.49999999999999994,0.9999999999999999,0.0007026272604351356,0.00019999999999999998,4.9999999999999996e-05,0.00014999999999999996,10000.0,9.842060082809523e-06,0.0006526272604351356,0.0005026272604351357,0.0005026272604351357,0.0004927852003523261,7.026272604351356,0.49999999999999994,1.4999999999999996,0.09842060082809523,4.927852003523261,False,True
2024-05-02,149745.6877281367,25000000.0,12500000.0,12500000.0,198.4126984126984,4.0,4.0,8.0,1.0,0.125,0.05,0.5,0.5,0.5,1.0,0.002994913754562734,0.0002,5e-05,0.00015,10000.0,3.968253968253968e-06,0.002944913754562734,0.002794913754562734,0.002794913754562734,0.00279094550059448,29.94913754562734,0.5,1.4999999999999998,0.03968253968253968,27.9094550059448,False,True
2024-05-03,0.0,0.0,0.0,0.0,0.0,0.0,0.0,0.0,0.0,0.0,0.0,0.0,0.0,0.0,0.0,0.0,0.0,0.0,0.0,0.0,0.0,0.0,0.0,0.0,0.0,0.0,0.0,0.0,0.0,0.0,False,False
2024-05-06,0.0,0.0,0.0,0.0,0.0,0.0,0.0,0.0,0.0,0.0,0.0,0.0,0.0,0.0,0.0,0.0,0.0,0.0,0.0,0.0,0.0,0.0,0.0,0.0,0.0,0.0,0.0,0.0,0.0,0.0,False,False
2024-05-07,0.0,0.0,0.0,0.0,0.0,0.0,0.0,0.0,0.0,0.0,0.0,0.0,0.0,0.0,0.0,0.0,0.0,0.0,0.0,0.0,0.0,0.0,0.0,0.0,0.0,0.0,0.0,0.0,0.0,0.0,False,False
2024-05-08,0.0,0.0,0.0,0.0,0.0,0.0,0.0,0.0,0.0,0.0,0.0,0.0,0.0,0.0,0.0,0.0,0.0,0.0,0.0,0.0,0.0,0.0,0.0,0.0,0.0,0.0,0.0,0.0,0.0,0.0,False,False
2024-05-09,0.0,0.0,0.0,0.0,0.0,0.0,0.0,0.0,0.0,0.0,0.0,0.0,0.0,0.0,0.0,0.0,0.0,0.0,0.0,0.0,0.0,0.0,0.0,0.0,0.0,0.0,0.0,0.0,0.0,0.0,False,False
2024-05-10,0.0,0.0,0.0,0.0,0.0,0.0,0.0,0.0,0.0,0.0,0.0,0.0,0.0,0.0,0.0,0.0,0.0,0.0,0.0,0.0,0.0,0.0,0.0,0.0,0.0,0.0,0.0,0.0,0.0,0.0,False,False
2024-05-13,9089.091999309589,25000000.0,12500000.0,12500000.0,574.9305739682541,4.0,4.0,8.0,1.0,0.125,0.05000000000000001,0.5,0.5,0.5,1.0,0.00018178183998619177,0.0002,5e-05,0.00015,10000.0,1.1498611479365082e-05,0.00013178183998619177,-1.8218160013808214e-05,-1.8218160013808214e-05,-2.9716771493173296e-05,1.8178183998619177,0.5,1.4999999999999998,0.11498611479365081,-0.29716771493173294,False,True
2024-05-14,-64690.82824656568,25000000.0,12500000.0,12500000.0,595.2380952380952,4.0,4.0,8.0,0.0,0.0,0.022822945565816075,0.5,0.5,0.5,1.0,-0.0012938165649313137,0.0002,5e-05,0.00015,10000.0,1.1904761904761903e-05,-0.0013438165649313136,-0.0014938165649313136,-0.0014938165649313136,-0.0015057213268360754,-12.938165649313136,0.5,1.4999999999999998,0.11904761904761903,-15.057213268360753,False,True
2024-05-15,0.0,0.0,0.0,0.0,0.0,0.0,0.0,0.0,0.0,0.0,0.0,0.0,0.0,0.0,0.0,0.0,0.0,0.0,0.0,0.0,0.0,0.0,0.0,0.0,0.0,0.0,0.0,0.0,0.0,0.0,False,False
2024-05-16,72292.90255508432,25000000.0,12500000.0,12500000.0,793.6507936507936,4.0,4.0,8.0,0.0,0.0,0.028876456787067278,0.5,0.5,0.5,1.0,0.0014458580511016864,0.0002,5e-05,0.00015,10000.0,1.5873015873015872e-05,0.0013958580511016865,0.0012458580511016865,0.0012458580511016865,0.0012299850352286707,14.458580511016864,0.5,1.4999999999999998,0.15873015873015872,12.299850352286708,False,True
2024-05-17,0.0,0.0,0.0,0.0,0.0,0.0,0.0,0.0,0.0,0.0,0.0,0.0,0.0,0.0,0.0,0.0,0.0,0.0,0.0,0.0,0.0,0.0,0.0,0.0,0.0,0.0,0.0,0.0,0.0,0.0,False,False
2024-05-20,0.0,0.0,0.0,0.0,0.0,0.0,0.0,0.0,0.0,0.0,0.0,0.0,0.0,0.0,0.0,0.0,0.0,0.0,0.0,0.0,0.0,0.0,0.0,0.0,0.0,0.0,0.0,0.0,0.0,0.0,False,False
2024-05-21,0.0,0.0,0.0,0.0,0.0,0.0,0.0,0.0,0.0,0.0,0.0,0.0,0.0,0.0,0.0,0.0,0.0,0.0,0.0,0.0,0.0,0.0,0.0,0.0,0.0,0.0,0.0,0.0,0.0,0.0,False,False
2024-05-22,0.0,0.0,0.0,0.0,0.0,0.0,0.0,0.0,0.0,0.0,0.0,0.0,0.0,0.0,0.0,0.0,0.0,0.0,0.0,0.0,0.0,0.0,0.0,0.0,0.0,0.0,0.0,0.0,0.0,0.0,False,False
2024-05-23,0.0,0.0,0.0,0.0,0.0,0.0,0.0,0.0,0.0,0.0,0.0,0.0,0.0,0.0,0.0,0.0,0.0,0.0,0.0,0.0,0.0,0.0,0.0,0.0,0.0,0.0,0.0,0.0,0.0,0.0,False,False
2024-05-24,-84904.61127895018,25000000.0,12500000.0,12499999.999999998,677.8265519576719,4.0,4.0,8.0,2.0,0.25,0.05,0.5,0.5,0.5,1.0,-0.0016980922255790036,0.0002,5e-05,0.00015,10000.0,1.3556531039153437e-05,-0.0017480922255790035,-0.0018980922255790035,-0.0018980922255790035,-0.001911648756618157,-16.980922255790038,0.5,1.4999999999999998,0.13556531039153435,-19.11648756618157,False,True
2024-05-28,0.0,0.0,0.0,0.0,0.0,0.0,0.0,0.0,0.0,0.0,0.0,0.0,0.0,0.0,0.0,0.0,0.0,0.0,0.0,0.0,0.0,0.0,0.0,0.0,0.0,0.0,0.0,0.0,0.0,0.0,False,False
2024-05-29,0.0,0.0,0.0,0.0,0.0,0.0,0.0,0.0,0.0,0.0,0.0,0.0,0.0,0.0,0.0,0.0,0.0,0.0,0.0,0.0,0.0,0.0,0.0,0.0,0.0,0.0,0.0,0.0,0.0,0.0,False,False
2024-05-30,0.0,0.0,0.0,0.0,0.0,0.0,0.0,0.0,0.0,0.0,0.0,0.0,0.0,0.0,0.0,0.0,0.0,0.0,0.0,0.0,0.0,0.0,0.0,0.0,0.0,0.0,0.0,0.0,0.0,0.0,False,False
2024-05-31,0.0,0.0,0.0,0.0,0.0,0.0,0.0,0.0,0.0,0.0,0.0,0.0,0.0,0.0,0.0,0.0,0.0,0.0,0.0,0.0,0.0,0.0,0.0,0.0,0.0,0.0,0.0,0.0,0.0,0.0,False,False
2024-06-03,0.0,0.0,0.0,0.0,0.0,0.0,0.0,0.0,0.0,0.0,0.0,0.0,0.0,0.0,0.0,0.0,0.0,0.0,0.0,0.0,0.0,0.0,0.0,0.0,0.0,0.0,0.0,0.0,0.0,0.0,False,False
2024-06-04,0.0,0.0,0.0,0.0,0.0,0.0,0.0,0.0,0.0,0.0,0.0,0.0,0.0,0.0,0.0,0.0,0.0,0.0,0.0,0.0,0.0,0.0,0.0,0.0,0.0,0.0,0.0,0.0,0.0,0.0,False,False
2024-06-05,141230.77152750955,24999999.999999996,12499999.999999998,12500000.0,756.6471494624337,4.0,4.0,8.0,1.0,0.125,0.05,0.49999999999999994,0.49999999999999994,0.49999999999999994,0.9999999999999999,0.002824615430550191,0.00019999999999999998,4.9999999999999996e-05,0.00014999999999999996,10000.0,1.5132942989248675e-05,0.002774615430550191,0.002624615430550191,0.002624615430550191,0.0026094824875609423,28.24615430550191,0.49999999999999994,1.4999999999999996,0.15132942989248674,26.094824875609422,False,True
2024-06-06,0.0,0.0,0.0,0.0,0.0,0.0,0.0,0.0,0.0,0.0,0.0,0.0,0.0,0.0,0.0,0.0,0.0,0.0,0.0,0.0,0.0,0.0,0.0,0.0,0.0,0.0,0.0,0.0,0.0,0.0,False,False
2024-06-07,107671.73176684395,24999999.999999996,12499999.999999998,12500000.0,405.2539509179894,4.0,4.0,8.0,1.0,0.125,0.05,0.49999999999999994,0.49999999999999994,0.49999999999999994,0.9999999999999999,0.002153434635336879,0.00019999999999999998,4.9999999999999996e-05,0.00014999999999999996,10000.0,8.105079018359789e-06,0.002103434635336879,0.001953434635336879,0.001953434635336879,0.0019453295563185192,21.53434635336879,0.49999999999999994,1.4999999999999996,0.08105079018359788,19.453295563185193,False,True
2024-06-10,0.0,0.0,0.0,0.0,0.0,0.0,0.0,0.0,0.0,0.0,0.0,0.0,0.0,0.0,0.0,0.0,0.0,0.0,0.0,0.0,0.0,0.0,0.0,0.0,0.0,0.0,0.0,0.0,0.0,0.0,False,False
2024-06-11,0.0,0.0,0.0,0.0,0.0,0.0,0.0,0.0,0.0,0.0,0.0,0.0,0.0,0.0,0.0,0.0,0.0,0.0,0.0,0.0,0.0,0.0,0.0,0.0,0.0,0.0,0.0,0.0,0.0,0.0,False,False
2024-06-12,0.0,0.0,0.0,0.0,0.0,0.0,0.0,0.0,0.0,0.0,0.0,0.0,0.0,0.0,0.0,0.0,0.0,0.0,0.0,0.0,0.0,0.0,0.0,0.0,0.0,0.0,0.0,0.0,0.0,0.0,False,False
2024-06-13,0.0,0.0,0.0,0.0,0.0,0.0,0.0,0.0,0.0,0.0,0.0,0.0,0.0,0.0,0.0,0.0,0.0,0.0,0.0,0.0,0.0,0.0,0.0,0.0,0.0,0.0,0.0,0.0,0.0,0.0,False,False
2024-06-14,0.0,0.0,0.0,0.0,0.0,0.0,0.0,0.0,0.0,0.0,0.0,0.0,0.0,0.0,0.0,0.0,0.0,0.0,0.0,0.0,0.0,0.0,0.0,0.0,0.0,0.0,0.0,0.0,0.0,0.0,False,False
2024-06-17,0.0,0.0,0.0,0.0,0.0,0.0,0.0,0.0,0.0,0.0,0.0,0.0,0.0,0.0,0.0,0.0,0.0,0.0,0.0,0.0,0.0,0.0,0.0,0.0,0.0,0.0,0.0,0.0,0.0,0.0,False,False
2024-06-18,0.0,0.0,0.0,0.0,0.0,0.0,0.0,0.0,0.0,0.0,0.0,0.0,0.0,0.0,0.0,0.0,0.0,0.0,0.0,0.0,0.0,0.0,0.0,0.0,0.0,0.0,0.0,0.0,0.0,0.0,False,False
2024-06-20,0.0,0.0,0.0,0.0,0.0,0.0,0.0,0.0,0.0,0.0,0.0,0.0,0.0,0.0,0.0,0.0,0.0,0.0,0.0,0.0,0.0,0.0,0.0,0.0,0.0,0.0,0.0,0.0,0.0,0.0,False,False
2024-06-21,-163505.7589869643,25000000.0,12500000.0,12500000.000000002,992.0634920634922,4.0,4.0,8.0,1.0,0.125,0.05,0.5,0.5,0.5,1.0,-0.003270115179739286,0.0002,5e-05,0.00015,10000.0,1.9841269841269845e-05,-0.003320115179739286,-0.003470115179739286,-0.003470115179739286,-0.003489956449580556,-32.70115179739286,0.5,1.4999999999999998,0.19841269841269846,-34.89956449580556,False,True
2024-06-24,308869.0206453856,24999999.999999996,12499999.999999998,12500000.0,617.0260806433862,4.0,4.0,8.0,1.0,0.125,0.05,0.49999999999999994,0.49999999999999994,0.49999999999999994,0.9999999999999999,0.006177380412907712,0.00019999999999999998,4.9999999999999996e-05,0.00014999999999999996,10000.0,1.2340521612867723e-05,0.006127380412907712,0.005977380412907712,0.005977380412907712,0.0059650398912948445,61.77380412907712,0.49999999999999994,1.4999999999999996,0.12340521612867723,59.65039891294845,False,True
2024-06-25,93151.09620989318,25000000.0,12500000.0,12500000.0,793.6507936507936,4.0,4.0,8.0,0.0,0.0,0.038292404852832085,0.5,0.5,0.5,1.0,0.0018630219241978635,0.0002,5e-05,0.00015,10000.0,1.5873015873015872e-05,0.0018130219241978636,0.0016630219241978636,0.0016630219241978636,0.0016471489083248478,18.630219241978637,0.5,1.4999999999999998,0.15873015873015872,16.47148908324848,False,True
2024-06-26,0.0,0.0,0.0,0.0,0.0,0.0,0.0,0.0,0.0,0.0,0.0,0.0,0.0,0.0,0.0,0.0,0.0,0.0,0.0,0.0,0.0,0.0,0.0,0.0,0.0,0.0,0.0,0.0,0.0,0.0,False,False
2024-06-27,0.0,0.0,0.0,0.0,0.0,0.0,0.0,0.0,0.0,0.0,0.0,0.0,0.0,0.0,0.0,0.0,0.0,0.0,0.0,0.0,0.0,0.0,0.0,0.0,0.0,0.0,0.0,0.0,0.0,0.0,False,False
2024-06-28,0.0,0.0,0.0,0.0,0.0,0.0,0.0,0.0,0.0,0.0,0.0,0.0,0.0,0.0,0.0,0.0,0.0,0.0,0.0,0.0,0.0,0.0,0.0,0.0,0.0,0.0,0.0,0.0,0.0,0.0,False,False
2024-07-01,0.0,0.0,0.0,0.0,0.0,0.0,0.0,0.0,0.0,0.0,0.0,0.0,0.0,0.0,0.0,0.0,0.0,0.0,0.0,0.0,0.0,0.0,0.0,0.0,0.0,0.0,0.0,0.0,0.0,0.0,False,False
2024-07-02,0.0,0.0,0.0,0.0,0.0,0.0,0.0,0.0,0.0,0.0,0.0,0.0,0.0,0.0,0.0,0.0,0.0,0.0,0.0,0.0,0.0,0.0,0.0,0.0,0.0,0.0,0.0,0.0,0.0,0.0,False,False
2024-07-03,0.0,0.0,0.0,0.0,0.0,0.0,0.0,0.0,0.0,0.0,0.0,0.0,0.0,0.0,0.0,0.0,0.0,0.0,0.0,0.0,0.0,0.0,0.0,0.0,0.0,0.0,0.0,0.0,0.0,0.0,False,False
2024-07-05,0.0,0.0,0.0,0.0,0.0,0.0,0.0,0.0,0.0,0.0,0.0,0.0,0.0,0.0,0.0,0.0,0.0,0.0,0.0,0.0,0.0,0.0,0.0,0.0,0.0,0.0,0.0,0.0,0.0,0.0,False,False
2024-07-08,0.0,0.0,0.0,0.0,0.0,0.0,0.0,0.0,0.0,0.0,0.0,0.0,0.0,0.0,0.0,0.0,0.0,0.0,0.0,0.0,0.0,0.0,0.0,0.0,0.0,0.0,0.0,0.0,0.0,0.0,False,False
2024-07-09,0.0,0.0,0.0,0.0,0.0,0.0,0.0,0.0,0.0,0.0,0.0,0.0,0.0,0.0,0.0,0.0,0.0,0.0,0.0,0.0,0.0,0.0,0.0,0.0,0.0,0.0,0.0,0.0,0.0,0.0,False,False
2024-07-10,0.0,0.0,0.0,0.0,0.0,0.0,0.0,0.0,0.0,0.0,0.0,0.0,0.0,0.0,0.0,0.0,0.0,0.0,0.0,0.0,0.0,0.0,0.0,0.0,0.0,0.0,0.0,0.0,0.0,0.0,False,False
2024-07-11,0.0,0.0,0.0,0.0,0.0,0.0,0.0,0.0,0.0,0.0,0.0,0.0,0.0,0.0,0.0,0.0,0.0,0.0,0.0,0.0,0.0,0.0,0.0,0.0,0.0,0.0,0.0,0.0,0.0,0.0,False,False
2024-07-12,0.0,0.0,0.0,0.0,0.0,0.0,0.0,0.0,0.0,0.0,0.0,0.0,0.0,0.0,0.0,0.0,0.0,0.0,0.0,0.0,0.0,0.0,0.0,0.0,0.0,0.0,0.0,0.0,0.0,0.0,False,False
2024-07-15,0.0,0.0,0.0,0.0,0.0,0.0,0.0,0.0,0.0,0.0,0.0,0.0,0.0,0.0,0.0,0.0,0.0,0.0,0.0,0.0,0.0,0.0,0.0,0.0,0.0,0.0,0.0,0.0,0.0,0.0,False,False
2024-07-16,0.0,0.0,0.0,0.0,0.0,0.0,0.0,0.0,0.0,0.0,0.0,0.0,0.0,0.0,0.0,0.0,0.0,0.0,0.0,0.0,0.0,0.0,0.0,0.0,0.0,0.0,0.0,0.0,0.0,0.0,False,False
2024-07-17,0.0,0.0,0.0,0.0,0.0,0.0,0.0,0.0,0.0,0.0,0.0,0.0,0.0,0.0,0.0,0.0,0.0,0.0,0.0,0.0,0.0,0.0,0.0,0.0,0.0,0.0,0.0,0.0,0.0,0.0,False,False
2024-07-18,-51745.067808956286,25000000.0,12500000.0,12500000.0,595.2380952380952,4.0,4.0,8.0,0.0,0.0,0.037142076695538366,0.5,0.5,0.5,1.0,-0.0010349013561791257,0.0002,5e-05,0.00015,10000.0,1.1904761904761903e-05,-0.0010849013561791256,-0.0012349013561791255,-0.0012349013561791255,-0.0012468061180838873,-10.349013561791256,0.5,1.4999999999999998,0.11904761904761903,-12.468061180838873,False,True
2024-07-19,0.0,0.0,0.0,0.0,0.0,0.0,0.0,0.0,0.0,0.0,0.0,0.0,0.0,0.0,0.0,0.0,0.0,0.0,0.0,0.0,0.0,0.0,0.0,0.0,0.0,0.0,0.0,0.0,0.0,0.0,False,False
2024-07-22,0.0,0.0,0.0,0.0,0.0,0.0,0.0,0.0,0.0,0.0,0.0,0.0,0.0,0.0,0.0,0.0,0.0,0.0,0.0,0.0,0.0,0.0,0.0,0.0,0.0,0.0,0.0,0.0,0.0,0.0,False,False
2024-07-23,0.0,0.0,0.0,0.0,0.0,0.0,0.0,0.0,0.0,0.0,0.0,0.0,0.0,0.0,0.0,0.0,0.0,0.0,0.0,0.0,0.0,0.0,0.0,0.0,0.0,0.0,0.0,0.0,0.0,0.0,False,False
2024-07-24,0.0,0.0,0.0,0.0,0.0,0.0,0.0,0.0,0.0,0.0,0.0,0.0,0.0,0.0,0.0,0.0,0.0,0.0,0.0,0.0,0.0,0.0,0.0,0.0,0.0,0.0,0.0,0.0,0.0,0.0,False,False
2024-07-25,0.0,0.0,0.0,0.0,0.0,0.0,0.0,0.0,0.0,0.0,0.0,0.0,0.0,0.0,0.0,0.0,0.0,0.0,0.0,0.0,0.0,0.0,0.0,0.0,0.0,0.0,0.0,0.0,0.0,0.0,False,False
2024-07-26,0.0,0.0,0.0,0.0,0.0,0.0,0.0,0.0,0.0,0.0,0.0,0.0,0.0,0.0,0.0,0.0,0.0,0.0,0.0,0.0,0.0,0.0,0.0,0.0,0.0,0.0,0.0,0.0,0.0,0.0,False,False
2024-07-29,-142828.5094464441,25000000.0,12500000.0,12500000.0,198.4126984126984,4.0,4.0,8.0,0.0,0.0,0.043829480507056984,0.5,0.5,0.5,1.0,-0.002856570188928882,0.0002,5e-05,0.00015,10000.0,3.968253968253968e-06,-0.0029065701889288823,-0.0030565701889288823,-0.0030565701889288823,-0.0030605384428971363,-28.56570188928882,0.5,1.4999999999999998,0.03968253968253968,-30.605384428971362,False,True
2024-07-30,143519.10005399006,13612952.4727,6806476.23635,6806476.23635,108.03930533888888,3.0,3.0,6.0,3.0,0.5,0.05,0.272259049454,0.272259049454,0.272259049454,0.544518098908,0.002870382001079801,0.0001089036197816,2.72259049454e-05,8.167771483619998e-05,5445.18098908,2.1607861067777778e-06,0.002843156096134401,0.0027614783812982013,0.0027614783812982013,0.0027593175951914233,28.70382001079801,0.272259049454,0.8167771483619998,0.02160786106777778,27.593175951914233,False,True
2024-07-31,-105812.9451764248,19853539.26895,9926769.634475,9926769.634475,157.56777197579365,3.0,3.0,6.0,3.0,0.5,0.05,0.39707078537900004,0.39707078537900004,0.39707078537900004,0.7941415707580001,-0.0021162589035284957,0.00015882831415160002,3.9707078537900004e-05,0.0001191212356137,7941.41570758,3.151355439515873e-06,-0.002155965982066396,-0.0022750872176800956,-0.0022750872176800956,-0.0022782385731196114,-21.162589035284956,0.39707078537900004,1.191212356137,0.03151355439515873,-22.782385731196115,False,True
2024-08-01,-750635.3541501294,46088544.536850005,23044272.268425003,23044272.268425003,365.78209949880954,4.0,4.0,8.0,4.0,0.5,0.05,0.9217708907370001,0.9217708907370001,0.9217708907370001,1.8435417814740003,-0.015012707083002588,0.00036870835629480007,9.217708907370002e-05,0.0002765312672211,18435.41781474,7.315641989976191e-06,-0.015104884172076288,-0.015381415439297387,-0.015381415439297387,-0.015388731081287363,-150.12707083002587,0.9217708907370001,2.765312672211,0.0731564198997619,-153.88731081287364,False,True
2024-08-02,-1264536.0481965058,50000000.0,25000000.0,25000000.0,396.82539682539687,4.0,4.0,8.0,5.0,0.625,0.05,1.0,1.0,1.0,2.0,-0.025290720963930115,0.0004,0.0001,0.0003,20000.0,7.936507936507938e-06,-0.025390720963930115,-0.025690720963930117,-0.025690720963930117,-0.025698657471866625,-252.90720963930116,1.0,2.9999999999999996,0.07936507936507937,-256.98657471866625,True,False
2024-08-05,106599.43725000082,24999999.999999996,12499999.999999998,12499999.999999998,198.41269841269838,4.0,4.0,8.0,1.0,0.125,0.05,0.49999999999999994,0.49999999999999994,0.49999999999999994,0.9999999999999999,0.0021319887450000166,0.00019999999999999998,4.9999999999999996e-05,0.00014999999999999996,10000.0,3.968253968253967e-06,0.0020819887450000164,0.0019319887450000165,0.0019319887450000165,0.0019280204910317625,21.319887450000166,0.49999999999999994,1.4999999999999996,0.03968253968253967,19.280204910317625,False,True
2024-08-06,0.0,0.0,0.0,0.0,0.0,0.0,0.0,0.0,0.0,0.0,0.0,0.0,0.0,0.0,0.0,0.0,0.0,0.0,0.0,0.0,0.0,0.0,0.0,0.0,0.0,0.0,0.0,0.0,0.0,0.0,False,False
2024-08-07,102002.72800057498,25000000.0,12500000.0,12500000.0,372.14795603174605,4.0,4.0,8.0,1.0,0.125,0.05,0.5,0.5,0.5,1.0,0.0020400545600114998,0.0002,5e-05,0.00015,10000.0,7.442959120634921e-06,0.0019900545600114996,0.0018400545600114997,0.0018400545600114997,0.0018326116008908647,20.400545600115,0.5,1.4999999999999998,0.0744295912063492,18.326116008908645,False,True
2024-08-08,-7527.4050166229035,25000000.0,12500000.0,12500000.0,198.4126984126984,4.0,4.0,8.0,0.0,0.0,0.03593976112447305,0.5,0.5,0.5,1.0,-0.00015054810033245808,0.0002,5e-05,0.00015,10000.0,3.968253968253968e-06,-0.00020054810033245807,-0.00035054810033245806,-0.00035054810033245806,-0.000354516354300712,-1.5054810033245807,0.5,1.4999999999999998,0.03968253968253968,-3.54516354300712,False,True
2024-08-09,0.0,0.0,0.0,0.0,0.0,0.0,0.0,0.0,0.0,0.0,0.0,0.0,0.0,0.0,0.0,0.0,0.0,0.0,0.0,0.0,0.0,0.0,0.0,0.0,0.0,0.0,0.0,0.0,0.0,0.0,False,False
2024-08-12,411678.8251687665,49999999.999999985,24999999.999999985,24999999.999999996,396.82539682539675,4.0,4.0,8.0,3.0,0.375,0.05,0.9999999999999997,0.9999999999999997,0.9999999999999997,1.9999999999999993,0.00823357650337533,0.0003999999999999999,9.999999999999998e-05,0.00029999999999999987,19999.999999999996,7.936507936507934e-06,0.008133576503375331,0.007833576503375331,0.007833576503375331,0.007825639995438824,82.3357650337533,0.9999999999999998,2.9999999999999987,0.07936507936507935,78.25639995438824,True,False
2024-08-13,468050.34053387685,47645093.75,23822546.874999996,23822546.875,378.13566468253975,4.0,4.0,8.0,4.0,0.5,0.05,0.952901875,0.952901875,0.952901875,1.90580375,0.009361006810677537,0.00038116075,9.52901875e-05,0.0002858705625,19058.0375,7.562713293650795e-06,0.009265716623177538,0.008979846060677537,0.008979846060677537,0.008972283347383887,93.61006810677537,0.952901875,2.858705625,0.07562713293650795,89.72283347383886,False,True
2024-08-14,581075.9805894867,50000000.0,25000000.0,25000000.0,396.8253968253968,4.0,4.0,8.0,2.0,0.25,0.05,1.0,1.0,1.0,2.0,0.011621519611789734,0.0004,0.0001,0.0003,20000.0,7.936507936507936e-06,0.011521519611789734,0.011221519611789734,0.011221519611789734,0.011213583103853227,116.21519611789734,1.0,2.9999999999999996,0.07936507936507936,112.13583103853227,True,False
2024-08-15,-25176.85289645408,50000000.0,25000000.0,25000000.0,396.82539682539687,4.0,4.0,8.0,3.0,0.375,0.05,1.0,1.0,1.0,2.0,-0.0005035370579290815,0.0004,0.0001,0.0003,20000.0,7.936507936507938e-06,-0.0006035370579290816,-0.0009035370579290815,-0.0009035370579290815,-0.0009114735658655894,-5.035370579290816,1.0,2.9999999999999996,0.07936507936507937,-9.114735658655894,True,False
2024-08-16,-921.1409455356334,50000000.0,25000000.0,25000000.0,396.8253968253968,4.0,4.0,8.0,2.0,0.25,0.05,1.0,1.0,1.0,2.0,-1.8422818910712666e-05,0.0004,0.0001,0.0003,20000.0,7.936507936507936e-06,-0.00011842281891071268,-0.0004184228189107127,-0.0004184228189107127,-0.00042635932684722064,-0.18422818910712666,1.0,2.9999999999999996,0.07936507936507936,-4.263593268472206,True,False
2024-08-19,-40105.444031098,50000000.0,25000000.0,25000000.0,396.82539682539687,4.0,4.0,8.0,3.0,0.375,0.05000000000000001,1.0,1.0,1.0,2.0,-0.00080210888062196,0.0004,0.0001,0.0003,20000.0,7.936507936507938e-06,-0.00090210888062196,-0.00120210888062196,-0.00120210888062196,-0.001210045388558468,-8.0210888062196,1.0,2.9999999999999996,0.07936507936507937,-12.100453885584681,True,False
2024-08-20,-57687.08491558017,50000000.0,25000000.0,25000000.0,396.8253968253968,4.0,4.0,8.0,1.0,0.125,0.05,1.0,1.0,1.0,2.0,-0.0011537416983116034,0.0004,0.0001,0.0003,20000.0,7.936507936507936e-06,-0.0012537416983116035,-0.0015537416983116034,-0.0015537416983116034,-0.0015616782062481114,-11.537416983116035,1.0,2.9999999999999996,0.07936507936507936,-15.616782062481114,True,False
2024-08-21,-128673.5652111878,50000000.0,25000000.0,25000000.0,396.82539682539687,4.0,4.0,8.0,3.0,0.375,0.05,1.0,1.0,1.0,2.0,-0.002573471304223756,0.0004,0.0001,0.0003,20000.0,7.936507936507938e-06,-0.0026734713042237557,-0.0029734713042237557,-0.0029734713042237557,-0.0029814078121602637,-25.73471304223756,1.0,2.9999999999999996,0.07936507936507937,-29.814078121602638,True,False
2024-08-22,217174.3207089124,50000000.0,25000000.0,25000000.0,396.82539682539687,4.0,4.0,8.0,5.0,0.625,0.05000000000000001,1.0,1.0,1.0,2.0,0.004343486414178248,0.0004,0.0001,0.0003,20000.0,7.936507936507938e-06,0.0042434864141782476,0.003943486414178248,0.003943486414178248,0.00393554990624174,43.43486414178248,1.0,2.9999999999999996,0.07936507936507937,39.355499062417394,True,False
2024-08-23,-106679.78181687107,50000000.0,25000000.0,25000000.0,396.8253968253968,4.0,4.0,8.0,2.0,0.25,0.05000000000000001,1.0,1.0,1.0,2.0,-0.0021335956363374214,0.0004,0.0001,0.0003,20000.0,7.936507936507936e-06,-0.0022335956363374212,-0.002533595636337421,-0.002533595636337421,-0.002541532144273929,-21.335956363374216,1.0,2.9999999999999996,0.07936507936507936,-25.41532144273929,True,False
2024-08-26,-256379.30476679804,50000000.0,25000000.0,25000000.0,396.82539682539687,4.0,4.0,8.0,3.0,0.375,0.05,1.0,1.0,1.0,2.0,-0.00512758609533596,0.0004,0.0001,0.0003,20000.0,7.936507936507938e-06,-0.005227586095335961,-0.005527586095335961,-0.005527586095335961,-0.005535522603272469,-51.275860953359604,1.0,2.9999999999999996,0.07936507936507937,-55.35522603272469,True,False
2024-08-27,-208847.90931546863,50000000.0,25000000.0,25000000.0,396.82539682539687,4.0,4.0,8.0,4.0,0.5,0.05,1.0,1.0,1.0,2.0,-0.004176958186309372,0.0004,0.0001,0.0003,20000.0,7.936507936507938e-06,-0.004276958186309372,-0.004576958186309372,-0.004576958186309372,-0.00458489469424588,-41.76958186309372,1.0,2.9999999999999996,0.07936507936507937,-45.8489469424588,True,False
2024-08-28,365062.2014772394,50000000.0,25000000.0,25000000.0,396.82539682539687,4.0,4.0,8.0,3.0,0.375,0.05000000000000001,1.0,1.0,1.0,2.0,0.007301244029544788,0.0004,0.0001,0.0003,20000.0,7.936507936507938e-06,0.0072012440295447875,0.006901244029544788,0.006901244029544788,0.0068933075216082796,73.01244029544787,1.0,2.9999999999999996,0.07936507936507937,68.9330752160828,True,False
2024-08-29,200583.10426794298,49999999.99999999,24999999.999999996,24999999.999999996,396.8253968253968,4.0,4.0,8.0,3.0,0.375,0.05,0.9999999999999999,0.9999999999999999,0.9999999999999999,1.9999999999999998,0.00401166208535886,0.00039999999999999996,9.999999999999999e-05,0.0002999999999999999,20000.0,7.936507936507936e-06,0.0039116620853588595,0.0036116620853588596,0.0036116620853588596,0.0036037255774223516,40.1166208535886,0.9999999999999999,2.999999999999999,0.07936507936507936,36.03725577422352,True,False
2024-08-30,-41500.0129186213,49999999.99999999,24999999.999999996,24999999.999999996,396.8253968253968,4.0,4.0,8.0,3.0,0.375,0.05,0.9999999999999999,0.9999999999999999,0.9999999999999999,1.9999999999999998,-0.000830000258372426,0.00039999999999999996,9.999999999999999e-05,0.0002999999999999999,20000.0,7.936507936507936e-06,-0.0009300002583724259,-0.0012300002583724259,-0.0012300002583724259,-0.0012379367663089339,-8.30000258372426,0.9999999999999999,2.999999999999999,0.07936507936507936,-12.379367663089338,True,False
2024-09-03,-241567.2783782189,50000000.0,25000000.0,25000000.0,396.82539682539687,4.0,4.0,8.0,4.0,0.5,0.05000000000000001,1.0,1.0,1.0,2.0,-0.004831345567564378,0.0004,0.0001,0.0003,20000.0,7.936507936507938e-06,-0.0049313455675643785,-0.005231345567564378,-0.005231345567564378,-0.005239282075500886,-48.31345567564378,1.0,2.9999999999999996,0.07936507936507937,-52.39282075500886,True,False
2024-09-04,0.0,0.0,0.0,0.0,0.0,0.0,0.0,0.0,0.0,0.0,0.0,0.0,0.0,0.0,0.0,0.0,0.0,0.0,0.0,0.0,0.0,0.0,0.0,0.0,0.0,0.0,0.0,0.0,0.0,0.0,False,False
2024-09-05,156624.05070925728,25000000.0,12500000.0,12500000.0,595.2380952380952,4.0,4.0,8.0,0.0,0.0,0.0433958994088348,0.5,0.5,0.5,1.0,0.0031324810141851456,0.0002,5e-05,0.00015,10000.0,1.1904761904761903e-05,0.0030824810141851454,0.0029324810141851455,0.0029324810141851455,0.0029205762522803835,31.324810141851454,0.5,1.4999999999999998,0.11904761904761903,29.205762522803834,False,True
2024-09-06,0.0,0.0,0.0,0.0,0.0,0.0,0.0,0.0,0.0,0.0,0.0,0.0,0.0,0.0,0.0,0.0,0.0,0.0,0.0,0.0,0.0,0.0,0.0,0.0,0.0,0.0,0.0,0.0,0.0,0.0,False,False
2024-09-09,0.0,0.0,0.0,0.0,0.0,0.0,0.0,0.0,0.0,0.0,0.0,0.0,0.0,0.0,0.0,0.0,0.0,0.0,0.0,0.0,0.0,0.0,0.0,0.0,0.0,0.0,0.0,0.0,0.0,0.0,False,False
2024-09-10,0.0,0.0,0.0,0.0,0.0,0.0,0.0,0.0,0.0,0.0,0.0,0.0,0.0,0.0,0.0,0.0,0.0,0.0,0.0,0.0,0.0,0.0,0.0,0.0,0.0,0.0,0.0,0.0,0.0,0.0,False,False
2024-09-11,0.0,0.0,0.0,0.0,0.0,0.0,0.0,0.0,0.0,0.0,0.0,0.0,0.0,0.0,0.0,0.0,0.0,0.0,0.0,0.0,0.0,0.0,0.0,0.0,0.0,0.0,0.0,0.0,0.0,0.0,False,False
2024-09-12,0.0,0.0,0.0,0.0,0.0,0.0,0.0,0.0,0.0,0.0,0.0,0.0,0.0,0.0,0.0,0.0,0.0,0.0,0.0,0.0,0.0,0.0,0.0,0.0,0.0,0.0,0.0,0.0,0.0,0.0,False,False
2024-09-13,0.0,0.0,0.0,0.0,0.0,0.0,0.0,0.0,0.0,0.0,0.0,0.0,0.0,0.0,0.0,0.0,0.0,0.0,0.0,0.0,0.0,0.0,0.0,0.0,0.0,0.0,0.0,0.0,0.0,0.0,False,False
2024-09-16,-188523.542756163,50000000.00000001,25000000.0,25000000.0,1319.5647517531747,4.0,4.0,8.0,4.0,0.5,0.05,1.0000000000000002,1.0000000000000002,1.0000000000000002,2.0000000000000004,-0.0037704708551232597,0.00040000000000000013,0.00010000000000000003,0.00030000000000000003,20000.000000000007,2.6391295035063494e-05,-0.0038704708551232595,-0.0041704708551232594,-0.0041704708551232594,-0.004196862150158323,-37.7047085512326,1.0000000000000002,3.0000000000000004,0.26391295035063495,-41.968621501583236,True,False
2024-09-17,60749.91340104178,25000000.0,12500000.0,12500000.0,198.4126984126984,4.0,4.0,8.0,4.0,0.5,0.05,0.5,0.5,0.5,1.0,0.0012149982680208355,0.0002,5e-05,0.00015,10000.0,3.968253968253968e-06,0.0011649982680208355,0.0010149982680208356,0.0010149982680208356,0.0010110300140525816,12.149982680208355,0.5,1.4999999999999998,0.03968253968253968,10.110300140525815,False,True
2024-09-18,317321.00274832075,33045118.36315,16522559.181575,16522559.181574998,262.2628441519841,4.0,4.0,8.0,4.0,0.5,0.05000000000000001,0.660902367263,0.660902367263,0.660902367263,1.321804734526,0.006346420054966415,0.0002643609469052,6.60902367263e-05,0.0001982707101789,13218.047345260002,5.245256883039682e-06,0.006280329818240116,0.006082059108061216,0.006082059108061216,0.006076813851178176,63.464200549664156,0.6609023672630001,1.982707101789,0.05245256883039682,60.76813851178176,False,True
2024-09-19,-70560.33911927986,23670669.47275,11835334.736374997,11835334.736375,187.86245613293653,4.0,4.0,8.0,4.0,0.5,0.05,0.473413389455,0.473413389455,0.473413389455,0.94682677891,-0.0014112067823855972,0.000189365355782,4.73413389455e-05,0.00014202401683649998,9468.2677891,3.7572491226587306e-06,-0.0014585481213310971,-0.0016005721381675971,-0.0016005721381675971,-0.001604329387290256,-14.112067823855972,0.47341338945500006,1.4202401683649997,0.037572491226587304,-16.04329387290256,False,True
2024-09-20,67594.31731561429,26220744.9256,13110372.4628,13110372.4628,208.1011502031746,4.0,4.0,8.0,4.0,0.5,0.05000000000000001,0.524414898512,0.524414898512,0.524414898512,1.048829797024,0.0013518863463122858,0.00020976595940479998,5.2441489851199996e-05,0.00015732446955359997,10488.297970239999,4.162023004063492e-06,0.0012994448564610857,0.0011421203869074858,0.0011421203869074858,0.0011379583639034223,13.518863463122857,0.524414898512,1.5732446955359998,0.04162023004063492,11.379583639034223,False,True
2024-09-23,228814.6188444479,27524726.4379,13762363.21895,13762363.21895,218.45020982460318,4.0,4.0,8.0,4.0,0.5,0.05,0.550494528758,0.550494528758,0.550494528758,1.100989057516,0.004576292376888958,0.0002201978115032,5.50494528758e-05,0.0001651483586274,11009.89057516,4.369004196492064e-06,0.004521242924013158,0.004356094565385758,0.004356094565385758,0.004351725561189266,45.76292376888958,0.550494528758,1.6514835862739998,0.043690041964920635,43.51725561189266,False,True
2024-09-24,-291919.1768549061,36024402.004999995,18012201.002499998,18012201.002499998,285.9079524206349,4.0,4.0,8.0,4.0,0.5,0.05,0.7204880400999999,0.7204880400999999,0.7204880400999999,1.4409760801999998,-0.005838383537098122,0.00028819521603999995,7.204880400999999e-05,0.00021614641202999995,14409.760801999997,5.718159048412698e-06,-0.005910432341108122,-0.006126578753138122,-0.006126578753138122,-0.006132296912186534,-58.38383537098122,0.7204880400999999,2.1614641202999993,0.05718159048412698,-61.32296912186534,False,True
2024-09-25,348959.9263899035,32944289.68755,16472144.843775,16472144.843775,261.46261656785714,4.0,4.0,8.0,4.0,0.5,0.05,0.658885793751,0.658885793751,0.658885793751,1.317771587502,0.006979198527798071,0.0002635543175004,6.58885793751e-05,0.00019766573812529998,13177.71587502,5.229252331357143e-06,0.006913309948422971,0.0067156442102976706,0.0067156442102976706,0.0067104149579663135,69.7919852779807,0.658885793751,1.9766573812529997,0.05229252331357143,67.10414957966313,False,True
2024-09-26,93764.50504537858,24999999.999999996,12500000.0,12500000.0,198.4126984126984,4.0,4.0,8.0,3.0,0.375,0.05,0.49999999999999994,0.49999999999999994,0.49999999999999994,0.9999999999999999,0.0018752901009075715,0.00019999999999999998,4.9999999999999996e-05,0.00014999999999999996,10000.0,3.968253968253968e-06,0.0018252901009075716,0.0016752901009075716,0.0016752901009075716,0.0016713218469393176,18.752901009075714,0.49999999999999994,1.4999999999999996,0.03968253968253968,16.713218469393176,False,True
2024-09-27,-279065.93749988225,44225704.89845,22112852.449225,22112852.449225,350.9976579242064,4.0,4.0,8.0,4.0,0.5,0.05,0.884514097969,0.884514097969,0.884514097969,1.769028195938,-0.005581318749997645,0.00035380563918760004,8.845140979690001e-05,0.0002653542293907,17690.28195938,7.019953158484128e-06,-0.005669770159794545,-0.005935124389185245,-0.005935124389185245,-0.005942144342343729,-55.81318749997645,0.8845140979690002,2.653542293907,0.07019953158484128,-59.42144342343729,False,True
2024-09-30,-154285.71956793554,50000000.0,25000000.0,25000000.0,396.8253968253968,4.0,4.0,8.0,5.0,0.625,0.05000000000000001,1.0,1.0,1.0,2.0,-0.003085714391358711,0.0004,0.0001,0.0003,20000.0,7.936507936507936e-06,-0.0031857143913587107,-0.0034857143913587106,-0.0034857143913587106,-0.0034936508992952186,-30.85714391358711,1.0,2.9999999999999996,0.07936507936507936,-34.936508992952184,True,False
2024-10-01,-84443.74944076015,37784642.423200004,18892321.211600002,18892321.211600002,299.8781144698413,4.0,4.0,8.0,4.0,0.5,0.05,0.7556928484640001,0.7556928484640001,0.7556928484640001,1.5113856969280002,-0.001688874988815203,0.00030227713938560006,7.556928484640001e-05,0.00022670785453920002,15113.856969280003,5.997562289396826e-06,-0.0017644442736616031,-0.001991152128200803,-0.001991152128200803,-0.0019971496904902,-16.88874988815203,0.7556928484640002,2.267078545392,0.05997562289396827,-19.971496904902,False,True
2024-10-02,-143402.68499848782,40665410.6769,20332705.33845,20332705.338450003,322.7413545785715,4.0,4.0,8.0,4.0,0.5,0.05,0.813308213538,0.813308213538,0.813308213538,1.626616427076,-0.0028680536999697564,0.0003253232854152,8.13308213538e-05,0.00024399246406139996,16266.16427076,6.454827091571429e-06,-0.0029493845213235566,-0.0031933769853849567,-0.0031933769853849567,-0.003199831812476528,-28.680536999697562,0.8133082135380001,2.4399246406139996,0.06454827091571429,-31.99831812476528,False,True
2024-10-03,146442.56893811363,25000000.0,12500000.0,12500000.0,198.4126984126984,4.0,4.0,8.0,1.0,0.125,0.05,0.5,0.5,0.5,1.0,0.0029288513787622725,0.0002,5e-05,0.00015,10000.0,3.968253968253968e-06,0.0028788513787622724,0.0027288513787622724,0.0027288513787622724,0.0027248831247940184,29.288513787622726,0.5,1.4999999999999998,0.03968253968253968,27.248831247940185,False,True
2024-10-04,-39124.81599009094,36756635.956250004,18378317.978125006,18378317.978125002,291.71933298611117,4.0,4.0,8.0,4.0,0.5,0.05,0.7351327191250001,0.7351327191250001,0.7351327191250001,1.4702654382500002,-0.0007824963198018187,0.00029405308765000006,7.351327191250002e-05,0.00022053981573750002,14702.654382500003,5.834386659722223e-06,-0.0008560095917143187,-0.0010765494074518188,-0.0010765494074518188,-0.001082383794111541,-7.824963198018187,0.7351327191250001,2.2053981573750003,0.05834386659722223,-10.82383794111541,False,True
2024-10-07,77739.54626088044,36677353.62065,18338676.810325,18338676.810325,697.1664558781746,4.0,4.0,8.0,4.0,0.5,0.05,0.733547072413,0.733547072413,0.733547072413,1.467094144826,0.0015547909252176088,0.0002934188289652,7.33547072413e-05,0.0002200641217239,14670.94144826,1.3943329117563493e-05,0.001481436217976309,0.001261372096252409,0.001261372096252409,0.0012474287671348455,15.547909252176089,0.7335470724130001,2.2006412172389997,0.13943329117563494,12.474287671348455,False,True
2024-10-08,44561.58519441216,31814973.002600003,15907486.501300003,15907486.5013,252.49978573492066,4.0,4.0,8.0,4.0,0.5,0.05,0.6362994600520001,0.6362994600520001,0.6362994600520001,1.2725989201040002,0.0008912317038882432,0.00025451978402080003,6.362994600520001e-05,0.00019088983801560002,12725.989201040002,5.049995714698414e-06,0.0008276017578830432,0.0006367119198674432,0.0006367119198674432,0.0006316619241527447,8.912317038882431,0.6362994600520001,1.9088983801560002,0.05049995714698414,6.316619241527447,False,True
2024-10-09,-167264.32209495245,47947258.53845001,23973629.269225005,23973629.269225,380.53379792420634,4.0,4.0,8.0,4.0,0.5,0.05,0.9589451707690002,0.9589451707690002,0.9589451707690002,1.9178903415380004,-0.0033452864418990493,0.0003835780683076001,9.589451707690003e-05,0.00028768355123070003,19178.903415380006,7.610675958484127e-06,-0.0034411809589759493,-0.003728864510206649,-0.003728864510206649,-0.003736475186165133,-33.452864418990494,0.9589451707690003,2.876835512307,0.07610675958484127,-37.364751861651335,False,True
2024-10-10,-343922.85621926124,32627033.141349997,16313516.570674997,16313516.570674999,258.94470747103173,4.0,4.0,8.0,4.0,0.5,0.05,0.652540662827,0.652540662827,0.652540662827,1.305081325654,-0.0068784571243852245,0.0002610162651308,6.52540662827e-05,0.00019576219884809997,13050.81325654,5.178894149420634e-06,-0.006943711190667924,-0.007139473389516024,-0.007139473389516024,-0.007144652283665445,-68.78457124385224,0.652540662827,1.9576219884809998,0.05178894149420634,-71.44652283665445,False,True
2024-10-11,316166.8191927842,50000000.0,25000000.0,25000000.0,396.8253968253968,4.0,4.0,8.0,2.0,0.25,0.05,1.0,1.0,1.0,2.0,0.006323336383855684,0.0004,0.0001,0.0003,20000.0,7.936507936507936e-06,0.006223336383855684,0.005923336383855684,0.005923336383855684,0.005915399875919176,63.23336383855684,1.0,2.9999999999999996,0.07936507936507936,59.15399875919176,True,False
2024-10-14,127270.24250723523,44532120.97310001,22266060.486550003,22266060.486550003,353.4295315325397,4.0,4.0,8.0,4.0,0.5,0.05,0.8906424194620002,0.8906424194620002,0.8906424194620002,1.7812848389240004,0.002545404850144705,0.0003562569677848001,8.906424194620003e-05,0.0002671927258386,17812.848389240004,7.0685906306507945e-06,0.002456340608198505,0.002189147882359905,0.002189147882359905,0.002182079291729254,25.454048501447048,0.8906424194620003,2.6719272583860003,0.07068590630650795,21.82079291729254,False,True
2024-10-15,143907.56125100364,25000000.0,12500000.0,12500000.0,198.41269841269838,4.0,4.0,8.0,2.0,0.25,0.05000000000000001,0.5,0.5,0.5,1.0,0.0028781512250200727,0.0002,5e-05,0.00015,10000.0,3.968253968253967e-06,0.0028281512250200726,0.0026781512250200726,0.0026781512250200726,0.0026741829710518186,28.781512250200727,0.5,1.4999999999999998,0.03968253968253967,26.741829710518186,False,True
2024-10-16,102496.31307743832,38840150.7279,19420075.36395,19420075.36395,334.3354629896825,4.0,4.0,8.0,4.0,0.5,0.05,0.7768030145579999,0.7768030145579999,0.7768030145579999,1.5536060291159999,0.0020499262615487662,0.0003107212058232,7.76803014558e-05,0.00023304090436739996,15536.060291159998,6.686709259793651e-06,0.001972245960092966,0.0017392050557255663,0.0017392050557255663,0.0017325183464657727,20.499262615487662,0.7768030145579999,2.3304090436739995,0.06686709259793651,17.325183464657727,False,True
2024-10-17,85317.88796404179,25000000.0,12500000.0,12500000.0,224.07104849841267,4.0,4.0,8.0,1.0,0.125,0.05,0.5,0.5,0.5,1.0,0.0017063577592808358,0.0002,5e-05,0.00015,10000.0,4.481420969968254e-06,0.001656357759280836,0.001506357759280836,0.001506357759280836,0.0015018763383108677,17.063577592808358,0.5,1.4999999999999998,0.044814209699682535,15.018763383108677,False,True
2024-10-18,-42819.359622301876,50000000.0,25000000.0,25000000.0,396.82539682539687,4.0,4.0,8.0,3.0,0.375,0.05,1.0,1.0,1.0,2.0,-0.0008563871924460375,0.0004,0.0001,0.0003,20000.0,7.936507936507938e-06,-0.0009563871924460376,-0.0012563871924460375,-0.0012563871924460375,-0.0012643237003825455,-8.563871924460376,1.0,2.9999999999999996,0.07936507936507937,-12.643237003825455,True,False
2024-10-21,-51494.44442290745,28874565.228850003,14437282.614425002,14437282.614425,229.16321610198412,4.0,4.0,8.0,4.0,0.5,0.05,0.577491304577,0.577491304577,0.577491304577,1.154982609154,-0.001029888888458149,0.00023099652183080003,5.774913045770001e-05,0.0001732473913731,11549.82609154,4.583264322039682e-06,-0.0010876380189158489,-0.0012608854102889489,-0.0012608854102889489,-0.0012654686746109884,-10.298888884581489,0.577491304577,1.732473913731,0.045832643220396825,-12.654686746109885,False,True
2024-10-22,-67244.26408963556,25000000.0,12500000.0,12500000.0,198.4126984126984,4.0,4.0,8.0,0.0,0.0,0.04881482368514084,0.5,0.5,0.5,1.0,-0.0013448852817927112,0.0002,5e-05,0.00015,10000.0,3.968253968253968e-06,-0.0013948852817927111,-0.001544885281792711,-0.001544885281792711,-0.001548853535760965,-13.448852817927111,0.5,1.4999999999999998,0.03968253968253968,-15.488535357609651,False,True
2024-10-23,124803.85408617025,25000000.0,12500000.0,12500000.0,198.41269841269843,4.0,4.0,8.0,1.0,0.125,0.049999999999999996,0.5,0.5,0.5,1.0,0.002496077081723405,0.0002,5e-05,0.00015,10000.0,3.968253968253969e-06,0.002446077081723405,0.002296077081723405,0.002296077081723405,0.002292108827755151,24.960770817234053,0.5,1.4999999999999998,0.03968253968253969,22.92108827755151,False,True
2024-10-24,0.0,0.0,0.0,0.0,0.0,0.0,0.0,0.0,0.0,0.0,0.0,0.0,0.0,0.0,0.0,0.0,0.0,0.0,0.0,0.0,0.0,0.0,0.0,0.0,0.0,0.0,0.0,0.0,0.0,0.0,False,False
2024-10-25,-192740.43998777994,24999999.999999996,12499999.999999998,12500000.0,198.4126984126984,4.0,4.0,8.0,1.0,0.125,0.05,0.49999999999999994,0.49999999999999994,0.49999999999999994,0.9999999999999999,-0.003854808799755599,0.00019999999999999998,4.9999999999999996e-05,0.00014999999999999996,10000.0,3.968253968253968e-06,-0.003904808799755599,-0.004054808799755599,-0.004054808799755599,-0.004058777053723852,-38.54808799755599,0.49999999999999994,1.4999999999999996,0.03968253968253968,-40.58777053723852,False,True
2024-10-28,149570.7255094579,30564298.598950006,15282149.299475003,15282149.299475003,242.5737984043651,4.0,4.0,8.0,4.0,0.5,0.05000000000000001,0.6112859719790001,0.6112859719790001,0.6112859719790001,1.2225719439580003,0.002991414510189158,0.0002445143887916001,6.112859719790002e-05,0.00018338579159370003,12225.719439580003,4.851475968087302e-06,0.0029302859129912576,0.0027469001213975574,0.0027469001213975574,0.0027420486454294703,29.914145101891577,0.6112859719790003,1.8338579159370003,0.04851475968087302,27.420486454294704,False,True
2024-10-29,-148146.82677373456,28862745.284750003,14431372.642375002,14431372.642375,229.06940702182538,3.0,3.0,6.0,3.0,0.5,0.05,0.577254905695,0.577254905695,0.577254905695,1.15450981139,-0.0029629365354746913,0.00023090196227800003,5.772549056950001e-05,0.0001731764717085,11545.098113900001,4.581388140436508e-06,-0.0030206620260441915,-0.0031938384977526916,-0.0031938384977526916,-0.003198419885893128,-29.629365354746913,0.577254905695,1.731764717085,0.04581388140436508,-31.98419885893128,False,True
2024-10-30,-105423.22615074215,18606695.63995,9303347.819975,9303347.819975,720.5998153095237,3.0,3.0,6.0,3.0,0.5,0.05000000000000001,0.372133912799,0.372133912799,0.372133912799,0.744267825598,-0.002108464523014843,0.0001488535651196,3.72133912799e-05,0.00011164017383969998,7442.678255979999,1.4411996306190473e-05,-0.0021456779142947427,-0.002257318088134443,-0.002257318088134443,-0.0022717300844406333,-21.08464523014843,0.372133912799,1.1164017383969997,0.14411996306190472,-22.717300844406335,False,True
2024-10-31,67031.20537122029,15954597.243350001,7977298.621675001,7977298.621675,209.056968022222,4.0,4.0,8.0,4.0,0.5,0.05,0.31909194486700004,0.31909194486700004,0.31909194486700004,0.6381838897340001,0.0013406241074244059,0.00012763677794680003,3.190919448670001e-05,9.57275834601e-05,6381.8388973400015,4.18113936044444e-06,0.0013087149129377058,0.0012129873294776058,0.0012129873294776058,0.0012088061901171614,13.40624107424406,0.3190919448670001,0.9572758346010001,0.0418113936044444,12.088061901171613,False,True
2024-11-01,373.1170578216943,7876370.5731999995,3938185.2865999998,3938185.2865999998,144.2962445952379,4.0,4.0,8.0,4.0,0.5,0.05000000000000001,0.15752741146399998,0.15752741146399998,0.15752741146399998,0.31505482292799997,7.462341156433886e-06,6.30109645856e-05,1.57527411464e-05,4.725822343919999e-05,3150.54822928,2.885924891904758e-06,-8.290399989966113e-06,-5.5548623429166104e-05,-5.5548623429166104e-05,-5.843454832107086e-05,0.07462341156433887,0.157527411464,0.4725822343919999,0.02885924891904758,-0.5843454832107087,False,True
2024-11-04,-1063.6888408780596,10944932.694449998,5472466.347224999,5472466.347224999,169.49432745238076,4.0,4.0,8.0,4.0,0.5,0.05,0.21889865388899996,0.21889865388899996,0.21889865388899996,0.4377973077779999,-2.1273776817561192e-05,8.755946155559998e-05,2.1889865388899995e-05,6.566959616669997e-05,4377.973077779999,3.3898865490476153e-06,-4.316364220646119e-05,-0.00010883323837316116,-0.00010883323837316116,-0.00011222312492220877,-0.2127377681756119,0.21889865388899996,0.6566959616669997,0.03389886549047615,-1.1222312492220876,False,True
2024-11-05,883279.7020909502,24999999.999999996,12499999.999999998,12500000.0,671.098565418254,4.0,4.0,8.0,2.0,0.25,0.05,0.49999999999999994,0.49999999999999994,0.49999999999999994,0.9999999999999999,0.017665594041819003,0.00019999999999999998,4.9999999999999996e-05,0.00014999999999999996,10000.0,1.342197130836508e-05,0.017615594041819,0.017465594041819,0.017465594041819,0.017452172070510634,176.65594041819003,0.49999999999999994,1.4999999999999996,0.1342197130836508,174.52172070510633,False,True
2024-11-06,0.0,0.0,0.0,0.0,0.0,0.0,0.0,0.0,0.0,0.0,0.0,0.0,0.0,0.0,0.0,0.0,0.0,0.0,0.0,0.0,0.0,0.0,0.0,0.0,0.0,0.0,0.0,0.0,0.0,0.0,False,False
2024-11-07,0.0,0.0,0.0,0.0,0.0,0.0,0.0,0.0,0.0,0.0,0.0,0.0,0.0,0.0,0.0,0.0,0.0,0.0,0.0,0.0,0.0,0.0,0.0,0.0,0.0,0.0,0.0,0.0,0.0,0.0,False,False
2024-11-08,495750.0922425927,25000000.0,12500000.0,12500000.0,198.4126984126984,4.0,4.0,8.0,0.0,0.0,0.03914962829519996,0.5,0.5,0.5,1.0,0.009915001844851855,0.0002,5e-05,0.00015,10000.0,3.968253968253968e-06,0.009865001844851855,0.009715001844851854,0.009715001844851854,0.0097110335908836,99.15001844851855,0.5,1.4999999999999998,0.03968253968253968,97.11033590883599,False,True
2024-11-11,-297695.04013185116,25000000.0,12500000.0,12499999.999999998,285.06164368809505,4.0,4.0,8.0,1.0,0.125,0.05,0.5,0.5,0.5,1.0,-0.0059539008026370235,0.0002,5e-05,0.00015,10000.0,5.701232873761901e-06,-0.006003900802637023,-0.006153900802637023,-0.006153900802637023,-0.006159602035510785,-59.53900802637023,0.5,1.4999999999999998,0.05701232873761901,-61.596020355107854,False,True
2024-11-12,99460.06967387059,25000000.0,12500000.0,12500000.0,198.4126984126984,4.0,4.0,8.0,2.0,0.25,0.05000000000000001,0.5,0.5,0.5,1.0,0.0019892013934774116,0.0002,5e-05,0.00015,10000.0,3.968253968253968e-06,0.0019392013934774117,0.0017892013934774117,0.0017892013934774117,0.0017852331395091577,19.892013934774116,0.5,1.4999999999999998,0.03968253968253968,17.85233139509158,False,True
2024-11-13,200699.33977090658,25000000.0,12500000.0,12500000.0,198.4126984126984,4.0,4.0,8.0,0.0,0.0,0.024974484676773982,0.5,0.5,0.5,1.0,0.004013986795418131,0.0002,5e-05,0.00015,10000.0,3.968253968253968e-06,0.003963986795418132,0.0038139867954181316,0.0038139867954181316,0.0038100185414498776,40.13986795418131,0.5,1.4999999999999998,0.03968253968253968,38.100185414498775,False,True
2024-11-14,32405.622749585862,25000000.0,12500000.0,12500000.0,198.4126984126984,4.0,4.0,8.0,2.0,0.25,0.05,0.5,0.5,0.5,1.0,0.0006481124549917172,0.0002,5e-05,0.00015,10000.0,3.968253968253968e-06,0.0005981124549917172,0.00044811245499171723,0.00044811245499171723,0.0004441442010234633,6.481124549917173,0.5,1.4999999999999998,0.03968253968253968,4.441442010234633,False,True
2024-11-15,48884.11581614703,25000000.0,12500000.0,12500000.0,198.4126984126984,4.0,4.0,8.0,2.0,0.25,0.05000000000000001,0.5,0.5,0.5,1.0,0.0009776823163229406,0.0002,5e-05,0.00015,10000.0,3.968253968253968e-06,0.0009276823163229406,0.0007776823163229406,0.0007776823163229406,0.0007737140623546866,9.776823163229405,0.5,1.4999999999999998,0.03968253968253968,7.737140623546866,False,True
2024-11-18,-116701.60622103224,25000000.0,12500000.0,12500000.0,198.4126984126984,4.0,4.0,8.0,1.0,0.125,0.05,0.5,0.5,0.5,1.0,-0.002334032124420645,0.0002,5e-05,0.00015,10000.0,3.968253968253968e-06,-0.002384032124420645,-0.002534032124420645,-0.002534032124420645,-0.002538000378388899,-23.34032124420645,0.5,1.4999999999999998,0.03968253968253968,-25.38000378388899,False,True
2024-11-19,134550.3733151475,25000000.0,12500000.0,12500000.0,198.4126984126984,4.0,4.0,8.0,0.0,0.0,0.040091676962373576,0.5,0.5,0.5,1.0,0.00269100746630295,0.0002,5e-05,0.00015,10000.0,3.968253968253968e-06,0.0026410074663029497,0.0024910074663029498,0.0024910074663029498,0.0024870392123346957,26.910074663029498,0.5,1.4999999999999998,0.03968253968253968,24.870392123346956,False,True
2024-11-20,94472.90041466946,25000000.0,12500000.0,12500000.0,198.4126984126984,4.0,4.0,8.0,1.0,0.125,0.05,0.5,0.5,0.5,1.0,0.0018894580082933893,0.0002,5e-05,0.00015,10000.0,3.968253968253968e-06,0.0018394580082933894,0.0016894580082933894,0.0016894580082933894,0.0016854897543251354,18.894580082933892,0.5,1.4999999999999998,0.03968253968253968,16.854897543251354,False,True
2024-11-21,29780.336603750482,24999999.999999996,12499999.999999998,12499999.999999998,219.54856380952378,4.0,4.0,8.0,2.0,0.25,0.05,0.49999999999999994,0.49999999999999994,0.49999999999999994,0.9999999999999999,0.0005956067320750096,0.00019999999999999998,4.9999999999999996e-05,0.00014999999999999996,10000.0,4.390971276190476e-06,0.0005456067320750096,0.0003956067320750096,0.0003956067320750096,0.0003912157607988191,5.956067320750096,0.49999999999999994,1.4999999999999996,0.04390971276190476,3.912157607988191,False,True
2024-11-22,414984.4160390313,25000000.0,12500000.0,12500000.0,198.41269841269843,4.0,4.0,8.0,1.0,0.125,0.049999999999999996,0.5,0.5,0.5,1.0,0.008299688320780626,0.0002,5e-05,0.00015,10000.0,3.968253968253969e-06,0.008249688320780626,0.008099688320780625,0.008099688320780625,0.00809572006681237,82.99688320780625,0.5,1.4999999999999998,0.03968253968253969,80.9572006681237,False,True
2024-11-25,-106694.11552399067,25000000.0,12500000.0,12500000.0,198.41269841269843,4.0,4.0,8.0,3.0,0.375,0.05,0.5,0.5,0.5,1.0,-0.0021338823104798134,0.0002,5e-05,0.00015,10000.0,3.968253968253969e-06,-0.0021838823104798136,-0.0023338823104798135,-0.0023338823104798135,-0.0023378505644480675,-21.338823104798134,0.5,1.4999999999999998,0.03968253968253969,-23.378505644480676,False,True
2024-11-26,114431.30287653413,25000000.0,12500000.0,12500000.0,198.41269841269843,4.0,4.0,8.0,3.0,0.375,0.05,0.5,0.5,0.5,1.0,0.0022886260575306827,0.0002,5e-05,0.00015,10000.0,3.968253968253969e-06,0.0022386260575306825,0.0020886260575306826,0.0020886260575306826,0.0020846578035624286,22.886260575306828,0.5,1.4999999999999998,0.03968253968253969,20.846578035624287,False,True
2024-11-27,141809.80378015133,25000000.0,12500000.0,12500000.0,220.85413385238093,4.0,4.0,8.0,3.0,0.375,0.05000000000000001,0.5,0.5,0.5,1.0,0.0028361960756030265,0.0002,5e-05,0.00015,10000.0,4.417082677047619e-06,0.0027861960756030263,0.0026361960756030264,0.0026361960756030264,0.002631778992925979,28.361960756030264,0.5,1.4999999999999998,0.044170826770476186,26.31778992925979,False,True
2024-11-29,62853.474413590004,25000000.0,12500000.0,12500000.0,221.37418152222222,4.0,4.0,8.0,2.0,0.25,0.05,0.5,0.5,0.5,1.0,0.0012570694882718001,0.0002,5e-05,0.00015,10000.0,4.427483630444445e-06,0.0012070694882718002,0.0010570694882718003,0.0010570694882718003,0.0010526420046413558,12.570694882718001,0.5,1.4999999999999998,0.04427483630444445,10.526420046413557,False,True
2024-12-02,-13227.778259052542,25000000.0,12500000.0,12500000.0,221.1831800571428,4.0,4.0,8.0,4.0,0.5,0.05,0.5,0.5,0.5,1.0,-0.00026455556518105086,0.0002,5e-05,0.00015,10000.0,4.4236636011428564e-06,-0.0003145555651810509,-0.0004645555651810509,-0.0004645555651810509,-0.0004689792287821938,-2.6455556518105086,0.5,1.4999999999999998,0.04423663601142856,-4.689792287821938,False,True
2024-12-03,174610.17724986043,25000000.0,12500000.0,12500000.0,198.4126984126984,4.0,4.0,8.0,1.0,0.125,0.05,0.5,0.5,0.5,1.0,0.0034922035449972085,0.0002,5e-05,0.00015,10000.0,3.968253968253968e-06,0.0034422035449972084,0.0032922035449972084,0.0032922035449972084,0.0032882352910289544,34.922035449972086,0.5,1.4999999999999998,0.03968253968253968,32.88235291028955,False,True
2024-12-04,1035152.8460654451,50000000.0,25000000.0,25000000.0,396.8253968253968,4.0,4.0,8.0,2.0,0.25,0.05,1.0,1.0,1.0,2.0,0.0207030569213089,0.0004,0.0001,0.0003,20000.0,7.936507936507936e-06,0.020603056921308902,0.0203030569213089,0.0203030569213089,0.02029512041337239,207.03056921308902,1.0,2.9999999999999996,0.07936507936507936,202.9512041337239,True,False
2024-12-05,128206.46584035811,25000000.0,12500000.0,12500000.0,198.4126984126984,4.0,4.0,8.0,0.0,0.0,0.04280259100675703,0.5,0.5,0.5,1.0,0.002564129316807162,0.0002,5e-05,0.00015,10000.0,3.968253968253968e-06,0.002514129316807162,0.002364129316807162,0.002364129316807162,0.002360161062838908,25.64129316807162,0.5,1.4999999999999998,0.03968253968253968,23.601610628389082,False,True
2024-12-06,-8193.009925747054,25000000.0,12500000.0,12500000.0,198.41269841269838,4.0,4.0,8.0,4.0,0.5,0.05,0.5,0.5,0.5,1.0,-0.00016386019851494108,0.0002,5e-05,0.00015,10000.0,3.968253968253967e-06,-0.00021386019851494107,-0.00036386019851494106,-0.00036386019851494106,-0.000367828452483195,-1.6386019851494107,0.5,1.4999999999999998,0.03968253968253967,-3.67828452483195,False,True
2024-12-09,114658.36236671305,24999999.999999996,12499999.999999998,12499999.999999998,198.41269841269838,4.0,4.0,8.0,2.0,0.25,0.05,0.49999999999999994,0.49999999999999994,0.49999999999999994,0.9999999999999999,0.0022931672473342607,0.00019999999999999998,4.9999999999999996e-05,0.00014999999999999996,10000.0,3.968253968253967e-06,0.0022431672473342606,0.0020931672473342607,0.0020931672473342607,0.0020891989933660066,22.93167247334261,0.49999999999999994,1.4999999999999996,0.03968253968253967,20.891989933660067,False,True
2024-12-10,187535.31322235498,25000000.0,12500000.0,12500000.0,198.41269841269843,4.0,4.0,8.0,2.0,0.25,0.05,0.5,0.5,0.5,1.0,0.0037507062644470996,0.0002,5e-05,0.00015,10000.0,3.968253968253969e-06,0.0037007062644470994,0.0035507062644470995,0.0035507062644470995,0.0035467380104788455,37.507062644471,0.5,1.4999999999999998,0.03968253968253969,35.467380104788454,False,True
2024-12-11,953.7658594555833,25000000.0,12500000.0,12500000.0,714.2803005825397,4.0,4.0,8.0,2.0,0.25,0.05,0.5,0.5,0.5,1.0,1.9075317189111666e-05,0.0002,5e-05,0.00015,10000.0,1.4285606011650793e-05,-3.092468281088833e-05,-0.00018092468281088832,-0.00018092468281088832,-0.00019521028882253912,0.19075317189111665,0.5,1.4999999999999998,0.14285606011650792,-1.9521028882253912,False,True
2024-12-12,102438.08503802055,25000000.0,12500000.0,12500000.0,396.8253968253968,4.0,4.0,8.0,0.0,0.0,0.026659126129286448,0.5,0.5,0.5,1.0,0.002048761700760411,0.0002,5e-05,0.00015,10000.0,7.936507936507936e-06,0.001998761700760411,0.001848761700760411,0.001848761700760411,0.001840825192823903,20.48761700760411,0.5,1.4999999999999998,0.07936507936507936,18.40825192823903,False,True
2024-12-13,137750.7409881351,24999999.999999996,12499999.999999998,12500000.0,410.4203065449735,4.0,4.0,8.0,1.0,0.125,0.049999999999999996,0.49999999999999994,0.49999999999999994,0.49999999999999994,0.9999999999999999,0.0027550148197627022,0.00019999999999999998,4.9999999999999996e-05,0.00014999999999999996,10000.0,8.208406130899471e-06,0.002705014819762702,0.002555014819762702,0.002555014819762702,0.002546806413631803,27.550148197627024,0.49999999999999994,1.4999999999999996,0.0820840613089947,25.468064136318027,False,True
2024-12-16,16723.994735827237,25000000.0,12500000.0,12500000.0,437.4489631571429,4.0,4.0,8.0,2.0,0.25,0.05,0.5,0.5,0.5,1.0,0.0003344798947165447,0.0002,5e-05,0.00015,10000.0,8.748979263142858e-06,0.0002844798947165447,0.0001344798947165447,0.0001344798947165447,0.00012573091545340184,3.3447989471654473,0.5,1.4999999999999998,0.08748979263142859,1.2573091545340183,False,True
2024-12-17,0.0,0.0,0.0,0.0,0.0,0.0,0.0,0.0,0.0,0.0,0.0,0.0,0.0,0.0,0.0,0.0,0.0,0.0,0.0,0.0,0.0,0.0,0.0,0.0,0.0,0.0,0.0,0.0,0.0,0.0,False,False
2024-12-18,0.0,0.0,0.0,0.0,0.0,0.0,0.0,0.0,0.0,0.0,0.0,0.0,0.0,0.0,0.0,0.0,0.0,0.0,0.0,0.0,0.0,0.0,0.0,0.0,0.0,0.0,0.0,0.0,0.0,0.0,False,False
2024-12-19,-311226.76354837755,25000000.0,12500000.0,12500000.0,198.4126984126984,4.0,4.0,8.0,1.0,0.125,0.049999999999999996,0.5,0.5,0.5,1.0,-0.006224535270967551,0.0002,5e-05,0.00015,10000.0,3.968253968253968e-06,-0.006274535270967551,-0.006424535270967551,-0.006424535270967551,-0.006428503524935804,-62.24535270967551,0.5,1.4999999999999998,0.03968253968253968,-64.28503524935805,False,True
2024-12-20,-37988.864762693855,25000000.0,12500000.0,12500000.0,198.4126984126984,4.0,4.0,8.0,1.0,0.125,0.05,0.5,0.5,0.5,1.0,-0.0007597772952538771,0.0002,5e-05,0.00015,10000.0,3.968253968253968e-06,-0.0008097772952538771,-0.0009597772952538771,-0.0009597772952538771,-0.0009637455492221311,-7.597772952538771,0.5,1.4999999999999998,0.03968253968253968,-9.637455492221312,False,True
2024-12-23,0.0,0.0,0.0,0.0,0.0,0.0,0.0,0.0,0.0,0.0,0.0,0.0,0.0,0.0,0.0,0.0,0.0,0.0,0.0,0.0,0.0,0.0,0.0,0.0,0.0,0.0,0.0,0.0,0.0,0.0,False,False
2024-12-24,36756.39337358308,25000000.0,12500000.0,12500000.0,370.9683726833333,5.0,5.0,10.0,1.0,0.1,0.05,0.5,0.5,0.5,1.0,0.0007351278674716616,0.0002,5e-05,0.00015,10000.0,7.419367453666667e-06,0.0006851278674716616,0.0005351278674716616,0.0005351278674716616,0.0005277085000179949,7.351278674716616,0.5,1.4999999999999998,0.07419367453666667,5.277085000179949,False,True
2024-12-26,15950.040281841604,25000000.0,12500000.0,12500000.0,198.41269841269843,5.0,5.0,10.0,0.0,0.0,0.04553416906407488,0.5,0.5,0.5,1.0,0.0003190008056368321,0.0002,5e-05,0.00015,10000.0,3.968253968253969e-06,0.0002690008056368321,0.00011900080563683209,0.00011900080563683209,0.00011503255166857812,3.190008056368321,0.5,1.4999999999999998,0.03968253968253969,1.1503255166857813,False,True
2024-12-27,0.0,0.0,0.0,0.0,0.0,0.0,0.0,0.0,0.0,0.0,0.0,0.0,0.0,0.0,0.0,0.0,0.0,0.0,0.0,0.0,0.0,0.0,0.0,0.0,0.0,0.0,0.0,0.0,0.0,0.0,False,False
2024-12-30,0.0,0.0,0.0,0.0,0.0,0.0,0.0,0.0,0.0,0.0,0.0,0.0,0.0,0.0,0.0,0.0,0.0,0.0,0.0,0.0,0.0,0.0,0.0,0.0,0.0,0.0,0.0,0.0,0.0,0.0,False,False
2024-12-31,0.0,0.0,0.0,0.0,0.0,0.0,0.0,0.0,0.0,0.0,0.0,0.0,0.0,0.0,0.0,0.0,0.0,0.0,0.0,0.0,0.0,0.0,0.0,0.0,0.0,0.0,0.0,0.0,0.0,0.0,False,False
