date,gross_pnl,gross_notional,long_notional,short_notional,borrow_cost,n_long,n_short,n_positions,n_cap_binding,pct_cap_binding,max_participation,gross_exposure,entry_turnover,exit_turnover,roundtrip_turnover,gross_return,trading_cost_return,commission_return,slippage_return,trading_cost,borrow_cost_return,return_after_commission,return_after_slippage,net_return_before_borrow,net_return,gross_return_bps,commission_bps,slippage_bps,borrow_bps,net_return_bps,hit_full_gross,capacity_constrained
2010-01-20,0.0,0.0,0.0,0.0,0.0,0.0,0.0,0.0,0.0,0.0,0.0,0.0,0.0,0.0,0.0,0.0,0.0,0.0,0.0,0.0,0.0,0.0,0.0,0.0,0.0,0.0,0.0,0.0,0.0,0.0,False,False
2010-01-21,0.0,0.0,0.0,0.0,0.0,0.0,0.0,0.0,0.0,0.0,0.0,0.0,0.0,0.0,0.0,0.0,0.0,0.0,0.0,0.0,0.0,0.0,0.0,0.0,0.0,0.0,0.0,0.0,0.0,0.0,False,False
2010-01-22,0.0,0.0,0.0,0.0,0.0,0.0,0.0,0.0,0.0,0.0,0.0,0.0,0.0,0.0,0.0,0.0,0.0,0.0,0.0,0.0,0.0,0.0,0.0,0.0,0.0,0.0,0.0,0.0,0.0,0.0,False,False
2010-01-25,0.0,0.0,0.0,0.0,0.0,0.0,0.0,0.0,0.0,0.0,0.0,0.0,0.0,0.0,0.0,0.0,0.0,0.0,0.0,0.0,0.0,0.0,0.0,0.0,0.0,0.0,0.0,0.0,0.0,0.0,False,False
2010-01-26,0.0,0.0,0.0,0.0,0.0,0.0,0.0,0.0,0.0,0.0,0.0,0.0,0.0,0.0,0.0,0.0,0.0,0.0,0.0,0.0,0.0,0.0,0.0,0.0,0.0,0.0,0.0,0.0,0.0,0.0,False,False
2010-01-27,0.0,0.0,0.0,0.0,0.0,0.0,0.0,0.0,0.0,0.0,0.0,0.0,0.0,0.0,0.0,0.0,0.0,0.0,0.0,0.0,0.0,0.0,0.0,0.0,0.0,0.0,0.0,0.0,0.0,0.0,False,False
2010-01-28,0.0,0.0,0.0,0.0,0.0,0.0,0.0,0.0,0.0,0.0,0.0,0.0,0.0,0.0,0.0,0.0,0.0,0.0,0.0,0.0,0.0,0.0,0.0,0.0,0.0,0.0,0.0,0.0,0.0,0.0,False,False
2010-01-29,0.0,0.0,0.0,0.0,0.0,0.0,0.0,0.0,0.0,0.0,0.0,0.0,0.0,0.0,0.0,0.0,0.0,0.0,0.0,0.0,0.0,0.0,0.0,0.0,0.0,0.0,0.0,0.0,0.0,0.0,False,False
2010-02-01,0.0,0.0,0.0,0.0,0.0,0.0,0.0,0.0,0.0,0.0,0.0,0.0,0.0,0.0,0.0,0.0,0.0,0.0,0.0,0.0,0.0,0.0,0.0,0.0,0.0,0.0,0.0,0.0,0.0,0.0,False,False
2010-02-02,0.0,0.0,0.0,0.0,0.0,0.0,0.0,0.0,0.0,0.0,0.0,0.0,0.0,0.0,0.0,0.0,0.0,0.0,0.0,0.0,0.0,0.0,0.0,0.0,0.0,0.0,0.0,0.0,0.0,0.0,False,False
2010-02-03,0.0,0.0,0.0,0.0,0.0,0.0,0.0,0.0,0.0,0.0,0.0,0.0,0.0,0.0,0.0,0.0,0.0,0.0,0.0,0.0,0.0,0.0,0.0,0.0,0.0,0.0,0.0,0.0,0.0,0.0,False,False
2010-02-04,0.0,0.0,0.0,0.0,0.0,0.0,0.0,0.0,0.0,0.0,0.0,0.0,0.0,0.0,0.0,0.0,0.0,0.0,0.0,0.0,0.0,0.0,0.0,0.0,0.0,0.0,0.0,0.0,0.0,0.0,False,False
2010-02-05,0.0,0.0,0.0,0.0,0.0,0.0,0.0,0.0,0.0,0.0,0.0,0.0,0.0,0.0,0.0,0.0,0.0,0.0,0.0,0.0,0.0,0.0,0.0,0.0,0.0,0.0,0.0,0.0,0.0,0.0,False,False
2010-02-08,0.0,0.0,0.0,0.0,0.0,0.0,0.0,0.0,0.0,0.0,0.0,0.0,0.0,0.0,0.0,0.0,0.0,0.0,0.0,0.0,0.0,0.0,0.0,0.0,0.0,0.0,0.0,0.0,0.0,0.0,False,False
2010-02-09,0.0,0.0,0.0,0.0,0.0,0.0,0.0,0.0,0.0,0.0,0.0,0.0,0.0,0.0,0.0,0.0,0.0,0.0,0.0,0.0,0.0,0.0,0.0,0.0,0.0,0.0,0.0,0.0,0.0,0.0,False,False
2010-02-10,0.0,0.0,0.0,0.0,0.0,0.0,0.0,0.0,0.0,0.0,0.0,0.0,0.0,0.0,0.0,0.0,0.0,0.0,0.0,0.0,0.0,0.0,0.0,0.0,0.0,0.0,0.0,0.0,0.0,0.0,False,False
2010-02-11,0.0,0.0,0.0,0.0,0.0,0.0,0.0,0.0,0.0,0.0,0.0,0.0,0.0,0.0,0.0,0.0,0.0,0.0,0.0,0.0,0.0,0.0,0.0,0.0,0.0,0.0,0.0,0.0,0.0,0.0,False,False
2010-02-12,0.0,0.0,0.0,0.0,0.0,0.0,0.0,0.0,0.0,0.0,0.0,0.0,0.0,0.0,0.0,0.0,0.0,0.0,0.0,0.0,0.0,0.0,0.0,0.0,0.0,0.0,0.0,0.0,0.0,0.0,False,False
2010-02-16,0.0,0.0,0.0,0.0,0.0,0.0,0.0,0.0,0.0,0.0,0.0,0.0,0.0,0.0,0.0,0.0,0.0,0.0,0.0,0.0,0.0,0.0,0.0,0.0,0.0,0.0,0.0,0.0,0.0,0.0,False,False
2010-02-17,0.0,0.0,0.0,0.0,0.0,0.0,0.0,0.0,0.0,0.0,0.0,0.0,0.0,0.0,0.0,0.0,0.0,0.0,0.0,0.0,0.0,0.0,0.0,0.0,0.0,0.0,0.0,0.0,0.0,0.0,False,False
2010-02-18,0.0,0.0,0.0,0.0,0.0,0.0,0.0,0.0,0.0,0.0,0.0,0.0,0.0,0.0,0.0,0.0,0.0,0.0,0.0,0.0,0.0,0.0,0.0,0.0,0.0,0.0,0.0,0.0,0.0,0.0,False,False
2010-02-19,0.0,0.0,0.0,0.0,0.0,0.0,0.0,0.0,0.0,0.0,0.0,0.0,0.0,0.0,0.0,0.0,0.0,0.0,0.0,0.0,0.0,0.0,0.0,0.0,0.0,0.0,0.0,0.0,0.0,0.0,False,False
2010-02-22,0.0,0.0,0.0,0.0,0.0,0.0,0.0,0.0,0.0,0.0,0.0,0.0,0.0,0.0,0.0,0.0,0.0,0.0,0.0,0.0,0.0,0.0,0.0,0.0,0.0,0.0,0.0,0.0,0.0,0.0,False,False
2010-02-23,0.0,0.0,0.0,0.0,0.0,0.0,0.0,0.0,0.0,0.0,0.0,0.0,0.0,0.0,0.0,0.0,0.0,0.0,0.0,0.0,0.0,0.0,0.0,0.0,0.0,0.0,0.0,0.0,0.0,0.0,False,False
2010-02-24,0.0,0.0,0.0,0.0,0.0,0.0,0.0,0.0,0.0,0.0,0.0,0.0,0.0,0.0,0.0,0.0,0.0,0.0,0.0,0.0,0.0,0.0,0.0,0.0,0.0,0.0,0.0,0.0,0.0,0.0,False,False
2010-02-25,0.0,0.0,0.0,0.0,0.0,0.0,0.0,0.0,0.0,0.0,0.0,0.0,0.0,0.0,0.0,0.0,0.0,0.0,0.0,0.0,0.0,0.0,0.0,0.0,0.0,0.0,0.0,0.0,0.0,0.0,False,False
2010-02-26,0.0,0.0,0.0,0.0,0.0,0.0,0.0,0.0,0.0,0.0,0.0,0.0,0.0,0.0,0.0,0.0,0.0,0.0,0.0,0.0,0.0,0.0,0.0,0.0,0.0,0.0,0.0,0.0,0.0,0.0,False,False
2010-03-01,0.0,0.0,0.0,0.0,0.0,0.0,0.0,0.0,0.0,0.0,0.0,0.0,0.0,0.0,0.0,0.0,0.0,0.0,0.0,0.0,0.0,0.0,0.0,0.0,0.0,0.0,0.0,0.0,0.0,0.0,False,False
2010-03-02,0.0,0.0,0.0,0.0,0.0,0.0,0.0,0.0,0.0,0.0,0.0,0.0,0.0,0.0,0.0,0.0,0.0,0.0,0.0,0.0,0.0,0.0,0.0,0.0,0.0,0.0,0.0,0.0,0.0,0.0,False,False
2010-03-03,0.0,0.0,0.0,0.0,0.0,0.0,0.0,0.0,0.0,0.0,0.0,0.0,0.0,0.0,0.0,0.0,0.0,0.0,0.0,0.0,0.0,0.0,0.0,0.0,0.0,0.0,0.0,0.0,0.0,0.0,False,False
2010-03-04,0.0,0.0,0.0,0.0,0.0,0.0,0.0,0.0,0.0,0.0,0.0,0.0,0.0,0.0,0.0,0.0,0.0,0.0,0.0,0.0,0.0,0.0,0.0,0.0,0.0,0.0,0.0,0.0,0.0,0.0,False,False
2010-03-05,0.0,0.0,0.0,0.0,0.0,0.0,0.0,0.0,0.0,0.0,0.0,0.0,0.0,0.0,0.0,0.0,0.0,0.0,0.0,0.0,0.0,0.0,0.0,0.0,0.0,0.0,0.0,0.0,0.0,0.0,False,False
2010-03-08,0.0,0.0,0.0,0.0,0.0,0.0,0.0,0.0,0.0,0.0,0.0,0.0,0.0,0.0,0.0,0.0,0.0,0.0,0.0,0.0,0.0,0.0,0.0,0.0,0.0,0.0,0.0,0.0,0.0,0.0,False,False
2010-03-09,0.0,0.0,0.0,0.0,0.0,0.0,0.0,0.0,0.0,0.0,0.0,0.0,0.0,0.0,0.0,0.0,0.0,0.0,0.0,0.0,0.0,0.0,0.0,0.0,0.0,0.0,0.0,0.0,0.0,0.0,False,False
2010-03-10,0.0,0.0,0.0,0.0,0.0,0.0,0.0,0.0,0.0,0.0,0.0,0.0,0.0,0.0,0.0,0.0,0.0,0.0,0.0,0.0,0.0,0.0,0.0,0.0,0.0,0.0,0.0,0.0,0.0,0.0,False,False
2010-03-11,0.0,0.0,0.0,0.0,0.0,0.0,0.0,0.0,0.0,0.0,0.0,0.0,0.0,0.0,0.0,0.0,0.0,0.0,0.0,0.0,0.0,0.0,0.0,0.0,0.0,0.0,0.0,0.0,0.0,0.0,False,False
2010-03-12,0.0,0.0,0.0,0.0,0.0,0.0,0.0,0.0,0.0,0.0,0.0,0.0,0.0,0.0,0.0,0.0,0.0,0.0,0.0,0.0,0.0,0.0,0.0,0.0,0.0,0.0,0.0,0.0,0.0,0.0,False,False
2010-03-15,0.0,0.0,0.0,0.0,0.0,0.0,0.0,0.0,0.0,0.0,0.0,0.0,0.0,0.0,0.0,0.0,0.0,0.0,0.0,0.0,0.0,0.0,0.0,0.0,0.0,0.0,0.0,0.0,0.0,0.0,False,False
2010-03-16,0.0,0.0,0.0,0.0,0.0,0.0,0.0,0.0,0.0,0.0,0.0,0.0,0.0,0.0,0.0,0.0,0.0,0.0,0.0,0.0,0.0,0.0,0.0,0.0,0.0,0.0,0.0,0.0,0.0,0.0,False,False
2010-03-17,0.0,0.0,0.0,0.0,0.0,0.0,0.0,0.0,0.0,0.0,0.0,0.0,0.0,0.0,0.0,0.0,0.0,0.0,0.0,0.0,0.0,0.0,0.0,0.0,0.0,0.0,0.0,0.0,0.0,0.0,False,False
2010-03-18,0.0,0.0,0.0,0.0,0.0,0.0,0.0,0.0,0.0,0.0,0.0,0.0,0.0,0.0,0.0,0.0,0.0,0.0,0.0,0.0,0.0,0.0,0.0,0.0,0.0,0.0,0.0,0.0,0.0,0.0,False,False
2010-03-19,0.0,0.0,0.0,0.0,0.0,0.0,0.0,0.0,0.0,0.0,0.0,0.0,0.0,0.0,0.0,0.0,0.0,0.0,0.0,0.0,0.0,0.0,0.0,0.0,0.0,0.0,0.0,0.0,0.0,0.0,False,False
2010-03-22,0.0,0.0,0.0,0.0,0.0,0.0,0.0,0.0,0.0,0.0,0.0,0.0,0.0,0.0,0.0,0.0,0.0,0.0,0.0,0.0,0.0,0.0,0.0,0.0,0.0,0.0,0.0,0.0,0.0,0.0,False,False
2010-03-23,0.0,0.0,0.0,0.0,0.0,0.0,0.0,0.0,0.0,0.0,0.0,0.0,0.0,0.0,0.0,0.0,0.0,0.0,0.0,0.0,0.0,0.0,0.0,0.0,0.0,0.0,0.0,0.0,0.0,0.0,False,False
2010-03-24,0.0,0.0,0.0,0.0,0.0,0.0,0.0,0.0,0.0,0.0,0.0,0.0,0.0,0.0,0.0,0.0,0.0,0.0,0.0,0.0,0.0,0.0,0.0,0.0,0.0,0.0,0.0,0.0,0.0,0.0,False,False
2010-03-25,0.0,0.0,0.0,0.0,0.0,0.0,0.0,0.0,0.0,0.0,0.0,0.0,0.0,0.0,0.0,0.0,0.0,0.0,0.0,0.0,0.0,0.0,0.0,0.0,0.0,0.0,0.0,0.0,0.0,0.0,False,False
2010-03-26,0.0,0.0,0.0,0.0,0.0,0.0,0.0,0.0,0.0,0.0,0.0,0.0,0.0,0.0,0.0,0.0,0.0,0.0,0.0,0.0,0.0,0.0,0.0,0.0,0.0,0.0,0.0,0.0,0.0,0.0,False,False
2010-03-29,0.0,0.0,0.0,0.0,0.0,0.0,0.0,0.0,0.0,0.0,0.0,0.0,0.0,0.0,0.0,0.0,0.0,0.0,0.0,0.0,0.0,0.0,0.0,0.0,0.0,0.0,0.0,0.0,0.0,0.0,False,False
2010-03-30,0.0,0.0,0.0,0.0,0.0,0.0,0.0,0.0,0.0,0.0,0.0,0.0,0.0,0.0,0.0,0.0,0.0,0.0,0.0,0.0,0.0,0.0,0.0,0.0,0.0,0.0,0.0,0.0,0.0,0.0,False,False
2010-03-31,0.0,0.0,0.0,0.0,0.0,0.0,0.0,0.0,0.0,0.0,0.0,0.0,0.0,0.0,0.0,0.0,0.0,0.0,0.0,0.0,0.0,0.0,0.0,0.0,0.0,0.0,0.0,0.0,0.0,0.0,False,False
2010-04-01,0.0,0.0,0.0,0.0,0.0,0.0,0.0,0.0,0.0,0.0,0.0,0.0,0.0,0.0,0.0,0.0,0.0,0.0,0.0,0.0,0.0,0.0,0.0,0.0,0.0,0.0,0.0,0.0,0.0,0.0,False,False
2010-04-05,0.0,0.0,0.0,0.0,0.0,0.0,0.0,0.0,0.0,0.0,0.0,0.0,0.0,0.0,0.0,0.0,0.0,0.0,0.0,0.0,0.0,0.0,0.0,0.0,0.0,0.0,0.0,0.0,0.0,0.0,False,False
2010-04-06,0.0,0.0,0.0,0.0,0.0,0.0,0.0,0.0,0.0,0.0,0.0,0.0,0.0,0.0,0.0,0.0,0.0,0.0,0.0,0.0,0.0,0.0,0.0,0.0,0.0,0.0,0.0,0.0,0.0,0.0,False,False
2010-04-07,0.0,0.0,0.0,0.0,0.0,0.0,0.0,0.0,0.0,0.0,0.0,0.0,0.0,0.0,0.0,0.0,0.0,0.0,0.0,0.0,0.0,0.0,0.0,0.0,0.0,0.0,0.0,0.0,0.0,0.0,False,False
2010-04-08,0.0,0.0,0.0,0.0,0.0,0.0,0.0,0.0,0.0,0.0,0.0,0.0,0.0,0.0,0.0,0.0,0.0,0.0,0.0,0.0,0.0,0.0,0.0,0.0,0.0,0.0,0.0,0.0,0.0,0.0,False,False
2010-04-09,0.0,0.0,0.0,0.0,0.0,0.0,0.0,0.0,0.0,0.0,0.0,0.0,0.0,0.0,0.0,0.0,0.0,0.0,0.0,0.0,0.0,0.0,0.0,0.0,0.0,0.0,0.0,0.0,0.0,0.0,False,False
2010-04-12,0.0,0.0,0.0,0.0,0.0,0.0,0.0,0.0,0.0,0.0,0.0,0.0,0.0,0.0,0.0,0.0,0.0,0.0,0.0,0.0,0.0,0.0,0.0,0.0,0.0,0.0,0.0,0.0,0.0,0.0,False,False
2010-04-13,0.0,0.0,0.0,0.0,0.0,0.0,0.0,0.0,0.0,0.0,0.0,0.0,0.0,0.0,0.0,0.0,0.0,0.0,0.0,0.0,0.0,0.0,0.0,0.0,0.0,0.0,0.0,0.0,0.0,0.0,False,False
2010-04-14,0.0,0.0,0.0,0.0,0.0,0.0,0.0,0.0,0.0,0.0,0.0,0.0,0.0,0.0,0.0,0.0,0.0,0.0,0.0,0.0,0.0,0.0,0.0,0.0,0.0,0.0,0.0,0.0,0.0,0.0,False,False
2010-04-15,0.0,0.0,0.0,0.0,0.0,0.0,0.0,0.0,0.0,0.0,0.0,0.0,0.0,0.0,0.0,0.0,0.0,0.0,0.0,0.0,0.0,0.0,0.0,0.0,0.0,0.0,0.0,0.0,0.0,0.0,False,False
2010-04-16,0.0,0.0,0.0,0.0,0.0,0.0,0.0,0.0,0.0,0.0,0.0,0.0,0.0,0.0,0.0,0.0,0.0,0.0,0.0,0.0,0.0,0.0,0.0,0.0,0.0,0.0,0.0,0.0,0.0,0.0,False,False
2010-04-19,0.0,0.0,0.0,0.0,0.0,0.0,0.0,0.0,0.0,0.0,0.0,0.0,0.0,0.0,0.0,0.0,0.0,0.0,0.0,0.0,0.0,0.0,0.0,0.0,0.0,0.0,0.0,0.0,0.0,0.0,False,False
2010-04-20,0.0,0.0,0.0,0.0,0.0,0.0,0.0,0.0,0.0,0.0,0.0,0.0,0.0,0.0,0.0,0.0,0.0,0.0,0.0,0.0,0.0,0.0,0.0,0.0,0.0,0.0,0.0,0.0,0.0,0.0,False,False
2010-04-21,0.0,0.0,0.0,0.0,0.0,0.0,0.0,0.0,0.0,0.0,0.0,0.0,0.0,0.0,0.0,0.0,0.0,0.0,0.0,0.0,0.0,0.0,0.0,0.0,0.0,0.0,0.0,0.0,0.0,0.0,False,False
2010-04-22,0.0,0.0,0.0,0.0,0.0,0.0,0.0,0.0,0.0,0.0,0.0,0.0,0.0,0.0,0.0,0.0,0.0,0.0,0.0,0.0,0.0,0.0,0.0,0.0,0.0,0.0,0.0,0.0,0.0,0.0,False,False
2010-04-23,0.0,0.0,0.0,0.0,0.0,0.0,0.0,0.0,0.0,0.0,0.0,0.0,0.0,0.0,0.0,0.0,0.0,0.0,0.0,0.0,0.0,0.0,0.0,0.0,0.0,0.0,0.0,0.0,0.0,0.0,False,False
2010-04-26,0.0,0.0,0.0,0.0,0.0,0.0,0.0,0.0,0.0,0.0,0.0,0.0,0.0,0.0,0.0,0.0,0.0,0.0,0.0,0.0,0.0,0.0,0.0,0.0,0.0,0.0,0.0,0.0,0.0,0.0,False,False
2010-04-27,0.0,0.0,0.0,0.0,0.0,0.0,0.0,0.0,0.0,0.0,0.0,0.0,0.0,0.0,0.0,0.0,0.0,0.0,0.0,0.0,0.0,0.0,0.0,0.0,0.0,0.0,0.0,0.0,0.0,0.0,False,False
2010-04-28,0.0,0.0,0.0,0.0,0.0,0.0,0.0,0.0,0.0,0.0,0.0,0.0,0.0,0.0,0.0,0.0,0.0,0.0,0.0,0.0,0.0,0.0,0.0,0.0,0.0,0.0,0.0,0.0,0.0,0.0,False,False
2010-04-29,0.0,0.0,0.0,0.0,0.0,0.0,0.0,0.0,0.0,0.0,0.0,0.0,0.0,0.0,0.0,0.0,0.0,0.0,0.0,0.0,0.0,0.0,0.0,0.0,0.0,0.0,0.0,0.0,0.0,0.0,False,False
2010-04-30,0.0,0.0,0.0,0.0,0.0,0.0,0.0,0.0,0.0,0.0,0.0,0.0,0.0,0.0,0.0,0.0,0.0,0.0,0.0,0.0,0.0,0.0,0.0,0.0,0.0,0.0,0.0,0.0,0.0,0.0,False,False
2010-05-03,0.0,0.0,0.0,0.0,0.0,0.0,0.0,0.0,0.0,0.0,0.0,0.0,0.0,0.0,0.0,0.0,0.0,0.0,0.0,0.0,0.0,0.0,0.0,0.0,0.0,0.0,0.0,0.0,0.0,0.0,False,False
2010-05-04,0.0,0.0,0.0,0.0,0.0,0.0,0.0,0.0,0.0,0.0,0.0,0.0,0.0,0.0,0.0,0.0,0.0,0.0,0.0,0.0,0.0,0.0,0.0,0.0,0.0,0.0,0.0,0.0,0.0,0.0,False,False
2010-05-05,0.0,0.0,0.0,0.0,0.0,0.0,0.0,0.0,0.0,0.0,0.0,0.0,0.0,0.0,0.0,0.0,0.0,0.0,0.0,0.0,0.0,0.0,0.0,0.0,0.0,0.0,0.0,0.0,0.0,0.0,False,False
2010-05-06,0.0,0.0,0.0,0.0,0.0,0.0,0.0,0.0,0.0,0.0,0.0,0.0,0.0,0.0,0.0,0.0,0.0,0.0,0.0,0.0,0.0,0.0,0.0,0.0,0.0,0.0,0.0,0.0,0.0,0.0,False,False
2010-05-07,0.0,0.0,0.0,0.0,0.0,0.0,0.0,0.0,0.0,0.0,0.0,0.0,0.0,0.0,0.0,0.0,0.0,0.0,0.0,0.0,0.0,0.0,0.0,0.0,0.0,0.0,0.0,0.0,0.0,0.0,False,False
2010-05-10,0.0,0.0,0.0,0.0,0.0,0.0,0.0,0.0,0.0,0.0,0.0,0.0,0.0,0.0,0.0,0.0,0.0,0.0,0.0,0.0,0.0,0.0,0.0,0.0,0.0,0.0,0.0,0.0,0.0,0.0,False,False
2010-05-11,0.0,0.0,0.0,0.0,0.0,0.0,0.0,0.0,0.0,0.0,0.0,0.0,0.0,0.0,0.0,0.0,0.0,0.0,0.0,0.0,0.0,0.0,0.0,0.0,0.0,0.0,0.0,0.0,0.0,0.0,False,False
2010-05-12,0.0,0.0,0.0,0.0,0.0,0.0,0.0,0.0,0.0,0.0,0.0,0.0,0.0,0.0,0.0,0.0,0.0,0.0,0.0,0.0,0.0,0.0,0.0,0.0,0.0,0.0,0.0,0.0,0.0,0.0,False,False
2010-05-13,0.0,0.0,0.0,0.0,0.0,0.0,0.0,0.0,0.0,0.0,0.0,0.0,0.0,0.0,0.0,0.0,0.0,0.0,0.0,0.0,0.0,0.0,0.0,0.0,0.0,0.0,0.0,0.0,0.0,0.0,False,False
2010-05-14,0.0,0.0,0.0,0.0,0.0,0.0,0.0,0.0,0.0,0.0,0.0,0.0,0.0,0.0,0.0,0.0,0.0,0.0,0.0,0.0,0.0,0.0,0.0,0.0,0.0,0.0,0.0,0.0,0.0,0.0,False,False
2010-05-17,0.0,0.0,0.0,0.0,0.0,0.0,0.0,0.0,0.0,0.0,0.0,0.0,0.0,0.0,0.0,0.0,0.0,0.0,0.0,0.0,0.0,0.0,0.0,0.0,0.0,0.0,0.0,0.0,0.0,0.0,False,False
2010-05-18,0.0,0.0,0.0,0.0,0.0,0.0,0.0,0.0,0.0,0.0,0.0,0.0,0.0,0.0,0.0,0.0,0.0,0.0,0.0,0.0,0.0,0.0,0.0,0.0,0.0,0.0,0.0,0.0,0.0,0.0,False,False
2010-05-19,0.0,0.0,0.0,0.0,0.0,0.0,0.0,0.0,0.0,0.0,0.0,0.0,0.0,0.0,0.0,0.0,0.0,0.0,0.0,0.0,0.0,0.0,0.0,0.0,0.0,0.0,0.0,0.0,0.0,0.0,False,False
2010-05-20,0.0,0.0,0.0,0.0,0.0,0.0,0.0,0.0,0.0,0.0,0.0,0.0,0.0,0.0,0.0,0.0,0.0,0.0,0.0,0.0,0.0,0.0,0.0,0.0,0.0,0.0,0.0,0.0,0.0,0.0,False,False
2010-05-21,0.0,0.0,0.0,0.0,0.0,0.0,0.0,0.0,0.0,0.0,0.0,0.0,0.0,0.0,0.0,0.0,0.0,0.0,0.0,0.0,0.0,0.0,0.0,0.0,0.0,0.0,0.0,0.0,0.0,0.0,False,False
2010-05-24,0.0,0.0,0.0,0.0,0.0,0.0,0.0,0.0,0.0,0.0,0.0,0.0,0.0,0.0,0.0,0.0,0.0,0.0,0.0,0.0,0.0,0.0,0.0,0.0,0.0,0.0,0.0,0.0,0.0,0.0,False,False
2010-05-25,0.0,0.0,0.0,0.0,0.0,0.0,0.0,0.0,0.0,0.0,0.0,0.0,0.0,0.0,0.0,0.0,0.0,0.0,0.0,0.0,0.0,0.0,0.0,0.0,0.0,0.0,0.0,0.0,0.0,0.0,False,False
2010-05-26,0.0,0.0,0.0,0.0,0.0,0.0,0.0,0.0,0.0,0.0,0.0,0.0,0.0,0.0,0.0,0.0,0.0,0.0,0.0,0.0,0.0,0.0,0.0,0.0,0.0,0.0,0.0,0.0,0.0,0.0,False,False
2010-05-27,0.0,0.0,0.0,0.0,0.0,0.0,0.0,0.0,0.0,0.0,0.0,0.0,0.0,0.0,0.0,0.0,0.0,0.0,0.0,0.0,0.0,0.0,0.0,0.0,0.0,0.0,0.0,0.0,0.0,0.0,False,False
2010-05-28,0.0,0.0,0.0,0.0,0.0,0.0,0.0,0.0,0.0,0.0,0.0,0.0,0.0,0.0,0.0,0.0,0.0,0.0,0.0,0.0,0.0,0.0,0.0,0.0,0.0,0.0,0.0,0.0,0.0,0.0,False,False
2010-06-01,0.0,0.0,0.0,0.0,0.0,0.0,0.0,0.0,0.0,0.0,0.0,0.0,0.0,0.0,0.0,0.0,0.0,0.0,0.0,0.0,0.0,0.0,0.0,0.0,0.0,0.0,0.0,0.0,0.0,0.0,False,False
2010-06-02,0.0,0.0,0.0,0.0,0.0,0.0,0.0,0.0,0.0,0.0,0.0,0.0,0.0,0.0,0.0,0.0,0.0,0.0,0.0,0.0,0.0,0.0,0.0,0.0,0.0,0.0,0.0,0.0,0.0,0.0,False,False
2010-06-03,0.0,0.0,0.0,0.0,0.0,0.0,0.0,0.0,0.0,0.0,0.0,0.0,0.0,0.0,0.0,0.0,0.0,0.0,0.0,0.0,0.0,0.0,0.0,0.0,0.0,0.0,0.0,0.0,0.0,0.0,False,False
2010-06-04,0.0,0.0,0.0,0.0,0.0,0.0,0.0,0.0,0.0,0.0,0.0,0.0,0.0,0.0,0.0,0.0,0.0,0.0,0.0,0.0,0.0,0.0,0.0,0.0,0.0,0.0,0.0,0.0,0.0,0.0,False,False
2010-06-07,0.0,0.0,0.0,0.0,0.0,0.0,0.0,0.0,0.0,0.0,0.0,0.0,0.0,0.0,0.0,0.0,0.0,0.0,0.0,0.0,0.0,0.0,0.0,0.0,0.0,0.0,0.0,0.0,0.0,0.0,False,False
2010-06-08,0.0,0.0,0.0,0.0,0.0,0.0,0.0,0.0,0.0,0.0,0.0,0.0,0.0,0.0,0.0,0.0,0.0,0.0,0.0,0.0,0.0,0.0,0.0,0.0,0.0,0.0,0.0,0.0,0.0,0.0,False,False
2010-06-09,0.0,0.0,0.0,0.0,0.0,0.0,0.0,0.0,0.0,0.0,0.0,0.0,0.0,0.0,0.0,0.0,0.0,0.0,0.0,0.0,0.0,0.0,0.0,0.0,0.0,0.0,0.0,0.0,0.0,0.0,False,False
2010-06-10,0.0,0.0,0.0,0.0,0.0,0.0,0.0,0.0,0.0,0.0,0.0,0.0,0.0,0.0,0.0,0.0,0.0,0.0,0.0,0.0,0.0,0.0,0.0,0.0,0.0,0.0,0.0,0.0,0.0,0.0,False,False
2010-06-11,0.0,0.0,0.0,0.0,0.0,0.0,0.0,0.0,0.0,0.0,0.0,0.0,0.0,0.0,0.0,0.0,0.0,0.0,0.0,0.0,0.0,0.0,0.0,0.0,0.0,0.0,0.0,0.0,0.0,0.0,False,False
2010-06-14,0.0,0.0,0.0,0.0,0.0,0.0,0.0,0.0,0.0,0.0,0.0,0.0,0.0,0.0,0.0,0.0,0.0,0.0,0.0,0.0,0.0,0.0,0.0,0.0,0.0,0.0,0.0,0.0,0.0,0.0,False,False
2010-06-15,0.0,0.0,0.0,0.0,0.0,0.0,0.0,0.0,0.0,0.0,0.0,0.0,0.0,0.0,0.0,0.0,0.0,0.0,0.0,0.0,0.0,0.0,0.0,0.0,0.0,0.0,0.0,0.0,0.0,0.0,False,False
2010-06-16,0.0,0.0,0.0,0.0,0.0,0.0,0.0,0.0,0.0,0.0,0.0,0.0,0.0,0.0,0.0,0.0,0.0,0.0,0.0,0.0,0.0,0.0,0.0,0.0,0.0,0.0,0.0,0.0,0.0,0.0,False,False
2010-06-17,0.0,0.0,0.0,0.0,0.0,0.0,0.0,0.0,0.0,0.0,0.0,0.0,0.0,0.0,0.0,0.0,0.0,0.0,0.0,0.0,0.0,0.0,0.0,0.0,0.0,0.0,0.0,0.0,0.0,0.0,False,False
2010-06-18,0.0,0.0,0.0,0.0,0.0,0.0,0.0,0.0,0.0,0.0,0.0,0.0,0.0,0.0,0.0,0.0,0.0,0.0,0.0,0.0,0.0,0.0,0.0,0.0,0.0,0.0,0.0,0.0,0.0,0.0,False,False
2010-06-21,0.0,0.0,0.0,0.0,0.0,0.0,0.0,0.0,0.0,0.0,0.0,0.0,0.0,0.0,0.0,0.0,0.0,0.0,0.0,0.0,0.0,0.0,0.0,0.0,0.0,0.0,0.0,0.0,0.0,0.0,False,False
2010-06-22,0.0,0.0,0.0,0.0,0.0,0.0,0.0,0.0,0.0,0.0,0.0,0.0,0.0,0.0,0.0,0.0,0.0,0.0,0.0,0.0,0.0,0.0,0.0,0.0,0.0,0.0,0.0,0.0,0.0,0.0,False,False
2010-06-23,0.0,0.0,0.0,0.0,0.0,0.0,0.0,0.0,0.0,0.0,0.0,0.0,0.0,0.0,0.0,0.0,0.0,0.0,0.0,0.0,0.0,0.0,0.0,0.0,0.0,0.0,0.0,0.0,0.0,0.0,False,False
2010-06-24,0.0,0.0,0.0,0.0,0.0,0.0,0.0,0.0,0.0,0.0,0.0,0.0,0.0,0.0,0.0,0.0,0.0,0.0,0.0,0.0,0.0,0.0,0.0,0.0,0.0,0.0,0.0,0.0,0.0,0.0,False,False
2010-06-25,0.0,0.0,0.0,0.0,0.0,0.0,0.0,0.0,0.0,0.0,0.0,0.0,0.0,0.0,0.0,0.0,0.0,0.0,0.0,0.0,0.0,0.0,0.0,0.0,0.0,0.0,0.0,0.0,0.0,0.0,False,False
2010-06-28,0.0,0.0,0.0,0.0,0.0,0.0,0.0,0.0,0.0,0.0,0.0,0.0,0.0,0.0,0.0,0.0,0.0,0.0,0.0,0.0,0.0,0.0,0.0,0.0,0.0,0.0,0.0,0.0,0.0,0.0,False,False
2010-06-29,0.0,0.0,0.0,0.0,0.0,0.0,0.0,0.0,0.0,0.0,0.0,0.0,0.0,0.0,0.0,0.0,0.0,0.0,0.0,0.0,0.0,0.0,0.0,0.0,0.0,0.0,0.0,0.0,0.0,0.0,False,False
2010-06-30,0.0,0.0,0.0,0.0,0.0,0.0,0.0,0.0,0.0,0.0,0.0,0.0,0.0,0.0,0.0,0.0,0.0,0.0,0.0,0.0,0.0,0.0,0.0,0.0,0.0,0.0,0.0,0.0,0.0,0.0,False,False
2010-07-01,0.0,0.0,0.0,0.0,0.0,0.0,0.0,0.0,0.0,0.0,0.0,0.0,0.0,0.0,0.0,0.0,0.0,0.0,0.0,0.0,0.0,0.0,0.0,0.0,0.0,0.0,0.0,0.0,0.0,0.0,False,False
2010-07-02,0.0,0.0,0.0,0.0,0.0,0.0,0.0,0.0,0.0,0.0,0.0,0.0,0.0,0.0,0.0,0.0,0.0,0.0,0.0,0.0,0.0,0.0,0.0,0.0,0.0,0.0,0.0,0.0,0.0,0.0,False,False
2010-07-06,0.0,0.0,0.0,0.0,0.0,0.0,0.0,0.0,0.0,0.0,0.0,0.0,0.0,0.0,0.0,0.0,0.0,0.0,0.0,0.0,0.0,0.0,0.0,0.0,0.0,0.0,0.0,0.0,0.0,0.0,False,False
2010-07-07,0.0,0.0,0.0,0.0,0.0,0.0,0.0,0.0,0.0,0.0,0.0,0.0,0.0,0.0,0.0,0.0,0.0,0.0,0.0,0.0,0.0,0.0,0.0,0.0,0.0,0.0,0.0,0.0,0.0,0.0,False,False
2010-07-08,0.0,0.0,0.0,0.0,0.0,0.0,0.0,0.0,0.0,0.0,0.0,0.0,0.0,0.0,0.0,0.0,0.0,0.0,0.0,0.0,0.0,0.0,0.0,0.0,0.0,0.0,0.0,0.0,0.0,0.0,False,False
2010-07-09,0.0,0.0,0.0,0.0,0.0,0.0,0.0,0.0,0.0,0.0,0.0,0.0,0.0,0.0,0.0,0.0,0.0,0.0,0.0,0.0,0.0,0.0,0.0,0.0,0.0,0.0,0.0,0.0,0.0,0.0,False,False
2010-07-12,0.0,0.0,0.0,0.0,0.0,0.0,0.0,0.0,0.0,0.0,0.0,0.0,0.0,0.0,0.0,0.0,0.0,0.0,0.0,0.0,0.0,0.0,0.0,0.0,0.0,0.0,0.0,0.0,0.0,0.0,False,False
2010-07-13,0.0,0.0,0.0,0.0,0.0,0.0,0.0,0.0,0.0,0.0,0.0,0.0,0.0,0.0,0.0,0.0,0.0,0.0,0.0,0.0,0.0,0.0,0.0,0.0,0.0,0.0,0.0,0.0,0.0,0.0,False,False
2010-07-14,0.0,0.0,0.0,0.0,0.0,0.0,0.0,0.0,0.0,0.0,0.0,0.0,0.0,0.0,0.0,0.0,0.0,0.0,0.0,0.0,0.0,0.0,0.0,0.0,0.0,0.0,0.0,0.0,0.0,0.0,False,False
2010-07-15,0.0,0.0,0.0,0.0,0.0,0.0,0.0,0.0,0.0,0.0,0.0,0.0,0.0,0.0,0.0,0.0,0.0,0.0,0.0,0.0,0.0,0.0,0.0,0.0,0.0,0.0,0.0,0.0,0.0,0.0,False,False
2010-07-16,0.0,0.0,0.0,0.0,0.0,0.0,0.0,0.0,0.0,0.0,0.0,0.0,0.0,0.0,0.0,0.0,0.0,0.0,0.0,0.0,0.0,0.0,0.0,0.0,0.0,0.0,0.0,0.0,0.0,0.0,False,False
2010-07-19,0.0,0.0,0.0,0.0,0.0,0.0,0.0,0.0,0.0,0.0,0.0,0.0,0.0,0.0,0.0,0.0,0.0,0.0,0.0,0.0,0.0,0.0,0.0,0.0,0.0,0.0,0.0,0.0,0.0,0.0,False,False
2010-07-20,0.0,0.0,0.0,0.0,0.0,0.0,0.0,0.0,0.0,0.0,0.0,0.0,0.0,0.0,0.0,0.0,0.0,0.0,0.0,0.0,0.0,0.0,0.0,0.0,0.0,0.0,0.0,0.0,0.0,0.0,False,False
2010-07-21,0.0,0.0,0.0,0.0,0.0,0.0,0.0,0.0,0.0,0.0,0.0,0.0,0.0,0.0,0.0,0.0,0.0,0.0,0.0,0.0,0.0,0.0,0.0,0.0,0.0,0.0,0.0,0.0,0.0,0.0,False,False
2010-07-22,0.0,0.0,0.0,0.0,0.0,0.0,0.0,0.0,0.0,0.0,0.0,0.0,0.0,0.0,0.0,0.0,0.0,0.0,0.0,0.0,0.0,0.0,0.0,0.0,0.0,0.0,0.0,0.0,0.0,0.0,False,False
2010-07-23,0.0,0.0,0.0,0.0,0.0,0.0,0.0,0.0,0.0,0.0,0.0,0.0,0.0,0.0,0.0,0.0,0.0,0.0,0.0,0.0,0.0,0.0,0.0,0.0,0.0,0.0,0.0,0.0,0.0,0.0,False,False
2010-07-26,0.0,0.0,0.0,0.0,0.0,0.0,0.0,0.0,0.0,0.0,0.0,0.0,0.0,0.0,0.0,0.0,0.0,0.0,0.0,0.0,0.0,0.0,0.0,0.0,0.0,0.0,0.0,0.0,0.0,0.0,False,False
2010-07-27,0.0,0.0,0.0,0.0,0.0,0.0,0.0,0.0,0.0,0.0,0.0,0.0,0.0,0.0,0.0,0.0,0.0,0.0,0.0,0.0,0.0,0.0,0.0,0.0,0.0,0.0,0.0,0.0,0.0,0.0,False,False
2010-07-28,0.0,0.0,0.0,0.0,0.0,0.0,0.0,0.0,0.0,0.0,0.0,0.0,0.0,0.0,0.0,0.0,0.0,0.0,0.0,0.0,0.0,0.0,0.0,0.0,0.0,0.0,0.0,0.0,0.0,0.0,False,False
2010-07-29,0.0,0.0,0.0,0.0,0.0,0.0,0.0,0.0,0.0,0.0,0.0,0.0,0.0,0.0,0.0,0.0,0.0,0.0,0.0,0.0,0.0,0.0,0.0,0.0,0.0,0.0,0.0,0.0,0.0,0.0,False,False
2010-07-30,0.0,0.0,0.0,0.0,0.0,0.0,0.0,0.0,0.0,0.0,0.0,0.0,0.0,0.0,0.0,0.0,0.0,0.0,0.0,0.0,0.0,0.0,0.0,0.0,0.0,0.0,0.0,0.0,0.0,0.0,False,False
2010-08-02,0.0,0.0,0.0,0.0,0.0,0.0,0.0,0.0,0.0,0.0,0.0,0.0,0.0,0.0,0.0,0.0,0.0,0.0,0.0,0.0,0.0,0.0,0.0,0.0,0.0,0.0,0.0,0.0,0.0,0.0,False,False
2010-08-03,0.0,0.0,0.0,0.0,0.0,0.0,0.0,0.0,0.0,0.0,0.0,0.0,0.0,0.0,0.0,0.0,0.0,0.0,0.0,0.0,0.0,0.0,0.0,0.0,0.0,0.0,0.0,0.0,0.0,0.0,False,False
2010-08-04,0.0,0.0,0.0,0.0,0.0,0.0,0.0,0.0,0.0,0.0,0.0,0.0,0.0,0.0,0.0,0.0,0.0,0.0,0.0,0.0,0.0,0.0,0.0,0.0,0.0,0.0,0.0,0.0,0.0,0.0,False,False
2010-08-05,0.0,0.0,0.0,0.0,0.0,0.0,0.0,0.0,0.0,0.0,0.0,0.0,0.0,0.0,0.0,0.0,0.0,0.0,0.0,0.0,0.0,0.0,0.0,0.0,0.0,0.0,0.0,0.0,0.0,0.0,False,False
2010-08-06,0.0,0.0,0.0,0.0,0.0,0.0,0.0,0.0,0.0,0.0,0.0,0.0,0.0,0.0,0.0,0.0,0.0,0.0,0.0,0.0,0.0,0.0,0.0,0.0,0.0,0.0,0.0,0.0,0.0,0.0,False,False
2010-08-09,0.0,0.0,0.0,0.0,0.0,0.0,0.0,0.0,0.0,0.0,0.0,0.0,0.0,0.0,0.0,0.0,0.0,0.0,0.0,0.0,0.0,0.0,0.0,0.0,0.0,0.0,0.0,0.0,0.0,0.0,False,False
2010-08-10,0.0,0.0,0.0,0.0,0.0,0.0,0.0,0.0,0.0,0.0,0.0,0.0,0.0,0.0,0.0,0.0,0.0,0.0,0.0,0.0,0.0,0.0,0.0,0.0,0.0,0.0,0.0,0.0,0.0,0.0,False,False
2010-08-11,0.0,0.0,0.0,0.0,0.0,0.0,0.0,0.0,0.0,0.0,0.0,0.0,0.0,0.0,0.0,0.0,0.0,0.0,0.0,0.0,0.0,0.0,0.0,0.0,0.0,0.0,0.0,0.0,0.0,0.0,False,False
2010-08-12,0.0,0.0,0.0,0.0,0.0,0.0,0.0,0.0,0.0,0.0,0.0,0.0,0.0,0.0,0.0,0.0,0.0,0.0,0.0,0.0,0.0,0.0,0.0,0.0,0.0,0.0,0.0,0.0,0.0,0.0,False,False
2010-08-13,0.0,0.0,0.0,0.0,0.0,0.0,0.0,0.0,0.0,0.0,0.0,0.0,0.0,0.0,0.0,0.0,0.0,0.0,0.0,0.0,0.0,0.0,0.0,0.0,0.0,0.0,0.0,0.0,0.0,0.0,False,False
2010-08-16,0.0,0.0,0.0,0.0,0.0,0.0,0.0,0.0,0.0,0.0,0.0,0.0,0.0,0.0,0.0,0.0,0.0,0.0,0.0,0.0,0.0,0.0,0.0,0.0,0.0,0.0,0.0,0.0,0.0,0.0,False,False
2010-08-17,0.0,0.0,0.0,0.0,0.0,0.0,0.0,0.0,0.0,0.0,0.0,0.0,0.0,0.0,0.0,0.0,0.0,0.0,0.0,0.0,0.0,0.0,0.0,0.0,0.0,0.0,0.0,0.0,0.0,0.0,False,False
2010-08-18,0.0,0.0,0.0,0.0,0.0,0.0,0.0,0.0,0.0,0.0,0.0,0.0,0.0,0.0,0.0,0.0,0.0,0.0,0.0,0.0,0.0,0.0,0.0,0.0,0.0,0.0,0.0,0.0,0.0,0.0,False,False
2010-08-19,0.0,0.0,0.0,0.0,0.0,0.0,0.0,0.0,0.0,0.0,0.0,0.0,0.0,0.0,0.0,0.0,0.0,0.0,0.0,0.0,0.0,0.0,0.0,0.0,0.0,0.0,0.0,0.0,0.0,0.0,False,False
2010-08-20,0.0,0.0,0.0,0.0,0.0,0.0,0.0,0.0,0.0,0.0,0.0,0.0,0.0,0.0,0.0,0.0,0.0,0.0,0.0,0.0,0.0,0.0,0.0,0.0,0.0,0.0,0.0,0.0,0.0,0.0,False,False
2010-08-23,0.0,0.0,0.0,0.0,0.0,0.0,0.0,0.0,0.0,0.0,0.0,0.0,0.0,0.0,0.0,0.0,0.0,0.0,0.0,0.0,0.0,0.0,0.0,0.0,0.0,0.0,0.0,0.0,0.0,0.0,False,False
2010-08-24,0.0,0.0,0.0,0.0,0.0,0.0,0.0,0.0,0.0,0.0,0.0,0.0,0.0,0.0,0.0,0.0,0.0,0.0,0.0,0.0,0.0,0.0,0.0,0.0,0.0,0.0,0.0,0.0,0.0,0.0,False,False
2010-08-25,0.0,0.0,0.0,0.0,0.0,0.0,0.0,0.0,0.0,0.0,0.0,0.0,0.0,0.0,0.0,0.0,0.0,0.0,0.0,0.0,0.0,0.0,0.0,0.0,0.0,0.0,0.0,0.0,0.0,0.0,False,False
2010-08-26,0.0,0.0,0.0,0.0,0.0,0.0,0.0,0.0,0.0,0.0,0.0,0.0,0.0,0.0,0.0,0.0,0.0,0.0,0.0,0.0,0.0,0.0,0.0,0.0,0.0,0.0,0.0,0.0,0.0,0.0,False,False
2010-08-27,0.0,0.0,0.0,0.0,0.0,0.0,0.0,0.0,0.0,0.0,0.0,0.0,0.0,0.0,0.0,0.0,0.0,0.0,0.0,0.0,0.0,0.0,0.0,0.0,0.0,0.0,0.0,0.0,0.0,0.0,False,False
2010-08-30,0.0,0.0,0.0,0.0,0.0,0.0,0.0,0.0,0.0,0.0,0.0,0.0,0.0,0.0,0.0,0.0,0.0,0.0,0.0,0.0,0.0,0.0,0.0,0.0,0.0,0.0,0.0,0.0,0.0,0.0,False,False
2010-08-31,0.0,0.0,0.0,0.0,0.0,0.0,0.0,0.0,0.0,0.0,0.0,0.0,0.0,0.0,0.0,0.0,0.0,0.0,0.0,0.0,0.0,0.0,0.0,0.0,0.0,0.0,0.0,0.0,0.0,0.0,False,False
2010-09-01,0.0,0.0,0.0,0.0,0.0,0.0,0.0,0.0,0.0,0.0,0.0,0.0,0.0,0.0,0.0,0.0,0.0,0.0,0.0,0.0,0.0,0.0,0.0,0.0,0.0,0.0,0.0,0.0,0.0,0.0,False,False
2010-09-02,0.0,0.0,0.0,0.0,0.0,0.0,0.0,0.0,0.0,0.0,0.0,0.0,0.0,0.0,0.0,0.0,0.0,0.0,0.0,0.0,0.0,0.0,0.0,0.0,0.0,0.0,0.0,0.0,0.0,0.0,False,False
2010-09-03,0.0,0.0,0.0,0.0,0.0,0.0,0.0,0.0,0.0,0.0,0.0,0.0,0.0,0.0,0.0,0.0,0.0,0.0,0.0,0.0,0.0,0.0,0.0,0.0,0.0,0.0,0.0,0.0,0.0,0.0,False,False
2010-09-07,0.0,0.0,0.0,0.0,0.0,0.0,0.0,0.0,0.0,0.0,0.0,0.0,0.0,0.0,0.0,0.0,0.0,0.0,0.0,0.0,0.0,0.0,0.0,0.0,0.0,0.0,0.0,0.0,0.0,0.0,False,False
2010-09-08,0.0,0.0,0.0,0.0,0.0,0.0,0.0,0.0,0.0,0.0,0.0,0.0,0.0,0.0,0.0,0.0,0.0,0.0,0.0,0.0,0.0,0.0,0.0,0.0,0.0,0.0,0.0,0.0,0.0,0.0,False,False
2010-09-09,0.0,0.0,0.0,0.0,0.0,0.0,0.0,0.0,0.0,0.0,0.0,0.0,0.0,0.0,0.0,0.0,0.0,0.0,0.0,0.0,0.0,0.0,0.0,0.0,0.0,0.0,0.0,0.0,0.0,0.0,False,False
2010-09-10,0.0,0.0,0.0,0.0,0.0,0.0,0.0,0.0,0.0,0.0,0.0,0.0,0.0,0.0,0.0,0.0,0.0,0.0,0.0,0.0,0.0,0.0,0.0,0.0,0.0,0.0,0.0,0.0,0.0,0.0,False,False
2010-09-13,0.0,0.0,0.0,0.0,0.0,0.0,0.0,0.0,0.0,0.0,0.0,0.0,0.0,0.0,0.0,0.0,0.0,0.0,0.0,0.0,0.0,0.0,0.0,0.0,0.0,0.0,0.0,0.0,0.0,0.0,False,False
2010-09-14,0.0,0.0,0.0,0.0,0.0,0.0,0.0,0.0,0.0,0.0,0.0,0.0,0.0,0.0,0.0,0.0,0.0,0.0,0.0,0.0,0.0,0.0,0.0,0.0,0.0,0.0,0.0,0.0,0.0,0.0,False,False
2010-09-15,0.0,0.0,0.0,0.0,0.0,0.0,0.0,0.0,0.0,0.0,0.0,0.0,0.0,0.0,0.0,0.0,0.0,0.0,0.0,0.0,0.0,0.0,0.0,0.0,0.0,0.0,0.0,0.0,0.0,0.0,False,False
2010-09-16,0.0,0.0,0.0,0.0,0.0,0.0,0.0,0.0,0.0,0.0,0.0,0.0,0.0,0.0,0.0,0.0,0.0,0.0,0.0,0.0,0.0,0.0,0.0,0.0,0.0,0.0,0.0,0.0,0.0,0.0,False,False
2010-09-17,0.0,0.0,0.0,0.0,0.0,0.0,0.0,0.0,0.0,0.0,0.0,0.0,0.0,0.0,0.0,0.0,0.0,0.0,0.0,0.0,0.0,0.0,0.0,0.0,0.0,0.0,0.0,0.0,0.0,0.0,False,False
2010-09-20,0.0,0.0,0.0,0.0,0.0,0.0,0.0,0.0,0.0,0.0,0.0,0.0,0.0,0.0,0.0,0.0,0.0,0.0,0.0,0.0,0.0,0.0,0.0,0.0,0.0,0.0,0.0,0.0,0.0,0.0,False,False
2010-09-21,0.0,0.0,0.0,0.0,0.0,0.0,0.0,0.0,0.0,0.0,0.0,0.0,0.0,0.0,0.0,0.0,0.0,0.0,0.0,0.0,0.0,0.0,0.0,0.0,0.0,0.0,0.0,0.0,0.0,0.0,False,False
2010-09-22,0.0,0.0,0.0,0.0,0.0,0.0,0.0,0.0,0.0,0.0,0.0,0.0,0.0,0.0,0.0,0.0,0.0,0.0,0.0,0.0,0.0,0.0,0.0,0.0,0.0,0.0,0.0,0.0,0.0,0.0,False,False
2010-09-23,0.0,0.0,0.0,0.0,0.0,0.0,0.0,0.0,0.0,0.0,0.0,0.0,0.0,0.0,0.0,0.0,0.0,0.0,0.0,0.0,0.0,0.0,0.0,0.0,0.0,0.0,0.0,0.0,0.0,0.0,False,False
2010-09-24,0.0,0.0,0.0,0.0,0.0,0.0,0.0,0.0,0.0,0.0,0.0,0.0,0.0,0.0,0.0,0.0,0.0,0.0,0.0,0.0,0.0,0.0,0.0,0.0,0.0,0.0,0.0,0.0,0.0,0.0,False,False
2010-09-27,0.0,0.0,0.0,0.0,0.0,0.0,0.0,0.0,0.0,0.0,0.0,0.0,0.0,0.0,0.0,0.0,0.0,0.0,0.0,0.0,0.0,0.0,0.0,0.0,0.0,0.0,0.0,0.0,0.0,0.0,False,False
2010-09-28,0.0,0.0,0.0,0.0,0.0,0.0,0.0,0.0,0.0,0.0,0.0,0.0,0.0,0.0,0.0,0.0,0.0,0.0,0.0,0.0,0.0,0.0,0.0,0.0,0.0,0.0,0.0,0.0,0.0,0.0,False,False
2010-09-29,0.0,0.0,0.0,0.0,0.0,0.0,0.0,0.0,0.0,0.0,0.0,0.0,0.0,0.0,0.0,0.0,0.0,0.0,0.0,0.0,0.0,0.0,0.0,0.0,0.0,0.0,0.0,0.0,0.0,0.0,False,False
2010-09-30,0.0,0.0,0.0,0.0,0.0,0.0,0.0,0.0,0.0,0.0,0.0,0.0,0.0,0.0,0.0,0.0,0.0,0.0,0.0,0.0,0.0,0.0,0.0,0.0,0.0,0.0,0.0,0.0,0.0,0.0,False,False
2010-10-01,0.0,0.0,0.0,0.0,0.0,0.0,0.0,0.0,0.0,0.0,0.0,0.0,0.0,0.0,0.0,0.0,0.0,0.0,0.0,0.0,0.0,0.0,0.0,0.0,0.0,0.0,0.0,0.0,0.0,0.0,False,False
2010-10-04,0.0,0.0,0.0,0.0,0.0,0.0,0.0,0.0,0.0,0.0,0.0,0.0,0.0,0.0,0.0,0.0,0.0,0.0,0.0,0.0,0.0,0.0,0.0,0.0,0.0,0.0,0.0,0.0,0.0,0.0,False,False
2010-10-05,0.0,0.0,0.0,0.0,0.0,0.0,0.0,0.0,0.0,0.0,0.0,0.0,0.0,0.0,0.0,0.0,0.0,0.0,0.0,0.0,0.0,0.0,0.0,0.0,0.0,0.0,0.0,0.0,0.0,0.0,False,False
2010-10-06,0.0,0.0,0.0,0.0,0.0,0.0,0.0,0.0,0.0,0.0,0.0,0.0,0.0,0.0,0.0,0.0,0.0,0.0,0.0,0.0,0.0,0.0,0.0,0.0,0.0,0.0,0.0,0.0,0.0,0.0,False,False
2010-10-07,0.0,0.0,0.0,0.0,0.0,0.0,0.0,0.0,0.0,0.0,0.0,0.0,0.0,0.0,0.0,0.0,0.0,0.0,0.0,0.0,0.0,0.0,0.0,0.0,0.0,0.0,0.0,0.0,0.0,0.0,False,False
2010-10-08,0.0,0.0,0.0,0.0,0.0,0.0,0.0,0.0,0.0,0.0,0.0,0.0,0.0,0.0,0.0,0.0,0.0,0.0,0.0,0.0,0.0,0.0,0.0,0.0,0.0,0.0,0.0,0.0,0.0,0.0,False,False
2010-10-11,0.0,0.0,0.0,0.0,0.0,0.0,0.0,0.0,0.0,0.0,0.0,0.0,0.0,0.0,0.0,0.0,0.0,0.0,0.0,0.0,0.0,0.0,0.0,0.0,0.0,0.0,0.0,0.0,0.0,0.0,False,False
2010-10-12,0.0,0.0,0.0,0.0,0.0,0.0,0.0,0.0,0.0,0.0,0.0,0.0,0.0,0.0,0.0,0.0,0.0,0.0,0.0,0.0,0.0,0.0,0.0,0.0,0.0,0.0,0.0,0.0,0.0,0.0,False,False
2010-10-13,0.0,0.0,0.0,0.0,0.0,0.0,0.0,0.0,0.0,0.0,0.0,0.0,0.0,0.0,0.0,0.0,0.0,0.0,0.0,0.0,0.0,0.0,0.0,0.0,0.0,0.0,0.0,0.0,0.0,0.0,False,False
2010-10-14,0.0,0.0,0.0,0.0,0.0,0.0,0.0,0.0,0.0,0.0,0.0,0.0,0.0,0.0,0.0,0.0,0.0,0.0,0.0,0.0,0.0,0.0,0.0,0.0,0.0,0.0,0.0,0.0,0.0,0.0,False,False
2010-10-15,0.0,0.0,0.0,0.0,0.0,0.0,0.0,0.0,0.0,0.0,0.0,0.0,0.0,0.0,0.0,0.0,0.0,0.0,0.0,0.0,0.0,0.0,0.0,0.0,0.0,0.0,0.0,0.0,0.0,0.0,False,False
2010-10-18,0.0,0.0,0.0,0.0,0.0,0.0,0.0,0.0,0.0,0.0,0.0,0.0,0.0,0.0,0.0,0.0,0.0,0.0,0.0,0.0,0.0,0.0,0.0,0.0,0.0,0.0,0.0,0.0,0.0,0.0,False,False
2010-10-19,0.0,0.0,0.0,0.0,0.0,0.0,0.0,0.0,0.0,0.0,0.0,0.0,0.0,0.0,0.0,0.0,0.0,0.0,0.0,0.0,0.0,0.0,0.0,0.0,0.0,0.0,0.0,0.0,0.0,0.0,False,False
2010-10-20,0.0,0.0,0.0,0.0,0.0,0.0,0.0,0.0,0.0,0.0,0.0,0.0,0.0,0.0,0.0,0.0,0.0,0.0,0.0,0.0,0.0,0.0,0.0,0.0,0.0,0.0,0.0,0.0,0.0,0.0,False,False
2010-10-21,0.0,0.0,0.0,0.0,0.0,0.0,0.0,0.0,0.0,0.0,0.0,0.0,0.0,0.0,0.0,0.0,0.0,0.0,0.0,0.0,0.0,0.0,0.0,0.0,0.0,0.0,0.0,0.0,0.0,0.0,False,False
2010-10-22,0.0,0.0,0.0,0.0,0.0,0.0,0.0,0.0,0.0,0.0,0.0,0.0,0.0,0.0,0.0,0.0,0.0,0.0,0.0,0.0,0.0,0.0,0.0,0.0,0.0,0.0,0.0,0.0,0.0,0.0,False,False
2010-10-25,0.0,0.0,0.0,0.0,0.0,0.0,0.0,0.0,0.0,0.0,0.0,0.0,0.0,0.0,0.0,0.0,0.0,0.0,0.0,0.0,0.0,0.0,0.0,0.0,0.0,0.0,0.0,0.0,0.0,0.0,False,False
2010-10-26,0.0,0.0,0.0,0.0,0.0,0.0,0.0,0.0,0.0,0.0,0.0,0.0,0.0,0.0,0.0,0.0,0.0,0.0,0.0,0.0,0.0,0.0,0.0,0.0,0.0,0.0,0.0,0.0,0.0,0.0,False,False
2010-10-27,0.0,0.0,0.0,0.0,0.0,0.0,0.0,0.0,0.0,0.0,0.0,0.0,0.0,0.0,0.0,0.0,0.0,0.0,0.0,0.0,0.0,0.0,0.0,0.0,0.0,0.0,0.0,0.0,0.0,0.0,False,False
2010-10-28,0.0,0.0,0.0,0.0,0.0,0.0,0.0,0.0,0.0,0.0,0.0,0.0,0.0,0.0,0.0,0.0,0.0,0.0,0.0,0.0,0.0,0.0,0.0,0.0,0.0,0.0,0.0,0.0,0.0,0.0,False,False
2010-10-29,0.0,0.0,0.0,0.0,0.0,0.0,0.0,0.0,0.0,0.0,0.0,0.0,0.0,0.0,0.0,0.0,0.0,0.0,0.0,0.0,0.0,0.0,0.0,0.0,0.0,0.0,0.0,0.0,0.0,0.0,False,False
2010-11-01,0.0,0.0,0.0,0.0,0.0,0.0,0.0,0.0,0.0,0.0,0.0,0.0,0.0,0.0,0.0,0.0,0.0,0.0,0.0,0.0,0.0,0.0,0.0,0.0,0.0,0.0,0.0,0.0,0.0,0.0,False,False
2010-11-02,0.0,0.0,0.0,0.0,0.0,0.0,0.0,0.0,0.0,0.0,0.0,0.0,0.0,0.0,0.0,0.0,0.0,0.0,0.0,0.0,0.0,0.0,0.0,0.0,0.0,0.0,0.0,0.0,0.0,0.0,False,False
2010-11-03,0.0,0.0,0.0,0.0,0.0,0.0,0.0,0.0,0.0,0.0,0.0,0.0,0.0,0.0,0.0,0.0,0.0,0.0,0.0,0.0,0.0,0.0,0.0,0.0,0.0,0.0,0.0,0.0,0.0,0.0,False,False
2010-11-04,0.0,0.0,0.0,0.0,0.0,0.0,0.0,0.0,0.0,0.0,0.0,0.0,0.0,0.0,0.0,0.0,0.0,0.0,0.0,0.0,0.0,0.0,0.0,0.0,0.0,0.0,0.0,0.0,0.0,0.0,False,False
2010-11-05,0.0,0.0,0.0,0.0,0.0,0.0,0.0,0.0,0.0,0.0,0.0,0.0,0.0,0.0,0.0,0.0,0.0,0.0,0.0,0.0,0.0,0.0,0.0,0.0,0.0,0.0,0.0,0.0,0.0,0.0,False,False
2010-11-08,0.0,0.0,0.0,0.0,0.0,0.0,0.0,0.0,0.0,0.0,0.0,0.0,0.0,0.0,0.0,0.0,0.0,0.0,0.0,0.0,0.0,0.0,0.0,0.0,0.0,0.0,0.0,0.0,0.0,0.0,False,False
2010-11-09,0.0,0.0,0.0,0.0,0.0,0.0,0.0,0.0,0.0,0.0,0.0,0.0,0.0,0.0,0.0,0.0,0.0,0.0,0.0,0.0,0.0,0.0,0.0,0.0,0.0,0.0,0.0,0.0,0.0,0.0,False,False
2010-11-10,0.0,0.0,0.0,0.0,0.0,0.0,0.0,0.0,0.0,0.0,0.0,0.0,0.0,0.0,0.0,0.0,0.0,0.0,0.0,0.0,0.0,0.0,0.0,0.0,0.0,0.0,0.0,0.0,0.0,0.0,False,False
2010-11-11,0.0,0.0,0.0,0.0,0.0,0.0,0.0,0.0,0.0,0.0,0.0,0.0,0.0,0.0,0.0,0.0,0.0,0.0,0.0,0.0,0.0,0.0,0.0,0.0,0.0,0.0,0.0,0.0,0.0,0.0,False,False
2010-11-12,0.0,0.0,0.0,0.0,0.0,0.0,0.0,0.0,0.0,0.0,0.0,0.0,0.0,0.0,0.0,0.0,0.0,0.0,0.0,0.0,0.0,0.0,0.0,0.0,0.0,0.0,0.0,0.0,0.0,0.0,False,False
2010-11-15,0.0,0.0,0.0,0.0,0.0,0.0,0.0,0.0,0.0,0.0,0.0,0.0,0.0,0.0,0.0,0.0,0.0,0.0,0.0,0.0,0.0,0.0,0.0,0.0,0.0,0.0,0.0,0.0,0.0,0.0,False,False
2010-11-16,0.0,0.0,0.0,0.0,0.0,0.0,0.0,0.0,0.0,0.0,0.0,0.0,0.0,0.0,0.0,0.0,0.0,0.0,0.0,0.0,0.0,0.0,0.0,0.0,0.0,0.0,0.0,0.0,0.0,0.0,False,False
2010-11-17,0.0,0.0,0.0,0.0,0.0,0.0,0.0,0.0,0.0,0.0,0.0,0.0,0.0,0.0,0.0,0.0,0.0,0.0,0.0,0.0,0.0,0.0,0.0,0.0,0.0,0.0,0.0,0.0,0.0,0.0,False,False
2010-11-18,0.0,0.0,0.0,0.0,0.0,0.0,0.0,0.0,0.0,0.0,0.0,0.0,0.0,0.0,0.0,0.0,0.0,0.0,0.0,0.0,0.0,0.0,0.0,0.0,0.0,0.0,0.0,0.0,0.0,0.0,False,False
2010-11-19,0.0,0.0,0.0,0.0,0.0,0.0,0.0,0.0,0.0,0.0,0.0,0.0,0.0,0.0,0.0,0.0,0.0,0.0,0.0,0.0,0.0,0.0,0.0,0.0,0.0,0.0,0.0,0.0,0.0,0.0,False,False
2010-11-22,0.0,0.0,0.0,0.0,0.0,0.0,0.0,0.0,0.0,0.0,0.0,0.0,0.0,0.0,0.0,0.0,0.0,0.0,0.0,0.0,0.0,0.0,0.0,0.0,0.0,0.0,0.0,0.0,0.0,0.0,False,False
2010-11-23,0.0,0.0,0.0,0.0,0.0,0.0,0.0,0.0,0.0,0.0,0.0,0.0,0.0,0.0,0.0,0.0,0.0,0.0,0.0,0.0,0.0,0.0,0.0,0.0,0.0,0.0,0.0,0.0,0.0,0.0,False,False
2010-11-24,0.0,0.0,0.0,0.0,0.0,0.0,0.0,0.0,0.0,0.0,0.0,0.0,0.0,0.0,0.0,0.0,0.0,0.0,0.0,0.0,0.0,0.0,0.0,0.0,0.0,0.0,0.0,0.0,0.0,0.0,False,False
2010-11-26,0.0,0.0,0.0,0.0,0.0,0.0,0.0,0.0,0.0,0.0,0.0,0.0,0.0,0.0,0.0,0.0,0.0,0.0,0.0,0.0,0.0,0.0,0.0,0.0,0.0,0.0,0.0,0.0,0.0,0.0,False,False
2010-11-29,0.0,0.0,0.0,0.0,0.0,0.0,0.0,0.0,0.0,0.0,0.0,0.0,0.0,0.0,0.0,0.0,0.0,0.0,0.0,0.0,0.0,0.0,0.0,0.0,0.0,0.0,0.0,0.0,0.0,0.0,False,False
2010-11-30,0.0,0.0,0.0,0.0,0.0,0.0,0.0,0.0,0.0,0.0,0.0,0.0,0.0,0.0,0.0,0.0,0.0,0.0,0.0,0.0,0.0,0.0,0.0,0.0,0.0,0.0,0.0,0.0,0.0,0.0,False,False
2010-12-01,0.0,0.0,0.0,0.0,0.0,0.0,0.0,0.0,0.0,0.0,0.0,0.0,0.0,0.0,0.0,0.0,0.0,0.0,0.0,0.0,0.0,0.0,0.0,0.0,0.0,0.0,0.0,0.0,0.0,0.0,False,False
2010-12-02,0.0,0.0,0.0,0.0,0.0,0.0,0.0,0.0,0.0,0.0,0.0,0.0,0.0,0.0,0.0,0.0,0.0,0.0,0.0,0.0,0.0,0.0,0.0,0.0,0.0,0.0,0.0,0.0,0.0,0.0,False,False
2010-12-03,0.0,0.0,0.0,0.0,0.0,0.0,0.0,0.0,0.0,0.0,0.0,0.0,0.0,0.0,0.0,0.0,0.0,0.0,0.0,0.0,0.0,0.0,0.0,0.0,0.0,0.0,0.0,0.0,0.0,0.0,False,False
2010-12-06,0.0,0.0,0.0,0.0,0.0,0.0,0.0,0.0,0.0,0.0,0.0,0.0,0.0,0.0,0.0,0.0,0.0,0.0,0.0,0.0,0.0,0.0,0.0,0.0,0.0,0.0,0.0,0.0,0.0,0.0,False,False
2010-12-07,0.0,0.0,0.0,0.0,0.0,0.0,0.0,0.0,0.0,0.0,0.0,0.0,0.0,0.0,0.0,0.0,0.0,0.0,0.0,0.0,0.0,0.0,0.0,0.0,0.0,0.0,0.0,0.0,0.0,0.0,False,False
2010-12-08,0.0,0.0,0.0,0.0,0.0,0.0,0.0,0.0,0.0,0.0,0.0,0.0,0.0,0.0,0.0,0.0,0.0,0.0,0.0,0.0,0.0,0.0,0.0,0.0,0.0,0.0,0.0,0.0,0.0,0.0,False,False
2010-12-09,0.0,0.0,0.0,0.0,0.0,0.0,0.0,0.0,0.0,0.0,0.0,0.0,0.0,0.0,0.0,0.0,0.0,0.0,0.0,0.0,0.0,0.0,0.0,0.0,0.0,0.0,0.0,0.0,0.0,0.0,False,False
2010-12-10,0.0,0.0,0.0,0.0,0.0,0.0,0.0,0.0,0.0,0.0,0.0,0.0,0.0,0.0,0.0,0.0,0.0,0.0,0.0,0.0,0.0,0.0,0.0,0.0,0.0,0.0,0.0,0.0,0.0,0.0,False,False
2010-12-13,0.0,0.0,0.0,0.0,0.0,0.0,0.0,0.0,0.0,0.0,0.0,0.0,0.0,0.0,0.0,0.0,0.0,0.0,0.0,0.0,0.0,0.0,0.0,0.0,0.0,0.0,0.0,0.0,0.0,0.0,False,False
2010-12-14,0.0,0.0,0.0,0.0,0.0,0.0,0.0,0.0,0.0,0.0,0.0,0.0,0.0,0.0,0.0,0.0,0.0,0.0,0.0,0.0,0.0,0.0,0.0,0.0,0.0,0.0,0.0,0.0,0.0,0.0,False,False
2010-12-15,0.0,0.0,0.0,0.0,0.0,0.0,0.0,0.0,0.0,0.0,0.0,0.0,0.0,0.0,0.0,0.0,0.0,0.0,0.0,0.0,0.0,0.0,0.0,0.0,0.0,0.0,0.0,0.0,0.0,0.0,False,False
2010-12-16,0.0,0.0,0.0,0.0,0.0,0.0,0.0,0.0,0.0,0.0,0.0,0.0,0.0,0.0,0.0,0.0,0.0,0.0,0.0,0.0,0.0,0.0,0.0,0.0,0.0,0.0,0.0,0.0,0.0,0.0,False,False
2010-12-17,0.0,0.0,0.0,0.0,0.0,0.0,0.0,0.0,0.0,0.0,0.0,0.0,0.0,0.0,0.0,0.0,0.0,0.0,0.0,0.0,0.0,0.0,0.0,0.0,0.0,0.0,0.0,0.0,0.0,0.0,False,False
2010-12-20,0.0,0.0,0.0,0.0,0.0,0.0,0.0,0.0,0.0,0.0,0.0,0.0,0.0,0.0,0.0,0.0,0.0,0.0,0.0,0.0,0.0,0.0,0.0,0.0,0.0,0.0,0.0,0.0,0.0,0.0,False,False
2010-12-21,0.0,0.0,0.0,0.0,0.0,0.0,0.0,0.0,0.0,0.0,0.0,0.0,0.0,0.0,0.0,0.0,0.0,0.0,0.0,0.0,0.0,0.0,0.0,0.0,0.0,0.0,0.0,0.0,0.0,0.0,False,False
2010-12-22,0.0,0.0,0.0,0.0,0.0,0.0,0.0,0.0,0.0,0.0,0.0,0.0,0.0,0.0,0.0,0.0,0.0,0.0,0.0,0.0,0.0,0.0,0.0,0.0,0.0,0.0,0.0,0.0,0.0,0.0,False,False
2010-12-23,0.0,0.0,0.0,0.0,0.0,0.0,0.0,0.0,0.0,0.0,0.0,0.0,0.0,0.0,0.0,0.0,0.0,0.0,0.0,0.0,0.0,0.0,0.0,0.0,0.0,0.0,0.0,0.0,0.0,0.0,False,False
2010-12-27,0.0,0.0,0.0,0.0,0.0,0.0,0.0,0.0,0.0,0.0,0.0,0.0,0.0,0.0,0.0,0.0,0.0,0.0,0.0,0.0,0.0,0.0,0.0,0.0,0.0,0.0,0.0,0.0,0.0,0.0,False,False
2010-12-28,0.0,0.0,0.0,0.0,0.0,0.0,0.0,0.0,0.0,0.0,0.0,0.0,0.0,0.0,0.0,0.0,0.0,0.0,0.0,0.0,0.0,0.0,0.0,0.0,0.0,0.0,0.0,0.0,0.0,0.0,False,False
2010-12-29,0.0,0.0,0.0,0.0,0.0,0.0,0.0,0.0,0.0,0.0,0.0,0.0,0.0,0.0,0.0,0.0,0.0,0.0,0.0,0.0,0.0,0.0,0.0,0.0,0.0,0.0,0.0,0.0,0.0,0.0,False,False
2010-12-30,0.0,0.0,0.0,0.0,0.0,0.0,0.0,0.0,0.0,0.0,0.0,0.0,0.0,0.0,0.0,0.0,0.0,0.0,0.0,0.0,0.0,0.0,0.0,0.0,0.0,0.0,0.0,0.0,0.0,0.0,False,False
2010-12-31,0.0,0.0,0.0,0.0,0.0,0.0,0.0,0.0,0.0,0.0,0.0,0.0,0.0,0.0,0.0,0.0,0.0,0.0,0.0,0.0,0.0,0.0,0.0,0.0,0.0,0.0,0.0,0.0,0.0,0.0,False,False
2011-01-03,0.0,0.0,0.0,0.0,0.0,0.0,0.0,0.0,0.0,0.0,0.0,0.0,0.0,0.0,0.0,0.0,0.0,0.0,0.0,0.0,0.0,0.0,0.0,0.0,0.0,0.0,0.0,0.0,0.0,0.0,False,False
2011-01-04,0.0,0.0,0.0,0.0,0.0,0.0,0.0,0.0,0.0,0.0,0.0,0.0,0.0,0.0,0.0,0.0,0.0,0.0,0.0,0.0,0.0,0.0,0.0,0.0,0.0,0.0,0.0,0.0,0.0,0.0,False,False
2011-01-05,0.0,0.0,0.0,0.0,0.0,0.0,0.0,0.0,0.0,0.0,0.0,0.0,0.0,0.0,0.0,0.0,0.0,0.0,0.0,0.0,0.0,0.0,0.0,0.0,0.0,0.0,0.0,0.0,0.0,0.0,False,False
2011-01-06,0.0,0.0,0.0,0.0,0.0,0.0,0.0,0.0,0.0,0.0,0.0,0.0,0.0,0.0,0.0,0.0,0.0,0.0,0.0,0.0,0.0,0.0,0.0,0.0,0.0,0.0,0.0,0.0,0.0,0.0,False,False
2011-01-07,0.0,0.0,0.0,0.0,0.0,0.0,0.0,0.0,0.0,0.0,0.0,0.0,0.0,0.0,0.0,0.0,0.0,0.0,0.0,0.0,0.0,0.0,0.0,0.0,0.0,0.0,0.0,0.0,0.0,0.0,False,False
2011-01-10,0.0,0.0,0.0,0.0,0.0,0.0,0.0,0.0,0.0,0.0,0.0,0.0,0.0,0.0,0.0,0.0,0.0,0.0,0.0,0.0,0.0,0.0,0.0,0.0,0.0,0.0,0.0,0.0,0.0,0.0,False,False
2011-01-11,0.0,0.0,0.0,0.0,0.0,0.0,0.0,0.0,0.0,0.0,0.0,0.0,0.0,0.0,0.0,0.0,0.0,0.0,0.0,0.0,0.0,0.0,0.0,0.0,0.0,0.0,0.0,0.0,0.0,0.0,False,False
2011-01-12,0.0,0.0,0.0,0.0,0.0,0.0,0.0,0.0,0.0,0.0,0.0,0.0,0.0,0.0,0.0,0.0,0.0,0.0,0.0,0.0,0.0,0.0,0.0,0.0,0.0,0.0,0.0,0.0,0.0,0.0,False,False
2011-01-13,0.0,0.0,0.0,0.0,0.0,0.0,0.0,0.0,0.0,0.0,0.0,0.0,0.0,0.0,0.0,0.0,0.0,0.0,0.0,0.0,0.0,0.0,0.0,0.0,0.0,0.0,0.0,0.0,0.0,0.0,False,False
2011-01-14,0.0,0.0,0.0,0.0,0.0,0.0,0.0,0.0,0.0,0.0,0.0,0.0,0.0,0.0,0.0,0.0,0.0,0.0,0.0,0.0,0.0,0.0,0.0,0.0,0.0,0.0,0.0,0.0,0.0,0.0,False,False
2011-01-18,0.0,0.0,0.0,0.0,0.0,0.0,0.0,0.0,0.0,0.0,0.0,0.0,0.0,0.0,0.0,0.0,0.0,0.0,0.0,0.0,0.0,0.0,0.0,0.0,0.0,0.0,0.0,0.0,0.0,0.0,False,False
2011-01-19,0.0,0.0,0.0,0.0,0.0,0.0,0.0,0.0,0.0,0.0,0.0,0.0,0.0,0.0,0.0,0.0,0.0,0.0,0.0,0.0,0.0,0.0,0.0,0.0,0.0,0.0,0.0,0.0,0.0,0.0,False,False
2011-01-20,0.0,0.0,0.0,0.0,0.0,0.0,0.0,0.0,0.0,0.0,0.0,0.0,0.0,0.0,0.0,0.0,0.0,0.0,0.0,0.0,0.0,0.0,0.0,0.0,0.0,0.0,0.0,0.0,0.0,0.0,False,False
2011-01-21,0.0,0.0,0.0,0.0,0.0,0.0,0.0,0.0,0.0,0.0,0.0,0.0,0.0,0.0,0.0,0.0,0.0,0.0,0.0,0.0,0.0,0.0,0.0,0.0,0.0,0.0,0.0,0.0,0.0,0.0,False,False
2011-01-24,0.0,0.0,0.0,0.0,0.0,0.0,0.0,0.0,0.0,0.0,0.0,0.0,0.0,0.0,0.0,0.0,0.0,0.0,0.0,0.0,0.0,0.0,0.0,0.0,0.0,0.0,0.0,0.0,0.0,0.0,False,False
2011-01-25,0.0,0.0,0.0,0.0,0.0,0.0,0.0,0.0,0.0,0.0,0.0,0.0,0.0,0.0,0.0,0.0,0.0,0.0,0.0,0.0,0.0,0.0,0.0,0.0,0.0,0.0,0.0,0.0,0.0,0.0,False,False
2011-01-26,0.0,0.0,0.0,0.0,0.0,0.0,0.0,0.0,0.0,0.0,0.0,0.0,0.0,0.0,0.0,0.0,0.0,0.0,0.0,0.0,0.0,0.0,0.0,0.0,0.0,0.0,0.0,0.0,0.0,0.0,False,False
2011-01-27,0.0,0.0,0.0,0.0,0.0,0.0,0.0,0.0,0.0,0.0,0.0,0.0,0.0,0.0,0.0,0.0,0.0,0.0,0.0,0.0,0.0,0.0,0.0,0.0,0.0,0.0,0.0,0.0,0.0,0.0,False,False
2011-01-28,0.0,0.0,0.0,0.0,0.0,0.0,0.0,0.0,0.0,0.0,0.0,0.0,0.0,0.0,0.0,0.0,0.0,0.0,0.0,0.0,0.0,0.0,0.0,0.0,0.0,0.0,0.0,0.0,0.0,0.0,False,False
2011-01-31,0.0,0.0,0.0,0.0,0.0,0.0,0.0,0.0,0.0,0.0,0.0,0.0,0.0,0.0,0.0,0.0,0.0,0.0,0.0,0.0,0.0,0.0,0.0,0.0,0.0,0.0,0.0,0.0,0.0,0.0,False,False
2011-02-01,0.0,0.0,0.0,0.0,0.0,0.0,0.0,0.0,0.0,0.0,0.0,0.0,0.0,0.0,0.0,0.0,0.0,0.0,0.0,0.0,0.0,0.0,0.0,0.0,0.0,0.0,0.0,0.0,0.0,0.0,False,False
2011-02-02,0.0,0.0,0.0,0.0,0.0,0.0,0.0,0.0,0.0,0.0,0.0,0.0,0.0,0.0,0.0,0.0,0.0,0.0,0.0,0.0,0.0,0.0,0.0,0.0,0.0,0.0,0.0,0.0,0.0,0.0,False,False
2011-02-03,0.0,0.0,0.0,0.0,0.0,0.0,0.0,0.0,0.0,0.0,0.0,0.0,0.0,0.0,0.0,0.0,0.0,0.0,0.0,0.0,0.0,0.0,0.0,0.0,0.0,0.0,0.0,0.0,0.0,0.0,False,False
2011-02-04,0.0,0.0,0.0,0.0,0.0,0.0,0.0,0.0,0.0,0.0,0.0,0.0,0.0,0.0,0.0,0.0,0.0,0.0,0.0,0.0,0.0,0.0,0.0,0.0,0.0,0.0,0.0,0.0,0.0,0.0,False,False
2011-02-07,0.0,0.0,0.0,0.0,0.0,0.0,0.0,0.0,0.0,0.0,0.0,0.0,0.0,0.0,0.0,0.0,0.0,0.0,0.0,0.0,0.0,0.0,0.0,0.0,0.0,0.0,0.0,0.0,0.0,0.0,False,False
2011-02-08,0.0,0.0,0.0,0.0,0.0,0.0,0.0,0.0,0.0,0.0,0.0,0.0,0.0,0.0,0.0,0.0,0.0,0.0,0.0,0.0,0.0,0.0,0.0,0.0,0.0,0.0,0.0,0.0,0.0,0.0,False,False
2011-02-09,0.0,0.0,0.0,0.0,0.0,0.0,0.0,0.0,0.0,0.0,0.0,0.0,0.0,0.0,0.0,0.0,0.0,0.0,0.0,0.0,0.0,0.0,0.0,0.0,0.0,0.0,0.0,0.0,0.0,0.0,False,False
2011-02-10,0.0,0.0,0.0,0.0,0.0,0.0,0.0,0.0,0.0,0.0,0.0,0.0,0.0,0.0,0.0,0.0,0.0,0.0,0.0,0.0,0.0,0.0,0.0,0.0,0.0,0.0,0.0,0.0,0.0,0.0,False,False
2011-02-11,0.0,0.0,0.0,0.0,0.0,0.0,0.0,0.0,0.0,0.0,0.0,0.0,0.0,0.0,0.0,0.0,0.0,0.0,0.0,0.0,0.0,0.0,0.0,0.0,0.0,0.0,0.0,0.0,0.0,0.0,False,False
2011-02-14,0.0,0.0,0.0,0.0,0.0,0.0,0.0,0.0,0.0,0.0,0.0,0.0,0.0,0.0,0.0,0.0,0.0,0.0,0.0,0.0,0.0,0.0,0.0,0.0,0.0,0.0,0.0,0.0,0.0,0.0,False,False
2011-02-15,0.0,0.0,0.0,0.0,0.0,0.0,0.0,0.0,0.0,0.0,0.0,0.0,0.0,0.0,0.0,0.0,0.0,0.0,0.0,0.0,0.0,0.0,0.0,0.0,0.0,0.0,0.0,0.0,0.0,0.0,False,False
2011-02-16,0.0,0.0,0.0,0.0,0.0,0.0,0.0,0.0,0.0,0.0,0.0,0.0,0.0,0.0,0.0,0.0,0.0,0.0,0.0,0.0,0.0,0.0,0.0,0.0,0.0,0.0,0.0,0.0,0.0,0.0,False,False
2011-02-17,0.0,0.0,0.0,0.0,0.0,0.0,0.0,0.0,0.0,0.0,0.0,0.0,0.0,0.0,0.0,0.0,0.0,0.0,0.0,0.0,0.0,0.0,0.0,0.0,0.0,0.0,0.0,0.0,0.0,0.0,False,False
2011-02-18,0.0,0.0,0.0,0.0,0.0,0.0,0.0,0.0,0.0,0.0,0.0,0.0,0.0,0.0,0.0,0.0,0.0,0.0,0.0,0.0,0.0,0.0,0.0,0.0,0.0,0.0,0.0,0.0,0.0,0.0,False,False
2011-02-22,0.0,0.0,0.0,0.0,0.0,0.0,0.0,0.0,0.0,0.0,0.0,0.0,0.0,0.0,0.0,0.0,0.0,0.0,0.0,0.0,0.0,0.0,0.0,0.0,0.0,0.0,0.0,0.0,0.0,0.0,False,False
2011-02-23,0.0,0.0,0.0,0.0,0.0,0.0,0.0,0.0,0.0,0.0,0.0,0.0,0.0,0.0,0.0,0.0,0.0,0.0,0.0,0.0,0.0,0.0,0.0,0.0,0.0,0.0,0.0,0.0,0.0,0.0,False,False
2011-02-24,0.0,0.0,0.0,0.0,0.0,0.0,0.0,0.0,0.0,0.0,0.0,0.0,0.0,0.0,0.0,0.0,0.0,0.0,0.0,0.0,0.0,0.0,0.0,0.0,0.0,0.0,0.0,0.0,0.0,0.0,False,False
2011-02-25,0.0,0.0,0.0,0.0,0.0,0.0,0.0,0.0,0.0,0.0,0.0,0.0,0.0,0.0,0.0,0.0,0.0,0.0,0.0,0.0,0.0,0.0,0.0,0.0,0.0,0.0,0.0,0.0,0.0,0.0,False,False
2011-02-28,0.0,0.0,0.0,0.0,0.0,0.0,0.0,0.0,0.0,0.0,0.0,0.0,0.0,0.0,0.0,0.0,0.0,0.0,0.0,0.0,0.0,0.0,0.0,0.0,0.0,0.0,0.0,0.0,0.0,0.0,False,False
2011-03-01,0.0,0.0,0.0,0.0,0.0,0.0,0.0,0.0,0.0,0.0,0.0,0.0,0.0,0.0,0.0,0.0,0.0,0.0,0.0,0.0,0.0,0.0,0.0,0.0,0.0,0.0,0.0,0.0,0.0,0.0,False,False
2011-03-02,0.0,0.0,0.0,0.0,0.0,0.0,0.0,0.0,0.0,0.0,0.0,0.0,0.0,0.0,0.0,0.0,0.0,0.0,0.0,0.0,0.0,0.0,0.0,0.0,0.0,0.0,0.0,0.0,0.0,0.0,False,False
2011-03-03,0.0,0.0,0.0,0.0,0.0,0.0,0.0,0.0,0.0,0.0,0.0,0.0,0.0,0.0,0.0,0.0,0.0,0.0,0.0,0.0,0.0,0.0,0.0,0.0,0.0,0.0,0.0,0.0,0.0,0.0,False,False
2011-03-04,0.0,0.0,0.0,0.0,0.0,0.0,0.0,0.0,0.0,0.0,0.0,0.0,0.0,0.0,0.0,0.0,0.0,0.0,0.0,0.0,0.0,0.0,0.0,0.0,0.0,0.0,0.0,0.0,0.0,0.0,False,False
2011-03-07,0.0,0.0,0.0,0.0,0.0,0.0,0.0,0.0,0.0,0.0,0.0,0.0,0.0,0.0,0.0,0.0,0.0,0.0,0.0,0.0,0.0,0.0,0.0,0.0,0.0,0.0,0.0,0.0,0.0,0.0,False,False
2011-03-08,0.0,0.0,0.0,0.0,0.0,0.0,0.0,0.0,0.0,0.0,0.0,0.0,0.0,0.0,0.0,0.0,0.0,0.0,0.0,0.0,0.0,0.0,0.0,0.0,0.0,0.0,0.0,0.0,0.0,0.0,False,False
2011-03-09,0.0,0.0,0.0,0.0,0.0,0.0,0.0,0.0,0.0,0.0,0.0,0.0,0.0,0.0,0.0,0.0,0.0,0.0,0.0,0.0,0.0,0.0,0.0,0.0,0.0,0.0,0.0,0.0,0.0,0.0,False,False
2011-03-10,0.0,0.0,0.0,0.0,0.0,0.0,0.0,0.0,0.0,0.0,0.0,0.0,0.0,0.0,0.0,0.0,0.0,0.0,0.0,0.0,0.0,0.0,0.0,0.0,0.0,0.0,0.0,0.0,0.0,0.0,False,False
2011-03-11,0.0,0.0,0.0,0.0,0.0,0.0,0.0,0.0,0.0,0.0,0.0,0.0,0.0,0.0,0.0,0.0,0.0,0.0,0.0,0.0,0.0,0.0,0.0,0.0,0.0,0.0,0.0,0.0,0.0,0.0,False,False
2011-03-14,0.0,0.0,0.0,0.0,0.0,0.0,0.0,0.0,0.0,0.0,0.0,0.0,0.0,0.0,0.0,0.0,0.0,0.0,0.0,0.0,0.0,0.0,0.0,0.0,0.0,0.0,0.0,0.0,0.0,0.0,False,False
2011-03-15,0.0,0.0,0.0,0.0,0.0,0.0,0.0,0.0,0.0,0.0,0.0,0.0,0.0,0.0,0.0,0.0,0.0,0.0,0.0,0.0,0.0,0.0,0.0,0.0,0.0,0.0,0.0,0.0,0.0,0.0,False,False
2011-03-16,0.0,0.0,0.0,0.0,0.0,0.0,0.0,0.0,0.0,0.0,0.0,0.0,0.0,0.0,0.0,0.0,0.0,0.0,0.0,0.0,0.0,0.0,0.0,0.0,0.0,0.0,0.0,0.0,0.0,0.0,False,False
2011-03-17,0.0,0.0,0.0,0.0,0.0,0.0,0.0,0.0,0.0,0.0,0.0,0.0,0.0,0.0,0.0,0.0,0.0,0.0,0.0,0.0,0.0,0.0,0.0,0.0,0.0,0.0,0.0,0.0,0.0,0.0,False,False
2011-03-18,0.0,0.0,0.0,0.0,0.0,0.0,0.0,0.0,0.0,0.0,0.0,0.0,0.0,0.0,0.0,0.0,0.0,0.0,0.0,0.0,0.0,0.0,0.0,0.0,0.0,0.0,0.0,0.0,0.0,0.0,False,False
2011-03-21,0.0,0.0,0.0,0.0,0.0,0.0,0.0,0.0,0.0,0.0,0.0,0.0,0.0,0.0,0.0,0.0,0.0,0.0,0.0,0.0,0.0,0.0,0.0,0.0,0.0,0.0,0.0,0.0,0.0,0.0,False,False
2011-03-22,0.0,0.0,0.0,0.0,0.0,0.0,0.0,0.0,0.0,0.0,0.0,0.0,0.0,0.0,0.0,0.0,0.0,0.0,0.0,0.0,0.0,0.0,0.0,0.0,0.0,0.0,0.0,0.0,0.0,0.0,False,False
2011-03-23,0.0,0.0,0.0,0.0,0.0,0.0,0.0,0.0,0.0,0.0,0.0,0.0,0.0,0.0,0.0,0.0,0.0,0.0,0.0,0.0,0.0,0.0,0.0,0.0,0.0,0.0,0.0,0.0,0.0,0.0,False,False
2011-03-24,0.0,0.0,0.0,0.0,0.0,0.0,0.0,0.0,0.0,0.0,0.0,0.0,0.0,0.0,0.0,0.0,0.0,0.0,0.0,0.0,0.0,0.0,0.0,0.0,0.0,0.0,0.0,0.0,0.0,0.0,False,False
2011-03-25,0.0,0.0,0.0,0.0,0.0,0.0,0.0,0.0,0.0,0.0,0.0,0.0,0.0,0.0,0.0,0.0,0.0,0.0,0.0,0.0,0.0,0.0,0.0,0.0,0.0,0.0,0.0,0.0,0.0,0.0,False,False
2011-03-28,0.0,0.0,0.0,0.0,0.0,0.0,0.0,0.0,0.0,0.0,0.0,0.0,0.0,0.0,0.0,0.0,0.0,0.0,0.0,0.0,0.0,0.0,0.0,0.0,0.0,0.0,0.0,0.0,0.0,0.0,False,False
2011-03-29,0.0,0.0,0.0,0.0,0.0,0.0,0.0,0.0,0.0,0.0,0.0,0.0,0.0,0.0,0.0,0.0,0.0,0.0,0.0,0.0,0.0,0.0,0.0,0.0,0.0,0.0,0.0,0.0,0.0,0.0,False,False
2011-03-30,0.0,0.0,0.0,0.0,0.0,0.0,0.0,0.0,0.0,0.0,0.0,0.0,0.0,0.0,0.0,0.0,0.0,0.0,0.0,0.0,0.0,0.0,0.0,0.0,0.0,0.0,0.0,0.0,0.0,0.0,False,False
2011-03-31,0.0,0.0,0.0,0.0,0.0,0.0,0.0,0.0,0.0,0.0,0.0,0.0,0.0,0.0,0.0,0.0,0.0,0.0,0.0,0.0,0.0,0.0,0.0,0.0,0.0,0.0,0.0,0.0,0.0,0.0,False,False
2011-04-01,0.0,0.0,0.0,0.0,0.0,0.0,0.0,0.0,0.0,0.0,0.0,0.0,0.0,0.0,0.0,0.0,0.0,0.0,0.0,0.0,0.0,0.0,0.0,0.0,0.0,0.0,0.0,0.0,0.0,0.0,False,False
2011-04-04,0.0,0.0,0.0,0.0,0.0,0.0,0.0,0.0,0.0,0.0,0.0,0.0,0.0,0.0,0.0,0.0,0.0,0.0,0.0,0.0,0.0,0.0,0.0,0.0,0.0,0.0,0.0,0.0,0.0,0.0,False,False
2011-04-05,0.0,0.0,0.0,0.0,0.0,0.0,0.0,0.0,0.0,0.0,0.0,0.0,0.0,0.0,0.0,0.0,0.0,0.0,0.0,0.0,0.0,0.0,0.0,0.0,0.0,0.0,0.0,0.0,0.0,0.0,False,False
2011-04-06,0.0,0.0,0.0,0.0,0.0,0.0,0.0,0.0,0.0,0.0,0.0,0.0,0.0,0.0,0.0,0.0,0.0,0.0,0.0,0.0,0.0,0.0,0.0,0.0,0.0,0.0,0.0,0.0,0.0,0.0,False,False
2011-04-07,0.0,0.0,0.0,0.0,0.0,0.0,0.0,0.0,0.0,0.0,0.0,0.0,0.0,0.0,0.0,0.0,0.0,0.0,0.0,0.0,0.0,0.0,0.0,0.0,0.0,0.0,0.0,0.0,0.0,0.0,False,False
2011-04-08,0.0,0.0,0.0,0.0,0.0,0.0,0.0,0.0,0.0,0.0,0.0,0.0,0.0,0.0,0.0,0.0,0.0,0.0,0.0,0.0,0.0,0.0,0.0,0.0,0.0,0.0,0.0,0.0,0.0,0.0,False,False
2011-04-11,0.0,0.0,0.0,0.0,0.0,0.0,0.0,0.0,0.0,0.0,0.0,0.0,0.0,0.0,0.0,0.0,0.0,0.0,0.0,0.0,0.0,0.0,0.0,0.0,0.0,0.0,0.0,0.0,0.0,0.0,False,False
2011-04-12,0.0,0.0,0.0,0.0,0.0,0.0,0.0,0.0,0.0,0.0,0.0,0.0,0.0,0.0,0.0,0.0,0.0,0.0,0.0,0.0,0.0,0.0,0.0,0.0,0.0,0.0,0.0,0.0,0.0,0.0,False,False
2011-04-13,0.0,0.0,0.0,0.0,0.0,0.0,0.0,0.0,0.0,0.0,0.0,0.0,0.0,0.0,0.0,0.0,0.0,0.0,0.0,0.0,0.0,0.0,0.0,0.0,0.0,0.0,0.0,0.0,0.0,0.0,False,False
2011-04-14,0.0,0.0,0.0,0.0,0.0,0.0,0.0,0.0,0.0,0.0,0.0,0.0,0.0,0.0,0.0,0.0,0.0,0.0,0.0,0.0,0.0,0.0,0.0,0.0,0.0,0.0,0.0,0.0,0.0,0.0,False,False
2011-04-15,0.0,0.0,0.0,0.0,0.0,0.0,0.0,0.0,0.0,0.0,0.0,0.0,0.0,0.0,0.0,0.0,0.0,0.0,0.0,0.0,0.0,0.0,0.0,0.0,0.0,0.0,0.0,0.0,0.0,0.0,False,False
2011-04-18,0.0,0.0,0.0,0.0,0.0,0.0,0.0,0.0,0.0,0.0,0.0,0.0,0.0,0.0,0.0,0.0,0.0,0.0,0.0,0.0,0.0,0.0,0.0,0.0,0.0,0.0,0.0,0.0,0.0,0.0,False,False
2011-04-19,0.0,0.0,0.0,0.0,0.0,0.0,0.0,0.0,0.0,0.0,0.0,0.0,0.0,0.0,0.0,0.0,0.0,0.0,0.0,0.0,0.0,0.0,0.0,0.0,0.0,0.0,0.0,0.0,0.0,0.0,False,False
2011-04-20,0.0,0.0,0.0,0.0,0.0,0.0,0.0,0.0,0.0,0.0,0.0,0.0,0.0,0.0,0.0,0.0,0.0,0.0,0.0,0.0,0.0,0.0,0.0,0.0,0.0,0.0,0.0,0.0,0.0,0.0,False,False
2011-04-21,0.0,0.0,0.0,0.0,0.0,0.0,0.0,0.0,0.0,0.0,0.0,0.0,0.0,0.0,0.0,0.0,0.0,0.0,0.0,0.0,0.0,0.0,0.0,0.0,0.0,0.0,0.0,0.0,0.0,0.0,False,False
2011-04-25,0.0,0.0,0.0,0.0,0.0,0.0,0.0,0.0,0.0,0.0,0.0,0.0,0.0,0.0,0.0,0.0,0.0,0.0,0.0,0.0,0.0,0.0,0.0,0.0,0.0,0.0,0.0,0.0,0.0,0.0,False,False
2011-04-26,0.0,0.0,0.0,0.0,0.0,0.0,0.0,0.0,0.0,0.0,0.0,0.0,0.0,0.0,0.0,0.0,0.0,0.0,0.0,0.0,0.0,0.0,0.0,0.0,0.0,0.0,0.0,0.0,0.0,0.0,False,False
2011-04-27,0.0,0.0,0.0,0.0,0.0,0.0,0.0,0.0,0.0,0.0,0.0,0.0,0.0,0.0,0.0,0.0,0.0,0.0,0.0,0.0,0.0,0.0,0.0,0.0,0.0,0.0,0.0,0.0,0.0,0.0,False,False
2011-04-28,0.0,0.0,0.0,0.0,0.0,0.0,0.0,0.0,0.0,0.0,0.0,0.0,0.0,0.0,0.0,0.0,0.0,0.0,0.0,0.0,0.0,0.0,0.0,0.0,0.0,0.0,0.0,0.0,0.0,0.0,False,False
2011-04-29,0.0,0.0,0.0,0.0,0.0,0.0,0.0,0.0,0.0,0.0,0.0,0.0,0.0,0.0,0.0,0.0,0.0,0.0,0.0,0.0,0.0,0.0,0.0,0.0,0.0,0.0,0.0,0.0,0.0,0.0,False,False
2011-05-02,0.0,0.0,0.0,0.0,0.0,0.0,0.0,0.0,0.0,0.0,0.0,0.0,0.0,0.0,0.0,0.0,0.0,0.0,0.0,0.0,0.0,0.0,0.0,0.0,0.0,0.0,0.0,0.0,0.0,0.0,False,False
2011-05-03,0.0,0.0,0.0,0.0,0.0,0.0,0.0,0.0,0.0,0.0,0.0,0.0,0.0,0.0,0.0,0.0,0.0,0.0,0.0,0.0,0.0,0.0,0.0,0.0,0.0,0.0,0.0,0.0,0.0,0.0,False,False
2011-05-04,0.0,0.0,0.0,0.0,0.0,0.0,0.0,0.0,0.0,0.0,0.0,0.0,0.0,0.0,0.0,0.0,0.0,0.0,0.0,0.0,0.0,0.0,0.0,0.0,0.0,0.0,0.0,0.0,0.0,0.0,False,False
2011-05-05,0.0,0.0,0.0,0.0,0.0,0.0,0.0,0.0,0.0,0.0,0.0,0.0,0.0,0.0,0.0,0.0,0.0,0.0,0.0,0.0,0.0,0.0,0.0,0.0,0.0,0.0,0.0,0.0,0.0,0.0,False,False
2011-05-06,0.0,0.0,0.0,0.0,0.0,0.0,0.0,0.0,0.0,0.0,0.0,0.0,0.0,0.0,0.0,0.0,0.0,0.0,0.0,0.0,0.0,0.0,0.0,0.0,0.0,0.0,0.0,0.0,0.0,0.0,False,False
2011-05-09,0.0,0.0,0.0,0.0,0.0,0.0,0.0,0.0,0.0,0.0,0.0,0.0,0.0,0.0,0.0,0.0,0.0,0.0,0.0,0.0,0.0,0.0,0.0,0.0,0.0,0.0,0.0,0.0,0.0,0.0,False,False
2011-05-10,0.0,0.0,0.0,0.0,0.0,0.0,0.0,0.0,0.0,0.0,0.0,0.0,0.0,0.0,0.0,0.0,0.0,0.0,0.0,0.0,0.0,0.0,0.0,0.0,0.0,0.0,0.0,0.0,0.0,0.0,False,False
2011-05-11,0.0,0.0,0.0,0.0,0.0,0.0,0.0,0.0,0.0,0.0,0.0,0.0,0.0,0.0,0.0,0.0,0.0,0.0,0.0,0.0,0.0,0.0,0.0,0.0,0.0,0.0,0.0,0.0,0.0,0.0,False,False
2011-05-12,0.0,0.0,0.0,0.0,0.0,0.0,0.0,0.0,0.0,0.0,0.0,0.0,0.0,0.0,0.0,0.0,0.0,0.0,0.0,0.0,0.0,0.0,0.0,0.0,0.0,0.0,0.0,0.0,0.0,0.0,False,False
2011-05-13,0.0,0.0,0.0,0.0,0.0,0.0,0.0,0.0,0.0,0.0,0.0,0.0,0.0,0.0,0.0,0.0,0.0,0.0,0.0,0.0,0.0,0.0,0.0,0.0,0.0,0.0,0.0,0.0,0.0,0.0,False,False
2011-05-16,0.0,0.0,0.0,0.0,0.0,0.0,0.0,0.0,0.0,0.0,0.0,0.0,0.0,0.0,0.0,0.0,0.0,0.0,0.0,0.0,0.0,0.0,0.0,0.0,0.0,0.0,0.0,0.0,0.0,0.0,False,False
2011-05-17,0.0,0.0,0.0,0.0,0.0,0.0,0.0,0.0,0.0,0.0,0.0,0.0,0.0,0.0,0.0,0.0,0.0,0.0,0.0,0.0,0.0,0.0,0.0,0.0,0.0,0.0,0.0,0.0,0.0,0.0,False,False
2011-05-18,0.0,0.0,0.0,0.0,0.0,0.0,0.0,0.0,0.0,0.0,0.0,0.0,0.0,0.0,0.0,0.0,0.0,0.0,0.0,0.0,0.0,0.0,0.0,0.0,0.0,0.0,0.0,0.0,0.0,0.0,False,False
2011-05-19,0.0,0.0,0.0,0.0,0.0,0.0,0.0,0.0,0.0,0.0,0.0,0.0,0.0,0.0,0.0,0.0,0.0,0.0,0.0,0.0,0.0,0.0,0.0,0.0,0.0,0.0,0.0,0.0,0.0,0.0,False,False
2011-05-20,0.0,0.0,0.0,0.0,0.0,0.0,0.0,0.0,0.0,0.0,0.0,0.0,0.0,0.0,0.0,0.0,0.0,0.0,0.0,0.0,0.0,0.0,0.0,0.0,0.0,0.0,0.0,0.0,0.0,0.0,False,False
2011-05-23,0.0,0.0,0.0,0.0,0.0,0.0,0.0,0.0,0.0,0.0,0.0,0.0,0.0,0.0,0.0,0.0,0.0,0.0,0.0,0.0,0.0,0.0,0.0,0.0,0.0,0.0,0.0,0.0,0.0,0.0,False,False
2011-05-24,0.0,0.0,0.0,0.0,0.0,0.0,0.0,0.0,0.0,0.0,0.0,0.0,0.0,0.0,0.0,0.0,0.0,0.0,0.0,0.0,0.0,0.0,0.0,0.0,0.0,0.0,0.0,0.0,0.0,0.0,False,False
2011-05-25,0.0,0.0,0.0,0.0,0.0,0.0,0.0,0.0,0.0,0.0,0.0,0.0,0.0,0.0,0.0,0.0,0.0,0.0,0.0,0.0,0.0,0.0,0.0,0.0,0.0,0.0,0.0,0.0,0.0,0.0,False,False
2011-05-26,0.0,0.0,0.0,0.0,0.0,0.0,0.0,0.0,0.0,0.0,0.0,0.0,0.0,0.0,0.0,0.0,0.0,0.0,0.0,0.0,0.0,0.0,0.0,0.0,0.0,0.0,0.0,0.0,0.0,0.0,False,False
2011-05-27,0.0,0.0,0.0,0.0,0.0,0.0,0.0,0.0,0.0,0.0,0.0,0.0,0.0,0.0,0.0,0.0,0.0,0.0,0.0,0.0,0.0,0.0,0.0,0.0,0.0,0.0,0.0,0.0,0.0,0.0,False,False
2011-05-31,0.0,0.0,0.0,0.0,0.0,0.0,0.0,0.0,0.0,0.0,0.0,0.0,0.0,0.0,0.0,0.0,0.0,0.0,0.0,0.0,0.0,0.0,0.0,0.0,0.0,0.0,0.0,0.0,0.0,0.0,False,False
2011-06-01,0.0,0.0,0.0,0.0,0.0,0.0,0.0,0.0,0.0,0.0,0.0,0.0,0.0,0.0,0.0,0.0,0.0,0.0,0.0,0.0,0.0,0.0,0.0,0.0,0.0,0.0,0.0,0.0,0.0,0.0,False,False
2011-06-02,0.0,0.0,0.0,0.0,0.0,0.0,0.0,0.0,0.0,0.0,0.0,0.0,0.0,0.0,0.0,0.0,0.0,0.0,0.0,0.0,0.0,0.0,0.0,0.0,0.0,0.0,0.0,0.0,0.0,0.0,False,False
2011-06-03,0.0,0.0,0.0,0.0,0.0,0.0,0.0,0.0,0.0,0.0,0.0,0.0,0.0,0.0,0.0,0.0,0.0,0.0,0.0,0.0,0.0,0.0,0.0,0.0,0.0,0.0,0.0,0.0,0.0,0.0,False,False
2011-06-06,0.0,0.0,0.0,0.0,0.0,0.0,0.0,0.0,0.0,0.0,0.0,0.0,0.0,0.0,0.0,0.0,0.0,0.0,0.0,0.0,0.0,0.0,0.0,0.0,0.0,0.0,0.0,0.0,0.0,0.0,False,False
2011-06-07,0.0,0.0,0.0,0.0,0.0,0.0,0.0,0.0,0.0,0.0,0.0,0.0,0.0,0.0,0.0,0.0,0.0,0.0,0.0,0.0,0.0,0.0,0.0,0.0,0.0,0.0,0.0,0.0,0.0,0.0,False,False
2011-06-08,0.0,0.0,0.0,0.0,0.0,0.0,0.0,0.0,0.0,0.0,0.0,0.0,0.0,0.0,0.0,0.0,0.0,0.0,0.0,0.0,0.0,0.0,0.0,0.0,0.0,0.0,0.0,0.0,0.0,0.0,False,False
2011-06-09,0.0,0.0,0.0,0.0,0.0,0.0,0.0,0.0,0.0,0.0,0.0,0.0,0.0,0.0,0.0,0.0,0.0,0.0,0.0,0.0,0.0,0.0,0.0,0.0,0.0,0.0,0.0,0.0,0.0,0.0,False,False
2011-06-10,0.0,0.0,0.0,0.0,0.0,0.0,0.0,0.0,0.0,0.0,0.0,0.0,0.0,0.0,0.0,0.0,0.0,0.0,0.0,0.0,0.0,0.0,0.0,0.0,0.0,0.0,0.0,0.0,0.0,0.0,False,False
2011-06-13,0.0,0.0,0.0,0.0,0.0,0.0,0.0,0.0,0.0,0.0,0.0,0.0,0.0,0.0,0.0,0.0,0.0,0.0,0.0,0.0,0.0,0.0,0.0,0.0,0.0,0.0,0.0,0.0,0.0,0.0,False,False
2011-06-14,0.0,0.0,0.0,0.0,0.0,0.0,0.0,0.0,0.0,0.0,0.0,0.0,0.0,0.0,0.0,0.0,0.0,0.0,0.0,0.0,0.0,0.0,0.0,0.0,0.0,0.0,0.0,0.0,0.0,0.0,False,False
2011-06-15,0.0,0.0,0.0,0.0,0.0,0.0,0.0,0.0,0.0,0.0,0.0,0.0,0.0,0.0,0.0,0.0,0.0,0.0,0.0,0.0,0.0,0.0,0.0,0.0,0.0,0.0,0.0,0.0,0.0,0.0,False,False
2011-06-16,0.0,0.0,0.0,0.0,0.0,0.0,0.0,0.0,0.0,0.0,0.0,0.0,0.0,0.0,0.0,0.0,0.0,0.0,0.0,0.0,0.0,0.0,0.0,0.0,0.0,0.0,0.0,0.0,0.0,0.0,False,False
2011-06-17,0.0,0.0,0.0,0.0,0.0,0.0,0.0,0.0,0.0,0.0,0.0,0.0,0.0,0.0,0.0,0.0,0.0,0.0,0.0,0.0,0.0,0.0,0.0,0.0,0.0,0.0,0.0,0.0,0.0,0.0,False,False
2011-06-20,0.0,0.0,0.0,0.0,0.0,0.0,0.0,0.0,0.0,0.0,0.0,0.0,0.0,0.0,0.0,0.0,0.0,0.0,0.0,0.0,0.0,0.0,0.0,0.0,0.0,0.0,0.0,0.0,0.0,0.0,False,False
2011-06-21,0.0,0.0,0.0,0.0,0.0,0.0,0.0,0.0,0.0,0.0,0.0,0.0,0.0,0.0,0.0,0.0,0.0,0.0,0.0,0.0,0.0,0.0,0.0,0.0,0.0,0.0,0.0,0.0,0.0,0.0,False,False
2011-06-22,0.0,0.0,0.0,0.0,0.0,0.0,0.0,0.0,0.0,0.0,0.0,0.0,0.0,0.0,0.0,0.0,0.0,0.0,0.0,0.0,0.0,0.0,0.0,0.0,0.0,0.0,0.0,0.0,0.0,0.0,False,False
2011-06-23,0.0,0.0,0.0,0.0,0.0,0.0,0.0,0.0,0.0,0.0,0.0,0.0,0.0,0.0,0.0,0.0,0.0,0.0,0.0,0.0,0.0,0.0,0.0,0.0,0.0,0.0,0.0,0.0,0.0,0.0,False,False
2011-06-24,0.0,0.0,0.0,0.0,0.0,0.0,0.0,0.0,0.0,0.0,0.0,0.0,0.0,0.0,0.0,0.0,0.0,0.0,0.0,0.0,0.0,0.0,0.0,0.0,0.0,0.0,0.0,0.0,0.0,0.0,False,False
2011-06-27,0.0,0.0,0.0,0.0,0.0,0.0,0.0,0.0,0.0,0.0,0.0,0.0,0.0,0.0,0.0,0.0,0.0,0.0,0.0,0.0,0.0,0.0,0.0,0.0,0.0,0.0,0.0,0.0,0.0,0.0,False,False
2011-06-28,0.0,0.0,0.0,0.0,0.0,0.0,0.0,0.0,0.0,0.0,0.0,0.0,0.0,0.0,0.0,0.0,0.0,0.0,0.0,0.0,0.0,0.0,0.0,0.0,0.0,0.0,0.0,0.0,0.0,0.0,False,False
2011-06-29,0.0,0.0,0.0,0.0,0.0,0.0,0.0,0.0,0.0,0.0,0.0,0.0,0.0,0.0,0.0,0.0,0.0,0.0,0.0,0.0,0.0,0.0,0.0,0.0,0.0,0.0,0.0,0.0,0.0,0.0,False,False
2011-06-30,0.0,0.0,0.0,0.0,0.0,0.0,0.0,0.0,0.0,0.0,0.0,0.0,0.0,0.0,0.0,0.0,0.0,0.0,0.0,0.0,0.0,0.0,0.0,0.0,0.0,0.0,0.0,0.0,0.0,0.0,False,False
2011-07-01,0.0,0.0,0.0,0.0,0.0,0.0,0.0,0.0,0.0,0.0,0.0,0.0,0.0,0.0,0.0,0.0,0.0,0.0,0.0,0.0,0.0,0.0,0.0,0.0,0.0,0.0,0.0,0.0,0.0,0.0,False,False
2011-07-05,0.0,0.0,0.0,0.0,0.0,0.0,0.0,0.0,0.0,0.0,0.0,0.0,0.0,0.0,0.0,0.0,0.0,0.0,0.0,0.0,0.0,0.0,0.0,0.0,0.0,0.0,0.0,0.0,0.0,0.0,False,False
2011-07-06,0.0,0.0,0.0,0.0,0.0,0.0,0.0,0.0,0.0,0.0,0.0,0.0,0.0,0.0,0.0,0.0,0.0,0.0,0.0,0.0,0.0,0.0,0.0,0.0,0.0,0.0,0.0,0.0,0.0,0.0,False,False
2011-07-07,0.0,0.0,0.0,0.0,0.0,0.0,0.0,0.0,0.0,0.0,0.0,0.0,0.0,0.0,0.0,0.0,0.0,0.0,0.0,0.0,0.0,0.0,0.0,0.0,0.0,0.0,0.0,0.0,0.0,0.0,False,False
2011-07-08,0.0,0.0,0.0,0.0,0.0,0.0,0.0,0.0,0.0,0.0,0.0,0.0,0.0,0.0,0.0,0.0,0.0,0.0,0.0,0.0,0.0,0.0,0.0,0.0,0.0,0.0,0.0,0.0,0.0,0.0,False,False
2011-07-11,0.0,0.0,0.0,0.0,0.0,0.0,0.0,0.0,0.0,0.0,0.0,0.0,0.0,0.0,0.0,0.0,0.0,0.0,0.0,0.0,0.0,0.0,0.0,0.0,0.0,0.0,0.0,0.0,0.0,0.0,False,False
2011-07-12,0.0,0.0,0.0,0.0,0.0,0.0,0.0,0.0,0.0,0.0,0.0,0.0,0.0,0.0,0.0,0.0,0.0,0.0,0.0,0.0,0.0,0.0,0.0,0.0,0.0,0.0,0.0,0.0,0.0,0.0,False,False
2011-07-13,0.0,0.0,0.0,0.0,0.0,0.0,0.0,0.0,0.0,0.0,0.0,0.0,0.0,0.0,0.0,0.0,0.0,0.0,0.0,0.0,0.0,0.0,0.0,0.0,0.0,0.0,0.0,0.0,0.0,0.0,False,False
2011-07-14,0.0,0.0,0.0,0.0,0.0,0.0,0.0,0.0,0.0,0.0,0.0,0.0,0.0,0.0,0.0,0.0,0.0,0.0,0.0,0.0,0.0,0.0,0.0,0.0,0.0,0.0,0.0,0.0,0.0,0.0,False,False
2011-07-15,0.0,0.0,0.0,0.0,0.0,0.0,0.0,0.0,0.0,0.0,0.0,0.0,0.0,0.0,0.0,0.0,0.0,0.0,0.0,0.0,0.0,0.0,0.0,0.0,0.0,0.0,0.0,0.0,0.0,0.0,False,False
2011-07-18,0.0,0.0,0.0,0.0,0.0,0.0,0.0,0.0,0.0,0.0,0.0,0.0,0.0,0.0,0.0,0.0,0.0,0.0,0.0,0.0,0.0,0.0,0.0,0.0,0.0,0.0,0.0,0.0,0.0,0.0,False,False
2011-07-19,0.0,0.0,0.0,0.0,0.0,0.0,0.0,0.0,0.0,0.0,0.0,0.0,0.0,0.0,0.0,0.0,0.0,0.0,0.0,0.0,0.0,0.0,0.0,0.0,0.0,0.0,0.0,0.0,0.0,0.0,False,False
2011-07-20,0.0,0.0,0.0,0.0,0.0,0.0,0.0,0.0,0.0,0.0,0.0,0.0,0.0,0.0,0.0,0.0,0.0,0.0,0.0,0.0,0.0,0.0,0.0,0.0,0.0,0.0,0.0,0.0,0.0,0.0,False,False
2011-07-21,0.0,0.0,0.0,0.0,0.0,0.0,0.0,0.0,0.0,0.0,0.0,0.0,0.0,0.0,0.0,0.0,0.0,0.0,0.0,0.0,0.0,0.0,0.0,0.0,0.0,0.0,0.0,0.0,0.0,0.0,False,False
2011-07-22,0.0,0.0,0.0,0.0,0.0,0.0,0.0,0.0,0.0,0.0,0.0,0.0,0.0,0.0,0.0,0.0,0.0,0.0,0.0,0.0,0.0,0.0,0.0,0.0,0.0,0.0,0.0,0.0,0.0,0.0,False,False
2011-07-25,0.0,0.0,0.0,0.0,0.0,0.0,0.0,0.0,0.0,0.0,0.0,0.0,0.0,0.0,0.0,0.0,0.0,0.0,0.0,0.0,0.0,0.0,0.0,0.0,0.0,0.0,0.0,0.0,0.0,0.0,False,False
2011-07-26,0.0,0.0,0.0,0.0,0.0,0.0,0.0,0.0,0.0,0.0,0.0,0.0,0.0,0.0,0.0,0.0,0.0,0.0,0.0,0.0,0.0,0.0,0.0,0.0,0.0,0.0,0.0,0.0,0.0,0.0,False,False
2011-07-27,0.0,0.0,0.0,0.0,0.0,0.0,0.0,0.0,0.0,0.0,0.0,0.0,0.0,0.0,0.0,0.0,0.0,0.0,0.0,0.0,0.0,0.0,0.0,0.0,0.0,0.0,0.0,0.0,0.0,0.0,False,False
2011-07-28,0.0,0.0,0.0,0.0,0.0,0.0,0.0,0.0,0.0,0.0,0.0,0.0,0.0,0.0,0.0,0.0,0.0,0.0,0.0,0.0,0.0,0.0,0.0,0.0,0.0,0.0,0.0,0.0,0.0,0.0,False,False
2011-07-29,0.0,0.0,0.0,0.0,0.0,0.0,0.0,0.0,0.0,0.0,0.0,0.0,0.0,0.0,0.0,0.0,0.0,0.0,0.0,0.0,0.0,0.0,0.0,0.0,0.0,0.0,0.0,0.0,0.0,0.0,False,False
2011-08-01,0.0,0.0,0.0,0.0,0.0,0.0,0.0,0.0,0.0,0.0,0.0,0.0,0.0,0.0,0.0,0.0,0.0,0.0,0.0,0.0,0.0,0.0,0.0,0.0,0.0,0.0,0.0,0.0,0.0,0.0,False,False
2011-08-02,0.0,0.0,0.0,0.0,0.0,0.0,0.0,0.0,0.0,0.0,0.0,0.0,0.0,0.0,0.0,0.0,0.0,0.0,0.0,0.0,0.0,0.0,0.0,0.0,0.0,0.0,0.0,0.0,0.0,0.0,False,False
2011-08-03,0.0,0.0,0.0,0.0,0.0,0.0,0.0,0.0,0.0,0.0,0.0,0.0,0.0,0.0,0.0,0.0,0.0,0.0,0.0,0.0,0.0,0.0,0.0,0.0,0.0,0.0,0.0,0.0,0.0,0.0,False,False
2011-08-04,0.0,0.0,0.0,0.0,0.0,0.0,0.0,0.0,0.0,0.0,0.0,0.0,0.0,0.0,0.0,0.0,0.0,0.0,0.0,0.0,0.0,0.0,0.0,0.0,0.0,0.0,0.0,0.0,0.0,0.0,False,False
2011-08-05,0.0,0.0,0.0,0.0,0.0,0.0,0.0,0.0,0.0,0.0,0.0,0.0,0.0,0.0,0.0,0.0,0.0,0.0,0.0,0.0,0.0,0.0,0.0,0.0,0.0,0.0,0.0,0.0,0.0,0.0,False,False
2011-08-08,0.0,0.0,0.0,0.0,0.0,0.0,0.0,0.0,0.0,0.0,0.0,0.0,0.0,0.0,0.0,0.0,0.0,0.0,0.0,0.0,0.0,0.0,0.0,0.0,0.0,0.0,0.0,0.0,0.0,0.0,False,False
2011-08-09,0.0,0.0,0.0,0.0,0.0,0.0,0.0,0.0,0.0,0.0,0.0,0.0,0.0,0.0,0.0,0.0,0.0,0.0,0.0,0.0,0.0,0.0,0.0,0.0,0.0,0.0,0.0,0.0,0.0,0.0,False,False
2011-08-10,0.0,0.0,0.0,0.0,0.0,0.0,0.0,0.0,0.0,0.0,0.0,0.0,0.0,0.0,0.0,0.0,0.0,0.0,0.0,0.0,0.0,0.0,0.0,0.0,0.0,0.0,0.0,0.0,0.0,0.0,False,False
2011-08-11,0.0,0.0,0.0,0.0,0.0,0.0,0.0,0.0,0.0,0.0,0.0,0.0,0.0,0.0,0.0,0.0,0.0,0.0,0.0,0.0,0.0,0.0,0.0,0.0,0.0,0.0,0.0,0.0,0.0,0.0,False,False
2011-08-12,0.0,0.0,0.0,0.0,0.0,0.0,0.0,0.0,0.0,0.0,0.0,0.0,0.0,0.0,0.0,0.0,0.0,0.0,0.0,0.0,0.0,0.0,0.0,0.0,0.0,0.0,0.0,0.0,0.0,0.0,False,False
2011-08-15,0.0,0.0,0.0,0.0,0.0,0.0,0.0,0.0,0.0,0.0,0.0,0.0,0.0,0.0,0.0,0.0,0.0,0.0,0.0,0.0,0.0,0.0,0.0,0.0,0.0,0.0,0.0,0.0,0.0,0.0,False,False
2011-08-16,0.0,0.0,0.0,0.0,0.0,0.0,0.0,0.0,0.0,0.0,0.0,0.0,0.0,0.0,0.0,0.0,0.0,0.0,0.0,0.0,0.0,0.0,0.0,0.0,0.0,0.0,0.0,0.0,0.0,0.0,False,False
2011-08-17,0.0,0.0,0.0,0.0,0.0,0.0,0.0,0.0,0.0,0.0,0.0,0.0,0.0,0.0,0.0,0.0,0.0,0.0,0.0,0.0,0.0,0.0,0.0,0.0,0.0,0.0,0.0,0.0,0.0,0.0,False,False
2011-08-18,0.0,0.0,0.0,0.0,0.0,0.0,0.0,0.0,0.0,0.0,0.0,0.0,0.0,0.0,0.0,0.0,0.0,0.0,0.0,0.0,0.0,0.0,0.0,0.0,0.0,0.0,0.0,0.0,0.0,0.0,False,False
2011-08-19,0.0,0.0,0.0,0.0,0.0,0.0,0.0,0.0,0.0,0.0,0.0,0.0,0.0,0.0,0.0,0.0,0.0,0.0,0.0,0.0,0.0,0.0,0.0,0.0,0.0,0.0,0.0,0.0,0.0,0.0,False,False
2011-08-22,0.0,0.0,0.0,0.0,0.0,0.0,0.0,0.0,0.0,0.0,0.0,0.0,0.0,0.0,0.0,0.0,0.0,0.0,0.0,0.0,0.0,0.0,0.0,0.0,0.0,0.0,0.0,0.0,0.0,0.0,False,False
2011-08-23,0.0,0.0,0.0,0.0,0.0,0.0,0.0,0.0,0.0,0.0,0.0,0.0,0.0,0.0,0.0,0.0,0.0,0.0,0.0,0.0,0.0,0.0,0.0,0.0,0.0,0.0,0.0,0.0,0.0,0.0,False,False
2011-08-24,0.0,0.0,0.0,0.0,0.0,0.0,0.0,0.0,0.0,0.0,0.0,0.0,0.0,0.0,0.0,0.0,0.0,0.0,0.0,0.0,0.0,0.0,0.0,0.0,0.0,0.0,0.0,0.0,0.0,0.0,False,False
2011-08-25,0.0,0.0,0.0,0.0,0.0,0.0,0.0,0.0,0.0,0.0,0.0,0.0,0.0,0.0,0.0,0.0,0.0,0.0,0.0,0.0,0.0,0.0,0.0,0.0,0.0,0.0,0.0,0.0,0.0,0.0,False,False
2011-08-26,0.0,0.0,0.0,0.0,0.0,0.0,0.0,0.0,0.0,0.0,0.0,0.0,0.0,0.0,0.0,0.0,0.0,0.0,0.0,0.0,0.0,0.0,0.0,0.0,0.0,0.0,0.0,0.0,0.0,0.0,False,False
2011-08-29,0.0,0.0,0.0,0.0,0.0,0.0,0.0,0.0,0.0,0.0,0.0,0.0,0.0,0.0,0.0,0.0,0.0,0.0,0.0,0.0,0.0,0.0,0.0,0.0,0.0,0.0,0.0,0.0,0.0,0.0,False,False
2011-08-30,0.0,0.0,0.0,0.0,0.0,0.0,0.0,0.0,0.0,0.0,0.0,0.0,0.0,0.0,0.0,0.0,0.0,0.0,0.0,0.0,0.0,0.0,0.0,0.0,0.0,0.0,0.0,0.0,0.0,0.0,False,False
2011-08-31,0.0,0.0,0.0,0.0,0.0,0.0,0.0,0.0,0.0,0.0,0.0,0.0,0.0,0.0,0.0,0.0,0.0,0.0,0.0,0.0,0.0,0.0,0.0,0.0,0.0,0.0,0.0,0.0,0.0,0.0,False,False
2011-09-01,0.0,0.0,0.0,0.0,0.0,0.0,0.0,0.0,0.0,0.0,0.0,0.0,0.0,0.0,0.0,0.0,0.0,0.0,0.0,0.0,0.0,0.0,0.0,0.0,0.0,0.0,0.0,0.0,0.0,0.0,False,False
2011-09-02,0.0,0.0,0.0,0.0,0.0,0.0,0.0,0.0,0.0,0.0,0.0,0.0,0.0,0.0,0.0,0.0,0.0,0.0,0.0,0.0,0.0,0.0,0.0,0.0,0.0,0.0,0.0,0.0,0.0,0.0,False,False
2011-09-06,0.0,0.0,0.0,0.0,0.0,0.0,0.0,0.0,0.0,0.0,0.0,0.0,0.0,0.0,0.0,0.0,0.0,0.0,0.0,0.0,0.0,0.0,0.0,0.0,0.0,0.0,0.0,0.0,0.0,0.0,False,False
2011-09-07,0.0,0.0,0.0,0.0,0.0,0.0,0.0,0.0,0.0,0.0,0.0,0.0,0.0,0.0,0.0,0.0,0.0,0.0,0.0,0.0,0.0,0.0,0.0,0.0,0.0,0.0,0.0,0.0,0.0,0.0,False,False
2011-09-08,0.0,0.0,0.0,0.0,0.0,0.0,0.0,0.0,0.0,0.0,0.0,0.0,0.0,0.0,0.0,0.0,0.0,0.0,0.0,0.0,0.0,0.0,0.0,0.0,0.0,0.0,0.0,0.0,0.0,0.0,False,False
2011-09-09,0.0,0.0,0.0,0.0,0.0,0.0,0.0,0.0,0.0,0.0,0.0,0.0,0.0,0.0,0.0,0.0,0.0,0.0,0.0,0.0,0.0,0.0,0.0,0.0,0.0,0.0,0.0,0.0,0.0,0.0,False,False
2011-09-12,0.0,0.0,0.0,0.0,0.0,0.0,0.0,0.0,0.0,0.0,0.0,0.0,0.0,0.0,0.0,0.0,0.0,0.0,0.0,0.0,0.0,0.0,0.0,0.0,0.0,0.0,0.0,0.0,0.0,0.0,False,False
2011-09-13,0.0,0.0,0.0,0.0,0.0,0.0,0.0,0.0,0.0,0.0,0.0,0.0,0.0,0.0,0.0,0.0,0.0,0.0,0.0,0.0,0.0,0.0,0.0,0.0,0.0,0.0,0.0,0.0,0.0,0.0,False,False
2011-09-14,0.0,0.0,0.0,0.0,0.0,0.0,0.0,0.0,0.0,0.0,0.0,0.0,0.0,0.0,0.0,0.0,0.0,0.0,0.0,0.0,0.0,0.0,0.0,0.0,0.0,0.0,0.0,0.0,0.0,0.0,False,False
2011-09-15,0.0,0.0,0.0,0.0,0.0,0.0,0.0,0.0,0.0,0.0,0.0,0.0,0.0,0.0,0.0,0.0,0.0,0.0,0.0,0.0,0.0,0.0,0.0,0.0,0.0,0.0,0.0,0.0,0.0,0.0,False,False
2011-09-16,0.0,0.0,0.0,0.0,0.0,0.0,0.0,0.0,0.0,0.0,0.0,0.0,0.0,0.0,0.0,0.0,0.0,0.0,0.0,0.0,0.0,0.0,0.0,0.0,0.0,0.0,0.0,0.0,0.0,0.0,False,False
2011-09-19,0.0,0.0,0.0,0.0,0.0,0.0,0.0,0.0,0.0,0.0,0.0,0.0,0.0,0.0,0.0,0.0,0.0,0.0,0.0,0.0,0.0,0.0,0.0,0.0,0.0,0.0,0.0,0.0,0.0,0.0,False,False
2011-09-20,0.0,0.0,0.0,0.0,0.0,0.0,0.0,0.0,0.0,0.0,0.0,0.0,0.0,0.0,0.0,0.0,0.0,0.0,0.0,0.0,0.0,0.0,0.0,0.0,0.0,0.0,0.0,0.0,0.0,0.0,False,False
2011-09-21,0.0,0.0,0.0,0.0,0.0,0.0,0.0,0.0,0.0,0.0,0.0,0.0,0.0,0.0,0.0,0.0,0.0,0.0,0.0,0.0,0.0,0.0,0.0,0.0,0.0,0.0,0.0,0.0,0.0,0.0,False,False
2011-09-22,0.0,0.0,0.0,0.0,0.0,0.0,0.0,0.0,0.0,0.0,0.0,0.0,0.0,0.0,0.0,0.0,0.0,0.0,0.0,0.0,0.0,0.0,0.0,0.0,0.0,0.0,0.0,0.0,0.0,0.0,False,False
2011-09-23,0.0,0.0,0.0,0.0,0.0,0.0,0.0,0.0,0.0,0.0,0.0,0.0,0.0,0.0,0.0,0.0,0.0,0.0,0.0,0.0,0.0,0.0,0.0,0.0,0.0,0.0,0.0,0.0,0.0,0.0,False,False
2011-09-26,0.0,0.0,0.0,0.0,0.0,0.0,0.0,0.0,0.0,0.0,0.0,0.0,0.0,0.0,0.0,0.0,0.0,0.0,0.0,0.0,0.0,0.0,0.0,0.0,0.0,0.0,0.0,0.0,0.0,0.0,False,False
2011-09-27,0.0,0.0,0.0,0.0,0.0,0.0,0.0,0.0,0.0,0.0,0.0,0.0,0.0,0.0,0.0,0.0,0.0,0.0,0.0,0.0,0.0,0.0,0.0,0.0,0.0,0.0,0.0,0.0,0.0,0.0,False,False
2011-09-28,0.0,0.0,0.0,0.0,0.0,0.0,0.0,0.0,0.0,0.0,0.0,0.0,0.0,0.0,0.0,0.0,0.0,0.0,0.0,0.0,0.0,0.0,0.0,0.0,0.0,0.0,0.0,0.0,0.0,0.0,False,False
2011-09-29,0.0,0.0,0.0,0.0,0.0,0.0,0.0,0.0,0.0,0.0,0.0,0.0,0.0,0.0,0.0,0.0,0.0,0.0,0.0,0.0,0.0,0.0,0.0,0.0,0.0,0.0,0.0,0.0,0.0,0.0,False,False
2011-09-30,0.0,0.0,0.0,0.0,0.0,0.0,0.0,0.0,0.0,0.0,0.0,0.0,0.0,0.0,0.0,0.0,0.0,0.0,0.0,0.0,0.0,0.0,0.0,0.0,0.0,0.0,0.0,0.0,0.0,0.0,False,False
2011-10-03,0.0,0.0,0.0,0.0,0.0,0.0,0.0,0.0,0.0,0.0,0.0,0.0,0.0,0.0,0.0,0.0,0.0,0.0,0.0,0.0,0.0,0.0,0.0,0.0,0.0,0.0,0.0,0.0,0.0,0.0,False,False
2011-10-04,0.0,0.0,0.0,0.0,0.0,0.0,0.0,0.0,0.0,0.0,0.0,0.0,0.0,0.0,0.0,0.0,0.0,0.0,0.0,0.0,0.0,0.0,0.0,0.0,0.0,0.0,0.0,0.0,0.0,0.0,False,False
2011-10-05,0.0,0.0,0.0,0.0,0.0,0.0,0.0,0.0,0.0,0.0,0.0,0.0,0.0,0.0,0.0,0.0,0.0,0.0,0.0,0.0,0.0,0.0,0.0,0.0,0.0,0.0,0.0,0.0,0.0,0.0,False,False
2011-10-06,0.0,0.0,0.0,0.0,0.0,0.0,0.0,0.0,0.0,0.0,0.0,0.0,0.0,0.0,0.0,0.0,0.0,0.0,0.0,0.0,0.0,0.0,0.0,0.0,0.0,0.0,0.0,0.0,0.0,0.0,False,False
2011-10-07,0.0,0.0,0.0,0.0,0.0,0.0,0.0,0.0,0.0,0.0,0.0,0.0,0.0,0.0,0.0,0.0,0.0,0.0,0.0,0.0,0.0,0.0,0.0,0.0,0.0,0.0,0.0,0.0,0.0,0.0,False,False
2011-10-10,0.0,0.0,0.0,0.0,0.0,0.0,0.0,0.0,0.0,0.0,0.0,0.0,0.0,0.0,0.0,0.0,0.0,0.0,0.0,0.0,0.0,0.0,0.0,0.0,0.0,0.0,0.0,0.0,0.0,0.0,False,False
2011-10-11,0.0,0.0,0.0,0.0,0.0,0.0,0.0,0.0,0.0,0.0,0.0,0.0,0.0,0.0,0.0,0.0,0.0,0.0,0.0,0.0,0.0,0.0,0.0,0.0,0.0,0.0,0.0,0.0,0.0,0.0,False,False
2011-10-12,0.0,0.0,0.0,0.0,0.0,0.0,0.0,0.0,0.0,0.0,0.0,0.0,0.0,0.0,0.0,0.0,0.0,0.0,0.0,0.0,0.0,0.0,0.0,0.0,0.0,0.0,0.0,0.0,0.0,0.0,False,False
2011-10-13,0.0,0.0,0.0,0.0,0.0,0.0,0.0,0.0,0.0,0.0,0.0,0.0,0.0,0.0,0.0,0.0,0.0,0.0,0.0,0.0,0.0,0.0,0.0,0.0,0.0,0.0,0.0,0.0,0.0,0.0,False,False
2011-10-14,0.0,0.0,0.0,0.0,0.0,0.0,0.0,0.0,0.0,0.0,0.0,0.0,0.0,0.0,0.0,0.0,0.0,0.0,0.0,0.0,0.0,0.0,0.0,0.0,0.0,0.0,0.0,0.0,0.0,0.0,False,False
2011-10-17,0.0,0.0,0.0,0.0,0.0,0.0,0.0,0.0,0.0,0.0,0.0,0.0,0.0,0.0,0.0,0.0,0.0,0.0,0.0,0.0,0.0,0.0,0.0,0.0,0.0,0.0,0.0,0.0,0.0,0.0,False,False
2011-10-18,0.0,0.0,0.0,0.0,0.0,0.0,0.0,0.0,0.0,0.0,0.0,0.0,0.0,0.0,0.0,0.0,0.0,0.0,0.0,0.0,0.0,0.0,0.0,0.0,0.0,0.0,0.0,0.0,0.0,0.0,False,False
2011-10-19,0.0,0.0,0.0,0.0,0.0,0.0,0.0,0.0,0.0,0.0,0.0,0.0,0.0,0.0,0.0,0.0,0.0,0.0,0.0,0.0,0.0,0.0,0.0,0.0,0.0,0.0,0.0,0.0,0.0,0.0,False,False
2011-10-20,0.0,0.0,0.0,0.0,0.0,0.0,0.0,0.0,0.0,0.0,0.0,0.0,0.0,0.0,0.0,0.0,0.0,0.0,0.0,0.0,0.0,0.0,0.0,0.0,0.0,0.0,0.0,0.0,0.0,0.0,False,False
2011-10-21,0.0,0.0,0.0,0.0,0.0,0.0,0.0,0.0,0.0,0.0,0.0,0.0,0.0,0.0,0.0,0.0,0.0,0.0,0.0,0.0,0.0,0.0,0.0,0.0,0.0,0.0,0.0,0.0,0.0,0.0,False,False
2011-10-24,0.0,0.0,0.0,0.0,0.0,0.0,0.0,0.0,0.0,0.0,0.0,0.0,0.0,0.0,0.0,0.0,0.0,0.0,0.0,0.0,0.0,0.0,0.0,0.0,0.0,0.0,0.0,0.0,0.0,0.0,False,False
2011-10-25,0.0,0.0,0.0,0.0,0.0,0.0,0.0,0.0,0.0,0.0,0.0,0.0,0.0,0.0,0.0,0.0,0.0,0.0,0.0,0.0,0.0,0.0,0.0,0.0,0.0,0.0,0.0,0.0,0.0,0.0,False,False
2011-10-26,0.0,0.0,0.0,0.0,0.0,0.0,0.0,0.0,0.0,0.0,0.0,0.0,0.0,0.0,0.0,0.0,0.0,0.0,0.0,0.0,0.0,0.0,0.0,0.0,0.0,0.0,0.0,0.0,0.0,0.0,False,False
2011-10-27,0.0,0.0,0.0,0.0,0.0,0.0,0.0,0.0,0.0,0.0,0.0,0.0,0.0,0.0,0.0,0.0,0.0,0.0,0.0,0.0,0.0,0.0,0.0,0.0,0.0,0.0,0.0,0.0,0.0,0.0,False,False
2011-10-28,0.0,0.0,0.0,0.0,0.0,0.0,0.0,0.0,0.0,0.0,0.0,0.0,0.0,0.0,0.0,0.0,0.0,0.0,0.0,0.0,0.0,0.0,0.0,0.0,0.0,0.0,0.0,0.0,0.0,0.0,False,False
2011-10-31,0.0,0.0,0.0,0.0,0.0,0.0,0.0,0.0,0.0,0.0,0.0,0.0,0.0,0.0,0.0,0.0,0.0,0.0,0.0,0.0,0.0,0.0,0.0,0.0,0.0,0.0,0.0,0.0,0.0,0.0,False,False
2011-11-01,0.0,0.0,0.0,0.0,0.0,0.0,0.0,0.0,0.0,0.0,0.0,0.0,0.0,0.0,0.0,0.0,0.0,0.0,0.0,0.0,0.0,0.0,0.0,0.0,0.0,0.0,0.0,0.0,0.0,0.0,False,False
2011-11-02,0.0,0.0,0.0,0.0,0.0,0.0,0.0,0.0,0.0,0.0,0.0,0.0,0.0,0.0,0.0,0.0,0.0,0.0,0.0,0.0,0.0,0.0,0.0,0.0,0.0,0.0,0.0,0.0,0.0,0.0,False,False
2011-11-03,0.0,0.0,0.0,0.0,0.0,0.0,0.0,0.0,0.0,0.0,0.0,0.0,0.0,0.0,0.0,0.0,0.0,0.0,0.0,0.0,0.0,0.0,0.0,0.0,0.0,0.0,0.0,0.0,0.0,0.0,False,False
2011-11-04,0.0,0.0,0.0,0.0,0.0,0.0,0.0,0.0,0.0,0.0,0.0,0.0,0.0,0.0,0.0,0.0,0.0,0.0,0.0,0.0,0.0,0.0,0.0,0.0,0.0,0.0,0.0,0.0,0.0,0.0,False,False
2011-11-07,0.0,0.0,0.0,0.0,0.0,0.0,0.0,0.0,0.0,0.0,0.0,0.0,0.0,0.0,0.0,0.0,0.0,0.0,0.0,0.0,0.0,0.0,0.0,0.0,0.0,0.0,0.0,0.0,0.0,0.0,False,False
2011-11-08,0.0,0.0,0.0,0.0,0.0,0.0,0.0,0.0,0.0,0.0,0.0,0.0,0.0,0.0,0.0,0.0,0.0,0.0,0.0,0.0,0.0,0.0,0.0,0.0,0.0,0.0,0.0,0.0,0.0,0.0,False,False
2011-11-09,0.0,0.0,0.0,0.0,0.0,0.0,0.0,0.0,0.0,0.0,0.0,0.0,0.0,0.0,0.0,0.0,0.0,0.0,0.0,0.0,0.0,0.0,0.0,0.0,0.0,0.0,0.0,0.0,0.0,0.0,False,False
2011-11-10,0.0,0.0,0.0,0.0,0.0,0.0,0.0,0.0,0.0,0.0,0.0,0.0,0.0,0.0,0.0,0.0,0.0,0.0,0.0,0.0,0.0,0.0,0.0,0.0,0.0,0.0,0.0,0.0,0.0,0.0,False,False
2011-11-11,0.0,0.0,0.0,0.0,0.0,0.0,0.0,0.0,0.0,0.0,0.0,0.0,0.0,0.0,0.0,0.0,0.0,0.0,0.0,0.0,0.0,0.0,0.0,0.0,0.0,0.0,0.0,0.0,0.0,0.0,False,False
2011-11-14,0.0,0.0,0.0,0.0,0.0,0.0,0.0,0.0,0.0,0.0,0.0,0.0,0.0,0.0,0.0,0.0,0.0,0.0,0.0,0.0,0.0,0.0,0.0,0.0,0.0,0.0,0.0,0.0,0.0,0.0,False,False
2011-11-15,0.0,0.0,0.0,0.0,0.0,0.0,0.0,0.0,0.0,0.0,0.0,0.0,0.0,0.0,0.0,0.0,0.0,0.0,0.0,0.0,0.0,0.0,0.0,0.0,0.0,0.0,0.0,0.0,0.0,0.0,False,False
2011-11-16,0.0,0.0,0.0,0.0,0.0,0.0,0.0,0.0,0.0,0.0,0.0,0.0,0.0,0.0,0.0,0.0,0.0,0.0,0.0,0.0,0.0,0.0,0.0,0.0,0.0,0.0,0.0,0.0,0.0,0.0,False,False
2011-11-17,0.0,0.0,0.0,0.0,0.0,0.0,0.0,0.0,0.0,0.0,0.0,0.0,0.0,0.0,0.0,0.0,0.0,0.0,0.0,0.0,0.0,0.0,0.0,0.0,0.0,0.0,0.0,0.0,0.0,0.0,False,False
2011-11-18,0.0,0.0,0.0,0.0,0.0,0.0,0.0,0.0,0.0,0.0,0.0,0.0,0.0,0.0,0.0,0.0,0.0,0.0,0.0,0.0,0.0,0.0,0.0,0.0,0.0,0.0,0.0,0.0,0.0,0.0,False,False
2011-11-21,0.0,0.0,0.0,0.0,0.0,0.0,0.0,0.0,0.0,0.0,0.0,0.0,0.0,0.0,0.0,0.0,0.0,0.0,0.0,0.0,0.0,0.0,0.0,0.0,0.0,0.0,0.0,0.0,0.0,0.0,False,False
2011-11-22,0.0,0.0,0.0,0.0,0.0,0.0,0.0,0.0,0.0,0.0,0.0,0.0,0.0,0.0,0.0,0.0,0.0,0.0,0.0,0.0,0.0,0.0,0.0,0.0,0.0,0.0,0.0,0.0,0.0,0.0,False,False
2011-11-23,0.0,0.0,0.0,0.0,0.0,0.0,0.0,0.0,0.0,0.0,0.0,0.0,0.0,0.0,0.0,0.0,0.0,0.0,0.0,0.0,0.0,0.0,0.0,0.0,0.0,0.0,0.0,0.0,0.0,0.0,False,False
2011-11-25,0.0,0.0,0.0,0.0,0.0,0.0,0.0,0.0,0.0,0.0,0.0,0.0,0.0,0.0,0.0,0.0,0.0,0.0,0.0,0.0,0.0,0.0,0.0,0.0,0.0,0.0,0.0,0.0,0.0,0.0,False,False
2011-11-28,0.0,0.0,0.0,0.0,0.0,0.0,0.0,0.0,0.0,0.0,0.0,0.0,0.0,0.0,0.0,0.0,0.0,0.0,0.0,0.0,0.0,0.0,0.0,0.0,0.0,0.0,0.0,0.0,0.0,0.0,False,False
2011-11-29,0.0,0.0,0.0,0.0,0.0,0.0,0.0,0.0,0.0,0.0,0.0,0.0,0.0,0.0,0.0,0.0,0.0,0.0,0.0,0.0,0.0,0.0,0.0,0.0,0.0,0.0,0.0,0.0,0.0,0.0,False,False
2011-11-30,0.0,0.0,0.0,0.0,0.0,0.0,0.0,0.0,0.0,0.0,0.0,0.0,0.0,0.0,0.0,0.0,0.0,0.0,0.0,0.0,0.0,0.0,0.0,0.0,0.0,0.0,0.0,0.0,0.0,0.0,False,False
2011-12-01,0.0,0.0,0.0,0.0,0.0,0.0,0.0,0.0,0.0,0.0,0.0,0.0,0.0,0.0,0.0,0.0,0.0,0.0,0.0,0.0,0.0,0.0,0.0,0.0,0.0,0.0,0.0,0.0,0.0,0.0,False,False
2011-12-02,0.0,0.0,0.0,0.0,0.0,0.0,0.0,0.0,0.0,0.0,0.0,0.0,0.0,0.0,0.0,0.0,0.0,0.0,0.0,0.0,0.0,0.0,0.0,0.0,0.0,0.0,0.0,0.0,0.0,0.0,False,False
2011-12-05,0.0,0.0,0.0,0.0,0.0,0.0,0.0,0.0,0.0,0.0,0.0,0.0,0.0,0.0,0.0,0.0,0.0,0.0,0.0,0.0,0.0,0.0,0.0,0.0,0.0,0.0,0.0,0.0,0.0,0.0,False,False
2011-12-06,0.0,0.0,0.0,0.0,0.0,0.0,0.0,0.0,0.0,0.0,0.0,0.0,0.0,0.0,0.0,0.0,0.0,0.0,0.0,0.0,0.0,0.0,0.0,0.0,0.0,0.0,0.0,0.0,0.0,0.0,False,False
2011-12-07,0.0,0.0,0.0,0.0,0.0,0.0,0.0,0.0,0.0,0.0,0.0,0.0,0.0,0.0,0.0,0.0,0.0,0.0,0.0,0.0,0.0,0.0,0.0,0.0,0.0,0.0,0.0,0.0,0.0,0.0,False,False
2011-12-08,0.0,0.0,0.0,0.0,0.0,0.0,0.0,0.0,0.0,0.0,0.0,0.0,0.0,0.0,0.0,0.0,0.0,0.0,0.0,0.0,0.0,0.0,0.0,0.0,0.0,0.0,0.0,0.0,0.0,0.0,False,False
2011-12-09,0.0,0.0,0.0,0.0,0.0,0.0,0.0,0.0,0.0,0.0,0.0,0.0,0.0,0.0,0.0,0.0,0.0,0.0,0.0,0.0,0.0,0.0,0.0,0.0,0.0,0.0,0.0,0.0,0.0,0.0,False,False
2011-12-12,0.0,0.0,0.0,0.0,0.0,0.0,0.0,0.0,0.0,0.0,0.0,0.0,0.0,0.0,0.0,0.0,0.0,0.0,0.0,0.0,0.0,0.0,0.0,0.0,0.0,0.0,0.0,0.0,0.0,0.0,False,False
2011-12-13,0.0,0.0,0.0,0.0,0.0,0.0,0.0,0.0,0.0,0.0,0.0,0.0,0.0,0.0,0.0,0.0,0.0,0.0,0.0,0.0,0.0,0.0,0.0,0.0,0.0,0.0,0.0,0.0,0.0,0.0,False,False
2011-12-14,0.0,0.0,0.0,0.0,0.0,0.0,0.0,0.0,0.0,0.0,0.0,0.0,0.0,0.0,0.0,0.0,0.0,0.0,0.0,0.0,0.0,0.0,0.0,0.0,0.0,0.0,0.0,0.0,0.0,0.0,False,False
2011-12-15,0.0,0.0,0.0,0.0,0.0,0.0,0.0,0.0,0.0,0.0,0.0,0.0,0.0,0.0,0.0,0.0,0.0,0.0,0.0,0.0,0.0,0.0,0.0,0.0,0.0,0.0,0.0,0.0,0.0,0.0,False,False
2011-12-16,0.0,0.0,0.0,0.0,0.0,0.0,0.0,0.0,0.0,0.0,0.0,0.0,0.0,0.0,0.0,0.0,0.0,0.0,0.0,0.0,0.0,0.0,0.0,0.0,0.0,0.0,0.0,0.0,0.0,0.0,False,False
2011-12-19,0.0,0.0,0.0,0.0,0.0,0.0,0.0,0.0,0.0,0.0,0.0,0.0,0.0,0.0,0.0,0.0,0.0,0.0,0.0,0.0,0.0,0.0,0.0,0.0,0.0,0.0,0.0,0.0,0.0,0.0,False,False
2011-12-20,0.0,0.0,0.0,0.0,0.0,0.0,0.0,0.0,0.0,0.0,0.0,0.0,0.0,0.0,0.0,0.0,0.0,0.0,0.0,0.0,0.0,0.0,0.0,0.0,0.0,0.0,0.0,0.0,0.0,0.0,False,False
2011-12-21,0.0,0.0,0.0,0.0,0.0,0.0,0.0,0.0,0.0,0.0,0.0,0.0,0.0,0.0,0.0,0.0,0.0,0.0,0.0,0.0,0.0,0.0,0.0,0.0,0.0,0.0,0.0,0.0,0.0,0.0,False,False
2011-12-22,0.0,0.0,0.0,0.0,0.0,0.0,0.0,0.0,0.0,0.0,0.0,0.0,0.0,0.0,0.0,0.0,0.0,0.0,0.0,0.0,0.0,0.0,0.0,0.0,0.0,0.0,0.0,0.0,0.0,0.0,False,False
2011-12-23,0.0,0.0,0.0,0.0,0.0,0.0,0.0,0.0,0.0,0.0,0.0,0.0,0.0,0.0,0.0,0.0,0.0,0.0,0.0,0.0,0.0,0.0,0.0,0.0,0.0,0.0,0.0,0.0,0.0,0.0,False,False
2011-12-27,0.0,0.0,0.0,0.0,0.0,0.0,0.0,0.0,0.0,0.0,0.0,0.0,0.0,0.0,0.0,0.0,0.0,0.0,0.0,0.0,0.0,0.0,0.0,0.0,0.0,0.0,0.0,0.0,0.0,0.0,False,False
2011-12-28,0.0,0.0,0.0,0.0,0.0,0.0,0.0,0.0,0.0,0.0,0.0,0.0,0.0,0.0,0.0,0.0,0.0,0.0,0.0,0.0,0.0,0.0,0.0,0.0,0.0,0.0,0.0,0.0,0.0,0.0,False,False
2011-12-29,0.0,0.0,0.0,0.0,0.0,0.0,0.0,0.0,0.0,0.0,0.0,0.0,0.0,0.0,0.0,0.0,0.0,0.0,0.0,0.0,0.0,0.0,0.0,0.0,0.0,0.0,0.0,0.0,0.0,0.0,False,False
2011-12-30,0.0,0.0,0.0,0.0,0.0,0.0,0.0,0.0,0.0,0.0,0.0,0.0,0.0,0.0,0.0,0.0,0.0,0.0,0.0,0.0,0.0,0.0,0.0,0.0,0.0,0.0,0.0,0.0,0.0,0.0,False,False
2012-01-03,0.0,0.0,0.0,0.0,0.0,0.0,0.0,0.0,0.0,0.0,0.0,0.0,0.0,0.0,0.0,0.0,0.0,0.0,0.0,0.0,0.0,0.0,0.0,0.0,0.0,0.0,0.0,0.0,0.0,0.0,False,False
2012-01-04,0.0,0.0,0.0,0.0,0.0,0.0,0.0,0.0,0.0,0.0,0.0,0.0,0.0,0.0,0.0,0.0,0.0,0.0,0.0,0.0,0.0,0.0,0.0,0.0,0.0,0.0,0.0,0.0,0.0,0.0,False,False
2012-01-05,0.0,0.0,0.0,0.0,0.0,0.0,0.0,0.0,0.0,0.0,0.0,0.0,0.0,0.0,0.0,0.0,0.0,0.0,0.0,0.0,0.0,0.0,0.0,0.0,0.0,0.0,0.0,0.0,0.0,0.0,False,False
2012-01-06,0.0,0.0,0.0,0.0,0.0,0.0,0.0,0.0,0.0,0.0,0.0,0.0,0.0,0.0,0.0,0.0,0.0,0.0,0.0,0.0,0.0,0.0,0.0,0.0,0.0,0.0,0.0,0.0,0.0,0.0,False,False
2012-01-09,0.0,0.0,0.0,0.0,0.0,0.0,0.0,0.0,0.0,0.0,0.0,0.0,0.0,0.0,0.0,0.0,0.0,0.0,0.0,0.0,0.0,0.0,0.0,0.0,0.0,0.0,0.0,0.0,0.0,0.0,False,False
2012-01-10,0.0,0.0,0.0,0.0,0.0,0.0,0.0,0.0,0.0,0.0,0.0,0.0,0.0,0.0,0.0,0.0,0.0,0.0,0.0,0.0,0.0,0.0,0.0,0.0,0.0,0.0,0.0,0.0,0.0,0.0,False,False
2012-01-11,0.0,0.0,0.0,0.0,0.0,0.0,0.0,0.0,0.0,0.0,0.0,0.0,0.0,0.0,0.0,0.0,0.0,0.0,0.0,0.0,0.0,0.0,0.0,0.0,0.0,0.0,0.0,0.0,0.0,0.0,False,False
2012-01-12,0.0,0.0,0.0,0.0,0.0,0.0,0.0,0.0,0.0,0.0,0.0,0.0,0.0,0.0,0.0,0.0,0.0,0.0,0.0,0.0,0.0,0.0,0.0,0.0,0.0,0.0,0.0,0.0,0.0,0.0,False,False
2012-01-13,0.0,0.0,0.0,0.0,0.0,0.0,0.0,0.0,0.0,0.0,0.0,0.0,0.0,0.0,0.0,0.0,0.0,0.0,0.0,0.0,0.0,0.0,0.0,0.0,0.0,0.0,0.0,0.0,0.0,0.0,False,False
2012-01-17,0.0,0.0,0.0,0.0,0.0,0.0,0.0,0.0,0.0,0.0,0.0,0.0,0.0,0.0,0.0,0.0,0.0,0.0,0.0,0.0,0.0,0.0,0.0,0.0,0.0,0.0,0.0,0.0,0.0,0.0,False,False
2012-01-18,0.0,0.0,0.0,0.0,0.0,0.0,0.0,0.0,0.0,0.0,0.0,0.0,0.0,0.0,0.0,0.0,0.0,0.0,0.0,0.0,0.0,0.0,0.0,0.0,0.0,0.0,0.0,0.0,0.0,0.0,False,False
2012-01-19,0.0,0.0,0.0,0.0,0.0,0.0,0.0,0.0,0.0,0.0,0.0,0.0,0.0,0.0,0.0,0.0,0.0,0.0,0.0,0.0,0.0,0.0,0.0,0.0,0.0,0.0,0.0,0.0,0.0,0.0,False,False
2012-01-20,0.0,0.0,0.0,0.0,0.0,0.0,0.0,0.0,0.0,0.0,0.0,0.0,0.0,0.0,0.0,0.0,0.0,0.0,0.0,0.0,0.0,0.0,0.0,0.0,0.0,0.0,0.0,0.0,0.0,0.0,False,False
2012-01-23,0.0,0.0,0.0,0.0,0.0,0.0,0.0,0.0,0.0,0.0,0.0,0.0,0.0,0.0,0.0,0.0,0.0,0.0,0.0,0.0,0.0,0.0,0.0,0.0,0.0,0.0,0.0,0.0,0.0,0.0,False,False
2012-01-24,0.0,0.0,0.0,0.0,0.0,0.0,0.0,0.0,0.0,0.0,0.0,0.0,0.0,0.0,0.0,0.0,0.0,0.0,0.0,0.0,0.0,0.0,0.0,0.0,0.0,0.0,0.0,0.0,0.0,0.0,False,False
2012-01-25,0.0,0.0,0.0,0.0,0.0,0.0,0.0,0.0,0.0,0.0,0.0,0.0,0.0,0.0,0.0,0.0,0.0,0.0,0.0,0.0,0.0,0.0,0.0,0.0,0.0,0.0,0.0,0.0,0.0,0.0,False,False
2012-01-26,0.0,0.0,0.0,0.0,0.0,0.0,0.0,0.0,0.0,0.0,0.0,0.0,0.0,0.0,0.0,0.0,0.0,0.0,0.0,0.0,0.0,0.0,0.0,0.0,0.0,0.0,0.0,0.0,0.0,0.0,False,False
2012-01-27,0.0,0.0,0.0,0.0,0.0,0.0,0.0,0.0,0.0,0.0,0.0,0.0,0.0,0.0,0.0,0.0,0.0,0.0,0.0,0.0,0.0,0.0,0.0,0.0,0.0,0.0,0.0,0.0,0.0,0.0,False,False
2012-01-30,0.0,0.0,0.0,0.0,0.0,0.0,0.0,0.0,0.0,0.0,0.0,0.0,0.0,0.0,0.0,0.0,0.0,0.0,0.0,0.0,0.0,0.0,0.0,0.0,0.0,0.0,0.0,0.0,0.0,0.0,False,False
2012-01-31,0.0,0.0,0.0,0.0,0.0,0.0,0.0,0.0,0.0,0.0,0.0,0.0,0.0,0.0,0.0,0.0,0.0,0.0,0.0,0.0,0.0,0.0,0.0,0.0,0.0,0.0,0.0,0.0,0.0,0.0,False,False
2012-02-01,0.0,0.0,0.0,0.0,0.0,0.0,0.0,0.0,0.0,0.0,0.0,0.0,0.0,0.0,0.0,0.0,0.0,0.0,0.0,0.0,0.0,0.0,0.0,0.0,0.0,0.0,0.0,0.0,0.0,0.0,False,False
2012-02-02,0.0,0.0,0.0,0.0,0.0,0.0,0.0,0.0,0.0,0.0,0.0,0.0,0.0,0.0,0.0,0.0,0.0,0.0,0.0,0.0,0.0,0.0,0.0,0.0,0.0,0.0,0.0,0.0,0.0,0.0,False,False
2012-02-03,0.0,0.0,0.0,0.0,0.0,0.0,0.0,0.0,0.0,0.0,0.0,0.0,0.0,0.0,0.0,0.0,0.0,0.0,0.0,0.0,0.0,0.0,0.0,0.0,0.0,0.0,0.0,0.0,0.0,0.0,False,False
2012-02-06,0.0,0.0,0.0,0.0,0.0,0.0,0.0,0.0,0.0,0.0,0.0,0.0,0.0,0.0,0.0,0.0,0.0,0.0,0.0,0.0,0.0,0.0,0.0,0.0,0.0,0.0,0.0,0.0,0.0,0.0,False,False
2012-02-07,0.0,0.0,0.0,0.0,0.0,0.0,0.0,0.0,0.0,0.0,0.0,0.0,0.0,0.0,0.0,0.0,0.0,0.0,0.0,0.0,0.0,0.0,0.0,0.0,0.0,0.0,0.0,0.0,0.0,0.0,False,False
2012-02-08,0.0,0.0,0.0,0.0,0.0,0.0,0.0,0.0,0.0,0.0,0.0,0.0,0.0,0.0,0.0,0.0,0.0,0.0,0.0,0.0,0.0,0.0,0.0,0.0,0.0,0.0,0.0,0.0,0.0,0.0,False,False
2012-02-09,0.0,0.0,0.0,0.0,0.0,0.0,0.0,0.0,0.0,0.0,0.0,0.0,0.0,0.0,0.0,0.0,0.0,0.0,0.0,0.0,0.0,0.0,0.0,0.0,0.0,0.0,0.0,0.0,0.0,0.0,False,False
2012-02-10,0.0,0.0,0.0,0.0,0.0,0.0,0.0,0.0,0.0,0.0,0.0,0.0,0.0,0.0,0.0,0.0,0.0,0.0,0.0,0.0,0.0,0.0,0.0,0.0,0.0,0.0,0.0,0.0,0.0,0.0,False,False
2012-02-13,0.0,0.0,0.0,0.0,0.0,0.0,0.0,0.0,0.0,0.0,0.0,0.0,0.0,0.0,0.0,0.0,0.0,0.0,0.0,0.0,0.0,0.0,0.0,0.0,0.0,0.0,0.0,0.0,0.0,0.0,False,False
2012-02-14,0.0,0.0,0.0,0.0,0.0,0.0,0.0,0.0,0.0,0.0,0.0,0.0,0.0,0.0,0.0,0.0,0.0,0.0,0.0,0.0,0.0,0.0,0.0,0.0,0.0,0.0,0.0,0.0,0.0,0.0,False,False
2012-02-15,0.0,0.0,0.0,0.0,0.0,0.0,0.0,0.0,0.0,0.0,0.0,0.0,0.0,0.0,0.0,0.0,0.0,0.0,0.0,0.0,0.0,0.0,0.0,0.0,0.0,0.0,0.0,0.0,0.0,0.0,False,False
2012-02-16,0.0,0.0,0.0,0.0,0.0,0.0,0.0,0.0,0.0,0.0,0.0,0.0,0.0,0.0,0.0,0.0,0.0,0.0,0.0,0.0,0.0,0.0,0.0,0.0,0.0,0.0,0.0,0.0,0.0,0.0,False,False
2012-02-17,0.0,0.0,0.0,0.0,0.0,0.0,0.0,0.0,0.0,0.0,0.0,0.0,0.0,0.0,0.0,0.0,0.0,0.0,0.0,0.0,0.0,0.0,0.0,0.0,0.0,0.0,0.0,0.0,0.0,0.0,False,False
2012-02-21,0.0,0.0,0.0,0.0,0.0,0.0,0.0,0.0,0.0,0.0,0.0,0.0,0.0,0.0,0.0,0.0,0.0,0.0,0.0,0.0,0.0,0.0,0.0,0.0,0.0,0.0,0.0,0.0,0.0,0.0,False,False
2012-02-22,0.0,0.0,0.0,0.0,0.0,0.0,0.0,0.0,0.0,0.0,0.0,0.0,0.0,0.0,0.0,0.0,0.0,0.0,0.0,0.0,0.0,0.0,0.0,0.0,0.0,0.0,0.0,0.0,0.0,0.0,False,False
2012-02-23,0.0,0.0,0.0,0.0,0.0,0.0,0.0,0.0,0.0,0.0,0.0,0.0,0.0,0.0,0.0,0.0,0.0,0.0,0.0,0.0,0.0,0.0,0.0,0.0,0.0,0.0,0.0,0.0,0.0,0.0,False,False
2012-02-24,0.0,0.0,0.0,0.0,0.0,0.0,0.0,0.0,0.0,0.0,0.0,0.0,0.0,0.0,0.0,0.0,0.0,0.0,0.0,0.0,0.0,0.0,0.0,0.0,0.0,0.0,0.0,0.0,0.0,0.0,False,False
2012-02-27,0.0,0.0,0.0,0.0,0.0,0.0,0.0,0.0,0.0,0.0,0.0,0.0,0.0,0.0,0.0,0.0,0.0,0.0,0.0,0.0,0.0,0.0,0.0,0.0,0.0,0.0,0.0,0.0,0.0,0.0,False,False
2012-02-28,0.0,0.0,0.0,0.0,0.0,0.0,0.0,0.0,0.0,0.0,0.0,0.0,0.0,0.0,0.0,0.0,0.0,0.0,0.0,0.0,0.0,0.0,0.0,0.0,0.0,0.0,0.0,0.0,0.0,0.0,False,False
2012-02-29,0.0,0.0,0.0,0.0,0.0,0.0,0.0,0.0,0.0,0.0,0.0,0.0,0.0,0.0,0.0,0.0,0.0,0.0,0.0,0.0,0.0,0.0,0.0,0.0,0.0,0.0,0.0,0.0,0.0,0.0,False,False
2012-03-01,0.0,0.0,0.0,0.0,0.0,0.0,0.0,0.0,0.0,0.0,0.0,0.0,0.0,0.0,0.0,0.0,0.0,0.0,0.0,0.0,0.0,0.0,0.0,0.0,0.0,0.0,0.0,0.0,0.0,0.0,False,False
2012-03-02,0.0,0.0,0.0,0.0,0.0,0.0,0.0,0.0,0.0,0.0,0.0,0.0,0.0,0.0,0.0,0.0,0.0,0.0,0.0,0.0,0.0,0.0,0.0,0.0,0.0,0.0,0.0,0.0,0.0,0.0,False,False
2012-03-05,0.0,0.0,0.0,0.0,0.0,0.0,0.0,0.0,0.0,0.0,0.0,0.0,0.0,0.0,0.0,0.0,0.0,0.0,0.0,0.0,0.0,0.0,0.0,0.0,0.0,0.0,0.0,0.0,0.0,0.0,False,False
2012-03-06,0.0,0.0,0.0,0.0,0.0,0.0,0.0,0.0,0.0,0.0,0.0,0.0,0.0,0.0,0.0,0.0,0.0,0.0,0.0,0.0,0.0,0.0,0.0,0.0,0.0,0.0,0.0,0.0,0.0,0.0,False,False
2012-03-07,0.0,0.0,0.0,0.0,0.0,0.0,0.0,0.0,0.0,0.0,0.0,0.0,0.0,0.0,0.0,0.0,0.0,0.0,0.0,0.0,0.0,0.0,0.0,0.0,0.0,0.0,0.0,0.0,0.0,0.0,False,False
2012-03-08,0.0,0.0,0.0,0.0,0.0,0.0,0.0,0.0,0.0,0.0,0.0,0.0,0.0,0.0,0.0,0.0,0.0,0.0,0.0,0.0,0.0,0.0,0.0,0.0,0.0,0.0,0.0,0.0,0.0,0.0,False,False
2012-03-09,0.0,0.0,0.0,0.0,0.0,0.0,0.0,0.0,0.0,0.0,0.0,0.0,0.0,0.0,0.0,0.0,0.0,0.0,0.0,0.0,0.0,0.0,0.0,0.0,0.0,0.0,0.0,0.0,0.0,0.0,False,False
2012-03-12,0.0,0.0,0.0,0.0,0.0,0.0,0.0,0.0,0.0,0.0,0.0,0.0,0.0,0.0,0.0,0.0,0.0,0.0,0.0,0.0,0.0,0.0,0.0,0.0,0.0,0.0,0.0,0.0,0.0,0.0,False,False
2012-03-13,0.0,0.0,0.0,0.0,0.0,0.0,0.0,0.0,0.0,0.0,0.0,0.0,0.0,0.0,0.0,0.0,0.0,0.0,0.0,0.0,0.0,0.0,0.0,0.0,0.0,0.0,0.0,0.0,0.0,0.0,False,False
2012-03-14,0.0,0.0,0.0,0.0,0.0,0.0,0.0,0.0,0.0,0.0,0.0,0.0,0.0,0.0,0.0,0.0,0.0,0.0,0.0,0.0,0.0,0.0,0.0,0.0,0.0,0.0,0.0,0.0,0.0,0.0,False,False
2012-03-15,0.0,0.0,0.0,0.0,0.0,0.0,0.0,0.0,0.0,0.0,0.0,0.0,0.0,0.0,0.0,0.0,0.0,0.0,0.0,0.0,0.0,0.0,0.0,0.0,0.0,0.0,0.0,0.0,0.0,0.0,False,False
2012-03-16,0.0,0.0,0.0,0.0,0.0,0.0,0.0,0.0,0.0,0.0,0.0,0.0,0.0,0.0,0.0,0.0,0.0,0.0,0.0,0.0,0.0,0.0,0.0,0.0,0.0,0.0,0.0,0.0,0.0,0.0,False,False
2012-03-19,0.0,0.0,0.0,0.0,0.0,0.0,0.0,0.0,0.0,0.0,0.0,0.0,0.0,0.0,0.0,0.0,0.0,0.0,0.0,0.0,0.0,0.0,0.0,0.0,0.0,0.0,0.0,0.0,0.0,0.0,False,False
2012-03-20,0.0,0.0,0.0,0.0,0.0,0.0,0.0,0.0,0.0,0.0,0.0,0.0,0.0,0.0,0.0,0.0,0.0,0.0,0.0,0.0,0.0,0.0,0.0,0.0,0.0,0.0,0.0,0.0,0.0,0.0,False,False
2012-03-21,0.0,0.0,0.0,0.0,0.0,0.0,0.0,0.0,0.0,0.0,0.0,0.0,0.0,0.0,0.0,0.0,0.0,0.0,0.0,0.0,0.0,0.0,0.0,0.0,0.0,0.0,0.0,0.0,0.0,0.0,False,False
2012-03-22,0.0,0.0,0.0,0.0,0.0,0.0,0.0,0.0,0.0,0.0,0.0,0.0,0.0,0.0,0.0,0.0,0.0,0.0,0.0,0.0,0.0,0.0,0.0,0.0,0.0,0.0,0.0,0.0,0.0,0.0,False,False
2012-03-23,0.0,0.0,0.0,0.0,0.0,0.0,0.0,0.0,0.0,0.0,0.0,0.0,0.0,0.0,0.0,0.0,0.0,0.0,0.0,0.0,0.0,0.0,0.0,0.0,0.0,0.0,0.0,0.0,0.0,0.0,False,False
2012-03-26,0.0,0.0,0.0,0.0,0.0,0.0,0.0,0.0,0.0,0.0,0.0,0.0,0.0,0.0,0.0,0.0,0.0,0.0,0.0,0.0,0.0,0.0,0.0,0.0,0.0,0.0,0.0,0.0,0.0,0.0,False,False
2012-03-27,0.0,0.0,0.0,0.0,0.0,0.0,0.0,0.0,0.0,0.0,0.0,0.0,0.0,0.0,0.0,0.0,0.0,0.0,0.0,0.0,0.0,0.0,0.0,0.0,0.0,0.0,0.0,0.0,0.0,0.0,False,False
2012-03-28,0.0,0.0,0.0,0.0,0.0,0.0,0.0,0.0,0.0,0.0,0.0,0.0,0.0,0.0,0.0,0.0,0.0,0.0,0.0,0.0,0.0,0.0,0.0,0.0,0.0,0.0,0.0,0.0,0.0,0.0,False,False
2012-03-29,0.0,0.0,0.0,0.0,0.0,0.0,0.0,0.0,0.0,0.0,0.0,0.0,0.0,0.0,0.0,0.0,0.0,0.0,0.0,0.0,0.0,0.0,0.0,0.0,0.0,0.0,0.0,0.0,0.0,0.0,False,False
2012-03-30,0.0,0.0,0.0,0.0,0.0,0.0,0.0,0.0,0.0,0.0,0.0,0.0,0.0,0.0,0.0,0.0,0.0,0.0,0.0,0.0,0.0,0.0,0.0,0.0,0.0,0.0,0.0,0.0,0.0,0.0,False,False
2012-04-02,0.0,0.0,0.0,0.0,0.0,0.0,0.0,0.0,0.0,0.0,0.0,0.0,0.0,0.0,0.0,0.0,0.0,0.0,0.0,0.0,0.0,0.0,0.0,0.0,0.0,0.0,0.0,0.0,0.0,0.0,False,False
2012-04-03,0.0,0.0,0.0,0.0,0.0,0.0,0.0,0.0,0.0,0.0,0.0,0.0,0.0,0.0,0.0,0.0,0.0,0.0,0.0,0.0,0.0,0.0,0.0,0.0,0.0,0.0,0.0,0.0,0.0,0.0,False,False
2012-04-04,0.0,0.0,0.0,0.0,0.0,0.0,0.0,0.0,0.0,0.0,0.0,0.0,0.0,0.0,0.0,0.0,0.0,0.0,0.0,0.0,0.0,0.0,0.0,0.0,0.0,0.0,0.0,0.0,0.0,0.0,False,False
2012-04-05,0.0,0.0,0.0,0.0,0.0,0.0,0.0,0.0,0.0,0.0,0.0,0.0,0.0,0.0,0.0,0.0,0.0,0.0,0.0,0.0,0.0,0.0,0.0,0.0,0.0,0.0,0.0,0.0,0.0,0.0,False,False
2012-04-09,0.0,0.0,0.0,0.0,0.0,0.0,0.0,0.0,0.0,0.0,0.0,0.0,0.0,0.0,0.0,0.0,0.0,0.0,0.0,0.0,0.0,0.0,0.0,0.0,0.0,0.0,0.0,0.0,0.0,0.0,False,False
2012-04-10,0.0,0.0,0.0,0.0,0.0,0.0,0.0,0.0,0.0,0.0,0.0,0.0,0.0,0.0,0.0,0.0,0.0,0.0,0.0,0.0,0.0,0.0,0.0,0.0,0.0,0.0,0.0,0.0,0.0,0.0,False,False
2012-04-11,0.0,0.0,0.0,0.0,0.0,0.0,0.0,0.0,0.0,0.0,0.0,0.0,0.0,0.0,0.0,0.0,0.0,0.0,0.0,0.0,0.0,0.0,0.0,0.0,0.0,0.0,0.0,0.0,0.0,0.0,False,False
2012-04-12,0.0,0.0,0.0,0.0,0.0,0.0,0.0,0.0,0.0,0.0,0.0,0.0,0.0,0.0,0.0,0.0,0.0,0.0,0.0,0.0,0.0,0.0,0.0,0.0,0.0,0.0,0.0,0.0,0.0,0.0,False,False
2012-04-13,0.0,0.0,0.0,0.0,0.0,0.0,0.0,0.0,0.0,0.0,0.0,0.0,0.0,0.0,0.0,0.0,0.0,0.0,0.0,0.0,0.0,0.0,0.0,0.0,0.0,0.0,0.0,0.0,0.0,0.0,False,False
2012-04-16,0.0,0.0,0.0,0.0,0.0,0.0,0.0,0.0,0.0,0.0,0.0,0.0,0.0,0.0,0.0,0.0,0.0,0.0,0.0,0.0,0.0,0.0,0.0,0.0,0.0,0.0,0.0,0.0,0.0,0.0,False,False
2012-04-17,0.0,0.0,0.0,0.0,0.0,0.0,0.0,0.0,0.0,0.0,0.0,0.0,0.0,0.0,0.0,0.0,0.0,0.0,0.0,0.0,0.0,0.0,0.0,0.0,0.0,0.0,0.0,0.0,0.0,0.0,False,False
2012-04-18,0.0,0.0,0.0,0.0,0.0,0.0,0.0,0.0,0.0,0.0,0.0,0.0,0.0,0.0,0.0,0.0,0.0,0.0,0.0,0.0,0.0,0.0,0.0,0.0,0.0,0.0,0.0,0.0,0.0,0.0,False,False
2012-04-19,0.0,0.0,0.0,0.0,0.0,0.0,0.0,0.0,0.0,0.0,0.0,0.0,0.0,0.0,0.0,0.0,0.0,0.0,0.0,0.0,0.0,0.0,0.0,0.0,0.0,0.0,0.0,0.0,0.0,0.0,False,False
2012-04-20,0.0,0.0,0.0,0.0,0.0,0.0,0.0,0.0,0.0,0.0,0.0,0.0,0.0,0.0,0.0,0.0,0.0,0.0,0.0,0.0,0.0,0.0,0.0,0.0,0.0,0.0,0.0,0.0,0.0,0.0,False,False
2012-04-23,0.0,0.0,0.0,0.0,0.0,0.0,0.0,0.0,0.0,0.0,0.0,0.0,0.0,0.0,0.0,0.0,0.0,0.0,0.0,0.0,0.0,0.0,0.0,0.0,0.0,0.0,0.0,0.0,0.0,0.0,False,False
2012-04-24,0.0,0.0,0.0,0.0,0.0,0.0,0.0,0.0,0.0,0.0,0.0,0.0,0.0,0.0,0.0,0.0,0.0,0.0,0.0,0.0,0.0,0.0,0.0,0.0,0.0,0.0,0.0,0.0,0.0,0.0,False,False
2012-04-25,0.0,0.0,0.0,0.0,0.0,0.0,0.0,0.0,0.0,0.0,0.0,0.0,0.0,0.0,0.0,0.0,0.0,0.0,0.0,0.0,0.0,0.0,0.0,0.0,0.0,0.0,0.0,0.0,0.0,0.0,False,False
2012-04-26,0.0,0.0,0.0,0.0,0.0,0.0,0.0,0.0,0.0,0.0,0.0,0.0,0.0,0.0,0.0,0.0,0.0,0.0,0.0,0.0,0.0,0.0,0.0,0.0,0.0,0.0,0.0,0.0,0.0,0.0,False,False
2012-04-27,0.0,0.0,0.0,0.0,0.0,0.0,0.0,0.0,0.0,0.0,0.0,0.0,0.0,0.0,0.0,0.0,0.0,0.0,0.0,0.0,0.0,0.0,0.0,0.0,0.0,0.0,0.0,0.0,0.0,0.0,False,False
2012-04-30,0.0,0.0,0.0,0.0,0.0,0.0,0.0,0.0,0.0,0.0,0.0,0.0,0.0,0.0,0.0,0.0,0.0,0.0,0.0,0.0,0.0,0.0,0.0,0.0,0.0,0.0,0.0,0.0,0.0,0.0,False,False
2012-05-01,0.0,0.0,0.0,0.0,0.0,0.0,0.0,0.0,0.0,0.0,0.0,0.0,0.0,0.0,0.0,0.0,0.0,0.0,0.0,0.0,0.0,0.0,0.0,0.0,0.0,0.0,0.0,0.0,0.0,0.0,False,False
2012-05-02,0.0,0.0,0.0,0.0,0.0,0.0,0.0,0.0,0.0,0.0,0.0,0.0,0.0,0.0,0.0,0.0,0.0,0.0,0.0,0.0,0.0,0.0,0.0,0.0,0.0,0.0,0.0,0.0,0.0,0.0,False,False
2012-05-03,0.0,0.0,0.0,0.0,0.0,0.0,0.0,0.0,0.0,0.0,0.0,0.0,0.0,0.0,0.0,0.0,0.0,0.0,0.0,0.0,0.0,0.0,0.0,0.0,0.0,0.0,0.0,0.0,0.0,0.0,False,False
2012-05-04,0.0,0.0,0.0,0.0,0.0,0.0,0.0,0.0,0.0,0.0,0.0,0.0,0.0,0.0,0.0,0.0,0.0,0.0,0.0,0.0,0.0,0.0,0.0,0.0,0.0,0.0,0.0,0.0,0.0,0.0,False,False
2012-05-07,0.0,0.0,0.0,0.0,0.0,0.0,0.0,0.0,0.0,0.0,0.0,0.0,0.0,0.0,0.0,0.0,0.0,0.0,0.0,0.0,0.0,0.0,0.0,0.0,0.0,0.0,0.0,0.0,0.0,0.0,False,False
2012-05-08,0.0,0.0,0.0,0.0,0.0,0.0,0.0,0.0,0.0,0.0,0.0,0.0,0.0,0.0,0.0,0.0,0.0,0.0,0.0,0.0,0.0,0.0,0.0,0.0,0.0,0.0,0.0,0.0,0.0,0.0,False,False
2012-05-09,0.0,0.0,0.0,0.0,0.0,0.0,0.0,0.0,0.0,0.0,0.0,0.0,0.0,0.0,0.0,0.0,0.0,0.0,0.0,0.0,0.0,0.0,0.0,0.0,0.0,0.0,0.0,0.0,0.0,0.0,False,False
2012-05-10,0.0,0.0,0.0,0.0,0.0,0.0,0.0,0.0,0.0,0.0,0.0,0.0,0.0,0.0,0.0,0.0,0.0,0.0,0.0,0.0,0.0,0.0,0.0,0.0,0.0,0.0,0.0,0.0,0.0,0.0,False,False
2012-05-11,0.0,0.0,0.0,0.0,0.0,0.0,0.0,0.0,0.0,0.0,0.0,0.0,0.0,0.0,0.0,0.0,0.0,0.0,0.0,0.0,0.0,0.0,0.0,0.0,0.0,0.0,0.0,0.0,0.0,0.0,False,False
2012-05-14,0.0,0.0,0.0,0.0,0.0,0.0,0.0,0.0,0.0,0.0,0.0,0.0,0.0,0.0,0.0,0.0,0.0,0.0,0.0,0.0,0.0,0.0,0.0,0.0,0.0,0.0,0.0,0.0,0.0,0.0,False,False
2012-05-15,0.0,0.0,0.0,0.0,0.0,0.0,0.0,0.0,0.0,0.0,0.0,0.0,0.0,0.0,0.0,0.0,0.0,0.0,0.0,0.0,0.0,0.0,0.0,0.0,0.0,0.0,0.0,0.0,0.0,0.0,False,False
2012-05-16,0.0,0.0,0.0,0.0,0.0,0.0,0.0,0.0,0.0,0.0,0.0,0.0,0.0,0.0,0.0,0.0,0.0,0.0,0.0,0.0,0.0,0.0,0.0,0.0,0.0,0.0,0.0,0.0,0.0,0.0,False,False
2012-05-17,0.0,0.0,0.0,0.0,0.0,0.0,0.0,0.0,0.0,0.0,0.0,0.0,0.0,0.0,0.0,0.0,0.0,0.0,0.0,0.0,0.0,0.0,0.0,0.0,0.0,0.0,0.0,0.0,0.0,0.0,False,False
2012-05-18,0.0,0.0,0.0,0.0,0.0,0.0,0.0,0.0,0.0,0.0,0.0,0.0,0.0,0.0,0.0,0.0,0.0,0.0,0.0,0.0,0.0,0.0,0.0,0.0,0.0,0.0,0.0,0.0,0.0,0.0,False,False
2012-05-21,0.0,0.0,0.0,0.0,0.0,0.0,0.0,0.0,0.0,0.0,0.0,0.0,0.0,0.0,0.0,0.0,0.0,0.0,0.0,0.0,0.0,0.0,0.0,0.0,0.0,0.0,0.0,0.0,0.0,0.0,False,False
2012-05-22,0.0,0.0,0.0,0.0,0.0,0.0,0.0,0.0,0.0,0.0,0.0,0.0,0.0,0.0,0.0,0.0,0.0,0.0,0.0,0.0,0.0,0.0,0.0,0.0,0.0,0.0,0.0,0.0,0.0,0.0,False,False
2012-05-23,0.0,0.0,0.0,0.0,0.0,0.0,0.0,0.0,0.0,0.0,0.0,0.0,0.0,0.0,0.0,0.0,0.0,0.0,0.0,0.0,0.0,0.0,0.0,0.0,0.0,0.0,0.0,0.0,0.0,0.0,False,False
2012-05-24,0.0,0.0,0.0,0.0,0.0,0.0,0.0,0.0,0.0,0.0,0.0,0.0,0.0,0.0,0.0,0.0,0.0,0.0,0.0,0.0,0.0,0.0,0.0,0.0,0.0,0.0,0.0,0.0,0.0,0.0,False,False
2012-05-25,0.0,0.0,0.0,0.0,0.0,0.0,0.0,0.0,0.0,0.0,0.0,0.0,0.0,0.0,0.0,0.0,0.0,0.0,0.0,0.0,0.0,0.0,0.0,0.0,0.0,0.0,0.0,0.0,0.0,0.0,False,False
2012-05-29,0.0,0.0,0.0,0.0,0.0,0.0,0.0,0.0,0.0,0.0,0.0,0.0,0.0,0.0,0.0,0.0,0.0,0.0,0.0,0.0,0.0,0.0,0.0,0.0,0.0,0.0,0.0,0.0,0.0,0.0,False,False
2012-05-30,0.0,0.0,0.0,0.0,0.0,0.0,0.0,0.0,0.0,0.0,0.0,0.0,0.0,0.0,0.0,0.0,0.0,0.0,0.0,0.0,0.0,0.0,0.0,0.0,0.0,0.0,0.0,0.0,0.0,0.0,False,False
2012-05-31,0.0,0.0,0.0,0.0,0.0,0.0,0.0,0.0,0.0,0.0,0.0,0.0,0.0,0.0,0.0,0.0,0.0,0.0,0.0,0.0,0.0,0.0,0.0,0.0,0.0,0.0,0.0,0.0,0.0,0.0,False,False
2012-06-01,0.0,0.0,0.0,0.0,0.0,0.0,0.0,0.0,0.0,0.0,0.0,0.0,0.0,0.0,0.0,0.0,0.0,0.0,0.0,0.0,0.0,0.0,0.0,0.0,0.0,0.0,0.0,0.0,0.0,0.0,False,False
2012-06-04,0.0,0.0,0.0,0.0,0.0,0.0,0.0,0.0,0.0,0.0,0.0,0.0,0.0,0.0,0.0,0.0,0.0,0.0,0.0,0.0,0.0,0.0,0.0,0.0,0.0,0.0,0.0,0.0,0.0,0.0,False,False
2012-06-05,0.0,0.0,0.0,0.0,0.0,0.0,0.0,0.0,0.0,0.0,0.0,0.0,0.0,0.0,0.0,0.0,0.0,0.0,0.0,0.0,0.0,0.0,0.0,0.0,0.0,0.0,0.0,0.0,0.0,0.0,False,False
2012-06-06,0.0,0.0,0.0,0.0,0.0,0.0,0.0,0.0,0.0,0.0,0.0,0.0,0.0,0.0,0.0,0.0,0.0,0.0,0.0,0.0,0.0,0.0,0.0,0.0,0.0,0.0,0.0,0.0,0.0,0.0,False,False
2012-06-07,0.0,0.0,0.0,0.0,0.0,0.0,0.0,0.0,0.0,0.0,0.0,0.0,0.0,0.0,0.0,0.0,0.0,0.0,0.0,0.0,0.0,0.0,0.0,0.0,0.0,0.0,0.0,0.0,0.0,0.0,False,False
2012-06-08,0.0,0.0,0.0,0.0,0.0,0.0,0.0,0.0,0.0,0.0,0.0,0.0,0.0,0.0,0.0,0.0,0.0,0.0,0.0,0.0,0.0,0.0,0.0,0.0,0.0,0.0,0.0,0.0,0.0,0.0,False,False
2012-06-11,0.0,0.0,0.0,0.0,0.0,0.0,0.0,0.0,0.0,0.0,0.0,0.0,0.0,0.0,0.0,0.0,0.0,0.0,0.0,0.0,0.0,0.0,0.0,0.0,0.0,0.0,0.0,0.0,0.0,0.0,False,False
2012-06-12,0.0,0.0,0.0,0.0,0.0,0.0,0.0,0.0,0.0,0.0,0.0,0.0,0.0,0.0,0.0,0.0,0.0,0.0,0.0,0.0,0.0,0.0,0.0,0.0,0.0,0.0,0.0,0.0,0.0,0.0,False,False
2012-06-13,0.0,0.0,0.0,0.0,0.0,0.0,0.0,0.0,0.0,0.0,0.0,0.0,0.0,0.0,0.0,0.0,0.0,0.0,0.0,0.0,0.0,0.0,0.0,0.0,0.0,0.0,0.0,0.0,0.0,0.0,False,False
2012-06-14,0.0,0.0,0.0,0.0,0.0,0.0,0.0,0.0,0.0,0.0,0.0,0.0,0.0,0.0,0.0,0.0,0.0,0.0,0.0,0.0,0.0,0.0,0.0,0.0,0.0,0.0,0.0,0.0,0.0,0.0,False,False
2012-06-15,0.0,0.0,0.0,0.0,0.0,0.0,0.0,0.0,0.0,0.0,0.0,0.0,0.0,0.0,0.0,0.0,0.0,0.0,0.0,0.0,0.0,0.0,0.0,0.0,0.0,0.0,0.0,0.0,0.0,0.0,False,False
2012-06-18,0.0,0.0,0.0,0.0,0.0,0.0,0.0,0.0,0.0,0.0,0.0,0.0,0.0,0.0,0.0,0.0,0.0,0.0,0.0,0.0,0.0,0.0,0.0,0.0,0.0,0.0,0.0,0.0,0.0,0.0,False,False
2012-06-19,0.0,0.0,0.0,0.0,0.0,0.0,0.0,0.0,0.0,0.0,0.0,0.0,0.0,0.0,0.0,0.0,0.0,0.0,0.0,0.0,0.0,0.0,0.0,0.0,0.0,0.0,0.0,0.0,0.0,0.0,False,False
2012-06-20,0.0,0.0,0.0,0.0,0.0,0.0,0.0,0.0,0.0,0.0,0.0,0.0,0.0,0.0,0.0,0.0,0.0,0.0,0.0,0.0,0.0,0.0,0.0,0.0,0.0,0.0,0.0,0.0,0.0,0.0,False,False
2012-06-21,0.0,0.0,0.0,0.0,0.0,0.0,0.0,0.0,0.0,0.0,0.0,0.0,0.0,0.0,0.0,0.0,0.0,0.0,0.0,0.0,0.0,0.0,0.0,0.0,0.0,0.0,0.0,0.0,0.0,0.0,False,False
2012-06-22,0.0,0.0,0.0,0.0,0.0,0.0,0.0,0.0,0.0,0.0,0.0,0.0,0.0,0.0,0.0,0.0,0.0,0.0,0.0,0.0,0.0,0.0,0.0,0.0,0.0,0.0,0.0,0.0,0.0,0.0,False,False
2012-06-25,0.0,0.0,0.0,0.0,0.0,0.0,0.0,0.0,0.0,0.0,0.0,0.0,0.0,0.0,0.0,0.0,0.0,0.0,0.0,0.0,0.0,0.0,0.0,0.0,0.0,0.0,0.0,0.0,0.0,0.0,False,False
2012-06-26,0.0,0.0,0.0,0.0,0.0,0.0,0.0,0.0,0.0,0.0,0.0,0.0,0.0,0.0,0.0,0.0,0.0,0.0,0.0,0.0,0.0,0.0,0.0,0.0,0.0,0.0,0.0,0.0,0.0,0.0,False,False
2012-06-27,0.0,0.0,0.0,0.0,0.0,0.0,0.0,0.0,0.0,0.0,0.0,0.0,0.0,0.0,0.0,0.0,0.0,0.0,0.0,0.0,0.0,0.0,0.0,0.0,0.0,0.0,0.0,0.0,0.0,0.0,False,False
2012-06-28,0.0,0.0,0.0,0.0,0.0,0.0,0.0,0.0,0.0,0.0,0.0,0.0,0.0,0.0,0.0,0.0,0.0,0.0,0.0,0.0,0.0,0.0,0.0,0.0,0.0,0.0,0.0,0.0,0.0,0.0,False,False
2012-06-29,0.0,0.0,0.0,0.0,0.0,0.0,0.0,0.0,0.0,0.0,0.0,0.0,0.0,0.0,0.0,0.0,0.0,0.0,0.0,0.0,0.0,0.0,0.0,0.0,0.0,0.0,0.0,0.0,0.0,0.0,False,False
2012-07-02,0.0,0.0,0.0,0.0,0.0,0.0,0.0,0.0,0.0,0.0,0.0,0.0,0.0,0.0,0.0,0.0,0.0,0.0,0.0,0.0,0.0,0.0,0.0,0.0,0.0,0.0,0.0,0.0,0.0,0.0,False,False
2012-07-03,0.0,0.0,0.0,0.0,0.0,0.0,0.0,0.0,0.0,0.0,0.0,0.0,0.0,0.0,0.0,0.0,0.0,0.0,0.0,0.0,0.0,0.0,0.0,0.0,0.0,0.0,0.0,0.0,0.0,0.0,False,False
2012-07-05,0.0,0.0,0.0,0.0,0.0,0.0,0.0,0.0,0.0,0.0,0.0,0.0,0.0,0.0,0.0,0.0,0.0,0.0,0.0,0.0,0.0,0.0,0.0,0.0,0.0,0.0,0.0,0.0,0.0,0.0,False,False
2012-07-06,0.0,0.0,0.0,0.0,0.0,0.0,0.0,0.0,0.0,0.0,0.0,0.0,0.0,0.0,0.0,0.0,0.0,0.0,0.0,0.0,0.0,0.0,0.0,0.0,0.0,0.0,0.0,0.0,0.0,0.0,False,False
2012-07-09,0.0,0.0,0.0,0.0,0.0,0.0,0.0,0.0,0.0,0.0,0.0,0.0,0.0,0.0,0.0,0.0,0.0,0.0,0.0,0.0,0.0,0.0,0.0,0.0,0.0,0.0,0.0,0.0,0.0,0.0,False,False
2012-07-10,0.0,0.0,0.0,0.0,0.0,0.0,0.0,0.0,0.0,0.0,0.0,0.0,0.0,0.0,0.0,0.0,0.0,0.0,0.0,0.0,0.0,0.0,0.0,0.0,0.0,0.0,0.0,0.0,0.0,0.0,False,False
2012-07-11,0.0,0.0,0.0,0.0,0.0,0.0,0.0,0.0,0.0,0.0,0.0,0.0,0.0,0.0,0.0,0.0,0.0,0.0,0.0,0.0,0.0,0.0,0.0,0.0,0.0,0.0,0.0,0.0,0.0,0.0,False,False
2012-07-12,0.0,0.0,0.0,0.0,0.0,0.0,0.0,0.0,0.0,0.0,0.0,0.0,0.0,0.0,0.0,0.0,0.0,0.0,0.0,0.0,0.0,0.0,0.0,0.0,0.0,0.0,0.0,0.0,0.0,0.0,False,False
2012-07-13,0.0,0.0,0.0,0.0,0.0,0.0,0.0,0.0,0.0,0.0,0.0,0.0,0.0,0.0,0.0,0.0,0.0,0.0,0.0,0.0,0.0,0.0,0.0,0.0,0.0,0.0,0.0,0.0,0.0,0.0,False,False
2012-07-16,0.0,0.0,0.0,0.0,0.0,0.0,0.0,0.0,0.0,0.0,0.0,0.0,0.0,0.0,0.0,0.0,0.0,0.0,0.0,0.0,0.0,0.0,0.0,0.0,0.0,0.0,0.0,0.0,0.0,0.0,False,False
2012-07-17,0.0,0.0,0.0,0.0,0.0,0.0,0.0,0.0,0.0,0.0,0.0,0.0,0.0,0.0,0.0,0.0,0.0,0.0,0.0,0.0,0.0,0.0,0.0,0.0,0.0,0.0,0.0,0.0,0.0,0.0,False,False
2012-07-18,0.0,0.0,0.0,0.0,0.0,0.0,0.0,0.0,0.0,0.0,0.0,0.0,0.0,0.0,0.0,0.0,0.0,0.0,0.0,0.0,0.0,0.0,0.0,0.0,0.0,0.0,0.0,0.0,0.0,0.0,False,False
2012-07-19,0.0,0.0,0.0,0.0,0.0,0.0,0.0,0.0,0.0,0.0,0.0,0.0,0.0,0.0,0.0,0.0,0.0,0.0,0.0,0.0,0.0,0.0,0.0,0.0,0.0,0.0,0.0,0.0,0.0,0.0,False,False
2012-07-20,0.0,0.0,0.0,0.0,0.0,0.0,0.0,0.0,0.0,0.0,0.0,0.0,0.0,0.0,0.0,0.0,0.0,0.0,0.0,0.0,0.0,0.0,0.0,0.0,0.0,0.0,0.0,0.0,0.0,0.0,False,False
2012-07-23,0.0,0.0,0.0,0.0,0.0,0.0,0.0,0.0,0.0,0.0,0.0,0.0,0.0,0.0,0.0,0.0,0.0,0.0,0.0,0.0,0.0,0.0,0.0,0.0,0.0,0.0,0.0,0.0,0.0,0.0,False,False
2012-07-24,0.0,0.0,0.0,0.0,0.0,0.0,0.0,0.0,0.0,0.0,0.0,0.0,0.0,0.0,0.0,0.0,0.0,0.0,0.0,0.0,0.0,0.0,0.0,0.0,0.0,0.0,0.0,0.0,0.0,0.0,False,False
2012-07-25,0.0,0.0,0.0,0.0,0.0,0.0,0.0,0.0,0.0,0.0,0.0,0.0,0.0,0.0,0.0,0.0,0.0,0.0,0.0,0.0,0.0,0.0,0.0,0.0,0.0,0.0,0.0,0.0,0.0,0.0,False,False
2012-07-26,0.0,0.0,0.0,0.0,0.0,0.0,0.0,0.0,0.0,0.0,0.0,0.0,0.0,0.0,0.0,0.0,0.0,0.0,0.0,0.0,0.0,0.0,0.0,0.0,0.0,0.0,0.0,0.0,0.0,0.0,False,False
2012-07-27,0.0,0.0,0.0,0.0,0.0,0.0,0.0,0.0,0.0,0.0,0.0,0.0,0.0,0.0,0.0,0.0,0.0,0.0,0.0,0.0,0.0,0.0,0.0,0.0,0.0,0.0,0.0,0.0,0.0,0.0,False,False
2012-07-30,0.0,0.0,0.0,0.0,0.0,0.0,0.0,0.0,0.0,0.0,0.0,0.0,0.0,0.0,0.0,0.0,0.0,0.0,0.0,0.0,0.0,0.0,0.0,0.0,0.0,0.0,0.0,0.0,0.0,0.0,False,False
2012-07-31,0.0,0.0,0.0,0.0,0.0,0.0,0.0,0.0,0.0,0.0,0.0,0.0,0.0,0.0,0.0,0.0,0.0,0.0,0.0,0.0,0.0,0.0,0.0,0.0,0.0,0.0,0.0,0.0,0.0,0.0,False,False
2012-08-01,0.0,0.0,0.0,0.0,0.0,0.0,0.0,0.0,0.0,0.0,0.0,0.0,0.0,0.0,0.0,0.0,0.0,0.0,0.0,0.0,0.0,0.0,0.0,0.0,0.0,0.0,0.0,0.0,0.0,0.0,False,False
2012-08-02,0.0,0.0,0.0,0.0,0.0,0.0,0.0,0.0,0.0,0.0,0.0,0.0,0.0,0.0,0.0,0.0,0.0,0.0,0.0,0.0,0.0,0.0,0.0,0.0,0.0,0.0,0.0,0.0,0.0,0.0,False,False
2012-08-03,0.0,0.0,0.0,0.0,0.0,0.0,0.0,0.0,0.0,0.0,0.0,0.0,0.0,0.0,0.0,0.0,0.0,0.0,0.0,0.0,0.0,0.0,0.0,0.0,0.0,0.0,0.0,0.0,0.0,0.0,False,False
2012-08-06,0.0,0.0,0.0,0.0,0.0,0.0,0.0,0.0,0.0,0.0,0.0,0.0,0.0,0.0,0.0,0.0,0.0,0.0,0.0,0.0,0.0,0.0,0.0,0.0,0.0,0.0,0.0,0.0,0.0,0.0,False,False
2012-08-07,0.0,0.0,0.0,0.0,0.0,0.0,0.0,0.0,0.0,0.0,0.0,0.0,0.0,0.0,0.0,0.0,0.0,0.0,0.0,0.0,0.0,0.0,0.0,0.0,0.0,0.0,0.0,0.0,0.0,0.0,False,False
2012-08-08,0.0,0.0,0.0,0.0,0.0,0.0,0.0,0.0,0.0,0.0,0.0,0.0,0.0,0.0,0.0,0.0,0.0,0.0,0.0,0.0,0.0,0.0,0.0,0.0,0.0,0.0,0.0,0.0,0.0,0.0,False,False
2012-08-09,0.0,0.0,0.0,0.0,0.0,0.0,0.0,0.0,0.0,0.0,0.0,0.0,0.0,0.0,0.0,0.0,0.0,0.0,0.0,0.0,0.0,0.0,0.0,0.0,0.0,0.0,0.0,0.0,0.0,0.0,False,False
2012-08-10,0.0,0.0,0.0,0.0,0.0,0.0,0.0,0.0,0.0,0.0,0.0,0.0,0.0,0.0,0.0,0.0,0.0,0.0,0.0,0.0,0.0,0.0,0.0,0.0,0.0,0.0,0.0,0.0,0.0,0.0,False,False
2012-08-13,0.0,0.0,0.0,0.0,0.0,0.0,0.0,0.0,0.0,0.0,0.0,0.0,0.0,0.0,0.0,0.0,0.0,0.0,0.0,0.0,0.0,0.0,0.0,0.0,0.0,0.0,0.0,0.0,0.0,0.0,False,False
2012-08-14,0.0,0.0,0.0,0.0,0.0,0.0,0.0,0.0,0.0,0.0,0.0,0.0,0.0,0.0,0.0,0.0,0.0,0.0,0.0,0.0,0.0,0.0,0.0,0.0,0.0,0.0,0.0,0.0,0.0,0.0,False,False
2012-08-15,0.0,0.0,0.0,0.0,0.0,0.0,0.0,0.0,0.0,0.0,0.0,0.0,0.0,0.0,0.0,0.0,0.0,0.0,0.0,0.0,0.0,0.0,0.0,0.0,0.0,0.0,0.0,0.0,0.0,0.0,False,False
2012-08-16,0.0,0.0,0.0,0.0,0.0,0.0,0.0,0.0,0.0,0.0,0.0,0.0,0.0,0.0,0.0,0.0,0.0,0.0,0.0,0.0,0.0,0.0,0.0,0.0,0.0,0.0,0.0,0.0,0.0,0.0,False,False
2012-08-17,0.0,0.0,0.0,0.0,0.0,0.0,0.0,0.0,0.0,0.0,0.0,0.0,0.0,0.0,0.0,0.0,0.0,0.0,0.0,0.0,0.0,0.0,0.0,0.0,0.0,0.0,0.0,0.0,0.0,0.0,False,False
2012-08-20,0.0,0.0,0.0,0.0,0.0,0.0,0.0,0.0,0.0,0.0,0.0,0.0,0.0,0.0,0.0,0.0,0.0,0.0,0.0,0.0,0.0,0.0,0.0,0.0,0.0,0.0,0.0,0.0,0.0,0.0,False,False
2012-08-21,0.0,0.0,0.0,0.0,0.0,0.0,0.0,0.0,0.0,0.0,0.0,0.0,0.0,0.0,0.0,0.0,0.0,0.0,0.0,0.0,0.0,0.0,0.0,0.0,0.0,0.0,0.0,0.0,0.0,0.0,False,False
2012-08-22,0.0,0.0,0.0,0.0,0.0,0.0,0.0,0.0,0.0,0.0,0.0,0.0,0.0,0.0,0.0,0.0,0.0,0.0,0.0,0.0,0.0,0.0,0.0,0.0,0.0,0.0,0.0,0.0,0.0,0.0,False,False
2012-08-23,0.0,0.0,0.0,0.0,0.0,0.0,0.0,0.0,0.0,0.0,0.0,0.0,0.0,0.0,0.0,0.0,0.0,0.0,0.0,0.0,0.0,0.0,0.0,0.0,0.0,0.0,0.0,0.0,0.0,0.0,False,False
2012-08-24,0.0,0.0,0.0,0.0,0.0,0.0,0.0,0.0,0.0,0.0,0.0,0.0,0.0,0.0,0.0,0.0,0.0,0.0,0.0,0.0,0.0,0.0,0.0,0.0,0.0,0.0,0.0,0.0,0.0,0.0,False,False
2012-08-27,0.0,0.0,0.0,0.0,0.0,0.0,0.0,0.0,0.0,0.0,0.0,0.0,0.0,0.0,0.0,0.0,0.0,0.0,0.0,0.0,0.0,0.0,0.0,0.0,0.0,0.0,0.0,0.0,0.0,0.0,False,False
2012-08-28,0.0,0.0,0.0,0.0,0.0,0.0,0.0,0.0,0.0,0.0,0.0,0.0,0.0,0.0,0.0,0.0,0.0,0.0,0.0,0.0,0.0,0.0,0.0,0.0,0.0,0.0,0.0,0.0,0.0,0.0,False,False
2012-08-29,0.0,0.0,0.0,0.0,0.0,0.0,0.0,0.0,0.0,0.0,0.0,0.0,0.0,0.0,0.0,0.0,0.0,0.0,0.0,0.0,0.0,0.0,0.0,0.0,0.0,0.0,0.0,0.0,0.0,0.0,False,False
2012-08-30,0.0,0.0,0.0,0.0,0.0,0.0,0.0,0.0,0.0,0.0,0.0,0.0,0.0,0.0,0.0,0.0,0.0,0.0,0.0,0.0,0.0,0.0,0.0,0.0,0.0,0.0,0.0,0.0,0.0,0.0,False,False
2012-08-31,0.0,0.0,0.0,0.0,0.0,0.0,0.0,0.0,0.0,0.0,0.0,0.0,0.0,0.0,0.0,0.0,0.0,0.0,0.0,0.0,0.0,0.0,0.0,0.0,0.0,0.0,0.0,0.0,0.0,0.0,False,False
2012-09-04,0.0,0.0,0.0,0.0,0.0,0.0,0.0,0.0,0.0,0.0,0.0,0.0,0.0,0.0,0.0,0.0,0.0,0.0,0.0,0.0,0.0,0.0,0.0,0.0,0.0,0.0,0.0,0.0,0.0,0.0,False,False
2012-09-05,0.0,0.0,0.0,0.0,0.0,0.0,0.0,0.0,0.0,0.0,0.0,0.0,0.0,0.0,0.0,0.0,0.0,0.0,0.0,0.0,0.0,0.0,0.0,0.0,0.0,0.0,0.0,0.0,0.0,0.0,False,False
2012-09-06,0.0,0.0,0.0,0.0,0.0,0.0,0.0,0.0,0.0,0.0,0.0,0.0,0.0,0.0,0.0,0.0,0.0,0.0,0.0,0.0,0.0,0.0,0.0,0.0,0.0,0.0,0.0,0.0,0.0,0.0,False,False
2012-09-07,0.0,0.0,0.0,0.0,0.0,0.0,0.0,0.0,0.0,0.0,0.0,0.0,0.0,0.0,0.0,0.0,0.0,0.0,0.0,0.0,0.0,0.0,0.0,0.0,0.0,0.0,0.0,0.0,0.0,0.0,False,False
2012-09-10,0.0,0.0,0.0,0.0,0.0,0.0,0.0,0.0,0.0,0.0,0.0,0.0,0.0,0.0,0.0,0.0,0.0,0.0,0.0,0.0,0.0,0.0,0.0,0.0,0.0,0.0,0.0,0.0,0.0,0.0,False,False
2012-09-11,0.0,0.0,0.0,0.0,0.0,0.0,0.0,0.0,0.0,0.0,0.0,0.0,0.0,0.0,0.0,0.0,0.0,0.0,0.0,0.0,0.0,0.0,0.0,0.0,0.0,0.0,0.0,0.0,0.0,0.0,False,False
2012-09-12,0.0,0.0,0.0,0.0,0.0,0.0,0.0,0.0,0.0,0.0,0.0,0.0,0.0,0.0,0.0,0.0,0.0,0.0,0.0,0.0,0.0,0.0,0.0,0.0,0.0,0.0,0.0,0.0,0.0,0.0,False,False
2012-09-13,0.0,0.0,0.0,0.0,0.0,0.0,0.0,0.0,0.0,0.0,0.0,0.0,0.0,0.0,0.0,0.0,0.0,0.0,0.0,0.0,0.0,0.0,0.0,0.0,0.0,0.0,0.0,0.0,0.0,0.0,False,False
2012-09-14,0.0,0.0,0.0,0.0,0.0,0.0,0.0,0.0,0.0,0.0,0.0,0.0,0.0,0.0,0.0,0.0,0.0,0.0,0.0,0.0,0.0,0.0,0.0,0.0,0.0,0.0,0.0,0.0,0.0,0.0,False,False
2012-09-17,0.0,0.0,0.0,0.0,0.0,0.0,0.0,0.0,0.0,0.0,0.0,0.0,0.0,0.0,0.0,0.0,0.0,0.0,0.0,0.0,0.0,0.0,0.0,0.0,0.0,0.0,0.0,0.0,0.0,0.0,False,False
2012-09-18,0.0,0.0,0.0,0.0,0.0,0.0,0.0,0.0,0.0,0.0,0.0,0.0,0.0,0.0,0.0,0.0,0.0,0.0,0.0,0.0,0.0,0.0,0.0,0.0,0.0,0.0,0.0,0.0,0.0,0.0,False,False
2012-09-19,0.0,0.0,0.0,0.0,0.0,0.0,0.0,0.0,0.0,0.0,0.0,0.0,0.0,0.0,0.0,0.0,0.0,0.0,0.0,0.0,0.0,0.0,0.0,0.0,0.0,0.0,0.0,0.0,0.0,0.0,False,False
2012-09-20,0.0,0.0,0.0,0.0,0.0,0.0,0.0,0.0,0.0,0.0,0.0,0.0,0.0,0.0,0.0,0.0,0.0,0.0,0.0,0.0,0.0,0.0,0.0,0.0,0.0,0.0,0.0,0.0,0.0,0.0,False,False
2012-09-21,0.0,0.0,0.0,0.0,0.0,0.0,0.0,0.0,0.0,0.0,0.0,0.0,0.0,0.0,0.0,0.0,0.0,0.0,0.0,0.0,0.0,0.0,0.0,0.0,0.0,0.0,0.0,0.0,0.0,0.0,False,False
2012-09-24,0.0,0.0,0.0,0.0,0.0,0.0,0.0,0.0,0.0,0.0,0.0,0.0,0.0,0.0,0.0,0.0,0.0,0.0,0.0,0.0,0.0,0.0,0.0,0.0,0.0,0.0,0.0,0.0,0.0,0.0,False,False
2012-09-25,0.0,0.0,0.0,0.0,0.0,0.0,0.0,0.0,0.0,0.0,0.0,0.0,0.0,0.0,0.0,0.0,0.0,0.0,0.0,0.0,0.0,0.0,0.0,0.0,0.0,0.0,0.0,0.0,0.0,0.0,False,False
2012-09-26,0.0,0.0,0.0,0.0,0.0,0.0,0.0,0.0,0.0,0.0,0.0,0.0,0.0,0.0,0.0,0.0,0.0,0.0,0.0,0.0,0.0,0.0,0.0,0.0,0.0,0.0,0.0,0.0,0.0,0.0,False,False
2012-09-27,0.0,0.0,0.0,0.0,0.0,0.0,0.0,0.0,0.0,0.0,0.0,0.0,0.0,0.0,0.0,0.0,0.0,0.0,0.0,0.0,0.0,0.0,0.0,0.0,0.0,0.0,0.0,0.0,0.0,0.0,False,False
2012-09-28,0.0,0.0,0.0,0.0,0.0,0.0,0.0,0.0,0.0,0.0,0.0,0.0,0.0,0.0,0.0,0.0,0.0,0.0,0.0,0.0,0.0,0.0,0.0,0.0,0.0,0.0,0.0,0.0,0.0,0.0,False,False
2012-10-01,0.0,0.0,0.0,0.0,0.0,0.0,0.0,0.0,0.0,0.0,0.0,0.0,0.0,0.0,0.0,0.0,0.0,0.0,0.0,0.0,0.0,0.0,0.0,0.0,0.0,0.0,0.0,0.0,0.0,0.0,False,False
2012-10-02,0.0,0.0,0.0,0.0,0.0,0.0,0.0,0.0,0.0,0.0,0.0,0.0,0.0,0.0,0.0,0.0,0.0,0.0,0.0,0.0,0.0,0.0,0.0,0.0,0.0,0.0,0.0,0.0,0.0,0.0,False,False
2012-10-03,0.0,0.0,0.0,0.0,0.0,0.0,0.0,0.0,0.0,0.0,0.0,0.0,0.0,0.0,0.0,0.0,0.0,0.0,0.0,0.0,0.0,0.0,0.0,0.0,0.0,0.0,0.0,0.0,0.0,0.0,False,False
2012-10-04,0.0,0.0,0.0,0.0,0.0,0.0,0.0,0.0,0.0,0.0,0.0,0.0,0.0,0.0,0.0,0.0,0.0,0.0,0.0,0.0,0.0,0.0,0.0,0.0,0.0,0.0,0.0,0.0,0.0,0.0,False,False
2012-10-05,0.0,0.0,0.0,0.0,0.0,0.0,0.0,0.0,0.0,0.0,0.0,0.0,0.0,0.0,0.0,0.0,0.0,0.0,0.0,0.0,0.0,0.0,0.0,0.0,0.0,0.0,0.0,0.0,0.0,0.0,False,False
2012-10-08,0.0,0.0,0.0,0.0,0.0,0.0,0.0,0.0,0.0,0.0,0.0,0.0,0.0,0.0,0.0,0.0,0.0,0.0,0.0,0.0,0.0,0.0,0.0,0.0,0.0,0.0,0.0,0.0,0.0,0.0,False,False
2012-10-09,0.0,0.0,0.0,0.0,0.0,0.0,0.0,0.0,0.0,0.0,0.0,0.0,0.0,0.0,0.0,0.0,0.0,0.0,0.0,0.0,0.0,0.0,0.0,0.0,0.0,0.0,0.0,0.0,0.0,0.0,False,False
2012-10-10,0.0,0.0,0.0,0.0,0.0,0.0,0.0,0.0,0.0,0.0,0.0,0.0,0.0,0.0,0.0,0.0,0.0,0.0,0.0,0.0,0.0,0.0,0.0,0.0,0.0,0.0,0.0,0.0,0.0,0.0,False,False
2012-10-11,0.0,0.0,0.0,0.0,0.0,0.0,0.0,0.0,0.0,0.0,0.0,0.0,0.0,0.0,0.0,0.0,0.0,0.0,0.0,0.0,0.0,0.0,0.0,0.0,0.0,0.0,0.0,0.0,0.0,0.0,False,False
2012-10-12,0.0,0.0,0.0,0.0,0.0,0.0,0.0,0.0,0.0,0.0,0.0,0.0,0.0,0.0,0.0,0.0,0.0,0.0,0.0,0.0,0.0,0.0,0.0,0.0,0.0,0.0,0.0,0.0,0.0,0.0,False,False
2012-10-15,0.0,0.0,0.0,0.0,0.0,0.0,0.0,0.0,0.0,0.0,0.0,0.0,0.0,0.0,0.0,0.0,0.0,0.0,0.0,0.0,0.0,0.0,0.0,0.0,0.0,0.0,0.0,0.0,0.0,0.0,False,False
2012-10-16,0.0,0.0,0.0,0.0,0.0,0.0,0.0,0.0,0.0,0.0,0.0,0.0,0.0,0.0,0.0,0.0,0.0,0.0,0.0,0.0,0.0,0.0,0.0,0.0,0.0,0.0,0.0,0.0,0.0,0.0,False,False
2012-10-17,0.0,0.0,0.0,0.0,0.0,0.0,0.0,0.0,0.0,0.0,0.0,0.0,0.0,0.0,0.0,0.0,0.0,0.0,0.0,0.0,0.0,0.0,0.0,0.0,0.0,0.0,0.0,0.0,0.0,0.0,False,False
2012-10-18,0.0,0.0,0.0,0.0,0.0,0.0,0.0,0.0,0.0,0.0,0.0,0.0,0.0,0.0,0.0,0.0,0.0,0.0,0.0,0.0,0.0,0.0,0.0,0.0,0.0,0.0,0.0,0.0,0.0,0.0,False,False
2012-10-19,0.0,0.0,0.0,0.0,0.0,0.0,0.0,0.0,0.0,0.0,0.0,0.0,0.0,0.0,0.0,0.0,0.0,0.0,0.0,0.0,0.0,0.0,0.0,0.0,0.0,0.0,0.0,0.0,0.0,0.0,False,False
2012-10-22,0.0,0.0,0.0,0.0,0.0,0.0,0.0,0.0,0.0,0.0,0.0,0.0,0.0,0.0,0.0,0.0,0.0,0.0,0.0,0.0,0.0,0.0,0.0,0.0,0.0,0.0,0.0,0.0,0.0,0.0,False,False
2012-10-23,0.0,0.0,0.0,0.0,0.0,0.0,0.0,0.0,0.0,0.0,0.0,0.0,0.0,0.0,0.0,0.0,0.0,0.0,0.0,0.0,0.0,0.0,0.0,0.0,0.0,0.0,0.0,0.0,0.0,0.0,False,False
2012-10-24,0.0,0.0,0.0,0.0,0.0,0.0,0.0,0.0,0.0,0.0,0.0,0.0,0.0,0.0,0.0,0.0,0.0,0.0,0.0,0.0,0.0,0.0,0.0,0.0,0.0,0.0,0.0,0.0,0.0,0.0,False,False
2012-10-25,0.0,0.0,0.0,0.0,0.0,0.0,0.0,0.0,0.0,0.0,0.0,0.0,0.0,0.0,0.0,0.0,0.0,0.0,0.0,0.0,0.0,0.0,0.0,0.0,0.0,0.0,0.0,0.0,0.0,0.0,False,False
2012-10-26,0.0,0.0,0.0,0.0,0.0,0.0,0.0,0.0,0.0,0.0,0.0,0.0,0.0,0.0,0.0,0.0,0.0,0.0,0.0,0.0,0.0,0.0,0.0,0.0,0.0,0.0,0.0,0.0,0.0,0.0,False,False
2012-10-31,0.0,0.0,0.0,0.0,0.0,0.0,0.0,0.0,0.0,0.0,0.0,0.0,0.0,0.0,0.0,0.0,0.0,0.0,0.0,0.0,0.0,0.0,0.0,0.0,0.0,0.0,0.0,0.0,0.0,0.0,False,False
2012-11-01,0.0,0.0,0.0,0.0,0.0,0.0,0.0,0.0,0.0,0.0,0.0,0.0,0.0,0.0,0.0,0.0,0.0,0.0,0.0,0.0,0.0,0.0,0.0,0.0,0.0,0.0,0.0,0.0,0.0,0.0,False,False
2012-11-02,0.0,0.0,0.0,0.0,0.0,0.0,0.0,0.0,0.0,0.0,0.0,0.0,0.0,0.0,0.0,0.0,0.0,0.0,0.0,0.0,0.0,0.0,0.0,0.0,0.0,0.0,0.0,0.0,0.0,0.0,False,False
2012-11-05,0.0,0.0,0.0,0.0,0.0,0.0,0.0,0.0,0.0,0.0,0.0,0.0,0.0,0.0,0.0,0.0,0.0,0.0,0.0,0.0,0.0,0.0,0.0,0.0,0.0,0.0,0.0,0.0,0.0,0.0,False,False
2012-11-06,0.0,0.0,0.0,0.0,0.0,0.0,0.0,0.0,0.0,0.0,0.0,0.0,0.0,0.0,0.0,0.0,0.0,0.0,0.0,0.0,0.0,0.0,0.0,0.0,0.0,0.0,0.0,0.0,0.0,0.0,False,False
2012-11-07,0.0,0.0,0.0,0.0,0.0,0.0,0.0,0.0,0.0,0.0,0.0,0.0,0.0,0.0,0.0,0.0,0.0,0.0,0.0,0.0,0.0,0.0,0.0,0.0,0.0,0.0,0.0,0.0,0.0,0.0,False,False
2012-11-08,0.0,0.0,0.0,0.0,0.0,0.0,0.0,0.0,0.0,0.0,0.0,0.0,0.0,0.0,0.0,0.0,0.0,0.0,0.0,0.0,0.0,0.0,0.0,0.0,0.0,0.0,0.0,0.0,0.0,0.0,False,False
2012-11-09,0.0,0.0,0.0,0.0,0.0,0.0,0.0,0.0,0.0,0.0,0.0,0.0,0.0,0.0,0.0,0.0,0.0,0.0,0.0,0.0,0.0,0.0,0.0,0.0,0.0,0.0,0.0,0.0,0.0,0.0,False,False
2012-11-12,0.0,0.0,0.0,0.0,0.0,0.0,0.0,0.0,0.0,0.0,0.0,0.0,0.0,0.0,0.0,0.0,0.0,0.0,0.0,0.0,0.0,0.0,0.0,0.0,0.0,0.0,0.0,0.0,0.0,0.0,False,False
2012-11-13,0.0,0.0,0.0,0.0,0.0,0.0,0.0,0.0,0.0,0.0,0.0,0.0,0.0,0.0,0.0,0.0,0.0,0.0,0.0,0.0,0.0,0.0,0.0,0.0,0.0,0.0,0.0,0.0,0.0,0.0,False,False
2012-11-14,0.0,0.0,0.0,0.0,0.0,0.0,0.0,0.0,0.0,0.0,0.0,0.0,0.0,0.0,0.0,0.0,0.0,0.0,0.0,0.0,0.0,0.0,0.0,0.0,0.0,0.0,0.0,0.0,0.0,0.0,False,False
2012-11-15,0.0,0.0,0.0,0.0,0.0,0.0,0.0,0.0,0.0,0.0,0.0,0.0,0.0,0.0,0.0,0.0,0.0,0.0,0.0,0.0,0.0,0.0,0.0,0.0,0.0,0.0,0.0,0.0,0.0,0.0,False,False
2012-11-16,0.0,0.0,0.0,0.0,0.0,0.0,0.0,0.0,0.0,0.0,0.0,0.0,0.0,0.0,0.0,0.0,0.0,0.0,0.0,0.0,0.0,0.0,0.0,0.0,0.0,0.0,0.0,0.0,0.0,0.0,False,False
2012-11-19,0.0,0.0,0.0,0.0,0.0,0.0,0.0,0.0,0.0,0.0,0.0,0.0,0.0,0.0,0.0,0.0,0.0,0.0,0.0,0.0,0.0,0.0,0.0,0.0,0.0,0.0,0.0,0.0,0.0,0.0,False,False
2012-11-20,0.0,0.0,0.0,0.0,0.0,0.0,0.0,0.0,0.0,0.0,0.0,0.0,0.0,0.0,0.0,0.0,0.0,0.0,0.0,0.0,0.0,0.0,0.0,0.0,0.0,0.0,0.0,0.0,0.0,0.0,False,False
2012-11-21,0.0,0.0,0.0,0.0,0.0,0.0,0.0,0.0,0.0,0.0,0.0,0.0,0.0,0.0,0.0,0.0,0.0,0.0,0.0,0.0,0.0,0.0,0.0,0.0,0.0,0.0,0.0,0.0,0.0,0.0,False,False
2012-11-23,0.0,0.0,0.0,0.0,0.0,0.0,0.0,0.0,0.0,0.0,0.0,0.0,0.0,0.0,0.0,0.0,0.0,0.0,0.0,0.0,0.0,0.0,0.0,0.0,0.0,0.0,0.0,0.0,0.0,0.0,False,False
2012-11-26,0.0,0.0,0.0,0.0,0.0,0.0,0.0,0.0,0.0,0.0,0.0,0.0,0.0,0.0,0.0,0.0,0.0,0.0,0.0,0.0,0.0,0.0,0.0,0.0,0.0,0.0,0.0,0.0,0.0,0.0,False,False
2012-11-27,0.0,0.0,0.0,0.0,0.0,0.0,0.0,0.0,0.0,0.0,0.0,0.0,0.0,0.0,0.0,0.0,0.0,0.0,0.0,0.0,0.0,0.0,0.0,0.0,0.0,0.0,0.0,0.0,0.0,0.0,False,False
2012-11-28,0.0,0.0,0.0,0.0,0.0,0.0,0.0,0.0,0.0,0.0,0.0,0.0,0.0,0.0,0.0,0.0,0.0,0.0,0.0,0.0,0.0,0.0,0.0,0.0,0.0,0.0,0.0,0.0,0.0,0.0,False,False
2012-11-29,0.0,0.0,0.0,0.0,0.0,0.0,0.0,0.0,0.0,0.0,0.0,0.0,0.0,0.0,0.0,0.0,0.0,0.0,0.0,0.0,0.0,0.0,0.0,0.0,0.0,0.0,0.0,0.0,0.0,0.0,False,False
2012-11-30,0.0,0.0,0.0,0.0,0.0,0.0,0.0,0.0,0.0,0.0,0.0,0.0,0.0,0.0,0.0,0.0,0.0,0.0,0.0,0.0,0.0,0.0,0.0,0.0,0.0,0.0,0.0,0.0,0.0,0.0,False,False
2012-12-03,0.0,0.0,0.0,0.0,0.0,0.0,0.0,0.0,0.0,0.0,0.0,0.0,0.0,0.0,0.0,0.0,0.0,0.0,0.0,0.0,0.0,0.0,0.0,0.0,0.0,0.0,0.0,0.0,0.0,0.0,False,False
2012-12-04,0.0,0.0,0.0,0.0,0.0,0.0,0.0,0.0,0.0,0.0,0.0,0.0,0.0,0.0,0.0,0.0,0.0,0.0,0.0,0.0,0.0,0.0,0.0,0.0,0.0,0.0,0.0,0.0,0.0,0.0,False,False
2012-12-05,0.0,0.0,0.0,0.0,0.0,0.0,0.0,0.0,0.0,0.0,0.0,0.0,0.0,0.0,0.0,0.0,0.0,0.0,0.0,0.0,0.0,0.0,0.0,0.0,0.0,0.0,0.0,0.0,0.0,0.0,False,False
2012-12-06,0.0,0.0,0.0,0.0,0.0,0.0,0.0,0.0,0.0,0.0,0.0,0.0,0.0,0.0,0.0,0.0,0.0,0.0,0.0,0.0,0.0,0.0,0.0,0.0,0.0,0.0,0.0,0.0,0.0,0.0,False,False
2012-12-07,0.0,0.0,0.0,0.0,0.0,0.0,0.0,0.0,0.0,0.0,0.0,0.0,0.0,0.0,0.0,0.0,0.0,0.0,0.0,0.0,0.0,0.0,0.0,0.0,0.0,0.0,0.0,0.0,0.0,0.0,False,False
2012-12-10,0.0,0.0,0.0,0.0,0.0,0.0,0.0,0.0,0.0,0.0,0.0,0.0,0.0,0.0,0.0,0.0,0.0,0.0,0.0,0.0,0.0,0.0,0.0,0.0,0.0,0.0,0.0,0.0,0.0,0.0,False,False
2012-12-11,0.0,0.0,0.0,0.0,0.0,0.0,0.0,0.0,0.0,0.0,0.0,0.0,0.0,0.0,0.0,0.0,0.0,0.0,0.0,0.0,0.0,0.0,0.0,0.0,0.0,0.0,0.0,0.0,0.0,0.0,False,False
2012-12-12,0.0,0.0,0.0,0.0,0.0,0.0,0.0,0.0,0.0,0.0,0.0,0.0,0.0,0.0,0.0,0.0,0.0,0.0,0.0,0.0,0.0,0.0,0.0,0.0,0.0,0.0,0.0,0.0,0.0,0.0,False,False
2012-12-13,0.0,0.0,0.0,0.0,0.0,0.0,0.0,0.0,0.0,0.0,0.0,0.0,0.0,0.0,0.0,0.0,0.0,0.0,0.0,0.0,0.0,0.0,0.0,0.0,0.0,0.0,0.0,0.0,0.0,0.0,False,False
2012-12-14,0.0,0.0,0.0,0.0,0.0,0.0,0.0,0.0,0.0,0.0,0.0,0.0,0.0,0.0,0.0,0.0,0.0,0.0,0.0,0.0,0.0,0.0,0.0,0.0,0.0,0.0,0.0,0.0,0.0,0.0,False,False
2012-12-17,0.0,0.0,0.0,0.0,0.0,0.0,0.0,0.0,0.0,0.0,0.0,0.0,0.0,0.0,0.0,0.0,0.0,0.0,0.0,0.0,0.0,0.0,0.0,0.0,0.0,0.0,0.0,0.0,0.0,0.0,False,False
2012-12-18,0.0,0.0,0.0,0.0,0.0,0.0,0.0,0.0,0.0,0.0,0.0,0.0,0.0,0.0,0.0,0.0,0.0,0.0,0.0,0.0,0.0,0.0,0.0,0.0,0.0,0.0,0.0,0.0,0.0,0.0,False,False
2012-12-19,0.0,0.0,0.0,0.0,0.0,0.0,0.0,0.0,0.0,0.0,0.0,0.0,0.0,0.0,0.0,0.0,0.0,0.0,0.0,0.0,0.0,0.0,0.0,0.0,0.0,0.0,0.0,0.0,0.0,0.0,False,False
2012-12-20,0.0,0.0,0.0,0.0,0.0,0.0,0.0,0.0,0.0,0.0,0.0,0.0,0.0,0.0,0.0,0.0,0.0,0.0,0.0,0.0,0.0,0.0,0.0,0.0,0.0,0.0,0.0,0.0,0.0,0.0,False,False
2012-12-21,0.0,0.0,0.0,0.0,0.0,0.0,0.0,0.0,0.0,0.0,0.0,0.0,0.0,0.0,0.0,0.0,0.0,0.0,0.0,0.0,0.0,0.0,0.0,0.0,0.0,0.0,0.0,0.0,0.0,0.0,False,False
2012-12-24,0.0,0.0,0.0,0.0,0.0,0.0,0.0,0.0,0.0,0.0,0.0,0.0,0.0,0.0,0.0,0.0,0.0,0.0,0.0,0.0,0.0,0.0,0.0,0.0,0.0,0.0,0.0,0.0,0.0,0.0,False,False
2012-12-26,0.0,0.0,0.0,0.0,0.0,0.0,0.0,0.0,0.0,0.0,0.0,0.0,0.0,0.0,0.0,0.0,0.0,0.0,0.0,0.0,0.0,0.0,0.0,0.0,0.0,0.0,0.0,0.0,0.0,0.0,False,False
2012-12-27,0.0,0.0,0.0,0.0,0.0,0.0,0.0,0.0,0.0,0.0,0.0,0.0,0.0,0.0,0.0,0.0,0.0,0.0,0.0,0.0,0.0,0.0,0.0,0.0,0.0,0.0,0.0,0.0,0.0,0.0,False,False
2012-12-28,0.0,0.0,0.0,0.0,0.0,0.0,0.0,0.0,0.0,0.0,0.0,0.0,0.0,0.0,0.0,0.0,0.0,0.0,0.0,0.0,0.0,0.0,0.0,0.0,0.0,0.0,0.0,0.0,0.0,0.0,False,False
2012-12-31,0.0,0.0,0.0,0.0,0.0,0.0,0.0,0.0,0.0,0.0,0.0,0.0,0.0,0.0,0.0,0.0,0.0,0.0,0.0,0.0,0.0,0.0,0.0,0.0,0.0,0.0,0.0,0.0,0.0,0.0,False,False
2013-01-02,0.0,0.0,0.0,0.0,0.0,0.0,0.0,0.0,0.0,0.0,0.0,0.0,0.0,0.0,0.0,0.0,0.0,0.0,0.0,0.0,0.0,0.0,0.0,0.0,0.0,0.0,0.0,0.0,0.0,0.0,False,False
2013-01-03,0.0,0.0,0.0,0.0,0.0,0.0,0.0,0.0,0.0,0.0,0.0,0.0,0.0,0.0,0.0,0.0,0.0,0.0,0.0,0.0,0.0,0.0,0.0,0.0,0.0,0.0,0.0,0.0,0.0,0.0,False,False
2013-01-04,0.0,0.0,0.0,0.0,0.0,0.0,0.0,0.0,0.0,0.0,0.0,0.0,0.0,0.0,0.0,0.0,0.0,0.0,0.0,0.0,0.0,0.0,0.0,0.0,0.0,0.0,0.0,0.0,0.0,0.0,False,False
2013-01-07,0.0,0.0,0.0,0.0,0.0,0.0,0.0,0.0,0.0,0.0,0.0,0.0,0.0,0.0,0.0,0.0,0.0,0.0,0.0,0.0,0.0,0.0,0.0,0.0,0.0,0.0,0.0,0.0,0.0,0.0,False,False
2013-01-08,0.0,0.0,0.0,0.0,0.0,0.0,0.0,0.0,0.0,0.0,0.0,0.0,0.0,0.0,0.0,0.0,0.0,0.0,0.0,0.0,0.0,0.0,0.0,0.0,0.0,0.0,0.0,0.0,0.0,0.0,False,False
2013-01-09,0.0,0.0,0.0,0.0,0.0,0.0,0.0,0.0,0.0,0.0,0.0,0.0,0.0,0.0,0.0,0.0,0.0,0.0,0.0,0.0,0.0,0.0,0.0,0.0,0.0,0.0,0.0,0.0,0.0,0.0,False,False
2013-01-10,0.0,0.0,0.0,0.0,0.0,0.0,0.0,0.0,0.0,0.0,0.0,0.0,0.0,0.0,0.0,0.0,0.0,0.0,0.0,0.0,0.0,0.0,0.0,0.0,0.0,0.0,0.0,0.0,0.0,0.0,False,False
2013-01-11,0.0,0.0,0.0,0.0,0.0,0.0,0.0,0.0,0.0,0.0,0.0,0.0,0.0,0.0,0.0,0.0,0.0,0.0,0.0,0.0,0.0,0.0,0.0,0.0,0.0,0.0,0.0,0.0,0.0,0.0,False,False
2013-01-14,0.0,0.0,0.0,0.0,0.0,0.0,0.0,0.0,0.0,0.0,0.0,0.0,0.0,0.0,0.0,0.0,0.0,0.0,0.0,0.0,0.0,0.0,0.0,0.0,0.0,0.0,0.0,0.0,0.0,0.0,False,False
2013-01-15,0.0,0.0,0.0,0.0,0.0,0.0,0.0,0.0,0.0,0.0,0.0,0.0,0.0,0.0,0.0,0.0,0.0,0.0,0.0,0.0,0.0,0.0,0.0,0.0,0.0,0.0,0.0,0.0,0.0,0.0,False,False
2013-01-16,0.0,0.0,0.0,0.0,0.0,0.0,0.0,0.0,0.0,0.0,0.0,0.0,0.0,0.0,0.0,0.0,0.0,0.0,0.0,0.0,0.0,0.0,0.0,0.0,0.0,0.0,0.0,0.0,0.0,0.0,False,False
2013-01-17,0.0,0.0,0.0,0.0,0.0,0.0,0.0,0.0,0.0,0.0,0.0,0.0,0.0,0.0,0.0,0.0,0.0,0.0,0.0,0.0,0.0,0.0,0.0,0.0,0.0,0.0,0.0,0.0,0.0,0.0,False,False
2013-01-18,0.0,0.0,0.0,0.0,0.0,0.0,0.0,0.0,0.0,0.0,0.0,0.0,0.0,0.0,0.0,0.0,0.0,0.0,0.0,0.0,0.0,0.0,0.0,0.0,0.0,0.0,0.0,0.0,0.0,0.0,False,False
2013-01-22,0.0,0.0,0.0,0.0,0.0,0.0,0.0,0.0,0.0,0.0,0.0,0.0,0.0,0.0,0.0,0.0,0.0,0.0,0.0,0.0,0.0,0.0,0.0,0.0,0.0,0.0,0.0,0.0,0.0,0.0,False,False
2013-01-23,0.0,0.0,0.0,0.0,0.0,0.0,0.0,0.0,0.0,0.0,0.0,0.0,0.0,0.0,0.0,0.0,0.0,0.0,0.0,0.0,0.0,0.0,0.0,0.0,0.0,0.0,0.0,0.0,0.0,0.0,False,False
2013-01-24,0.0,0.0,0.0,0.0,0.0,0.0,0.0,0.0,0.0,0.0,0.0,0.0,0.0,0.0,0.0,0.0,0.0,0.0,0.0,0.0,0.0,0.0,0.0,0.0,0.0,0.0,0.0,0.0,0.0,0.0,False,False
2013-01-25,0.0,0.0,0.0,0.0,0.0,0.0,0.0,0.0,0.0,0.0,0.0,0.0,0.0,0.0,0.0,0.0,0.0,0.0,0.0,0.0,0.0,0.0,0.0,0.0,0.0,0.0,0.0,0.0,0.0,0.0,False,False
2013-01-28,0.0,0.0,0.0,0.0,0.0,0.0,0.0,0.0,0.0,0.0,0.0,0.0,0.0,0.0,0.0,0.0,0.0,0.0,0.0,0.0,0.0,0.0,0.0,0.0,0.0,0.0,0.0,0.0,0.0,0.0,False,False
2013-01-29,0.0,0.0,0.0,0.0,0.0,0.0,0.0,0.0,0.0,0.0,0.0,0.0,0.0,0.0,0.0,0.0,0.0,0.0,0.0,0.0,0.0,0.0,0.0,0.0,0.0,0.0,0.0,0.0,0.0,0.0,False,False
2013-01-30,0.0,0.0,0.0,0.0,0.0,0.0,0.0,0.0,0.0,0.0,0.0,0.0,0.0,0.0,0.0,0.0,0.0,0.0,0.0,0.0,0.0,0.0,0.0,0.0,0.0,0.0,0.0,0.0,0.0,0.0,False,False
2013-01-31,0.0,0.0,0.0,0.0,0.0,0.0,0.0,0.0,0.0,0.0,0.0,0.0,0.0,0.0,0.0,0.0,0.0,0.0,0.0,0.0,0.0,0.0,0.0,0.0,0.0,0.0,0.0,0.0,0.0,0.0,False,False
2013-02-01,0.0,0.0,0.0,0.0,0.0,0.0,0.0,0.0,0.0,0.0,0.0,0.0,0.0,0.0,0.0,0.0,0.0,0.0,0.0,0.0,0.0,0.0,0.0,0.0,0.0,0.0,0.0,0.0,0.0,0.0,False,False
2013-02-04,0.0,0.0,0.0,0.0,0.0,0.0,0.0,0.0,0.0,0.0,0.0,0.0,0.0,0.0,0.0,0.0,0.0,0.0,0.0,0.0,0.0,0.0,0.0,0.0,0.0,0.0,0.0,0.0,0.0,0.0,False,False
2013-02-05,0.0,0.0,0.0,0.0,0.0,0.0,0.0,0.0,0.0,0.0,0.0,0.0,0.0,0.0,0.0,0.0,0.0,0.0,0.0,0.0,0.0,0.0,0.0,0.0,0.0,0.0,0.0,0.0,0.0,0.0,False,False
2013-02-06,0.0,0.0,0.0,0.0,0.0,0.0,0.0,0.0,0.0,0.0,0.0,0.0,0.0,0.0,0.0,0.0,0.0,0.0,0.0,0.0,0.0,0.0,0.0,0.0,0.0,0.0,0.0,0.0,0.0,0.0,False,False
2013-02-07,0.0,0.0,0.0,0.0,0.0,0.0,0.0,0.0,0.0,0.0,0.0,0.0,0.0,0.0,0.0,0.0,0.0,0.0,0.0,0.0,0.0,0.0,0.0,0.0,0.0,0.0,0.0,0.0,0.0,0.0,False,False
2013-02-08,0.0,0.0,0.0,0.0,0.0,0.0,0.0,0.0,0.0,0.0,0.0,0.0,0.0,0.0,0.0,0.0,0.0,0.0,0.0,0.0,0.0,0.0,0.0,0.0,0.0,0.0,0.0,0.0,0.0,0.0,False,False
2013-02-11,0.0,0.0,0.0,0.0,0.0,0.0,0.0,0.0,0.0,0.0,0.0,0.0,0.0,0.0,0.0,0.0,0.0,0.0,0.0,0.0,0.0,0.0,0.0,0.0,0.0,0.0,0.0,0.0,0.0,0.0,False,False
2013-02-12,0.0,0.0,0.0,0.0,0.0,0.0,0.0,0.0,0.0,0.0,0.0,0.0,0.0,0.0,0.0,0.0,0.0,0.0,0.0,0.0,0.0,0.0,0.0,0.0,0.0,0.0,0.0,0.0,0.0,0.0,False,False
2013-02-13,0.0,0.0,0.0,0.0,0.0,0.0,0.0,0.0,0.0,0.0,0.0,0.0,0.0,0.0,0.0,0.0,0.0,0.0,0.0,0.0,0.0,0.0,0.0,0.0,0.0,0.0,0.0,0.0,0.0,0.0,False,False
2013-02-14,0.0,0.0,0.0,0.0,0.0,0.0,0.0,0.0,0.0,0.0,0.0,0.0,0.0,0.0,0.0,0.0,0.0,0.0,0.0,0.0,0.0,0.0,0.0,0.0,0.0,0.0,0.0,0.0,0.0,0.0,False,False
2013-02-15,0.0,0.0,0.0,0.0,0.0,0.0,0.0,0.0,0.0,0.0,0.0,0.0,0.0,0.0,0.0,0.0,0.0,0.0,0.0,0.0,0.0,0.0,0.0,0.0,0.0,0.0,0.0,0.0,0.0,0.0,False,False
2013-02-19,0.0,0.0,0.0,0.0,0.0,0.0,0.0,0.0,0.0,0.0,0.0,0.0,0.0,0.0,0.0,0.0,0.0,0.0,0.0,0.0,0.0,0.0,0.0,0.0,0.0,0.0,0.0,0.0,0.0,0.0,False,False
2013-02-20,0.0,0.0,0.0,0.0,0.0,0.0,0.0,0.0,0.0,0.0,0.0,0.0,0.0,0.0,0.0,0.0,0.0,0.0,0.0,0.0,0.0,0.0,0.0,0.0,0.0,0.0,0.0,0.0,0.0,0.0,False,False
2013-02-21,0.0,0.0,0.0,0.0,0.0,0.0,0.0,0.0,0.0,0.0,0.0,0.0,0.0,0.0,0.0,0.0,0.0,0.0,0.0,0.0,0.0,0.0,0.0,0.0,0.0,0.0,0.0,0.0,0.0,0.0,False,False
2013-02-22,0.0,0.0,0.0,0.0,0.0,0.0,0.0,0.0,0.0,0.0,0.0,0.0,0.0,0.0,0.0,0.0,0.0,0.0,0.0,0.0,0.0,0.0,0.0,0.0,0.0,0.0,0.0,0.0,0.0,0.0,False,False
2013-02-25,0.0,0.0,0.0,0.0,0.0,0.0,0.0,0.0,0.0,0.0,0.0,0.0,0.0,0.0,0.0,0.0,0.0,0.0,0.0,0.0,0.0,0.0,0.0,0.0,0.0,0.0,0.0,0.0,0.0,0.0,False,False
2013-02-26,0.0,0.0,0.0,0.0,0.0,0.0,0.0,0.0,0.0,0.0,0.0,0.0,0.0,0.0,0.0,0.0,0.0,0.0,0.0,0.0,0.0,0.0,0.0,0.0,0.0,0.0,0.0,0.0,0.0,0.0,False,False
2013-02-27,0.0,0.0,0.0,0.0,0.0,0.0,0.0,0.0,0.0,0.0,0.0,0.0,0.0,0.0,0.0,0.0,0.0,0.0,0.0,0.0,0.0,0.0,0.0,0.0,0.0,0.0,0.0,0.0,0.0,0.0,False,False
2013-02-28,0.0,0.0,0.0,0.0,0.0,0.0,0.0,0.0,0.0,0.0,0.0,0.0,0.0,0.0,0.0,0.0,0.0,0.0,0.0,0.0,0.0,0.0,0.0,0.0,0.0,0.0,0.0,0.0,0.0,0.0,False,False
2013-03-01,0.0,0.0,0.0,0.0,0.0,0.0,0.0,0.0,0.0,0.0,0.0,0.0,0.0,0.0,0.0,0.0,0.0,0.0,0.0,0.0,0.0,0.0,0.0,0.0,0.0,0.0,0.0,0.0,0.0,0.0,False,False
2013-03-04,0.0,0.0,0.0,0.0,0.0,0.0,0.0,0.0,0.0,0.0,0.0,0.0,0.0,0.0,0.0,0.0,0.0,0.0,0.0,0.0,0.0,0.0,0.0,0.0,0.0,0.0,0.0,0.0,0.0,0.0,False,False
2013-03-05,0.0,0.0,0.0,0.0,0.0,0.0,0.0,0.0,0.0,0.0,0.0,0.0,0.0,0.0,0.0,0.0,0.0,0.0,0.0,0.0,0.0,0.0,0.0,0.0,0.0,0.0,0.0,0.0,0.0,0.0,False,False
2013-03-06,0.0,0.0,0.0,0.0,0.0,0.0,0.0,0.0,0.0,0.0,0.0,0.0,0.0,0.0,0.0,0.0,0.0,0.0,0.0,0.0,0.0,0.0,0.0,0.0,0.0,0.0,0.0,0.0,0.0,0.0,False,False
2013-03-07,0.0,0.0,0.0,0.0,0.0,0.0,0.0,0.0,0.0,0.0,0.0,0.0,0.0,0.0,0.0,0.0,0.0,0.0,0.0,0.0,0.0,0.0,0.0,0.0,0.0,0.0,0.0,0.0,0.0,0.0,False,False
2013-03-08,0.0,0.0,0.0,0.0,0.0,0.0,0.0,0.0,0.0,0.0,0.0,0.0,0.0,0.0,0.0,0.0,0.0,0.0,0.0,0.0,0.0,0.0,0.0,0.0,0.0,0.0,0.0,0.0,0.0,0.0,False,False
2013-03-11,0.0,0.0,0.0,0.0,0.0,0.0,0.0,0.0,0.0,0.0,0.0,0.0,0.0,0.0,0.0,0.0,0.0,0.0,0.0,0.0,0.0,0.0,0.0,0.0,0.0,0.0,0.0,0.0,0.0,0.0,False,False
2013-03-12,0.0,0.0,0.0,0.0,0.0,0.0,0.0,0.0,0.0,0.0,0.0,0.0,0.0,0.0,0.0,0.0,0.0,0.0,0.0,0.0,0.0,0.0,0.0,0.0,0.0,0.0,0.0,0.0,0.0,0.0,False,False
2013-03-13,0.0,0.0,0.0,0.0,0.0,0.0,0.0,0.0,0.0,0.0,0.0,0.0,0.0,0.0,0.0,0.0,0.0,0.0,0.0,0.0,0.0,0.0,0.0,0.0,0.0,0.0,0.0,0.0,0.0,0.0,False,False
2013-03-14,0.0,0.0,0.0,0.0,0.0,0.0,0.0,0.0,0.0,0.0,0.0,0.0,0.0,0.0,0.0,0.0,0.0,0.0,0.0,0.0,0.0,0.0,0.0,0.0,0.0,0.0,0.0,0.0,0.0,0.0,False,False
2013-03-15,0.0,0.0,0.0,0.0,0.0,0.0,0.0,0.0,0.0,0.0,0.0,0.0,0.0,0.0,0.0,0.0,0.0,0.0,0.0,0.0,0.0,0.0,0.0,0.0,0.0,0.0,0.0,0.0,0.0,0.0,False,False
2013-03-18,0.0,0.0,0.0,0.0,0.0,0.0,0.0,0.0,0.0,0.0,0.0,0.0,0.0,0.0,0.0,0.0,0.0,0.0,0.0,0.0,0.0,0.0,0.0,0.0,0.0,0.0,0.0,0.0,0.0,0.0,False,False
2013-03-19,0.0,0.0,0.0,0.0,0.0,0.0,0.0,0.0,0.0,0.0,0.0,0.0,0.0,0.0,0.0,0.0,0.0,0.0,0.0,0.0,0.0,0.0,0.0,0.0,0.0,0.0,0.0,0.0,0.0,0.0,False,False
2013-03-20,0.0,0.0,0.0,0.0,0.0,0.0,0.0,0.0,0.0,0.0,0.0,0.0,0.0,0.0,0.0,0.0,0.0,0.0,0.0,0.0,0.0,0.0,0.0,0.0,0.0,0.0,0.0,0.0,0.0,0.0,False,False
2013-03-21,0.0,0.0,0.0,0.0,0.0,0.0,0.0,0.0,0.0,0.0,0.0,0.0,0.0,0.0,0.0,0.0,0.0,0.0,0.0,0.0,0.0,0.0,0.0,0.0,0.0,0.0,0.0,0.0,0.0,0.0,False,False
2013-03-22,0.0,0.0,0.0,0.0,0.0,0.0,0.0,0.0,0.0,0.0,0.0,0.0,0.0,0.0,0.0,0.0,0.0,0.0,0.0,0.0,0.0,0.0,0.0,0.0,0.0,0.0,0.0,0.0,0.0,0.0,False,False
2013-03-25,0.0,0.0,0.0,0.0,0.0,0.0,0.0,0.0,0.0,0.0,0.0,0.0,0.0,0.0,0.0,0.0,0.0,0.0,0.0,0.0,0.0,0.0,0.0,0.0,0.0,0.0,0.0,0.0,0.0,0.0,False,False
2013-03-26,0.0,0.0,0.0,0.0,0.0,0.0,0.0,0.0,0.0,0.0,0.0,0.0,0.0,0.0,0.0,0.0,0.0,0.0,0.0,0.0,0.0,0.0,0.0,0.0,0.0,0.0,0.0,0.0,0.0,0.0,False,False
2013-03-27,0.0,0.0,0.0,0.0,0.0,0.0,0.0,0.0,0.0,0.0,0.0,0.0,0.0,0.0,0.0,0.0,0.0,0.0,0.0,0.0,0.0,0.0,0.0,0.0,0.0,0.0,0.0,0.0,0.0,0.0,False,False
2013-03-28,0.0,0.0,0.0,0.0,0.0,0.0,0.0,0.0,0.0,0.0,0.0,0.0,0.0,0.0,0.0,0.0,0.0,0.0,0.0,0.0,0.0,0.0,0.0,0.0,0.0,0.0,0.0,0.0,0.0,0.0,False,False
2013-04-01,0.0,0.0,0.0,0.0,0.0,0.0,0.0,0.0,0.0,0.0,0.0,0.0,0.0,0.0,0.0,0.0,0.0,0.0,0.0,0.0,0.0,0.0,0.0,0.0,0.0,0.0,0.0,0.0,0.0,0.0,False,False
2013-04-02,0.0,0.0,0.0,0.0,0.0,0.0,0.0,0.0,0.0,0.0,0.0,0.0,0.0,0.0,0.0,0.0,0.0,0.0,0.0,0.0,0.0,0.0,0.0,0.0,0.0,0.0,0.0,0.0,0.0,0.0,False,False
2013-04-03,0.0,0.0,0.0,0.0,0.0,0.0,0.0,0.0,0.0,0.0,0.0,0.0,0.0,0.0,0.0,0.0,0.0,0.0,0.0,0.0,0.0,0.0,0.0,0.0,0.0,0.0,0.0,0.0,0.0,0.0,False,False
2013-04-04,0.0,0.0,0.0,0.0,0.0,0.0,0.0,0.0,0.0,0.0,0.0,0.0,0.0,0.0,0.0,0.0,0.0,0.0,0.0,0.0,0.0,0.0,0.0,0.0,0.0,0.0,0.0,0.0,0.0,0.0,False,False
2013-04-05,0.0,0.0,0.0,0.0,0.0,0.0,0.0,0.0,0.0,0.0,0.0,0.0,0.0,0.0,0.0,0.0,0.0,0.0,0.0,0.0,0.0,0.0,0.0,0.0,0.0,0.0,0.0,0.0,0.0,0.0,False,False
2013-04-08,0.0,0.0,0.0,0.0,0.0,0.0,0.0,0.0,0.0,0.0,0.0,0.0,0.0,0.0,0.0,0.0,0.0,0.0,0.0,0.0,0.0,0.0,0.0,0.0,0.0,0.0,0.0,0.0,0.0,0.0,False,False
2013-04-09,0.0,0.0,0.0,0.0,0.0,0.0,0.0,0.0,0.0,0.0,0.0,0.0,0.0,0.0,0.0,0.0,0.0,0.0,0.0,0.0,0.0,0.0,0.0,0.0,0.0,0.0,0.0,0.0,0.0,0.0,False,False
2013-04-10,0.0,0.0,0.0,0.0,0.0,0.0,0.0,0.0,0.0,0.0,0.0,0.0,0.0,0.0,0.0,0.0,0.0,0.0,0.0,0.0,0.0,0.0,0.0,0.0,0.0,0.0,0.0,0.0,0.0,0.0,False,False
2013-04-11,0.0,0.0,0.0,0.0,0.0,0.0,0.0,0.0,0.0,0.0,0.0,0.0,0.0,0.0,0.0,0.0,0.0,0.0,0.0,0.0,0.0,0.0,0.0,0.0,0.0,0.0,0.0,0.0,0.0,0.0,False,False
2013-04-12,0.0,0.0,0.0,0.0,0.0,0.0,0.0,0.0,0.0,0.0,0.0,0.0,0.0,0.0,0.0,0.0,0.0,0.0,0.0,0.0,0.0,0.0,0.0,0.0,0.0,0.0,0.0,0.0,0.0,0.0,False,False
2013-04-15,0.0,0.0,0.0,0.0,0.0,0.0,0.0,0.0,0.0,0.0,0.0,0.0,0.0,0.0,0.0,0.0,0.0,0.0,0.0,0.0,0.0,0.0,0.0,0.0,0.0,0.0,0.0,0.0,0.0,0.0,False,False
2013-04-16,0.0,0.0,0.0,0.0,0.0,0.0,0.0,0.0,0.0,0.0,0.0,0.0,0.0,0.0,0.0,0.0,0.0,0.0,0.0,0.0,0.0,0.0,0.0,0.0,0.0,0.0,0.0,0.0,0.0,0.0,False,False
2013-04-17,0.0,0.0,0.0,0.0,0.0,0.0,0.0,0.0,0.0,0.0,0.0,0.0,0.0,0.0,0.0,0.0,0.0,0.0,0.0,0.0,0.0,0.0,0.0,0.0,0.0,0.0,0.0,0.0,0.0,0.0,False,False
2013-04-18,0.0,0.0,0.0,0.0,0.0,0.0,0.0,0.0,0.0,0.0,0.0,0.0,0.0,0.0,0.0,0.0,0.0,0.0,0.0,0.0,0.0,0.0,0.0,0.0,0.0,0.0,0.0,0.0,0.0,0.0,False,False
2013-04-19,0.0,0.0,0.0,0.0,0.0,0.0,0.0,0.0,0.0,0.0,0.0,0.0,0.0,0.0,0.0,0.0,0.0,0.0,0.0,0.0,0.0,0.0,0.0,0.0,0.0,0.0,0.0,0.0,0.0,0.0,False,False
2013-04-22,0.0,0.0,0.0,0.0,0.0,0.0,0.0,0.0,0.0,0.0,0.0,0.0,0.0,0.0,0.0,0.0,0.0,0.0,0.0,0.0,0.0,0.0,0.0,0.0,0.0,0.0,0.0,0.0,0.0,0.0,False,False
2013-04-23,0.0,0.0,0.0,0.0,0.0,0.0,0.0,0.0,0.0,0.0,0.0,0.0,0.0,0.0,0.0,0.0,0.0,0.0,0.0,0.0,0.0,0.0,0.0,0.0,0.0,0.0,0.0,0.0,0.0,0.0,False,False
2013-04-24,0.0,0.0,0.0,0.0,0.0,0.0,0.0,0.0,0.0,0.0,0.0,0.0,0.0,0.0,0.0,0.0,0.0,0.0,0.0,0.0,0.0,0.0,0.0,0.0,0.0,0.0,0.0,0.0,0.0,0.0,False,False
2013-04-25,0.0,0.0,0.0,0.0,0.0,0.0,0.0,0.0,0.0,0.0,0.0,0.0,0.0,0.0,0.0,0.0,0.0,0.0,0.0,0.0,0.0,0.0,0.0,0.0,0.0,0.0,0.0,0.0,0.0,0.0,False,False
2013-04-26,0.0,0.0,0.0,0.0,0.0,0.0,0.0,0.0,0.0,0.0,0.0,0.0,0.0,0.0,0.0,0.0,0.0,0.0,0.0,0.0,0.0,0.0,0.0,0.0,0.0,0.0,0.0,0.0,0.0,0.0,False,False
2013-04-29,0.0,0.0,0.0,0.0,0.0,0.0,0.0,0.0,0.0,0.0,0.0,0.0,0.0,0.0,0.0,0.0,0.0,0.0,0.0,0.0,0.0,0.0,0.0,0.0,0.0,0.0,0.0,0.0,0.0,0.0,False,False
2013-04-30,0.0,0.0,0.0,0.0,0.0,0.0,0.0,0.0,0.0,0.0,0.0,0.0,0.0,0.0,0.0,0.0,0.0,0.0,0.0,0.0,0.0,0.0,0.0,0.0,0.0,0.0,0.0,0.0,0.0,0.0,False,False
2013-05-01,0.0,0.0,0.0,0.0,0.0,0.0,0.0,0.0,0.0,0.0,0.0,0.0,0.0,0.0,0.0,0.0,0.0,0.0,0.0,0.0,0.0,0.0,0.0,0.0,0.0,0.0,0.0,0.0,0.0,0.0,False,False
2013-05-02,0.0,0.0,0.0,0.0,0.0,0.0,0.0,0.0,0.0,0.0,0.0,0.0,0.0,0.0,0.0,0.0,0.0,0.0,0.0,0.0,0.0,0.0,0.0,0.0,0.0,0.0,0.0,0.0,0.0,0.0,False,False
2013-05-03,0.0,0.0,0.0,0.0,0.0,0.0,0.0,0.0,0.0,0.0,0.0,0.0,0.0,0.0,0.0,0.0,0.0,0.0,0.0,0.0,0.0,0.0,0.0,0.0,0.0,0.0,0.0,0.0,0.0,0.0,False,False
2013-05-06,0.0,0.0,0.0,0.0,0.0,0.0,0.0,0.0,0.0,0.0,0.0,0.0,0.0,0.0,0.0,0.0,0.0,0.0,0.0,0.0,0.0,0.0,0.0,0.0,0.0,0.0,0.0,0.0,0.0,0.0,False,False
2013-05-07,0.0,0.0,0.0,0.0,0.0,0.0,0.0,0.0,0.0,0.0,0.0,0.0,0.0,0.0,0.0,0.0,0.0,0.0,0.0,0.0,0.0,0.0,0.0,0.0,0.0,0.0,0.0,0.0,0.0,0.0,False,False
2013-05-08,0.0,0.0,0.0,0.0,0.0,0.0,0.0,0.0,0.0,0.0,0.0,0.0,0.0,0.0,0.0,0.0,0.0,0.0,0.0,0.0,0.0,0.0,0.0,0.0,0.0,0.0,0.0,0.0,0.0,0.0,False,False
2013-05-09,0.0,0.0,0.0,0.0,0.0,0.0,0.0,0.0,0.0,0.0,0.0,0.0,0.0,0.0,0.0,0.0,0.0,0.0,0.0,0.0,0.0,0.0,0.0,0.0,0.0,0.0,0.0,0.0,0.0,0.0,False,False
2013-05-10,0.0,0.0,0.0,0.0,0.0,0.0,0.0,0.0,0.0,0.0,0.0,0.0,0.0,0.0,0.0,0.0,0.0,0.0,0.0,0.0,0.0,0.0,0.0,0.0,0.0,0.0,0.0,0.0,0.0,0.0,False,False
2013-05-13,0.0,0.0,0.0,0.0,0.0,0.0,0.0,0.0,0.0,0.0,0.0,0.0,0.0,0.0,0.0,0.0,0.0,0.0,0.0,0.0,0.0,0.0,0.0,0.0,0.0,0.0,0.0,0.0,0.0,0.0,False,False
2013-05-14,0.0,0.0,0.0,0.0,0.0,0.0,0.0,0.0,0.0,0.0,0.0,0.0,0.0,0.0,0.0,0.0,0.0,0.0,0.0,0.0,0.0,0.0,0.0,0.0,0.0,0.0,0.0,0.0,0.0,0.0,False,False
2013-05-15,0.0,0.0,0.0,0.0,0.0,0.0,0.0,0.0,0.0,0.0,0.0,0.0,0.0,0.0,0.0,0.0,0.0,0.0,0.0,0.0,0.0,0.0,0.0,0.0,0.0,0.0,0.0,0.0,0.0,0.0,False,False
2013-05-16,0.0,0.0,0.0,0.0,0.0,0.0,0.0,0.0,0.0,0.0,0.0,0.0,0.0,0.0,0.0,0.0,0.0,0.0,0.0,0.0,0.0,0.0,0.0,0.0,0.0,0.0,0.0,0.0,0.0,0.0,False,False
2013-05-17,0.0,0.0,0.0,0.0,0.0,0.0,0.0,0.0,0.0,0.0,0.0,0.0,0.0,0.0,0.0,0.0,0.0,0.0,0.0,0.0,0.0,0.0,0.0,0.0,0.0,0.0,0.0,0.0,0.0,0.0,False,False
2013-05-20,0.0,0.0,0.0,0.0,0.0,0.0,0.0,0.0,0.0,0.0,0.0,0.0,0.0,0.0,0.0,0.0,0.0,0.0,0.0,0.0,0.0,0.0,0.0,0.0,0.0,0.0,0.0,0.0,0.0,0.0,False,False
2013-05-21,0.0,0.0,0.0,0.0,0.0,0.0,0.0,0.0,0.0,0.0,0.0,0.0,0.0,0.0,0.0,0.0,0.0,0.0,0.0,0.0,0.0,0.0,0.0,0.0,0.0,0.0,0.0,0.0,0.0,0.0,False,False
2013-05-22,0.0,0.0,0.0,0.0,0.0,0.0,0.0,0.0,0.0,0.0,0.0,0.0,0.0,0.0,0.0,0.0,0.0,0.0,0.0,0.0,0.0,0.0,0.0,0.0,0.0,0.0,0.0,0.0,0.0,0.0,False,False
2013-05-23,0.0,0.0,0.0,0.0,0.0,0.0,0.0,0.0,0.0,0.0,0.0,0.0,0.0,0.0,0.0,0.0,0.0,0.0,0.0,0.0,0.0,0.0,0.0,0.0,0.0,0.0,0.0,0.0,0.0,0.0,False,False
2013-05-24,0.0,0.0,0.0,0.0,0.0,0.0,0.0,0.0,0.0,0.0,0.0,0.0,0.0,0.0,0.0,0.0,0.0,0.0,0.0,0.0,0.0,0.0,0.0,0.0,0.0,0.0,0.0,0.0,0.0,0.0,False,False
2013-05-28,0.0,0.0,0.0,0.0,0.0,0.0,0.0,0.0,0.0,0.0,0.0,0.0,0.0,0.0,0.0,0.0,0.0,0.0,0.0,0.0,0.0,0.0,0.0,0.0,0.0,0.0,0.0,0.0,0.0,0.0,False,False
2013-05-29,0.0,0.0,0.0,0.0,0.0,0.0,0.0,0.0,0.0,0.0,0.0,0.0,0.0,0.0,0.0,0.0,0.0,0.0,0.0,0.0,0.0,0.0,0.0,0.0,0.0,0.0,0.0,0.0,0.0,0.0,False,False
2013-05-30,0.0,0.0,0.0,0.0,0.0,0.0,0.0,0.0,0.0,0.0,0.0,0.0,0.0,0.0,0.0,0.0,0.0,0.0,0.0,0.0,0.0,0.0,0.0,0.0,0.0,0.0,0.0,0.0,0.0,0.0,False,False
2013-05-31,0.0,0.0,0.0,0.0,0.0,0.0,0.0,0.0,0.0,0.0,0.0,0.0,0.0,0.0,0.0,0.0,0.0,0.0,0.0,0.0,0.0,0.0,0.0,0.0,0.0,0.0,0.0,0.0,0.0,0.0,False,False
2013-06-03,0.0,0.0,0.0,0.0,0.0,0.0,0.0,0.0,0.0,0.0,0.0,0.0,0.0,0.0,0.0,0.0,0.0,0.0,0.0,0.0,0.0,0.0,0.0,0.0,0.0,0.0,0.0,0.0,0.0,0.0,False,False
2013-06-04,0.0,0.0,0.0,0.0,0.0,0.0,0.0,0.0,0.0,0.0,0.0,0.0,0.0,0.0,0.0,0.0,0.0,0.0,0.0,0.0,0.0,0.0,0.0,0.0,0.0,0.0,0.0,0.0,0.0,0.0,False,False
2013-06-05,0.0,0.0,0.0,0.0,0.0,0.0,0.0,0.0,0.0,0.0,0.0,0.0,0.0,0.0,0.0,0.0,0.0,0.0,0.0,0.0,0.0,0.0,0.0,0.0,0.0,0.0,0.0,0.0,0.0,0.0,False,False
2013-06-06,0.0,0.0,0.0,0.0,0.0,0.0,0.0,0.0,0.0,0.0,0.0,0.0,0.0,0.0,0.0,0.0,0.0,0.0,0.0,0.0,0.0,0.0,0.0,0.0,0.0,0.0,0.0,0.0,0.0,0.0,False,False
2013-06-07,0.0,0.0,0.0,0.0,0.0,0.0,0.0,0.0,0.0,0.0,0.0,0.0,0.0,0.0,0.0,0.0,0.0,0.0,0.0,0.0,0.0,0.0,0.0,0.0,0.0,0.0,0.0,0.0,0.0,0.0,False,False
2013-06-10,0.0,0.0,0.0,0.0,0.0,0.0,0.0,0.0,0.0,0.0,0.0,0.0,0.0,0.0,0.0,0.0,0.0,0.0,0.0,0.0,0.0,0.0,0.0,0.0,0.0,0.0,0.0,0.0,0.0,0.0,False,False
2013-06-11,0.0,0.0,0.0,0.0,0.0,0.0,0.0,0.0,0.0,0.0,0.0,0.0,0.0,0.0,0.0,0.0,0.0,0.0,0.0,0.0,0.0,0.0,0.0,0.0,0.0,0.0,0.0,0.0,0.0,0.0,False,False
2013-06-12,0.0,0.0,0.0,0.0,0.0,0.0,0.0,0.0,0.0,0.0,0.0,0.0,0.0,0.0,0.0,0.0,0.0,0.0,0.0,0.0,0.0,0.0,0.0,0.0,0.0,0.0,0.0,0.0,0.0,0.0,False,False
2013-06-13,0.0,0.0,0.0,0.0,0.0,0.0,0.0,0.0,0.0,0.0,0.0,0.0,0.0,0.0,0.0,0.0,0.0,0.0,0.0,0.0,0.0,0.0,0.0,0.0,0.0,0.0,0.0,0.0,0.0,0.0,False,False
2013-06-14,0.0,0.0,0.0,0.0,0.0,0.0,0.0,0.0,0.0,0.0,0.0,0.0,0.0,0.0,0.0,0.0,0.0,0.0,0.0,0.0,0.0,0.0,0.0,0.0,0.0,0.0,0.0,0.0,0.0,0.0,False,False
2013-06-17,0.0,0.0,0.0,0.0,0.0,0.0,0.0,0.0,0.0,0.0,0.0,0.0,0.0,0.0,0.0,0.0,0.0,0.0,0.0,0.0,0.0,0.0,0.0,0.0,0.0,0.0,0.0,0.0,0.0,0.0,False,False
2013-06-18,0.0,0.0,0.0,0.0,0.0,0.0,0.0,0.0,0.0,0.0,0.0,0.0,0.0,0.0,0.0,0.0,0.0,0.0,0.0,0.0,0.0,0.0,0.0,0.0,0.0,0.0,0.0,0.0,0.0,0.0,False,False
2013-06-19,0.0,0.0,0.0,0.0,0.0,0.0,0.0,0.0,0.0,0.0,0.0,0.0,0.0,0.0,0.0,0.0,0.0,0.0,0.0,0.0,0.0,0.0,0.0,0.0,0.0,0.0,0.0,0.0,0.0,0.0,False,False
2013-06-20,0.0,0.0,0.0,0.0,0.0,0.0,0.0,0.0,0.0,0.0,0.0,0.0,0.0,0.0,0.0,0.0,0.0,0.0,0.0,0.0,0.0,0.0,0.0,0.0,0.0,0.0,0.0,0.0,0.0,0.0,False,False
2013-06-21,0.0,0.0,0.0,0.0,0.0,0.0,0.0,0.0,0.0,0.0,0.0,0.0,0.0,0.0,0.0,0.0,0.0,0.0,0.0,0.0,0.0,0.0,0.0,0.0,0.0,0.0,0.0,0.0,0.0,0.0,False,False
2013-06-24,0.0,0.0,0.0,0.0,0.0,0.0,0.0,0.0,0.0,0.0,0.0,0.0,0.0,0.0,0.0,0.0,0.0,0.0,0.0,0.0,0.0,0.0,0.0,0.0,0.0,0.0,0.0,0.0,0.0,0.0,False,False
2013-06-25,0.0,0.0,0.0,0.0,0.0,0.0,0.0,0.0,0.0,0.0,0.0,0.0,0.0,0.0,0.0,0.0,0.0,0.0,0.0,0.0,0.0,0.0,0.0,0.0,0.0,0.0,0.0,0.0,0.0,0.0,False,False
2013-06-26,0.0,0.0,0.0,0.0,0.0,0.0,0.0,0.0,0.0,0.0,0.0,0.0,0.0,0.0,0.0,0.0,0.0,0.0,0.0,0.0,0.0,0.0,0.0,0.0,0.0,0.0,0.0,0.0,0.0,0.0,False,False
2013-06-27,0.0,0.0,0.0,0.0,0.0,0.0,0.0,0.0,0.0,0.0,0.0,0.0,0.0,0.0,0.0,0.0,0.0,0.0,0.0,0.0,0.0,0.0,0.0,0.0,0.0,0.0,0.0,0.0,0.0,0.0,False,False
2013-06-28,0.0,0.0,0.0,0.0,0.0,0.0,0.0,0.0,0.0,0.0,0.0,0.0,0.0,0.0,0.0,0.0,0.0,0.0,0.0,0.0,0.0,0.0,0.0,0.0,0.0,0.0,0.0,0.0,0.0,0.0,False,False
2013-07-01,0.0,0.0,0.0,0.0,0.0,0.0,0.0,0.0,0.0,0.0,0.0,0.0,0.0,0.0,0.0,0.0,0.0,0.0,0.0,0.0,0.0,0.0,0.0,0.0,0.0,0.0,0.0,0.0,0.0,0.0,False,False
2013-07-02,0.0,0.0,0.0,0.0,0.0,0.0,0.0,0.0,0.0,0.0,0.0,0.0,0.0,0.0,0.0,0.0,0.0,0.0,0.0,0.0,0.0,0.0,0.0,0.0,0.0,0.0,0.0,0.0,0.0,0.0,False,False
2013-07-03,0.0,0.0,0.0,0.0,0.0,0.0,0.0,0.0,0.0,0.0,0.0,0.0,0.0,0.0,0.0,0.0,0.0,0.0,0.0,0.0,0.0,0.0,0.0,0.0,0.0,0.0,0.0,0.0,0.0,0.0,False,False
2013-07-05,0.0,0.0,0.0,0.0,0.0,0.0,0.0,0.0,0.0,0.0,0.0,0.0,0.0,0.0,0.0,0.0,0.0,0.0,0.0,0.0,0.0,0.0,0.0,0.0,0.0,0.0,0.0,0.0,0.0,0.0,False,False
2013-07-08,0.0,0.0,0.0,0.0,0.0,0.0,0.0,0.0,0.0,0.0,0.0,0.0,0.0,0.0,0.0,0.0,0.0,0.0,0.0,0.0,0.0,0.0,0.0,0.0,0.0,0.0,0.0,0.0,0.0,0.0,False,False
2013-07-09,0.0,0.0,0.0,0.0,0.0,0.0,0.0,0.0,0.0,0.0,0.0,0.0,0.0,0.0,0.0,0.0,0.0,0.0,0.0,0.0,0.0,0.0,0.0,0.0,0.0,0.0,0.0,0.0,0.0,0.0,False,False
2013-07-10,0.0,0.0,0.0,0.0,0.0,0.0,0.0,0.0,0.0,0.0,0.0,0.0,0.0,0.0,0.0,0.0,0.0,0.0,0.0,0.0,0.0,0.0,0.0,0.0,0.0,0.0,0.0,0.0,0.0,0.0,False,False
2013-07-11,0.0,0.0,0.0,0.0,0.0,0.0,0.0,0.0,0.0,0.0,0.0,0.0,0.0,0.0,0.0,0.0,0.0,0.0,0.0,0.0,0.0,0.0,0.0,0.0,0.0,0.0,0.0,0.0,0.0,0.0,False,False
2013-07-12,0.0,0.0,0.0,0.0,0.0,0.0,0.0,0.0,0.0,0.0,0.0,0.0,0.0,0.0,0.0,0.0,0.0,0.0,0.0,0.0,0.0,0.0,0.0,0.0,0.0,0.0,0.0,0.0,0.0,0.0,False,False
2013-07-15,0.0,0.0,0.0,0.0,0.0,0.0,0.0,0.0,0.0,0.0,0.0,0.0,0.0,0.0,0.0,0.0,0.0,0.0,0.0,0.0,0.0,0.0,0.0,0.0,0.0,0.0,0.0,0.0,0.0,0.0,False,False
2013-07-16,0.0,0.0,0.0,0.0,0.0,0.0,0.0,0.0,0.0,0.0,0.0,0.0,0.0,0.0,0.0,0.0,0.0,0.0,0.0,0.0,0.0,0.0,0.0,0.0,0.0,0.0,0.0,0.0,0.0,0.0,False,False
2013-07-17,0.0,0.0,0.0,0.0,0.0,0.0,0.0,0.0,0.0,0.0,0.0,0.0,0.0,0.0,0.0,0.0,0.0,0.0,0.0,0.0,0.0,0.0,0.0,0.0,0.0,0.0,0.0,0.0,0.0,0.0,False,False
2013-07-18,0.0,0.0,0.0,0.0,0.0,0.0,0.0,0.0,0.0,0.0,0.0,0.0,0.0,0.0,0.0,0.0,0.0,0.0,0.0,0.0,0.0,0.0,0.0,0.0,0.0,0.0,0.0,0.0,0.0,0.0,False,False
2013-07-19,0.0,0.0,0.0,0.0,0.0,0.0,0.0,0.0,0.0,0.0,0.0,0.0,0.0,0.0,0.0,0.0,0.0,0.0,0.0,0.0,0.0,0.0,0.0,0.0,0.0,0.0,0.0,0.0,0.0,0.0,False,False
2013-07-22,0.0,0.0,0.0,0.0,0.0,0.0,0.0,0.0,0.0,0.0,0.0,0.0,0.0,0.0,0.0,0.0,0.0,0.0,0.0,0.0,0.0,0.0,0.0,0.0,0.0,0.0,0.0,0.0,0.0,0.0,False,False
2013-07-23,0.0,0.0,0.0,0.0,0.0,0.0,0.0,0.0,0.0,0.0,0.0,0.0,0.0,0.0,0.0,0.0,0.0,0.0,0.0,0.0,0.0,0.0,0.0,0.0,0.0,0.0,0.0,0.0,0.0,0.0,False,False
2013-07-24,0.0,0.0,0.0,0.0,0.0,0.0,0.0,0.0,0.0,0.0,0.0,0.0,0.0,0.0,0.0,0.0,0.0,0.0,0.0,0.0,0.0,0.0,0.0,0.0,0.0,0.0,0.0,0.0,0.0,0.0,False,False
2013-07-25,0.0,0.0,0.0,0.0,0.0,0.0,0.0,0.0,0.0,0.0,0.0,0.0,0.0,0.0,0.0,0.0,0.0,0.0,0.0,0.0,0.0,0.0,0.0,0.0,0.0,0.0,0.0,0.0,0.0,0.0,False,False
2013-07-26,0.0,0.0,0.0,0.0,0.0,0.0,0.0,0.0,0.0,0.0,0.0,0.0,0.0,0.0,0.0,0.0,0.0,0.0,0.0,0.0,0.0,0.0,0.0,0.0,0.0,0.0,0.0,0.0,0.0,0.0,False,False
2013-07-29,0.0,0.0,0.0,0.0,0.0,0.0,0.0,0.0,0.0,0.0,0.0,0.0,0.0,0.0,0.0,0.0,0.0,0.0,0.0,0.0,0.0,0.0,0.0,0.0,0.0,0.0,0.0,0.0,0.0,0.0,False,False
2013-07-30,0.0,0.0,0.0,0.0,0.0,0.0,0.0,0.0,0.0,0.0,0.0,0.0,0.0,0.0,0.0,0.0,0.0,0.0,0.0,0.0,0.0,0.0,0.0,0.0,0.0,0.0,0.0,0.0,0.0,0.0,False,False
2013-07-31,0.0,0.0,0.0,0.0,0.0,0.0,0.0,0.0,0.0,0.0,0.0,0.0,0.0,0.0,0.0,0.0,0.0,0.0,0.0,0.0,0.0,0.0,0.0,0.0,0.0,0.0,0.0,0.0,0.0,0.0,False,False
2013-08-01,0.0,0.0,0.0,0.0,0.0,0.0,0.0,0.0,0.0,0.0,0.0,0.0,0.0,0.0,0.0,0.0,0.0,0.0,0.0,0.0,0.0,0.0,0.0,0.0,0.0,0.0,0.0,0.0,0.0,0.0,False,False
2013-08-02,0.0,0.0,0.0,0.0,0.0,0.0,0.0,0.0,0.0,0.0,0.0,0.0,0.0,0.0,0.0,0.0,0.0,0.0,0.0,0.0,0.0,0.0,0.0,0.0,0.0,0.0,0.0,0.0,0.0,0.0,False,False
2013-08-05,0.0,0.0,0.0,0.0,0.0,0.0,0.0,0.0,0.0,0.0,0.0,0.0,0.0,0.0,0.0,0.0,0.0,0.0,0.0,0.0,0.0,0.0,0.0,0.0,0.0,0.0,0.0,0.0,0.0,0.0,False,False
2013-08-06,0.0,0.0,0.0,0.0,0.0,0.0,0.0,0.0,0.0,0.0,0.0,0.0,0.0,0.0,0.0,0.0,0.0,0.0,0.0,0.0,0.0,0.0,0.0,0.0,0.0,0.0,0.0,0.0,0.0,0.0,False,False
2013-08-07,0.0,0.0,0.0,0.0,0.0,0.0,0.0,0.0,0.0,0.0,0.0,0.0,0.0,0.0,0.0,0.0,0.0,0.0,0.0,0.0,0.0,0.0,0.0,0.0,0.0,0.0,0.0,0.0,0.0,0.0,False,False
2013-08-08,0.0,0.0,0.0,0.0,0.0,0.0,0.0,0.0,0.0,0.0,0.0,0.0,0.0,0.0,0.0,0.0,0.0,0.0,0.0,0.0,0.0,0.0,0.0,0.0,0.0,0.0,0.0,0.0,0.0,0.0,False,False
2013-08-09,0.0,0.0,0.0,0.0,0.0,0.0,0.0,0.0,0.0,0.0,0.0,0.0,0.0,0.0,0.0,0.0,0.0,0.0,0.0,0.0,0.0,0.0,0.0,0.0,0.0,0.0,0.0,0.0,0.0,0.0,False,False
2013-08-12,0.0,0.0,0.0,0.0,0.0,0.0,0.0,0.0,0.0,0.0,0.0,0.0,0.0,0.0,0.0,0.0,0.0,0.0,0.0,0.0,0.0,0.0,0.0,0.0,0.0,0.0,0.0,0.0,0.0,0.0,False,False
2013-08-13,0.0,0.0,0.0,0.0,0.0,0.0,0.0,0.0,0.0,0.0,0.0,0.0,0.0,0.0,0.0,0.0,0.0,0.0,0.0,0.0,0.0,0.0,0.0,0.0,0.0,0.0,0.0,0.0,0.0,0.0,False,False
2013-08-14,0.0,0.0,0.0,0.0,0.0,0.0,0.0,0.0,0.0,0.0,0.0,0.0,0.0,0.0,0.0,0.0,0.0,0.0,0.0,0.0,0.0,0.0,0.0,0.0,0.0,0.0,0.0,0.0,0.0,0.0,False,False
2013-08-15,0.0,0.0,0.0,0.0,0.0,0.0,0.0,0.0,0.0,0.0,0.0,0.0,0.0,0.0,0.0,0.0,0.0,0.0,0.0,0.0,0.0,0.0,0.0,0.0,0.0,0.0,0.0,0.0,0.0,0.0,False,False
2013-08-16,0.0,0.0,0.0,0.0,0.0,0.0,0.0,0.0,0.0,0.0,0.0,0.0,0.0,0.0,0.0,0.0,0.0,0.0,0.0,0.0,0.0,0.0,0.0,0.0,0.0,0.0,0.0,0.0,0.0,0.0,False,False
2013-08-19,0.0,0.0,0.0,0.0,0.0,0.0,0.0,0.0,0.0,0.0,0.0,0.0,0.0,0.0,0.0,0.0,0.0,0.0,0.0,0.0,0.0,0.0,0.0,0.0,0.0,0.0,0.0,0.0,0.0,0.0,False,False
2013-08-20,0.0,0.0,0.0,0.0,0.0,0.0,0.0,0.0,0.0,0.0,0.0,0.0,0.0,0.0,0.0,0.0,0.0,0.0,0.0,0.0,0.0,0.0,0.0,0.0,0.0,0.0,0.0,0.0,0.0,0.0,False,False
2013-08-21,0.0,0.0,0.0,0.0,0.0,0.0,0.0,0.0,0.0,0.0,0.0,0.0,0.0,0.0,0.0,0.0,0.0,0.0,0.0,0.0,0.0,0.0,0.0,0.0,0.0,0.0,0.0,0.0,0.0,0.0,False,False
2013-08-22,0.0,0.0,0.0,0.0,0.0,0.0,0.0,0.0,0.0,0.0,0.0,0.0,0.0,0.0,0.0,0.0,0.0,0.0,0.0,0.0,0.0,0.0,0.0,0.0,0.0,0.0,0.0,0.0,0.0,0.0,False,False
2013-08-23,0.0,0.0,0.0,0.0,0.0,0.0,0.0,0.0,0.0,0.0,0.0,0.0,0.0,0.0,0.0,0.0,0.0,0.0,0.0,0.0,0.0,0.0,0.0,0.0,0.0,0.0,0.0,0.0,0.0,0.0,False,False
2013-08-26,0.0,0.0,0.0,0.0,0.0,0.0,0.0,0.0,0.0,0.0,0.0,0.0,0.0,0.0,0.0,0.0,0.0,0.0,0.0,0.0,0.0,0.0,0.0,0.0,0.0,0.0,0.0,0.0,0.0,0.0,False,False
2013-08-27,0.0,0.0,0.0,0.0,0.0,0.0,0.0,0.0,0.0,0.0,0.0,0.0,0.0,0.0,0.0,0.0,0.0,0.0,0.0,0.0,0.0,0.0,0.0,0.0,0.0,0.0,0.0,0.0,0.0,0.0,False,False
2013-08-28,0.0,0.0,0.0,0.0,0.0,0.0,0.0,0.0,0.0,0.0,0.0,0.0,0.0,0.0,0.0,0.0,0.0,0.0,0.0,0.0,0.0,0.0,0.0,0.0,0.0,0.0,0.0,0.0,0.0,0.0,False,False
2013-08-29,0.0,0.0,0.0,0.0,0.0,0.0,0.0,0.0,0.0,0.0,0.0,0.0,0.0,0.0,0.0,0.0,0.0,0.0,0.0,0.0,0.0,0.0,0.0,0.0,0.0,0.0,0.0,0.0,0.0,0.0,False,False
2013-08-30,0.0,0.0,0.0,0.0,0.0,0.0,0.0,0.0,0.0,0.0,0.0,0.0,0.0,0.0,0.0,0.0,0.0,0.0,0.0,0.0,0.0,0.0,0.0,0.0,0.0,0.0,0.0,0.0,0.0,0.0,False,False
2013-09-03,0.0,0.0,0.0,0.0,0.0,0.0,0.0,0.0,0.0,0.0,0.0,0.0,0.0,0.0,0.0,0.0,0.0,0.0,0.0,0.0,0.0,0.0,0.0,0.0,0.0,0.0,0.0,0.0,0.0,0.0,False,False
2013-09-04,0.0,0.0,0.0,0.0,0.0,0.0,0.0,0.0,0.0,0.0,0.0,0.0,0.0,0.0,0.0,0.0,0.0,0.0,0.0,0.0,0.0,0.0,0.0,0.0,0.0,0.0,0.0,0.0,0.0,0.0,False,False
2013-09-05,0.0,0.0,0.0,0.0,0.0,0.0,0.0,0.0,0.0,0.0,0.0,0.0,0.0,0.0,0.0,0.0,0.0,0.0,0.0,0.0,0.0,0.0,0.0,0.0,0.0,0.0,0.0,0.0,0.0,0.0,False,False
2013-09-06,0.0,0.0,0.0,0.0,0.0,0.0,0.0,0.0,0.0,0.0,0.0,0.0,0.0,0.0,0.0,0.0,0.0,0.0,0.0,0.0,0.0,0.0,0.0,0.0,0.0,0.0,0.0,0.0,0.0,0.0,False,False
2013-09-09,0.0,0.0,0.0,0.0,0.0,0.0,0.0,0.0,0.0,0.0,0.0,0.0,0.0,0.0,0.0,0.0,0.0,0.0,0.0,0.0,0.0,0.0,0.0,0.0,0.0,0.0,0.0,0.0,0.0,0.0,False,False
2013-09-10,0.0,0.0,0.0,0.0,0.0,0.0,0.0,0.0,0.0,0.0,0.0,0.0,0.0,0.0,0.0,0.0,0.0,0.0,0.0,0.0,0.0,0.0,0.0,0.0,0.0,0.0,0.0,0.0,0.0,0.0,False,False
2013-09-11,0.0,0.0,0.0,0.0,0.0,0.0,0.0,0.0,0.0,0.0,0.0,0.0,0.0,0.0,0.0,0.0,0.0,0.0,0.0,0.0,0.0,0.0,0.0,0.0,0.0,0.0,0.0,0.0,0.0,0.0,False,False
2013-09-12,0.0,0.0,0.0,0.0,0.0,0.0,0.0,0.0,0.0,0.0,0.0,0.0,0.0,0.0,0.0,0.0,0.0,0.0,0.0,0.0,0.0,0.0,0.0,0.0,0.0,0.0,0.0,0.0,0.0,0.0,False,False
2013-09-13,0.0,0.0,0.0,0.0,0.0,0.0,0.0,0.0,0.0,0.0,0.0,0.0,0.0,0.0,0.0,0.0,0.0,0.0,0.0,0.0,0.0,0.0,0.0,0.0,0.0,0.0,0.0,0.0,0.0,0.0,False,False
2013-09-16,0.0,0.0,0.0,0.0,0.0,0.0,0.0,0.0,0.0,0.0,0.0,0.0,0.0,0.0,0.0,0.0,0.0,0.0,0.0,0.0,0.0,0.0,0.0,0.0,0.0,0.0,0.0,0.0,0.0,0.0,False,False
2013-09-17,0.0,0.0,0.0,0.0,0.0,0.0,0.0,0.0,0.0,0.0,0.0,0.0,0.0,0.0,0.0,0.0,0.0,0.0,0.0,0.0,0.0,0.0,0.0,0.0,0.0,0.0,0.0,0.0,0.0,0.0,False,False
2013-09-18,0.0,0.0,0.0,0.0,0.0,0.0,0.0,0.0,0.0,0.0,0.0,0.0,0.0,0.0,0.0,0.0,0.0,0.0,0.0,0.0,0.0,0.0,0.0,0.0,0.0,0.0,0.0,0.0,0.0,0.0,False,False
2013-09-19,0.0,0.0,0.0,0.0,0.0,0.0,0.0,0.0,0.0,0.0,0.0,0.0,0.0,0.0,0.0,0.0,0.0,0.0,0.0,0.0,0.0,0.0,0.0,0.0,0.0,0.0,0.0,0.0,0.0,0.0,False,False
2013-09-20,0.0,0.0,0.0,0.0,0.0,0.0,0.0,0.0,0.0,0.0,0.0,0.0,0.0,0.0,0.0,0.0,0.0,0.0,0.0,0.0,0.0,0.0,0.0,0.0,0.0,0.0,0.0,0.0,0.0,0.0,False,False
2013-09-23,0.0,0.0,0.0,0.0,0.0,0.0,0.0,0.0,0.0,0.0,0.0,0.0,0.0,0.0,0.0,0.0,0.0,0.0,0.0,0.0,0.0,0.0,0.0,0.0,0.0,0.0,0.0,0.0,0.0,0.0,False,False
2013-09-24,0.0,0.0,0.0,0.0,0.0,0.0,0.0,0.0,0.0,0.0,0.0,0.0,0.0,0.0,0.0,0.0,0.0,0.0,0.0,0.0,0.0,0.0,0.0,0.0,0.0,0.0,0.0,0.0,0.0,0.0,False,False
2013-09-25,0.0,0.0,0.0,0.0,0.0,0.0,0.0,0.0,0.0,0.0,0.0,0.0,0.0,0.0,0.0,0.0,0.0,0.0,0.0,0.0,0.0,0.0,0.0,0.0,0.0,0.0,0.0,0.0,0.0,0.0,False,False
2013-09-26,0.0,0.0,0.0,0.0,0.0,0.0,0.0,0.0,0.0,0.0,0.0,0.0,0.0,0.0,0.0,0.0,0.0,0.0,0.0,0.0,0.0,0.0,0.0,0.0,0.0,0.0,0.0,0.0,0.0,0.0,False,False
2013-09-27,0.0,0.0,0.0,0.0,0.0,0.0,0.0,0.0,0.0,0.0,0.0,0.0,0.0,0.0,0.0,0.0,0.0,0.0,0.0,0.0,0.0,0.0,0.0,0.0,0.0,0.0,0.0,0.0,0.0,0.0,False,False
2013-09-30,0.0,0.0,0.0,0.0,0.0,0.0,0.0,0.0,0.0,0.0,0.0,0.0,0.0,0.0,0.0,0.0,0.0,0.0,0.0,0.0,0.0,0.0,0.0,0.0,0.0,0.0,0.0,0.0,0.0,0.0,False,False
2013-10-01,0.0,0.0,0.0,0.0,0.0,0.0,0.0,0.0,0.0,0.0,0.0,0.0,0.0,0.0,0.0,0.0,0.0,0.0,0.0,0.0,0.0,0.0,0.0,0.0,0.0,0.0,0.0,0.0,0.0,0.0,False,False
2013-10-02,0.0,0.0,0.0,0.0,0.0,0.0,0.0,0.0,0.0,0.0,0.0,0.0,0.0,0.0,0.0,0.0,0.0,0.0,0.0,0.0,0.0,0.0,0.0,0.0,0.0,0.0,0.0,0.0,0.0,0.0,False,False
2013-10-03,0.0,0.0,0.0,0.0,0.0,0.0,0.0,0.0,0.0,0.0,0.0,0.0,0.0,0.0,0.0,0.0,0.0,0.0,0.0,0.0,0.0,0.0,0.0,0.0,0.0,0.0,0.0,0.0,0.0,0.0,False,False
2013-10-04,0.0,0.0,0.0,0.0,0.0,0.0,0.0,0.0,0.0,0.0,0.0,0.0,0.0,0.0,0.0,0.0,0.0,0.0,0.0,0.0,0.0,0.0,0.0,0.0,0.0,0.0,0.0,0.0,0.0,0.0,False,False
2013-10-07,0.0,0.0,0.0,0.0,0.0,0.0,0.0,0.0,0.0,0.0,0.0,0.0,0.0,0.0,0.0,0.0,0.0,0.0,0.0,0.0,0.0,0.0,0.0,0.0,0.0,0.0,0.0,0.0,0.0,0.0,False,False
2013-10-08,0.0,0.0,0.0,0.0,0.0,0.0,0.0,0.0,0.0,0.0,0.0,0.0,0.0,0.0,0.0,0.0,0.0,0.0,0.0,0.0,0.0,0.0,0.0,0.0,0.0,0.0,0.0,0.0,0.0,0.0,False,False
2013-10-09,0.0,0.0,0.0,0.0,0.0,0.0,0.0,0.0,0.0,0.0,0.0,0.0,0.0,0.0,0.0,0.0,0.0,0.0,0.0,0.0,0.0,0.0,0.0,0.0,0.0,0.0,0.0,0.0,0.0,0.0,False,False
2013-10-10,0.0,0.0,0.0,0.0,0.0,0.0,0.0,0.0,0.0,0.0,0.0,0.0,0.0,0.0,0.0,0.0,0.0,0.0,0.0,0.0,0.0,0.0,0.0,0.0,0.0,0.0,0.0,0.0,0.0,0.0,False,False
2013-10-11,0.0,0.0,0.0,0.0,0.0,0.0,0.0,0.0,0.0,0.0,0.0,0.0,0.0,0.0,0.0,0.0,0.0,0.0,0.0,0.0,0.0,0.0,0.0,0.0,0.0,0.0,0.0,0.0,0.0,0.0,False,False
2013-10-14,0.0,0.0,0.0,0.0,0.0,0.0,0.0,0.0,0.0,0.0,0.0,0.0,0.0,0.0,0.0,0.0,0.0,0.0,0.0,0.0,0.0,0.0,0.0,0.0,0.0,0.0,0.0,0.0,0.0,0.0,False,False
2013-10-15,0.0,0.0,0.0,0.0,0.0,0.0,0.0,0.0,0.0,0.0,0.0,0.0,0.0,0.0,0.0,0.0,0.0,0.0,0.0,0.0,0.0,0.0,0.0,0.0,0.0,0.0,0.0,0.0,0.0,0.0,False,False
2013-10-16,0.0,0.0,0.0,0.0,0.0,0.0,0.0,0.0,0.0,0.0,0.0,0.0,0.0,0.0,0.0,0.0,0.0,0.0,0.0,0.0,0.0,0.0,0.0,0.0,0.0,0.0,0.0,0.0,0.0,0.0,False,False
2013-10-17,0.0,0.0,0.0,0.0,0.0,0.0,0.0,0.0,0.0,0.0,0.0,0.0,0.0,0.0,0.0,0.0,0.0,0.0,0.0,0.0,0.0,0.0,0.0,0.0,0.0,0.0,0.0,0.0,0.0,0.0,False,False
2013-10-18,0.0,0.0,0.0,0.0,0.0,0.0,0.0,0.0,0.0,0.0,0.0,0.0,0.0,0.0,0.0,0.0,0.0,0.0,0.0,0.0,0.0,0.0,0.0,0.0,0.0,0.0,0.0,0.0,0.0,0.0,False,False
2013-10-21,0.0,0.0,0.0,0.0,0.0,0.0,0.0,0.0,0.0,0.0,0.0,0.0,0.0,0.0,0.0,0.0,0.0,0.0,0.0,0.0,0.0,0.0,0.0,0.0,0.0,0.0,0.0,0.0,0.0,0.0,False,False
2013-10-22,0.0,0.0,0.0,0.0,0.0,0.0,0.0,0.0,0.0,0.0,0.0,0.0,0.0,0.0,0.0,0.0,0.0,0.0,0.0,0.0,0.0,0.0,0.0,0.0,0.0,0.0,0.0,0.0,0.0,0.0,False,False
2013-10-23,0.0,0.0,0.0,0.0,0.0,0.0,0.0,0.0,0.0,0.0,0.0,0.0,0.0,0.0,0.0,0.0,0.0,0.0,0.0,0.0,0.0,0.0,0.0,0.0,0.0,0.0,0.0,0.0,0.0,0.0,False,False
2013-10-24,0.0,0.0,0.0,0.0,0.0,0.0,0.0,0.0,0.0,0.0,0.0,0.0,0.0,0.0,0.0,0.0,0.0,0.0,0.0,0.0,0.0,0.0,0.0,0.0,0.0,0.0,0.0,0.0,0.0,0.0,False,False
2013-10-25,0.0,0.0,0.0,0.0,0.0,0.0,0.0,0.0,0.0,0.0,0.0,0.0,0.0,0.0,0.0,0.0,0.0,0.0,0.0,0.0,0.0,0.0,0.0,0.0,0.0,0.0,0.0,0.0,0.0,0.0,False,False
2013-10-28,0.0,0.0,0.0,0.0,0.0,0.0,0.0,0.0,0.0,0.0,0.0,0.0,0.0,0.0,0.0,0.0,0.0,0.0,0.0,0.0,0.0,0.0,0.0,0.0,0.0,0.0,0.0,0.0,0.0,0.0,False,False
2013-10-29,0.0,0.0,0.0,0.0,0.0,0.0,0.0,0.0,0.0,0.0,0.0,0.0,0.0,0.0,0.0,0.0,0.0,0.0,0.0,0.0,0.0,0.0,0.0,0.0,0.0,0.0,0.0,0.0,0.0,0.0,False,False
2013-10-30,0.0,0.0,0.0,0.0,0.0,0.0,0.0,0.0,0.0,0.0,0.0,0.0,0.0,0.0,0.0,0.0,0.0,0.0,0.0,0.0,0.0,0.0,0.0,0.0,0.0,0.0,0.0,0.0,0.0,0.0,False,False
2013-10-31,0.0,0.0,0.0,0.0,0.0,0.0,0.0,0.0,0.0,0.0,0.0,0.0,0.0,0.0,0.0,0.0,0.0,0.0,0.0,0.0,0.0,0.0,0.0,0.0,0.0,0.0,0.0,0.0,0.0,0.0,False,False
2013-11-01,0.0,0.0,0.0,0.0,0.0,0.0,0.0,0.0,0.0,0.0,0.0,0.0,0.0,0.0,0.0,0.0,0.0,0.0,0.0,0.0,0.0,0.0,0.0,0.0,0.0,0.0,0.0,0.0,0.0,0.0,False,False
2013-11-04,0.0,0.0,0.0,0.0,0.0,0.0,0.0,0.0,0.0,0.0,0.0,0.0,0.0,0.0,0.0,0.0,0.0,0.0,0.0,0.0,0.0,0.0,0.0,0.0,0.0,0.0,0.0,0.0,0.0,0.0,False,False
2013-11-05,0.0,0.0,0.0,0.0,0.0,0.0,0.0,0.0,0.0,0.0,0.0,0.0,0.0,0.0,0.0,0.0,0.0,0.0,0.0,0.0,0.0,0.0,0.0,0.0,0.0,0.0,0.0,0.0,0.0,0.0,False,False
2013-11-06,0.0,0.0,0.0,0.0,0.0,0.0,0.0,0.0,0.0,0.0,0.0,0.0,0.0,0.0,0.0,0.0,0.0,0.0,0.0,0.0,0.0,0.0,0.0,0.0,0.0,0.0,0.0,0.0,0.0,0.0,False,False
2013-11-07,0.0,0.0,0.0,0.0,0.0,0.0,0.0,0.0,0.0,0.0,0.0,0.0,0.0,0.0,0.0,0.0,0.0,0.0,0.0,0.0,0.0,0.0,0.0,0.0,0.0,0.0,0.0,0.0,0.0,0.0,False,False
2013-11-08,0.0,0.0,0.0,0.0,0.0,0.0,0.0,0.0,0.0,0.0,0.0,0.0,0.0,0.0,0.0,0.0,0.0,0.0,0.0,0.0,0.0,0.0,0.0,0.0,0.0,0.0,0.0,0.0,0.0,0.0,False,False
2013-11-11,0.0,0.0,0.0,0.0,0.0,0.0,0.0,0.0,0.0,0.0,0.0,0.0,0.0,0.0,0.0,0.0,0.0,0.0,0.0,0.0,0.0,0.0,0.0,0.0,0.0,0.0,0.0,0.0,0.0,0.0,False,False
2013-11-12,0.0,0.0,0.0,0.0,0.0,0.0,0.0,0.0,0.0,0.0,0.0,0.0,0.0,0.0,0.0,0.0,0.0,0.0,0.0,0.0,0.0,0.0,0.0,0.0,0.0,0.0,0.0,0.0,0.0,0.0,False,False
2013-11-13,0.0,0.0,0.0,0.0,0.0,0.0,0.0,0.0,0.0,0.0,0.0,0.0,0.0,0.0,0.0,0.0,0.0,0.0,0.0,0.0,0.0,0.0,0.0,0.0,0.0,0.0,0.0,0.0,0.0,0.0,False,False
2013-11-14,0.0,0.0,0.0,0.0,0.0,0.0,0.0,0.0,0.0,0.0,0.0,0.0,0.0,0.0,0.0,0.0,0.0,0.0,0.0,0.0,0.0,0.0,0.0,0.0,0.0,0.0,0.0,0.0,0.0,0.0,False,False
2013-11-15,0.0,0.0,0.0,0.0,0.0,0.0,0.0,0.0,0.0,0.0,0.0,0.0,0.0,0.0,0.0,0.0,0.0,0.0,0.0,0.0,0.0,0.0,0.0,0.0,0.0,0.0,0.0,0.0,0.0,0.0,False,False
2013-11-18,0.0,0.0,0.0,0.0,0.0,0.0,0.0,0.0,0.0,0.0,0.0,0.0,0.0,0.0,0.0,0.0,0.0,0.0,0.0,0.0,0.0,0.0,0.0,0.0,0.0,0.0,0.0,0.0,0.0,0.0,False,False
2013-11-19,0.0,0.0,0.0,0.0,0.0,0.0,0.0,0.0,0.0,0.0,0.0,0.0,0.0,0.0,0.0,0.0,0.0,0.0,0.0,0.0,0.0,0.0,0.0,0.0,0.0,0.0,0.0,0.0,0.0,0.0,False,False
2013-11-20,0.0,0.0,0.0,0.0,0.0,0.0,0.0,0.0,0.0,0.0,0.0,0.0,0.0,0.0,0.0,0.0,0.0,0.0,0.0,0.0,0.0,0.0,0.0,0.0,0.0,0.0,0.0,0.0,0.0,0.0,False,False
2013-11-21,0.0,0.0,0.0,0.0,0.0,0.0,0.0,0.0,0.0,0.0,0.0,0.0,0.0,0.0,0.0,0.0,0.0,0.0,0.0,0.0,0.0,0.0,0.0,0.0,0.0,0.0,0.0,0.0,0.0,0.0,False,False
2013-11-22,0.0,0.0,0.0,0.0,0.0,0.0,0.0,0.0,0.0,0.0,0.0,0.0,0.0,0.0,0.0,0.0,0.0,0.0,0.0,0.0,0.0,0.0,0.0,0.0,0.0,0.0,0.0,0.0,0.0,0.0,False,False
2013-11-25,0.0,0.0,0.0,0.0,0.0,0.0,0.0,0.0,0.0,0.0,0.0,0.0,0.0,0.0,0.0,0.0,0.0,0.0,0.0,0.0,0.0,0.0,0.0,0.0,0.0,0.0,0.0,0.0,0.0,0.0,False,False
2013-11-26,0.0,0.0,0.0,0.0,0.0,0.0,0.0,0.0,0.0,0.0,0.0,0.0,0.0,0.0,0.0,0.0,0.0,0.0,0.0,0.0,0.0,0.0,0.0,0.0,0.0,0.0,0.0,0.0,0.0,0.0,False,False
2013-11-27,0.0,0.0,0.0,0.0,0.0,0.0,0.0,0.0,0.0,0.0,0.0,0.0,0.0,0.0,0.0,0.0,0.0,0.0,0.0,0.0,0.0,0.0,0.0,0.0,0.0,0.0,0.0,0.0,0.0,0.0,False,False
2013-11-29,0.0,0.0,0.0,0.0,0.0,0.0,0.0,0.0,0.0,0.0,0.0,0.0,0.0,0.0,0.0,0.0,0.0,0.0,0.0,0.0,0.0,0.0,0.0,0.0,0.0,0.0,0.0,0.0,0.0,0.0,False,False
2013-12-02,0.0,0.0,0.0,0.0,0.0,0.0,0.0,0.0,0.0,0.0,0.0,0.0,0.0,0.0,0.0,0.0,0.0,0.0,0.0,0.0,0.0,0.0,0.0,0.0,0.0,0.0,0.0,0.0,0.0,0.0,False,False
2013-12-03,0.0,0.0,0.0,0.0,0.0,0.0,0.0,0.0,0.0,0.0,0.0,0.0,0.0,0.0,0.0,0.0,0.0,0.0,0.0,0.0,0.0,0.0,0.0,0.0,0.0,0.0,0.0,0.0,0.0,0.0,False,False
2013-12-04,0.0,0.0,0.0,0.0,0.0,0.0,0.0,0.0,0.0,0.0,0.0,0.0,0.0,0.0,0.0,0.0,0.0,0.0,0.0,0.0,0.0,0.0,0.0,0.0,0.0,0.0,0.0,0.0,0.0,0.0,False,False
2013-12-05,0.0,0.0,0.0,0.0,0.0,0.0,0.0,0.0,0.0,0.0,0.0,0.0,0.0,0.0,0.0,0.0,0.0,0.0,0.0,0.0,0.0,0.0,0.0,0.0,0.0,0.0,0.0,0.0,0.0,0.0,False,False
2013-12-06,0.0,0.0,0.0,0.0,0.0,0.0,0.0,0.0,0.0,0.0,0.0,0.0,0.0,0.0,0.0,0.0,0.0,0.0,0.0,0.0,0.0,0.0,0.0,0.0,0.0,0.0,0.0,0.0,0.0,0.0,False,False
2013-12-09,0.0,0.0,0.0,0.0,0.0,0.0,0.0,0.0,0.0,0.0,0.0,0.0,0.0,0.0,0.0,0.0,0.0,0.0,0.0,0.0,0.0,0.0,0.0,0.0,0.0,0.0,0.0,0.0,0.0,0.0,False,False
2013-12-10,0.0,0.0,0.0,0.0,0.0,0.0,0.0,0.0,0.0,0.0,0.0,0.0,0.0,0.0,0.0,0.0,0.0,0.0,0.0,0.0,0.0,0.0,0.0,0.0,0.0,0.0,0.0,0.0,0.0,0.0,False,False
2013-12-11,0.0,0.0,0.0,0.0,0.0,0.0,0.0,0.0,0.0,0.0,0.0,0.0,0.0,0.0,0.0,0.0,0.0,0.0,0.0,0.0,0.0,0.0,0.0,0.0,0.0,0.0,0.0,0.0,0.0,0.0,False,False
2013-12-12,0.0,0.0,0.0,0.0,0.0,0.0,0.0,0.0,0.0,0.0,0.0,0.0,0.0,0.0,0.0,0.0,0.0,0.0,0.0,0.0,0.0,0.0,0.0,0.0,0.0,0.0,0.0,0.0,0.0,0.0,False,False
2013-12-13,0.0,0.0,0.0,0.0,0.0,0.0,0.0,0.0,0.0,0.0,0.0,0.0,0.0,0.0,0.0,0.0,0.0,0.0,0.0,0.0,0.0,0.0,0.0,0.0,0.0,0.0,0.0,0.0,0.0,0.0,False,False
2013-12-16,0.0,0.0,0.0,0.0,0.0,0.0,0.0,0.0,0.0,0.0,0.0,0.0,0.0,0.0,0.0,0.0,0.0,0.0,0.0,0.0,0.0,0.0,0.0,0.0,0.0,0.0,0.0,0.0,0.0,0.0,False,False
2013-12-17,0.0,0.0,0.0,0.0,0.0,0.0,0.0,0.0,0.0,0.0,0.0,0.0,0.0,0.0,0.0,0.0,0.0,0.0,0.0,0.0,0.0,0.0,0.0,0.0,0.0,0.0,0.0,0.0,0.0,0.0,False,False
2013-12-18,0.0,0.0,0.0,0.0,0.0,0.0,0.0,0.0,0.0,0.0,0.0,0.0,0.0,0.0,0.0,0.0,0.0,0.0,0.0,0.0,0.0,0.0,0.0,0.0,0.0,0.0,0.0,0.0,0.0,0.0,False,False
2013-12-19,0.0,0.0,0.0,0.0,0.0,0.0,0.0,0.0,0.0,0.0,0.0,0.0,0.0,0.0,0.0,0.0,0.0,0.0,0.0,0.0,0.0,0.0,0.0,0.0,0.0,0.0,0.0,0.0,0.0,0.0,False,False
2013-12-20,0.0,0.0,0.0,0.0,0.0,0.0,0.0,0.0,0.0,0.0,0.0,0.0,0.0,0.0,0.0,0.0,0.0,0.0,0.0,0.0,0.0,0.0,0.0,0.0,0.0,0.0,0.0,0.0,0.0,0.0,False,False
2013-12-23,0.0,0.0,0.0,0.0,0.0,0.0,0.0,0.0,0.0,0.0,0.0,0.0,0.0,0.0,0.0,0.0,0.0,0.0,0.0,0.0,0.0,0.0,0.0,0.0,0.0,0.0,0.0,0.0,0.0,0.0,False,False
2013-12-24,0.0,0.0,0.0,0.0,0.0,0.0,0.0,0.0,0.0,0.0,0.0,0.0,0.0,0.0,0.0,0.0,0.0,0.0,0.0,0.0,0.0,0.0,0.0,0.0,0.0,0.0,0.0,0.0,0.0,0.0,False,False
2013-12-26,0.0,0.0,0.0,0.0,0.0,0.0,0.0,0.0,0.0,0.0,0.0,0.0,0.0,0.0,0.0,0.0,0.0,0.0,0.0,0.0,0.0,0.0,0.0,0.0,0.0,0.0,0.0,0.0,0.0,0.0,False,False
2013-12-27,0.0,0.0,0.0,0.0,0.0,0.0,0.0,0.0,0.0,0.0,0.0,0.0,0.0,0.0,0.0,0.0,0.0,0.0,0.0,0.0,0.0,0.0,0.0,0.0,0.0,0.0,0.0,0.0,0.0,0.0,False,False
2013-12-30,0.0,0.0,0.0,0.0,0.0,0.0,0.0,0.0,0.0,0.0,0.0,0.0,0.0,0.0,0.0,0.0,0.0,0.0,0.0,0.0,0.0,0.0,0.0,0.0,0.0,0.0,0.0,0.0,0.0,0.0,False,False
2013-12-31,0.0,0.0,0.0,0.0,0.0,0.0,0.0,0.0,0.0,0.0,0.0,0.0,0.0,0.0,0.0,0.0,0.0,0.0,0.0,0.0,0.0,0.0,0.0,0.0,0.0,0.0,0.0,0.0,0.0,0.0,False,False
2014-01-02,0.0,0.0,0.0,0.0,0.0,0.0,0.0,0.0,0.0,0.0,0.0,0.0,0.0,0.0,0.0,0.0,0.0,0.0,0.0,0.0,0.0,0.0,0.0,0.0,0.0,0.0,0.0,0.0,0.0,0.0,False,False
2014-01-03,0.0,0.0,0.0,0.0,0.0,0.0,0.0,0.0,0.0,0.0,0.0,0.0,0.0,0.0,0.0,0.0,0.0,0.0,0.0,0.0,0.0,0.0,0.0,0.0,0.0,0.0,0.0,0.0,0.0,0.0,False,False
2014-01-06,0.0,0.0,0.0,0.0,0.0,0.0,0.0,0.0,0.0,0.0,0.0,0.0,0.0,0.0,0.0,0.0,0.0,0.0,0.0,0.0,0.0,0.0,0.0,0.0,0.0,0.0,0.0,0.0,0.0,0.0,False,False
2014-01-07,0.0,0.0,0.0,0.0,0.0,0.0,0.0,0.0,0.0,0.0,0.0,0.0,0.0,0.0,0.0,0.0,0.0,0.0,0.0,0.0,0.0,0.0,0.0,0.0,0.0,0.0,0.0,0.0,0.0,0.0,False,False
2014-01-08,0.0,0.0,0.0,0.0,0.0,0.0,0.0,0.0,0.0,0.0,0.0,0.0,0.0,0.0,0.0,0.0,0.0,0.0,0.0,0.0,0.0,0.0,0.0,0.0,0.0,0.0,0.0,0.0,0.0,0.0,False,False
2014-01-09,0.0,0.0,0.0,0.0,0.0,0.0,0.0,0.0,0.0,0.0,0.0,0.0,0.0,0.0,0.0,0.0,0.0,0.0,0.0,0.0,0.0,0.0,0.0,0.0,0.0,0.0,0.0,0.0,0.0,0.0,False,False
2014-01-10,0.0,0.0,0.0,0.0,0.0,0.0,0.0,0.0,0.0,0.0,0.0,0.0,0.0,0.0,0.0,0.0,0.0,0.0,0.0,0.0,0.0,0.0,0.0,0.0,0.0,0.0,0.0,0.0,0.0,0.0,False,False
2014-01-13,0.0,0.0,0.0,0.0,0.0,0.0,0.0,0.0,0.0,0.0,0.0,0.0,0.0,0.0,0.0,0.0,0.0,0.0,0.0,0.0,0.0,0.0,0.0,0.0,0.0,0.0,0.0,0.0,0.0,0.0,False,False
2014-01-14,0.0,0.0,0.0,0.0,0.0,0.0,0.0,0.0,0.0,0.0,0.0,0.0,0.0,0.0,0.0,0.0,0.0,0.0,0.0,0.0,0.0,0.0,0.0,0.0,0.0,0.0,0.0,0.0,0.0,0.0,False,False
2014-01-15,0.0,0.0,0.0,0.0,0.0,0.0,0.0,0.0,0.0,0.0,0.0,0.0,0.0,0.0,0.0,0.0,0.0,0.0,0.0,0.0,0.0,0.0,0.0,0.0,0.0,0.0,0.0,0.0,0.0,0.0,False,False
2014-01-16,0.0,0.0,0.0,0.0,0.0,0.0,0.0,0.0,0.0,0.0,0.0,0.0,0.0,0.0,0.0,0.0,0.0,0.0,0.0,0.0,0.0,0.0,0.0,0.0,0.0,0.0,0.0,0.0,0.0,0.0,False,False
2014-01-17,0.0,0.0,0.0,0.0,0.0,0.0,0.0,0.0,0.0,0.0,0.0,0.0,0.0,0.0,0.0,0.0,0.0,0.0,0.0,0.0,0.0,0.0,0.0,0.0,0.0,0.0,0.0,0.0,0.0,0.0,False,False
2014-01-21,0.0,0.0,0.0,0.0,0.0,0.0,0.0,0.0,0.0,0.0,0.0,0.0,0.0,0.0,0.0,0.0,0.0,0.0,0.0,0.0,0.0,0.0,0.0,0.0,0.0,0.0,0.0,0.0,0.0,0.0,False,False
2014-01-22,0.0,0.0,0.0,0.0,0.0,0.0,0.0,0.0,0.0,0.0,0.0,0.0,0.0,0.0,0.0,0.0,0.0,0.0,0.0,0.0,0.0,0.0,0.0,0.0,0.0,0.0,0.0,0.0,0.0,0.0,False,False
2014-01-23,0.0,0.0,0.0,0.0,0.0,0.0,0.0,0.0,0.0,0.0,0.0,0.0,0.0,0.0,0.0,0.0,0.0,0.0,0.0,0.0,0.0,0.0,0.0,0.0,0.0,0.0,0.0,0.0,0.0,0.0,False,False
2014-01-24,0.0,0.0,0.0,0.0,0.0,0.0,0.0,0.0,0.0,0.0,0.0,0.0,0.0,0.0,0.0,0.0,0.0,0.0,0.0,0.0,0.0,0.0,0.0,0.0,0.0,0.0,0.0,0.0,0.0,0.0,False,False
2014-01-27,0.0,0.0,0.0,0.0,0.0,0.0,0.0,0.0,0.0,0.0,0.0,0.0,0.0,0.0,0.0,0.0,0.0,0.0,0.0,0.0,0.0,0.0,0.0,0.0,0.0,0.0,0.0,0.0,0.0,0.0,False,False
2014-01-28,0.0,0.0,0.0,0.0,0.0,0.0,0.0,0.0,0.0,0.0,0.0,0.0,0.0,0.0,0.0,0.0,0.0,0.0,0.0,0.0,0.0,0.0,0.0,0.0,0.0,0.0,0.0,0.0,0.0,0.0,False,False
2014-01-29,0.0,0.0,0.0,0.0,0.0,0.0,0.0,0.0,0.0,0.0,0.0,0.0,0.0,0.0,0.0,0.0,0.0,0.0,0.0,0.0,0.0,0.0,0.0,0.0,0.0,0.0,0.0,0.0,0.0,0.0,False,False
2014-01-30,0.0,0.0,0.0,0.0,0.0,0.0,0.0,0.0,0.0,0.0,0.0,0.0,0.0,0.0,0.0,0.0,0.0,0.0,0.0,0.0,0.0,0.0,0.0,0.0,0.0,0.0,0.0,0.0,0.0,0.0,False,False
2014-01-31,0.0,0.0,0.0,0.0,0.0,0.0,0.0,0.0,0.0,0.0,0.0,0.0,0.0,0.0,0.0,0.0,0.0,0.0,0.0,0.0,0.0,0.0,0.0,0.0,0.0,0.0,0.0,0.0,0.0,0.0,False,False
2014-02-03,0.0,0.0,0.0,0.0,0.0,0.0,0.0,0.0,0.0,0.0,0.0,0.0,0.0,0.0,0.0,0.0,0.0,0.0,0.0,0.0,0.0,0.0,0.0,0.0,0.0,0.0,0.0,0.0,0.0,0.0,False,False
2014-02-04,0.0,0.0,0.0,0.0,0.0,0.0,0.0,0.0,0.0,0.0,0.0,0.0,0.0,0.0,0.0,0.0,0.0,0.0,0.0,0.0,0.0,0.0,0.0,0.0,0.0,0.0,0.0,0.0,0.0,0.0,False,False
2014-02-05,0.0,0.0,0.0,0.0,0.0,0.0,0.0,0.0,0.0,0.0,0.0,0.0,0.0,0.0,0.0,0.0,0.0,0.0,0.0,0.0,0.0,0.0,0.0,0.0,0.0,0.0,0.0,0.0,0.0,0.0,False,False
2014-02-06,0.0,0.0,0.0,0.0,0.0,0.0,0.0,0.0,0.0,0.0,0.0,0.0,0.0,0.0,0.0,0.0,0.0,0.0,0.0,0.0,0.0,0.0,0.0,0.0,0.0,0.0,0.0,0.0,0.0,0.0,False,False
2014-02-07,0.0,0.0,0.0,0.0,0.0,0.0,0.0,0.0,0.0,0.0,0.0,0.0,0.0,0.0,0.0,0.0,0.0,0.0,0.0,0.0,0.0,0.0,0.0,0.0,0.0,0.0,0.0,0.0,0.0,0.0,False,False
2014-02-10,0.0,0.0,0.0,0.0,0.0,0.0,0.0,0.0,0.0,0.0,0.0,0.0,0.0,0.0,0.0,0.0,0.0,0.0,0.0,0.0,0.0,0.0,0.0,0.0,0.0,0.0,0.0,0.0,0.0,0.0,False,False
2014-02-11,0.0,0.0,0.0,0.0,0.0,0.0,0.0,0.0,0.0,0.0,0.0,0.0,0.0,0.0,0.0,0.0,0.0,0.0,0.0,0.0,0.0,0.0,0.0,0.0,0.0,0.0,0.0,0.0,0.0,0.0,False,False
2014-02-12,0.0,0.0,0.0,0.0,0.0,0.0,0.0,0.0,0.0,0.0,0.0,0.0,0.0,0.0,0.0,0.0,0.0,0.0,0.0,0.0,0.0,0.0,0.0,0.0,0.0,0.0,0.0,0.0,0.0,0.0,False,False
2014-02-13,0.0,0.0,0.0,0.0,0.0,0.0,0.0,0.0,0.0,0.0,0.0,0.0,0.0,0.0,0.0,0.0,0.0,0.0,0.0,0.0,0.0,0.0,0.0,0.0,0.0,0.0,0.0,0.0,0.0,0.0,False,False
2014-02-14,0.0,0.0,0.0,0.0,0.0,0.0,0.0,0.0,0.0,0.0,0.0,0.0,0.0,0.0,0.0,0.0,0.0,0.0,0.0,0.0,0.0,0.0,0.0,0.0,0.0,0.0,0.0,0.0,0.0,0.0,False,False
2014-02-18,0.0,0.0,0.0,0.0,0.0,0.0,0.0,0.0,0.0,0.0,0.0,0.0,0.0,0.0,0.0,0.0,0.0,0.0,0.0,0.0,0.0,0.0,0.0,0.0,0.0,0.0,0.0,0.0,0.0,0.0,False,False
2014-02-19,0.0,0.0,0.0,0.0,0.0,0.0,0.0,0.0,0.0,0.0,0.0,0.0,0.0,0.0,0.0,0.0,0.0,0.0,0.0,0.0,0.0,0.0,0.0,0.0,0.0,0.0,0.0,0.0,0.0,0.0,False,False
2014-02-20,0.0,0.0,0.0,0.0,0.0,0.0,0.0,0.0,0.0,0.0,0.0,0.0,0.0,0.0,0.0,0.0,0.0,0.0,0.0,0.0,0.0,0.0,0.0,0.0,0.0,0.0,0.0,0.0,0.0,0.0,False,False
2014-02-21,0.0,0.0,0.0,0.0,0.0,0.0,0.0,0.0,0.0,0.0,0.0,0.0,0.0,0.0,0.0,0.0,0.0,0.0,0.0,0.0,0.0,0.0,0.0,0.0,0.0,0.0,0.0,0.0,0.0,0.0,False,False
2014-02-24,0.0,0.0,0.0,0.0,0.0,0.0,0.0,0.0,0.0,0.0,0.0,0.0,0.0,0.0,0.0,0.0,0.0,0.0,0.0,0.0,0.0,0.0,0.0,0.0,0.0,0.0,0.0,0.0,0.0,0.0,False,False
2014-02-25,0.0,0.0,0.0,0.0,0.0,0.0,0.0,0.0,0.0,0.0,0.0,0.0,0.0,0.0,0.0,0.0,0.0,0.0,0.0,0.0,0.0,0.0,0.0,0.0,0.0,0.0,0.0,0.0,0.0,0.0,False,False
2014-02-26,0.0,0.0,0.0,0.0,0.0,0.0,0.0,0.0,0.0,0.0,0.0,0.0,0.0,0.0,0.0,0.0,0.0,0.0,0.0,0.0,0.0,0.0,0.0,0.0,0.0,0.0,0.0,0.0,0.0,0.0,False,False
2014-02-27,0.0,0.0,0.0,0.0,0.0,0.0,0.0,0.0,0.0,0.0,0.0,0.0,0.0,0.0,0.0,0.0,0.0,0.0,0.0,0.0,0.0,0.0,0.0,0.0,0.0,0.0,0.0,0.0,0.0,0.0,False,False
2014-02-28,0.0,0.0,0.0,0.0,0.0,0.0,0.0,0.0,0.0,0.0,0.0,0.0,0.0,0.0,0.0,0.0,0.0,0.0,0.0,0.0,0.0,0.0,0.0,0.0,0.0,0.0,0.0,0.0,0.0,0.0,False,False
2014-03-03,0.0,0.0,0.0,0.0,0.0,0.0,0.0,0.0,0.0,0.0,0.0,0.0,0.0,0.0,0.0,0.0,0.0,0.0,0.0,0.0,0.0,0.0,0.0,0.0,0.0,0.0,0.0,0.0,0.0,0.0,False,False
2014-03-04,0.0,0.0,0.0,0.0,0.0,0.0,0.0,0.0,0.0,0.0,0.0,0.0,0.0,0.0,0.0,0.0,0.0,0.0,0.0,0.0,0.0,0.0,0.0,0.0,0.0,0.0,0.0,0.0,0.0,0.0,False,False
2014-03-05,0.0,0.0,0.0,0.0,0.0,0.0,0.0,0.0,0.0,0.0,0.0,0.0,0.0,0.0,0.0,0.0,0.0,0.0,0.0,0.0,0.0,0.0,0.0,0.0,0.0,0.0,0.0,0.0,0.0,0.0,False,False
2014-03-06,0.0,0.0,0.0,0.0,0.0,0.0,0.0,0.0,0.0,0.0,0.0,0.0,0.0,0.0,0.0,0.0,0.0,0.0,0.0,0.0,0.0,0.0,0.0,0.0,0.0,0.0,0.0,0.0,0.0,0.0,False,False
2014-03-07,0.0,0.0,0.0,0.0,0.0,0.0,0.0,0.0,0.0,0.0,0.0,0.0,0.0,0.0,0.0,0.0,0.0,0.0,0.0,0.0,0.0,0.0,0.0,0.0,0.0,0.0,0.0,0.0,0.0,0.0,False,False
2014-03-10,0.0,0.0,0.0,0.0,0.0,0.0,0.0,0.0,0.0,0.0,0.0,0.0,0.0,0.0,0.0,0.0,0.0,0.0,0.0,0.0,0.0,0.0,0.0,0.0,0.0,0.0,0.0,0.0,0.0,0.0,False,False
2014-03-11,0.0,0.0,0.0,0.0,0.0,0.0,0.0,0.0,0.0,0.0,0.0,0.0,0.0,0.0,0.0,0.0,0.0,0.0,0.0,0.0,0.0,0.0,0.0,0.0,0.0,0.0,0.0,0.0,0.0,0.0,False,False
2014-03-12,0.0,0.0,0.0,0.0,0.0,0.0,0.0,0.0,0.0,0.0,0.0,0.0,0.0,0.0,0.0,0.0,0.0,0.0,0.0,0.0,0.0,0.0,0.0,0.0,0.0,0.0,0.0,0.0,0.0,0.0,False,False
2014-03-13,0.0,0.0,0.0,0.0,0.0,0.0,0.0,0.0,0.0,0.0,0.0,0.0,0.0,0.0,0.0,0.0,0.0,0.0,0.0,0.0,0.0,0.0,0.0,0.0,0.0,0.0,0.0,0.0,0.0,0.0,False,False
2014-03-14,0.0,0.0,0.0,0.0,0.0,0.0,0.0,0.0,0.0,0.0,0.0,0.0,0.0,0.0,0.0,0.0,0.0,0.0,0.0,0.0,0.0,0.0,0.0,0.0,0.0,0.0,0.0,0.0,0.0,0.0,False,False
2014-03-17,0.0,0.0,0.0,0.0,0.0,0.0,0.0,0.0,0.0,0.0,0.0,0.0,0.0,0.0,0.0,0.0,0.0,0.0,0.0,0.0,0.0,0.0,0.0,0.0,0.0,0.0,0.0,0.0,0.0,0.0,False,False
2014-03-18,0.0,0.0,0.0,0.0,0.0,0.0,0.0,0.0,0.0,0.0,0.0,0.0,0.0,0.0,0.0,0.0,0.0,0.0,0.0,0.0,0.0,0.0,0.0,0.0,0.0,0.0,0.0,0.0,0.0,0.0,False,False
2014-03-19,0.0,0.0,0.0,0.0,0.0,0.0,0.0,0.0,0.0,0.0,0.0,0.0,0.0,0.0,0.0,0.0,0.0,0.0,0.0,0.0,0.0,0.0,0.0,0.0,0.0,0.0,0.0,0.0,0.0,0.0,False,False
2014-03-20,0.0,0.0,0.0,0.0,0.0,0.0,0.0,0.0,0.0,0.0,0.0,0.0,0.0,0.0,0.0,0.0,0.0,0.0,0.0,0.0,0.0,0.0,0.0,0.0,0.0,0.0,0.0,0.0,0.0,0.0,False,False
2014-03-21,0.0,0.0,0.0,0.0,0.0,0.0,0.0,0.0,0.0,0.0,0.0,0.0,0.0,0.0,0.0,0.0,0.0,0.0,0.0,0.0,0.0,0.0,0.0,0.0,0.0,0.0,0.0,0.0,0.0,0.0,False,False
2014-03-24,0.0,0.0,0.0,0.0,0.0,0.0,0.0,0.0,0.0,0.0,0.0,0.0,0.0,0.0,0.0,0.0,0.0,0.0,0.0,0.0,0.0,0.0,0.0,0.0,0.0,0.0,0.0,0.0,0.0,0.0,False,False
2014-03-25,0.0,0.0,0.0,0.0,0.0,0.0,0.0,0.0,0.0,0.0,0.0,0.0,0.0,0.0,0.0,0.0,0.0,0.0,0.0,0.0,0.0,0.0,0.0,0.0,0.0,0.0,0.0,0.0,0.0,0.0,False,False
2014-03-26,0.0,0.0,0.0,0.0,0.0,0.0,0.0,0.0,0.0,0.0,0.0,0.0,0.0,0.0,0.0,0.0,0.0,0.0,0.0,0.0,0.0,0.0,0.0,0.0,0.0,0.0,0.0,0.0,0.0,0.0,False,False
2014-03-27,0.0,0.0,0.0,0.0,0.0,0.0,0.0,0.0,0.0,0.0,0.0,0.0,0.0,0.0,0.0,0.0,0.0,0.0,0.0,0.0,0.0,0.0,0.0,0.0,0.0,0.0,0.0,0.0,0.0,0.0,False,False
2014-03-28,0.0,0.0,0.0,0.0,0.0,0.0,0.0,0.0,0.0,0.0,0.0,0.0,0.0,0.0,0.0,0.0,0.0,0.0,0.0,0.0,0.0,0.0,0.0,0.0,0.0,0.0,0.0,0.0,0.0,0.0,False,False
2014-03-31,0.0,0.0,0.0,0.0,0.0,0.0,0.0,0.0,0.0,0.0,0.0,0.0,0.0,0.0,0.0,0.0,0.0,0.0,0.0,0.0,0.0,0.0,0.0,0.0,0.0,0.0,0.0,0.0,0.0,0.0,False,False
2014-04-01,0.0,0.0,0.0,0.0,0.0,0.0,0.0,0.0,0.0,0.0,0.0,0.0,0.0,0.0,0.0,0.0,0.0,0.0,0.0,0.0,0.0,0.0,0.0,0.0,0.0,0.0,0.0,0.0,0.0,0.0,False,False
2014-04-02,0.0,0.0,0.0,0.0,0.0,0.0,0.0,0.0,0.0,0.0,0.0,0.0,0.0,0.0,0.0,0.0,0.0,0.0,0.0,0.0,0.0,0.0,0.0,0.0,0.0,0.0,0.0,0.0,0.0,0.0,False,False
2014-04-03,0.0,0.0,0.0,0.0,0.0,0.0,0.0,0.0,0.0,0.0,0.0,0.0,0.0,0.0,0.0,0.0,0.0,0.0,0.0,0.0,0.0,0.0,0.0,0.0,0.0,0.0,0.0,0.0,0.0,0.0,False,False
2014-04-04,0.0,0.0,0.0,0.0,0.0,0.0,0.0,0.0,0.0,0.0,0.0,0.0,0.0,0.0,0.0,0.0,0.0,0.0,0.0,0.0,0.0,0.0,0.0,0.0,0.0,0.0,0.0,0.0,0.0,0.0,False,False
2014-04-07,0.0,0.0,0.0,0.0,0.0,0.0,0.0,0.0,0.0,0.0,0.0,0.0,0.0,0.0,0.0,0.0,0.0,0.0,0.0,0.0,0.0,0.0,0.0,0.0,0.0,0.0,0.0,0.0,0.0,0.0,False,False
2014-04-08,0.0,0.0,0.0,0.0,0.0,0.0,0.0,0.0,0.0,0.0,0.0,0.0,0.0,0.0,0.0,0.0,0.0,0.0,0.0,0.0,0.0,0.0,0.0,0.0,0.0,0.0,0.0,0.0,0.0,0.0,False,False
2014-04-09,0.0,0.0,0.0,0.0,0.0,0.0,0.0,0.0,0.0,0.0,0.0,0.0,0.0,0.0,0.0,0.0,0.0,0.0,0.0,0.0,0.0,0.0,0.0,0.0,0.0,0.0,0.0,0.0,0.0,0.0,False,False
2014-04-10,0.0,0.0,0.0,0.0,0.0,0.0,0.0,0.0,0.0,0.0,0.0,0.0,0.0,0.0,0.0,0.0,0.0,0.0,0.0,0.0,0.0,0.0,0.0,0.0,0.0,0.0,0.0,0.0,0.0,0.0,False,False
2014-04-11,0.0,0.0,0.0,0.0,0.0,0.0,0.0,0.0,0.0,0.0,0.0,0.0,0.0,0.0,0.0,0.0,0.0,0.0,0.0,0.0,0.0,0.0,0.0,0.0,0.0,0.0,0.0,0.0,0.0,0.0,False,False
2014-04-14,0.0,0.0,0.0,0.0,0.0,0.0,0.0,0.0,0.0,0.0,0.0,0.0,0.0,0.0,0.0,0.0,0.0,0.0,0.0,0.0,0.0,0.0,0.0,0.0,0.0,0.0,0.0,0.0,0.0,0.0,False,False
2014-04-15,0.0,0.0,0.0,0.0,0.0,0.0,0.0,0.0,0.0,0.0,0.0,0.0,0.0,0.0,0.0,0.0,0.0,0.0,0.0,0.0,0.0,0.0,0.0,0.0,0.0,0.0,0.0,0.0,0.0,0.0,False,False
2014-04-16,0.0,0.0,0.0,0.0,0.0,0.0,0.0,0.0,0.0,0.0,0.0,0.0,0.0,0.0,0.0,0.0,0.0,0.0,0.0,0.0,0.0,0.0,0.0,0.0,0.0,0.0,0.0,0.0,0.0,0.0,False,False
2014-04-17,0.0,0.0,0.0,0.0,0.0,0.0,0.0,0.0,0.0,0.0,0.0,0.0,0.0,0.0,0.0,0.0,0.0,0.0,0.0,0.0,0.0,0.0,0.0,0.0,0.0,0.0,0.0,0.0,0.0,0.0,False,False
2014-04-21,0.0,0.0,0.0,0.0,0.0,0.0,0.0,0.0,0.0,0.0,0.0,0.0,0.0,0.0,0.0,0.0,0.0,0.0,0.0,0.0,0.0,0.0,0.0,0.0,0.0,0.0,0.0,0.0,0.0,0.0,False,False
2014-04-22,0.0,0.0,0.0,0.0,0.0,0.0,0.0,0.0,0.0,0.0,0.0,0.0,0.0,0.0,0.0,0.0,0.0,0.0,0.0,0.0,0.0,0.0,0.0,0.0,0.0,0.0,0.0,0.0,0.0,0.0,False,False
2014-04-23,0.0,0.0,0.0,0.0,0.0,0.0,0.0,0.0,0.0,0.0,0.0,0.0,0.0,0.0,0.0,0.0,0.0,0.0,0.0,0.0,0.0,0.0,0.0,0.0,0.0,0.0,0.0,0.0,0.0,0.0,False,False
2014-04-24,0.0,0.0,0.0,0.0,0.0,0.0,0.0,0.0,0.0,0.0,0.0,0.0,0.0,0.0,0.0,0.0,0.0,0.0,0.0,0.0,0.0,0.0,0.0,0.0,0.0,0.0,0.0,0.0,0.0,0.0,False,False
2014-04-25,0.0,0.0,0.0,0.0,0.0,0.0,0.0,0.0,0.0,0.0,0.0,0.0,0.0,0.0,0.0,0.0,0.0,0.0,0.0,0.0,0.0,0.0,0.0,0.0,0.0,0.0,0.0,0.0,0.0,0.0,False,False
2014-04-28,0.0,0.0,0.0,0.0,0.0,0.0,0.0,0.0,0.0,0.0,0.0,0.0,0.0,0.0,0.0,0.0,0.0,0.0,0.0,0.0,0.0,0.0,0.0,0.0,0.0,0.0,0.0,0.0,0.0,0.0,False,False
2014-04-29,0.0,0.0,0.0,0.0,0.0,0.0,0.0,0.0,0.0,0.0,0.0,0.0,0.0,0.0,0.0,0.0,0.0,0.0,0.0,0.0,0.0,0.0,0.0,0.0,0.0,0.0,0.0,0.0,0.0,0.0,False,False
2014-04-30,0.0,0.0,0.0,0.0,0.0,0.0,0.0,0.0,0.0,0.0,0.0,0.0,0.0,0.0,0.0,0.0,0.0,0.0,0.0,0.0,0.0,0.0,0.0,0.0,0.0,0.0,0.0,0.0,0.0,0.0,False,False
2014-05-01,0.0,0.0,0.0,0.0,0.0,0.0,0.0,0.0,0.0,0.0,0.0,0.0,0.0,0.0,0.0,0.0,0.0,0.0,0.0,0.0,0.0,0.0,0.0,0.0,0.0,0.0,0.0,0.0,0.0,0.0,False,False
2014-05-02,0.0,0.0,0.0,0.0,0.0,0.0,0.0,0.0,0.0,0.0,0.0,0.0,0.0,0.0,0.0,0.0,0.0,0.0,0.0,0.0,0.0,0.0,0.0,0.0,0.0,0.0,0.0,0.0,0.0,0.0,False,False
2014-05-05,0.0,0.0,0.0,0.0,0.0,0.0,0.0,0.0,0.0,0.0,0.0,0.0,0.0,0.0,0.0,0.0,0.0,0.0,0.0,0.0,0.0,0.0,0.0,0.0,0.0,0.0,0.0,0.0,0.0,0.0,False,False
2014-05-06,0.0,0.0,0.0,0.0,0.0,0.0,0.0,0.0,0.0,0.0,0.0,0.0,0.0,0.0,0.0,0.0,0.0,0.0,0.0,0.0,0.0,0.0,0.0,0.0,0.0,0.0,0.0,0.0,0.0,0.0,False,False
2014-05-07,0.0,0.0,0.0,0.0,0.0,0.0,0.0,0.0,0.0,0.0,0.0,0.0,0.0,0.0,0.0,0.0,0.0,0.0,0.0,0.0,0.0,0.0,0.0,0.0,0.0,0.0,0.0,0.0,0.0,0.0,False,False
2014-05-08,0.0,0.0,0.0,0.0,0.0,0.0,0.0,0.0,0.0,0.0,0.0,0.0,0.0,0.0,0.0,0.0,0.0,0.0,0.0,0.0,0.0,0.0,0.0,0.0,0.0,0.0,0.0,0.0,0.0,0.0,False,False
2014-05-09,0.0,0.0,0.0,0.0,0.0,0.0,0.0,0.0,0.0,0.0,0.0,0.0,0.0,0.0,0.0,0.0,0.0,0.0,0.0,0.0,0.0,0.0,0.0,0.0,0.0,0.0,0.0,0.0,0.0,0.0,False,False
2014-05-12,0.0,0.0,0.0,0.0,0.0,0.0,0.0,0.0,0.0,0.0,0.0,0.0,0.0,0.0,0.0,0.0,0.0,0.0,0.0,0.0,0.0,0.0,0.0,0.0,0.0,0.0,0.0,0.0,0.0,0.0,False,False
2014-05-13,0.0,0.0,0.0,0.0,0.0,0.0,0.0,0.0,0.0,0.0,0.0,0.0,0.0,0.0,0.0,0.0,0.0,0.0,0.0,0.0,0.0,0.0,0.0,0.0,0.0,0.0,0.0,0.0,0.0,0.0,False,False
2014-05-14,0.0,0.0,0.0,0.0,0.0,0.0,0.0,0.0,0.0,0.0,0.0,0.0,0.0,0.0,0.0,0.0,0.0,0.0,0.0,0.0,0.0,0.0,0.0,0.0,0.0,0.0,0.0,0.0,0.0,0.0,False,False
2014-05-15,0.0,0.0,0.0,0.0,0.0,0.0,0.0,0.0,0.0,0.0,0.0,0.0,0.0,0.0,0.0,0.0,0.0,0.0,0.0,0.0,0.0,0.0,0.0,0.0,0.0,0.0,0.0,0.0,0.0,0.0,False,False
2014-05-16,0.0,0.0,0.0,0.0,0.0,0.0,0.0,0.0,0.0,0.0,0.0,0.0,0.0,0.0,0.0,0.0,0.0,0.0,0.0,0.0,0.0,0.0,0.0,0.0,0.0,0.0,0.0,0.0,0.0,0.0,False,False
2014-05-19,0.0,0.0,0.0,0.0,0.0,0.0,0.0,0.0,0.0,0.0,0.0,0.0,0.0,0.0,0.0,0.0,0.0,0.0,0.0,0.0,0.0,0.0,0.0,0.0,0.0,0.0,0.0,0.0,0.0,0.0,False,False
2014-05-20,0.0,0.0,0.0,0.0,0.0,0.0,0.0,0.0,0.0,0.0,0.0,0.0,0.0,0.0,0.0,0.0,0.0,0.0,0.0,0.0,0.0,0.0,0.0,0.0,0.0,0.0,0.0,0.0,0.0,0.0,False,False
2014-05-21,0.0,0.0,0.0,0.0,0.0,0.0,0.0,0.0,0.0,0.0,0.0,0.0,0.0,0.0,0.0,0.0,0.0,0.0,0.0,0.0,0.0,0.0,0.0,0.0,0.0,0.0,0.0,0.0,0.0,0.0,False,False
2014-05-22,0.0,0.0,0.0,0.0,0.0,0.0,0.0,0.0,0.0,0.0,0.0,0.0,0.0,0.0,0.0,0.0,0.0,0.0,0.0,0.0,0.0,0.0,0.0,0.0,0.0,0.0,0.0,0.0,0.0,0.0,False,False
2014-05-23,0.0,0.0,0.0,0.0,0.0,0.0,0.0,0.0,0.0,0.0,0.0,0.0,0.0,0.0,0.0,0.0,0.0,0.0,0.0,0.0,0.0,0.0,0.0,0.0,0.0,0.0,0.0,0.0,0.0,0.0,False,False
2014-05-27,0.0,0.0,0.0,0.0,0.0,0.0,0.0,0.0,0.0,0.0,0.0,0.0,0.0,0.0,0.0,0.0,0.0,0.0,0.0,0.0,0.0,0.0,0.0,0.0,0.0,0.0,0.0,0.0,0.0,0.0,False,False
2014-05-28,0.0,0.0,0.0,0.0,0.0,0.0,0.0,0.0,0.0,0.0,0.0,0.0,0.0,0.0,0.0,0.0,0.0,0.0,0.0,0.0,0.0,0.0,0.0,0.0,0.0,0.0,0.0,0.0,0.0,0.0,False,False
2014-05-29,0.0,0.0,0.0,0.0,0.0,0.0,0.0,0.0,0.0,0.0,0.0,0.0,0.0,0.0,0.0,0.0,0.0,0.0,0.0,0.0,0.0,0.0,0.0,0.0,0.0,0.0,0.0,0.0,0.0,0.0,False,False
2014-05-30,0.0,0.0,0.0,0.0,0.0,0.0,0.0,0.0,0.0,0.0,0.0,0.0,0.0,0.0,0.0,0.0,0.0,0.0,0.0,0.0,0.0,0.0,0.0,0.0,0.0,0.0,0.0,0.0,0.0,0.0,False,False
2014-06-02,0.0,0.0,0.0,0.0,0.0,0.0,0.0,0.0,0.0,0.0,0.0,0.0,0.0,0.0,0.0,0.0,0.0,0.0,0.0,0.0,0.0,0.0,0.0,0.0,0.0,0.0,0.0,0.0,0.0,0.0,False,False
2014-06-03,0.0,0.0,0.0,0.0,0.0,0.0,0.0,0.0,0.0,0.0,0.0,0.0,0.0,0.0,0.0,0.0,0.0,0.0,0.0,0.0,0.0,0.0,0.0,0.0,0.0,0.0,0.0,0.0,0.0,0.0,False,False
2014-06-04,0.0,0.0,0.0,0.0,0.0,0.0,0.0,0.0,0.0,0.0,0.0,0.0,0.0,0.0,0.0,0.0,0.0,0.0,0.0,0.0,0.0,0.0,0.0,0.0,0.0,0.0,0.0,0.0,0.0,0.0,False,False
2014-06-05,0.0,0.0,0.0,0.0,0.0,0.0,0.0,0.0,0.0,0.0,0.0,0.0,0.0,0.0,0.0,0.0,0.0,0.0,0.0,0.0,0.0,0.0,0.0,0.0,0.0,0.0,0.0,0.0,0.0,0.0,False,False
2014-06-06,0.0,0.0,0.0,0.0,0.0,0.0,0.0,0.0,0.0,0.0,0.0,0.0,0.0,0.0,0.0,0.0,0.0,0.0,0.0,0.0,0.0,0.0,0.0,0.0,0.0,0.0,0.0,0.0,0.0,0.0,False,False
2014-06-09,0.0,0.0,0.0,0.0,0.0,0.0,0.0,0.0,0.0,0.0,0.0,0.0,0.0,0.0,0.0,0.0,0.0,0.0,0.0,0.0,0.0,0.0,0.0,0.0,0.0,0.0,0.0,0.0,0.0,0.0,False,False
2014-06-10,0.0,0.0,0.0,0.0,0.0,0.0,0.0,0.0,0.0,0.0,0.0,0.0,0.0,0.0,0.0,0.0,0.0,0.0,0.0,0.0,0.0,0.0,0.0,0.0,0.0,0.0,0.0,0.0,0.0,0.0,False,False
2014-06-11,0.0,0.0,0.0,0.0,0.0,0.0,0.0,0.0,0.0,0.0,0.0,0.0,0.0,0.0,0.0,0.0,0.0,0.0,0.0,0.0,0.0,0.0,0.0,0.0,0.0,0.0,0.0,0.0,0.0,0.0,False,False
2014-06-12,0.0,0.0,0.0,0.0,0.0,0.0,0.0,0.0,0.0,0.0,0.0,0.0,0.0,0.0,0.0,0.0,0.0,0.0,0.0,0.0,0.0,0.0,0.0,0.0,0.0,0.0,0.0,0.0,0.0,0.0,False,False
2014-06-13,0.0,0.0,0.0,0.0,0.0,0.0,0.0,0.0,0.0,0.0,0.0,0.0,0.0,0.0,0.0,0.0,0.0,0.0,0.0,0.0,0.0,0.0,0.0,0.0,0.0,0.0,0.0,0.0,0.0,0.0,False,False
2014-06-16,0.0,0.0,0.0,0.0,0.0,0.0,0.0,0.0,0.0,0.0,0.0,0.0,0.0,0.0,0.0,0.0,0.0,0.0,0.0,0.0,0.0,0.0,0.0,0.0,0.0,0.0,0.0,0.0,0.0,0.0,False,False
2014-06-17,0.0,0.0,0.0,0.0,0.0,0.0,0.0,0.0,0.0,0.0,0.0,0.0,0.0,0.0,0.0,0.0,0.0,0.0,0.0,0.0,0.0,0.0,0.0,0.0,0.0,0.0,0.0,0.0,0.0,0.0,False,False
2014-06-18,0.0,0.0,0.0,0.0,0.0,0.0,0.0,0.0,0.0,0.0,0.0,0.0,0.0,0.0,0.0,0.0,0.0,0.0,0.0,0.0,0.0,0.0,0.0,0.0,0.0,0.0,0.0,0.0,0.0,0.0,False,False
2014-06-19,0.0,0.0,0.0,0.0,0.0,0.0,0.0,0.0,0.0,0.0,0.0,0.0,0.0,0.0,0.0,0.0,0.0,0.0,0.0,0.0,0.0,0.0,0.0,0.0,0.0,0.0,0.0,0.0,0.0,0.0,False,False
2014-06-20,0.0,0.0,0.0,0.0,0.0,0.0,0.0,0.0,0.0,0.0,0.0,0.0,0.0,0.0,0.0,0.0,0.0,0.0,0.0,0.0,0.0,0.0,0.0,0.0,0.0,0.0,0.0,0.0,0.0,0.0,False,False
2014-06-23,0.0,0.0,0.0,0.0,0.0,0.0,0.0,0.0,0.0,0.0,0.0,0.0,0.0,0.0,0.0,0.0,0.0,0.0,0.0,0.0,0.0,0.0,0.0,0.0,0.0,0.0,0.0,0.0,0.0,0.0,False,False
2014-06-24,0.0,0.0,0.0,0.0,0.0,0.0,0.0,0.0,0.0,0.0,0.0,0.0,0.0,0.0,0.0,0.0,0.0,0.0,0.0,0.0,0.0,0.0,0.0,0.0,0.0,0.0,0.0,0.0,0.0,0.0,False,False
2014-06-25,0.0,0.0,0.0,0.0,0.0,0.0,0.0,0.0,0.0,0.0,0.0,0.0,0.0,0.0,0.0,0.0,0.0,0.0,0.0,0.0,0.0,0.0,0.0,0.0,0.0,0.0,0.0,0.0,0.0,0.0,False,False
2014-06-26,0.0,0.0,0.0,0.0,0.0,0.0,0.0,0.0,0.0,0.0,0.0,0.0,0.0,0.0,0.0,0.0,0.0,0.0,0.0,0.0,0.0,0.0,0.0,0.0,0.0,0.0,0.0,0.0,0.0,0.0,False,False
2014-06-27,0.0,0.0,0.0,0.0,0.0,0.0,0.0,0.0,0.0,0.0,0.0,0.0,0.0,0.0,0.0,0.0,0.0,0.0,0.0,0.0,0.0,0.0,0.0,0.0,0.0,0.0,0.0,0.0,0.0,0.0,False,False
2014-06-30,0.0,0.0,0.0,0.0,0.0,0.0,0.0,0.0,0.0,0.0,0.0,0.0,0.0,0.0,0.0,0.0,0.0,0.0,0.0,0.0,0.0,0.0,0.0,0.0,0.0,0.0,0.0,0.0,0.0,0.0,False,False
2014-07-01,0.0,0.0,0.0,0.0,0.0,0.0,0.0,0.0,0.0,0.0,0.0,0.0,0.0,0.0,0.0,0.0,0.0,0.0,0.0,0.0,0.0,0.0,0.0,0.0,0.0,0.0,0.0,0.0,0.0,0.0,False,False
2014-07-02,0.0,0.0,0.0,0.0,0.0,0.0,0.0,0.0,0.0,0.0,0.0,0.0,0.0,0.0,0.0,0.0,0.0,0.0,0.0,0.0,0.0,0.0,0.0,0.0,0.0,0.0,0.0,0.0,0.0,0.0,False,False
2014-07-03,0.0,0.0,0.0,0.0,0.0,0.0,0.0,0.0,0.0,0.0,0.0,0.0,0.0,0.0,0.0,0.0,0.0,0.0,0.0,0.0,0.0,0.0,0.0,0.0,0.0,0.0,0.0,0.0,0.0,0.0,False,False
2014-07-07,0.0,0.0,0.0,0.0,0.0,0.0,0.0,0.0,0.0,0.0,0.0,0.0,0.0,0.0,0.0,0.0,0.0,0.0,0.0,0.0,0.0,0.0,0.0,0.0,0.0,0.0,0.0,0.0,0.0,0.0,False,False
2014-07-08,0.0,0.0,0.0,0.0,0.0,0.0,0.0,0.0,0.0,0.0,0.0,0.0,0.0,0.0,0.0,0.0,0.0,0.0,0.0,0.0,0.0,0.0,0.0,0.0,0.0,0.0,0.0,0.0,0.0,0.0,False,False
2014-07-09,0.0,0.0,0.0,0.0,0.0,0.0,0.0,0.0,0.0,0.0,0.0,0.0,0.0,0.0,0.0,0.0,0.0,0.0,0.0,0.0,0.0,0.0,0.0,0.0,0.0,0.0,0.0,0.0,0.0,0.0,False,False
2014-07-10,0.0,0.0,0.0,0.0,0.0,0.0,0.0,0.0,0.0,0.0,0.0,0.0,0.0,0.0,0.0,0.0,0.0,0.0,0.0,0.0,0.0,0.0,0.0,0.0,0.0,0.0,0.0,0.0,0.0,0.0,False,False
2014-07-11,0.0,0.0,0.0,0.0,0.0,0.0,0.0,0.0,0.0,0.0,0.0,0.0,0.0,0.0,0.0,0.0,0.0,0.0,0.0,0.0,0.0,0.0,0.0,0.0,0.0,0.0,0.0,0.0,0.0,0.0,False,False
2014-07-14,0.0,0.0,0.0,0.0,0.0,0.0,0.0,0.0,0.0,0.0,0.0,0.0,0.0,0.0,0.0,0.0,0.0,0.0,0.0,0.0,0.0,0.0,0.0,0.0,0.0,0.0,0.0,0.0,0.0,0.0,False,False
2014-07-15,0.0,0.0,0.0,0.0,0.0,0.0,0.0,0.0,0.0,0.0,0.0,0.0,0.0,0.0,0.0,0.0,0.0,0.0,0.0,0.0,0.0,0.0,0.0,0.0,0.0,0.0,0.0,0.0,0.0,0.0,False,False
2014-07-16,0.0,0.0,0.0,0.0,0.0,0.0,0.0,0.0,0.0,0.0,0.0,0.0,0.0,0.0,0.0,0.0,0.0,0.0,0.0,0.0,0.0,0.0,0.0,0.0,0.0,0.0,0.0,0.0,0.0,0.0,False,False
2014-07-17,0.0,0.0,0.0,0.0,0.0,0.0,0.0,0.0,0.0,0.0,0.0,0.0,0.0,0.0,0.0,0.0,0.0,0.0,0.0,0.0,0.0,0.0,0.0,0.0,0.0,0.0,0.0,0.0,0.0,0.0,False,False
2014-07-18,0.0,0.0,0.0,0.0,0.0,0.0,0.0,0.0,0.0,0.0,0.0,0.0,0.0,0.0,0.0,0.0,0.0,0.0,0.0,0.0,0.0,0.0,0.0,0.0,0.0,0.0,0.0,0.0,0.0,0.0,False,False
2014-07-21,0.0,0.0,0.0,0.0,0.0,0.0,0.0,0.0,0.0,0.0,0.0,0.0,0.0,0.0,0.0,0.0,0.0,0.0,0.0,0.0,0.0,0.0,0.0,0.0,0.0,0.0,0.0,0.0,0.0,0.0,False,False
2014-07-22,0.0,0.0,0.0,0.0,0.0,0.0,0.0,0.0,0.0,0.0,0.0,0.0,0.0,0.0,0.0,0.0,0.0,0.0,0.0,0.0,0.0,0.0,0.0,0.0,0.0,0.0,0.0,0.0,0.0,0.0,False,False
2014-07-23,0.0,0.0,0.0,0.0,0.0,0.0,0.0,0.0,0.0,0.0,0.0,0.0,0.0,0.0,0.0,0.0,0.0,0.0,0.0,0.0,0.0,0.0,0.0,0.0,0.0,0.0,0.0,0.0,0.0,0.0,False,False
2014-07-24,0.0,0.0,0.0,0.0,0.0,0.0,0.0,0.0,0.0,0.0,0.0,0.0,0.0,0.0,0.0,0.0,0.0,0.0,0.0,0.0,0.0,0.0,0.0,0.0,0.0,0.0,0.0,0.0,0.0,0.0,False,False
2014-07-25,0.0,0.0,0.0,0.0,0.0,0.0,0.0,0.0,0.0,0.0,0.0,0.0,0.0,0.0,0.0,0.0,0.0,0.0,0.0,0.0,0.0,0.0,0.0,0.0,0.0,0.0,0.0,0.0,0.0,0.0,False,False
2014-07-28,0.0,0.0,0.0,0.0,0.0,0.0,0.0,0.0,0.0,0.0,0.0,0.0,0.0,0.0,0.0,0.0,0.0,0.0,0.0,0.0,0.0,0.0,0.0,0.0,0.0,0.0,0.0,0.0,0.0,0.0,False,False
2014-07-29,0.0,0.0,0.0,0.0,0.0,0.0,0.0,0.0,0.0,0.0,0.0,0.0,0.0,0.0,0.0,0.0,0.0,0.0,0.0,0.0,0.0,0.0,0.0,0.0,0.0,0.0,0.0,0.0,0.0,0.0,False,False
2014-07-30,0.0,0.0,0.0,0.0,0.0,0.0,0.0,0.0,0.0,0.0,0.0,0.0,0.0,0.0,0.0,0.0,0.0,0.0,0.0,0.0,0.0,0.0,0.0,0.0,0.0,0.0,0.0,0.0,0.0,0.0,False,False
2014-07-31,0.0,0.0,0.0,0.0,0.0,0.0,0.0,0.0,0.0,0.0,0.0,0.0,0.0,0.0,0.0,0.0,0.0,0.0,0.0,0.0,0.0,0.0,0.0,0.0,0.0,0.0,0.0,0.0,0.0,0.0,False,False
2014-08-01,0.0,0.0,0.0,0.0,0.0,0.0,0.0,0.0,0.0,0.0,0.0,0.0,0.0,0.0,0.0,0.0,0.0,0.0,0.0,0.0,0.0,0.0,0.0,0.0,0.0,0.0,0.0,0.0,0.0,0.0,False,False
2014-08-04,0.0,0.0,0.0,0.0,0.0,0.0,0.0,0.0,0.0,0.0,0.0,0.0,0.0,0.0,0.0,0.0,0.0,0.0,0.0,0.0,0.0,0.0,0.0,0.0,0.0,0.0,0.0,0.0,0.0,0.0,False,False
2014-08-05,0.0,0.0,0.0,0.0,0.0,0.0,0.0,0.0,0.0,0.0,0.0,0.0,0.0,0.0,0.0,0.0,0.0,0.0,0.0,0.0,0.0,0.0,0.0,0.0,0.0,0.0,0.0,0.0,0.0,0.0,False,False
2014-08-06,0.0,0.0,0.0,0.0,0.0,0.0,0.0,0.0,0.0,0.0,0.0,0.0,0.0,0.0,0.0,0.0,0.0,0.0,0.0,0.0,0.0,0.0,0.0,0.0,0.0,0.0,0.0,0.0,0.0,0.0,False,False
2014-08-07,0.0,0.0,0.0,0.0,0.0,0.0,0.0,0.0,0.0,0.0,0.0,0.0,0.0,0.0,0.0,0.0,0.0,0.0,0.0,0.0,0.0,0.0,0.0,0.0,0.0,0.0,0.0,0.0,0.0,0.0,False,False
2014-08-08,0.0,0.0,0.0,0.0,0.0,0.0,0.0,0.0,0.0,0.0,0.0,0.0,0.0,0.0,0.0,0.0,0.0,0.0,0.0,0.0,0.0,0.0,0.0,0.0,0.0,0.0,0.0,0.0,0.0,0.0,False,False
2014-08-11,0.0,0.0,0.0,0.0,0.0,0.0,0.0,0.0,0.0,0.0,0.0,0.0,0.0,0.0,0.0,0.0,0.0,0.0,0.0,0.0,0.0,0.0,0.0,0.0,0.0,0.0,0.0,0.0,0.0,0.0,False,False
2014-08-12,0.0,0.0,0.0,0.0,0.0,0.0,0.0,0.0,0.0,0.0,0.0,0.0,0.0,0.0,0.0,0.0,0.0,0.0,0.0,0.0,0.0,0.0,0.0,0.0,0.0,0.0,0.0,0.0,0.0,0.0,False,False
2014-08-13,0.0,0.0,0.0,0.0,0.0,0.0,0.0,0.0,0.0,0.0,0.0,0.0,0.0,0.0,0.0,0.0,0.0,0.0,0.0,0.0,0.0,0.0,0.0,0.0,0.0,0.0,0.0,0.0,0.0,0.0,False,False
2014-08-14,0.0,0.0,0.0,0.0,0.0,0.0,0.0,0.0,0.0,0.0,0.0,0.0,0.0,0.0,0.0,0.0,0.0,0.0,0.0,0.0,0.0,0.0,0.0,0.0,0.0,0.0,0.0,0.0,0.0,0.0,False,False
2014-08-15,0.0,0.0,0.0,0.0,0.0,0.0,0.0,0.0,0.0,0.0,0.0,0.0,0.0,0.0,0.0,0.0,0.0,0.0,0.0,0.0,0.0,0.0,0.0,0.0,0.0,0.0,0.0,0.0,0.0,0.0,False,False
2014-08-18,0.0,0.0,0.0,0.0,0.0,0.0,0.0,0.0,0.0,0.0,0.0,0.0,0.0,0.0,0.0,0.0,0.0,0.0,0.0,0.0,0.0,0.0,0.0,0.0,0.0,0.0,0.0,0.0,0.0,0.0,False,False
2014-08-19,0.0,0.0,0.0,0.0,0.0,0.0,0.0,0.0,0.0,0.0,0.0,0.0,0.0,0.0,0.0,0.0,0.0,0.0,0.0,0.0,0.0,0.0,0.0,0.0,0.0,0.0,0.0,0.0,0.0,0.0,False,False
2014-08-20,0.0,0.0,0.0,0.0,0.0,0.0,0.0,0.0,0.0,0.0,0.0,0.0,0.0,0.0,0.0,0.0,0.0,0.0,0.0,0.0,0.0,0.0,0.0,0.0,0.0,0.0,0.0,0.0,0.0,0.0,False,False
2014-08-21,0.0,0.0,0.0,0.0,0.0,0.0,0.0,0.0,0.0,0.0,0.0,0.0,0.0,0.0,0.0,0.0,0.0,0.0,0.0,0.0,0.0,0.0,0.0,0.0,0.0,0.0,0.0,0.0,0.0,0.0,False,False
2014-08-22,0.0,0.0,0.0,0.0,0.0,0.0,0.0,0.0,0.0,0.0,0.0,0.0,0.0,0.0,0.0,0.0,0.0,0.0,0.0,0.0,0.0,0.0,0.0,0.0,0.0,0.0,0.0,0.0,0.0,0.0,False,False
2014-08-25,0.0,0.0,0.0,0.0,0.0,0.0,0.0,0.0,0.0,0.0,0.0,0.0,0.0,0.0,0.0,0.0,0.0,0.0,0.0,0.0,0.0,0.0,0.0,0.0,0.0,0.0,0.0,0.0,0.0,0.0,False,False
2014-08-26,0.0,0.0,0.0,0.0,0.0,0.0,0.0,0.0,0.0,0.0,0.0,0.0,0.0,0.0,0.0,0.0,0.0,0.0,0.0,0.0,0.0,0.0,0.0,0.0,0.0,0.0,0.0,0.0,0.0,0.0,False,False
2014-08-27,0.0,0.0,0.0,0.0,0.0,0.0,0.0,0.0,0.0,0.0,0.0,0.0,0.0,0.0,0.0,0.0,0.0,0.0,0.0,0.0,0.0,0.0,0.0,0.0,0.0,0.0,0.0,0.0,0.0,0.0,False,False
2014-08-28,0.0,0.0,0.0,0.0,0.0,0.0,0.0,0.0,0.0,0.0,0.0,0.0,0.0,0.0,0.0,0.0,0.0,0.0,0.0,0.0,0.0,0.0,0.0,0.0,0.0,0.0,0.0,0.0,0.0,0.0,False,False
2014-08-29,0.0,0.0,0.0,0.0,0.0,0.0,0.0,0.0,0.0,0.0,0.0,0.0,0.0,0.0,0.0,0.0,0.0,0.0,0.0,0.0,0.0,0.0,0.0,0.0,0.0,0.0,0.0,0.0,0.0,0.0,False,False
2014-09-02,0.0,0.0,0.0,0.0,0.0,0.0,0.0,0.0,0.0,0.0,0.0,0.0,0.0,0.0,0.0,0.0,0.0,0.0,0.0,0.0,0.0,0.0,0.0,0.0,0.0,0.0,0.0,0.0,0.0,0.0,False,False
2014-09-03,0.0,0.0,0.0,0.0,0.0,0.0,0.0,0.0,0.0,0.0,0.0,0.0,0.0,0.0,0.0,0.0,0.0,0.0,0.0,0.0,0.0,0.0,0.0,0.0,0.0,0.0,0.0,0.0,0.0,0.0,False,False
2014-09-04,0.0,0.0,0.0,0.0,0.0,0.0,0.0,0.0,0.0,0.0,0.0,0.0,0.0,0.0,0.0,0.0,0.0,0.0,0.0,0.0,0.0,0.0,0.0,0.0,0.0,0.0,0.0,0.0,0.0,0.0,False,False
2014-09-05,0.0,0.0,0.0,0.0,0.0,0.0,0.0,0.0,0.0,0.0,0.0,0.0,0.0,0.0,0.0,0.0,0.0,0.0,0.0,0.0,0.0,0.0,0.0,0.0,0.0,0.0,0.0,0.0,0.0,0.0,False,False
2014-09-08,0.0,0.0,0.0,0.0,0.0,0.0,0.0,0.0,0.0,0.0,0.0,0.0,0.0,0.0,0.0,0.0,0.0,0.0,0.0,0.0,0.0,0.0,0.0,0.0,0.0,0.0,0.0,0.0,0.0,0.0,False,False
2014-09-09,0.0,0.0,0.0,0.0,0.0,0.0,0.0,0.0,0.0,0.0,0.0,0.0,0.0,0.0,0.0,0.0,0.0,0.0,0.0,0.0,0.0,0.0,0.0,0.0,0.0,0.0,0.0,0.0,0.0,0.0,False,False
2014-09-10,0.0,0.0,0.0,0.0,0.0,0.0,0.0,0.0,0.0,0.0,0.0,0.0,0.0,0.0,0.0,0.0,0.0,0.0,0.0,0.0,0.0,0.0,0.0,0.0,0.0,0.0,0.0,0.0,0.0,0.0,False,False
2014-09-11,0.0,0.0,0.0,0.0,0.0,0.0,0.0,0.0,0.0,0.0,0.0,0.0,0.0,0.0,0.0,0.0,0.0,0.0,0.0,0.0,0.0,0.0,0.0,0.0,0.0,0.0,0.0,0.0,0.0,0.0,False,False
2014-09-12,0.0,0.0,0.0,0.0,0.0,0.0,0.0,0.0,0.0,0.0,0.0,0.0,0.0,0.0,0.0,0.0,0.0,0.0,0.0,0.0,0.0,0.0,0.0,0.0,0.0,0.0,0.0,0.0,0.0,0.0,False,False
2014-09-15,0.0,0.0,0.0,0.0,0.0,0.0,0.0,0.0,0.0,0.0,0.0,0.0,0.0,0.0,0.0,0.0,0.0,0.0,0.0,0.0,0.0,0.0,0.0,0.0,0.0,0.0,0.0,0.0,0.0,0.0,False,False
2014-09-16,0.0,0.0,0.0,0.0,0.0,0.0,0.0,0.0,0.0,0.0,0.0,0.0,0.0,0.0,0.0,0.0,0.0,0.0,0.0,0.0,0.0,0.0,0.0,0.0,0.0,0.0,0.0,0.0,0.0,0.0,False,False
2014-09-17,0.0,0.0,0.0,0.0,0.0,0.0,0.0,0.0,0.0,0.0,0.0,0.0,0.0,0.0,0.0,0.0,0.0,0.0,0.0,0.0,0.0,0.0,0.0,0.0,0.0,0.0,0.0,0.0,0.0,0.0,False,False
2014-09-18,0.0,0.0,0.0,0.0,0.0,0.0,0.0,0.0,0.0,0.0,0.0,0.0,0.0,0.0,0.0,0.0,0.0,0.0,0.0,0.0,0.0,0.0,0.0,0.0,0.0,0.0,0.0,0.0,0.0,0.0,False,False
2014-09-19,0.0,0.0,0.0,0.0,0.0,0.0,0.0,0.0,0.0,0.0,0.0,0.0,0.0,0.0,0.0,0.0,0.0,0.0,0.0,0.0,0.0,0.0,0.0,0.0,0.0,0.0,0.0,0.0,0.0,0.0,False,False
2014-09-22,0.0,0.0,0.0,0.0,0.0,0.0,0.0,0.0,0.0,0.0,0.0,0.0,0.0,0.0,0.0,0.0,0.0,0.0,0.0,0.0,0.0,0.0,0.0,0.0,0.0,0.0,0.0,0.0,0.0,0.0,False,False
2014-09-23,0.0,0.0,0.0,0.0,0.0,0.0,0.0,0.0,0.0,0.0,0.0,0.0,0.0,0.0,0.0,0.0,0.0,0.0,0.0,0.0,0.0,0.0,0.0,0.0,0.0,0.0,0.0,0.0,0.0,0.0,False,False
2014-09-24,0.0,0.0,0.0,0.0,0.0,0.0,0.0,0.0,0.0,0.0,0.0,0.0,0.0,0.0,0.0,0.0,0.0,0.0,0.0,0.0,0.0,0.0,0.0,0.0,0.0,0.0,0.0,0.0,0.0,0.0,False,False
2014-09-25,0.0,0.0,0.0,0.0,0.0,0.0,0.0,0.0,0.0,0.0,0.0,0.0,0.0,0.0,0.0,0.0,0.0,0.0,0.0,0.0,0.0,0.0,0.0,0.0,0.0,0.0,0.0,0.0,0.0,0.0,False,False
2014-09-26,0.0,0.0,0.0,0.0,0.0,0.0,0.0,0.0,0.0,0.0,0.0,0.0,0.0,0.0,0.0,0.0,0.0,0.0,0.0,0.0,0.0,0.0,0.0,0.0,0.0,0.0,0.0,0.0,0.0,0.0,False,False
2014-09-29,0.0,0.0,0.0,0.0,0.0,0.0,0.0,0.0,0.0,0.0,0.0,0.0,0.0,0.0,0.0,0.0,0.0,0.0,0.0,0.0,0.0,0.0,0.0,0.0,0.0,0.0,0.0,0.0,0.0,0.0,False,False
2014-09-30,0.0,0.0,0.0,0.0,0.0,0.0,0.0,0.0,0.0,0.0,0.0,0.0,0.0,0.0,0.0,0.0,0.0,0.0,0.0,0.0,0.0,0.0,0.0,0.0,0.0,0.0,0.0,0.0,0.0,0.0,False,False
2014-10-01,0.0,0.0,0.0,0.0,0.0,0.0,0.0,0.0,0.0,0.0,0.0,0.0,0.0,0.0,0.0,0.0,0.0,0.0,0.0,0.0,0.0,0.0,0.0,0.0,0.0,0.0,0.0,0.0,0.0,0.0,False,False
2014-10-02,0.0,0.0,0.0,0.0,0.0,0.0,0.0,0.0,0.0,0.0,0.0,0.0,0.0,0.0,0.0,0.0,0.0,0.0,0.0,0.0,0.0,0.0,0.0,0.0,0.0,0.0,0.0,0.0,0.0,0.0,False,False
2014-10-03,0.0,0.0,0.0,0.0,0.0,0.0,0.0,0.0,0.0,0.0,0.0,0.0,0.0,0.0,0.0,0.0,0.0,0.0,0.0,0.0,0.0,0.0,0.0,0.0,0.0,0.0,0.0,0.0,0.0,0.0,False,False
2014-10-06,0.0,0.0,0.0,0.0,0.0,0.0,0.0,0.0,0.0,0.0,0.0,0.0,0.0,0.0,0.0,0.0,0.0,0.0,0.0,0.0,0.0,0.0,0.0,0.0,0.0,0.0,0.0,0.0,0.0,0.0,False,False
2014-10-07,0.0,0.0,0.0,0.0,0.0,0.0,0.0,0.0,0.0,0.0,0.0,0.0,0.0,0.0,0.0,0.0,0.0,0.0,0.0,0.0,0.0,0.0,0.0,0.0,0.0,0.0,0.0,0.0,0.0,0.0,False,False
2014-10-08,0.0,0.0,0.0,0.0,0.0,0.0,0.0,0.0,0.0,0.0,0.0,0.0,0.0,0.0,0.0,0.0,0.0,0.0,0.0,0.0,0.0,0.0,0.0,0.0,0.0,0.0,0.0,0.0,0.0,0.0,False,False
2014-10-09,0.0,0.0,0.0,0.0,0.0,0.0,0.0,0.0,0.0,0.0,0.0,0.0,0.0,0.0,0.0,0.0,0.0,0.0,0.0,0.0,0.0,0.0,0.0,0.0,0.0,0.0,0.0,0.0,0.0,0.0,False,False
2014-10-10,0.0,0.0,0.0,0.0,0.0,0.0,0.0,0.0,0.0,0.0,0.0,0.0,0.0,0.0,0.0,0.0,0.0,0.0,0.0,0.0,0.0,0.0,0.0,0.0,0.0,0.0,0.0,0.0,0.0,0.0,False,False
2014-10-13,0.0,0.0,0.0,0.0,0.0,0.0,0.0,0.0,0.0,0.0,0.0,0.0,0.0,0.0,0.0,0.0,0.0,0.0,0.0,0.0,0.0,0.0,0.0,0.0,0.0,0.0,0.0,0.0,0.0,0.0,False,False
2014-10-14,0.0,0.0,0.0,0.0,0.0,0.0,0.0,0.0,0.0,0.0,0.0,0.0,0.0,0.0,0.0,0.0,0.0,0.0,0.0,0.0,0.0,0.0,0.0,0.0,0.0,0.0,0.0,0.0,0.0,0.0,False,False
2014-10-15,0.0,0.0,0.0,0.0,0.0,0.0,0.0,0.0,0.0,0.0,0.0,0.0,0.0,0.0,0.0,0.0,0.0,0.0,0.0,0.0,0.0,0.0,0.0,0.0,0.0,0.0,0.0,0.0,0.0,0.0,False,False
2014-10-16,0.0,0.0,0.0,0.0,0.0,0.0,0.0,0.0,0.0,0.0,0.0,0.0,0.0,0.0,0.0,0.0,0.0,0.0,0.0,0.0,0.0,0.0,0.0,0.0,0.0,0.0,0.0,0.0,0.0,0.0,False,False
2014-10-17,0.0,0.0,0.0,0.0,0.0,0.0,0.0,0.0,0.0,0.0,0.0,0.0,0.0,0.0,0.0,0.0,0.0,0.0,0.0,0.0,0.0,0.0,0.0,0.0,0.0,0.0,0.0,0.0,0.0,0.0,False,False
2014-10-20,0.0,0.0,0.0,0.0,0.0,0.0,0.0,0.0,0.0,0.0,0.0,0.0,0.0,0.0,0.0,0.0,0.0,0.0,0.0,0.0,0.0,0.0,0.0,0.0,0.0,0.0,0.0,0.0,0.0,0.0,False,False
2014-10-21,0.0,0.0,0.0,0.0,0.0,0.0,0.0,0.0,0.0,0.0,0.0,0.0,0.0,0.0,0.0,0.0,0.0,0.0,0.0,0.0,0.0,0.0,0.0,0.0,0.0,0.0,0.0,0.0,0.0,0.0,False,False
2014-10-22,0.0,0.0,0.0,0.0,0.0,0.0,0.0,0.0,0.0,0.0,0.0,0.0,0.0,0.0,0.0,0.0,0.0,0.0,0.0,0.0,0.0,0.0,0.0,0.0,0.0,0.0,0.0,0.0,0.0,0.0,False,False
2014-10-23,0.0,0.0,0.0,0.0,0.0,0.0,0.0,0.0,0.0,0.0,0.0,0.0,0.0,0.0,0.0,0.0,0.0,0.0,0.0,0.0,0.0,0.0,0.0,0.0,0.0,0.0,0.0,0.0,0.0,0.0,False,False
2014-10-24,0.0,0.0,0.0,0.0,0.0,0.0,0.0,0.0,0.0,0.0,0.0,0.0,0.0,0.0,0.0,0.0,0.0,0.0,0.0,0.0,0.0,0.0,0.0,0.0,0.0,0.0,0.0,0.0,0.0,0.0,False,False
2014-10-27,0.0,0.0,0.0,0.0,0.0,0.0,0.0,0.0,0.0,0.0,0.0,0.0,0.0,0.0,0.0,0.0,0.0,0.0,0.0,0.0,0.0,0.0,0.0,0.0,0.0,0.0,0.0,0.0,0.0,0.0,False,False
2014-10-28,0.0,0.0,0.0,0.0,0.0,0.0,0.0,0.0,0.0,0.0,0.0,0.0,0.0,0.0,0.0,0.0,0.0,0.0,0.0,0.0,0.0,0.0,0.0,0.0,0.0,0.0,0.0,0.0,0.0,0.0,False,False
2014-10-29,0.0,0.0,0.0,0.0,0.0,0.0,0.0,0.0,0.0,0.0,0.0,0.0,0.0,0.0,0.0,0.0,0.0,0.0,0.0,0.0,0.0,0.0,0.0,0.0,0.0,0.0,0.0,0.0,0.0,0.0,False,False
2014-10-30,0.0,0.0,0.0,0.0,0.0,0.0,0.0,0.0,0.0,0.0,0.0,0.0,0.0,0.0,0.0,0.0,0.0,0.0,0.0,0.0,0.0,0.0,0.0,0.0,0.0,0.0,0.0,0.0,0.0,0.0,False,False
2014-10-31,0.0,0.0,0.0,0.0,0.0,0.0,0.0,0.0,0.0,0.0,0.0,0.0,0.0,0.0,0.0,0.0,0.0,0.0,0.0,0.0,0.0,0.0,0.0,0.0,0.0,0.0,0.0,0.0,0.0,0.0,False,False
2014-11-03,0.0,0.0,0.0,0.0,0.0,0.0,0.0,0.0,0.0,0.0,0.0,0.0,0.0,0.0,0.0,0.0,0.0,0.0,0.0,0.0,0.0,0.0,0.0,0.0,0.0,0.0,0.0,0.0,0.0,0.0,False,False
2014-11-04,0.0,0.0,0.0,0.0,0.0,0.0,0.0,0.0,0.0,0.0,0.0,0.0,0.0,0.0,0.0,0.0,0.0,0.0,0.0,0.0,0.0,0.0,0.0,0.0,0.0,0.0,0.0,0.0,0.0,0.0,False,False
2014-11-05,0.0,0.0,0.0,0.0,0.0,0.0,0.0,0.0,0.0,0.0,0.0,0.0,0.0,0.0,0.0,0.0,0.0,0.0,0.0,0.0,0.0,0.0,0.0,0.0,0.0,0.0,0.0,0.0,0.0,0.0,False,False
2014-11-06,0.0,0.0,0.0,0.0,0.0,0.0,0.0,0.0,0.0,0.0,0.0,0.0,0.0,0.0,0.0,0.0,0.0,0.0,0.0,0.0,0.0,0.0,0.0,0.0,0.0,0.0,0.0,0.0,0.0,0.0,False,False
2014-11-07,0.0,0.0,0.0,0.0,0.0,0.0,0.0,0.0,0.0,0.0,0.0,0.0,0.0,0.0,0.0,0.0,0.0,0.0,0.0,0.0,0.0,0.0,0.0,0.0,0.0,0.0,0.0,0.0,0.0,0.0,False,False
2014-11-10,0.0,0.0,0.0,0.0,0.0,0.0,0.0,0.0,0.0,0.0,0.0,0.0,0.0,0.0,0.0,0.0,0.0,0.0,0.0,0.0,0.0,0.0,0.0,0.0,0.0,0.0,0.0,0.0,0.0,0.0,False,False
2014-11-11,0.0,0.0,0.0,0.0,0.0,0.0,0.0,0.0,0.0,0.0,0.0,0.0,0.0,0.0,0.0,0.0,0.0,0.0,0.0,0.0,0.0,0.0,0.0,0.0,0.0,0.0,0.0,0.0,0.0,0.0,False,False
2014-11-12,0.0,0.0,0.0,0.0,0.0,0.0,0.0,0.0,0.0,0.0,0.0,0.0,0.0,0.0,0.0,0.0,0.0,0.0,0.0,0.0,0.0,0.0,0.0,0.0,0.0,0.0,0.0,0.0,0.0,0.0,False,False
2014-11-13,0.0,0.0,0.0,0.0,0.0,0.0,0.0,0.0,0.0,0.0,0.0,0.0,0.0,0.0,0.0,0.0,0.0,0.0,0.0,0.0,0.0,0.0,0.0,0.0,0.0,0.0,0.0,0.0,0.0,0.0,False,False
2014-11-14,0.0,0.0,0.0,0.0,0.0,0.0,0.0,0.0,0.0,0.0,0.0,0.0,0.0,0.0,0.0,0.0,0.0,0.0,0.0,0.0,0.0,0.0,0.0,0.0,0.0,0.0,0.0,0.0,0.0,0.0,False,False
2014-11-17,0.0,0.0,0.0,0.0,0.0,0.0,0.0,0.0,0.0,0.0,0.0,0.0,0.0,0.0,0.0,0.0,0.0,0.0,0.0,0.0,0.0,0.0,0.0,0.0,0.0,0.0,0.0,0.0,0.0,0.0,False,False
2014-11-18,0.0,0.0,0.0,0.0,0.0,0.0,0.0,0.0,0.0,0.0,0.0,0.0,0.0,0.0,0.0,0.0,0.0,0.0,0.0,0.0,0.0,0.0,0.0,0.0,0.0,0.0,0.0,0.0,0.0,0.0,False,False
2014-11-19,0.0,0.0,0.0,0.0,0.0,0.0,0.0,0.0,0.0,0.0,0.0,0.0,0.0,0.0,0.0,0.0,0.0,0.0,0.0,0.0,0.0,0.0,0.0,0.0,0.0,0.0,0.0,0.0,0.0,0.0,False,False
2014-11-20,0.0,0.0,0.0,0.0,0.0,0.0,0.0,0.0,0.0,0.0,0.0,0.0,0.0,0.0,0.0,0.0,0.0,0.0,0.0,0.0,0.0,0.0,0.0,0.0,0.0,0.0,0.0,0.0,0.0,0.0,False,False
2014-11-21,0.0,0.0,0.0,0.0,0.0,0.0,0.0,0.0,0.0,0.0,0.0,0.0,0.0,0.0,0.0,0.0,0.0,0.0,0.0,0.0,0.0,0.0,0.0,0.0,0.0,0.0,0.0,0.0,0.0,0.0,False,False
2014-11-24,0.0,0.0,0.0,0.0,0.0,0.0,0.0,0.0,0.0,0.0,0.0,0.0,0.0,0.0,0.0,0.0,0.0,0.0,0.0,0.0,0.0,0.0,0.0,0.0,0.0,0.0,0.0,0.0,0.0,0.0,False,False
2014-11-25,0.0,0.0,0.0,0.0,0.0,0.0,0.0,0.0,0.0,0.0,0.0,0.0,0.0,0.0,0.0,0.0,0.0,0.0,0.0,0.0,0.0,0.0,0.0,0.0,0.0,0.0,0.0,0.0,0.0,0.0,False,False
2014-11-26,0.0,0.0,0.0,0.0,0.0,0.0,0.0,0.0,0.0,0.0,0.0,0.0,0.0,0.0,0.0,0.0,0.0,0.0,0.0,0.0,0.0,0.0,0.0,0.0,0.0,0.0,0.0,0.0,0.0,0.0,False,False
2014-11-28,0.0,0.0,0.0,0.0,0.0,0.0,0.0,0.0,0.0,0.0,0.0,0.0,0.0,0.0,0.0,0.0,0.0,0.0,0.0,0.0,0.0,0.0,0.0,0.0,0.0,0.0,0.0,0.0,0.0,0.0,False,False
2014-12-01,0.0,0.0,0.0,0.0,0.0,0.0,0.0,0.0,0.0,0.0,0.0,0.0,0.0,0.0,0.0,0.0,0.0,0.0,0.0,0.0,0.0,0.0,0.0,0.0,0.0,0.0,0.0,0.0,0.0,0.0,False,False
2014-12-02,0.0,0.0,0.0,0.0,0.0,0.0,0.0,0.0,0.0,0.0,0.0,0.0,0.0,0.0,0.0,0.0,0.0,0.0,0.0,0.0,0.0,0.0,0.0,0.0,0.0,0.0,0.0,0.0,0.0,0.0,False,False
2014-12-03,0.0,0.0,0.0,0.0,0.0,0.0,0.0,0.0,0.0,0.0,0.0,0.0,0.0,0.0,0.0,0.0,0.0,0.0,0.0,0.0,0.0,0.0,0.0,0.0,0.0,0.0,0.0,0.0,0.0,0.0,False,False
2014-12-04,0.0,0.0,0.0,0.0,0.0,0.0,0.0,0.0,0.0,0.0,0.0,0.0,0.0,0.0,0.0,0.0,0.0,0.0,0.0,0.0,0.0,0.0,0.0,0.0,0.0,0.0,0.0,0.0,0.0,0.0,False,False
2014-12-05,0.0,0.0,0.0,0.0,0.0,0.0,0.0,0.0,0.0,0.0,0.0,0.0,0.0,0.0,0.0,0.0,0.0,0.0,0.0,0.0,0.0,0.0,0.0,0.0,0.0,0.0,0.0,0.0,0.0,0.0,False,False
2014-12-08,0.0,0.0,0.0,0.0,0.0,0.0,0.0,0.0,0.0,0.0,0.0,0.0,0.0,0.0,0.0,0.0,0.0,0.0,0.0,0.0,0.0,0.0,0.0,0.0,0.0,0.0,0.0,0.0,0.0,0.0,False,False
2014-12-09,0.0,0.0,0.0,0.0,0.0,0.0,0.0,0.0,0.0,0.0,0.0,0.0,0.0,0.0,0.0,0.0,0.0,0.0,0.0,0.0,0.0,0.0,0.0,0.0,0.0,0.0,0.0,0.0,0.0,0.0,False,False
2014-12-10,0.0,0.0,0.0,0.0,0.0,0.0,0.0,0.0,0.0,0.0,0.0,0.0,0.0,0.0,0.0,0.0,0.0,0.0,0.0,0.0,0.0,0.0,0.0,0.0,0.0,0.0,0.0,0.0,0.0,0.0,False,False
2014-12-11,0.0,0.0,0.0,0.0,0.0,0.0,0.0,0.0,0.0,0.0,0.0,0.0,0.0,0.0,0.0,0.0,0.0,0.0,0.0,0.0,0.0,0.0,0.0,0.0,0.0,0.0,0.0,0.0,0.0,0.0,False,False
2014-12-12,0.0,0.0,0.0,0.0,0.0,0.0,0.0,0.0,0.0,0.0,0.0,0.0,0.0,0.0,0.0,0.0,0.0,0.0,0.0,0.0,0.0,0.0,0.0,0.0,0.0,0.0,0.0,0.0,0.0,0.0,False,False
2014-12-15,0.0,0.0,0.0,0.0,0.0,0.0,0.0,0.0,0.0,0.0,0.0,0.0,0.0,0.0,0.0,0.0,0.0,0.0,0.0,0.0,0.0,0.0,0.0,0.0,0.0,0.0,0.0,0.0,0.0,0.0,False,False
2014-12-16,0.0,0.0,0.0,0.0,0.0,0.0,0.0,0.0,0.0,0.0,0.0,0.0,0.0,0.0,0.0,0.0,0.0,0.0,0.0,0.0,0.0,0.0,0.0,0.0,0.0,0.0,0.0,0.0,0.0,0.0,False,False
2014-12-17,0.0,0.0,0.0,0.0,0.0,0.0,0.0,0.0,0.0,0.0,0.0,0.0,0.0,0.0,0.0,0.0,0.0,0.0,0.0,0.0,0.0,0.0,0.0,0.0,0.0,0.0,0.0,0.0,0.0,0.0,False,False
2014-12-18,0.0,0.0,0.0,0.0,0.0,0.0,0.0,0.0,0.0,0.0,0.0,0.0,0.0,0.0,0.0,0.0,0.0,0.0,0.0,0.0,0.0,0.0,0.0,0.0,0.0,0.0,0.0,0.0,0.0,0.0,False,False
2014-12-19,0.0,0.0,0.0,0.0,0.0,0.0,0.0,0.0,0.0,0.0,0.0,0.0,0.0,0.0,0.0,0.0,0.0,0.0,0.0,0.0,0.0,0.0,0.0,0.0,0.0,0.0,0.0,0.0,0.0,0.0,False,False
2014-12-22,0.0,0.0,0.0,0.0,0.0,0.0,0.0,0.0,0.0,0.0,0.0,0.0,0.0,0.0,0.0,0.0,0.0,0.0,0.0,0.0,0.0,0.0,0.0,0.0,0.0,0.0,0.0,0.0,0.0,0.0,False,False
2014-12-23,0.0,0.0,0.0,0.0,0.0,0.0,0.0,0.0,0.0,0.0,0.0,0.0,0.0,0.0,0.0,0.0,0.0,0.0,0.0,0.0,0.0,0.0,0.0,0.0,0.0,0.0,0.0,0.0,0.0,0.0,False,False
2014-12-24,0.0,0.0,0.0,0.0,0.0,0.0,0.0,0.0,0.0,0.0,0.0,0.0,0.0,0.0,0.0,0.0,0.0,0.0,0.0,0.0,0.0,0.0,0.0,0.0,0.0,0.0,0.0,0.0,0.0,0.0,False,False
2014-12-26,0.0,0.0,0.0,0.0,0.0,0.0,0.0,0.0,0.0,0.0,0.0,0.0,0.0,0.0,0.0,0.0,0.0,0.0,0.0,0.0,0.0,0.0,0.0,0.0,0.0,0.0,0.0,0.0,0.0,0.0,False,False
2014-12-29,0.0,0.0,0.0,0.0,0.0,0.0,0.0,0.0,0.0,0.0,0.0,0.0,0.0,0.0,0.0,0.0,0.0,0.0,0.0,0.0,0.0,0.0,0.0,0.0,0.0,0.0,0.0,0.0,0.0,0.0,False,False
2014-12-30,0.0,0.0,0.0,0.0,0.0,0.0,0.0,0.0,0.0,0.0,0.0,0.0,0.0,0.0,0.0,0.0,0.0,0.0,0.0,0.0,0.0,0.0,0.0,0.0,0.0,0.0,0.0,0.0,0.0,0.0,False,False
2014-12-31,0.0,0.0,0.0,0.0,0.0,0.0,0.0,0.0,0.0,0.0,0.0,0.0,0.0,0.0,0.0,0.0,0.0,0.0,0.0,0.0,0.0,0.0,0.0,0.0,0.0,0.0,0.0,0.0,0.0,0.0,False,False
2015-01-02,0.0,0.0,0.0,0.0,0.0,0.0,0.0,0.0,0.0,0.0,0.0,0.0,0.0,0.0,0.0,0.0,0.0,0.0,0.0,0.0,0.0,0.0,0.0,0.0,0.0,0.0,0.0,0.0,0.0,0.0,False,False
2015-01-05,0.0,0.0,0.0,0.0,0.0,0.0,0.0,0.0,0.0,0.0,0.0,0.0,0.0,0.0,0.0,0.0,0.0,0.0,0.0,0.0,0.0,0.0,0.0,0.0,0.0,0.0,0.0,0.0,0.0,0.0,False,False
2015-01-06,0.0,0.0,0.0,0.0,0.0,0.0,0.0,0.0,0.0,0.0,0.0,0.0,0.0,0.0,0.0,0.0,0.0,0.0,0.0,0.0,0.0,0.0,0.0,0.0,0.0,0.0,0.0,0.0,0.0,0.0,False,False
2015-01-07,0.0,0.0,0.0,0.0,0.0,0.0,0.0,0.0,0.0,0.0,0.0,0.0,0.0,0.0,0.0,0.0,0.0,0.0,0.0,0.0,0.0,0.0,0.0,0.0,0.0,0.0,0.0,0.0,0.0,0.0,False,False
2015-01-08,0.0,0.0,0.0,0.0,0.0,0.0,0.0,0.0,0.0,0.0,0.0,0.0,0.0,0.0,0.0,0.0,0.0,0.0,0.0,0.0,0.0,0.0,0.0,0.0,0.0,0.0,0.0,0.0,0.0,0.0,False,False
2015-01-09,0.0,0.0,0.0,0.0,0.0,0.0,0.0,0.0,0.0,0.0,0.0,0.0,0.0,0.0,0.0,0.0,0.0,0.0,0.0,0.0,0.0,0.0,0.0,0.0,0.0,0.0,0.0,0.0,0.0,0.0,False,False
2015-01-12,0.0,0.0,0.0,0.0,0.0,0.0,0.0,0.0,0.0,0.0,0.0,0.0,0.0,0.0,0.0,0.0,0.0,0.0,0.0,0.0,0.0,0.0,0.0,0.0,0.0,0.0,0.0,0.0,0.0,0.0,False,False
2015-01-13,0.0,0.0,0.0,0.0,0.0,0.0,0.0,0.0,0.0,0.0,0.0,0.0,0.0,0.0,0.0,0.0,0.0,0.0,0.0,0.0,0.0,0.0,0.0,0.0,0.0,0.0,0.0,0.0,0.0,0.0,False,False
2015-01-14,0.0,0.0,0.0,0.0,0.0,0.0,0.0,0.0,0.0,0.0,0.0,0.0,0.0,0.0,0.0,0.0,0.0,0.0,0.0,0.0,0.0,0.0,0.0,0.0,0.0,0.0,0.0,0.0,0.0,0.0,False,False
2015-01-15,0.0,0.0,0.0,0.0,0.0,0.0,0.0,0.0,0.0,0.0,0.0,0.0,0.0,0.0,0.0,0.0,0.0,0.0,0.0,0.0,0.0,0.0,0.0,0.0,0.0,0.0,0.0,0.0,0.0,0.0,False,False
2015-01-16,0.0,0.0,0.0,0.0,0.0,0.0,0.0,0.0,0.0,0.0,0.0,0.0,0.0,0.0,0.0,0.0,0.0,0.0,0.0,0.0,0.0,0.0,0.0,0.0,0.0,0.0,0.0,0.0,0.0,0.0,False,False
2015-01-20,0.0,0.0,0.0,0.0,0.0,0.0,0.0,0.0,0.0,0.0,0.0,0.0,0.0,0.0,0.0,0.0,0.0,0.0,0.0,0.0,0.0,0.0,0.0,0.0,0.0,0.0,0.0,0.0,0.0,0.0,False,False
2015-01-21,0.0,0.0,0.0,0.0,0.0,0.0,0.0,0.0,0.0,0.0,0.0,0.0,0.0,0.0,0.0,0.0,0.0,0.0,0.0,0.0,0.0,0.0,0.0,0.0,0.0,0.0,0.0,0.0,0.0,0.0,False,False
2015-01-22,0.0,0.0,0.0,0.0,0.0,0.0,0.0,0.0,0.0,0.0,0.0,0.0,0.0,0.0,0.0,0.0,0.0,0.0,0.0,0.0,0.0,0.0,0.0,0.0,0.0,0.0,0.0,0.0,0.0,0.0,False,False
2015-01-23,0.0,0.0,0.0,0.0,0.0,0.0,0.0,0.0,0.0,0.0,0.0,0.0,0.0,0.0,0.0,0.0,0.0,0.0,0.0,0.0,0.0,0.0,0.0,0.0,0.0,0.0,0.0,0.0,0.0,0.0,False,False
2015-01-26,0.0,0.0,0.0,0.0,0.0,0.0,0.0,0.0,0.0,0.0,0.0,0.0,0.0,0.0,0.0,0.0,0.0,0.0,0.0,0.0,0.0,0.0,0.0,0.0,0.0,0.0,0.0,0.0,0.0,0.0,False,False
2015-01-27,0.0,0.0,0.0,0.0,0.0,0.0,0.0,0.0,0.0,0.0,0.0,0.0,0.0,0.0,0.0,0.0,0.0,0.0,0.0,0.0,0.0,0.0,0.0,0.0,0.0,0.0,0.0,0.0,0.0,0.0,False,False
2015-01-28,0.0,0.0,0.0,0.0,0.0,0.0,0.0,0.0,0.0,0.0,0.0,0.0,0.0,0.0,0.0,0.0,0.0,0.0,0.0,0.0,0.0,0.0,0.0,0.0,0.0,0.0,0.0,0.0,0.0,0.0,False,False
2015-01-29,0.0,0.0,0.0,0.0,0.0,0.0,0.0,0.0,0.0,0.0,0.0,0.0,0.0,0.0,0.0,0.0,0.0,0.0,0.0,0.0,0.0,0.0,0.0,0.0,0.0,0.0,0.0,0.0,0.0,0.0,False,False
2015-01-30,0.0,0.0,0.0,0.0,0.0,0.0,0.0,0.0,0.0,0.0,0.0,0.0,0.0,0.0,0.0,0.0,0.0,0.0,0.0,0.0,0.0,0.0,0.0,0.0,0.0,0.0,0.0,0.0,0.0,0.0,False,False
2015-02-02,0.0,0.0,0.0,0.0,0.0,0.0,0.0,0.0,0.0,0.0,0.0,0.0,0.0,0.0,0.0,0.0,0.0,0.0,0.0,0.0,0.0,0.0,0.0,0.0,0.0,0.0,0.0,0.0,0.0,0.0,False,False
2015-02-03,0.0,0.0,0.0,0.0,0.0,0.0,0.0,0.0,0.0,0.0,0.0,0.0,0.0,0.0,0.0,0.0,0.0,0.0,0.0,0.0,0.0,0.0,0.0,0.0,0.0,0.0,0.0,0.0,0.0,0.0,False,False
2015-02-04,0.0,0.0,0.0,0.0,0.0,0.0,0.0,0.0,0.0,0.0,0.0,0.0,0.0,0.0,0.0,0.0,0.0,0.0,0.0,0.0,0.0,0.0,0.0,0.0,0.0,0.0,0.0,0.0,0.0,0.0,False,False
2015-02-05,0.0,0.0,0.0,0.0,0.0,0.0,0.0,0.0,0.0,0.0,0.0,0.0,0.0,0.0,0.0,0.0,0.0,0.0,0.0,0.0,0.0,0.0,0.0,0.0,0.0,0.0,0.0,0.0,0.0,0.0,False,False
2015-02-06,0.0,0.0,0.0,0.0,0.0,0.0,0.0,0.0,0.0,0.0,0.0,0.0,0.0,0.0,0.0,0.0,0.0,0.0,0.0,0.0,0.0,0.0,0.0,0.0,0.0,0.0,0.0,0.0,0.0,0.0,False,False
2015-02-09,0.0,0.0,0.0,0.0,0.0,0.0,0.0,0.0,0.0,0.0,0.0,0.0,0.0,0.0,0.0,0.0,0.0,0.0,0.0,0.0,0.0,0.0,0.0,0.0,0.0,0.0,0.0,0.0,0.0,0.0,False,False
2015-02-10,0.0,0.0,0.0,0.0,0.0,0.0,0.0,0.0,0.0,0.0,0.0,0.0,0.0,0.0,0.0,0.0,0.0,0.0,0.0,0.0,0.0,0.0,0.0,0.0,0.0,0.0,0.0,0.0,0.0,0.0,False,False
2015-02-11,0.0,0.0,0.0,0.0,0.0,0.0,0.0,0.0,0.0,0.0,0.0,0.0,0.0,0.0,0.0,0.0,0.0,0.0,0.0,0.0,0.0,0.0,0.0,0.0,0.0,0.0,0.0,0.0,0.0,0.0,False,False
2015-02-12,0.0,0.0,0.0,0.0,0.0,0.0,0.0,0.0,0.0,0.0,0.0,0.0,0.0,0.0,0.0,0.0,0.0,0.0,0.0,0.0,0.0,0.0,0.0,0.0,0.0,0.0,0.0,0.0,0.0,0.0,False,False
2015-02-13,0.0,0.0,0.0,0.0,0.0,0.0,0.0,0.0,0.0,0.0,0.0,0.0,0.0,0.0,0.0,0.0,0.0,0.0,0.0,0.0,0.0,0.0,0.0,0.0,0.0,0.0,0.0,0.0,0.0,0.0,False,False
2015-02-17,0.0,0.0,0.0,0.0,0.0,0.0,0.0,0.0,0.0,0.0,0.0,0.0,0.0,0.0,0.0,0.0,0.0,0.0,0.0,0.0,0.0,0.0,0.0,0.0,0.0,0.0,0.0,0.0,0.0,0.0,False,False
2015-02-18,0.0,0.0,0.0,0.0,0.0,0.0,0.0,0.0,0.0,0.0,0.0,0.0,0.0,0.0,0.0,0.0,0.0,0.0,0.0,0.0,0.0,0.0,0.0,0.0,0.0,0.0,0.0,0.0,0.0,0.0,False,False
2015-02-19,0.0,0.0,0.0,0.0,0.0,0.0,0.0,0.0,0.0,0.0,0.0,0.0,0.0,0.0,0.0,0.0,0.0,0.0,0.0,0.0,0.0,0.0,0.0,0.0,0.0,0.0,0.0,0.0,0.0,0.0,False,False
2015-02-20,0.0,0.0,0.0,0.0,0.0,0.0,0.0,0.0,0.0,0.0,0.0,0.0,0.0,0.0,0.0,0.0,0.0,0.0,0.0,0.0,0.0,0.0,0.0,0.0,0.0,0.0,0.0,0.0,0.0,0.0,False,False
2015-02-23,0.0,0.0,0.0,0.0,0.0,0.0,0.0,0.0,0.0,0.0,0.0,0.0,0.0,0.0,0.0,0.0,0.0,0.0,0.0,0.0,0.0,0.0,0.0,0.0,0.0,0.0,0.0,0.0,0.0,0.0,False,False
2015-02-24,0.0,0.0,0.0,0.0,0.0,0.0,0.0,0.0,0.0,0.0,0.0,0.0,0.0,0.0,0.0,0.0,0.0,0.0,0.0,0.0,0.0,0.0,0.0,0.0,0.0,0.0,0.0,0.0,0.0,0.0,False,False
2015-02-25,0.0,0.0,0.0,0.0,0.0,0.0,0.0,0.0,0.0,0.0,0.0,0.0,0.0,0.0,0.0,0.0,0.0,0.0,0.0,0.0,0.0,0.0,0.0,0.0,0.0,0.0,0.0,0.0,0.0,0.0,False,False
2015-02-26,0.0,0.0,0.0,0.0,0.0,0.0,0.0,0.0,0.0,0.0,0.0,0.0,0.0,0.0,0.0,0.0,0.0,0.0,0.0,0.0,0.0,0.0,0.0,0.0,0.0,0.0,0.0,0.0,0.0,0.0,False,False
2015-02-27,0.0,0.0,0.0,0.0,0.0,0.0,0.0,0.0,0.0,0.0,0.0,0.0,0.0,0.0,0.0,0.0,0.0,0.0,0.0,0.0,0.0,0.0,0.0,0.0,0.0,0.0,0.0,0.0,0.0,0.0,False,False
2015-03-02,0.0,0.0,0.0,0.0,0.0,0.0,0.0,0.0,0.0,0.0,0.0,0.0,0.0,0.0,0.0,0.0,0.0,0.0,0.0,0.0,0.0,0.0,0.0,0.0,0.0,0.0,0.0,0.0,0.0,0.0,False,False
2015-03-03,0.0,0.0,0.0,0.0,0.0,0.0,0.0,0.0,0.0,0.0,0.0,0.0,0.0,0.0,0.0,0.0,0.0,0.0,0.0,0.0,0.0,0.0,0.0,0.0,0.0,0.0,0.0,0.0,0.0,0.0,False,False
2015-03-04,0.0,0.0,0.0,0.0,0.0,0.0,0.0,0.0,0.0,0.0,0.0,0.0,0.0,0.0,0.0,0.0,0.0,0.0,0.0,0.0,0.0,0.0,0.0,0.0,0.0,0.0,0.0,0.0,0.0,0.0,False,False
2015-03-05,0.0,0.0,0.0,0.0,0.0,0.0,0.0,0.0,0.0,0.0,0.0,0.0,0.0,0.0,0.0,0.0,0.0,0.0,0.0,0.0,0.0,0.0,0.0,0.0,0.0,0.0,0.0,0.0,0.0,0.0,False,False
2015-03-06,0.0,0.0,0.0,0.0,0.0,0.0,0.0,0.0,0.0,0.0,0.0,0.0,0.0,0.0,0.0,0.0,0.0,0.0,0.0,0.0,0.0,0.0,0.0,0.0,0.0,0.0,0.0,0.0,0.0,0.0,False,False
2015-03-09,0.0,0.0,0.0,0.0,0.0,0.0,0.0,0.0,0.0,0.0,0.0,0.0,0.0,0.0,0.0,0.0,0.0,0.0,0.0,0.0,0.0,0.0,0.0,0.0,0.0,0.0,0.0,0.0,0.0,0.0,False,False
2015-03-10,0.0,0.0,0.0,0.0,0.0,0.0,0.0,0.0,0.0,0.0,0.0,0.0,0.0,0.0,0.0,0.0,0.0,0.0,0.0,0.0,0.0,0.0,0.0,0.0,0.0,0.0,0.0,0.0,0.0,0.0,False,False
2015-03-11,0.0,0.0,0.0,0.0,0.0,0.0,0.0,0.0,0.0,0.0,0.0,0.0,0.0,0.0,0.0,0.0,0.0,0.0,0.0,0.0,0.0,0.0,0.0,0.0,0.0,0.0,0.0,0.0,0.0,0.0,False,False
2015-03-12,0.0,0.0,0.0,0.0,0.0,0.0,0.0,0.0,0.0,0.0,0.0,0.0,0.0,0.0,0.0,0.0,0.0,0.0,0.0,0.0,0.0,0.0,0.0,0.0,0.0,0.0,0.0,0.0,0.0,0.0,False,False
2015-03-13,0.0,0.0,0.0,0.0,0.0,0.0,0.0,0.0,0.0,0.0,0.0,0.0,0.0,0.0,0.0,0.0,0.0,0.0,0.0,0.0,0.0,0.0,0.0,0.0,0.0,0.0,0.0,0.0,0.0,0.0,False,False
2015-03-16,0.0,0.0,0.0,0.0,0.0,0.0,0.0,0.0,0.0,0.0,0.0,0.0,0.0,0.0,0.0,0.0,0.0,0.0,0.0,0.0,0.0,0.0,0.0,0.0,0.0,0.0,0.0,0.0,0.0,0.0,False,False
2015-03-17,0.0,0.0,0.0,0.0,0.0,0.0,0.0,0.0,0.0,0.0,0.0,0.0,0.0,0.0,0.0,0.0,0.0,0.0,0.0,0.0,0.0,0.0,0.0,0.0,0.0,0.0,0.0,0.0,0.0,0.0,False,False
2015-03-18,0.0,0.0,0.0,0.0,0.0,0.0,0.0,0.0,0.0,0.0,0.0,0.0,0.0,0.0,0.0,0.0,0.0,0.0,0.0,0.0,0.0,0.0,0.0,0.0,0.0,0.0,0.0,0.0,0.0,0.0,False,False
2015-03-19,0.0,0.0,0.0,0.0,0.0,0.0,0.0,0.0,0.0,0.0,0.0,0.0,0.0,0.0,0.0,0.0,0.0,0.0,0.0,0.0,0.0,0.0,0.0,0.0,0.0,0.0,0.0,0.0,0.0,0.0,False,False
2015-03-20,0.0,0.0,0.0,0.0,0.0,0.0,0.0,0.0,0.0,0.0,0.0,0.0,0.0,0.0,0.0,0.0,0.0,0.0,0.0,0.0,0.0,0.0,0.0,0.0,0.0,0.0,0.0,0.0,0.0,0.0,False,False
2015-03-23,0.0,0.0,0.0,0.0,0.0,0.0,0.0,0.0,0.0,0.0,0.0,0.0,0.0,0.0,0.0,0.0,0.0,0.0,0.0,0.0,0.0,0.0,0.0,0.0,0.0,0.0,0.0,0.0,0.0,0.0,False,False
2015-03-24,0.0,0.0,0.0,0.0,0.0,0.0,0.0,0.0,0.0,0.0,0.0,0.0,0.0,0.0,0.0,0.0,0.0,0.0,0.0,0.0,0.0,0.0,0.0,0.0,0.0,0.0,0.0,0.0,0.0,0.0,False,False
2015-03-25,0.0,0.0,0.0,0.0,0.0,0.0,0.0,0.0,0.0,0.0,0.0,0.0,0.0,0.0,0.0,0.0,0.0,0.0,0.0,0.0,0.0,0.0,0.0,0.0,0.0,0.0,0.0,0.0,0.0,0.0,False,False
2015-03-26,0.0,0.0,0.0,0.0,0.0,0.0,0.0,0.0,0.0,0.0,0.0,0.0,0.0,0.0,0.0,0.0,0.0,0.0,0.0,0.0,0.0,0.0,0.0,0.0,0.0,0.0,0.0,0.0,0.0,0.0,False,False
2015-03-27,0.0,0.0,0.0,0.0,0.0,0.0,0.0,0.0,0.0,0.0,0.0,0.0,0.0,0.0,0.0,0.0,0.0,0.0,0.0,0.0,0.0,0.0,0.0,0.0,0.0,0.0,0.0,0.0,0.0,0.0,False,False
2015-03-30,0.0,0.0,0.0,0.0,0.0,0.0,0.0,0.0,0.0,0.0,0.0,0.0,0.0,0.0,0.0,0.0,0.0,0.0,0.0,0.0,0.0,0.0,0.0,0.0,0.0,0.0,0.0,0.0,0.0,0.0,False,False
2015-03-31,0.0,0.0,0.0,0.0,0.0,0.0,0.0,0.0,0.0,0.0,0.0,0.0,0.0,0.0,0.0,0.0,0.0,0.0,0.0,0.0,0.0,0.0,0.0,0.0,0.0,0.0,0.0,0.0,0.0,0.0,False,False
2015-04-01,0.0,0.0,0.0,0.0,0.0,0.0,0.0,0.0,0.0,0.0,0.0,0.0,0.0,0.0,0.0,0.0,0.0,0.0,0.0,0.0,0.0,0.0,0.0,0.0,0.0,0.0,0.0,0.0,0.0,0.0,False,False
2015-04-02,0.0,0.0,0.0,0.0,0.0,0.0,0.0,0.0,0.0,0.0,0.0,0.0,0.0,0.0,0.0,0.0,0.0,0.0,0.0,0.0,0.0,0.0,0.0,0.0,0.0,0.0,0.0,0.0,0.0,0.0,False,False
2015-04-06,0.0,0.0,0.0,0.0,0.0,0.0,0.0,0.0,0.0,0.0,0.0,0.0,0.0,0.0,0.0,0.0,0.0,0.0,0.0,0.0,0.0,0.0,0.0,0.0,0.0,0.0,0.0,0.0,0.0,0.0,False,False
2015-04-07,0.0,0.0,0.0,0.0,0.0,0.0,0.0,0.0,0.0,0.0,0.0,0.0,0.0,0.0,0.0,0.0,0.0,0.0,0.0,0.0,0.0,0.0,0.0,0.0,0.0,0.0,0.0,0.0,0.0,0.0,False,False
2015-04-08,0.0,0.0,0.0,0.0,0.0,0.0,0.0,0.0,0.0,0.0,0.0,0.0,0.0,0.0,0.0,0.0,0.0,0.0,0.0,0.0,0.0,0.0,0.0,0.0,0.0,0.0,0.0,0.0,0.0,0.0,False,False
2015-04-09,0.0,0.0,0.0,0.0,0.0,0.0,0.0,0.0,0.0,0.0,0.0,0.0,0.0,0.0,0.0,0.0,0.0,0.0,0.0,0.0,0.0,0.0,0.0,0.0,0.0,0.0,0.0,0.0,0.0,0.0,False,False
2015-04-10,0.0,0.0,0.0,0.0,0.0,0.0,0.0,0.0,0.0,0.0,0.0,0.0,0.0,0.0,0.0,0.0,0.0,0.0,0.0,0.0,0.0,0.0,0.0,0.0,0.0,0.0,0.0,0.0,0.0,0.0,False,False
2015-04-13,0.0,0.0,0.0,0.0,0.0,0.0,0.0,0.0,0.0,0.0,0.0,0.0,0.0,0.0,0.0,0.0,0.0,0.0,0.0,0.0,0.0,0.0,0.0,0.0,0.0,0.0,0.0,0.0,0.0,0.0,False,False
2015-04-14,0.0,0.0,0.0,0.0,0.0,0.0,0.0,0.0,0.0,0.0,0.0,0.0,0.0,0.0,0.0,0.0,0.0,0.0,0.0,0.0,0.0,0.0,0.0,0.0,0.0,0.0,0.0,0.0,0.0,0.0,False,False
2015-04-15,0.0,0.0,0.0,0.0,0.0,0.0,0.0,0.0,0.0,0.0,0.0,0.0,0.0,0.0,0.0,0.0,0.0,0.0,0.0,0.0,0.0,0.0,0.0,0.0,0.0,0.0,0.0,0.0,0.0,0.0,False,False
2015-04-16,0.0,0.0,0.0,0.0,0.0,0.0,0.0,0.0,0.0,0.0,0.0,0.0,0.0,0.0,0.0,0.0,0.0,0.0,0.0,0.0,0.0,0.0,0.0,0.0,0.0,0.0,0.0,0.0,0.0,0.0,False,False
2015-04-17,0.0,0.0,0.0,0.0,0.0,0.0,0.0,0.0,0.0,0.0,0.0,0.0,0.0,0.0,0.0,0.0,0.0,0.0,0.0,0.0,0.0,0.0,0.0,0.0,0.0,0.0,0.0,0.0,0.0,0.0,False,False
2015-04-20,0.0,0.0,0.0,0.0,0.0,0.0,0.0,0.0,0.0,0.0,0.0,0.0,0.0,0.0,0.0,0.0,0.0,0.0,0.0,0.0,0.0,0.0,0.0,0.0,0.0,0.0,0.0,0.0,0.0,0.0,False,False
2015-04-21,0.0,0.0,0.0,0.0,0.0,0.0,0.0,0.0,0.0,0.0,0.0,0.0,0.0,0.0,0.0,0.0,0.0,0.0,0.0,0.0,0.0,0.0,0.0,0.0,0.0,0.0,0.0,0.0,0.0,0.0,False,False
2015-04-22,0.0,0.0,0.0,0.0,0.0,0.0,0.0,0.0,0.0,0.0,0.0,0.0,0.0,0.0,0.0,0.0,0.0,0.0,0.0,0.0,0.0,0.0,0.0,0.0,0.0,0.0,0.0,0.0,0.0,0.0,False,False
2015-04-23,0.0,0.0,0.0,0.0,0.0,0.0,0.0,0.0,0.0,0.0,0.0,0.0,0.0,0.0,0.0,0.0,0.0,0.0,0.0,0.0,0.0,0.0,0.0,0.0,0.0,0.0,0.0,0.0,0.0,0.0,False,False
2015-04-24,0.0,0.0,0.0,0.0,0.0,0.0,0.0,0.0,0.0,0.0,0.0,0.0,0.0,0.0,0.0,0.0,0.0,0.0,0.0,0.0,0.0,0.0,0.0,0.0,0.0,0.0,0.0,0.0,0.0,0.0,False,False
2015-04-27,0.0,0.0,0.0,0.0,0.0,0.0,0.0,0.0,0.0,0.0,0.0,0.0,0.0,0.0,0.0,0.0,0.0,0.0,0.0,0.0,0.0,0.0,0.0,0.0,0.0,0.0,0.0,0.0,0.0,0.0,False,False
2015-04-28,0.0,0.0,0.0,0.0,0.0,0.0,0.0,0.0,0.0,0.0,0.0,0.0,0.0,0.0,0.0,0.0,0.0,0.0,0.0,0.0,0.0,0.0,0.0,0.0,0.0,0.0,0.0,0.0,0.0,0.0,False,False
2015-04-29,0.0,0.0,0.0,0.0,0.0,0.0,0.0,0.0,0.0,0.0,0.0,0.0,0.0,0.0,0.0,0.0,0.0,0.0,0.0,0.0,0.0,0.0,0.0,0.0,0.0,0.0,0.0,0.0,0.0,0.0,False,False
2015-04-30,0.0,0.0,0.0,0.0,0.0,0.0,0.0,0.0,0.0,0.0,0.0,0.0,0.0,0.0,0.0,0.0,0.0,0.0,0.0,0.0,0.0,0.0,0.0,0.0,0.0,0.0,0.0,0.0,0.0,0.0,False,False
2015-05-01,0.0,0.0,0.0,0.0,0.0,0.0,0.0,0.0,0.0,0.0,0.0,0.0,0.0,0.0,0.0,0.0,0.0,0.0,0.0,0.0,0.0,0.0,0.0,0.0,0.0,0.0,0.0,0.0,0.0,0.0,False,False
2015-05-04,0.0,0.0,0.0,0.0,0.0,0.0,0.0,0.0,0.0,0.0,0.0,0.0,0.0,0.0,0.0,0.0,0.0,0.0,0.0,0.0,0.0,0.0,0.0,0.0,0.0,0.0,0.0,0.0,0.0,0.0,False,False
2015-05-05,0.0,0.0,0.0,0.0,0.0,0.0,0.0,0.0,0.0,0.0,0.0,0.0,0.0,0.0,0.0,0.0,0.0,0.0,0.0,0.0,0.0,0.0,0.0,0.0,0.0,0.0,0.0,0.0,0.0,0.0,False,False
2015-05-06,0.0,0.0,0.0,0.0,0.0,0.0,0.0,0.0,0.0,0.0,0.0,0.0,0.0,0.0,0.0,0.0,0.0,0.0,0.0,0.0,0.0,0.0,0.0,0.0,0.0,0.0,0.0,0.0,0.0,0.0,False,False
2015-05-07,0.0,0.0,0.0,0.0,0.0,0.0,0.0,0.0,0.0,0.0,0.0,0.0,0.0,0.0,0.0,0.0,0.0,0.0,0.0,0.0,0.0,0.0,0.0,0.0,0.0,0.0,0.0,0.0,0.0,0.0,False,False
2015-05-08,0.0,0.0,0.0,0.0,0.0,0.0,0.0,0.0,0.0,0.0,0.0,0.0,0.0,0.0,0.0,0.0,0.0,0.0,0.0,0.0,0.0,0.0,0.0,0.0,0.0,0.0,0.0,0.0,0.0,0.0,False,False
2015-05-11,0.0,0.0,0.0,0.0,0.0,0.0,0.0,0.0,0.0,0.0,0.0,0.0,0.0,0.0,0.0,0.0,0.0,0.0,0.0,0.0,0.0,0.0,0.0,0.0,0.0,0.0,0.0,0.0,0.0,0.0,False,False
2015-05-12,0.0,0.0,0.0,0.0,0.0,0.0,0.0,0.0,0.0,0.0,0.0,0.0,0.0,0.0,0.0,0.0,0.0,0.0,0.0,0.0,0.0,0.0,0.0,0.0,0.0,0.0,0.0,0.0,0.0,0.0,False,False
2015-05-13,0.0,0.0,0.0,0.0,0.0,0.0,0.0,0.0,0.0,0.0,0.0,0.0,0.0,0.0,0.0,0.0,0.0,0.0,0.0,0.0,0.0,0.0,0.0,0.0,0.0,0.0,0.0,0.0,0.0,0.0,False,False
2015-05-14,0.0,0.0,0.0,0.0,0.0,0.0,0.0,0.0,0.0,0.0,0.0,0.0,0.0,0.0,0.0,0.0,0.0,0.0,0.0,0.0,0.0,0.0,0.0,0.0,0.0,0.0,0.0,0.0,0.0,0.0,False,False
2015-05-15,0.0,0.0,0.0,0.0,0.0,0.0,0.0,0.0,0.0,0.0,0.0,0.0,0.0,0.0,0.0,0.0,0.0,0.0,0.0,0.0,0.0,0.0,0.0,0.0,0.0,0.0,0.0,0.0,0.0,0.0,False,False
2015-05-18,0.0,0.0,0.0,0.0,0.0,0.0,0.0,0.0,0.0,0.0,0.0,0.0,0.0,0.0,0.0,0.0,0.0,0.0,0.0,0.0,0.0,0.0,0.0,0.0,0.0,0.0,0.0,0.0,0.0,0.0,False,False
2015-05-19,0.0,0.0,0.0,0.0,0.0,0.0,0.0,0.0,0.0,0.0,0.0,0.0,0.0,0.0,0.0,0.0,0.0,0.0,0.0,0.0,0.0,0.0,0.0,0.0,0.0,0.0,0.0,0.0,0.0,0.0,False,False
2015-05-20,0.0,0.0,0.0,0.0,0.0,0.0,0.0,0.0,0.0,0.0,0.0,0.0,0.0,0.0,0.0,0.0,0.0,0.0,0.0,0.0,0.0,0.0,0.0,0.0,0.0,0.0,0.0,0.0,0.0,0.0,False,False
2015-05-21,0.0,0.0,0.0,0.0,0.0,0.0,0.0,0.0,0.0,0.0,0.0,0.0,0.0,0.0,0.0,0.0,0.0,0.0,0.0,0.0,0.0,0.0,0.0,0.0,0.0,0.0,0.0,0.0,0.0,0.0,False,False
2015-05-22,0.0,0.0,0.0,0.0,0.0,0.0,0.0,0.0,0.0,0.0,0.0,0.0,0.0,0.0,0.0,0.0,0.0,0.0,0.0,0.0,0.0,0.0,0.0,0.0,0.0,0.0,0.0,0.0,0.0,0.0,False,False
2015-05-26,0.0,0.0,0.0,0.0,0.0,0.0,0.0,0.0,0.0,0.0,0.0,0.0,0.0,0.0,0.0,0.0,0.0,0.0,0.0,0.0,0.0,0.0,0.0,0.0,0.0,0.0,0.0,0.0,0.0,0.0,False,False
2015-05-27,0.0,0.0,0.0,0.0,0.0,0.0,0.0,0.0,0.0,0.0,0.0,0.0,0.0,0.0,0.0,0.0,0.0,0.0,0.0,0.0,0.0,0.0,0.0,0.0,0.0,0.0,0.0,0.0,0.0,0.0,False,False
2015-05-28,0.0,0.0,0.0,0.0,0.0,0.0,0.0,0.0,0.0,0.0,0.0,0.0,0.0,0.0,0.0,0.0,0.0,0.0,0.0,0.0,0.0,0.0,0.0,0.0,0.0,0.0,0.0,0.0,0.0,0.0,False,False
2015-05-29,0.0,0.0,0.0,0.0,0.0,0.0,0.0,0.0,0.0,0.0,0.0,0.0,0.0,0.0,0.0,0.0,0.0,0.0,0.0,0.0,0.0,0.0,0.0,0.0,0.0,0.0,0.0,0.0,0.0,0.0,False,False
2015-06-01,0.0,0.0,0.0,0.0,0.0,0.0,0.0,0.0,0.0,0.0,0.0,0.0,0.0,0.0,0.0,0.0,0.0,0.0,0.0,0.0,0.0,0.0,0.0,0.0,0.0,0.0,0.0,0.0,0.0,0.0,False,False
2015-06-02,0.0,0.0,0.0,0.0,0.0,0.0,0.0,0.0,0.0,0.0,0.0,0.0,0.0,0.0,0.0,0.0,0.0,0.0,0.0,0.0,0.0,0.0,0.0,0.0,0.0,0.0,0.0,0.0,0.0,0.0,False,False
2015-06-03,0.0,0.0,0.0,0.0,0.0,0.0,0.0,0.0,0.0,0.0,0.0,0.0,0.0,0.0,0.0,0.0,0.0,0.0,0.0,0.0,0.0,0.0,0.0,0.0,0.0,0.0,0.0,0.0,0.0,0.0,False,False
2015-06-04,0.0,0.0,0.0,0.0,0.0,0.0,0.0,0.0,0.0,0.0,0.0,0.0,0.0,0.0,0.0,0.0,0.0,0.0,0.0,0.0,0.0,0.0,0.0,0.0,0.0,0.0,0.0,0.0,0.0,0.0,False,False
2015-06-05,0.0,0.0,0.0,0.0,0.0,0.0,0.0,0.0,0.0,0.0,0.0,0.0,0.0,0.0,0.0,0.0,0.0,0.0,0.0,0.0,0.0,0.0,0.0,0.0,0.0,0.0,0.0,0.0,0.0,0.0,False,False
2015-06-08,0.0,0.0,0.0,0.0,0.0,0.0,0.0,0.0,0.0,0.0,0.0,0.0,0.0,0.0,0.0,0.0,0.0,0.0,0.0,0.0,0.0,0.0,0.0,0.0,0.0,0.0,0.0,0.0,0.0,0.0,False,False
2015-06-09,0.0,0.0,0.0,0.0,0.0,0.0,0.0,0.0,0.0,0.0,0.0,0.0,0.0,0.0,0.0,0.0,0.0,0.0,0.0,0.0,0.0,0.0,0.0,0.0,0.0,0.0,0.0,0.0,0.0,0.0,False,False
2015-06-10,0.0,0.0,0.0,0.0,0.0,0.0,0.0,0.0,0.0,0.0,0.0,0.0,0.0,0.0,0.0,0.0,0.0,0.0,0.0,0.0,0.0,0.0,0.0,0.0,0.0,0.0,0.0,0.0,0.0,0.0,False,False
2015-06-11,0.0,0.0,0.0,0.0,0.0,0.0,0.0,0.0,0.0,0.0,0.0,0.0,0.0,0.0,0.0,0.0,0.0,0.0,0.0,0.0,0.0,0.0,0.0,0.0,0.0,0.0,0.0,0.0,0.0,0.0,False,False
2015-06-12,0.0,0.0,0.0,0.0,0.0,0.0,0.0,0.0,0.0,0.0,0.0,0.0,0.0,0.0,0.0,0.0,0.0,0.0,0.0,0.0,0.0,0.0,0.0,0.0,0.0,0.0,0.0,0.0,0.0,0.0,False,False
2015-06-15,0.0,0.0,0.0,0.0,0.0,0.0,0.0,0.0,0.0,0.0,0.0,0.0,0.0,0.0,0.0,0.0,0.0,0.0,0.0,0.0,0.0,0.0,0.0,0.0,0.0,0.0,0.0,0.0,0.0,0.0,False,False
2015-06-16,0.0,0.0,0.0,0.0,0.0,0.0,0.0,0.0,0.0,0.0,0.0,0.0,0.0,0.0,0.0,0.0,0.0,0.0,0.0,0.0,0.0,0.0,0.0,0.0,0.0,0.0,0.0,0.0,0.0,0.0,False,False
2015-06-17,0.0,0.0,0.0,0.0,0.0,0.0,0.0,0.0,0.0,0.0,0.0,0.0,0.0,0.0,0.0,0.0,0.0,0.0,0.0,0.0,0.0,0.0,0.0,0.0,0.0,0.0,0.0,0.0,0.0,0.0,False,False
2015-06-18,0.0,0.0,0.0,0.0,0.0,0.0,0.0,0.0,0.0,0.0,0.0,0.0,0.0,0.0,0.0,0.0,0.0,0.0,0.0,0.0,0.0,0.0,0.0,0.0,0.0,0.0,0.0,0.0,0.0,0.0,False,False
2015-06-19,0.0,0.0,0.0,0.0,0.0,0.0,0.0,0.0,0.0,0.0,0.0,0.0,0.0,0.0,0.0,0.0,0.0,0.0,0.0,0.0,0.0,0.0,0.0,0.0,0.0,0.0,0.0,0.0,0.0,0.0,False,False
2015-06-22,0.0,0.0,0.0,0.0,0.0,0.0,0.0,0.0,0.0,0.0,0.0,0.0,0.0,0.0,0.0,0.0,0.0,0.0,0.0,0.0,0.0,0.0,0.0,0.0,0.0,0.0,0.0,0.0,0.0,0.0,False,False
2015-06-23,0.0,0.0,0.0,0.0,0.0,0.0,0.0,0.0,0.0,0.0,0.0,0.0,0.0,0.0,0.0,0.0,0.0,0.0,0.0,0.0,0.0,0.0,0.0,0.0,0.0,0.0,0.0,0.0,0.0,0.0,False,False
2015-06-24,0.0,0.0,0.0,0.0,0.0,0.0,0.0,0.0,0.0,0.0,0.0,0.0,0.0,0.0,0.0,0.0,0.0,0.0,0.0,0.0,0.0,0.0,0.0,0.0,0.0,0.0,0.0,0.0,0.0,0.0,False,False
2015-06-25,0.0,0.0,0.0,0.0,0.0,0.0,0.0,0.0,0.0,0.0,0.0,0.0,0.0,0.0,0.0,0.0,0.0,0.0,0.0,0.0,0.0,0.0,0.0,0.0,0.0,0.0,0.0,0.0,0.0,0.0,False,False
2015-06-26,0.0,0.0,0.0,0.0,0.0,0.0,0.0,0.0,0.0,0.0,0.0,0.0,0.0,0.0,0.0,0.0,0.0,0.0,0.0,0.0,0.0,0.0,0.0,0.0,0.0,0.0,0.0,0.0,0.0,0.0,False,False
2015-06-29,0.0,0.0,0.0,0.0,0.0,0.0,0.0,0.0,0.0,0.0,0.0,0.0,0.0,0.0,0.0,0.0,0.0,0.0,0.0,0.0,0.0,0.0,0.0,0.0,0.0,0.0,0.0,0.0,0.0,0.0,False,False
2015-06-30,0.0,0.0,0.0,0.0,0.0,0.0,0.0,0.0,0.0,0.0,0.0,0.0,0.0,0.0,0.0,0.0,0.0,0.0,0.0,0.0,0.0,0.0,0.0,0.0,0.0,0.0,0.0,0.0,0.0,0.0,False,False
2015-07-01,0.0,0.0,0.0,0.0,0.0,0.0,0.0,0.0,0.0,0.0,0.0,0.0,0.0,0.0,0.0,0.0,0.0,0.0,0.0,0.0,0.0,0.0,0.0,0.0,0.0,0.0,0.0,0.0,0.0,0.0,False,False
2015-07-02,0.0,0.0,0.0,0.0,0.0,0.0,0.0,0.0,0.0,0.0,0.0,0.0,0.0,0.0,0.0,0.0,0.0,0.0,0.0,0.0,0.0,0.0,0.0,0.0,0.0,0.0,0.0,0.0,0.0,0.0,False,False
2015-07-06,0.0,0.0,0.0,0.0,0.0,0.0,0.0,0.0,0.0,0.0,0.0,0.0,0.0,0.0,0.0,0.0,0.0,0.0,0.0,0.0,0.0,0.0,0.0,0.0,0.0,0.0,0.0,0.0,0.0,0.0,False,False
2015-07-07,0.0,0.0,0.0,0.0,0.0,0.0,0.0,0.0,0.0,0.0,0.0,0.0,0.0,0.0,0.0,0.0,0.0,0.0,0.0,0.0,0.0,0.0,0.0,0.0,0.0,0.0,0.0,0.0,0.0,0.0,False,False
2015-07-08,0.0,0.0,0.0,0.0,0.0,0.0,0.0,0.0,0.0,0.0,0.0,0.0,0.0,0.0,0.0,0.0,0.0,0.0,0.0,0.0,0.0,0.0,0.0,0.0,0.0,0.0,0.0,0.0,0.0,0.0,False,False
2015-07-09,0.0,0.0,0.0,0.0,0.0,0.0,0.0,0.0,0.0,0.0,0.0,0.0,0.0,0.0,0.0,0.0,0.0,0.0,0.0,0.0,0.0,0.0,0.0,0.0,0.0,0.0,0.0,0.0,0.0,0.0,False,False
2015-07-10,0.0,0.0,0.0,0.0,0.0,0.0,0.0,0.0,0.0,0.0,0.0,0.0,0.0,0.0,0.0,0.0,0.0,0.0,0.0,0.0,0.0,0.0,0.0,0.0,0.0,0.0,0.0,0.0,0.0,0.0,False,False
2015-07-13,0.0,0.0,0.0,0.0,0.0,0.0,0.0,0.0,0.0,0.0,0.0,0.0,0.0,0.0,0.0,0.0,0.0,0.0,0.0,0.0,0.0,0.0,0.0,0.0,0.0,0.0,0.0,0.0,0.0,0.0,False,False
2015-07-14,0.0,0.0,0.0,0.0,0.0,0.0,0.0,0.0,0.0,0.0,0.0,0.0,0.0,0.0,0.0,0.0,0.0,0.0,0.0,0.0,0.0,0.0,0.0,0.0,0.0,0.0,0.0,0.0,0.0,0.0,False,False
2015-07-15,0.0,0.0,0.0,0.0,0.0,0.0,0.0,0.0,0.0,0.0,0.0,0.0,0.0,0.0,0.0,0.0,0.0,0.0,0.0,0.0,0.0,0.0,0.0,0.0,0.0,0.0,0.0,0.0,0.0,0.0,False,False
2015-07-16,0.0,0.0,0.0,0.0,0.0,0.0,0.0,0.0,0.0,0.0,0.0,0.0,0.0,0.0,0.0,0.0,0.0,0.0,0.0,0.0,0.0,0.0,0.0,0.0,0.0,0.0,0.0,0.0,0.0,0.0,False,False
2015-07-17,0.0,0.0,0.0,0.0,0.0,0.0,0.0,0.0,0.0,0.0,0.0,0.0,0.0,0.0,0.0,0.0,0.0,0.0,0.0,0.0,0.0,0.0,0.0,0.0,0.0,0.0,0.0,0.0,0.0,0.0,False,False
2015-07-20,0.0,0.0,0.0,0.0,0.0,0.0,0.0,0.0,0.0,0.0,0.0,0.0,0.0,0.0,0.0,0.0,0.0,0.0,0.0,0.0,0.0,0.0,0.0,0.0,0.0,0.0,0.0,0.0,0.0,0.0,False,False
2015-07-21,0.0,0.0,0.0,0.0,0.0,0.0,0.0,0.0,0.0,0.0,0.0,0.0,0.0,0.0,0.0,0.0,0.0,0.0,0.0,0.0,0.0,0.0,0.0,0.0,0.0,0.0,0.0,0.0,0.0,0.0,False,False
2015-07-22,0.0,0.0,0.0,0.0,0.0,0.0,0.0,0.0,0.0,0.0,0.0,0.0,0.0,0.0,0.0,0.0,0.0,0.0,0.0,0.0,0.0,0.0,0.0,0.0,0.0,0.0,0.0,0.0,0.0,0.0,False,False
2015-07-23,0.0,0.0,0.0,0.0,0.0,0.0,0.0,0.0,0.0,0.0,0.0,0.0,0.0,0.0,0.0,0.0,0.0,0.0,0.0,0.0,0.0,0.0,0.0,0.0,0.0,0.0,0.0,0.0,0.0,0.0,False,False
2015-07-24,0.0,0.0,0.0,0.0,0.0,0.0,0.0,0.0,0.0,0.0,0.0,0.0,0.0,0.0,0.0,0.0,0.0,0.0,0.0,0.0,0.0,0.0,0.0,0.0,0.0,0.0,0.0,0.0,0.0,0.0,False,False
2015-07-27,0.0,0.0,0.0,0.0,0.0,0.0,0.0,0.0,0.0,0.0,0.0,0.0,0.0,0.0,0.0,0.0,0.0,0.0,0.0,0.0,0.0,0.0,0.0,0.0,0.0,0.0,0.0,0.0,0.0,0.0,False,False
2015-07-28,0.0,0.0,0.0,0.0,0.0,0.0,0.0,0.0,0.0,0.0,0.0,0.0,0.0,0.0,0.0,0.0,0.0,0.0,0.0,0.0,0.0,0.0,0.0,0.0,0.0,0.0,0.0,0.0,0.0,0.0,False,False
2015-07-29,0.0,0.0,0.0,0.0,0.0,0.0,0.0,0.0,0.0,0.0,0.0,0.0,0.0,0.0,0.0,0.0,0.0,0.0,0.0,0.0,0.0,0.0,0.0,0.0,0.0,0.0,0.0,0.0,0.0,0.0,False,False
2015-07-30,0.0,0.0,0.0,0.0,0.0,0.0,0.0,0.0,0.0,0.0,0.0,0.0,0.0,0.0,0.0,0.0,0.0,0.0,0.0,0.0,0.0,0.0,0.0,0.0,0.0,0.0,0.0,0.0,0.0,0.0,False,False
2015-07-31,0.0,0.0,0.0,0.0,0.0,0.0,0.0,0.0,0.0,0.0,0.0,0.0,0.0,0.0,0.0,0.0,0.0,0.0,0.0,0.0,0.0,0.0,0.0,0.0,0.0,0.0,0.0,0.0,0.0,0.0,False,False
2015-08-03,0.0,0.0,0.0,0.0,0.0,0.0,0.0,0.0,0.0,0.0,0.0,0.0,0.0,0.0,0.0,0.0,0.0,0.0,0.0,0.0,0.0,0.0,0.0,0.0,0.0,0.0,0.0,0.0,0.0,0.0,False,False
2015-08-04,0.0,0.0,0.0,0.0,0.0,0.0,0.0,0.0,0.0,0.0,0.0,0.0,0.0,0.0,0.0,0.0,0.0,0.0,0.0,0.0,0.0,0.0,0.0,0.0,0.0,0.0,0.0,0.0,0.0,0.0,False,False
2015-08-05,0.0,0.0,0.0,0.0,0.0,0.0,0.0,0.0,0.0,0.0,0.0,0.0,0.0,0.0,0.0,0.0,0.0,0.0,0.0,0.0,0.0,0.0,0.0,0.0,0.0,0.0,0.0,0.0,0.0,0.0,False,False
2015-08-06,0.0,0.0,0.0,0.0,0.0,0.0,0.0,0.0,0.0,0.0,0.0,0.0,0.0,0.0,0.0,0.0,0.0,0.0,0.0,0.0,0.0,0.0,0.0,0.0,0.0,0.0,0.0,0.0,0.0,0.0,False,False
2015-08-07,0.0,0.0,0.0,0.0,0.0,0.0,0.0,0.0,0.0,0.0,0.0,0.0,0.0,0.0,0.0,0.0,0.0,0.0,0.0,0.0,0.0,0.0,0.0,0.0,0.0,0.0,0.0,0.0,0.0,0.0,False,False
2015-08-10,0.0,0.0,0.0,0.0,0.0,0.0,0.0,0.0,0.0,0.0,0.0,0.0,0.0,0.0,0.0,0.0,0.0,0.0,0.0,0.0,0.0,0.0,0.0,0.0,0.0,0.0,0.0,0.0,0.0,0.0,False,False
2015-08-11,0.0,0.0,0.0,0.0,0.0,0.0,0.0,0.0,0.0,0.0,0.0,0.0,0.0,0.0,0.0,0.0,0.0,0.0,0.0,0.0,0.0,0.0,0.0,0.0,0.0,0.0,0.0,0.0,0.0,0.0,False,False
2015-08-12,0.0,0.0,0.0,0.0,0.0,0.0,0.0,0.0,0.0,0.0,0.0,0.0,0.0,0.0,0.0,0.0,0.0,0.0,0.0,0.0,0.0,0.0,0.0,0.0,0.0,0.0,0.0,0.0,0.0,0.0,False,False
2015-08-13,0.0,0.0,0.0,0.0,0.0,0.0,0.0,0.0,0.0,0.0,0.0,0.0,0.0,0.0,0.0,0.0,0.0,0.0,0.0,0.0,0.0,0.0,0.0,0.0,0.0,0.0,0.0,0.0,0.0,0.0,False,False
2015-08-14,0.0,0.0,0.0,0.0,0.0,0.0,0.0,0.0,0.0,0.0,0.0,0.0,0.0,0.0,0.0,0.0,0.0,0.0,0.0,0.0,0.0,0.0,0.0,0.0,0.0,0.0,0.0,0.0,0.0,0.0,False,False
2015-08-17,0.0,0.0,0.0,0.0,0.0,0.0,0.0,0.0,0.0,0.0,0.0,0.0,0.0,0.0,0.0,0.0,0.0,0.0,0.0,0.0,0.0,0.0,0.0,0.0,0.0,0.0,0.0,0.0,0.0,0.0,False,False
2015-08-18,0.0,0.0,0.0,0.0,0.0,0.0,0.0,0.0,0.0,0.0,0.0,0.0,0.0,0.0,0.0,0.0,0.0,0.0,0.0,0.0,0.0,0.0,0.0,0.0,0.0,0.0,0.0,0.0,0.0,0.0,False,False
2015-08-19,0.0,0.0,0.0,0.0,0.0,0.0,0.0,0.0,0.0,0.0,0.0,0.0,0.0,0.0,0.0,0.0,0.0,0.0,0.0,0.0,0.0,0.0,0.0,0.0,0.0,0.0,0.0,0.0,0.0,0.0,False,False
2015-08-20,0.0,0.0,0.0,0.0,0.0,0.0,0.0,0.0,0.0,0.0,0.0,0.0,0.0,0.0,0.0,0.0,0.0,0.0,0.0,0.0,0.0,0.0,0.0,0.0,0.0,0.0,0.0,0.0,0.0,0.0,False,False
2015-08-21,0.0,0.0,0.0,0.0,0.0,0.0,0.0,0.0,0.0,0.0,0.0,0.0,0.0,0.0,0.0,0.0,0.0,0.0,0.0,0.0,0.0,0.0,0.0,0.0,0.0,0.0,0.0,0.0,0.0,0.0,False,False
2015-08-24,0.0,0.0,0.0,0.0,0.0,0.0,0.0,0.0,0.0,0.0,0.0,0.0,0.0,0.0,0.0,0.0,0.0,0.0,0.0,0.0,0.0,0.0,0.0,0.0,0.0,0.0,0.0,0.0,0.0,0.0,False,False
2015-08-25,0.0,0.0,0.0,0.0,0.0,0.0,0.0,0.0,0.0,0.0,0.0,0.0,0.0,0.0,0.0,0.0,0.0,0.0,0.0,0.0,0.0,0.0,0.0,0.0,0.0,0.0,0.0,0.0,0.0,0.0,False,False
2015-08-26,0.0,0.0,0.0,0.0,0.0,0.0,0.0,0.0,0.0,0.0,0.0,0.0,0.0,0.0,0.0,0.0,0.0,0.0,0.0,0.0,0.0,0.0,0.0,0.0,0.0,0.0,0.0,0.0,0.0,0.0,False,False
2015-08-27,0.0,0.0,0.0,0.0,0.0,0.0,0.0,0.0,0.0,0.0,0.0,0.0,0.0,0.0,0.0,0.0,0.0,0.0,0.0,0.0,0.0,0.0,0.0,0.0,0.0,0.0,0.0,0.0,0.0,0.0,False,False
2015-08-28,0.0,0.0,0.0,0.0,0.0,0.0,0.0,0.0,0.0,0.0,0.0,0.0,0.0,0.0,0.0,0.0,0.0,0.0,0.0,0.0,0.0,0.0,0.0,0.0,0.0,0.0,0.0,0.0,0.0,0.0,False,False
2015-08-31,0.0,0.0,0.0,0.0,0.0,0.0,0.0,0.0,0.0,0.0,0.0,0.0,0.0,0.0,0.0,0.0,0.0,0.0,0.0,0.0,0.0,0.0,0.0,0.0,0.0,0.0,0.0,0.0,0.0,0.0,False,False
2015-09-01,0.0,0.0,0.0,0.0,0.0,0.0,0.0,0.0,0.0,0.0,0.0,0.0,0.0,0.0,0.0,0.0,0.0,0.0,0.0,0.0,0.0,0.0,0.0,0.0,0.0,0.0,0.0,0.0,0.0,0.0,False,False
2015-09-02,0.0,0.0,0.0,0.0,0.0,0.0,0.0,0.0,0.0,0.0,0.0,0.0,0.0,0.0,0.0,0.0,0.0,0.0,0.0,0.0,0.0,0.0,0.0,0.0,0.0,0.0,0.0,0.0,0.0,0.0,False,False
2015-09-03,0.0,0.0,0.0,0.0,0.0,0.0,0.0,0.0,0.0,0.0,0.0,0.0,0.0,0.0,0.0,0.0,0.0,0.0,0.0,0.0,0.0,0.0,0.0,0.0,0.0,0.0,0.0,0.0,0.0,0.0,False,False
2015-09-04,0.0,0.0,0.0,0.0,0.0,0.0,0.0,0.0,0.0,0.0,0.0,0.0,0.0,0.0,0.0,0.0,0.0,0.0,0.0,0.0,0.0,0.0,0.0,0.0,0.0,0.0,0.0,0.0,0.0,0.0,False,False
2015-09-08,0.0,0.0,0.0,0.0,0.0,0.0,0.0,0.0,0.0,0.0,0.0,0.0,0.0,0.0,0.0,0.0,0.0,0.0,0.0,0.0,0.0,0.0,0.0,0.0,0.0,0.0,0.0,0.0,0.0,0.0,False,False
2015-09-09,0.0,0.0,0.0,0.0,0.0,0.0,0.0,0.0,0.0,0.0,0.0,0.0,0.0,0.0,0.0,0.0,0.0,0.0,0.0,0.0,0.0,0.0,0.0,0.0,0.0,0.0,0.0,0.0,0.0,0.0,False,False
2015-09-10,0.0,0.0,0.0,0.0,0.0,0.0,0.0,0.0,0.0,0.0,0.0,0.0,0.0,0.0,0.0,0.0,0.0,0.0,0.0,0.0,0.0,0.0,0.0,0.0,0.0,0.0,0.0,0.0,0.0,0.0,False,False
2015-09-11,0.0,0.0,0.0,0.0,0.0,0.0,0.0,0.0,0.0,0.0,0.0,0.0,0.0,0.0,0.0,0.0,0.0,0.0,0.0,0.0,0.0,0.0,0.0,0.0,0.0,0.0,0.0,0.0,0.0,0.0,False,False
2015-09-14,0.0,0.0,0.0,0.0,0.0,0.0,0.0,0.0,0.0,0.0,0.0,0.0,0.0,0.0,0.0,0.0,0.0,0.0,0.0,0.0,0.0,0.0,0.0,0.0,0.0,0.0,0.0,0.0,0.0,0.0,False,False
2015-09-15,0.0,0.0,0.0,0.0,0.0,0.0,0.0,0.0,0.0,0.0,0.0,0.0,0.0,0.0,0.0,0.0,0.0,0.0,0.0,0.0,0.0,0.0,0.0,0.0,0.0,0.0,0.0,0.0,0.0,0.0,False,False
2015-09-16,0.0,0.0,0.0,0.0,0.0,0.0,0.0,0.0,0.0,0.0,0.0,0.0,0.0,0.0,0.0,0.0,0.0,0.0,0.0,0.0,0.0,0.0,0.0,0.0,0.0,0.0,0.0,0.0,0.0,0.0,False,False
2015-09-17,0.0,0.0,0.0,0.0,0.0,0.0,0.0,0.0,0.0,0.0,0.0,0.0,0.0,0.0,0.0,0.0,0.0,0.0,0.0,0.0,0.0,0.0,0.0,0.0,0.0,0.0,0.0,0.0,0.0,0.0,False,False
2015-09-18,0.0,0.0,0.0,0.0,0.0,0.0,0.0,0.0,0.0,0.0,0.0,0.0,0.0,0.0,0.0,0.0,0.0,0.0,0.0,0.0,0.0,0.0,0.0,0.0,0.0,0.0,0.0,0.0,0.0,0.0,False,False
2015-09-21,0.0,0.0,0.0,0.0,0.0,0.0,0.0,0.0,0.0,0.0,0.0,0.0,0.0,0.0,0.0,0.0,0.0,0.0,0.0,0.0,0.0,0.0,0.0,0.0,0.0,0.0,0.0,0.0,0.0,0.0,False,False
2015-09-22,0.0,0.0,0.0,0.0,0.0,0.0,0.0,0.0,0.0,0.0,0.0,0.0,0.0,0.0,0.0,0.0,0.0,0.0,0.0,0.0,0.0,0.0,0.0,0.0,0.0,0.0,0.0,0.0,0.0,0.0,False,False
2015-09-23,0.0,0.0,0.0,0.0,0.0,0.0,0.0,0.0,0.0,0.0,0.0,0.0,0.0,0.0,0.0,0.0,0.0,0.0,0.0,0.0,0.0,0.0,0.0,0.0,0.0,0.0,0.0,0.0,0.0,0.0,False,False
2015-09-24,0.0,0.0,0.0,0.0,0.0,0.0,0.0,0.0,0.0,0.0,0.0,0.0,0.0,0.0,0.0,0.0,0.0,0.0,0.0,0.0,0.0,0.0,0.0,0.0,0.0,0.0,0.0,0.0,0.0,0.0,False,False
2015-09-25,0.0,0.0,0.0,0.0,0.0,0.0,0.0,0.0,0.0,0.0,0.0,0.0,0.0,0.0,0.0,0.0,0.0,0.0,0.0,0.0,0.0,0.0,0.0,0.0,0.0,0.0,0.0,0.0,0.0,0.0,False,False
2015-09-28,0.0,0.0,0.0,0.0,0.0,0.0,0.0,0.0,0.0,0.0,0.0,0.0,0.0,0.0,0.0,0.0,0.0,0.0,0.0,0.0,0.0,0.0,0.0,0.0,0.0,0.0,0.0,0.0,0.0,0.0,False,False
2015-09-29,0.0,0.0,0.0,0.0,0.0,0.0,0.0,0.0,0.0,0.0,0.0,0.0,0.0,0.0,0.0,0.0,0.0,0.0,0.0,0.0,0.0,0.0,0.0,0.0,0.0,0.0,0.0,0.0,0.0,0.0,False,False
2015-09-30,0.0,0.0,0.0,0.0,0.0,0.0,0.0,0.0,0.0,0.0,0.0,0.0,0.0,0.0,0.0,0.0,0.0,0.0,0.0,0.0,0.0,0.0,0.0,0.0,0.0,0.0,0.0,0.0,0.0,0.0,False,False
2015-10-01,0.0,0.0,0.0,0.0,0.0,0.0,0.0,0.0,0.0,0.0,0.0,0.0,0.0,0.0,0.0,0.0,0.0,0.0,0.0,0.0,0.0,0.0,0.0,0.0,0.0,0.0,0.0,0.0,0.0,0.0,False,False
2015-10-02,0.0,0.0,0.0,0.0,0.0,0.0,0.0,0.0,0.0,0.0,0.0,0.0,0.0,0.0,0.0,0.0,0.0,0.0,0.0,0.0,0.0,0.0,0.0,0.0,0.0,0.0,0.0,0.0,0.0,0.0,False,False
2015-10-05,0.0,0.0,0.0,0.0,0.0,0.0,0.0,0.0,0.0,0.0,0.0,0.0,0.0,0.0,0.0,0.0,0.0,0.0,0.0,0.0,0.0,0.0,0.0,0.0,0.0,0.0,0.0,0.0,0.0,0.0,False,False
2015-10-06,0.0,0.0,0.0,0.0,0.0,0.0,0.0,0.0,0.0,0.0,0.0,0.0,0.0,0.0,0.0,0.0,0.0,0.0,0.0,0.0,0.0,0.0,0.0,0.0,0.0,0.0,0.0,0.0,0.0,0.0,False,False
2015-10-07,0.0,0.0,0.0,0.0,0.0,0.0,0.0,0.0,0.0,0.0,0.0,0.0,0.0,0.0,0.0,0.0,0.0,0.0,0.0,0.0,0.0,0.0,0.0,0.0,0.0,0.0,0.0,0.0,0.0,0.0,False,False
2015-10-08,0.0,0.0,0.0,0.0,0.0,0.0,0.0,0.0,0.0,0.0,0.0,0.0,0.0,0.0,0.0,0.0,0.0,0.0,0.0,0.0,0.0,0.0,0.0,0.0,0.0,0.0,0.0,0.0,0.0,0.0,False,False
2015-10-09,0.0,0.0,0.0,0.0,0.0,0.0,0.0,0.0,0.0,0.0,0.0,0.0,0.0,0.0,0.0,0.0,0.0,0.0,0.0,0.0,0.0,0.0,0.0,0.0,0.0,0.0,0.0,0.0,0.0,0.0,False,False
2015-10-12,0.0,0.0,0.0,0.0,0.0,0.0,0.0,0.0,0.0,0.0,0.0,0.0,0.0,0.0,0.0,0.0,0.0,0.0,0.0,0.0,0.0,0.0,0.0,0.0,0.0,0.0,0.0,0.0,0.0,0.0,False,False
2015-10-13,0.0,0.0,0.0,0.0,0.0,0.0,0.0,0.0,0.0,0.0,0.0,0.0,0.0,0.0,0.0,0.0,0.0,0.0,0.0,0.0,0.0,0.0,0.0,0.0,0.0,0.0,0.0,0.0,0.0,0.0,False,False
2015-10-14,0.0,0.0,0.0,0.0,0.0,0.0,0.0,0.0,0.0,0.0,0.0,0.0,0.0,0.0,0.0,0.0,0.0,0.0,0.0,0.0,0.0,0.0,0.0,0.0,0.0,0.0,0.0,0.0,0.0,0.0,False,False
2015-10-15,0.0,0.0,0.0,0.0,0.0,0.0,0.0,0.0,0.0,0.0,0.0,0.0,0.0,0.0,0.0,0.0,0.0,0.0,0.0,0.0,0.0,0.0,0.0,0.0,0.0,0.0,0.0,0.0,0.0,0.0,False,False
2015-10-16,0.0,0.0,0.0,0.0,0.0,0.0,0.0,0.0,0.0,0.0,0.0,0.0,0.0,0.0,0.0,0.0,0.0,0.0,0.0,0.0,0.0,0.0,0.0,0.0,0.0,0.0,0.0,0.0,0.0,0.0,False,False
2015-10-19,0.0,0.0,0.0,0.0,0.0,0.0,0.0,0.0,0.0,0.0,0.0,0.0,0.0,0.0,0.0,0.0,0.0,0.0,0.0,0.0,0.0,0.0,0.0,0.0,0.0,0.0,0.0,0.0,0.0,0.0,False,False
2015-10-20,0.0,0.0,0.0,0.0,0.0,0.0,0.0,0.0,0.0,0.0,0.0,0.0,0.0,0.0,0.0,0.0,0.0,0.0,0.0,0.0,0.0,0.0,0.0,0.0,0.0,0.0,0.0,0.0,0.0,0.0,False,False
2015-10-21,0.0,0.0,0.0,0.0,0.0,0.0,0.0,0.0,0.0,0.0,0.0,0.0,0.0,0.0,0.0,0.0,0.0,0.0,0.0,0.0,0.0,0.0,0.0,0.0,0.0,0.0,0.0,0.0,0.0,0.0,False,False
2015-10-22,0.0,0.0,0.0,0.0,0.0,0.0,0.0,0.0,0.0,0.0,0.0,0.0,0.0,0.0,0.0,0.0,0.0,0.0,0.0,0.0,0.0,0.0,0.0,0.0,0.0,0.0,0.0,0.0,0.0,0.0,False,False
2015-10-23,0.0,0.0,0.0,0.0,0.0,0.0,0.0,0.0,0.0,0.0,0.0,0.0,0.0,0.0,0.0,0.0,0.0,0.0,0.0,0.0,0.0,0.0,0.0,0.0,0.0,0.0,0.0,0.0,0.0,0.0,False,False
2015-10-26,0.0,0.0,0.0,0.0,0.0,0.0,0.0,0.0,0.0,0.0,0.0,0.0,0.0,0.0,0.0,0.0,0.0,0.0,0.0,0.0,0.0,0.0,0.0,0.0,0.0,0.0,0.0,0.0,0.0,0.0,False,False
2015-10-27,0.0,0.0,0.0,0.0,0.0,0.0,0.0,0.0,0.0,0.0,0.0,0.0,0.0,0.0,0.0,0.0,0.0,0.0,0.0,0.0,0.0,0.0,0.0,0.0,0.0,0.0,0.0,0.0,0.0,0.0,False,False
2015-10-28,0.0,0.0,0.0,0.0,0.0,0.0,0.0,0.0,0.0,0.0,0.0,0.0,0.0,0.0,0.0,0.0,0.0,0.0,0.0,0.0,0.0,0.0,0.0,0.0,0.0,0.0,0.0,0.0,0.0,0.0,False,False
2015-10-29,0.0,0.0,0.0,0.0,0.0,0.0,0.0,0.0,0.0,0.0,0.0,0.0,0.0,0.0,0.0,0.0,0.0,0.0,0.0,0.0,0.0,0.0,0.0,0.0,0.0,0.0,0.0,0.0,0.0,0.0,False,False
2015-10-30,0.0,0.0,0.0,0.0,0.0,0.0,0.0,0.0,0.0,0.0,0.0,0.0,0.0,0.0,0.0,0.0,0.0,0.0,0.0,0.0,0.0,0.0,0.0,0.0,0.0,0.0,0.0,0.0,0.0,0.0,False,False
2015-11-02,0.0,0.0,0.0,0.0,0.0,0.0,0.0,0.0,0.0,0.0,0.0,0.0,0.0,0.0,0.0,0.0,0.0,0.0,0.0,0.0,0.0,0.0,0.0,0.0,0.0,0.0,0.0,0.0,0.0,0.0,False,False
2015-11-03,0.0,0.0,0.0,0.0,0.0,0.0,0.0,0.0,0.0,0.0,0.0,0.0,0.0,0.0,0.0,0.0,0.0,0.0,0.0,0.0,0.0,0.0,0.0,0.0,0.0,0.0,0.0,0.0,0.0,0.0,False,False
2015-11-04,0.0,0.0,0.0,0.0,0.0,0.0,0.0,0.0,0.0,0.0,0.0,0.0,0.0,0.0,0.0,0.0,0.0,0.0,0.0,0.0,0.0,0.0,0.0,0.0,0.0,0.0,0.0,0.0,0.0,0.0,False,False
2015-11-05,0.0,0.0,0.0,0.0,0.0,0.0,0.0,0.0,0.0,0.0,0.0,0.0,0.0,0.0,0.0,0.0,0.0,0.0,0.0,0.0,0.0,0.0,0.0,0.0,0.0,0.0,0.0,0.0,0.0,0.0,False,False
2015-11-06,0.0,0.0,0.0,0.0,0.0,0.0,0.0,0.0,0.0,0.0,0.0,0.0,0.0,0.0,0.0,0.0,0.0,0.0,0.0,0.0,0.0,0.0,0.0,0.0,0.0,0.0,0.0,0.0,0.0,0.0,False,False
2015-11-09,0.0,0.0,0.0,0.0,0.0,0.0,0.0,0.0,0.0,0.0,0.0,0.0,0.0,0.0,0.0,0.0,0.0,0.0,0.0,0.0,0.0,0.0,0.0,0.0,0.0,0.0,0.0,0.0,0.0,0.0,False,False
2015-11-10,0.0,0.0,0.0,0.0,0.0,0.0,0.0,0.0,0.0,0.0,0.0,0.0,0.0,0.0,0.0,0.0,0.0,0.0,0.0,0.0,0.0,0.0,0.0,0.0,0.0,0.0,0.0,0.0,0.0,0.0,False,False
2015-11-11,0.0,0.0,0.0,0.0,0.0,0.0,0.0,0.0,0.0,0.0,0.0,0.0,0.0,0.0,0.0,0.0,0.0,0.0,0.0,0.0,0.0,0.0,0.0,0.0,0.0,0.0,0.0,0.0,0.0,0.0,False,False
2015-11-12,0.0,0.0,0.0,0.0,0.0,0.0,0.0,0.0,0.0,0.0,0.0,0.0,0.0,0.0,0.0,0.0,0.0,0.0,0.0,0.0,0.0,0.0,0.0,0.0,0.0,0.0,0.0,0.0,0.0,0.0,False,False
2015-11-13,0.0,0.0,0.0,0.0,0.0,0.0,0.0,0.0,0.0,0.0,0.0,0.0,0.0,0.0,0.0,0.0,0.0,0.0,0.0,0.0,0.0,0.0,0.0,0.0,0.0,0.0,0.0,0.0,0.0,0.0,False,False
2015-11-16,0.0,0.0,0.0,0.0,0.0,0.0,0.0,0.0,0.0,0.0,0.0,0.0,0.0,0.0,0.0,0.0,0.0,0.0,0.0,0.0,0.0,0.0,0.0,0.0,0.0,0.0,0.0,0.0,0.0,0.0,False,False
2015-11-17,0.0,0.0,0.0,0.0,0.0,0.0,0.0,0.0,0.0,0.0,0.0,0.0,0.0,0.0,0.0,0.0,0.0,0.0,0.0,0.0,0.0,0.0,0.0,0.0,0.0,0.0,0.0,0.0,0.0,0.0,False,False
2015-11-18,0.0,0.0,0.0,0.0,0.0,0.0,0.0,0.0,0.0,0.0,0.0,0.0,0.0,0.0,0.0,0.0,0.0,0.0,0.0,0.0,0.0,0.0,0.0,0.0,0.0,0.0,0.0,0.0,0.0,0.0,False,False
2015-11-19,0.0,0.0,0.0,0.0,0.0,0.0,0.0,0.0,0.0,0.0,0.0,0.0,0.0,0.0,0.0,0.0,0.0,0.0,0.0,0.0,0.0,0.0,0.0,0.0,0.0,0.0,0.0,0.0,0.0,0.0,False,False
2015-11-20,0.0,0.0,0.0,0.0,0.0,0.0,0.0,0.0,0.0,0.0,0.0,0.0,0.0,0.0,0.0,0.0,0.0,0.0,0.0,0.0,0.0,0.0,0.0,0.0,0.0,0.0,0.0,0.0,0.0,0.0,False,False
2015-11-23,0.0,0.0,0.0,0.0,0.0,0.0,0.0,0.0,0.0,0.0,0.0,0.0,0.0,0.0,0.0,0.0,0.0,0.0,0.0,0.0,0.0,0.0,0.0,0.0,0.0,0.0,0.0,0.0,0.0,0.0,False,False
2015-11-24,0.0,0.0,0.0,0.0,0.0,0.0,0.0,0.0,0.0,0.0,0.0,0.0,0.0,0.0,0.0,0.0,0.0,0.0,0.0,0.0,0.0,0.0,0.0,0.0,0.0,0.0,0.0,0.0,0.0,0.0,False,False
2015-11-25,0.0,0.0,0.0,0.0,0.0,0.0,0.0,0.0,0.0,0.0,0.0,0.0,0.0,0.0,0.0,0.0,0.0,0.0,0.0,0.0,0.0,0.0,0.0,0.0,0.0,0.0,0.0,0.0,0.0,0.0,False,False
2015-11-27,0.0,0.0,0.0,0.0,0.0,0.0,0.0,0.0,0.0,0.0,0.0,0.0,0.0,0.0,0.0,0.0,0.0,0.0,0.0,0.0,0.0,0.0,0.0,0.0,0.0,0.0,0.0,0.0,0.0,0.0,False,False
2015-11-30,0.0,0.0,0.0,0.0,0.0,0.0,0.0,0.0,0.0,0.0,0.0,0.0,0.0,0.0,0.0,0.0,0.0,0.0,0.0,0.0,0.0,0.0,0.0,0.0,0.0,0.0,0.0,0.0,0.0,0.0,False,False
2015-12-01,0.0,0.0,0.0,0.0,0.0,0.0,0.0,0.0,0.0,0.0,0.0,0.0,0.0,0.0,0.0,0.0,0.0,0.0,0.0,0.0,0.0,0.0,0.0,0.0,0.0,0.0,0.0,0.0,0.0,0.0,False,False
2015-12-02,0.0,0.0,0.0,0.0,0.0,0.0,0.0,0.0,0.0,0.0,0.0,0.0,0.0,0.0,0.0,0.0,0.0,0.0,0.0,0.0,0.0,0.0,0.0,0.0,0.0,0.0,0.0,0.0,0.0,0.0,False,False
2015-12-03,0.0,0.0,0.0,0.0,0.0,0.0,0.0,0.0,0.0,0.0,0.0,0.0,0.0,0.0,0.0,0.0,0.0,0.0,0.0,0.0,0.0,0.0,0.0,0.0,0.0,0.0,0.0,0.0,0.0,0.0,False,False
2015-12-04,0.0,0.0,0.0,0.0,0.0,0.0,0.0,0.0,0.0,0.0,0.0,0.0,0.0,0.0,0.0,0.0,0.0,0.0,0.0,0.0,0.0,0.0,0.0,0.0,0.0,0.0,0.0,0.0,0.0,0.0,False,False
2015-12-07,0.0,0.0,0.0,0.0,0.0,0.0,0.0,0.0,0.0,0.0,0.0,0.0,0.0,0.0,0.0,0.0,0.0,0.0,0.0,0.0,0.0,0.0,0.0,0.0,0.0,0.0,0.0,0.0,0.0,0.0,False,False
2015-12-08,0.0,0.0,0.0,0.0,0.0,0.0,0.0,0.0,0.0,0.0,0.0,0.0,0.0,0.0,0.0,0.0,0.0,0.0,0.0,0.0,0.0,0.0,0.0,0.0,0.0,0.0,0.0,0.0,0.0,0.0,False,False
2015-12-09,0.0,0.0,0.0,0.0,0.0,0.0,0.0,0.0,0.0,0.0,0.0,0.0,0.0,0.0,0.0,0.0,0.0,0.0,0.0,0.0,0.0,0.0,0.0,0.0,0.0,0.0,0.0,0.0,0.0,0.0,False,False
2015-12-10,0.0,0.0,0.0,0.0,0.0,0.0,0.0,0.0,0.0,0.0,0.0,0.0,0.0,0.0,0.0,0.0,0.0,0.0,0.0,0.0,0.0,0.0,0.0,0.0,0.0,0.0,0.0,0.0,0.0,0.0,False,False
2015-12-11,0.0,0.0,0.0,0.0,0.0,0.0,0.0,0.0,0.0,0.0,0.0,0.0,0.0,0.0,0.0,0.0,0.0,0.0,0.0,0.0,0.0,0.0,0.0,0.0,0.0,0.0,0.0,0.0,0.0,0.0,False,False
2015-12-14,0.0,0.0,0.0,0.0,0.0,0.0,0.0,0.0,0.0,0.0,0.0,0.0,0.0,0.0,0.0,0.0,0.0,0.0,0.0,0.0,0.0,0.0,0.0,0.0,0.0,0.0,0.0,0.0,0.0,0.0,False,False
2015-12-15,0.0,0.0,0.0,0.0,0.0,0.0,0.0,0.0,0.0,0.0,0.0,0.0,0.0,0.0,0.0,0.0,0.0,0.0,0.0,0.0,0.0,0.0,0.0,0.0,0.0,0.0,0.0,0.0,0.0,0.0,False,False
2015-12-16,0.0,0.0,0.0,0.0,0.0,0.0,0.0,0.0,0.0,0.0,0.0,0.0,0.0,0.0,0.0,0.0,0.0,0.0,0.0,0.0,0.0,0.0,0.0,0.0,0.0,0.0,0.0,0.0,0.0,0.0,False,False
2015-12-17,0.0,0.0,0.0,0.0,0.0,0.0,0.0,0.0,0.0,0.0,0.0,0.0,0.0,0.0,0.0,0.0,0.0,0.0,0.0,0.0,0.0,0.0,0.0,0.0,0.0,0.0,0.0,0.0,0.0,0.0,False,False
2015-12-18,0.0,0.0,0.0,0.0,0.0,0.0,0.0,0.0,0.0,0.0,0.0,0.0,0.0,0.0,0.0,0.0,0.0,0.0,0.0,0.0,0.0,0.0,0.0,0.0,0.0,0.0,0.0,0.0,0.0,0.0,False,False
2015-12-21,0.0,0.0,0.0,0.0,0.0,0.0,0.0,0.0,0.0,0.0,0.0,0.0,0.0,0.0,0.0,0.0,0.0,0.0,0.0,0.0,0.0,0.0,0.0,0.0,0.0,0.0,0.0,0.0,0.0,0.0,False,False
2015-12-22,0.0,0.0,0.0,0.0,0.0,0.0,0.0,0.0,0.0,0.0,0.0,0.0,0.0,0.0,0.0,0.0,0.0,0.0,0.0,0.0,0.0,0.0,0.0,0.0,0.0,0.0,0.0,0.0,0.0,0.0,False,False
2015-12-23,0.0,0.0,0.0,0.0,0.0,0.0,0.0,0.0,0.0,0.0,0.0,0.0,0.0,0.0,0.0,0.0,0.0,0.0,0.0,0.0,0.0,0.0,0.0,0.0,0.0,0.0,0.0,0.0,0.0,0.0,False,False
2015-12-24,0.0,0.0,0.0,0.0,0.0,0.0,0.0,0.0,0.0,0.0,0.0,0.0,0.0,0.0,0.0,0.0,0.0,0.0,0.0,0.0,0.0,0.0,0.0,0.0,0.0,0.0,0.0,0.0,0.0,0.0,False,False
2015-12-28,0.0,0.0,0.0,0.0,0.0,0.0,0.0,0.0,0.0,0.0,0.0,0.0,0.0,0.0,0.0,0.0,0.0,0.0,0.0,0.0,0.0,0.0,0.0,0.0,0.0,0.0,0.0,0.0,0.0,0.0,False,False
2015-12-29,0.0,0.0,0.0,0.0,0.0,0.0,0.0,0.0,0.0,0.0,0.0,0.0,0.0,0.0,0.0,0.0,0.0,0.0,0.0,0.0,0.0,0.0,0.0,0.0,0.0,0.0,0.0,0.0,0.0,0.0,False,False
2015-12-30,0.0,0.0,0.0,0.0,0.0,0.0,0.0,0.0,0.0,0.0,0.0,0.0,0.0,0.0,0.0,0.0,0.0,0.0,0.0,0.0,0.0,0.0,0.0,0.0,0.0,0.0,0.0,0.0,0.0,0.0,False,False
2015-12-31,0.0,0.0,0.0,0.0,0.0,0.0,0.0,0.0,0.0,0.0,0.0,0.0,0.0,0.0,0.0,0.0,0.0,0.0,0.0,0.0,0.0,0.0,0.0,0.0,0.0,0.0,0.0,0.0,0.0,0.0,False,False
2016-01-04,0.0,0.0,0.0,0.0,0.0,0.0,0.0,0.0,0.0,0.0,0.0,0.0,0.0,0.0,0.0,0.0,0.0,0.0,0.0,0.0,0.0,0.0,0.0,0.0,0.0,0.0,0.0,0.0,0.0,0.0,False,False
2016-01-05,0.0,0.0,0.0,0.0,0.0,0.0,0.0,0.0,0.0,0.0,0.0,0.0,0.0,0.0,0.0,0.0,0.0,0.0,0.0,0.0,0.0,0.0,0.0,0.0,0.0,0.0,0.0,0.0,0.0,0.0,False,False
2016-01-06,0.0,0.0,0.0,0.0,0.0,0.0,0.0,0.0,0.0,0.0,0.0,0.0,0.0,0.0,0.0,0.0,0.0,0.0,0.0,0.0,0.0,0.0,0.0,0.0,0.0,0.0,0.0,0.0,0.0,0.0,False,False
2016-01-07,0.0,0.0,0.0,0.0,0.0,0.0,0.0,0.0,0.0,0.0,0.0,0.0,0.0,0.0,0.0,0.0,0.0,0.0,0.0,0.0,0.0,0.0,0.0,0.0,0.0,0.0,0.0,0.0,0.0,0.0,False,False
2016-01-08,0.0,0.0,0.0,0.0,0.0,0.0,0.0,0.0,0.0,0.0,0.0,0.0,0.0,0.0,0.0,0.0,0.0,0.0,0.0,0.0,0.0,0.0,0.0,0.0,0.0,0.0,0.0,0.0,0.0,0.0,False,False
2016-01-11,0.0,0.0,0.0,0.0,0.0,0.0,0.0,0.0,0.0,0.0,0.0,0.0,0.0,0.0,0.0,0.0,0.0,0.0,0.0,0.0,0.0,0.0,0.0,0.0,0.0,0.0,0.0,0.0,0.0,0.0,False,False
2016-01-12,0.0,0.0,0.0,0.0,0.0,0.0,0.0,0.0,0.0,0.0,0.0,0.0,0.0,0.0,0.0,0.0,0.0,0.0,0.0,0.0,0.0,0.0,0.0,0.0,0.0,0.0,0.0,0.0,0.0,0.0,False,False
2016-01-13,0.0,0.0,0.0,0.0,0.0,0.0,0.0,0.0,0.0,0.0,0.0,0.0,0.0,0.0,0.0,0.0,0.0,0.0,0.0,0.0,0.0,0.0,0.0,0.0,0.0,0.0,0.0,0.0,0.0,0.0,False,False
2016-01-14,0.0,0.0,0.0,0.0,0.0,0.0,0.0,0.0,0.0,0.0,0.0,0.0,0.0,0.0,0.0,0.0,0.0,0.0,0.0,0.0,0.0,0.0,0.0,0.0,0.0,0.0,0.0,0.0,0.0,0.0,False,False
2016-01-15,0.0,0.0,0.0,0.0,0.0,0.0,0.0,0.0,0.0,0.0,0.0,0.0,0.0,0.0,0.0,0.0,0.0,0.0,0.0,0.0,0.0,0.0,0.0,0.0,0.0,0.0,0.0,0.0,0.0,0.0,False,False
2016-01-19,0.0,0.0,0.0,0.0,0.0,0.0,0.0,0.0,0.0,0.0,0.0,0.0,0.0,0.0,0.0,0.0,0.0,0.0,0.0,0.0,0.0,0.0,0.0,0.0,0.0,0.0,0.0,0.0,0.0,0.0,False,False
2016-01-20,0.0,0.0,0.0,0.0,0.0,0.0,0.0,0.0,0.0,0.0,0.0,0.0,0.0,0.0,0.0,0.0,0.0,0.0,0.0,0.0,0.0,0.0,0.0,0.0,0.0,0.0,0.0,0.0,0.0,0.0,False,False
2016-01-21,0.0,0.0,0.0,0.0,0.0,0.0,0.0,0.0,0.0,0.0,0.0,0.0,0.0,0.0,0.0,0.0,0.0,0.0,0.0,0.0,0.0,0.0,0.0,0.0,0.0,0.0,0.0,0.0,0.0,0.0,False,False
2016-01-22,0.0,0.0,0.0,0.0,0.0,0.0,0.0,0.0,0.0,0.0,0.0,0.0,0.0,0.0,0.0,0.0,0.0,0.0,0.0,0.0,0.0,0.0,0.0,0.0,0.0,0.0,0.0,0.0,0.0,0.0,False,False
2016-01-25,0.0,0.0,0.0,0.0,0.0,0.0,0.0,0.0,0.0,0.0,0.0,0.0,0.0,0.0,0.0,0.0,0.0,0.0,0.0,0.0,0.0,0.0,0.0,0.0,0.0,0.0,0.0,0.0,0.0,0.0,False,False
2016-01-26,0.0,0.0,0.0,0.0,0.0,0.0,0.0,0.0,0.0,0.0,0.0,0.0,0.0,0.0,0.0,0.0,0.0,0.0,0.0,0.0,0.0,0.0,0.0,0.0,0.0,0.0,0.0,0.0,0.0,0.0,False,False
2016-01-27,0.0,0.0,0.0,0.0,0.0,0.0,0.0,0.0,0.0,0.0,0.0,0.0,0.0,0.0,0.0,0.0,0.0,0.0,0.0,0.0,0.0,0.0,0.0,0.0,0.0,0.0,0.0,0.0,0.0,0.0,False,False
2016-01-28,0.0,0.0,0.0,0.0,0.0,0.0,0.0,0.0,0.0,0.0,0.0,0.0,0.0,0.0,0.0,0.0,0.0,0.0,0.0,0.0,0.0,0.0,0.0,0.0,0.0,0.0,0.0,0.0,0.0,0.0,False,False
2016-01-29,0.0,0.0,0.0,0.0,0.0,0.0,0.0,0.0,0.0,0.0,0.0,0.0,0.0,0.0,0.0,0.0,0.0,0.0,0.0,0.0,0.0,0.0,0.0,0.0,0.0,0.0,0.0,0.0,0.0,0.0,False,False
2016-02-01,0.0,0.0,0.0,0.0,0.0,0.0,0.0,0.0,0.0,0.0,0.0,0.0,0.0,0.0,0.0,0.0,0.0,0.0,0.0,0.0,0.0,0.0,0.0,0.0,0.0,0.0,0.0,0.0,0.0,0.0,False,False
2016-02-02,0.0,0.0,0.0,0.0,0.0,0.0,0.0,0.0,0.0,0.0,0.0,0.0,0.0,0.0,0.0,0.0,0.0,0.0,0.0,0.0,0.0,0.0,0.0,0.0,0.0,0.0,0.0,0.0,0.0,0.0,False,False
2016-02-03,0.0,0.0,0.0,0.0,0.0,0.0,0.0,0.0,0.0,0.0,0.0,0.0,0.0,0.0,0.0,0.0,0.0,0.0,0.0,0.0,0.0,0.0,0.0,0.0,0.0,0.0,0.0,0.0,0.0,0.0,False,False
2016-02-04,0.0,0.0,0.0,0.0,0.0,0.0,0.0,0.0,0.0,0.0,0.0,0.0,0.0,0.0,0.0,0.0,0.0,0.0,0.0,0.0,0.0,0.0,0.0,0.0,0.0,0.0,0.0,0.0,0.0,0.0,False,False
2016-02-05,0.0,0.0,0.0,0.0,0.0,0.0,0.0,0.0,0.0,0.0,0.0,0.0,0.0,0.0,0.0,0.0,0.0,0.0,0.0,0.0,0.0,0.0,0.0,0.0,0.0,0.0,0.0,0.0,0.0,0.0,False,False
2016-02-08,0.0,0.0,0.0,0.0,0.0,0.0,0.0,0.0,0.0,0.0,0.0,0.0,0.0,0.0,0.0,0.0,0.0,0.0,0.0,0.0,0.0,0.0,0.0,0.0,0.0,0.0,0.0,0.0,0.0,0.0,False,False
2016-02-09,0.0,0.0,0.0,0.0,0.0,0.0,0.0,0.0,0.0,0.0,0.0,0.0,0.0,0.0,0.0,0.0,0.0,0.0,0.0,0.0,0.0,0.0,0.0,0.0,0.0,0.0,0.0,0.0,0.0,0.0,False,False
2016-02-10,0.0,0.0,0.0,0.0,0.0,0.0,0.0,0.0,0.0,0.0,0.0,0.0,0.0,0.0,0.0,0.0,0.0,0.0,0.0,0.0,0.0,0.0,0.0,0.0,0.0,0.0,0.0,0.0,0.0,0.0,False,False
2016-02-11,0.0,0.0,0.0,0.0,0.0,0.0,0.0,0.0,0.0,0.0,0.0,0.0,0.0,0.0,0.0,0.0,0.0,0.0,0.0,0.0,0.0,0.0,0.0,0.0,0.0,0.0,0.0,0.0,0.0,0.0,False,False
2016-02-12,0.0,0.0,0.0,0.0,0.0,0.0,0.0,0.0,0.0,0.0,0.0,0.0,0.0,0.0,0.0,0.0,0.0,0.0,0.0,0.0,0.0,0.0,0.0,0.0,0.0,0.0,0.0,0.0,0.0,0.0,False,False
2016-02-16,0.0,0.0,0.0,0.0,0.0,0.0,0.0,0.0,0.0,0.0,0.0,0.0,0.0,0.0,0.0,0.0,0.0,0.0,0.0,0.0,0.0,0.0,0.0,0.0,0.0,0.0,0.0,0.0,0.0,0.0,False,False
2016-02-17,0.0,0.0,0.0,0.0,0.0,0.0,0.0,0.0,0.0,0.0,0.0,0.0,0.0,0.0,0.0,0.0,0.0,0.0,0.0,0.0,0.0,0.0,0.0,0.0,0.0,0.0,0.0,0.0,0.0,0.0,False,False
2016-02-18,0.0,0.0,0.0,0.0,0.0,0.0,0.0,0.0,0.0,0.0,0.0,0.0,0.0,0.0,0.0,0.0,0.0,0.0,0.0,0.0,0.0,0.0,0.0,0.0,0.0,0.0,0.0,0.0,0.0,0.0,False,False
2016-02-19,0.0,0.0,0.0,0.0,0.0,0.0,0.0,0.0,0.0,0.0,0.0,0.0,0.0,0.0,0.0,0.0,0.0,0.0,0.0,0.0,0.0,0.0,0.0,0.0,0.0,0.0,0.0,0.0,0.0,0.0,False,False
2016-02-22,0.0,0.0,0.0,0.0,0.0,0.0,0.0,0.0,0.0,0.0,0.0,0.0,0.0,0.0,0.0,0.0,0.0,0.0,0.0,0.0,0.0,0.0,0.0,0.0,0.0,0.0,0.0,0.0,0.0,0.0,False,False
2016-02-23,0.0,0.0,0.0,0.0,0.0,0.0,0.0,0.0,0.0,0.0,0.0,0.0,0.0,0.0,0.0,0.0,0.0,0.0,0.0,0.0,0.0,0.0,0.0,0.0,0.0,0.0,0.0,0.0,0.0,0.0,False,False
2016-02-24,0.0,0.0,0.0,0.0,0.0,0.0,0.0,0.0,0.0,0.0,0.0,0.0,0.0,0.0,0.0,0.0,0.0,0.0,0.0,0.0,0.0,0.0,0.0,0.0,0.0,0.0,0.0,0.0,0.0,0.0,False,False
2016-02-25,0.0,0.0,0.0,0.0,0.0,0.0,0.0,0.0,0.0,0.0,0.0,0.0,0.0,0.0,0.0,0.0,0.0,0.0,0.0,0.0,0.0,0.0,0.0,0.0,0.0,0.0,0.0,0.0,0.0,0.0,False,False
2016-02-26,0.0,0.0,0.0,0.0,0.0,0.0,0.0,0.0,0.0,0.0,0.0,0.0,0.0,0.0,0.0,0.0,0.0,0.0,0.0,0.0,0.0,0.0,0.0,0.0,0.0,0.0,0.0,0.0,0.0,0.0,False,False
2016-02-29,0.0,0.0,0.0,0.0,0.0,0.0,0.0,0.0,0.0,0.0,0.0,0.0,0.0,0.0,0.0,0.0,0.0,0.0,0.0,0.0,0.0,0.0,0.0,0.0,0.0,0.0,0.0,0.0,0.0,0.0,False,False
2016-03-01,0.0,0.0,0.0,0.0,0.0,0.0,0.0,0.0,0.0,0.0,0.0,0.0,0.0,0.0,0.0,0.0,0.0,0.0,0.0,0.0,0.0,0.0,0.0,0.0,0.0,0.0,0.0,0.0,0.0,0.0,False,False
2016-03-02,0.0,0.0,0.0,0.0,0.0,0.0,0.0,0.0,0.0,0.0,0.0,0.0,0.0,0.0,0.0,0.0,0.0,0.0,0.0,0.0,0.0,0.0,0.0,0.0,0.0,0.0,0.0,0.0,0.0,0.0,False,False
2016-03-03,0.0,0.0,0.0,0.0,0.0,0.0,0.0,0.0,0.0,0.0,0.0,0.0,0.0,0.0,0.0,0.0,0.0,0.0,0.0,0.0,0.0,0.0,0.0,0.0,0.0,0.0,0.0,0.0,0.0,0.0,False,False
2016-03-04,0.0,0.0,0.0,0.0,0.0,0.0,0.0,0.0,0.0,0.0,0.0,0.0,0.0,0.0,0.0,0.0,0.0,0.0,0.0,0.0,0.0,0.0,0.0,0.0,0.0,0.0,0.0,0.0,0.0,0.0,False,False
2016-03-07,0.0,0.0,0.0,0.0,0.0,0.0,0.0,0.0,0.0,0.0,0.0,0.0,0.0,0.0,0.0,0.0,0.0,0.0,0.0,0.0,0.0,0.0,0.0,0.0,0.0,0.0,0.0,0.0,0.0,0.0,False,False
2016-03-08,0.0,0.0,0.0,0.0,0.0,0.0,0.0,0.0,0.0,0.0,0.0,0.0,0.0,0.0,0.0,0.0,0.0,0.0,0.0,0.0,0.0,0.0,0.0,0.0,0.0,0.0,0.0,0.0,0.0,0.0,False,False
2016-03-09,0.0,0.0,0.0,0.0,0.0,0.0,0.0,0.0,0.0,0.0,0.0,0.0,0.0,0.0,0.0,0.0,0.0,0.0,0.0,0.0,0.0,0.0,0.0,0.0,0.0,0.0,0.0,0.0,0.0,0.0,False,False
2016-03-10,0.0,0.0,0.0,0.0,0.0,0.0,0.0,0.0,0.0,0.0,0.0,0.0,0.0,0.0,0.0,0.0,0.0,0.0,0.0,0.0,0.0,0.0,0.0,0.0,0.0,0.0,0.0,0.0,0.0,0.0,False,False
2016-03-11,0.0,0.0,0.0,0.0,0.0,0.0,0.0,0.0,0.0,0.0,0.0,0.0,0.0,0.0,0.0,0.0,0.0,0.0,0.0,0.0,0.0,0.0,0.0,0.0,0.0,0.0,0.0,0.0,0.0,0.0,False,False
2016-03-14,0.0,0.0,0.0,0.0,0.0,0.0,0.0,0.0,0.0,0.0,0.0,0.0,0.0,0.0,0.0,0.0,0.0,0.0,0.0,0.0,0.0,0.0,0.0,0.0,0.0,0.0,0.0,0.0,0.0,0.0,False,False
2016-03-15,0.0,0.0,0.0,0.0,0.0,0.0,0.0,0.0,0.0,0.0,0.0,0.0,0.0,0.0,0.0,0.0,0.0,0.0,0.0,0.0,0.0,0.0,0.0,0.0,0.0,0.0,0.0,0.0,0.0,0.0,False,False
2016-03-16,0.0,0.0,0.0,0.0,0.0,0.0,0.0,0.0,0.0,0.0,0.0,0.0,0.0,0.0,0.0,0.0,0.0,0.0,0.0,0.0,0.0,0.0,0.0,0.0,0.0,0.0,0.0,0.0,0.0,0.0,False,False
2016-03-17,0.0,0.0,0.0,0.0,0.0,0.0,0.0,0.0,0.0,0.0,0.0,0.0,0.0,0.0,0.0,0.0,0.0,0.0,0.0,0.0,0.0,0.0,0.0,0.0,0.0,0.0,0.0,0.0,0.0,0.0,False,False
2016-03-18,0.0,0.0,0.0,0.0,0.0,0.0,0.0,0.0,0.0,0.0,0.0,0.0,0.0,0.0,0.0,0.0,0.0,0.0,0.0,0.0,0.0,0.0,0.0,0.0,0.0,0.0,0.0,0.0,0.0,0.0,False,False
2016-03-21,0.0,0.0,0.0,0.0,0.0,0.0,0.0,0.0,0.0,0.0,0.0,0.0,0.0,0.0,0.0,0.0,0.0,0.0,0.0,0.0,0.0,0.0,0.0,0.0,0.0,0.0,0.0,0.0,0.0,0.0,False,False
2016-03-22,0.0,0.0,0.0,0.0,0.0,0.0,0.0,0.0,0.0,0.0,0.0,0.0,0.0,0.0,0.0,0.0,0.0,0.0,0.0,0.0,0.0,0.0,0.0,0.0,0.0,0.0,0.0,0.0,0.0,0.0,False,False
2016-03-23,0.0,0.0,0.0,0.0,0.0,0.0,0.0,0.0,0.0,0.0,0.0,0.0,0.0,0.0,0.0,0.0,0.0,0.0,0.0,0.0,0.0,0.0,0.0,0.0,0.0,0.0,0.0,0.0,0.0,0.0,False,False
2016-03-24,0.0,0.0,0.0,0.0,0.0,0.0,0.0,0.0,0.0,0.0,0.0,0.0,0.0,0.0,0.0,0.0,0.0,0.0,0.0,0.0,0.0,0.0,0.0,0.0,0.0,0.0,0.0,0.0,0.0,0.0,False,False
2016-03-28,0.0,0.0,0.0,0.0,0.0,0.0,0.0,0.0,0.0,0.0,0.0,0.0,0.0,0.0,0.0,0.0,0.0,0.0,0.0,0.0,0.0,0.0,0.0,0.0,0.0,0.0,0.0,0.0,0.0,0.0,False,False
2016-03-29,0.0,0.0,0.0,0.0,0.0,0.0,0.0,0.0,0.0,0.0,0.0,0.0,0.0,0.0,0.0,0.0,0.0,0.0,0.0,0.0,0.0,0.0,0.0,0.0,0.0,0.0,0.0,0.0,0.0,0.0,False,False
2016-03-30,0.0,0.0,0.0,0.0,0.0,0.0,0.0,0.0,0.0,0.0,0.0,0.0,0.0,0.0,0.0,0.0,0.0,0.0,0.0,0.0,0.0,0.0,0.0,0.0,0.0,0.0,0.0,0.0,0.0,0.0,False,False
2016-03-31,0.0,0.0,0.0,0.0,0.0,0.0,0.0,0.0,0.0,0.0,0.0,0.0,0.0,0.0,0.0,0.0,0.0,0.0,0.0,0.0,0.0,0.0,0.0,0.0,0.0,0.0,0.0,0.0,0.0,0.0,False,False
2016-04-01,0.0,0.0,0.0,0.0,0.0,0.0,0.0,0.0,0.0,0.0,0.0,0.0,0.0,0.0,0.0,0.0,0.0,0.0,0.0,0.0,0.0,0.0,0.0,0.0,0.0,0.0,0.0,0.0,0.0,0.0,False,False
2016-04-04,0.0,0.0,0.0,0.0,0.0,0.0,0.0,0.0,0.0,0.0,0.0,0.0,0.0,0.0,0.0,0.0,0.0,0.0,0.0,0.0,0.0,0.0,0.0,0.0,0.0,0.0,0.0,0.0,0.0,0.0,False,False
2016-04-05,0.0,0.0,0.0,0.0,0.0,0.0,0.0,0.0,0.0,0.0,0.0,0.0,0.0,0.0,0.0,0.0,0.0,0.0,0.0,0.0,0.0,0.0,0.0,0.0,0.0,0.0,0.0,0.0,0.0,0.0,False,False
2016-04-06,0.0,0.0,0.0,0.0,0.0,0.0,0.0,0.0,0.0,0.0,0.0,0.0,0.0,0.0,0.0,0.0,0.0,0.0,0.0,0.0,0.0,0.0,0.0,0.0,0.0,0.0,0.0,0.0,0.0,0.0,False,False
2016-04-07,0.0,0.0,0.0,0.0,0.0,0.0,0.0,0.0,0.0,0.0,0.0,0.0,0.0,0.0,0.0,0.0,0.0,0.0,0.0,0.0,0.0,0.0,0.0,0.0,0.0,0.0,0.0,0.0,0.0,0.0,False,False
2016-04-08,0.0,0.0,0.0,0.0,0.0,0.0,0.0,0.0,0.0,0.0,0.0,0.0,0.0,0.0,0.0,0.0,0.0,0.0,0.0,0.0,0.0,0.0,0.0,0.0,0.0,0.0,0.0,0.0,0.0,0.0,False,False
2016-04-11,0.0,0.0,0.0,0.0,0.0,0.0,0.0,0.0,0.0,0.0,0.0,0.0,0.0,0.0,0.0,0.0,0.0,0.0,0.0,0.0,0.0,0.0,0.0,0.0,0.0,0.0,0.0,0.0,0.0,0.0,False,False
2016-04-12,0.0,0.0,0.0,0.0,0.0,0.0,0.0,0.0,0.0,0.0,0.0,0.0,0.0,0.0,0.0,0.0,0.0,0.0,0.0,0.0,0.0,0.0,0.0,0.0,0.0,0.0,0.0,0.0,0.0,0.0,False,False
2016-04-13,0.0,0.0,0.0,0.0,0.0,0.0,0.0,0.0,0.0,0.0,0.0,0.0,0.0,0.0,0.0,0.0,0.0,0.0,0.0,0.0,0.0,0.0,0.0,0.0,0.0,0.0,0.0,0.0,0.0,0.0,False,False
2016-04-14,0.0,0.0,0.0,0.0,0.0,0.0,0.0,0.0,0.0,0.0,0.0,0.0,0.0,0.0,0.0,0.0,0.0,0.0,0.0,0.0,0.0,0.0,0.0,0.0,0.0,0.0,0.0,0.0,0.0,0.0,False,False
2016-04-15,0.0,0.0,0.0,0.0,0.0,0.0,0.0,0.0,0.0,0.0,0.0,0.0,0.0,0.0,0.0,0.0,0.0,0.0,0.0,0.0,0.0,0.0,0.0,0.0,0.0,0.0,0.0,0.0,0.0,0.0,False,False
2016-04-18,0.0,0.0,0.0,0.0,0.0,0.0,0.0,0.0,0.0,0.0,0.0,0.0,0.0,0.0,0.0,0.0,0.0,0.0,0.0,0.0,0.0,0.0,0.0,0.0,0.0,0.0,0.0,0.0,0.0,0.0,False,False
2016-04-19,0.0,0.0,0.0,0.0,0.0,0.0,0.0,0.0,0.0,0.0,0.0,0.0,0.0,0.0,0.0,0.0,0.0,0.0,0.0,0.0,0.0,0.0,0.0,0.0,0.0,0.0,0.0,0.0,0.0,0.0,False,False
2016-04-20,0.0,0.0,0.0,0.0,0.0,0.0,0.0,0.0,0.0,0.0,0.0,0.0,0.0,0.0,0.0,0.0,0.0,0.0,0.0,0.0,0.0,0.0,0.0,0.0,0.0,0.0,0.0,0.0,0.0,0.0,False,False
2016-04-21,0.0,0.0,0.0,0.0,0.0,0.0,0.0,0.0,0.0,0.0,0.0,0.0,0.0,0.0,0.0,0.0,0.0,0.0,0.0,0.0,0.0,0.0,0.0,0.0,0.0,0.0,0.0,0.0,0.0,0.0,False,False
2016-04-22,0.0,0.0,0.0,0.0,0.0,0.0,0.0,0.0,0.0,0.0,0.0,0.0,0.0,0.0,0.0,0.0,0.0,0.0,0.0,0.0,0.0,0.0,0.0,0.0,0.0,0.0,0.0,0.0,0.0,0.0,False,False
2016-04-25,0.0,0.0,0.0,0.0,0.0,0.0,0.0,0.0,0.0,0.0,0.0,0.0,0.0,0.0,0.0,0.0,0.0,0.0,0.0,0.0,0.0,0.0,0.0,0.0,0.0,0.0,0.0,0.0,0.0,0.0,False,False
2016-04-26,0.0,0.0,0.0,0.0,0.0,0.0,0.0,0.0,0.0,0.0,0.0,0.0,0.0,0.0,0.0,0.0,0.0,0.0,0.0,0.0,0.0,0.0,0.0,0.0,0.0,0.0,0.0,0.0,0.0,0.0,False,False
2016-04-27,0.0,0.0,0.0,0.0,0.0,0.0,0.0,0.0,0.0,0.0,0.0,0.0,0.0,0.0,0.0,0.0,0.0,0.0,0.0,0.0,0.0,0.0,0.0,0.0,0.0,0.0,0.0,0.0,0.0,0.0,False,False
2016-04-28,0.0,0.0,0.0,0.0,0.0,0.0,0.0,0.0,0.0,0.0,0.0,0.0,0.0,0.0,0.0,0.0,0.0,0.0,0.0,0.0,0.0,0.0,0.0,0.0,0.0,0.0,0.0,0.0,0.0,0.0,False,False
2016-04-29,0.0,0.0,0.0,0.0,0.0,0.0,0.0,0.0,0.0,0.0,0.0,0.0,0.0,0.0,0.0,0.0,0.0,0.0,0.0,0.0,0.0,0.0,0.0,0.0,0.0,0.0,0.0,0.0,0.0,0.0,False,False
2016-05-02,0.0,0.0,0.0,0.0,0.0,0.0,0.0,0.0,0.0,0.0,0.0,0.0,0.0,0.0,0.0,0.0,0.0,0.0,0.0,0.0,0.0,0.0,0.0,0.0,0.0,0.0,0.0,0.0,0.0,0.0,False,False
2016-05-03,0.0,0.0,0.0,0.0,0.0,0.0,0.0,0.0,0.0,0.0,0.0,0.0,0.0,0.0,0.0,0.0,0.0,0.0,0.0,0.0,0.0,0.0,0.0,0.0,0.0,0.0,0.0,0.0,0.0,0.0,False,False
2016-05-04,0.0,0.0,0.0,0.0,0.0,0.0,0.0,0.0,0.0,0.0,0.0,0.0,0.0,0.0,0.0,0.0,0.0,0.0,0.0,0.0,0.0,0.0,0.0,0.0,0.0,0.0,0.0,0.0,0.0,0.0,False,False
2016-05-05,0.0,0.0,0.0,0.0,0.0,0.0,0.0,0.0,0.0,0.0,0.0,0.0,0.0,0.0,0.0,0.0,0.0,0.0,0.0,0.0,0.0,0.0,0.0,0.0,0.0,0.0,0.0,0.0,0.0,0.0,False,False
2016-05-06,0.0,0.0,0.0,0.0,0.0,0.0,0.0,0.0,0.0,0.0,0.0,0.0,0.0,0.0,0.0,0.0,0.0,0.0,0.0,0.0,0.0,0.0,0.0,0.0,0.0,0.0,0.0,0.0,0.0,0.0,False,False
2016-05-09,0.0,0.0,0.0,0.0,0.0,0.0,0.0,0.0,0.0,0.0,0.0,0.0,0.0,0.0,0.0,0.0,0.0,0.0,0.0,0.0,0.0,0.0,0.0,0.0,0.0,0.0,0.0,0.0,0.0,0.0,False,False
2016-05-10,0.0,0.0,0.0,0.0,0.0,0.0,0.0,0.0,0.0,0.0,0.0,0.0,0.0,0.0,0.0,0.0,0.0,0.0,0.0,0.0,0.0,0.0,0.0,0.0,0.0,0.0,0.0,0.0,0.0,0.0,False,False
2016-05-11,0.0,0.0,0.0,0.0,0.0,0.0,0.0,0.0,0.0,0.0,0.0,0.0,0.0,0.0,0.0,0.0,0.0,0.0,0.0,0.0,0.0,0.0,0.0,0.0,0.0,0.0,0.0,0.0,0.0,0.0,False,False
2016-05-12,0.0,0.0,0.0,0.0,0.0,0.0,0.0,0.0,0.0,0.0,0.0,0.0,0.0,0.0,0.0,0.0,0.0,0.0,0.0,0.0,0.0,0.0,0.0,0.0,0.0,0.0,0.0,0.0,0.0,0.0,False,False
2016-05-13,0.0,0.0,0.0,0.0,0.0,0.0,0.0,0.0,0.0,0.0,0.0,0.0,0.0,0.0,0.0,0.0,0.0,0.0,0.0,0.0,0.0,0.0,0.0,0.0,0.0,0.0,0.0,0.0,0.0,0.0,False,False
2016-05-16,0.0,0.0,0.0,0.0,0.0,0.0,0.0,0.0,0.0,0.0,0.0,0.0,0.0,0.0,0.0,0.0,0.0,0.0,0.0,0.0,0.0,0.0,0.0,0.0,0.0,0.0,0.0,0.0,0.0,0.0,False,False
2016-05-17,0.0,0.0,0.0,0.0,0.0,0.0,0.0,0.0,0.0,0.0,0.0,0.0,0.0,0.0,0.0,0.0,0.0,0.0,0.0,0.0,0.0,0.0,0.0,0.0,0.0,0.0,0.0,0.0,0.0,0.0,False,False
2016-05-18,0.0,0.0,0.0,0.0,0.0,0.0,0.0,0.0,0.0,0.0,0.0,0.0,0.0,0.0,0.0,0.0,0.0,0.0,0.0,0.0,0.0,0.0,0.0,0.0,0.0,0.0,0.0,0.0,0.0,0.0,False,False
2016-05-19,0.0,0.0,0.0,0.0,0.0,0.0,0.0,0.0,0.0,0.0,0.0,0.0,0.0,0.0,0.0,0.0,0.0,0.0,0.0,0.0,0.0,0.0,0.0,0.0,0.0,0.0,0.0,0.0,0.0,0.0,False,False
2016-05-20,0.0,0.0,0.0,0.0,0.0,0.0,0.0,0.0,0.0,0.0,0.0,0.0,0.0,0.0,0.0,0.0,0.0,0.0,0.0,0.0,0.0,0.0,0.0,0.0,0.0,0.0,0.0,0.0,0.0,0.0,False,False
2016-05-23,0.0,0.0,0.0,0.0,0.0,0.0,0.0,0.0,0.0,0.0,0.0,0.0,0.0,0.0,0.0,0.0,0.0,0.0,0.0,0.0,0.0,0.0,0.0,0.0,0.0,0.0,0.0,0.0,0.0,0.0,False,False
2016-05-24,0.0,0.0,0.0,0.0,0.0,0.0,0.0,0.0,0.0,0.0,0.0,0.0,0.0,0.0,0.0,0.0,0.0,0.0,0.0,0.0,0.0,0.0,0.0,0.0,0.0,0.0,0.0,0.0,0.0,0.0,False,False
2016-05-25,0.0,0.0,0.0,0.0,0.0,0.0,0.0,0.0,0.0,0.0,0.0,0.0,0.0,0.0,0.0,0.0,0.0,0.0,0.0,0.0,0.0,0.0,0.0,0.0,0.0,0.0,0.0,0.0,0.0,0.0,False,False
2016-05-26,0.0,0.0,0.0,0.0,0.0,0.0,0.0,0.0,0.0,0.0,0.0,0.0,0.0,0.0,0.0,0.0,0.0,0.0,0.0,0.0,0.0,0.0,0.0,0.0,0.0,0.0,0.0,0.0,0.0,0.0,False,False
2016-05-27,0.0,0.0,0.0,0.0,0.0,0.0,0.0,0.0,0.0,0.0,0.0,0.0,0.0,0.0,0.0,0.0,0.0,0.0,0.0,0.0,0.0,0.0,0.0,0.0,0.0,0.0,0.0,0.0,0.0,0.0,False,False
2016-05-31,0.0,0.0,0.0,0.0,0.0,0.0,0.0,0.0,0.0,0.0,0.0,0.0,0.0,0.0,0.0,0.0,0.0,0.0,0.0,0.0,0.0,0.0,0.0,0.0,0.0,0.0,0.0,0.0,0.0,0.0,False,False
2016-06-01,0.0,0.0,0.0,0.0,0.0,0.0,0.0,0.0,0.0,0.0,0.0,0.0,0.0,0.0,0.0,0.0,0.0,0.0,0.0,0.0,0.0,0.0,0.0,0.0,0.0,0.0,0.0,0.0,0.0,0.0,False,False
2016-06-02,0.0,0.0,0.0,0.0,0.0,0.0,0.0,0.0,0.0,0.0,0.0,0.0,0.0,0.0,0.0,0.0,0.0,0.0,0.0,0.0,0.0,0.0,0.0,0.0,0.0,0.0,0.0,0.0,0.0,0.0,False,False
2016-06-03,0.0,0.0,0.0,0.0,0.0,0.0,0.0,0.0,0.0,0.0,0.0,0.0,0.0,0.0,0.0,0.0,0.0,0.0,0.0,0.0,0.0,0.0,0.0,0.0,0.0,0.0,0.0,0.0,0.0,0.0,False,False
2016-06-06,0.0,0.0,0.0,0.0,0.0,0.0,0.0,0.0,0.0,0.0,0.0,0.0,0.0,0.0,0.0,0.0,0.0,0.0,0.0,0.0,0.0,0.0,0.0,0.0,0.0,0.0,0.0,0.0,0.0,0.0,False,False
2016-06-07,0.0,0.0,0.0,0.0,0.0,0.0,0.0,0.0,0.0,0.0,0.0,0.0,0.0,0.0,0.0,0.0,0.0,0.0,0.0,0.0,0.0,0.0,0.0,0.0,0.0,0.0,0.0,0.0,0.0,0.0,False,False
2016-06-08,0.0,0.0,0.0,0.0,0.0,0.0,0.0,0.0,0.0,0.0,0.0,0.0,0.0,0.0,0.0,0.0,0.0,0.0,0.0,0.0,0.0,0.0,0.0,0.0,0.0,0.0,0.0,0.0,0.0,0.0,False,False
2016-06-09,0.0,0.0,0.0,0.0,0.0,0.0,0.0,0.0,0.0,0.0,0.0,0.0,0.0,0.0,0.0,0.0,0.0,0.0,0.0,0.0,0.0,0.0,0.0,0.0,0.0,0.0,0.0,0.0,0.0,0.0,False,False
2016-06-10,0.0,0.0,0.0,0.0,0.0,0.0,0.0,0.0,0.0,0.0,0.0,0.0,0.0,0.0,0.0,0.0,0.0,0.0,0.0,0.0,0.0,0.0,0.0,0.0,0.0,0.0,0.0,0.0,0.0,0.0,False,False
2016-06-13,0.0,0.0,0.0,0.0,0.0,0.0,0.0,0.0,0.0,0.0,0.0,0.0,0.0,0.0,0.0,0.0,0.0,0.0,0.0,0.0,0.0,0.0,0.0,0.0,0.0,0.0,0.0,0.0,0.0,0.0,False,False
2016-06-14,0.0,0.0,0.0,0.0,0.0,0.0,0.0,0.0,0.0,0.0,0.0,0.0,0.0,0.0,0.0,0.0,0.0,0.0,0.0,0.0,0.0,0.0,0.0,0.0,0.0,0.0,0.0,0.0,0.0,0.0,False,False
2016-06-15,0.0,0.0,0.0,0.0,0.0,0.0,0.0,0.0,0.0,0.0,0.0,0.0,0.0,0.0,0.0,0.0,0.0,0.0,0.0,0.0,0.0,0.0,0.0,0.0,0.0,0.0,0.0,0.0,0.0,0.0,False,False
2016-06-16,0.0,0.0,0.0,0.0,0.0,0.0,0.0,0.0,0.0,0.0,0.0,0.0,0.0,0.0,0.0,0.0,0.0,0.0,0.0,0.0,0.0,0.0,0.0,0.0,0.0,0.0,0.0,0.0,0.0,0.0,False,False
2016-06-17,0.0,0.0,0.0,0.0,0.0,0.0,0.0,0.0,0.0,0.0,0.0,0.0,0.0,0.0,0.0,0.0,0.0,0.0,0.0,0.0,0.0,0.0,0.0,0.0,0.0,0.0,0.0,0.0,0.0,0.0,False,False
2016-06-20,0.0,0.0,0.0,0.0,0.0,0.0,0.0,0.0,0.0,0.0,0.0,0.0,0.0,0.0,0.0,0.0,0.0,0.0,0.0,0.0,0.0,0.0,0.0,0.0,0.0,0.0,0.0,0.0,0.0,0.0,False,False
2016-06-21,0.0,0.0,0.0,0.0,0.0,0.0,0.0,0.0,0.0,0.0,0.0,0.0,0.0,0.0,0.0,0.0,0.0,0.0,0.0,0.0,0.0,0.0,0.0,0.0,0.0,0.0,0.0,0.0,0.0,0.0,False,False
2016-06-22,0.0,0.0,0.0,0.0,0.0,0.0,0.0,0.0,0.0,0.0,0.0,0.0,0.0,0.0,0.0,0.0,0.0,0.0,0.0,0.0,0.0,0.0,0.0,0.0,0.0,0.0,0.0,0.0,0.0,0.0,False,False
2016-06-23,0.0,0.0,0.0,0.0,0.0,0.0,0.0,0.0,0.0,0.0,0.0,0.0,0.0,0.0,0.0,0.0,0.0,0.0,0.0,0.0,0.0,0.0,0.0,0.0,0.0,0.0,0.0,0.0,0.0,0.0,False,False
2016-06-24,0.0,0.0,0.0,0.0,0.0,0.0,0.0,0.0,0.0,0.0,0.0,0.0,0.0,0.0,0.0,0.0,0.0,0.0,0.0,0.0,0.0,0.0,0.0,0.0,0.0,0.0,0.0,0.0,0.0,0.0,False,False
2016-06-27,0.0,0.0,0.0,0.0,0.0,0.0,0.0,0.0,0.0,0.0,0.0,0.0,0.0,0.0,0.0,0.0,0.0,0.0,0.0,0.0,0.0,0.0,0.0,0.0,0.0,0.0,0.0,0.0,0.0,0.0,False,False
2016-06-28,0.0,0.0,0.0,0.0,0.0,0.0,0.0,0.0,0.0,0.0,0.0,0.0,0.0,0.0,0.0,0.0,0.0,0.0,0.0,0.0,0.0,0.0,0.0,0.0,0.0,0.0,0.0,0.0,0.0,0.0,False,False
2016-06-29,0.0,0.0,0.0,0.0,0.0,0.0,0.0,0.0,0.0,0.0,0.0,0.0,0.0,0.0,0.0,0.0,0.0,0.0,0.0,0.0,0.0,0.0,0.0,0.0,0.0,0.0,0.0,0.0,0.0,0.0,False,False
2016-06-30,0.0,0.0,0.0,0.0,0.0,0.0,0.0,0.0,0.0,0.0,0.0,0.0,0.0,0.0,0.0,0.0,0.0,0.0,0.0,0.0,0.0,0.0,0.0,0.0,0.0,0.0,0.0,0.0,0.0,0.0,False,False
2016-07-01,0.0,0.0,0.0,0.0,0.0,0.0,0.0,0.0,0.0,0.0,0.0,0.0,0.0,0.0,0.0,0.0,0.0,0.0,0.0,0.0,0.0,0.0,0.0,0.0,0.0,0.0,0.0,0.0,0.0,0.0,False,False
2016-07-05,0.0,0.0,0.0,0.0,0.0,0.0,0.0,0.0,0.0,0.0,0.0,0.0,0.0,0.0,0.0,0.0,0.0,0.0,0.0,0.0,0.0,0.0,0.0,0.0,0.0,0.0,0.0,0.0,0.0,0.0,False,False
2016-07-06,0.0,0.0,0.0,0.0,0.0,0.0,0.0,0.0,0.0,0.0,0.0,0.0,0.0,0.0,0.0,0.0,0.0,0.0,0.0,0.0,0.0,0.0,0.0,0.0,0.0,0.0,0.0,0.0,0.0,0.0,False,False
2016-07-07,0.0,0.0,0.0,0.0,0.0,0.0,0.0,0.0,0.0,0.0,0.0,0.0,0.0,0.0,0.0,0.0,0.0,0.0,0.0,0.0,0.0,0.0,0.0,0.0,0.0,0.0,0.0,0.0,0.0,0.0,False,False
2016-07-08,0.0,0.0,0.0,0.0,0.0,0.0,0.0,0.0,0.0,0.0,0.0,0.0,0.0,0.0,0.0,0.0,0.0,0.0,0.0,0.0,0.0,0.0,0.0,0.0,0.0,0.0,0.0,0.0,0.0,0.0,False,False
2016-07-11,0.0,0.0,0.0,0.0,0.0,0.0,0.0,0.0,0.0,0.0,0.0,0.0,0.0,0.0,0.0,0.0,0.0,0.0,0.0,0.0,0.0,0.0,0.0,0.0,0.0,0.0,0.0,0.0,0.0,0.0,False,False
2016-07-12,0.0,0.0,0.0,0.0,0.0,0.0,0.0,0.0,0.0,0.0,0.0,0.0,0.0,0.0,0.0,0.0,0.0,0.0,0.0,0.0,0.0,0.0,0.0,0.0,0.0,0.0,0.0,0.0,0.0,0.0,False,False
2016-07-13,0.0,0.0,0.0,0.0,0.0,0.0,0.0,0.0,0.0,0.0,0.0,0.0,0.0,0.0,0.0,0.0,0.0,0.0,0.0,0.0,0.0,0.0,0.0,0.0,0.0,0.0,0.0,0.0,0.0,0.0,False,False
2016-07-14,0.0,0.0,0.0,0.0,0.0,0.0,0.0,0.0,0.0,0.0,0.0,0.0,0.0,0.0,0.0,0.0,0.0,0.0,0.0,0.0,0.0,0.0,0.0,0.0,0.0,0.0,0.0,0.0,0.0,0.0,False,False
2016-07-15,0.0,0.0,0.0,0.0,0.0,0.0,0.0,0.0,0.0,0.0,0.0,0.0,0.0,0.0,0.0,0.0,0.0,0.0,0.0,0.0,0.0,0.0,0.0,0.0,0.0,0.0,0.0,0.0,0.0,0.0,False,False
2016-07-18,0.0,0.0,0.0,0.0,0.0,0.0,0.0,0.0,0.0,0.0,0.0,0.0,0.0,0.0,0.0,0.0,0.0,0.0,0.0,0.0,0.0,0.0,0.0,0.0,0.0,0.0,0.0,0.0,0.0,0.0,False,False
2016-07-19,0.0,0.0,0.0,0.0,0.0,0.0,0.0,0.0,0.0,0.0,0.0,0.0,0.0,0.0,0.0,0.0,0.0,0.0,0.0,0.0,0.0,0.0,0.0,0.0,0.0,0.0,0.0,0.0,0.0,0.0,False,False
2016-07-20,0.0,0.0,0.0,0.0,0.0,0.0,0.0,0.0,0.0,0.0,0.0,0.0,0.0,0.0,0.0,0.0,0.0,0.0,0.0,0.0,0.0,0.0,0.0,0.0,0.0,0.0,0.0,0.0,0.0,0.0,False,False
2016-07-21,0.0,0.0,0.0,0.0,0.0,0.0,0.0,0.0,0.0,0.0,0.0,0.0,0.0,0.0,0.0,0.0,0.0,0.0,0.0,0.0,0.0,0.0,0.0,0.0,0.0,0.0,0.0,0.0,0.0,0.0,False,False
2016-07-22,0.0,0.0,0.0,0.0,0.0,0.0,0.0,0.0,0.0,0.0,0.0,0.0,0.0,0.0,0.0,0.0,0.0,0.0,0.0,0.0,0.0,0.0,0.0,0.0,0.0,0.0,0.0,0.0,0.0,0.0,False,False
2016-07-25,0.0,0.0,0.0,0.0,0.0,0.0,0.0,0.0,0.0,0.0,0.0,0.0,0.0,0.0,0.0,0.0,0.0,0.0,0.0,0.0,0.0,0.0,0.0,0.0,0.0,0.0,0.0,0.0,0.0,0.0,False,False
2016-07-26,0.0,0.0,0.0,0.0,0.0,0.0,0.0,0.0,0.0,0.0,0.0,0.0,0.0,0.0,0.0,0.0,0.0,0.0,0.0,0.0,0.0,0.0,0.0,0.0,0.0,0.0,0.0,0.0,0.0,0.0,False,False
2016-07-27,0.0,0.0,0.0,0.0,0.0,0.0,0.0,0.0,0.0,0.0,0.0,0.0,0.0,0.0,0.0,0.0,0.0,0.0,0.0,0.0,0.0,0.0,0.0,0.0,0.0,0.0,0.0,0.0,0.0,0.0,False,False
2016-07-28,0.0,0.0,0.0,0.0,0.0,0.0,0.0,0.0,0.0,0.0,0.0,0.0,0.0,0.0,0.0,0.0,0.0,0.0,0.0,0.0,0.0,0.0,0.0,0.0,0.0,0.0,0.0,0.0,0.0,0.0,False,False
2016-07-29,0.0,0.0,0.0,0.0,0.0,0.0,0.0,0.0,0.0,0.0,0.0,0.0,0.0,0.0,0.0,0.0,0.0,0.0,0.0,0.0,0.0,0.0,0.0,0.0,0.0,0.0,0.0,0.0,0.0,0.0,False,False
2016-08-01,0.0,0.0,0.0,0.0,0.0,0.0,0.0,0.0,0.0,0.0,0.0,0.0,0.0,0.0,0.0,0.0,0.0,0.0,0.0,0.0,0.0,0.0,0.0,0.0,0.0,0.0,0.0,0.0,0.0,0.0,False,False
2016-08-02,0.0,0.0,0.0,0.0,0.0,0.0,0.0,0.0,0.0,0.0,0.0,0.0,0.0,0.0,0.0,0.0,0.0,0.0,0.0,0.0,0.0,0.0,0.0,0.0,0.0,0.0,0.0,0.0,0.0,0.0,False,False
2016-08-03,0.0,0.0,0.0,0.0,0.0,0.0,0.0,0.0,0.0,0.0,0.0,0.0,0.0,0.0,0.0,0.0,0.0,0.0,0.0,0.0,0.0,0.0,0.0,0.0,0.0,0.0,0.0,0.0,0.0,0.0,False,False
2016-08-04,0.0,0.0,0.0,0.0,0.0,0.0,0.0,0.0,0.0,0.0,0.0,0.0,0.0,0.0,0.0,0.0,0.0,0.0,0.0,0.0,0.0,0.0,0.0,0.0,0.0,0.0,0.0,0.0,0.0,0.0,False,False
2016-08-05,0.0,0.0,0.0,0.0,0.0,0.0,0.0,0.0,0.0,0.0,0.0,0.0,0.0,0.0,0.0,0.0,0.0,0.0,0.0,0.0,0.0,0.0,0.0,0.0,0.0,0.0,0.0,0.0,0.0,0.0,False,False
2016-08-08,0.0,0.0,0.0,0.0,0.0,0.0,0.0,0.0,0.0,0.0,0.0,0.0,0.0,0.0,0.0,0.0,0.0,0.0,0.0,0.0,0.0,0.0,0.0,0.0,0.0,0.0,0.0,0.0,0.0,0.0,False,False
2016-08-09,0.0,0.0,0.0,0.0,0.0,0.0,0.0,0.0,0.0,0.0,0.0,0.0,0.0,0.0,0.0,0.0,0.0,0.0,0.0,0.0,0.0,0.0,0.0,0.0,0.0,0.0,0.0,0.0,0.0,0.0,False,False
2016-08-10,0.0,0.0,0.0,0.0,0.0,0.0,0.0,0.0,0.0,0.0,0.0,0.0,0.0,0.0,0.0,0.0,0.0,0.0,0.0,0.0,0.0,0.0,0.0,0.0,0.0,0.0,0.0,0.0,0.0,0.0,False,False
2016-08-11,0.0,0.0,0.0,0.0,0.0,0.0,0.0,0.0,0.0,0.0,0.0,0.0,0.0,0.0,0.0,0.0,0.0,0.0,0.0,0.0,0.0,0.0,0.0,0.0,0.0,0.0,0.0,0.0,0.0,0.0,False,False
2016-08-12,0.0,0.0,0.0,0.0,0.0,0.0,0.0,0.0,0.0,0.0,0.0,0.0,0.0,0.0,0.0,0.0,0.0,0.0,0.0,0.0,0.0,0.0,0.0,0.0,0.0,0.0,0.0,0.0,0.0,0.0,False,False
2016-08-15,0.0,0.0,0.0,0.0,0.0,0.0,0.0,0.0,0.0,0.0,0.0,0.0,0.0,0.0,0.0,0.0,0.0,0.0,0.0,0.0,0.0,0.0,0.0,0.0,0.0,0.0,0.0,0.0,0.0,0.0,False,False
2016-08-16,0.0,0.0,0.0,0.0,0.0,0.0,0.0,0.0,0.0,0.0,0.0,0.0,0.0,0.0,0.0,0.0,0.0,0.0,0.0,0.0,0.0,0.0,0.0,0.0,0.0,0.0,0.0,0.0,0.0,0.0,False,False
2016-08-17,0.0,0.0,0.0,0.0,0.0,0.0,0.0,0.0,0.0,0.0,0.0,0.0,0.0,0.0,0.0,0.0,0.0,0.0,0.0,0.0,0.0,0.0,0.0,0.0,0.0,0.0,0.0,0.0,0.0,0.0,False,False
2016-08-18,0.0,0.0,0.0,0.0,0.0,0.0,0.0,0.0,0.0,0.0,0.0,0.0,0.0,0.0,0.0,0.0,0.0,0.0,0.0,0.0,0.0,0.0,0.0,0.0,0.0,0.0,0.0,0.0,0.0,0.0,False,False
2016-08-19,0.0,0.0,0.0,0.0,0.0,0.0,0.0,0.0,0.0,0.0,0.0,0.0,0.0,0.0,0.0,0.0,0.0,0.0,0.0,0.0,0.0,0.0,0.0,0.0,0.0,0.0,0.0,0.0,0.0,0.0,False,False
2016-08-22,0.0,0.0,0.0,0.0,0.0,0.0,0.0,0.0,0.0,0.0,0.0,0.0,0.0,0.0,0.0,0.0,0.0,0.0,0.0,0.0,0.0,0.0,0.0,0.0,0.0,0.0,0.0,0.0,0.0,0.0,False,False
2016-08-23,0.0,0.0,0.0,0.0,0.0,0.0,0.0,0.0,0.0,0.0,0.0,0.0,0.0,0.0,0.0,0.0,0.0,0.0,0.0,0.0,0.0,0.0,0.0,0.0,0.0,0.0,0.0,0.0,0.0,0.0,False,False
2016-08-24,0.0,0.0,0.0,0.0,0.0,0.0,0.0,0.0,0.0,0.0,0.0,0.0,0.0,0.0,0.0,0.0,0.0,0.0,0.0,0.0,0.0,0.0,0.0,0.0,0.0,0.0,0.0,0.0,0.0,0.0,False,False
2016-08-25,0.0,0.0,0.0,0.0,0.0,0.0,0.0,0.0,0.0,0.0,0.0,0.0,0.0,0.0,0.0,0.0,0.0,0.0,0.0,0.0,0.0,0.0,0.0,0.0,0.0,0.0,0.0,0.0,0.0,0.0,False,False
2016-08-26,0.0,0.0,0.0,0.0,0.0,0.0,0.0,0.0,0.0,0.0,0.0,0.0,0.0,0.0,0.0,0.0,0.0,0.0,0.0,0.0,0.0,0.0,0.0,0.0,0.0,0.0,0.0,0.0,0.0,0.0,False,False
2016-08-29,0.0,0.0,0.0,0.0,0.0,0.0,0.0,0.0,0.0,0.0,0.0,0.0,0.0,0.0,0.0,0.0,0.0,0.0,0.0,0.0,0.0,0.0,0.0,0.0,0.0,0.0,0.0,0.0,0.0,0.0,False,False
2016-08-30,0.0,0.0,0.0,0.0,0.0,0.0,0.0,0.0,0.0,0.0,0.0,0.0,0.0,0.0,0.0,0.0,0.0,0.0,0.0,0.0,0.0,0.0,0.0,0.0,0.0,0.0,0.0,0.0,0.0,0.0,False,False
2016-08-31,0.0,0.0,0.0,0.0,0.0,0.0,0.0,0.0,0.0,0.0,0.0,0.0,0.0,0.0,0.0,0.0,0.0,0.0,0.0,0.0,0.0,0.0,0.0,0.0,0.0,0.0,0.0,0.0,0.0,0.0,False,False
2016-09-01,0.0,0.0,0.0,0.0,0.0,0.0,0.0,0.0,0.0,0.0,0.0,0.0,0.0,0.0,0.0,0.0,0.0,0.0,0.0,0.0,0.0,0.0,0.0,0.0,0.0,0.0,0.0,0.0,0.0,0.0,False,False
2016-09-02,0.0,0.0,0.0,0.0,0.0,0.0,0.0,0.0,0.0,0.0,0.0,0.0,0.0,0.0,0.0,0.0,0.0,0.0,0.0,0.0,0.0,0.0,0.0,0.0,0.0,0.0,0.0,0.0,0.0,0.0,False,False
2016-09-06,0.0,0.0,0.0,0.0,0.0,0.0,0.0,0.0,0.0,0.0,0.0,0.0,0.0,0.0,0.0,0.0,0.0,0.0,0.0,0.0,0.0,0.0,0.0,0.0,0.0,0.0,0.0,0.0,0.0,0.0,False,False
2016-09-07,0.0,0.0,0.0,0.0,0.0,0.0,0.0,0.0,0.0,0.0,0.0,0.0,0.0,0.0,0.0,0.0,0.0,0.0,0.0,0.0,0.0,0.0,0.0,0.0,0.0,0.0,0.0,0.0,0.0,0.0,False,False
2016-09-08,0.0,0.0,0.0,0.0,0.0,0.0,0.0,0.0,0.0,0.0,0.0,0.0,0.0,0.0,0.0,0.0,0.0,0.0,0.0,0.0,0.0,0.0,0.0,0.0,0.0,0.0,0.0,0.0,0.0,0.0,False,False
2016-09-09,0.0,0.0,0.0,0.0,0.0,0.0,0.0,0.0,0.0,0.0,0.0,0.0,0.0,0.0,0.0,0.0,0.0,0.0,0.0,0.0,0.0,0.0,0.0,0.0,0.0,0.0,0.0,0.0,0.0,0.0,False,False
2016-09-12,0.0,0.0,0.0,0.0,0.0,0.0,0.0,0.0,0.0,0.0,0.0,0.0,0.0,0.0,0.0,0.0,0.0,0.0,0.0,0.0,0.0,0.0,0.0,0.0,0.0,0.0,0.0,0.0,0.0,0.0,False,False
2016-09-13,0.0,0.0,0.0,0.0,0.0,0.0,0.0,0.0,0.0,0.0,0.0,0.0,0.0,0.0,0.0,0.0,0.0,0.0,0.0,0.0,0.0,0.0,0.0,0.0,0.0,0.0,0.0,0.0,0.0,0.0,False,False
2016-09-14,0.0,0.0,0.0,0.0,0.0,0.0,0.0,0.0,0.0,0.0,0.0,0.0,0.0,0.0,0.0,0.0,0.0,0.0,0.0,0.0,0.0,0.0,0.0,0.0,0.0,0.0,0.0,0.0,0.0,0.0,False,False
2016-09-15,0.0,0.0,0.0,0.0,0.0,0.0,0.0,0.0,0.0,0.0,0.0,0.0,0.0,0.0,0.0,0.0,0.0,0.0,0.0,0.0,0.0,0.0,0.0,0.0,0.0,0.0,0.0,0.0,0.0,0.0,False,False
2016-09-16,0.0,0.0,0.0,0.0,0.0,0.0,0.0,0.0,0.0,0.0,0.0,0.0,0.0,0.0,0.0,0.0,0.0,0.0,0.0,0.0,0.0,0.0,0.0,0.0,0.0,0.0,0.0,0.0,0.0,0.0,False,False
2016-09-19,0.0,0.0,0.0,0.0,0.0,0.0,0.0,0.0,0.0,0.0,0.0,0.0,0.0,0.0,0.0,0.0,0.0,0.0,0.0,0.0,0.0,0.0,0.0,0.0,0.0,0.0,0.0,0.0,0.0,0.0,False,False
2016-09-20,0.0,0.0,0.0,0.0,0.0,0.0,0.0,0.0,0.0,0.0,0.0,0.0,0.0,0.0,0.0,0.0,0.0,0.0,0.0,0.0,0.0,0.0,0.0,0.0,0.0,0.0,0.0,0.0,0.0,0.0,False,False
2016-09-21,0.0,0.0,0.0,0.0,0.0,0.0,0.0,0.0,0.0,0.0,0.0,0.0,0.0,0.0,0.0,0.0,0.0,0.0,0.0,0.0,0.0,0.0,0.0,0.0,0.0,0.0,0.0,0.0,0.0,0.0,False,False
2016-09-22,0.0,0.0,0.0,0.0,0.0,0.0,0.0,0.0,0.0,0.0,0.0,0.0,0.0,0.0,0.0,0.0,0.0,0.0,0.0,0.0,0.0,0.0,0.0,0.0,0.0,0.0,0.0,0.0,0.0,0.0,False,False
2016-09-23,0.0,0.0,0.0,0.0,0.0,0.0,0.0,0.0,0.0,0.0,0.0,0.0,0.0,0.0,0.0,0.0,0.0,0.0,0.0,0.0,0.0,0.0,0.0,0.0,0.0,0.0,0.0,0.0,0.0,0.0,False,False
2016-09-26,0.0,0.0,0.0,0.0,0.0,0.0,0.0,0.0,0.0,0.0,0.0,0.0,0.0,0.0,0.0,0.0,0.0,0.0,0.0,0.0,0.0,0.0,0.0,0.0,0.0,0.0,0.0,0.0,0.0,0.0,False,False
2016-09-27,0.0,0.0,0.0,0.0,0.0,0.0,0.0,0.0,0.0,0.0,0.0,0.0,0.0,0.0,0.0,0.0,0.0,0.0,0.0,0.0,0.0,0.0,0.0,0.0,0.0,0.0,0.0,0.0,0.0,0.0,False,False
2016-09-28,0.0,0.0,0.0,0.0,0.0,0.0,0.0,0.0,0.0,0.0,0.0,0.0,0.0,0.0,0.0,0.0,0.0,0.0,0.0,0.0,0.0,0.0,0.0,0.0,0.0,0.0,0.0,0.0,0.0,0.0,False,False
2016-09-29,0.0,0.0,0.0,0.0,0.0,0.0,0.0,0.0,0.0,0.0,0.0,0.0,0.0,0.0,0.0,0.0,0.0,0.0,0.0,0.0,0.0,0.0,0.0,0.0,0.0,0.0,0.0,0.0,0.0,0.0,False,False
2016-09-30,0.0,0.0,0.0,0.0,0.0,0.0,0.0,0.0,0.0,0.0,0.0,0.0,0.0,0.0,0.0,0.0,0.0,0.0,0.0,0.0,0.0,0.0,0.0,0.0,0.0,0.0,0.0,0.0,0.0,0.0,False,False
2016-10-03,0.0,0.0,0.0,0.0,0.0,0.0,0.0,0.0,0.0,0.0,0.0,0.0,0.0,0.0,0.0,0.0,0.0,0.0,0.0,0.0,0.0,0.0,0.0,0.0,0.0,0.0,0.0,0.0,0.0,0.0,False,False
2016-10-04,0.0,0.0,0.0,0.0,0.0,0.0,0.0,0.0,0.0,0.0,0.0,0.0,0.0,0.0,0.0,0.0,0.0,0.0,0.0,0.0,0.0,0.0,0.0,0.0,0.0,0.0,0.0,0.0,0.0,0.0,False,False
2016-10-05,0.0,0.0,0.0,0.0,0.0,0.0,0.0,0.0,0.0,0.0,0.0,0.0,0.0,0.0,0.0,0.0,0.0,0.0,0.0,0.0,0.0,0.0,0.0,0.0,0.0,0.0,0.0,0.0,0.0,0.0,False,False
2016-10-06,0.0,0.0,0.0,0.0,0.0,0.0,0.0,0.0,0.0,0.0,0.0,0.0,0.0,0.0,0.0,0.0,0.0,0.0,0.0,0.0,0.0,0.0,0.0,0.0,0.0,0.0,0.0,0.0,0.0,0.0,False,False
2016-10-07,0.0,0.0,0.0,0.0,0.0,0.0,0.0,0.0,0.0,0.0,0.0,0.0,0.0,0.0,0.0,0.0,0.0,0.0,0.0,0.0,0.0,0.0,0.0,0.0,0.0,0.0,0.0,0.0,0.0,0.0,False,False
2016-10-10,0.0,0.0,0.0,0.0,0.0,0.0,0.0,0.0,0.0,0.0,0.0,0.0,0.0,0.0,0.0,0.0,0.0,0.0,0.0,0.0,0.0,0.0,0.0,0.0,0.0,0.0,0.0,0.0,0.0,0.0,False,False
2016-10-11,0.0,0.0,0.0,0.0,0.0,0.0,0.0,0.0,0.0,0.0,0.0,0.0,0.0,0.0,0.0,0.0,0.0,0.0,0.0,0.0,0.0,0.0,0.0,0.0,0.0,0.0,0.0,0.0,0.0,0.0,False,False
2016-10-12,0.0,0.0,0.0,0.0,0.0,0.0,0.0,0.0,0.0,0.0,0.0,0.0,0.0,0.0,0.0,0.0,0.0,0.0,0.0,0.0,0.0,0.0,0.0,0.0,0.0,0.0,0.0,0.0,0.0,0.0,False,False
2016-10-13,0.0,0.0,0.0,0.0,0.0,0.0,0.0,0.0,0.0,0.0,0.0,0.0,0.0,0.0,0.0,0.0,0.0,0.0,0.0,0.0,0.0,0.0,0.0,0.0,0.0,0.0,0.0,0.0,0.0,0.0,False,False
2016-10-14,0.0,0.0,0.0,0.0,0.0,0.0,0.0,0.0,0.0,0.0,0.0,0.0,0.0,0.0,0.0,0.0,0.0,0.0,0.0,0.0,0.0,0.0,0.0,0.0,0.0,0.0,0.0,0.0,0.0,0.0,False,False
2016-10-17,0.0,0.0,0.0,0.0,0.0,0.0,0.0,0.0,0.0,0.0,0.0,0.0,0.0,0.0,0.0,0.0,0.0,0.0,0.0,0.0,0.0,0.0,0.0,0.0,0.0,0.0,0.0,0.0,0.0,0.0,False,False
2016-10-18,0.0,0.0,0.0,0.0,0.0,0.0,0.0,0.0,0.0,0.0,0.0,0.0,0.0,0.0,0.0,0.0,0.0,0.0,0.0,0.0,0.0,0.0,0.0,0.0,0.0,0.0,0.0,0.0,0.0,0.0,False,False
2016-10-19,0.0,0.0,0.0,0.0,0.0,0.0,0.0,0.0,0.0,0.0,0.0,0.0,0.0,0.0,0.0,0.0,0.0,0.0,0.0,0.0,0.0,0.0,0.0,0.0,0.0,0.0,0.0,0.0,0.0,0.0,False,False
2016-10-20,0.0,0.0,0.0,0.0,0.0,0.0,0.0,0.0,0.0,0.0,0.0,0.0,0.0,0.0,0.0,0.0,0.0,0.0,0.0,0.0,0.0,0.0,0.0,0.0,0.0,0.0,0.0,0.0,0.0,0.0,False,False
2016-10-21,0.0,0.0,0.0,0.0,0.0,0.0,0.0,0.0,0.0,0.0,0.0,0.0,0.0,0.0,0.0,0.0,0.0,0.0,0.0,0.0,0.0,0.0,0.0,0.0,0.0,0.0,0.0,0.0,0.0,0.0,False,False
2016-10-24,0.0,0.0,0.0,0.0,0.0,0.0,0.0,0.0,0.0,0.0,0.0,0.0,0.0,0.0,0.0,0.0,0.0,0.0,0.0,0.0,0.0,0.0,0.0,0.0,0.0,0.0,0.0,0.0,0.0,0.0,False,False
2016-10-25,0.0,0.0,0.0,0.0,0.0,0.0,0.0,0.0,0.0,0.0,0.0,0.0,0.0,0.0,0.0,0.0,0.0,0.0,0.0,0.0,0.0,0.0,0.0,0.0,0.0,0.0,0.0,0.0,0.0,0.0,False,False
2016-10-26,0.0,0.0,0.0,0.0,0.0,0.0,0.0,0.0,0.0,0.0,0.0,0.0,0.0,0.0,0.0,0.0,0.0,0.0,0.0,0.0,0.0,0.0,0.0,0.0,0.0,0.0,0.0,0.0,0.0,0.0,False,False
2016-10-27,0.0,0.0,0.0,0.0,0.0,0.0,0.0,0.0,0.0,0.0,0.0,0.0,0.0,0.0,0.0,0.0,0.0,0.0,0.0,0.0,0.0,0.0,0.0,0.0,0.0,0.0,0.0,0.0,0.0,0.0,False,False
2016-10-28,0.0,0.0,0.0,0.0,0.0,0.0,0.0,0.0,0.0,0.0,0.0,0.0,0.0,0.0,0.0,0.0,0.0,0.0,0.0,0.0,0.0,0.0,0.0,0.0,0.0,0.0,0.0,0.0,0.0,0.0,False,False
2016-10-31,0.0,0.0,0.0,0.0,0.0,0.0,0.0,0.0,0.0,0.0,0.0,0.0,0.0,0.0,0.0,0.0,0.0,0.0,0.0,0.0,0.0,0.0,0.0,0.0,0.0,0.0,0.0,0.0,0.0,0.0,False,False
2016-11-01,0.0,0.0,0.0,0.0,0.0,0.0,0.0,0.0,0.0,0.0,0.0,0.0,0.0,0.0,0.0,0.0,0.0,0.0,0.0,0.0,0.0,0.0,0.0,0.0,0.0,0.0,0.0,0.0,0.0,0.0,False,False
2016-11-02,0.0,0.0,0.0,0.0,0.0,0.0,0.0,0.0,0.0,0.0,0.0,0.0,0.0,0.0,0.0,0.0,0.0,0.0,0.0,0.0,0.0,0.0,0.0,0.0,0.0,0.0,0.0,0.0,0.0,0.0,False,False
2016-11-03,0.0,0.0,0.0,0.0,0.0,0.0,0.0,0.0,0.0,0.0,0.0,0.0,0.0,0.0,0.0,0.0,0.0,0.0,0.0,0.0,0.0,0.0,0.0,0.0,0.0,0.0,0.0,0.0,0.0,0.0,False,False
2016-11-04,0.0,0.0,0.0,0.0,0.0,0.0,0.0,0.0,0.0,0.0,0.0,0.0,0.0,0.0,0.0,0.0,0.0,0.0,0.0,0.0,0.0,0.0,0.0,0.0,0.0,0.0,0.0,0.0,0.0,0.0,False,False
2016-11-07,0.0,0.0,0.0,0.0,0.0,0.0,0.0,0.0,0.0,0.0,0.0,0.0,0.0,0.0,0.0,0.0,0.0,0.0,0.0,0.0,0.0,0.0,0.0,0.0,0.0,0.0,0.0,0.0,0.0,0.0,False,False
2016-11-08,0.0,0.0,0.0,0.0,0.0,0.0,0.0,0.0,0.0,0.0,0.0,0.0,0.0,0.0,0.0,0.0,0.0,0.0,0.0,0.0,0.0,0.0,0.0,0.0,0.0,0.0,0.0,0.0,0.0,0.0,False,False
2016-11-09,0.0,0.0,0.0,0.0,0.0,0.0,0.0,0.0,0.0,0.0,0.0,0.0,0.0,0.0,0.0,0.0,0.0,0.0,0.0,0.0,0.0,0.0,0.0,0.0,0.0,0.0,0.0,0.0,0.0,0.0,False,False
2016-11-10,0.0,0.0,0.0,0.0,0.0,0.0,0.0,0.0,0.0,0.0,0.0,0.0,0.0,0.0,0.0,0.0,0.0,0.0,0.0,0.0,0.0,0.0,0.0,0.0,0.0,0.0,0.0,0.0,0.0,0.0,False,False
2016-11-11,0.0,0.0,0.0,0.0,0.0,0.0,0.0,0.0,0.0,0.0,0.0,0.0,0.0,0.0,0.0,0.0,0.0,0.0,0.0,0.0,0.0,0.0,0.0,0.0,0.0,0.0,0.0,0.0,0.0,0.0,False,False
2016-11-14,0.0,0.0,0.0,0.0,0.0,0.0,0.0,0.0,0.0,0.0,0.0,0.0,0.0,0.0,0.0,0.0,0.0,0.0,0.0,0.0,0.0,0.0,0.0,0.0,0.0,0.0,0.0,0.0,0.0,0.0,False,False
2016-11-15,0.0,0.0,0.0,0.0,0.0,0.0,0.0,0.0,0.0,0.0,0.0,0.0,0.0,0.0,0.0,0.0,0.0,0.0,0.0,0.0,0.0,0.0,0.0,0.0,0.0,0.0,0.0,0.0,0.0,0.0,False,False
2016-11-16,0.0,0.0,0.0,0.0,0.0,0.0,0.0,0.0,0.0,0.0,0.0,0.0,0.0,0.0,0.0,0.0,0.0,0.0,0.0,0.0,0.0,0.0,0.0,0.0,0.0,0.0,0.0,0.0,0.0,0.0,False,False
2016-11-17,0.0,0.0,0.0,0.0,0.0,0.0,0.0,0.0,0.0,0.0,0.0,0.0,0.0,0.0,0.0,0.0,0.0,0.0,0.0,0.0,0.0,0.0,0.0,0.0,0.0,0.0,0.0,0.0,0.0,0.0,False,False
2016-11-18,0.0,0.0,0.0,0.0,0.0,0.0,0.0,0.0,0.0,0.0,0.0,0.0,0.0,0.0,0.0,0.0,0.0,0.0,0.0,0.0,0.0,0.0,0.0,0.0,0.0,0.0,0.0,0.0,0.0,0.0,False,False
2016-11-21,0.0,0.0,0.0,0.0,0.0,0.0,0.0,0.0,0.0,0.0,0.0,0.0,0.0,0.0,0.0,0.0,0.0,0.0,0.0,0.0,0.0,0.0,0.0,0.0,0.0,0.0,0.0,0.0,0.0,0.0,False,False
2016-11-22,0.0,0.0,0.0,0.0,0.0,0.0,0.0,0.0,0.0,0.0,0.0,0.0,0.0,0.0,0.0,0.0,0.0,0.0,0.0,0.0,0.0,0.0,0.0,0.0,0.0,0.0,0.0,0.0,0.0,0.0,False,False
2016-11-23,0.0,0.0,0.0,0.0,0.0,0.0,0.0,0.0,0.0,0.0,0.0,0.0,0.0,0.0,0.0,0.0,0.0,0.0,0.0,0.0,0.0,0.0,0.0,0.0,0.0,0.0,0.0,0.0,0.0,0.0,False,False
2016-11-25,0.0,0.0,0.0,0.0,0.0,0.0,0.0,0.0,0.0,0.0,0.0,0.0,0.0,0.0,0.0,0.0,0.0,0.0,0.0,0.0,0.0,0.0,0.0,0.0,0.0,0.0,0.0,0.0,0.0,0.0,False,False
2016-11-28,0.0,0.0,0.0,0.0,0.0,0.0,0.0,0.0,0.0,0.0,0.0,0.0,0.0,0.0,0.0,0.0,0.0,0.0,0.0,0.0,0.0,0.0,0.0,0.0,0.0,0.0,0.0,0.0,0.0,0.0,False,False
2016-11-29,0.0,0.0,0.0,0.0,0.0,0.0,0.0,0.0,0.0,0.0,0.0,0.0,0.0,0.0,0.0,0.0,0.0,0.0,0.0,0.0,0.0,0.0,0.0,0.0,0.0,0.0,0.0,0.0,0.0,0.0,False,False
2016-11-30,0.0,0.0,0.0,0.0,0.0,0.0,0.0,0.0,0.0,0.0,0.0,0.0,0.0,0.0,0.0,0.0,0.0,0.0,0.0,0.0,0.0,0.0,0.0,0.0,0.0,0.0,0.0,0.0,0.0,0.0,False,False
2016-12-01,0.0,0.0,0.0,0.0,0.0,0.0,0.0,0.0,0.0,0.0,0.0,0.0,0.0,0.0,0.0,0.0,0.0,0.0,0.0,0.0,0.0,0.0,0.0,0.0,0.0,0.0,0.0,0.0,0.0,0.0,False,False
2016-12-02,0.0,0.0,0.0,0.0,0.0,0.0,0.0,0.0,0.0,0.0,0.0,0.0,0.0,0.0,0.0,0.0,0.0,0.0,0.0,0.0,0.0,0.0,0.0,0.0,0.0,0.0,0.0,0.0,0.0,0.0,False,False
2016-12-05,0.0,0.0,0.0,0.0,0.0,0.0,0.0,0.0,0.0,0.0,0.0,0.0,0.0,0.0,0.0,0.0,0.0,0.0,0.0,0.0,0.0,0.0,0.0,0.0,0.0,0.0,0.0,0.0,0.0,0.0,False,False
2016-12-06,0.0,0.0,0.0,0.0,0.0,0.0,0.0,0.0,0.0,0.0,0.0,0.0,0.0,0.0,0.0,0.0,0.0,0.0,0.0,0.0,0.0,0.0,0.0,0.0,0.0,0.0,0.0,0.0,0.0,0.0,False,False
2016-12-07,0.0,0.0,0.0,0.0,0.0,0.0,0.0,0.0,0.0,0.0,0.0,0.0,0.0,0.0,0.0,0.0,0.0,0.0,0.0,0.0,0.0,0.0,0.0,0.0,0.0,0.0,0.0,0.0,0.0,0.0,False,False
2016-12-08,0.0,0.0,0.0,0.0,0.0,0.0,0.0,0.0,0.0,0.0,0.0,0.0,0.0,0.0,0.0,0.0,0.0,0.0,0.0,0.0,0.0,0.0,0.0,0.0,0.0,0.0,0.0,0.0,0.0,0.0,False,False
2016-12-09,0.0,0.0,0.0,0.0,0.0,0.0,0.0,0.0,0.0,0.0,0.0,0.0,0.0,0.0,0.0,0.0,0.0,0.0,0.0,0.0,0.0,0.0,0.0,0.0,0.0,0.0,0.0,0.0,0.0,0.0,False,False
2016-12-12,0.0,0.0,0.0,0.0,0.0,0.0,0.0,0.0,0.0,0.0,0.0,0.0,0.0,0.0,0.0,0.0,0.0,0.0,0.0,0.0,0.0,0.0,0.0,0.0,0.0,0.0,0.0,0.0,0.0,0.0,False,False
2016-12-13,0.0,0.0,0.0,0.0,0.0,0.0,0.0,0.0,0.0,0.0,0.0,0.0,0.0,0.0,0.0,0.0,0.0,0.0,0.0,0.0,0.0,0.0,0.0,0.0,0.0,0.0,0.0,0.0,0.0,0.0,False,False
2016-12-14,0.0,0.0,0.0,0.0,0.0,0.0,0.0,0.0,0.0,0.0,0.0,0.0,0.0,0.0,0.0,0.0,0.0,0.0,0.0,0.0,0.0,0.0,0.0,0.0,0.0,0.0,0.0,0.0,0.0,0.0,False,False
2016-12-15,0.0,0.0,0.0,0.0,0.0,0.0,0.0,0.0,0.0,0.0,0.0,0.0,0.0,0.0,0.0,0.0,0.0,0.0,0.0,0.0,0.0,0.0,0.0,0.0,0.0,0.0,0.0,0.0,0.0,0.0,False,False
2016-12-16,0.0,0.0,0.0,0.0,0.0,0.0,0.0,0.0,0.0,0.0,0.0,0.0,0.0,0.0,0.0,0.0,0.0,0.0,0.0,0.0,0.0,0.0,0.0,0.0,0.0,0.0,0.0,0.0,0.0,0.0,False,False
2016-12-19,0.0,0.0,0.0,0.0,0.0,0.0,0.0,0.0,0.0,0.0,0.0,0.0,0.0,0.0,0.0,0.0,0.0,0.0,0.0,0.0,0.0,0.0,0.0,0.0,0.0,0.0,0.0,0.0,0.0,0.0,False,False
2016-12-20,0.0,0.0,0.0,0.0,0.0,0.0,0.0,0.0,0.0,0.0,0.0,0.0,0.0,0.0,0.0,0.0,0.0,0.0,0.0,0.0,0.0,0.0,0.0,0.0,0.0,0.0,0.0,0.0,0.0,0.0,False,False
2016-12-21,0.0,0.0,0.0,0.0,0.0,0.0,0.0,0.0,0.0,0.0,0.0,0.0,0.0,0.0,0.0,0.0,0.0,0.0,0.0,0.0,0.0,0.0,0.0,0.0,0.0,0.0,0.0,0.0,0.0,0.0,False,False
2016-12-22,0.0,0.0,0.0,0.0,0.0,0.0,0.0,0.0,0.0,0.0,0.0,0.0,0.0,0.0,0.0,0.0,0.0,0.0,0.0,0.0,0.0,0.0,0.0,0.0,0.0,0.0,0.0,0.0,0.0,0.0,False,False
2016-12-23,0.0,0.0,0.0,0.0,0.0,0.0,0.0,0.0,0.0,0.0,0.0,0.0,0.0,0.0,0.0,0.0,0.0,0.0,0.0,0.0,0.0,0.0,0.0,0.0,0.0,0.0,0.0,0.0,0.0,0.0,False,False
2016-12-27,0.0,0.0,0.0,0.0,0.0,0.0,0.0,0.0,0.0,0.0,0.0,0.0,0.0,0.0,0.0,0.0,0.0,0.0,0.0,0.0,0.0,0.0,0.0,0.0,0.0,0.0,0.0,0.0,0.0,0.0,False,False
2016-12-28,0.0,0.0,0.0,0.0,0.0,0.0,0.0,0.0,0.0,0.0,0.0,0.0,0.0,0.0,0.0,0.0,0.0,0.0,0.0,0.0,0.0,0.0,0.0,0.0,0.0,0.0,0.0,0.0,0.0,0.0,False,False
2016-12-29,0.0,0.0,0.0,0.0,0.0,0.0,0.0,0.0,0.0,0.0,0.0,0.0,0.0,0.0,0.0,0.0,0.0,0.0,0.0,0.0,0.0,0.0,0.0,0.0,0.0,0.0,0.0,0.0,0.0,0.0,False,False
2016-12-30,0.0,0.0,0.0,0.0,0.0,0.0,0.0,0.0,0.0,0.0,0.0,0.0,0.0,0.0,0.0,0.0,0.0,0.0,0.0,0.0,0.0,0.0,0.0,0.0,0.0,0.0,0.0,0.0,0.0,0.0,False,False
2017-01-03,0.0,0.0,0.0,0.0,0.0,0.0,0.0,0.0,0.0,0.0,0.0,0.0,0.0,0.0,0.0,0.0,0.0,0.0,0.0,0.0,0.0,0.0,0.0,0.0,0.0,0.0,0.0,0.0,0.0,0.0,False,False
2017-01-04,0.0,0.0,0.0,0.0,0.0,0.0,0.0,0.0,0.0,0.0,0.0,0.0,0.0,0.0,0.0,0.0,0.0,0.0,0.0,0.0,0.0,0.0,0.0,0.0,0.0,0.0,0.0,0.0,0.0,0.0,False,False
2017-01-05,0.0,0.0,0.0,0.0,0.0,0.0,0.0,0.0,0.0,0.0,0.0,0.0,0.0,0.0,0.0,0.0,0.0,0.0,0.0,0.0,0.0,0.0,0.0,0.0,0.0,0.0,0.0,0.0,0.0,0.0,False,False
2017-01-06,0.0,0.0,0.0,0.0,0.0,0.0,0.0,0.0,0.0,0.0,0.0,0.0,0.0,0.0,0.0,0.0,0.0,0.0,0.0,0.0,0.0,0.0,0.0,0.0,0.0,0.0,0.0,0.0,0.0,0.0,False,False
2017-01-09,0.0,0.0,0.0,0.0,0.0,0.0,0.0,0.0,0.0,0.0,0.0,0.0,0.0,0.0,0.0,0.0,0.0,0.0,0.0,0.0,0.0,0.0,0.0,0.0,0.0,0.0,0.0,0.0,0.0,0.0,False,False
2017-01-10,0.0,0.0,0.0,0.0,0.0,0.0,0.0,0.0,0.0,0.0,0.0,0.0,0.0,0.0,0.0,0.0,0.0,0.0,0.0,0.0,0.0,0.0,0.0,0.0,0.0,0.0,0.0,0.0,0.0,0.0,False,False
2017-01-11,0.0,0.0,0.0,0.0,0.0,0.0,0.0,0.0,0.0,0.0,0.0,0.0,0.0,0.0,0.0,0.0,0.0,0.0,0.0,0.0,0.0,0.0,0.0,0.0,0.0,0.0,0.0,0.0,0.0,0.0,False,False
2017-01-12,0.0,0.0,0.0,0.0,0.0,0.0,0.0,0.0,0.0,0.0,0.0,0.0,0.0,0.0,0.0,0.0,0.0,0.0,0.0,0.0,0.0,0.0,0.0,0.0,0.0,0.0,0.0,0.0,0.0,0.0,False,False
2017-01-13,0.0,0.0,0.0,0.0,0.0,0.0,0.0,0.0,0.0,0.0,0.0,0.0,0.0,0.0,0.0,0.0,0.0,0.0,0.0,0.0,0.0,0.0,0.0,0.0,0.0,0.0,0.0,0.0,0.0,0.0,False,False
2017-01-17,0.0,0.0,0.0,0.0,0.0,0.0,0.0,0.0,0.0,0.0,0.0,0.0,0.0,0.0,0.0,0.0,0.0,0.0,0.0,0.0,0.0,0.0,0.0,0.0,0.0,0.0,0.0,0.0,0.0,0.0,False,False
2017-01-18,0.0,0.0,0.0,0.0,0.0,0.0,0.0,0.0,0.0,0.0,0.0,0.0,0.0,0.0,0.0,0.0,0.0,0.0,0.0,0.0,0.0,0.0,0.0,0.0,0.0,0.0,0.0,0.0,0.0,0.0,False,False
2017-01-19,0.0,0.0,0.0,0.0,0.0,0.0,0.0,0.0,0.0,0.0,0.0,0.0,0.0,0.0,0.0,0.0,0.0,0.0,0.0,0.0,0.0,0.0,0.0,0.0,0.0,0.0,0.0,0.0,0.0,0.0,False,False
2017-01-20,0.0,0.0,0.0,0.0,0.0,0.0,0.0,0.0,0.0,0.0,0.0,0.0,0.0,0.0,0.0,0.0,0.0,0.0,0.0,0.0,0.0,0.0,0.0,0.0,0.0,0.0,0.0,0.0,0.0,0.0,False,False
2017-01-23,0.0,0.0,0.0,0.0,0.0,0.0,0.0,0.0,0.0,0.0,0.0,0.0,0.0,0.0,0.0,0.0,0.0,0.0,0.0,0.0,0.0,0.0,0.0,0.0,0.0,0.0,0.0,0.0,0.0,0.0,False,False
2017-01-24,0.0,0.0,0.0,0.0,0.0,0.0,0.0,0.0,0.0,0.0,0.0,0.0,0.0,0.0,0.0,0.0,0.0,0.0,0.0,0.0,0.0,0.0,0.0,0.0,0.0,0.0,0.0,0.0,0.0,0.0,False,False
2017-01-25,0.0,0.0,0.0,0.0,0.0,0.0,0.0,0.0,0.0,0.0,0.0,0.0,0.0,0.0,0.0,0.0,0.0,0.0,0.0,0.0,0.0,0.0,0.0,0.0,0.0,0.0,0.0,0.0,0.0,0.0,False,False
2017-01-26,0.0,0.0,0.0,0.0,0.0,0.0,0.0,0.0,0.0,0.0,0.0,0.0,0.0,0.0,0.0,0.0,0.0,0.0,0.0,0.0,0.0,0.0,0.0,0.0,0.0,0.0,0.0,0.0,0.0,0.0,False,False
2017-01-27,0.0,0.0,0.0,0.0,0.0,0.0,0.0,0.0,0.0,0.0,0.0,0.0,0.0,0.0,0.0,0.0,0.0,0.0,0.0,0.0,0.0,0.0,0.0,0.0,0.0,0.0,0.0,0.0,0.0,0.0,False,False
2017-01-30,0.0,0.0,0.0,0.0,0.0,0.0,0.0,0.0,0.0,0.0,0.0,0.0,0.0,0.0,0.0,0.0,0.0,0.0,0.0,0.0,0.0,0.0,0.0,0.0,0.0,0.0,0.0,0.0,0.0,0.0,False,False
2017-01-31,0.0,0.0,0.0,0.0,0.0,0.0,0.0,0.0,0.0,0.0,0.0,0.0,0.0,0.0,0.0,0.0,0.0,0.0,0.0,0.0,0.0,0.0,0.0,0.0,0.0,0.0,0.0,0.0,0.0,0.0,False,False
2017-02-01,0.0,0.0,0.0,0.0,0.0,0.0,0.0,0.0,0.0,0.0,0.0,0.0,0.0,0.0,0.0,0.0,0.0,0.0,0.0,0.0,0.0,0.0,0.0,0.0,0.0,0.0,0.0,0.0,0.0,0.0,False,False
2017-02-02,0.0,0.0,0.0,0.0,0.0,0.0,0.0,0.0,0.0,0.0,0.0,0.0,0.0,0.0,0.0,0.0,0.0,0.0,0.0,0.0,0.0,0.0,0.0,0.0,0.0,0.0,0.0,0.0,0.0,0.0,False,False
2017-02-03,0.0,0.0,0.0,0.0,0.0,0.0,0.0,0.0,0.0,0.0,0.0,0.0,0.0,0.0,0.0,0.0,0.0,0.0,0.0,0.0,0.0,0.0,0.0,0.0,0.0,0.0,0.0,0.0,0.0,0.0,False,False
2017-02-06,0.0,0.0,0.0,0.0,0.0,0.0,0.0,0.0,0.0,0.0,0.0,0.0,0.0,0.0,0.0,0.0,0.0,0.0,0.0,0.0,0.0,0.0,0.0,0.0,0.0,0.0,0.0,0.0,0.0,0.0,False,False
2017-02-07,0.0,0.0,0.0,0.0,0.0,0.0,0.0,0.0,0.0,0.0,0.0,0.0,0.0,0.0,0.0,0.0,0.0,0.0,0.0,0.0,0.0,0.0,0.0,0.0,0.0,0.0,0.0,0.0,0.0,0.0,False,False
2017-02-08,0.0,0.0,0.0,0.0,0.0,0.0,0.0,0.0,0.0,0.0,0.0,0.0,0.0,0.0,0.0,0.0,0.0,0.0,0.0,0.0,0.0,0.0,0.0,0.0,0.0,0.0,0.0,0.0,0.0,0.0,False,False
2017-02-09,0.0,0.0,0.0,0.0,0.0,0.0,0.0,0.0,0.0,0.0,0.0,0.0,0.0,0.0,0.0,0.0,0.0,0.0,0.0,0.0,0.0,0.0,0.0,0.0,0.0,0.0,0.0,0.0,0.0,0.0,False,False
2017-02-10,0.0,0.0,0.0,0.0,0.0,0.0,0.0,0.0,0.0,0.0,0.0,0.0,0.0,0.0,0.0,0.0,0.0,0.0,0.0,0.0,0.0,0.0,0.0,0.0,0.0,0.0,0.0,0.0,0.0,0.0,False,False
2017-02-13,0.0,0.0,0.0,0.0,0.0,0.0,0.0,0.0,0.0,0.0,0.0,0.0,0.0,0.0,0.0,0.0,0.0,0.0,0.0,0.0,0.0,0.0,0.0,0.0,0.0,0.0,0.0,0.0,0.0,0.0,False,False
2017-02-14,0.0,0.0,0.0,0.0,0.0,0.0,0.0,0.0,0.0,0.0,0.0,0.0,0.0,0.0,0.0,0.0,0.0,0.0,0.0,0.0,0.0,0.0,0.0,0.0,0.0,0.0,0.0,0.0,0.0,0.0,False,False
2017-02-15,0.0,0.0,0.0,0.0,0.0,0.0,0.0,0.0,0.0,0.0,0.0,0.0,0.0,0.0,0.0,0.0,0.0,0.0,0.0,0.0,0.0,0.0,0.0,0.0,0.0,0.0,0.0,0.0,0.0,0.0,False,False
2017-02-16,0.0,0.0,0.0,0.0,0.0,0.0,0.0,0.0,0.0,0.0,0.0,0.0,0.0,0.0,0.0,0.0,0.0,0.0,0.0,0.0,0.0,0.0,0.0,0.0,0.0,0.0,0.0,0.0,0.0,0.0,False,False
2017-02-17,0.0,0.0,0.0,0.0,0.0,0.0,0.0,0.0,0.0,0.0,0.0,0.0,0.0,0.0,0.0,0.0,0.0,0.0,0.0,0.0,0.0,0.0,0.0,0.0,0.0,0.0,0.0,0.0,0.0,0.0,False,False
2017-02-21,0.0,0.0,0.0,0.0,0.0,0.0,0.0,0.0,0.0,0.0,0.0,0.0,0.0,0.0,0.0,0.0,0.0,0.0,0.0,0.0,0.0,0.0,0.0,0.0,0.0,0.0,0.0,0.0,0.0,0.0,False,False
2017-02-22,0.0,0.0,0.0,0.0,0.0,0.0,0.0,0.0,0.0,0.0,0.0,0.0,0.0,0.0,0.0,0.0,0.0,0.0,0.0,0.0,0.0,0.0,0.0,0.0,0.0,0.0,0.0,0.0,0.0,0.0,False,False
2017-02-23,0.0,0.0,0.0,0.0,0.0,0.0,0.0,0.0,0.0,0.0,0.0,0.0,0.0,0.0,0.0,0.0,0.0,0.0,0.0,0.0,0.0,0.0,0.0,0.0,0.0,0.0,0.0,0.0,0.0,0.0,False,False
2017-02-24,0.0,0.0,0.0,0.0,0.0,0.0,0.0,0.0,0.0,0.0,0.0,0.0,0.0,0.0,0.0,0.0,0.0,0.0,0.0,0.0,0.0,0.0,0.0,0.0,0.0,0.0,0.0,0.0,0.0,0.0,False,False
2017-02-27,0.0,0.0,0.0,0.0,0.0,0.0,0.0,0.0,0.0,0.0,0.0,0.0,0.0,0.0,0.0,0.0,0.0,0.0,0.0,0.0,0.0,0.0,0.0,0.0,0.0,0.0,0.0,0.0,0.0,0.0,False,False
2017-02-28,0.0,0.0,0.0,0.0,0.0,0.0,0.0,0.0,0.0,0.0,0.0,0.0,0.0,0.0,0.0,0.0,0.0,0.0,0.0,0.0,0.0,0.0,0.0,0.0,0.0,0.0,0.0,0.0,0.0,0.0,False,False
2017-03-01,0.0,0.0,0.0,0.0,0.0,0.0,0.0,0.0,0.0,0.0,0.0,0.0,0.0,0.0,0.0,0.0,0.0,0.0,0.0,0.0,0.0,0.0,0.0,0.0,0.0,0.0,0.0,0.0,0.0,0.0,False,False
2017-03-02,0.0,0.0,0.0,0.0,0.0,0.0,0.0,0.0,0.0,0.0,0.0,0.0,0.0,0.0,0.0,0.0,0.0,0.0,0.0,0.0,0.0,0.0,0.0,0.0,0.0,0.0,0.0,0.0,0.0,0.0,False,False
2017-03-03,0.0,0.0,0.0,0.0,0.0,0.0,0.0,0.0,0.0,0.0,0.0,0.0,0.0,0.0,0.0,0.0,0.0,0.0,0.0,0.0,0.0,0.0,0.0,0.0,0.0,0.0,0.0,0.0,0.0,0.0,False,False
2017-03-06,0.0,0.0,0.0,0.0,0.0,0.0,0.0,0.0,0.0,0.0,0.0,0.0,0.0,0.0,0.0,0.0,0.0,0.0,0.0,0.0,0.0,0.0,0.0,0.0,0.0,0.0,0.0,0.0,0.0,0.0,False,False
2017-03-07,0.0,0.0,0.0,0.0,0.0,0.0,0.0,0.0,0.0,0.0,0.0,0.0,0.0,0.0,0.0,0.0,0.0,0.0,0.0,0.0,0.0,0.0,0.0,0.0,0.0,0.0,0.0,0.0,0.0,0.0,False,False
2017-03-08,0.0,0.0,0.0,0.0,0.0,0.0,0.0,0.0,0.0,0.0,0.0,0.0,0.0,0.0,0.0,0.0,0.0,0.0,0.0,0.0,0.0,0.0,0.0,0.0,0.0,0.0,0.0,0.0,0.0,0.0,False,False
2017-03-09,0.0,0.0,0.0,0.0,0.0,0.0,0.0,0.0,0.0,0.0,0.0,0.0,0.0,0.0,0.0,0.0,0.0,0.0,0.0,0.0,0.0,0.0,0.0,0.0,0.0,0.0,0.0,0.0,0.0,0.0,False,False
2017-03-10,0.0,0.0,0.0,0.0,0.0,0.0,0.0,0.0,0.0,0.0,0.0,0.0,0.0,0.0,0.0,0.0,0.0,0.0,0.0,0.0,0.0,0.0,0.0,0.0,0.0,0.0,0.0,0.0,0.0,0.0,False,False
2017-03-13,0.0,0.0,0.0,0.0,0.0,0.0,0.0,0.0,0.0,0.0,0.0,0.0,0.0,0.0,0.0,0.0,0.0,0.0,0.0,0.0,0.0,0.0,0.0,0.0,0.0,0.0,0.0,0.0,0.0,0.0,False,False
2017-03-14,0.0,0.0,0.0,0.0,0.0,0.0,0.0,0.0,0.0,0.0,0.0,0.0,0.0,0.0,0.0,0.0,0.0,0.0,0.0,0.0,0.0,0.0,0.0,0.0,0.0,0.0,0.0,0.0,0.0,0.0,False,False
2017-03-15,0.0,0.0,0.0,0.0,0.0,0.0,0.0,0.0,0.0,0.0,0.0,0.0,0.0,0.0,0.0,0.0,0.0,0.0,0.0,0.0,0.0,0.0,0.0,0.0,0.0,0.0,0.0,0.0,0.0,0.0,False,False
2017-03-16,0.0,0.0,0.0,0.0,0.0,0.0,0.0,0.0,0.0,0.0,0.0,0.0,0.0,0.0,0.0,0.0,0.0,0.0,0.0,0.0,0.0,0.0,0.0,0.0,0.0,0.0,0.0,0.0,0.0,0.0,False,False
2017-03-17,0.0,0.0,0.0,0.0,0.0,0.0,0.0,0.0,0.0,0.0,0.0,0.0,0.0,0.0,0.0,0.0,0.0,0.0,0.0,0.0,0.0,0.0,0.0,0.0,0.0,0.0,0.0,0.0,0.0,0.0,False,False
2017-03-20,0.0,0.0,0.0,0.0,0.0,0.0,0.0,0.0,0.0,0.0,0.0,0.0,0.0,0.0,0.0,0.0,0.0,0.0,0.0,0.0,0.0,0.0,0.0,0.0,0.0,0.0,0.0,0.0,0.0,0.0,False,False
2017-03-21,0.0,0.0,0.0,0.0,0.0,0.0,0.0,0.0,0.0,0.0,0.0,0.0,0.0,0.0,0.0,0.0,0.0,0.0,0.0,0.0,0.0,0.0,0.0,0.0,0.0,0.0,0.0,0.0,0.0,0.0,False,False
2017-03-22,0.0,0.0,0.0,0.0,0.0,0.0,0.0,0.0,0.0,0.0,0.0,0.0,0.0,0.0,0.0,0.0,0.0,0.0,0.0,0.0,0.0,0.0,0.0,0.0,0.0,0.0,0.0,0.0,0.0,0.0,False,False
2017-03-23,0.0,0.0,0.0,0.0,0.0,0.0,0.0,0.0,0.0,0.0,0.0,0.0,0.0,0.0,0.0,0.0,0.0,0.0,0.0,0.0,0.0,0.0,0.0,0.0,0.0,0.0,0.0,0.0,0.0,0.0,False,False
2017-03-24,0.0,0.0,0.0,0.0,0.0,0.0,0.0,0.0,0.0,0.0,0.0,0.0,0.0,0.0,0.0,0.0,0.0,0.0,0.0,0.0,0.0,0.0,0.0,0.0,0.0,0.0,0.0,0.0,0.0,0.0,False,False
2017-03-27,0.0,0.0,0.0,0.0,0.0,0.0,0.0,0.0,0.0,0.0,0.0,0.0,0.0,0.0,0.0,0.0,0.0,0.0,0.0,0.0,0.0,0.0,0.0,0.0,0.0,0.0,0.0,0.0,0.0,0.0,False,False
2017-03-28,0.0,0.0,0.0,0.0,0.0,0.0,0.0,0.0,0.0,0.0,0.0,0.0,0.0,0.0,0.0,0.0,0.0,0.0,0.0,0.0,0.0,0.0,0.0,0.0,0.0,0.0,0.0,0.0,0.0,0.0,False,False
2017-03-29,0.0,0.0,0.0,0.0,0.0,0.0,0.0,0.0,0.0,0.0,0.0,0.0,0.0,0.0,0.0,0.0,0.0,0.0,0.0,0.0,0.0,0.0,0.0,0.0,0.0,0.0,0.0,0.0,0.0,0.0,False,False
2017-03-30,0.0,0.0,0.0,0.0,0.0,0.0,0.0,0.0,0.0,0.0,0.0,0.0,0.0,0.0,0.0,0.0,0.0,0.0,0.0,0.0,0.0,0.0,0.0,0.0,0.0,0.0,0.0,0.0,0.0,0.0,False,False
2017-03-31,0.0,0.0,0.0,0.0,0.0,0.0,0.0,0.0,0.0,0.0,0.0,0.0,0.0,0.0,0.0,0.0,0.0,0.0,0.0,0.0,0.0,0.0,0.0,0.0,0.0,0.0,0.0,0.0,0.0,0.0,False,False
2017-04-03,0.0,0.0,0.0,0.0,0.0,0.0,0.0,0.0,0.0,0.0,0.0,0.0,0.0,0.0,0.0,0.0,0.0,0.0,0.0,0.0,0.0,0.0,0.0,0.0,0.0,0.0,0.0,0.0,0.0,0.0,False,False
2017-04-04,0.0,0.0,0.0,0.0,0.0,0.0,0.0,0.0,0.0,0.0,0.0,0.0,0.0,0.0,0.0,0.0,0.0,0.0,0.0,0.0,0.0,0.0,0.0,0.0,0.0,0.0,0.0,0.0,0.0,0.0,False,False
2017-04-05,0.0,0.0,0.0,0.0,0.0,0.0,0.0,0.0,0.0,0.0,0.0,0.0,0.0,0.0,0.0,0.0,0.0,0.0,0.0,0.0,0.0,0.0,0.0,0.0,0.0,0.0,0.0,0.0,0.0,0.0,False,False
2017-04-06,0.0,0.0,0.0,0.0,0.0,0.0,0.0,0.0,0.0,0.0,0.0,0.0,0.0,0.0,0.0,0.0,0.0,0.0,0.0,0.0,0.0,0.0,0.0,0.0,0.0,0.0,0.0,0.0,0.0,0.0,False,False
2017-04-07,0.0,0.0,0.0,0.0,0.0,0.0,0.0,0.0,0.0,0.0,0.0,0.0,0.0,0.0,0.0,0.0,0.0,0.0,0.0,0.0,0.0,0.0,0.0,0.0,0.0,0.0,0.0,0.0,0.0,0.0,False,False
2017-04-10,0.0,0.0,0.0,0.0,0.0,0.0,0.0,0.0,0.0,0.0,0.0,0.0,0.0,0.0,0.0,0.0,0.0,0.0,0.0,0.0,0.0,0.0,0.0,0.0,0.0,0.0,0.0,0.0,0.0,0.0,False,False
2017-04-11,0.0,0.0,0.0,0.0,0.0,0.0,0.0,0.0,0.0,0.0,0.0,0.0,0.0,0.0,0.0,0.0,0.0,0.0,0.0,0.0,0.0,0.0,0.0,0.0,0.0,0.0,0.0,0.0,0.0,0.0,False,False
2017-04-12,0.0,0.0,0.0,0.0,0.0,0.0,0.0,0.0,0.0,0.0,0.0,0.0,0.0,0.0,0.0,0.0,0.0,0.0,0.0,0.0,0.0,0.0,0.0,0.0,0.0,0.0,0.0,0.0,0.0,0.0,False,False
2017-04-13,0.0,0.0,0.0,0.0,0.0,0.0,0.0,0.0,0.0,0.0,0.0,0.0,0.0,0.0,0.0,0.0,0.0,0.0,0.0,0.0,0.0,0.0,0.0,0.0,0.0,0.0,0.0,0.0,0.0,0.0,False,False
2017-04-17,0.0,0.0,0.0,0.0,0.0,0.0,0.0,0.0,0.0,0.0,0.0,0.0,0.0,0.0,0.0,0.0,0.0,0.0,0.0,0.0,0.0,0.0,0.0,0.0,0.0,0.0,0.0,0.0,0.0,0.0,False,False
2017-04-18,0.0,0.0,0.0,0.0,0.0,0.0,0.0,0.0,0.0,0.0,0.0,0.0,0.0,0.0,0.0,0.0,0.0,0.0,0.0,0.0,0.0,0.0,0.0,0.0,0.0,0.0,0.0,0.0,0.0,0.0,False,False
2017-04-19,0.0,0.0,0.0,0.0,0.0,0.0,0.0,0.0,0.0,0.0,0.0,0.0,0.0,0.0,0.0,0.0,0.0,0.0,0.0,0.0,0.0,0.0,0.0,0.0,0.0,0.0,0.0,0.0,0.0,0.0,False,False
2017-04-20,0.0,0.0,0.0,0.0,0.0,0.0,0.0,0.0,0.0,0.0,0.0,0.0,0.0,0.0,0.0,0.0,0.0,0.0,0.0,0.0,0.0,0.0,0.0,0.0,0.0,0.0,0.0,0.0,0.0,0.0,False,False
2017-04-21,0.0,0.0,0.0,0.0,0.0,0.0,0.0,0.0,0.0,0.0,0.0,0.0,0.0,0.0,0.0,0.0,0.0,0.0,0.0,0.0,0.0,0.0,0.0,0.0,0.0,0.0,0.0,0.0,0.0,0.0,False,False
2017-04-24,0.0,0.0,0.0,0.0,0.0,0.0,0.0,0.0,0.0,0.0,0.0,0.0,0.0,0.0,0.0,0.0,0.0,0.0,0.0,0.0,0.0,0.0,0.0,0.0,0.0,0.0,0.0,0.0,0.0,0.0,False,False
2017-04-25,0.0,0.0,0.0,0.0,0.0,0.0,0.0,0.0,0.0,0.0,0.0,0.0,0.0,0.0,0.0,0.0,0.0,0.0,0.0,0.0,0.0,0.0,0.0,0.0,0.0,0.0,0.0,0.0,0.0,0.0,False,False
2017-04-26,0.0,0.0,0.0,0.0,0.0,0.0,0.0,0.0,0.0,0.0,0.0,0.0,0.0,0.0,0.0,0.0,0.0,0.0,0.0,0.0,0.0,0.0,0.0,0.0,0.0,0.0,0.0,0.0,0.0,0.0,False,False
2017-04-27,0.0,0.0,0.0,0.0,0.0,0.0,0.0,0.0,0.0,0.0,0.0,0.0,0.0,0.0,0.0,0.0,0.0,0.0,0.0,0.0,0.0,0.0,0.0,0.0,0.0,0.0,0.0,0.0,0.0,0.0,False,False
2017-04-28,0.0,0.0,0.0,0.0,0.0,0.0,0.0,0.0,0.0,0.0,0.0,0.0,0.0,0.0,0.0,0.0,0.0,0.0,0.0,0.0,0.0,0.0,0.0,0.0,0.0,0.0,0.0,0.0,0.0,0.0,False,False
2017-05-01,0.0,0.0,0.0,0.0,0.0,0.0,0.0,0.0,0.0,0.0,0.0,0.0,0.0,0.0,0.0,0.0,0.0,0.0,0.0,0.0,0.0,0.0,0.0,0.0,0.0,0.0,0.0,0.0,0.0,0.0,False,False
2017-05-02,0.0,0.0,0.0,0.0,0.0,0.0,0.0,0.0,0.0,0.0,0.0,0.0,0.0,0.0,0.0,0.0,0.0,0.0,0.0,0.0,0.0,0.0,0.0,0.0,0.0,0.0,0.0,0.0,0.0,0.0,False,False
2017-05-03,0.0,0.0,0.0,0.0,0.0,0.0,0.0,0.0,0.0,0.0,0.0,0.0,0.0,0.0,0.0,0.0,0.0,0.0,0.0,0.0,0.0,0.0,0.0,0.0,0.0,0.0,0.0,0.0,0.0,0.0,False,False
2017-05-04,0.0,0.0,0.0,0.0,0.0,0.0,0.0,0.0,0.0,0.0,0.0,0.0,0.0,0.0,0.0,0.0,0.0,0.0,0.0,0.0,0.0,0.0,0.0,0.0,0.0,0.0,0.0,0.0,0.0,0.0,False,False
2017-05-05,0.0,0.0,0.0,0.0,0.0,0.0,0.0,0.0,0.0,0.0,0.0,0.0,0.0,0.0,0.0,0.0,0.0,0.0,0.0,0.0,0.0,0.0,0.0,0.0,0.0,0.0,0.0,0.0,0.0,0.0,False,False
2017-05-08,0.0,0.0,0.0,0.0,0.0,0.0,0.0,0.0,0.0,0.0,0.0,0.0,0.0,0.0,0.0,0.0,0.0,0.0,0.0,0.0,0.0,0.0,0.0,0.0,0.0,0.0,0.0,0.0,0.0,0.0,False,False
2017-05-09,0.0,0.0,0.0,0.0,0.0,0.0,0.0,0.0,0.0,0.0,0.0,0.0,0.0,0.0,0.0,0.0,0.0,0.0,0.0,0.0,0.0,0.0,0.0,0.0,0.0,0.0,0.0,0.0,0.0,0.0,False,False
2017-05-10,0.0,0.0,0.0,0.0,0.0,0.0,0.0,0.0,0.0,0.0,0.0,0.0,0.0,0.0,0.0,0.0,0.0,0.0,0.0,0.0,0.0,0.0,0.0,0.0,0.0,0.0,0.0,0.0,0.0,0.0,False,False
2017-05-11,0.0,0.0,0.0,0.0,0.0,0.0,0.0,0.0,0.0,0.0,0.0,0.0,0.0,0.0,0.0,0.0,0.0,0.0,0.0,0.0,0.0,0.0,0.0,0.0,0.0,0.0,0.0,0.0,0.0,0.0,False,False
2017-05-12,0.0,0.0,0.0,0.0,0.0,0.0,0.0,0.0,0.0,0.0,0.0,0.0,0.0,0.0,0.0,0.0,0.0,0.0,0.0,0.0,0.0,0.0,0.0,0.0,0.0,0.0,0.0,0.0,0.0,0.0,False,False
2017-05-15,0.0,0.0,0.0,0.0,0.0,0.0,0.0,0.0,0.0,0.0,0.0,0.0,0.0,0.0,0.0,0.0,0.0,0.0,0.0,0.0,0.0,0.0,0.0,0.0,0.0,0.0,0.0,0.0,0.0,0.0,False,False
2017-05-16,0.0,0.0,0.0,0.0,0.0,0.0,0.0,0.0,0.0,0.0,0.0,0.0,0.0,0.0,0.0,0.0,0.0,0.0,0.0,0.0,0.0,0.0,0.0,0.0,0.0,0.0,0.0,0.0,0.0,0.0,False,False
2017-05-17,0.0,0.0,0.0,0.0,0.0,0.0,0.0,0.0,0.0,0.0,0.0,0.0,0.0,0.0,0.0,0.0,0.0,0.0,0.0,0.0,0.0,0.0,0.0,0.0,0.0,0.0,0.0,0.0,0.0,0.0,False,False
2017-05-18,0.0,0.0,0.0,0.0,0.0,0.0,0.0,0.0,0.0,0.0,0.0,0.0,0.0,0.0,0.0,0.0,0.0,0.0,0.0,0.0,0.0,0.0,0.0,0.0,0.0,0.0,0.0,0.0,0.0,0.0,False,False
2017-05-19,0.0,0.0,0.0,0.0,0.0,0.0,0.0,0.0,0.0,0.0,0.0,0.0,0.0,0.0,0.0,0.0,0.0,0.0,0.0,0.0,0.0,0.0,0.0,0.0,0.0,0.0,0.0,0.0,0.0,0.0,False,False
2017-05-22,0.0,0.0,0.0,0.0,0.0,0.0,0.0,0.0,0.0,0.0,0.0,0.0,0.0,0.0,0.0,0.0,0.0,0.0,0.0,0.0,0.0,0.0,0.0,0.0,0.0,0.0,0.0,0.0,0.0,0.0,False,False
2017-05-23,0.0,0.0,0.0,0.0,0.0,0.0,0.0,0.0,0.0,0.0,0.0,0.0,0.0,0.0,0.0,0.0,0.0,0.0,0.0,0.0,0.0,0.0,0.0,0.0,0.0,0.0,0.0,0.0,0.0,0.0,False,False
2017-05-24,0.0,0.0,0.0,0.0,0.0,0.0,0.0,0.0,0.0,0.0,0.0,0.0,0.0,0.0,0.0,0.0,0.0,0.0,0.0,0.0,0.0,0.0,0.0,0.0,0.0,0.0,0.0,0.0,0.0,0.0,False,False
2017-05-25,0.0,0.0,0.0,0.0,0.0,0.0,0.0,0.0,0.0,0.0,0.0,0.0,0.0,0.0,0.0,0.0,0.0,0.0,0.0,0.0,0.0,0.0,0.0,0.0,0.0,0.0,0.0,0.0,0.0,0.0,False,False
2017-05-26,0.0,0.0,0.0,0.0,0.0,0.0,0.0,0.0,0.0,0.0,0.0,0.0,0.0,0.0,0.0,0.0,0.0,0.0,0.0,0.0,0.0,0.0,0.0,0.0,0.0,0.0,0.0,0.0,0.0,0.0,False,False
2017-05-30,0.0,0.0,0.0,0.0,0.0,0.0,0.0,0.0,0.0,0.0,0.0,0.0,0.0,0.0,0.0,0.0,0.0,0.0,0.0,0.0,0.0,0.0,0.0,0.0,0.0,0.0,0.0,0.0,0.0,0.0,False,False
2017-05-31,0.0,0.0,0.0,0.0,0.0,0.0,0.0,0.0,0.0,0.0,0.0,0.0,0.0,0.0,0.0,0.0,0.0,0.0,0.0,0.0,0.0,0.0,0.0,0.0,0.0,0.0,0.0,0.0,0.0,0.0,False,False
2017-06-01,0.0,0.0,0.0,0.0,0.0,0.0,0.0,0.0,0.0,0.0,0.0,0.0,0.0,0.0,0.0,0.0,0.0,0.0,0.0,0.0,0.0,0.0,0.0,0.0,0.0,0.0,0.0,0.0,0.0,0.0,False,False
2017-06-02,0.0,0.0,0.0,0.0,0.0,0.0,0.0,0.0,0.0,0.0,0.0,0.0,0.0,0.0,0.0,0.0,0.0,0.0,0.0,0.0,0.0,0.0,0.0,0.0,0.0,0.0,0.0,0.0,0.0,0.0,False,False
2017-06-05,0.0,0.0,0.0,0.0,0.0,0.0,0.0,0.0,0.0,0.0,0.0,0.0,0.0,0.0,0.0,0.0,0.0,0.0,0.0,0.0,0.0,0.0,0.0,0.0,0.0,0.0,0.0,0.0,0.0,0.0,False,False
2017-06-06,0.0,0.0,0.0,0.0,0.0,0.0,0.0,0.0,0.0,0.0,0.0,0.0,0.0,0.0,0.0,0.0,0.0,0.0,0.0,0.0,0.0,0.0,0.0,0.0,0.0,0.0,0.0,0.0,0.0,0.0,False,False
2017-06-07,0.0,0.0,0.0,0.0,0.0,0.0,0.0,0.0,0.0,0.0,0.0,0.0,0.0,0.0,0.0,0.0,0.0,0.0,0.0,0.0,0.0,0.0,0.0,0.0,0.0,0.0,0.0,0.0,0.0,0.0,False,False
2017-06-08,0.0,0.0,0.0,0.0,0.0,0.0,0.0,0.0,0.0,0.0,0.0,0.0,0.0,0.0,0.0,0.0,0.0,0.0,0.0,0.0,0.0,0.0,0.0,0.0,0.0,0.0,0.0,0.0,0.0,0.0,False,False
2017-06-09,0.0,0.0,0.0,0.0,0.0,0.0,0.0,0.0,0.0,0.0,0.0,0.0,0.0,0.0,0.0,0.0,0.0,0.0,0.0,0.0,0.0,0.0,0.0,0.0,0.0,0.0,0.0,0.0,0.0,0.0,False,False
2017-06-12,0.0,0.0,0.0,0.0,0.0,0.0,0.0,0.0,0.0,0.0,0.0,0.0,0.0,0.0,0.0,0.0,0.0,0.0,0.0,0.0,0.0,0.0,0.0,0.0,0.0,0.0,0.0,0.0,0.0,0.0,False,False
2017-06-13,0.0,0.0,0.0,0.0,0.0,0.0,0.0,0.0,0.0,0.0,0.0,0.0,0.0,0.0,0.0,0.0,0.0,0.0,0.0,0.0,0.0,0.0,0.0,0.0,0.0,0.0,0.0,0.0,0.0,0.0,False,False
2017-06-14,0.0,0.0,0.0,0.0,0.0,0.0,0.0,0.0,0.0,0.0,0.0,0.0,0.0,0.0,0.0,0.0,0.0,0.0,0.0,0.0,0.0,0.0,0.0,0.0,0.0,0.0,0.0,0.0,0.0,0.0,False,False
2017-06-15,0.0,0.0,0.0,0.0,0.0,0.0,0.0,0.0,0.0,0.0,0.0,0.0,0.0,0.0,0.0,0.0,0.0,0.0,0.0,0.0,0.0,0.0,0.0,0.0,0.0,0.0,0.0,0.0,0.0,0.0,False,False
2017-06-16,0.0,0.0,0.0,0.0,0.0,0.0,0.0,0.0,0.0,0.0,0.0,0.0,0.0,0.0,0.0,0.0,0.0,0.0,0.0,0.0,0.0,0.0,0.0,0.0,0.0,0.0,0.0,0.0,0.0,0.0,False,False
2017-06-19,0.0,0.0,0.0,0.0,0.0,0.0,0.0,0.0,0.0,0.0,0.0,0.0,0.0,0.0,0.0,0.0,0.0,0.0,0.0,0.0,0.0,0.0,0.0,0.0,0.0,0.0,0.0,0.0,0.0,0.0,False,False
2017-06-20,0.0,0.0,0.0,0.0,0.0,0.0,0.0,0.0,0.0,0.0,0.0,0.0,0.0,0.0,0.0,0.0,0.0,0.0,0.0,0.0,0.0,0.0,0.0,0.0,0.0,0.0,0.0,0.0,0.0,0.0,False,False
2017-06-21,0.0,0.0,0.0,0.0,0.0,0.0,0.0,0.0,0.0,0.0,0.0,0.0,0.0,0.0,0.0,0.0,0.0,0.0,0.0,0.0,0.0,0.0,0.0,0.0,0.0,0.0,0.0,0.0,0.0,0.0,False,False
2017-06-22,0.0,0.0,0.0,0.0,0.0,0.0,0.0,0.0,0.0,0.0,0.0,0.0,0.0,0.0,0.0,0.0,0.0,0.0,0.0,0.0,0.0,0.0,0.0,0.0,0.0,0.0,0.0,0.0,0.0,0.0,False,False
2017-06-23,0.0,0.0,0.0,0.0,0.0,0.0,0.0,0.0,0.0,0.0,0.0,0.0,0.0,0.0,0.0,0.0,0.0,0.0,0.0,0.0,0.0,0.0,0.0,0.0,0.0,0.0,0.0,0.0,0.0,0.0,False,False
2017-06-26,0.0,0.0,0.0,0.0,0.0,0.0,0.0,0.0,0.0,0.0,0.0,0.0,0.0,0.0,0.0,0.0,0.0,0.0,0.0,0.0,0.0,0.0,0.0,0.0,0.0,0.0,0.0,0.0,0.0,0.0,False,False
2017-06-27,0.0,0.0,0.0,0.0,0.0,0.0,0.0,0.0,0.0,0.0,0.0,0.0,0.0,0.0,0.0,0.0,0.0,0.0,0.0,0.0,0.0,0.0,0.0,0.0,0.0,0.0,0.0,0.0,0.0,0.0,False,False
2017-06-28,0.0,0.0,0.0,0.0,0.0,0.0,0.0,0.0,0.0,0.0,0.0,0.0,0.0,0.0,0.0,0.0,0.0,0.0,0.0,0.0,0.0,0.0,0.0,0.0,0.0,0.0,0.0,0.0,0.0,0.0,False,False
2017-06-29,0.0,0.0,0.0,0.0,0.0,0.0,0.0,0.0,0.0,0.0,0.0,0.0,0.0,0.0,0.0,0.0,0.0,0.0,0.0,0.0,0.0,0.0,0.0,0.0,0.0,0.0,0.0,0.0,0.0,0.0,False,False
2017-06-30,0.0,0.0,0.0,0.0,0.0,0.0,0.0,0.0,0.0,0.0,0.0,0.0,0.0,0.0,0.0,0.0,0.0,0.0,0.0,0.0,0.0,0.0,0.0,0.0,0.0,0.0,0.0,0.0,0.0,0.0,False,False
2017-07-03,0.0,0.0,0.0,0.0,0.0,0.0,0.0,0.0,0.0,0.0,0.0,0.0,0.0,0.0,0.0,0.0,0.0,0.0,0.0,0.0,0.0,0.0,0.0,0.0,0.0,0.0,0.0,0.0,0.0,0.0,False,False
2017-07-05,0.0,0.0,0.0,0.0,0.0,0.0,0.0,0.0,0.0,0.0,0.0,0.0,0.0,0.0,0.0,0.0,0.0,0.0,0.0,0.0,0.0,0.0,0.0,0.0,0.0,0.0,0.0,0.0,0.0,0.0,False,False
2017-07-06,0.0,0.0,0.0,0.0,0.0,0.0,0.0,0.0,0.0,0.0,0.0,0.0,0.0,0.0,0.0,0.0,0.0,0.0,0.0,0.0,0.0,0.0,0.0,0.0,0.0,0.0,0.0,0.0,0.0,0.0,False,False
2017-07-07,0.0,0.0,0.0,0.0,0.0,0.0,0.0,0.0,0.0,0.0,0.0,0.0,0.0,0.0,0.0,0.0,0.0,0.0,0.0,0.0,0.0,0.0,0.0,0.0,0.0,0.0,0.0,0.0,0.0,0.0,False,False
2017-07-10,0.0,0.0,0.0,0.0,0.0,0.0,0.0,0.0,0.0,0.0,0.0,0.0,0.0,0.0,0.0,0.0,0.0,0.0,0.0,0.0,0.0,0.0,0.0,0.0,0.0,0.0,0.0,0.0,0.0,0.0,False,False
2017-07-11,0.0,0.0,0.0,0.0,0.0,0.0,0.0,0.0,0.0,0.0,0.0,0.0,0.0,0.0,0.0,0.0,0.0,0.0,0.0,0.0,0.0,0.0,0.0,0.0,0.0,0.0,0.0,0.0,0.0,0.0,False,False
2017-07-12,0.0,0.0,0.0,0.0,0.0,0.0,0.0,0.0,0.0,0.0,0.0,0.0,0.0,0.0,0.0,0.0,0.0,0.0,0.0,0.0,0.0,0.0,0.0,0.0,0.0,0.0,0.0,0.0,0.0,0.0,False,False
2017-07-13,0.0,0.0,0.0,0.0,0.0,0.0,0.0,0.0,0.0,0.0,0.0,0.0,0.0,0.0,0.0,0.0,0.0,0.0,0.0,0.0,0.0,0.0,0.0,0.0,0.0,0.0,0.0,0.0,0.0,0.0,False,False
2017-07-14,0.0,0.0,0.0,0.0,0.0,0.0,0.0,0.0,0.0,0.0,0.0,0.0,0.0,0.0,0.0,0.0,0.0,0.0,0.0,0.0,0.0,0.0,0.0,0.0,0.0,0.0,0.0,0.0,0.0,0.0,False,False
2017-07-17,0.0,0.0,0.0,0.0,0.0,0.0,0.0,0.0,0.0,0.0,0.0,0.0,0.0,0.0,0.0,0.0,0.0,0.0,0.0,0.0,0.0,0.0,0.0,0.0,0.0,0.0,0.0,0.0,0.0,0.0,False,False
2017-07-18,0.0,0.0,0.0,0.0,0.0,0.0,0.0,0.0,0.0,0.0,0.0,0.0,0.0,0.0,0.0,0.0,0.0,0.0,0.0,0.0,0.0,0.0,0.0,0.0,0.0,0.0,0.0,0.0,0.0,0.0,False,False
2017-07-19,0.0,0.0,0.0,0.0,0.0,0.0,0.0,0.0,0.0,0.0,0.0,0.0,0.0,0.0,0.0,0.0,0.0,0.0,0.0,0.0,0.0,0.0,0.0,0.0,0.0,0.0,0.0,0.0,0.0,0.0,False,False
2017-07-20,0.0,0.0,0.0,0.0,0.0,0.0,0.0,0.0,0.0,0.0,0.0,0.0,0.0,0.0,0.0,0.0,0.0,0.0,0.0,0.0,0.0,0.0,0.0,0.0,0.0,0.0,0.0,0.0,0.0,0.0,False,False
2017-07-21,0.0,0.0,0.0,0.0,0.0,0.0,0.0,0.0,0.0,0.0,0.0,0.0,0.0,0.0,0.0,0.0,0.0,0.0,0.0,0.0,0.0,0.0,0.0,0.0,0.0,0.0,0.0,0.0,0.0,0.0,False,False
2017-07-24,0.0,0.0,0.0,0.0,0.0,0.0,0.0,0.0,0.0,0.0,0.0,0.0,0.0,0.0,0.0,0.0,0.0,0.0,0.0,0.0,0.0,0.0,0.0,0.0,0.0,0.0,0.0,0.0,0.0,0.0,False,False
2017-07-25,0.0,0.0,0.0,0.0,0.0,0.0,0.0,0.0,0.0,0.0,0.0,0.0,0.0,0.0,0.0,0.0,0.0,0.0,0.0,0.0,0.0,0.0,0.0,0.0,0.0,0.0,0.0,0.0,0.0,0.0,False,False
2017-07-26,0.0,0.0,0.0,0.0,0.0,0.0,0.0,0.0,0.0,0.0,0.0,0.0,0.0,0.0,0.0,0.0,0.0,0.0,0.0,0.0,0.0,0.0,0.0,0.0,0.0,0.0,0.0,0.0,0.0,0.0,False,False
2017-07-27,0.0,0.0,0.0,0.0,0.0,0.0,0.0,0.0,0.0,0.0,0.0,0.0,0.0,0.0,0.0,0.0,0.0,0.0,0.0,0.0,0.0,0.0,0.0,0.0,0.0,0.0,0.0,0.0,0.0,0.0,False,False
2017-07-28,0.0,0.0,0.0,0.0,0.0,0.0,0.0,0.0,0.0,0.0,0.0,0.0,0.0,0.0,0.0,0.0,0.0,0.0,0.0,0.0,0.0,0.0,0.0,0.0,0.0,0.0,0.0,0.0,0.0,0.0,False,False
2017-07-31,0.0,0.0,0.0,0.0,0.0,0.0,0.0,0.0,0.0,0.0,0.0,0.0,0.0,0.0,0.0,0.0,0.0,0.0,0.0,0.0,0.0,0.0,0.0,0.0,0.0,0.0,0.0,0.0,0.0,0.0,False,False
2017-08-01,0.0,0.0,0.0,0.0,0.0,0.0,0.0,0.0,0.0,0.0,0.0,0.0,0.0,0.0,0.0,0.0,0.0,0.0,0.0,0.0,0.0,0.0,0.0,0.0,0.0,0.0,0.0,0.0,0.0,0.0,False,False
2017-08-02,0.0,0.0,0.0,0.0,0.0,0.0,0.0,0.0,0.0,0.0,0.0,0.0,0.0,0.0,0.0,0.0,0.0,0.0,0.0,0.0,0.0,0.0,0.0,0.0,0.0,0.0,0.0,0.0,0.0,0.0,False,False
2017-08-03,0.0,0.0,0.0,0.0,0.0,0.0,0.0,0.0,0.0,0.0,0.0,0.0,0.0,0.0,0.0,0.0,0.0,0.0,0.0,0.0,0.0,0.0,0.0,0.0,0.0,0.0,0.0,0.0,0.0,0.0,False,False
2017-08-04,0.0,0.0,0.0,0.0,0.0,0.0,0.0,0.0,0.0,0.0,0.0,0.0,0.0,0.0,0.0,0.0,0.0,0.0,0.0,0.0,0.0,0.0,0.0,0.0,0.0,0.0,0.0,0.0,0.0,0.0,False,False
2017-08-07,0.0,0.0,0.0,0.0,0.0,0.0,0.0,0.0,0.0,0.0,0.0,0.0,0.0,0.0,0.0,0.0,0.0,0.0,0.0,0.0,0.0,0.0,0.0,0.0,0.0,0.0,0.0,0.0,0.0,0.0,False,False
2017-08-08,0.0,0.0,0.0,0.0,0.0,0.0,0.0,0.0,0.0,0.0,0.0,0.0,0.0,0.0,0.0,0.0,0.0,0.0,0.0,0.0,0.0,0.0,0.0,0.0,0.0,0.0,0.0,0.0,0.0,0.0,False,False
2017-08-09,0.0,0.0,0.0,0.0,0.0,0.0,0.0,0.0,0.0,0.0,0.0,0.0,0.0,0.0,0.0,0.0,0.0,0.0,0.0,0.0,0.0,0.0,0.0,0.0,0.0,0.0,0.0,0.0,0.0,0.0,False,False
2017-08-10,0.0,0.0,0.0,0.0,0.0,0.0,0.0,0.0,0.0,0.0,0.0,0.0,0.0,0.0,0.0,0.0,0.0,0.0,0.0,0.0,0.0,0.0,0.0,0.0,0.0,0.0,0.0,0.0,0.0,0.0,False,False
2017-08-11,0.0,0.0,0.0,0.0,0.0,0.0,0.0,0.0,0.0,0.0,0.0,0.0,0.0,0.0,0.0,0.0,0.0,0.0,0.0,0.0,0.0,0.0,0.0,0.0,0.0,0.0,0.0,0.0,0.0,0.0,False,False
2017-08-14,0.0,0.0,0.0,0.0,0.0,0.0,0.0,0.0,0.0,0.0,0.0,0.0,0.0,0.0,0.0,0.0,0.0,0.0,0.0,0.0,0.0,0.0,0.0,0.0,0.0,0.0,0.0,0.0,0.0,0.0,False,False
2017-08-15,0.0,0.0,0.0,0.0,0.0,0.0,0.0,0.0,0.0,0.0,0.0,0.0,0.0,0.0,0.0,0.0,0.0,0.0,0.0,0.0,0.0,0.0,0.0,0.0,0.0,0.0,0.0,0.0,0.0,0.0,False,False
2017-08-16,0.0,0.0,0.0,0.0,0.0,0.0,0.0,0.0,0.0,0.0,0.0,0.0,0.0,0.0,0.0,0.0,0.0,0.0,0.0,0.0,0.0,0.0,0.0,0.0,0.0,0.0,0.0,0.0,0.0,0.0,False,False
2017-08-17,0.0,0.0,0.0,0.0,0.0,0.0,0.0,0.0,0.0,0.0,0.0,0.0,0.0,0.0,0.0,0.0,0.0,0.0,0.0,0.0,0.0,0.0,0.0,0.0,0.0,0.0,0.0,0.0,0.0,0.0,False,False
2017-08-18,0.0,0.0,0.0,0.0,0.0,0.0,0.0,0.0,0.0,0.0,0.0,0.0,0.0,0.0,0.0,0.0,0.0,0.0,0.0,0.0,0.0,0.0,0.0,0.0,0.0,0.0,0.0,0.0,0.0,0.0,False,False
2017-08-21,0.0,0.0,0.0,0.0,0.0,0.0,0.0,0.0,0.0,0.0,0.0,0.0,0.0,0.0,0.0,0.0,0.0,0.0,0.0,0.0,0.0,0.0,0.0,0.0,0.0,0.0,0.0,0.0,0.0,0.0,False,False
2017-08-22,0.0,0.0,0.0,0.0,0.0,0.0,0.0,0.0,0.0,0.0,0.0,0.0,0.0,0.0,0.0,0.0,0.0,0.0,0.0,0.0,0.0,0.0,0.0,0.0,0.0,0.0,0.0,0.0,0.0,0.0,False,False
2017-08-23,0.0,0.0,0.0,0.0,0.0,0.0,0.0,0.0,0.0,0.0,0.0,0.0,0.0,0.0,0.0,0.0,0.0,0.0,0.0,0.0,0.0,0.0,0.0,0.0,0.0,0.0,0.0,0.0,0.0,0.0,False,False
2017-08-24,0.0,0.0,0.0,0.0,0.0,0.0,0.0,0.0,0.0,0.0,0.0,0.0,0.0,0.0,0.0,0.0,0.0,0.0,0.0,0.0,0.0,0.0,0.0,0.0,0.0,0.0,0.0,0.0,0.0,0.0,False,False
2017-08-25,0.0,0.0,0.0,0.0,0.0,0.0,0.0,0.0,0.0,0.0,0.0,0.0,0.0,0.0,0.0,0.0,0.0,0.0,0.0,0.0,0.0,0.0,0.0,0.0,0.0,0.0,0.0,0.0,0.0,0.0,False,False
2017-08-28,0.0,0.0,0.0,0.0,0.0,0.0,0.0,0.0,0.0,0.0,0.0,0.0,0.0,0.0,0.0,0.0,0.0,0.0,0.0,0.0,0.0,0.0,0.0,0.0,0.0,0.0,0.0,0.0,0.0,0.0,False,False
2017-08-29,0.0,0.0,0.0,0.0,0.0,0.0,0.0,0.0,0.0,0.0,0.0,0.0,0.0,0.0,0.0,0.0,0.0,0.0,0.0,0.0,0.0,0.0,0.0,0.0,0.0,0.0,0.0,0.0,0.0,0.0,False,False
2017-08-30,0.0,0.0,0.0,0.0,0.0,0.0,0.0,0.0,0.0,0.0,0.0,0.0,0.0,0.0,0.0,0.0,0.0,0.0,0.0,0.0,0.0,0.0,0.0,0.0,0.0,0.0,0.0,0.0,0.0,0.0,False,False
2017-08-31,0.0,0.0,0.0,0.0,0.0,0.0,0.0,0.0,0.0,0.0,0.0,0.0,0.0,0.0,0.0,0.0,0.0,0.0,0.0,0.0,0.0,0.0,0.0,0.0,0.0,0.0,0.0,0.0,0.0,0.0,False,False
2017-09-01,0.0,0.0,0.0,0.0,0.0,0.0,0.0,0.0,0.0,0.0,0.0,0.0,0.0,0.0,0.0,0.0,0.0,0.0,0.0,0.0,0.0,0.0,0.0,0.0,0.0,0.0,0.0,0.0,0.0,0.0,False,False
2017-09-05,0.0,0.0,0.0,0.0,0.0,0.0,0.0,0.0,0.0,0.0,0.0,0.0,0.0,0.0,0.0,0.0,0.0,0.0,0.0,0.0,0.0,0.0,0.0,0.0,0.0,0.0,0.0,0.0,0.0,0.0,False,False
2017-09-06,0.0,0.0,0.0,0.0,0.0,0.0,0.0,0.0,0.0,0.0,0.0,0.0,0.0,0.0,0.0,0.0,0.0,0.0,0.0,0.0,0.0,0.0,0.0,0.0,0.0,0.0,0.0,0.0,0.0,0.0,False,False
2017-09-07,0.0,0.0,0.0,0.0,0.0,0.0,0.0,0.0,0.0,0.0,0.0,0.0,0.0,0.0,0.0,0.0,0.0,0.0,0.0,0.0,0.0,0.0,0.0,0.0,0.0,0.0,0.0,0.0,0.0,0.0,False,False
2017-09-08,0.0,0.0,0.0,0.0,0.0,0.0,0.0,0.0,0.0,0.0,0.0,0.0,0.0,0.0,0.0,0.0,0.0,0.0,0.0,0.0,0.0,0.0,0.0,0.0,0.0,0.0,0.0,0.0,0.0,0.0,False,False
2017-09-11,0.0,0.0,0.0,0.0,0.0,0.0,0.0,0.0,0.0,0.0,0.0,0.0,0.0,0.0,0.0,0.0,0.0,0.0,0.0,0.0,0.0,0.0,0.0,0.0,0.0,0.0,0.0,0.0,0.0,0.0,False,False
2017-09-12,0.0,0.0,0.0,0.0,0.0,0.0,0.0,0.0,0.0,0.0,0.0,0.0,0.0,0.0,0.0,0.0,0.0,0.0,0.0,0.0,0.0,0.0,0.0,0.0,0.0,0.0,0.0,0.0,0.0,0.0,False,False
2017-09-13,0.0,0.0,0.0,0.0,0.0,0.0,0.0,0.0,0.0,0.0,0.0,0.0,0.0,0.0,0.0,0.0,0.0,0.0,0.0,0.0,0.0,0.0,0.0,0.0,0.0,0.0,0.0,0.0,0.0,0.0,False,False
2017-09-14,0.0,0.0,0.0,0.0,0.0,0.0,0.0,0.0,0.0,0.0,0.0,0.0,0.0,0.0,0.0,0.0,0.0,0.0,0.0,0.0,0.0,0.0,0.0,0.0,0.0,0.0,0.0,0.0,0.0,0.0,False,False
2017-09-15,0.0,0.0,0.0,0.0,0.0,0.0,0.0,0.0,0.0,0.0,0.0,0.0,0.0,0.0,0.0,0.0,0.0,0.0,0.0,0.0,0.0,0.0,0.0,0.0,0.0,0.0,0.0,0.0,0.0,0.0,False,False
2017-09-18,0.0,0.0,0.0,0.0,0.0,0.0,0.0,0.0,0.0,0.0,0.0,0.0,0.0,0.0,0.0,0.0,0.0,0.0,0.0,0.0,0.0,0.0,0.0,0.0,0.0,0.0,0.0,0.0,0.0,0.0,False,False
2017-09-19,0.0,0.0,0.0,0.0,0.0,0.0,0.0,0.0,0.0,0.0,0.0,0.0,0.0,0.0,0.0,0.0,0.0,0.0,0.0,0.0,0.0,0.0,0.0,0.0,0.0,0.0,0.0,0.0,0.0,0.0,False,False
2017-09-20,0.0,0.0,0.0,0.0,0.0,0.0,0.0,0.0,0.0,0.0,0.0,0.0,0.0,0.0,0.0,0.0,0.0,0.0,0.0,0.0,0.0,0.0,0.0,0.0,0.0,0.0,0.0,0.0,0.0,0.0,False,False
2017-09-21,0.0,0.0,0.0,0.0,0.0,0.0,0.0,0.0,0.0,0.0,0.0,0.0,0.0,0.0,0.0,0.0,0.0,0.0,0.0,0.0,0.0,0.0,0.0,0.0,0.0,0.0,0.0,0.0,0.0,0.0,False,False
2017-09-22,0.0,0.0,0.0,0.0,0.0,0.0,0.0,0.0,0.0,0.0,0.0,0.0,0.0,0.0,0.0,0.0,0.0,0.0,0.0,0.0,0.0,0.0,0.0,0.0,0.0,0.0,0.0,0.0,0.0,0.0,False,False
2017-09-25,0.0,0.0,0.0,0.0,0.0,0.0,0.0,0.0,0.0,0.0,0.0,0.0,0.0,0.0,0.0,0.0,0.0,0.0,0.0,0.0,0.0,0.0,0.0,0.0,0.0,0.0,0.0,0.0,0.0,0.0,False,False
2017-09-26,0.0,0.0,0.0,0.0,0.0,0.0,0.0,0.0,0.0,0.0,0.0,0.0,0.0,0.0,0.0,0.0,0.0,0.0,0.0,0.0,0.0,0.0,0.0,0.0,0.0,0.0,0.0,0.0,0.0,0.0,False,False
2017-09-27,0.0,0.0,0.0,0.0,0.0,0.0,0.0,0.0,0.0,0.0,0.0,0.0,0.0,0.0,0.0,0.0,0.0,0.0,0.0,0.0,0.0,0.0,0.0,0.0,0.0,0.0,0.0,0.0,0.0,0.0,False,False
2017-09-28,0.0,0.0,0.0,0.0,0.0,0.0,0.0,0.0,0.0,0.0,0.0,0.0,0.0,0.0,0.0,0.0,0.0,0.0,0.0,0.0,0.0,0.0,0.0,0.0,0.0,0.0,0.0,0.0,0.0,0.0,False,False
2017-09-29,0.0,0.0,0.0,0.0,0.0,0.0,0.0,0.0,0.0,0.0,0.0,0.0,0.0,0.0,0.0,0.0,0.0,0.0,0.0,0.0,0.0,0.0,0.0,0.0,0.0,0.0,0.0,0.0,0.0,0.0,False,False
2017-10-02,0.0,0.0,0.0,0.0,0.0,0.0,0.0,0.0,0.0,0.0,0.0,0.0,0.0,0.0,0.0,0.0,0.0,0.0,0.0,0.0,0.0,0.0,0.0,0.0,0.0,0.0,0.0,0.0,0.0,0.0,False,False
2017-10-03,0.0,0.0,0.0,0.0,0.0,0.0,0.0,0.0,0.0,0.0,0.0,0.0,0.0,0.0,0.0,0.0,0.0,0.0,0.0,0.0,0.0,0.0,0.0,0.0,0.0,0.0,0.0,0.0,0.0,0.0,False,False
2017-10-04,0.0,0.0,0.0,0.0,0.0,0.0,0.0,0.0,0.0,0.0,0.0,0.0,0.0,0.0,0.0,0.0,0.0,0.0,0.0,0.0,0.0,0.0,0.0,0.0,0.0,0.0,0.0,0.0,0.0,0.0,False,False
2017-10-05,0.0,0.0,0.0,0.0,0.0,0.0,0.0,0.0,0.0,0.0,0.0,0.0,0.0,0.0,0.0,0.0,0.0,0.0,0.0,0.0,0.0,0.0,0.0,0.0,0.0,0.0,0.0,0.0,0.0,0.0,False,False
2017-10-06,0.0,0.0,0.0,0.0,0.0,0.0,0.0,0.0,0.0,0.0,0.0,0.0,0.0,0.0,0.0,0.0,0.0,0.0,0.0,0.0,0.0,0.0,0.0,0.0,0.0,0.0,0.0,0.0,0.0,0.0,False,False
2017-10-09,0.0,0.0,0.0,0.0,0.0,0.0,0.0,0.0,0.0,0.0,0.0,0.0,0.0,0.0,0.0,0.0,0.0,0.0,0.0,0.0,0.0,0.0,0.0,0.0,0.0,0.0,0.0,0.0,0.0,0.0,False,False
2017-10-10,0.0,0.0,0.0,0.0,0.0,0.0,0.0,0.0,0.0,0.0,0.0,0.0,0.0,0.0,0.0,0.0,0.0,0.0,0.0,0.0,0.0,0.0,0.0,0.0,0.0,0.0,0.0,0.0,0.0,0.0,False,False
2017-10-11,0.0,0.0,0.0,0.0,0.0,0.0,0.0,0.0,0.0,0.0,0.0,0.0,0.0,0.0,0.0,0.0,0.0,0.0,0.0,0.0,0.0,0.0,0.0,0.0,0.0,0.0,0.0,0.0,0.0,0.0,False,False
2017-10-12,0.0,0.0,0.0,0.0,0.0,0.0,0.0,0.0,0.0,0.0,0.0,0.0,0.0,0.0,0.0,0.0,0.0,0.0,0.0,0.0,0.0,0.0,0.0,0.0,0.0,0.0,0.0,0.0,0.0,0.0,False,False
2017-10-13,0.0,0.0,0.0,0.0,0.0,0.0,0.0,0.0,0.0,0.0,0.0,0.0,0.0,0.0,0.0,0.0,0.0,0.0,0.0,0.0,0.0,0.0,0.0,0.0,0.0,0.0,0.0,0.0,0.0,0.0,False,False
2017-10-16,0.0,0.0,0.0,0.0,0.0,0.0,0.0,0.0,0.0,0.0,0.0,0.0,0.0,0.0,0.0,0.0,0.0,0.0,0.0,0.0,0.0,0.0,0.0,0.0,0.0,0.0,0.0,0.0,0.0,0.0,False,False
2017-10-17,0.0,0.0,0.0,0.0,0.0,0.0,0.0,0.0,0.0,0.0,0.0,0.0,0.0,0.0,0.0,0.0,0.0,0.0,0.0,0.0,0.0,0.0,0.0,0.0,0.0,0.0,0.0,0.0,0.0,0.0,False,False
2017-10-18,0.0,0.0,0.0,0.0,0.0,0.0,0.0,0.0,0.0,0.0,0.0,0.0,0.0,0.0,0.0,0.0,0.0,0.0,0.0,0.0,0.0,0.0,0.0,0.0,0.0,0.0,0.0,0.0,0.0,0.0,False,False
2017-10-19,0.0,0.0,0.0,0.0,0.0,0.0,0.0,0.0,0.0,0.0,0.0,0.0,0.0,0.0,0.0,0.0,0.0,0.0,0.0,0.0,0.0,0.0,0.0,0.0,0.0,0.0,0.0,0.0,0.0,0.0,False,False
2017-10-20,0.0,0.0,0.0,0.0,0.0,0.0,0.0,0.0,0.0,0.0,0.0,0.0,0.0,0.0,0.0,0.0,0.0,0.0,0.0,0.0,0.0,0.0,0.0,0.0,0.0,0.0,0.0,0.0,0.0,0.0,False,False
2017-10-23,0.0,0.0,0.0,0.0,0.0,0.0,0.0,0.0,0.0,0.0,0.0,0.0,0.0,0.0,0.0,0.0,0.0,0.0,0.0,0.0,0.0,0.0,0.0,0.0,0.0,0.0,0.0,0.0,0.0,0.0,False,False
2017-10-24,0.0,0.0,0.0,0.0,0.0,0.0,0.0,0.0,0.0,0.0,0.0,0.0,0.0,0.0,0.0,0.0,0.0,0.0,0.0,0.0,0.0,0.0,0.0,0.0,0.0,0.0,0.0,0.0,0.0,0.0,False,False
2017-10-25,0.0,0.0,0.0,0.0,0.0,0.0,0.0,0.0,0.0,0.0,0.0,0.0,0.0,0.0,0.0,0.0,0.0,0.0,0.0,0.0,0.0,0.0,0.0,0.0,0.0,0.0,0.0,0.0,0.0,0.0,False,False
2017-10-26,0.0,0.0,0.0,0.0,0.0,0.0,0.0,0.0,0.0,0.0,0.0,0.0,0.0,0.0,0.0,0.0,0.0,0.0,0.0,0.0,0.0,0.0,0.0,0.0,0.0,0.0,0.0,0.0,0.0,0.0,False,False
2017-10-27,0.0,0.0,0.0,0.0,0.0,0.0,0.0,0.0,0.0,0.0,0.0,0.0,0.0,0.0,0.0,0.0,0.0,0.0,0.0,0.0,0.0,0.0,0.0,0.0,0.0,0.0,0.0,0.0,0.0,0.0,False,False
2017-10-30,0.0,0.0,0.0,0.0,0.0,0.0,0.0,0.0,0.0,0.0,0.0,0.0,0.0,0.0,0.0,0.0,0.0,0.0,0.0,0.0,0.0,0.0,0.0,0.0,0.0,0.0,0.0,0.0,0.0,0.0,False,False
2017-10-31,0.0,0.0,0.0,0.0,0.0,0.0,0.0,0.0,0.0,0.0,0.0,0.0,0.0,0.0,0.0,0.0,0.0,0.0,0.0,0.0,0.0,0.0,0.0,0.0,0.0,0.0,0.0,0.0,0.0,0.0,False,False
2017-11-01,0.0,0.0,0.0,0.0,0.0,0.0,0.0,0.0,0.0,0.0,0.0,0.0,0.0,0.0,0.0,0.0,0.0,0.0,0.0,0.0,0.0,0.0,0.0,0.0,0.0,0.0,0.0,0.0,0.0,0.0,False,False
2017-11-02,0.0,0.0,0.0,0.0,0.0,0.0,0.0,0.0,0.0,0.0,0.0,0.0,0.0,0.0,0.0,0.0,0.0,0.0,0.0,0.0,0.0,0.0,0.0,0.0,0.0,0.0,0.0,0.0,0.0,0.0,False,False
2017-11-03,0.0,0.0,0.0,0.0,0.0,0.0,0.0,0.0,0.0,0.0,0.0,0.0,0.0,0.0,0.0,0.0,0.0,0.0,0.0,0.0,0.0,0.0,0.0,0.0,0.0,0.0,0.0,0.0,0.0,0.0,False,False
2017-11-06,0.0,0.0,0.0,0.0,0.0,0.0,0.0,0.0,0.0,0.0,0.0,0.0,0.0,0.0,0.0,0.0,0.0,0.0,0.0,0.0,0.0,0.0,0.0,0.0,0.0,0.0,0.0,0.0,0.0,0.0,False,False
2017-11-07,0.0,0.0,0.0,0.0,0.0,0.0,0.0,0.0,0.0,0.0,0.0,0.0,0.0,0.0,0.0,0.0,0.0,0.0,0.0,0.0,0.0,0.0,0.0,0.0,0.0,0.0,0.0,0.0,0.0,0.0,False,False
2017-11-08,0.0,0.0,0.0,0.0,0.0,0.0,0.0,0.0,0.0,0.0,0.0,0.0,0.0,0.0,0.0,0.0,0.0,0.0,0.0,0.0,0.0,0.0,0.0,0.0,0.0,0.0,0.0,0.0,0.0,0.0,False,False
2017-11-09,0.0,0.0,0.0,0.0,0.0,0.0,0.0,0.0,0.0,0.0,0.0,0.0,0.0,0.0,0.0,0.0,0.0,0.0,0.0,0.0,0.0,0.0,0.0,0.0,0.0,0.0,0.0,0.0,0.0,0.0,False,False
2017-11-10,0.0,0.0,0.0,0.0,0.0,0.0,0.0,0.0,0.0,0.0,0.0,0.0,0.0,0.0,0.0,0.0,0.0,0.0,0.0,0.0,0.0,0.0,0.0,0.0,0.0,0.0,0.0,0.0,0.0,0.0,False,False
2017-11-13,0.0,0.0,0.0,0.0,0.0,0.0,0.0,0.0,0.0,0.0,0.0,0.0,0.0,0.0,0.0,0.0,0.0,0.0,0.0,0.0,0.0,0.0,0.0,0.0,0.0,0.0,0.0,0.0,0.0,0.0,False,False
2017-11-14,0.0,0.0,0.0,0.0,0.0,0.0,0.0,0.0,0.0,0.0,0.0,0.0,0.0,0.0,0.0,0.0,0.0,0.0,0.0,0.0,0.0,0.0,0.0,0.0,0.0,0.0,0.0,0.0,0.0,0.0,False,False
2017-11-15,0.0,0.0,0.0,0.0,0.0,0.0,0.0,0.0,0.0,0.0,0.0,0.0,0.0,0.0,0.0,0.0,0.0,0.0,0.0,0.0,0.0,0.0,0.0,0.0,0.0,0.0,0.0,0.0,0.0,0.0,False,False
2017-11-16,0.0,0.0,0.0,0.0,0.0,0.0,0.0,0.0,0.0,0.0,0.0,0.0,0.0,0.0,0.0,0.0,0.0,0.0,0.0,0.0,0.0,0.0,0.0,0.0,0.0,0.0,0.0,0.0,0.0,0.0,False,False
2017-11-17,0.0,0.0,0.0,0.0,0.0,0.0,0.0,0.0,0.0,0.0,0.0,0.0,0.0,0.0,0.0,0.0,0.0,0.0,0.0,0.0,0.0,0.0,0.0,0.0,0.0,0.0,0.0,0.0,0.0,0.0,False,False
2017-11-20,0.0,0.0,0.0,0.0,0.0,0.0,0.0,0.0,0.0,0.0,0.0,0.0,0.0,0.0,0.0,0.0,0.0,0.0,0.0,0.0,0.0,0.0,0.0,0.0,0.0,0.0,0.0,0.0,0.0,0.0,False,False
2017-11-21,0.0,0.0,0.0,0.0,0.0,0.0,0.0,0.0,0.0,0.0,0.0,0.0,0.0,0.0,0.0,0.0,0.0,0.0,0.0,0.0,0.0,0.0,0.0,0.0,0.0,0.0,0.0,0.0,0.0,0.0,False,False
2017-11-22,0.0,0.0,0.0,0.0,0.0,0.0,0.0,0.0,0.0,0.0,0.0,0.0,0.0,0.0,0.0,0.0,0.0,0.0,0.0,0.0,0.0,0.0,0.0,0.0,0.0,0.0,0.0,0.0,0.0,0.0,False,False
2017-11-24,0.0,0.0,0.0,0.0,0.0,0.0,0.0,0.0,0.0,0.0,0.0,0.0,0.0,0.0,0.0,0.0,0.0,0.0,0.0,0.0,0.0,0.0,0.0,0.0,0.0,0.0,0.0,0.0,0.0,0.0,False,False
2017-11-27,0.0,0.0,0.0,0.0,0.0,0.0,0.0,0.0,0.0,0.0,0.0,0.0,0.0,0.0,0.0,0.0,0.0,0.0,0.0,0.0,0.0,0.0,0.0,0.0,0.0,0.0,0.0,0.0,0.0,0.0,False,False
2017-11-28,0.0,0.0,0.0,0.0,0.0,0.0,0.0,0.0,0.0,0.0,0.0,0.0,0.0,0.0,0.0,0.0,0.0,0.0,0.0,0.0,0.0,0.0,0.0,0.0,0.0,0.0,0.0,0.0,0.0,0.0,False,False
2017-11-29,0.0,0.0,0.0,0.0,0.0,0.0,0.0,0.0,0.0,0.0,0.0,0.0,0.0,0.0,0.0,0.0,0.0,0.0,0.0,0.0,0.0,0.0,0.0,0.0,0.0,0.0,0.0,0.0,0.0,0.0,False,False
2017-11-30,0.0,0.0,0.0,0.0,0.0,0.0,0.0,0.0,0.0,0.0,0.0,0.0,0.0,0.0,0.0,0.0,0.0,0.0,0.0,0.0,0.0,0.0,0.0,0.0,0.0,0.0,0.0,0.0,0.0,0.0,False,False
2017-12-01,0.0,0.0,0.0,0.0,0.0,0.0,0.0,0.0,0.0,0.0,0.0,0.0,0.0,0.0,0.0,0.0,0.0,0.0,0.0,0.0,0.0,0.0,0.0,0.0,0.0,0.0,0.0,0.0,0.0,0.0,False,False
2017-12-04,0.0,0.0,0.0,0.0,0.0,0.0,0.0,0.0,0.0,0.0,0.0,0.0,0.0,0.0,0.0,0.0,0.0,0.0,0.0,0.0,0.0,0.0,0.0,0.0,0.0,0.0,0.0,0.0,0.0,0.0,False,False
2017-12-05,0.0,0.0,0.0,0.0,0.0,0.0,0.0,0.0,0.0,0.0,0.0,0.0,0.0,0.0,0.0,0.0,0.0,0.0,0.0,0.0,0.0,0.0,0.0,0.0,0.0,0.0,0.0,0.0,0.0,0.0,False,False
2017-12-06,0.0,0.0,0.0,0.0,0.0,0.0,0.0,0.0,0.0,0.0,0.0,0.0,0.0,0.0,0.0,0.0,0.0,0.0,0.0,0.0,0.0,0.0,0.0,0.0,0.0,0.0,0.0,0.0,0.0,0.0,False,False
2017-12-07,0.0,0.0,0.0,0.0,0.0,0.0,0.0,0.0,0.0,0.0,0.0,0.0,0.0,0.0,0.0,0.0,0.0,0.0,0.0,0.0,0.0,0.0,0.0,0.0,0.0,0.0,0.0,0.0,0.0,0.0,False,False
2017-12-08,0.0,0.0,0.0,0.0,0.0,0.0,0.0,0.0,0.0,0.0,0.0,0.0,0.0,0.0,0.0,0.0,0.0,0.0,0.0,0.0,0.0,0.0,0.0,0.0,0.0,0.0,0.0,0.0,0.0,0.0,False,False
2017-12-11,0.0,0.0,0.0,0.0,0.0,0.0,0.0,0.0,0.0,0.0,0.0,0.0,0.0,0.0,0.0,0.0,0.0,0.0,0.0,0.0,0.0,0.0,0.0,0.0,0.0,0.0,0.0,0.0,0.0,0.0,False,False
2017-12-12,0.0,0.0,0.0,0.0,0.0,0.0,0.0,0.0,0.0,0.0,0.0,0.0,0.0,0.0,0.0,0.0,0.0,0.0,0.0,0.0,0.0,0.0,0.0,0.0,0.0,0.0,0.0,0.0,0.0,0.0,False,False
2017-12-13,0.0,0.0,0.0,0.0,0.0,0.0,0.0,0.0,0.0,0.0,0.0,0.0,0.0,0.0,0.0,0.0,0.0,0.0,0.0,0.0,0.0,0.0,0.0,0.0,0.0,0.0,0.0,0.0,0.0,0.0,False,False
2017-12-14,0.0,0.0,0.0,0.0,0.0,0.0,0.0,0.0,0.0,0.0,0.0,0.0,0.0,0.0,0.0,0.0,0.0,0.0,0.0,0.0,0.0,0.0,0.0,0.0,0.0,0.0,0.0,0.0,0.0,0.0,False,False
2017-12-15,0.0,0.0,0.0,0.0,0.0,0.0,0.0,0.0,0.0,0.0,0.0,0.0,0.0,0.0,0.0,0.0,0.0,0.0,0.0,0.0,0.0,0.0,0.0,0.0,0.0,0.0,0.0,0.0,0.0,0.0,False,False
2017-12-18,0.0,0.0,0.0,0.0,0.0,0.0,0.0,0.0,0.0,0.0,0.0,0.0,0.0,0.0,0.0,0.0,0.0,0.0,0.0,0.0,0.0,0.0,0.0,0.0,0.0,0.0,0.0,0.0,0.0,0.0,False,False
2017-12-19,0.0,0.0,0.0,0.0,0.0,0.0,0.0,0.0,0.0,0.0,0.0,0.0,0.0,0.0,0.0,0.0,0.0,0.0,0.0,0.0,0.0,0.0,0.0,0.0,0.0,0.0,0.0,0.0,0.0,0.0,False,False
2017-12-20,0.0,0.0,0.0,0.0,0.0,0.0,0.0,0.0,0.0,0.0,0.0,0.0,0.0,0.0,0.0,0.0,0.0,0.0,0.0,0.0,0.0,0.0,0.0,0.0,0.0,0.0,0.0,0.0,0.0,0.0,False,False
2017-12-21,0.0,0.0,0.0,0.0,0.0,0.0,0.0,0.0,0.0,0.0,0.0,0.0,0.0,0.0,0.0,0.0,0.0,0.0,0.0,0.0,0.0,0.0,0.0,0.0,0.0,0.0,0.0,0.0,0.0,0.0,False,False
2017-12-22,0.0,0.0,0.0,0.0,0.0,0.0,0.0,0.0,0.0,0.0,0.0,0.0,0.0,0.0,0.0,0.0,0.0,0.0,0.0,0.0,0.0,0.0,0.0,0.0,0.0,0.0,0.0,0.0,0.0,0.0,False,False
2017-12-26,0.0,0.0,0.0,0.0,0.0,0.0,0.0,0.0,0.0,0.0,0.0,0.0,0.0,0.0,0.0,0.0,0.0,0.0,0.0,0.0,0.0,0.0,0.0,0.0,0.0,0.0,0.0,0.0,0.0,0.0,False,False
2017-12-27,0.0,0.0,0.0,0.0,0.0,0.0,0.0,0.0,0.0,0.0,0.0,0.0,0.0,0.0,0.0,0.0,0.0,0.0,0.0,0.0,0.0,0.0,0.0,0.0,0.0,0.0,0.0,0.0,0.0,0.0,False,False
2017-12-28,0.0,0.0,0.0,0.0,0.0,0.0,0.0,0.0,0.0,0.0,0.0,0.0,0.0,0.0,0.0,0.0,0.0,0.0,0.0,0.0,0.0,0.0,0.0,0.0,0.0,0.0,0.0,0.0,0.0,0.0,False,False
2017-12-29,0.0,0.0,0.0,0.0,0.0,0.0,0.0,0.0,0.0,0.0,0.0,0.0,0.0,0.0,0.0,0.0,0.0,0.0,0.0,0.0,0.0,0.0,0.0,0.0,0.0,0.0,0.0,0.0,0.0,0.0,False,False
2018-01-02,384968.51104235183,33573083.563,16786541.781500004,16786541.7815,266.45304415079363,4.0,4.0,8.0,4.0,0.5,0.05000000000000001,0.033573083563000004,0.033573083563000004,0.033573083563000004,0.06714616712600001,0.00038496851104235185,1.3429233425200003e-05,3.3573083563000007e-06,1.00719250689e-05,13429.233425200004,2.664530441507936e-07,0.0003816112026860518,0.0003715392776171518,0.0003715392776171518,0.000371272824573001,3.8496851104235184,0.033573083563000004,0.100719250689,0.002664530441507936,3.71272824573001,False,True
2018-01-03,89544.35819036384,18989284.676873002,9494642.338436501,9494642.338436501,824.6209158597064,4.0,4.0,8.0,4.0,0.5,0.05000000000000001,0.018989284676873,0.018989284676873,0.018989284676873,0.037978569353746,8.954435819036384e-05,7.5957138707492e-06,1.8989284676873e-06,5.696785403061899e-06,7595.7138707492,8.246209158597064e-07,8.764542972267654e-05,8.194864431961464e-05,8.194864431961464e-05,8.112402340375493e-05,0.8954435819036384,0.018989284676873,0.05696785403061899,0.008246209158597065,0.8112402340375493,False,True
2018-01-04,7048.581028630864,14927690.099242002,7463845.049621001,7463845.049621,152.83842761303174,4.0,4.0,8.0,4.0,0.5,0.05000000000000001,0.014927690099242002,0.014927690099242002,0.014927690099242002,0.029855380198484004,7.048581028630864e-06,5.971076039696801e-06,1.4927690099242002e-06,4.4783070297726e-06,5971.076039696801,1.5283842761303175e-07,5.555812018706664e-06,1.077504988934064e-06,1.077504988934064e-06,9.246665613210323e-07,0.07048581028630864,0.014927690099242002,0.044783070297726,0.0015283842761303174,0.009246665613210324,False,True
2018-01-05,101938.81541010641,18143427.620300002,9071713.810150003,9071713.81015,205.0910763515873,4.0,4.0,8.0,4.0,0.5,0.05,0.018143427620300003,0.018143427620300003,0.018143427620300003,0.036286855240600005,0.00010193881541010642,7.257371048120001e-06,1.8143427620300003e-06,5.44302828609e-06,7257.371048120001,2.0509107635158731e-07,0.00010012447264807642,9.468144436198641e-05,9.468144436198641e-05,9.447635328563483e-05,1.019388154101064,0.018143427620300003,0.0544302828609,0.0020509107635158733,0.9447635328563483,False,True
2018-01-08,-28503.299557070288,21878404.286877,10939202.143438498,10939202.1434385,271.600223705373,4.0,4.0,8.0,4.0,0.5,0.05,0.021878404286877,0.021878404286877,0.021878404286877,0.043756808573754,-2.850329955707029e-05,8.7513617147508e-06,2.1878404286877e-06,6.563521286063099e-06,8751.3617147508,2.71600223705373e-07,-3.0691139985757986e-05,-3.7254661271821087e-05,-3.7254661271821087e-05,-3.752626149552646e-05,-0.2850329955707029,0.021878404286877,0.065635212860631,0.0027160022370537303,-0.3752626149552646,False,True
2018-01-09,-151796.1110654561,15419713.149250003,7709856.574625001,7709856.574625,255.79830484484125,4.0,4.0,8.0,4.0,0.5,0.05,0.015419713149250003,0.015419713149250003,0.015419713149250003,0.030839426298500006,-0.0001517961110654561,6.1678852597000014e-06,1.5419713149250004e-06,4.625913944775e-06,6167.885259700001,2.5579830484484124e-07,-0.0001533380823803811,-0.0001579639963251561,-0.0001579639963251561,-0.00015821979463000093,-1.517961110654561,0.015419713149250003,0.04625913944775,0.0025579830484484126,-1.5821979463000093,False,True
2018-01-10,14309.56635568364,6039755.499350001,3019877.7496750006,3019877.749675,175.67864156150796,4.0,4.0,8.0,4.0,0.5,0.05,0.006039755499350001,0.006039755499350001,0.006039755499350001,0.012079510998700003,1.430956635568364e-05,2.4159021997400007e-06,6.039755499350002e-07,1.8119266498050002e-06,2415.9021997400005,1.7567864156150795e-07,1.370559080574864e-05,1.189366415594364e-05,1.189366415594364e-05,1.1717985514382132e-05,0.1430956635568364,0.006039755499350001,0.018119266498050002,0.0017567864156150794,0.11717985514382132,False,True
2018-01-11,-1681.451778351312,35296723.8635415,17648361.931770746,17648361.93177075,280.1327290757262,4.0,4.0,8.0,4.0,0.5,0.05,0.0352967238635415,0.0352967238635415,0.0352967238635415,0.070593447727083,-1.6814517783513119e-06,1.41186895454166e-05,3.52967238635415e-06,1.0589017159062448e-05,14118.689545416599,2.8013272907572624e-07,-5.2111241647054615e-06,-1.580014132376791e-05,-1.580014132376791e-05,-1.6080274052843636e-05,-0.01681451778351312,0.0352967238635415,0.10589017159062449,0.002801327290757262,-0.16080274052843635,False,True
2018-01-12,147946.58084196527,39393092.7498915,19696546.37494575,19696546.374945752,897.6087161185833,4.0,4.0,8.0,4.0,0.5,0.05,0.039393092749891494,0.039393092749891494,0.039393092749891494,0.07878618549978299,0.00014794658084196527,1.57572370999566e-05,3.93930927498915e-06,1.1817927824967447e-05,15757.2370999566,8.976087161185833e-07,0.00014400727156697613,0.00013218934374200868,0.00013218934374200868,0.0001312917350258901,1.4794658084196528,0.0393930927498915,0.11817927824967447,0.008976087161185833,1.312917350258901,False,True
2018-01-16,15023.071788266676,45698259.7735745,22849129.88678725,22849129.88678725,547.864303249004,4.0,4.0,8.0,4.0,0.5,0.05000000000000001,0.0456982597735745,0.0456982597735745,0.0456982597735745,0.091396519547149,1.5023071788266676e-05,1.82793039094298e-05,4.56982597735745e-06,1.370947793207235e-05,18279.3039094298,5.47864303249004e-07,1.0453245810909226e-05,-3.2562321211631235e-06,-3.2562321211631235e-06,-3.8040964244121276e-06,0.15023071788266676,0.0456982597735745,0.1370947793207235,0.00547864303249004,-0.038040964244121275,False,True
2018-01-17,-4855.7718366636855,23237465.023082,11618732.511541,11618732.511541001,674.8151732032541,4.0,4.0,8.0,4.0,0.5,0.05000000000000001,0.023237465023082,0.023237465023082,0.023237465023082,0.046474930046164,-4.855771836663685e-06,9.294986009232801e-06,2.3237465023082004e-06,6.971239506924599e-06,9294.986009232802,6.748151732032541e-07,-7.1795183389718855e-06,-1.4150757845896486e-05,-1.4150757845896486e-05,-1.482557301909974e-05,-0.04855771836663685,0.023237465023082004,0.069712395069246,0.006748151732032541,-0.1482557301909974,False,True
2018-01-18,138299.33856690128,24174618.804750003,12087309.402375003,12087309.402375,383.7622296392858,4.0,4.0,8.0,4.0,0.5,0.05000000000000001,0.024174618804750005,0.024174618804750005,0.024174618804750005,0.04834923760950001,0.00013829933856690128,9.669847521900003e-06,2.4174618804750008e-06,7.252385641425001e-06,9669.847521900003,3.837622296392858e-07,0.00013588187668642628,0.00012862949104500127,0.00012862949104500127,0.000128245728815362,1.3829933856690129,0.024174618804750008,0.07252385641425001,0.003837622296392858,1.2824572881536198,False,True
2018-01-19,226319.46791439765,7852844.4339499995,3926422.2169749998,3926422.216975,402.2349578134921,4.0,4.0,8.0,4.0,0.5,0.05,0.007852844433949999,0.007852844433949999,0.007852844433949999,0.015705688867899997,0.00022631946791439766,3.1411377735799995e-06,7.852844433949999e-07,2.3558533301849993e-06,3141.1377735799992,4.022349578134921e-07,0.00022553418347100266,0.00022317833014081766,0.00022317833014081766,0.00022277609518300416,2.2631946791439765,0.007852844433949999,0.023558533301849992,0.004022349578134921,2.2277609518300414,False,True
2018-01-22,75049.08650994873,15041290.757656503,7520645.378828252,7520645.378828251,666.5076002058136,4.0,4.0,8.0,4.0,0.5,0.05000000000000001,0.015041290757656504,0.015041290757656504,0.015041290757656504,0.030082581515313008,7.504908650994873e-05,6.016516303062602e-06,1.5041290757656505e-06,4.512387227296951e-06,6016.516303062602,6.665076002058136e-07,7.354495743418308e-05,6.903257020688613e-05,6.903257020688613e-05,6.836606260668031e-05,0.7504908650994874,0.015041290757656504,0.04512387227296951,0.006665076002058136,0.6836606260668031,False,True
2018-01-23,-4269.187442739059,8416476.00245,4208238.001225,4208238.001225,383.2544061984127,4.0,4.0,8.0,4.0,0.5,0.05,0.008416476002450001,0.008416476002450001,0.008416476002450001,0.016832952004900002,-4.26918744273906e-06,3.3665904009800006e-06,8.416476002450001e-07,2.524942800735e-06,3366.5904009800006,3.832544061984127e-07,-5.11083504298406e-06,-7.63577784371906e-06,-7.63577784371906e-06,-8.019032249917474e-06,-0.0426918744273906,0.008416476002450001,0.02524942800735,0.003832544061984127,-0.08019032249917474,False,True
2018-01-24,26506.531799640878,8399342.011200001,4199671.005600001,4199671.005600002,134.06777008888892,4.0,4.0,8.0,4.0,0.5,0.05000000000000001,0.008399342011200002,0.008399342011200002,0.008399342011200002,0.016798684022400003,2.6506531799640877e-05,3.3597368044800007e-06,8.399342011200002e-07,2.5198026033600002e-06,3359.736804480001,1.3406777008888893e-07,2.5666597598520878e-05,2.3146794995160877e-05,2.3146794995160877e-05,2.3012727225071987e-05,0.26506531799640876,0.008399342011200002,0.025198026033600003,0.0013406777008888892,0.23012727225071986,False,True
2018-01-25,27119.430993633145,9050924.4041,4525462.2020499995,4525462.20205,138.7152244484127,4.0,4.0,8.0,4.0,0.5,0.05,0.0090509244041,0.0090509244041,0.0090509244041,0.0181018488082,2.7119430993633146e-05,3.6203697616400003e-06,9.050924404100001e-07,2.71527732123e-06,3620.3697616400004,1.387152244484127e-07,2.6214338553223145e-05,2.3499061231993146e-05,2.3499061231993146e-05,2.3360346007544732e-05,0.2711943099363315,0.0090509244041,0.0271527732123,0.001387152244484127,0.23360346007544733,False,True
2018-01-26,-85470.88313900774,37774900.833749995,18887450.416874997,18887450.416875,299.8008002678572,4.0,4.0,8.0,4.0,0.5,0.05000000000000001,0.03777490083374999,0.03777490083374999,0.03777490083374999,0.07554980166749999,-8.547088313900774e-05,1.5109960333499999e-05,3.7774900833749997e-06,1.1332470250124997e-05,15109.9603335,2.998008002678572e-07,-8.924837322238274e-05,-0.00010058084347250773,-0.00010058084347250773,-0.00010088064427277559,-0.8547088313900775,0.03777490083375,0.11332470250124997,0.0029980080026785717,-1.0088064427277559,False,True
2018-01-29,-269811.1228628425,24848927.988300003,12424463.994150002,12424463.99415,283.7907217388889,4.0,4.0,8.0,4.0,0.5,0.05,0.024848927988300004,0.024848927988300004,0.024848927988300004,0.04969785597660001,-0.0002698111228628425,9.939571195320002e-06,2.4848927988300004e-06,7.454678396490001e-06,9939.571195320003,2.837907217388889e-07,-0.00027229601566167253,-0.00027975069405816256,-0.00027975069405816256,-0.00028003448477990147,-2.698111228628425,0.024848927988300004,0.07454678396490001,0.002837907217388889,-2.8003448477990145,False,True
2018-01-30,108612.76046796283,24003331.392100003,12001665.696050001,12001665.69605,190.50263009603174,4.0,4.0,8.0,4.0,0.5,0.05,0.0240033313921,0.0240033313921,0.0240033313921,0.0480066627842,0.00010861276046796282,9.601332556840002e-06,2.4003331392100004e-06,7.2009994176299995e-06,9601.332556840001,1.9050263009603173e-07,0.00010621242732875282,9.901142791112283e-05,9.901142791112283e-05,9.88209252810268e-05,1.0861276046796282,0.024003331392100005,0.0720099941763,0.0019050263009603172,0.988209252810268,False,True
2018-01-31,-56778.3735362492,6669365.553750001,3334682.7768750004,3334682.7768750004,389.15243352976194,4.0,4.0,8.0,4.0,0.5,0.05,0.006669365553750001,0.006669365553750001,0.006669365553750001,0.013338731107500001,-5.67783735362492e-05,2.6677462215000003e-06,6.669365553750001e-07,2.000809666125e-06,2667.7462215000005,3.8915243352976193e-07,-5.7445310091624195e-05,-5.9446119757749195e-05,-5.9446119757749195e-05,-5.9835272191278955e-05,-0.5677837353624919,0.006669365553750001,0.020008096661250002,0.0038915243352976195,-0.5983527219127895,False,True
2018-02-01,-28594.328362683562,19930659.74125,9965329.870625,9965329.870625,158.17983921626984,4.0,4.0,8.0,4.0,0.5,0.05,0.019930659741250002,0.019930659741250002,0.019930659741250002,0.039861319482500004,-2.859432836268356e-05,7.972263896500002e-06,1.9930659741250005e-06,5.979197922375e-06,7972.263896500002,1.5817983921626983e-07,-3.0587394336808565e-05,-3.6566592259183565e-05,-3.6566592259183565e-05,-3.672477209839983e-05,-0.28594328362683563,0.019930659741250006,0.05979197922375,0.0015817983921626983,-0.3672477209839983,False,True
2018-02-02,-75410.22508235792,11098001.012,5549000.505999999,5549000.506,215.39418837301588,4.0,4.0,8.0,4.0,0.5,0.05,0.011098001012,0.011098001012,0.011098001012,0.022196002024,-7.541022508235793e-05,4.4392004048e-06,1.1098001012e-06,3.3294003036e-06,4439.2004048,2.153941883730159e-07,-7.652002518355792e-05,-7.984942548715792e-05,-7.984942548715792e-05,-8.006481967553094e-05,-0.7541022508235793,0.011098001012,0.033294003036,0.002153941883730159,-0.8006481967553094,False,True
2018-02-05,20255.057278763088,10481441.189900002,5240720.594950001,5240720.59495,619.7590632626984,4.0,4.0,8.0,4.0,0.5,0.05,0.010481441189900001,0.010481441189900001,0.010481441189900001,0.020962882379800003,2.0255057278763087e-05,4.192576475960001e-06,1.0481441189900002e-06,3.14443235697e-06,4192.576475960001,6.197590632626984e-07,1.9206913159773087e-05,1.6062480802803085e-05,1.6062480802803085e-05,1.5442721739540388e-05,0.20255057278763086,0.010481441189900001,0.0314443235697,0.006197590632626984,0.15442721739540388,False,True
2018-02-06,74163.17366104221,102844457.5344,51422228.76719999,51422228.76720001,878.9630356507938,4.0,4.0,8.0,4.0,0.5,0.05,0.1028444575344,0.1028444575344,0.1028444575344,0.2056889150688,7.416317366104221e-05,4.113778301376e-05,1.028444575344e-05,3.085333726032e-05,41137.78301376,8.789630356507939e-07,6.387872790760221e-05,3.302539064728221e-05,3.302539064728221e-05,3.214642761163142e-05,0.7416317366104221,0.1028444575344,0.30853337260319996,0.00878963035650794,0.32146427611631423,False,True
2018-02-07,79569.83280769744,15741402.684800003,7870701.342400002,7870701.342400001,191.05349828571434,4.0,4.0,8.0,4.0,0.5,0.05000000000000001,0.015741402684800003,0.015741402684800003,0.015741402684800003,0.031482805369600006,7.956983280769745e-05,6.296561073920001e-06,1.5741402684800003e-06,4.7224208054400004e-06,6296.561073920001,1.9105349828571434e-07,7.799569253921745e-05,7.327327173377745e-05,7.327327173377745e-05,7.308221823549173e-05,0.7956983280769745,0.015741402684800003,0.0472242080544,0.0019105349828571435,0.7308221823549174,False,True
2018-02-08,71656.77681878247,12674614.999151502,6337307.49957575,6337307.499575751,140.05390998532937,4.0,4.0,8.0,4.0,0.5,0.05000000000000001,0.012674614999151502,0.012674614999151502,0.012674614999151502,0.025349229998303004,7.165677681878247e-05,5.069845999660601e-06,1.2674614999151502e-06,3.8023844997454504e-06,5069.845999660601,1.4005390998532937e-07,7.038931531886732e-05,6.658693081912187e-05,6.658693081912187e-05,6.644687690913654e-05,0.7165677681878247,0.012674614999151502,0.0380238449974545,0.0014005390998532937,0.6644687690913654,False,True
2018-02-09,479061.9159877949,61147492.6937,30573746.346849997,30573746.346849997,816.3075600277778,4.0,4.0,8.0,4.0,0.5,0.05,0.0611474926937,0.0611474926937,0.0611474926937,0.1222949853874,0.0004790619159877949,2.445899707748e-05,6.11474926937e-06,1.834424780811e-05,24458.99707748,8.163075600277777e-07,0.0004729471667184249,0.0004546029189103149,0.0004546029189103149,0.0004537866113502871,4.7906191598779495,0.0611474926937,0.18344247808109998,0.008163075600277778,4.537866113502871,False,True
2018-02-12,3392.6140679657974,8990939.716400001,4495469.8582000015,4495469.858200001,71.35666441587301,4.0,4.0,8.0,4.0,0.5,0.05000000000000001,0.008990939716400002,0.008990939716400002,0.008990939716400002,0.017981879432800003,3.3926140679657974e-06,3.596375886560001e-06,8.990939716400002e-07,2.6972819149200004e-06,3596.375886560001,7.135666441587301e-08,2.4935200963257972e-06,-2.037618185942032e-07,-2.037618185942032e-07,-2.751184830100762e-07,0.033926140679657976,0.008990939716400002,0.026972819149200005,0.0007135666441587302,-0.002751184830100762,False,True
2018-02-13,-11085.88607954936,8459704.45575,4229852.227875,4229852.227875,373.3338774900794,4.0,4.0,8.0,4.0,0.5,0.05000000000000001,0.00845970445575,0.00845970445575,0.00845970445575,0.0169194089115,-1.108588607954936e-05,3.3838817823000005e-06,8.459704455750001e-07,2.537911336725e-06,3383.8817823000004,3.733338774900794e-07,-1.193185652512436e-05,-1.446976786184936e-05,-1.446976786184936e-05,-1.484310173933944e-05,-0.1108588607954936,0.008459704455750002,0.02537911336725,0.003733338774900794,-0.1484310173933944,False,True
2018-02-14,7663.118959531636,7567282.8686999995,3783641.4343499998,3783641.43435,519.0890687976191,4.0,4.0,8.0,4.0,0.5,0.05,0.0075672828687,0.0075672828687,0.0075672828687,0.0151345657374,7.663118959531637e-06,3.02691314748e-06,7.5672828687e-07,2.2701848606099997e-06,3026.91314748,5.190890687976191e-07,6.906390672661637e-06,4.636205812051637e-06,4.636205812051637e-06,4.117116743254018e-06,0.07663118959531637,0.007567282868700001,0.022701848606099997,0.005190890687976192,0.04117116743254018,False,True
2018-02-15,-7863.691824132295,9714249.23445,4857124.617225001,4857124.617225,571.2061096547618,4.0,4.0,8.0,4.0,0.5,0.05,0.009714249234449999,0.009714249234449999,0.009714249234449999,0.019428498468899998,-7.863691824132294e-06,3.88569969378e-06,9.71424923445e-07,2.9142747703349994e-06,3885.69969378,5.712061096547618e-07,-8.835116747577295e-06,-1.1749391517912294e-05,-1.1749391517912294e-05,-1.2320597627567055e-05,-0.07863691824132295,0.00971424923445,0.029142747703349993,0.005712061096547618,-0.12320597627567055,False,True
2018-02-16,18666.046772424794,14014147.111251498,7007073.555625749,7007073.55562575,535.6441810929484,4.0,4.0,8.0,4.0,0.5,0.05,0.014014147111251497,0.014014147111251497,0.014014147111251497,0.028028294222502994,1.8666046772424794e-05,5.605658844500599e-06,1.4014147111251497e-06,4.2042441333754484e-06,5605.658844500599,5.356441810929484e-07,1.7264632061299644e-05,1.3060387927924196e-05,1.3060387927924196e-05,1.2524743746831248e-05,0.18666046772424794,0.014014147111251497,0.04204244133375448,0.005356441810929484,0.1252474374683125,False,True
2018-02-20,24989.167358554743,9572103.812450003,4786051.906225001,4786051.906225001,665.1747455555557,4.0,4.0,8.0,4.0,0.5,0.05,0.009572103812450003,0.009572103812450003,0.009572103812450003,0.019144207624900007,2.4989167358554743e-05,3.828841524980002e-06,9.572103812450005e-07,2.8716311437350007e-06,3828.841524980002,6.651747455555556e-07,2.403195697730974e-05,2.1160325833574742e-05,2.1160325833574742e-05,2.0495151088019187e-05,0.24989167358554742,0.009572103812450005,0.028716311437350008,0.006651747455555556,0.20495151088019187,False,True
2018-02-21,33060.762978029925,14077387.59003,7038693.795015,7038693.795015,189.04337398214284,4.0,4.0,8.0,4.0,0.5,0.05,0.014077387590029999,0.014077387590029999,0.014077387590029999,0.028154775180059998,3.306076297802992e-05,5.630955036012e-06,1.407738759003e-06,4.223216277008999e-06,5630.955036012,1.8904337398214284e-07,3.165302421902692e-05,2.742980794201792e-05,2.742980794201792e-05,2.7240764568035778e-05,0.33060762978029923,0.014077387590029999,0.04223216277008999,0.0018904337398214285,0.2724076456803578,False,True
2018-02-22,62710.52480320937,13789582.675099999,6894791.337549999,6894791.33755,241.45966485000002,4.0,4.0,8.0,4.0,0.5,0.05,0.013789582675099998,0.013789582675099998,0.013789582675099998,0.027579165350199997,6.271052480320937e-05,5.51583307004e-06,1.37895826751e-06,4.1368748025299995e-06,5515.83307004,2.4145966485000004e-07,6.133156653569936e-05,5.719469173316936e-05,5.719469173316936e-05,5.695323206831936e-05,0.6271052480320937,0.0137895826751,0.041368748025299995,0.0024145966485000004,0.5695323206831936,False,True
2018-02-23,18336.19245734952,4668516.348125001,2334258.1740625007,2334258.1740625002,119.05845004861114,4.0,4.0,8.0,4.0,0.5,0.05000000000000001,0.004668516348125001,0.004668516348125001,0.004668516348125001,0.009337032696250002,1.833619245734952e-05,1.8674065392500005e-06,4.6685163481250013e-07,1.4005549044375002e-06,1867.4065392500006,1.1905845004861114e-07,1.786934082253702e-05,1.646878591809952e-05,1.646878591809952e-05,1.634972746805091e-05,0.1833619245734952,0.004668516348125001,0.014005549044375003,0.0011905845004861115,0.1634972746805091,False,True
2018-02-26,-17907.966411325255,18320623.93835,9160311.969175,9160311.969175,145.40177728849207,4.0,4.0,8.0,4.0,0.5,0.05,0.01832062393835,0.01832062393835,0.01832062393835,0.0366412478767,-1.7907966411325256e-05,7.32824957534e-06,1.832062393835e-06,5.496187181504999e-06,7328.24957534,1.4540177728849207e-07,-1.9740028805160257e-05,-2.5236215986665256e-05,-2.5236215986665256e-05,-2.5381617763953748e-05,-0.17907966411325257,0.01832062393835,0.054961871815049995,0.0014540177728849207,-0.25381617763953745,False,True
2018-02-27,46761.286625860535,50143153.3015935,25071576.65079674,25071576.65079675,445.0429177904246,4.0,4.0,8.0,4.0,0.5,0.05,0.050143153301593496,0.050143153301593496,0.050143153301593496,0.10028630660318699,4.676128662586053e-05,2.00572613206374e-05,5.01431533015935e-06,1.5042945990478047e-05,20057.261320637397,4.450429177904246e-07,4.174697129570118e-05,2.6704025305223134e-05,2.6704025305223134e-05,2.625898238743271e-05,0.4676128662586053,0.050143153301593496,0.15042945990478046,0.004450429177904246,0.2625898238743271,False,True
2018-02-28,23042.66025251073,33367117.405,16683558.7025,16683558.7025,365.64340956349207,4.0,4.0,8.0,4.0,0.5,0.05,0.033367117405,0.033367117405,0.033367117405,0.06673423481,2.304266025251073e-05,1.3346846962e-05,3.3367117405e-06,1.00101352215e-05,13346.846962000001,3.6564340956349207e-07,1.970594851201073e-05,9.69581329051073e-06,9.69581329051073e-06,9.330169880947238e-06,0.2304266025251073,0.033367117405,0.100101352215,0.0036564340956349206,0.09330169880947238,False,True
2018-03-01,-172062.50659135432,31054776.571344998,15527388.285672497,15527388.2856725,246.46648072496032,4.0,4.0,8.0,4.0,0.5,0.05,0.031054776571345,0.031054776571345,0.031054776571345,0.06210955314269,-0.00017206250659135432,1.2421910628538e-05,3.1054776571345e-06,9.316432971403498e-06,12421.910628537998,2.464664807249603e-07,-0.00017516798424848883,-0.00018448441721989232,-0.00018448441721989232,-0.00018473088370061727,-1.7206250659135431,0.031054776571345,0.09316432971403499,0.002464664807249603,-1.8473088370061728,False,True
2018-03-02,-293281.1430695763,89869610.888745,44934805.44437249,44934805.4443725,713.2508800694047,4.0,4.0,8.0,4.0,0.5,0.05,0.089869610888745,0.089869610888745,0.089869610888745,0.17973922177749,-0.0002932811430695763,3.5947844355498e-05,8.9869610888745e-06,2.6960883266623496e-05,35947.844355498004,7.132508800694047e-07,-0.0003022681041584508,-0.0003292289874250743,-0.0003292289874250743,-0.0003299422383051437,-2.932811430695763,0.08986961088874501,0.269608832666235,0.007132508800694048,-3.299422383051437,False,True
2018-03-05,79030.0658373784,16073633.6407035,8036816.820351748,8036816.820351751,153.51704841828175,4.0,4.0,8.0,4.0,0.5,0.05000000000000001,0.0160736336407035,0.0160736336407035,0.0160736336407035,0.032147267281407,7.903006583737839e-05,6.429453456281401e-06,1.6073633640703503e-06,4.82209009221105e-06,6429.453456281401,1.5351704841828176e-07,7.742270247330804e-05,7.260061238109699e-05,7.260061238109699e-05,7.244709533267871e-05,0.7903006583737839,0.0160736336407035,0.0482209009221105,0.0015351704841828175,0.7244709533267871,False,True
2018-03-06,-8691.216838756634,8373069.8239615,4186534.91198075,4186534.91198075,142.81092412545632,4.0,4.0,8.0,4.0,0.5,0.05,0.0083730698239615,0.0083730698239615,0.0083730698239615,0.016746139647923,-8.691216838756634e-06,3.3492279295846e-06,8.3730698239615e-07,2.51192094718845e-06,3349.2279295846,1.4281092412545634e-07,-9.528523821152784e-06,-1.2040444768341233e-05,-1.2040444768341233e-05,-1.218325569246669e-05,-0.08691216838756634,0.0083730698239615,0.0251192094718845,0.0014281092412545633,-0.1218325569246669,False,True
2018-03-07,47283.21937600922,24010840.993940502,12005420.496970251,12005420.496970251,461.5599329677817,4.0,4.0,8.0,4.0,0.5,0.05,0.0240108409939405,0.0240108409939405,0.0240108409939405,0.048021681987881,4.728321937600922e-05,9.6043363975762e-06,2.40108409939405e-06,7.20325229818215e-06,9604.3363975762,4.615599329677817e-07,4.4882135276615174e-05,3.7678882978433026e-05,3.7678882978433026e-05,3.721732304546524e-05,0.4728321937600922,0.0240108409939405,0.0720325229818215,0.004615599329677817,0.3721732304546524,False,True
2018-03-08,7021.4489802610005,8304587.66675,4152293.833375,4152293.833375,307.0216878313492,4.0,4.0,8.0,4.0,0.5,0.05,0.00830458766675,0.00830458766675,0.00830458766675,0.0166091753335,7.021448980261001e-06,3.3218350667e-06,8.30458766675e-07,2.4913763000249997e-06,3321.8350667,3.070216878313492e-07,6.190990213586001e-06,3.699613913561001e-06,3.699613913561001e-06,3.392592225729652e-06,0.07021448980261001,0.00830458766675,0.024913763000249996,0.003070216878313492,0.03392592225729652,False,True
2018-03-09,50083.93860249173,13920901.31655,6960450.658274999,6960450.658275001,544.6503580634921,4.0,4.0,8.0,4.0,0.5,0.05000000000000001,0.01392090131655,0.01392090131655,0.01392090131655,0.0278418026331,5.008393860249173e-05,5.56836052662e-06,1.392090131655e-06,4.176270394964999e-06,5568.36052662,5.446503580634922e-07,4.869184847083673e-05,4.4515578075871734e-05,4.4515578075871734e-05,4.397092771780824e-05,0.5008393860249173,0.013920901316550001,0.041762703949649996,0.005446503580634922,0.43970927717808245,False,True
2018-03-12,75719.32510905906,13616407.615000002,6808203.807500001,6808203.8075,345.7644980952381,4.0,4.0,8.0,4.0,0.5,0.05,0.013616407615000003,0.013616407615000003,0.013616407615000003,0.027232815230000006,7.571932510905907e-05,5.446563046000001e-06,1.3616407615000003e-06,4.084922284500001e-06,5446.563046000001,3.4576449809523806e-07,7.435768434755907e-05,7.027276206305907e-05,7.027276206305907e-05,6.992699756496383e-05,0.7571932510905907,0.013616407615000003,0.040849222845000005,0.0034576449809523807,0.6992699756496383,False,True
2018-03-13,-1935.6367480949534,6290092.25185,3145046.125925,3145046.1259250003,589.0261456777778,4.0,4.0,8.0,4.0,0.5,0.05,0.00629009225185,0.00629009225185,0.00629009225185,0.0125801845037,-1.9356367480949533e-06,2.51603690074e-06,6.29009225185e-07,1.8870276755549997e-06,2516.03690074,5.890261456777777e-07,-2.5646459732799535e-06,-4.451673648834954e-06,-4.451673648834954e-06,-5.040699794512732e-06,-0.019356367480949533,0.00629009225185,0.018870276755549996,0.005890261456777777,-0.05040699794512732,False,True
2018-03-14,649.7762226393816,8432651.1294,4216325.5647,4216325.5647,455.3959805436508,4.0,4.0,8.0,4.0,0.5,0.05,0.0084326511294,0.0084326511294,0.0084326511294,0.0168653022588,6.497762226393816e-07,3.3730604517600005e-06,8.432651129400001e-07,2.52979533882e-06,3373.0604517600004,4.5539598054365083e-07,-1.9348889030061852e-07,-2.7232842291206185e-06,-2.7232842291206185e-06,-3.1786802096642693e-06,0.006497762226393816,0.0084326511294,0.0252979533882,0.004553959805436508,-0.0317868020966427,False,True
2018-03-15,-3603.4931909004026,25847934.72315,12923967.361575002,12923967.361575,205.14233907261905,4.0,4.0,8.0,4.0,0.5,0.05,0.02584793472315,0.02584793472315,0.02584793472315,0.0516958694463,-3.6034931909004028e-06,1.0339173889260002e-05,2.5847934723150004e-06,7.754380416944999e-06,10339.173889260002,2.0514233907261906e-07,-6.188286663215403e-06,-1.3942667080160402e-05,-1.3942667080160402e-05,-1.4147809419233021e-05,-0.03603493190900403,0.025847934723150005,0.07754380416944999,0.0020514233907261907,-0.1414780941923302,False,True
2018-03-16,-83023.37994340542,16198871.1467,8099435.573350001,8099435.573350001,169.31738497380954,4.0,4.0,8.0,4.0,0.5,0.05000000000000001,0.0161988711467,0.0161988711467,0.0161988711467,0.0323977422934,-8.302337994340543e-05,6.47954845868e-06,1.61988711467e-06,4.859661344009999e-06,6479.54845868,1.6931738497380953e-07,-8.464326705807542e-05,-8.950292840208542e-05,-8.950292840208542e-05,-8.967224578705922e-05,-0.8302337994340543,0.0161988711467,0.04859661344009999,0.0016931738497380953,-0.8967224578705922,False,True
2018-03-19,4329.397734192515,10361332.28075,5180666.140375,5180666.140375,115.33132987103176,4.0,4.0,8.0,4.0,0.5,0.05,0.01036133228075,0.01036133228075,0.01036133228075,0.0207226645615,4.3293977341925145e-06,4.1445329123e-06,1.036133228075e-06,3.1083996842249998e-06,4144.5329123,1.1533132987103175e-07,3.2932645061175145e-06,1.848648218925147e-07,1.848648218925147e-07,6.953349202148294e-08,0.043293977341925145,0.01036133228075,0.031083996842249998,0.0011533132987103175,0.0006953349202148294,False,True
2018-03-20,76104.02984229871,26733312.9869,13366656.49345,13366656.49345,368.97543307539684,4.0,4.0,8.0,4.0,0.5,0.05,0.0267333129869,0.0267333129869,0.0267333129869,0.0534666259738,7.61040298422987e-05,1.0693325194760001e-05,2.6733312986900004e-06,8.019993896069999e-06,10693.325194760002,3.6897543307539685e-07,7.34306985436087e-05,6.541070464753871e-05,6.541070464753871e-05,6.504172921446331e-05,0.761040298422987,0.026733312986900005,0.08019993896069999,0.0036897543307539684,0.6504172921446331,False,True
2018-03-21,-76689.27304868487,20128699.8679,10064349.93395,10064349.933950001,525.3767891626985,4.0,4.0,8.0,4.0,0.5,0.05,0.0201286998679,0.0201286998679,0.0201286998679,0.0402573997358,-7.668927304868487e-05,8.05147994716e-06,2.01286998679e-06,6.038609960369999e-06,8051.479947160001,5.253767891626985e-07,-7.870214303547487e-05,-8.474075299584487e-05,-8.474075299584487e-05,-8.526612978500756e-05,-0.7668927304868487,0.020128699867900002,0.06038609960369999,0.005253767891626984,-0.8526612978500756,False,True
2018-03-22,-8808.187114156084,14928140.578000002,7464070.289,7464070.289,118.47730617460319,4.0,4.0,8.0,4.0,0.5,0.05,0.014928140578000001,0.014928140578000001,0.014928140578000001,0.029856281156000003,-8.808187114156085e-06,5.971256231200001e-06,1.4928140578000002e-06,4.4784421734e-06,5971.256231200001,1.1847730617460318e-07,-1.0301001171956085e-05,-1.4779443345356085e-05,-1.4779443345356085e-05,-1.4897920651530689e-05,-0.08808187114156085,0.014928140578000001,0.044784421734,0.0011847730617460318,-0.14897920651530688,False,True
2018-03-23,712801.3087383801,59442004.85435,29721002.427175,29721002.427175,471.76194328849215,4.0,4.0,8.0,4.0,0.5,0.05000000000000001,0.05944200485435,0.05944200485435,0.05944200485435,0.1188840097087,0.0007128013087383801,2.377680194174e-05,5.944200485435e-06,1.7832601456305e-05,23776.801941740003,4.7176194328849216e-07,0.0007068571082529451,0.0006890245067966401,0.0006890245067966401,0.0006885527448533517,7.128013087383802,0.05944200485435,0.17832601456305,0.004717619432884922,6.885527448533517,False,True
2018-03-26,36392.60977144764,24807686.265909,12403843.1329545,12403843.1329545,390.4804546789286,4.0,4.0,8.0,4.0,0.5,0.05,0.024807686265909002,0.024807686265909002,0.024807686265909002,0.049615372531818004,3.639260977144764e-05,9.923074506363601e-06,2.4807686265909003e-06,7.4423058797727e-06,9923.0745063636,3.904804546789286e-07,3.3911841144856744e-05,2.6469535265084043e-05,2.6469535265084043e-05,2.6079054810405115e-05,0.3639260977144764,0.024807686265909002,0.074423058797727,0.003904804546789286,0.26079054810405117,False,True
2018-03-27,-348823.6713193235,30454926.71305,15227463.356525,15227463.356525002,241.7057675638889,4.0,4.0,8.0,4.0,0.5,0.05,0.03045492671305,0.03045492671305,0.03045492671305,0.0609098534261,-0.0003488236713193235,1.218197068522e-05,3.045492671305e-06,9.136478013915e-06,12181.97068522,2.417057675638889e-07,-0.00035186916399062847,-0.00036100564200454346,-0.00036100564200454346,-0.00036124734777210737,-3.488236713193235,0.03045492671305,0.09136478013914999,0.002417057675638889,-3.612473477721074,False,True
2018-03-28,167140.66903878734,44618364.370000005,22309182.185000002,22309182.185000002,354.114002936508,4.0,4.0,8.0,4.0,0.5,0.05,0.044618364370000003,0.044618364370000003,0.044618364370000003,0.08923672874000001,0.00016714066903878735,1.7847345748e-05,4.461836437e-06,1.3385509311e-05,17847.345748,3.5411400293650795e-07,0.00016267883260178735,0.00014929332329078734,0.00014929332329078734,0.00014893920928785084,1.6714066903878735,0.044618364370000003,0.13385509311000002,0.0035411400293650793,1.4893920928785083,False,True
2018-03-29,-85237.67598827113,24748622.310000002,12374311.155000001,12374311.155000001,277.18518182539685,4.0,4.0,8.0,4.0,0.5,0.05000000000000001,0.024748622310000003,0.024748622310000003,0.024748622310000003,0.049497244620000005,-8.523767598827113e-05,9.899448924000002e-06,2.4748622310000005e-06,7.424586693e-06,9899.448924000002,2.7718518182539687e-07,-8.771253821927113e-05,-9.513712491227113e-05,-9.513712491227113e-05,-9.541431009409652e-05,-0.8523767598827113,0.024748622310000006,0.07424586693,0.0027718518182539686,-0.9541431009409652,False,True
2018-04-02,577755.663779123,58077303.26500001,29038651.632500004,29038651.6325,460.9309782936508,4.0,4.0,8.0,4.0,0.5,0.05,0.058077303265000005,0.058077303265000005,0.058077303265000005,0.11615460653000001,0.000577755663779123,2.3230921306000002e-05,5.807730326500001e-06,1.74231909795e-05,23230.921306000004,4.609309782936508e-07,0.000571947933452623,0.000554524742473123,0.000554524742473123,0.0005540638114948293,5.77755663779123,0.058077303265000005,0.17423190979499997,0.004609309782936508,5.540638114948293,False,True
2018-04-03,-184883.09529064756,10170767.615777,5085383.8078885,5085383.8078885,80.72037790299207,4.0,4.0,8.0,4.0,0.5,0.05,0.010170767615777001,0.010170767615777001,0.010170767615777001,0.020341535231554003,-0.00018488309529064755,4.068307046310801e-06,1.0170767615777002e-06,3.0512302847331e-06,4068.307046310801,8.072037790299207e-08,-0.00018590017205222524,-0.00018895140233695835,-0.00018895140233695835,-0.00018903212271486133,-1.8488309529064755,0.010170767615777003,0.030512302847331002,0.0008072037790299208,-1.8903212271486134,False,True
2018-04-04,182606.6358721216,80645450.415,40322725.2075,40322725.2075,640.0432572619047,4.0,4.0,8.0,4.0,0.5,0.05,0.080645450415,0.080645450415,0.080645450415,0.16129090083,0.00018260663587212162,3.2258180166e-05,8.0645450415e-06,2.4193635124499997e-05,32258.180166,6.400432572619047e-07,0.0001745420908306216,0.00015034845570612162,0.00015034845570612162,0.0001497084124488597,1.8260663587212163,0.080645450415,0.24193635124499996,0.006400432572619047,1.497084124488597,False,True
2018-04-05,0.0,0.0,0.0,0.0,0.0,0.0,0.0,0.0,0.0,0.0,0.0,0.0,0.0,0.0,0.0,0.0,0.0,0.0,0.0,0.0,0.0,0.0,0.0,0.0,0.0,0.0,0.0,0.0,0.0,0.0,False,False
2018-04-06,82095.27588553705,22323212.2059,11161606.10295,11161606.10295,215.2148270563492,4.0,4.0,8.0,4.0,0.5,0.05,0.022323212205899997,0.022323212205899997,0.022323212205899997,0.044646424411799994,8.209527588553705e-05,8.929284882359999e-06,2.2323212205899996e-06,6.6969636617699985e-06,8929.284882359998,2.152148270563492e-07,7.986295466494705e-05,7.316599100317704e-05,7.316599100317704e-05,7.295077617612069e-05,0.8209527588553706,0.022323212205899997,0.06696963661769999,0.002152148270563492,0.7295077617612069,False,True
2018-04-09,378332.90134807024,31322850.358250007,15661425.179125004,15661425.179125002,248.59405046230162,4.0,4.0,8.0,4.0,0.5,0.05000000000000001,0.031322850358250005,0.031322850358250005,0.031322850358250005,0.06264570071650001,0.00037833290134807023,1.2529140143300003e-05,3.132285035825001e-06,9.396855107475001e-06,12529.140143300003,2.4859405046230164e-07,0.00037520061631224523,0.0003658037612047702,0.0003658037612047702,0.0003655551671543079,3.7833290134807025,0.031322850358250005,0.09396855107475001,0.0024859405046230164,3.655551671543079,False,True
2018-04-10,3638.24686649007,19344904.516500004,9672452.258250002,9672452.25825,271.5920463373016,4.0,4.0,8.0,4.0,0.5,0.05000000000000001,0.019344904516500002,0.019344904516500002,0.019344904516500002,0.038689809033000004,3.6382468664900697e-06,7.737961806600002e-06,1.9344904516500004e-06,5.8034713549500005e-06,7737.961806600002,2.715920463373016e-07,1.7037564148400692e-06,-4.099714940109931e-06,-4.099714940109931e-06,-4.371306986447232e-06,0.0363824686649007,0.019344904516500006,0.0580347135495,0.0027159204633730163,-0.04371306986447232,False,True
2018-04-11,0.0,0.0,0.0,0.0,0.0,0.0,0.0,0.0,0.0,0.0,0.0,0.0,0.0,0.0,0.0,0.0,0.0,0.0,0.0,0.0,0.0,0.0,0.0,0.0,0.0,0.0,0.0,0.0,0.0,0.0,False,False
2018-04-12,31015.159550693865,10907397.692100001,5453698.846050001,5453698.84605,144.80837880555558,4.0,4.0,8.0,4.0,0.5,0.05,0.010907397692100002,0.010907397692100002,0.010907397692100002,0.021814795384200003,3.1015159550693865e-05,4.362959076840001e-06,1.0907397692100002e-06,3.2722193076300003e-06,4362.95907684,1.4480837880555557e-07,2.9924419781483866e-05,2.6652200473853865e-05,2.6652200473853865e-05,2.650739209504831e-05,0.31015159550693866,0.010907397692100002,0.032722193076300005,0.0014480837880555557,0.2650739209504831,False,True
2018-04-13,-26320.048082606794,19667314.049000002,9833657.024500001,9833657.0245,156.08979403968254,4.0,4.0,8.0,4.0,0.5,0.05,0.019667314049000004,0.019667314049000004,0.019667314049000004,0.03933462809800001,-2.6320048082606793e-05,7.866925619600002e-06,1.9667314049000006e-06,5.900194214700001e-06,7866.925619600002,1.5608979403968255e-07,-2.8286779487506795e-05,-3.4186973702206796e-05,-3.4186973702206796e-05,-3.4343063496246475e-05,-0.26320048082606795,0.019667314049000007,0.05900194214700001,0.0015608979403968254,-0.34343063496246473,False,True
2018-04-16,17043.01880548621,15898147.722399998,7949073.861199999,7949073.8612,126.17577557460318,4.0,4.0,8.0,4.0,0.5,0.05,0.0158981477224,0.0158981477224,0.0158981477224,0.0317962954448,1.7043018805486207e-05,6.35925908896e-06,1.58981477224e-06,4.769444316719999e-06,6359.259088960001,1.2617577557460318e-07,1.5453204033246206e-05,1.0683759716526207e-05,1.0683759716526207e-05,1.0557583940951604e-05,0.17043018805486207,0.0158981477224,0.04769444316719999,0.0012617577557460318,0.10557583940951604,False,True
2018-04-17,0.0,0.0,0.0,0.0,0.0,0.0,0.0,0.0,0.0,0.0,0.0,0.0,0.0,0.0,0.0,0.0,0.0,0.0,0.0,0.0,0.0,0.0,0.0,0.0,0.0,0.0,0.0,0.0,0.0,0.0,False,False
2018-04-18,-47269.010953277066,12553783.5515,6276891.77575,6276891.77575,221.05443433412697,4.0,4.0,8.0,4.0,0.5,0.05000000000000001,0.0125537835515,0.0125537835515,0.0125537835515,0.025107567103,-4.726901095327707e-05,5.021513420600001e-06,1.2553783551500002e-06,3.76613506545e-06,5021.513420600001,2.2105443433412697e-07,-4.852438930842707e-05,-5.2290524373877066e-05,-5.2290524373877066e-05,-5.251157880821119e-05,-0.4726901095327707,0.012553783551500003,0.0376613506545,0.0022105443433412695,-0.5251157880821119,False,True
2018-04-19,794.6590216309241,9237819.58805,4618909.794025001,4618909.794025,73.3160284765873,4.0,4.0,8.0,4.0,0.5,0.05000000000000001,0.00923781958805,0.00923781958805,0.00923781958805,0.0184756391761,7.946590216309241e-07,3.6951278352200006e-06,9.237819588050001e-07,2.771345876415e-06,3695.1278352200006,7.331602847658731e-08,-1.29122937174076e-07,-2.900468813589076e-06,-2.900468813589076e-06,-2.9737848420656633e-06,0.007946590216309241,0.00923781958805,0.02771345876415,0.0007331602847658732,-0.029737848420656632,False,True
2018-04-20,34102.126575774644,11182965.26735,5591482.633675,5591482.633675,622.9819533059524,4.0,4.0,8.0,4.0,0.5,0.05,0.01118296526735,0.01118296526735,0.01118296526735,0.0223659305347,3.410212657577464e-05,4.47318610694e-06,1.118296526735e-06,3.3548895802049995e-06,4473.18610694,6.229819533059524e-07,3.298383004903964e-05,2.962894046883464e-05,2.962894046883464e-05,2.900595851552869e-05,0.34102126575774644,0.01118296526735,0.03354889580205,0.006229819533059524,0.2900595851552869,False,True
2018-04-23,35887.994751239465,9681862.4676,4840931.2338,4840931.2338,601.3377303234126,4.0,4.0,8.0,4.0,0.5,0.05,0.0096818624676,0.0096818624676,0.0096818624676,0.0193637249352,3.588799475123947e-05,3.87274498704e-06,9.6818624676e-07,2.90455874028e-06,3872.7449870400005,6.013377303234127e-07,3.4919808504479467e-05,3.2015249764199466e-05,3.2015249764199466e-05,3.141391203387605e-05,0.35887994751239466,0.009681862467600002,0.0290455874028,0.0060133773032341265,0.3141391203387605,False,True
2018-04-24,-2335.692737675623,4657779.822675,2328889.9113374995,2328889.9113375,138.55787791964286,3.0,3.0,6.0,3.0,0.5,0.05,0.004657779822675,0.004657779822675,0.004657779822675,0.00931555964535,-2.335692737675623e-06,1.86311192907e-06,4.657779822675e-07,1.3973339468024998e-06,1863.11192907,1.3855787791964285e-07,-2.801470719943123e-06,-4.198804666745623e-06,-4.198804666745623e-06,-4.3373625446652654e-06,-0.02335692737675623,0.004657779822675,0.013973339468024999,0.0013855787791964285,-0.04337362544665265,False,True
2018-04-25,118329.2681887079,8229925.660000001,4114962.8300000005,4114962.8300000005,138.09322190476192,3.0,3.0,6.0,3.0,0.5,0.05,0.008229925660000002,0.008229925660000002,0.008229925660000002,0.016459851320000003,0.0001183292681887079,3.291970264000001e-06,8.229925660000002e-07,2.468977698e-06,3291.970264000001,1.3809322190476192e-07,0.0001175062756227079,0.0001150372979247079,0.0001150372979247079,0.00011489920470280314,1.183292681887079,0.008229925660000002,0.02468977698,0.001380932219047619,1.1489920470280315,False,True
2018-04-26,84530.9932134122,12828209.4137,6414104.70685,6414104.70685,255.55351609920635,4.0,4.0,8.0,4.0,0.5,0.05,0.0128282094137,0.0128282094137,0.0128282094137,0.0256564188274,8.453099321341221e-05,5.13128376548e-06,1.28282094137e-06,3.848462824109999e-06,5131.28376548,2.5555351609920633e-07,8.324817227204221e-05,7.939970944793221e-05,7.939970944793221e-05,7.9144155931833e-05,0.8453099321341221,0.0128282094137,0.038484628241099994,0.0025555351609920633,0.7914415593183299,False,True
2018-04-27,-10930.280548078415,8573293.796050001,4286646.8980250005,4286646.8980250005,102.79797584166667,4.0,4.0,8.0,4.0,0.5,0.05,0.008573293796050001,0.008573293796050001,0.008573293796050001,0.017146587592100002,-1.0930280548078416e-05,3.4293175184200006e-06,8.573293796050002e-07,2.571988138815e-06,3429.3175184200004,1.0279797584166667e-07,-1.1787609927683416e-05,-1.4359598066498417e-05,-1.4359598066498417e-05,-1.4462396042340083e-05,-0.10930280548078417,0.008573293796050001,0.025719881388149998,0.0010279797584166668,-0.14462396042340084,False,True
2018-04-30,-3339.2417932646076,8817586.44355,4408793.221775,4408793.221775,137.88231093452382,4.0,4.0,8.0,4.0,0.5,0.05,0.00881758644355,0.00881758644355,0.00881758644355,0.0176351728871,-3.3392417932646076e-06,3.52703457742e-06,8.81758644355e-07,2.6452759330649998e-06,3527.03457742,1.378823109345238e-07,-4.221000437619608e-06,-6.866276370684608e-06,-6.866276370684608e-06,-7.004158681619132e-06,-0.03339241793264608,0.00881758644355,0.026452759330649996,0.001378823109345238,-0.07004158681619133,False,True
2018-05-01,-43513.87352324396,18162173.16375,9081086.581875,9081086.581875,144.14423145833334,3.0,3.0,6.0,3.0,0.5,0.05,0.01816217316375,0.01816217316375,0.01816217316375,0.0363243463275,-4.351387352324396e-05,7.2648692655000005e-06,1.8162173163750001e-06,5.448651949124999e-06,7264.8692655,1.4414423145833333e-07,-4.5330090839618964e-05,-5.0778742788743965e-05,-5.0778742788743965e-05,-5.0922887020202296e-05,-0.4351387352324396,0.01816217316375,0.054486519491249996,0.0014414423145833334,-0.509228870202023,False,True
2018-05-02,-9667.620406608396,5981025.6832,2990512.8416,2990512.8416000004,47.46845780317461,3.0,3.0,6.0,3.0,0.5,0.05,0.0059810256832,0.0059810256832,0.0059810256832,0.0119620513664,-9.667620406608395e-06,2.3924102732800004e-06,5.981025683200001e-07,1.79430770496e-06,2392.41027328,4.746845780317461e-08,-1.0265722974928396e-05,-1.2060030679888395e-05,-1.2060030679888395e-05,-1.210749913769157e-05,-0.09667620406608395,0.005981025683200001,0.0179430770496,0.00047468457803174607,-0.1210749913769157,False,True
2018-05-03,0.0,0.0,0.0,0.0,0.0,0.0,0.0,0.0,0.0,0.0,0.0,0.0,0.0,0.0,0.0,0.0,0.0,0.0,0.0,0.0,0.0,0.0,0.0,0.0,0.0,0.0,0.0,0.0,0.0,0.0,False,False
2018-05-04,0.0,0.0,0.0,0.0,0.0,0.0,0.0,0.0,0.0,0.0,0.0,0.0,0.0,0.0,0.0,0.0,0.0,0.0,0.0,0.0,0.0,0.0,0.0,0.0,0.0,0.0,0.0,0.0,0.0,0.0,False,False
2018-05-07,0.0,0.0,0.0,0.0,0.0,0.0,0.0,0.0,0.0,0.0,0.0,0.0,0.0,0.0,0.0,0.0,0.0,0.0,0.0,0.0,0.0,0.0,0.0,0.0,0.0,0.0,0.0,0.0,0.0,0.0,False,False
2018-05-08,0.0,0.0,0.0,0.0,0.0,0.0,0.0,0.0,0.0,0.0,0.0,0.0,0.0,0.0,0.0,0.0,0.0,0.0,0.0,0.0,0.0,0.0,0.0,0.0,0.0,0.0,0.0,0.0,0.0,0.0,False,False
2018-05-09,0.0,0.0,0.0,0.0,0.0,0.0,0.0,0.0,0.0,0.0,0.0,0.0,0.0,0.0,0.0,0.0,0.0,0.0,0.0,0.0,0.0,0.0,0.0,0.0,0.0,0.0,0.0,0.0,0.0,0.0,False,False
2018-05-10,0.0,0.0,0.0,0.0,0.0,0.0,0.0,0.0,0.0,0.0,0.0,0.0,0.0,0.0,0.0,0.0,0.0,0.0,0.0,0.0,0.0,0.0,0.0,0.0,0.0,0.0,0.0,0.0,0.0,0.0,False,False
2018-05-11,0.0,0.0,0.0,0.0,0.0,0.0,0.0,0.0,0.0,0.0,0.0,0.0,0.0,0.0,0.0,0.0,0.0,0.0,0.0,0.0,0.0,0.0,0.0,0.0,0.0,0.0,0.0,0.0,0.0,0.0,False,False
2018-05-14,0.0,0.0,0.0,0.0,0.0,0.0,0.0,0.0,0.0,0.0,0.0,0.0,0.0,0.0,0.0,0.0,0.0,0.0,0.0,0.0,0.0,0.0,0.0,0.0,0.0,0.0,0.0,0.0,0.0,0.0,False,False
2018-05-15,0.0,0.0,0.0,0.0,0.0,0.0,0.0,0.0,0.0,0.0,0.0,0.0,0.0,0.0,0.0,0.0,0.0,0.0,0.0,0.0,0.0,0.0,0.0,0.0,0.0,0.0,0.0,0.0,0.0,0.0,False,False
2018-05-16,0.0,0.0,0.0,0.0,0.0,0.0,0.0,0.0,0.0,0.0,0.0,0.0,0.0,0.0,0.0,0.0,0.0,0.0,0.0,0.0,0.0,0.0,0.0,0.0,0.0,0.0,0.0,0.0,0.0,0.0,False,False
2018-05-17,0.0,0.0,0.0,0.0,0.0,0.0,0.0,0.0,0.0,0.0,0.0,0.0,0.0,0.0,0.0,0.0,0.0,0.0,0.0,0.0,0.0,0.0,0.0,0.0,0.0,0.0,0.0,0.0,0.0,0.0,False,False
2018-05-18,0.0,0.0,0.0,0.0,0.0,0.0,0.0,0.0,0.0,0.0,0.0,0.0,0.0,0.0,0.0,0.0,0.0,0.0,0.0,0.0,0.0,0.0,0.0,0.0,0.0,0.0,0.0,0.0,0.0,0.0,False,False
2018-05-21,0.0,0.0,0.0,0.0,0.0,0.0,0.0,0.0,0.0,0.0,0.0,0.0,0.0,0.0,0.0,0.0,0.0,0.0,0.0,0.0,0.0,0.0,0.0,0.0,0.0,0.0,0.0,0.0,0.0,0.0,False,False
2018-05-22,0.0,0.0,0.0,0.0,0.0,0.0,0.0,0.0,0.0,0.0,0.0,0.0,0.0,0.0,0.0,0.0,0.0,0.0,0.0,0.0,0.0,0.0,0.0,0.0,0.0,0.0,0.0,0.0,0.0,0.0,False,False
2018-05-23,0.0,0.0,0.0,0.0,0.0,0.0,0.0,0.0,0.0,0.0,0.0,0.0,0.0,0.0,0.0,0.0,0.0,0.0,0.0,0.0,0.0,0.0,0.0,0.0,0.0,0.0,0.0,0.0,0.0,0.0,False,False
2018-05-24,0.0,0.0,0.0,0.0,0.0,0.0,0.0,0.0,0.0,0.0,0.0,0.0,0.0,0.0,0.0,0.0,0.0,0.0,0.0,0.0,0.0,0.0,0.0,0.0,0.0,0.0,0.0,0.0,0.0,0.0,False,False
2018-05-25,0.0,0.0,0.0,0.0,0.0,0.0,0.0,0.0,0.0,0.0,0.0,0.0,0.0,0.0,0.0,0.0,0.0,0.0,0.0,0.0,0.0,0.0,0.0,0.0,0.0,0.0,0.0,0.0,0.0,0.0,False,False
2018-05-29,0.0,0.0,0.0,0.0,0.0,0.0,0.0,0.0,0.0,0.0,0.0,0.0,0.0,0.0,0.0,0.0,0.0,0.0,0.0,0.0,0.0,0.0,0.0,0.0,0.0,0.0,0.0,0.0,0.0,0.0,False,False
2018-05-30,0.0,0.0,0.0,0.0,0.0,0.0,0.0,0.0,0.0,0.0,0.0,0.0,0.0,0.0,0.0,0.0,0.0,0.0,0.0,0.0,0.0,0.0,0.0,0.0,0.0,0.0,0.0,0.0,0.0,0.0,False,False
2018-05-31,0.0,0.0,0.0,0.0,0.0,0.0,0.0,0.0,0.0,0.0,0.0,0.0,0.0,0.0,0.0,0.0,0.0,0.0,0.0,0.0,0.0,0.0,0.0,0.0,0.0,0.0,0.0,0.0,0.0,0.0,False,False
2018-06-01,0.0,0.0,0.0,0.0,0.0,0.0,0.0,0.0,0.0,0.0,0.0,0.0,0.0,0.0,0.0,0.0,0.0,0.0,0.0,0.0,0.0,0.0,0.0,0.0,0.0,0.0,0.0,0.0,0.0,0.0,False,False
2018-06-04,0.0,0.0,0.0,0.0,0.0,0.0,0.0,0.0,0.0,0.0,0.0,0.0,0.0,0.0,0.0,0.0,0.0,0.0,0.0,0.0,0.0,0.0,0.0,0.0,0.0,0.0,0.0,0.0,0.0,0.0,False,False
2018-06-05,0.0,0.0,0.0,0.0,0.0,0.0,0.0,0.0,0.0,0.0,0.0,0.0,0.0,0.0,0.0,0.0,0.0,0.0,0.0,0.0,0.0,0.0,0.0,0.0,0.0,0.0,0.0,0.0,0.0,0.0,False,False
2018-06-06,0.0,0.0,0.0,0.0,0.0,0.0,0.0,0.0,0.0,0.0,0.0,0.0,0.0,0.0,0.0,0.0,0.0,0.0,0.0,0.0,0.0,0.0,0.0,0.0,0.0,0.0,0.0,0.0,0.0,0.0,False,False
2018-06-07,0.0,0.0,0.0,0.0,0.0,0.0,0.0,0.0,0.0,0.0,0.0,0.0,0.0,0.0,0.0,0.0,0.0,0.0,0.0,0.0,0.0,0.0,0.0,0.0,0.0,0.0,0.0,0.0,0.0,0.0,False,False
2018-06-08,0.0,0.0,0.0,0.0,0.0,0.0,0.0,0.0,0.0,0.0,0.0,0.0,0.0,0.0,0.0,0.0,0.0,0.0,0.0,0.0,0.0,0.0,0.0,0.0,0.0,0.0,0.0,0.0,0.0,0.0,False,False
2018-06-11,0.0,0.0,0.0,0.0,0.0,0.0,0.0,0.0,0.0,0.0,0.0,0.0,0.0,0.0,0.0,0.0,0.0,0.0,0.0,0.0,0.0,0.0,0.0,0.0,0.0,0.0,0.0,0.0,0.0,0.0,False,False
2018-06-12,0.0,0.0,0.0,0.0,0.0,0.0,0.0,0.0,0.0,0.0,0.0,0.0,0.0,0.0,0.0,0.0,0.0,0.0,0.0,0.0,0.0,0.0,0.0,0.0,0.0,0.0,0.0,0.0,0.0,0.0,False,False
2018-06-13,0.0,0.0,0.0,0.0,0.0,0.0,0.0,0.0,0.0,0.0,0.0,0.0,0.0,0.0,0.0,0.0,0.0,0.0,0.0,0.0,0.0,0.0,0.0,0.0,0.0,0.0,0.0,0.0,0.0,0.0,False,False
2018-06-14,0.0,0.0,0.0,0.0,0.0,0.0,0.0,0.0,0.0,0.0,0.0,0.0,0.0,0.0,0.0,0.0,0.0,0.0,0.0,0.0,0.0,0.0,0.0,0.0,0.0,0.0,0.0,0.0,0.0,0.0,False,False
2018-06-15,0.0,0.0,0.0,0.0,0.0,0.0,0.0,0.0,0.0,0.0,0.0,0.0,0.0,0.0,0.0,0.0,0.0,0.0,0.0,0.0,0.0,0.0,0.0,0.0,0.0,0.0,0.0,0.0,0.0,0.0,False,False
2018-06-18,0.0,0.0,0.0,0.0,0.0,0.0,0.0,0.0,0.0,0.0,0.0,0.0,0.0,0.0,0.0,0.0,0.0,0.0,0.0,0.0,0.0,0.0,0.0,0.0,0.0,0.0,0.0,0.0,0.0,0.0,False,False
2018-06-19,0.0,0.0,0.0,0.0,0.0,0.0,0.0,0.0,0.0,0.0,0.0,0.0,0.0,0.0,0.0,0.0,0.0,0.0,0.0,0.0,0.0,0.0,0.0,0.0,0.0,0.0,0.0,0.0,0.0,0.0,False,False
2018-06-20,0.0,0.0,0.0,0.0,0.0,0.0,0.0,0.0,0.0,0.0,0.0,0.0,0.0,0.0,0.0,0.0,0.0,0.0,0.0,0.0,0.0,0.0,0.0,0.0,0.0,0.0,0.0,0.0,0.0,0.0,False,False
2018-06-21,0.0,0.0,0.0,0.0,0.0,0.0,0.0,0.0,0.0,0.0,0.0,0.0,0.0,0.0,0.0,0.0,0.0,0.0,0.0,0.0,0.0,0.0,0.0,0.0,0.0,0.0,0.0,0.0,0.0,0.0,False,False
2018-06-22,-111096.41100003323,21891424.64624,10945712.32312,10945712.32312,243.9754924304762,4.0,4.0,8.0,4.0,0.5,0.05,0.02189142464624,0.02189142464624,0.02189142464624,0.04378284929248,-0.00011109641100003322,8.756569858496e-06,2.189142464624e-06,6.567427393871999e-06,8756.569858496001,2.439754924304762e-07,-0.00011328555346465723,-0.00011985298085852922,-0.00011985298085852922,-0.0001200969563509597,-1.1109641100003322,0.021891424646240002,0.06567427393872,0.002439754924304762,-1.200969563509597,False,True
2018-06-25,0.0,0.0,0.0,0.0,0.0,0.0,0.0,0.0,0.0,0.0,0.0,0.0,0.0,0.0,0.0,0.0,0.0,0.0,0.0,0.0,0.0,0.0,0.0,0.0,0.0,0.0,0.0,0.0,0.0,0.0,False,False
2018-06-26,151736.58956752802,41474266.9434,20737133.4717,20737133.4717,329.1608487571429,4.0,4.0,8.0,4.0,0.5,0.05,0.0414742669434,0.0414742669434,0.0414742669434,0.0829485338868,0.00015173658956752802,1.658970677736e-05,4.14742669434e-06,1.244228008302e-05,16589.70677736,3.291608487571429e-07,0.00014758916287318803,0.00013514688279016803,0.00013514688279016803,0.0001348177219414109,1.5173658956752802,0.0414742669434,0.12442280083019999,0.003291608487571429,1.3481772194141088,False,True
2018-06-27,0.0,0.0,0.0,0.0,0.0,0.0,0.0,0.0,0.0,0.0,0.0,0.0,0.0,0.0,0.0,0.0,0.0,0.0,0.0,0.0,0.0,0.0,0.0,0.0,0.0,0.0,0.0,0.0,0.0,0.0,False,False
2018-06-28,211555.17058289156,41927405.714,20963702.857,20963702.857,332.75718820634927,4.0,4.0,8.0,4.0,0.5,0.05,0.041927405714,0.041927405714,0.041927405714,0.083854811428,0.00021155517058289155,1.67709622856e-05,4.1927405714e-06,1.2578221714199999e-05,16770.9622856,3.327571882063493e-07,0.00020736243001149155,0.00019478420829729156,0.00019478420829729156,0.00019445145110908523,2.1155517058289157,0.041927405714,0.125782217142,0.0033275718820634926,1.9445145110908522,False,True
2018-06-29,0.0,0.0,0.0,0.0,0.0,0.0,0.0,0.0,0.0,0.0,0.0,0.0,0.0,0.0,0.0,0.0,0.0,0.0,0.0,0.0,0.0,0.0,0.0,0.0,0.0,0.0,0.0,0.0,0.0,0.0,False,False
2018-07-02,-27493.404947064453,16226498.685000002,8113249.342500001,8113249.3425,128.7817355952381,4.0,4.0,8.0,4.0,0.5,0.05,0.016226498685000004,0.016226498685000004,0.016226498685000004,0.03245299737000001,-2.7493404947064453e-05,6.4905994740000014e-06,1.6226498685000004e-06,4.867949605500001e-06,6490.5994740000015,1.287817355952381e-07,-2.911605481556445e-05,-3.398400442106445e-05,-3.398400442106445e-05,-3.411278615665969e-05,-0.27493404947064454,0.016226498685000004,0.04867949605500001,0.001287817355952381,-0.3411278615665969,False,True
2018-07-03,0.0,0.0,0.0,0.0,0.0,0.0,0.0,0.0,0.0,0.0,0.0,0.0,0.0,0.0,0.0,0.0,0.0,0.0,0.0,0.0,0.0,0.0,0.0,0.0,0.0,0.0,0.0,0.0,0.0,0.0,False,False
2018-07-05,-28669.539236196833,8393342.16475,4196671.082375,4196671.082375,66.61382670436508,4.0,4.0,8.0,4.0,0.5,0.05,0.00839334216475,0.00839334216475,0.00839334216475,0.0167866843295,-2.8669539236196832e-05,3.3573368659000003e-06,8.393342164750001e-07,2.5180026494249997e-06,3357.3368659000002,6.661382670436508e-08,-2.9508873452671833e-05,-3.202687610209683e-05,-3.202687610209683e-05,-3.2093489928801195e-05,-0.28669539236196834,0.00839334216475,0.025180026494249996,0.0006661382670436508,-0.32093489928801194,False,True
2018-07-06,0.0,0.0,0.0,0.0,0.0,0.0,0.0,0.0,0.0,0.0,0.0,0.0,0.0,0.0,0.0,0.0,0.0,0.0,0.0,0.0,0.0,0.0,0.0,0.0,0.0,0.0,0.0,0.0,0.0,0.0,False,False
2018-07-09,0.0,0.0,0.0,0.0,0.0,0.0,0.0,0.0,0.0,0.0,0.0,0.0,0.0,0.0,0.0,0.0,0.0,0.0,0.0,0.0,0.0,0.0,0.0,0.0,0.0,0.0,0.0,0.0,0.0,0.0,False,False
2018-07-10,0.0,0.0,0.0,0.0,0.0,0.0,0.0,0.0,0.0,0.0,0.0,0.0,0.0,0.0,0.0,0.0,0.0,0.0,0.0,0.0,0.0,0.0,0.0,0.0,0.0,0.0,0.0,0.0,0.0,0.0,False,False
2018-07-11,0.0,0.0,0.0,0.0,0.0,0.0,0.0,0.0,0.0,0.0,0.0,0.0,0.0,0.0,0.0,0.0,0.0,0.0,0.0,0.0,0.0,0.0,0.0,0.0,0.0,0.0,0.0,0.0,0.0,0.0,False,False
2018-07-12,0.0,0.0,0.0,0.0,0.0,0.0,0.0,0.0,0.0,0.0,0.0,0.0,0.0,0.0,0.0,0.0,0.0,0.0,0.0,0.0,0.0,0.0,0.0,0.0,0.0,0.0,0.0,0.0,0.0,0.0,False,False
2018-07-13,0.0,0.0,0.0,0.0,0.0,0.0,0.0,0.0,0.0,0.0,0.0,0.0,0.0,0.0,0.0,0.0,0.0,0.0,0.0,0.0,0.0,0.0,0.0,0.0,0.0,0.0,0.0,0.0,0.0,0.0,False,False
2018-07-16,0.0,0.0,0.0,0.0,0.0,0.0,0.0,0.0,0.0,0.0,0.0,0.0,0.0,0.0,0.0,0.0,0.0,0.0,0.0,0.0,0.0,0.0,0.0,0.0,0.0,0.0,0.0,0.0,0.0,0.0,False,False
2018-07-17,0.0,0.0,0.0,0.0,0.0,0.0,0.0,0.0,0.0,0.0,0.0,0.0,0.0,0.0,0.0,0.0,0.0,0.0,0.0,0.0,0.0,0.0,0.0,0.0,0.0,0.0,0.0,0.0,0.0,0.0,False,False
2018-07-18,0.0,0.0,0.0,0.0,0.0,0.0,0.0,0.0,0.0,0.0,0.0,0.0,0.0,0.0,0.0,0.0,0.0,0.0,0.0,0.0,0.0,0.0,0.0,0.0,0.0,0.0,0.0,0.0,0.0,0.0,False,False
2018-07-19,0.0,0.0,0.0,0.0,0.0,0.0,0.0,0.0,0.0,0.0,0.0,0.0,0.0,0.0,0.0,0.0,0.0,0.0,0.0,0.0,0.0,0.0,0.0,0.0,0.0,0.0,0.0,0.0,0.0,0.0,False,False
2018-07-20,-137744.15550634253,20723392.0293,10361696.01465,10361696.01465,361.15266719444446,4.0,4.0,8.0,4.0,0.5,0.05,0.0207233920293,0.0207233920293,0.0207233920293,0.0414467840586,-0.00013774415550634253,8.28935681172e-06,2.07233920293e-06,6.217017608789999e-06,8289.35681172,3.611526671944445e-07,-0.00013981649470927253,-0.00014603351231806254,-0.00014603351231806254,-0.00014639466498525699,-1.3774415550634254,0.0207233920293,0.06217017608789999,0.003611526671944445,-1.46394664985257,False,True
2018-07-23,46864.40890488154,20734820.39915,10367410.199575,10367410.199575,238.91436873611113,4.0,4.0,8.0,4.0,0.5,0.05,0.02073482039915,0.02073482039915,0.02073482039915,0.0414696407983,4.686440890488154e-05,8.29392815966e-06,2.073482039915e-06,6.220446119744999e-06,8293.92815966,2.3891436873611115e-07,4.4790926864966535e-05,3.8570480745221537e-05,3.8570480745221537e-05,3.833156637648543e-05,0.4686440890488154,0.02073482039915,0.06220446119744999,0.0023891436873611114,0.38331566376485426,False,True
2018-07-24,-4805.119875538374,8661374.537625,4330687.2688125,4330687.2688125,68.74106775892857,4.0,4.0,8.0,4.0,0.5,0.05,0.008661374537625,0.008661374537625,0.008661374537625,0.01732274907525,-4.805119875538374e-06,3.46454981505e-06,8.661374537625e-07,2.5984123612874997e-06,3464.54981505,6.874106775892856e-08,-5.6712573293008745e-06,-8.269669690588374e-06,-8.269669690588374e-06,-8.338410758347302e-06,-0.048051198755383745,0.008661374537625,0.025984123612875,0.0006874106775892856,-0.08338410758347302,False,True
2018-07-25,-34614.064940309596,8045732.224861499,4022866.1124307495,4022866.1124307495,297.6185326973135,3.0,3.0,6.0,3.0,0.5,0.05,0.008045732224861499,0.008045732224861499,0.008045732224861499,0.016091464449722998,-3.46140649403096e-05,3.2182928899446e-06,8.0457322248615e-07,2.4137196674584495e-06,3218.2928899445997,2.9761853269731353e-07,-3.5418638162795745e-05,-3.7832357830254196e-05,-3.7832357830254196e-05,-3.812997636295151e-05,-0.34614064940309597,0.008045732224861499,0.024137196674584496,0.0029761853269731353,-0.38129976362951506,False,True
2018-07-26,35470.89196880044,21620425.0652175,10810212.53260875,10810212.53260875,389.1929032556945,4.0,4.0,8.0,4.0,0.5,0.05,0.0216204250652175,0.0216204250652175,0.0216204250652175,0.043240850130435,3.547089196880044e-05,8.648170026087001e-06,2.1620425065217503e-06,6.48612751956525e-06,8648.170026087002,3.8919290325569447e-07,3.330884946227869e-05,2.682272194271344e-05,2.682272194271344e-05,2.6433529039457745e-05,0.3547089196880044,0.021620425065217504,0.06486127519565249,0.0038919290325569447,0.2643352903945774,False,True
2018-07-27,0.0,0.0,0.0,0.0,0.0,0.0,0.0,0.0,0.0,0.0,0.0,0.0,0.0,0.0,0.0,0.0,0.0,0.0,0.0,0.0,0.0,0.0,0.0,0.0,0.0,0.0,0.0,0.0,0.0,0.0,False,False
2018-07-30,0.0,0.0,0.0,0.0,0.0,0.0,0.0,0.0,0.0,0.0,0.0,0.0,0.0,0.0,0.0,0.0,0.0,0.0,0.0,0.0,0.0,0.0,0.0,0.0,0.0,0.0,0.0,0.0,0.0,0.0,False,False
2018-07-31,0.0,0.0,0.0,0.0,0.0,0.0,0.0,0.0,0.0,0.0,0.0,0.0,0.0,0.0,0.0,0.0,0.0,0.0,0.0,0.0,0.0,0.0,0.0,0.0,0.0,0.0,0.0,0.0,0.0,0.0,False,False
2018-08-01,0.0,0.0,0.0,0.0,0.0,0.0,0.0,0.0,0.0,0.0,0.0,0.0,0.0,0.0,0.0,0.0,0.0,0.0,0.0,0.0,0.0,0.0,0.0,0.0,0.0,0.0,0.0,0.0,0.0,0.0,False,False
2018-08-02,0.0,0.0,0.0,0.0,0.0,0.0,0.0,0.0,0.0,0.0,0.0,0.0,0.0,0.0,0.0,0.0,0.0,0.0,0.0,0.0,0.0,0.0,0.0,0.0,0.0,0.0,0.0,0.0,0.0,0.0,False,False
2018-08-03,0.0,0.0,0.0,0.0,0.0,0.0,0.0,0.0,0.0,0.0,0.0,0.0,0.0,0.0,0.0,0.0,0.0,0.0,0.0,0.0,0.0,0.0,0.0,0.0,0.0,0.0,0.0,0.0,0.0,0.0,False,False
2018-08-06,0.0,0.0,0.0,0.0,0.0,0.0,0.0,0.0,0.0,0.0,0.0,0.0,0.0,0.0,0.0,0.0,0.0,0.0,0.0,0.0,0.0,0.0,0.0,0.0,0.0,0.0,0.0,0.0,0.0,0.0,False,False
2018-08-07,0.0,0.0,0.0,0.0,0.0,0.0,0.0,0.0,0.0,0.0,0.0,0.0,0.0,0.0,0.0,0.0,0.0,0.0,0.0,0.0,0.0,0.0,0.0,0.0,0.0,0.0,0.0,0.0,0.0,0.0,False,False
2018-08-08,0.0,0.0,0.0,0.0,0.0,0.0,0.0,0.0,0.0,0.0,0.0,0.0,0.0,0.0,0.0,0.0,0.0,0.0,0.0,0.0,0.0,0.0,0.0,0.0,0.0,0.0,0.0,0.0,0.0,0.0,False,False
2018-08-09,0.0,0.0,0.0,0.0,0.0,0.0,0.0,0.0,0.0,0.0,0.0,0.0,0.0,0.0,0.0,0.0,0.0,0.0,0.0,0.0,0.0,0.0,0.0,0.0,0.0,0.0,0.0,0.0,0.0,0.0,False,False
2018-08-10,0.0,0.0,0.0,0.0,0.0,0.0,0.0,0.0,0.0,0.0,0.0,0.0,0.0,0.0,0.0,0.0,0.0,0.0,0.0,0.0,0.0,0.0,0.0,0.0,0.0,0.0,0.0,0.0,0.0,0.0,False,False
2018-08-13,0.0,0.0,0.0,0.0,0.0,0.0,0.0,0.0,0.0,0.0,0.0,0.0,0.0,0.0,0.0,0.0,0.0,0.0,0.0,0.0,0.0,0.0,0.0,0.0,0.0,0.0,0.0,0.0,0.0,0.0,False,False
2018-08-14,0.0,0.0,0.0,0.0,0.0,0.0,0.0,0.0,0.0,0.0,0.0,0.0,0.0,0.0,0.0,0.0,0.0,0.0,0.0,0.0,0.0,0.0,0.0,0.0,0.0,0.0,0.0,0.0,0.0,0.0,False,False
2018-08-15,0.0,0.0,0.0,0.0,0.0,0.0,0.0,0.0,0.0,0.0,0.0,0.0,0.0,0.0,0.0,0.0,0.0,0.0,0.0,0.0,0.0,0.0,0.0,0.0,0.0,0.0,0.0,0.0,0.0,0.0,False,False
2018-08-16,0.0,0.0,0.0,0.0,0.0,0.0,0.0,0.0,0.0,0.0,0.0,0.0,0.0,0.0,0.0,0.0,0.0,0.0,0.0,0.0,0.0,0.0,0.0,0.0,0.0,0.0,0.0,0.0,0.0,0.0,False,False
2018-08-17,0.0,0.0,0.0,0.0,0.0,0.0,0.0,0.0,0.0,0.0,0.0,0.0,0.0,0.0,0.0,0.0,0.0,0.0,0.0,0.0,0.0,0.0,0.0,0.0,0.0,0.0,0.0,0.0,0.0,0.0,False,False
2018-08-20,0.0,0.0,0.0,0.0,0.0,0.0,0.0,0.0,0.0,0.0,0.0,0.0,0.0,0.0,0.0,0.0,0.0,0.0,0.0,0.0,0.0,0.0,0.0,0.0,0.0,0.0,0.0,0.0,0.0,0.0,False,False
2018-08-21,0.0,0.0,0.0,0.0,0.0,0.0,0.0,0.0,0.0,0.0,0.0,0.0,0.0,0.0,0.0,0.0,0.0,0.0,0.0,0.0,0.0,0.0,0.0,0.0,0.0,0.0,0.0,0.0,0.0,0.0,False,False
2018-08-22,0.0,0.0,0.0,0.0,0.0,0.0,0.0,0.0,0.0,0.0,0.0,0.0,0.0,0.0,0.0,0.0,0.0,0.0,0.0,0.0,0.0,0.0,0.0,0.0,0.0,0.0,0.0,0.0,0.0,0.0,False,False
2018-08-23,0.0,0.0,0.0,0.0,0.0,0.0,0.0,0.0,0.0,0.0,0.0,0.0,0.0,0.0,0.0,0.0,0.0,0.0,0.0,0.0,0.0,0.0,0.0,0.0,0.0,0.0,0.0,0.0,0.0,0.0,False,False
2018-08-24,0.0,0.0,0.0,0.0,0.0,0.0,0.0,0.0,0.0,0.0,0.0,0.0,0.0,0.0,0.0,0.0,0.0,0.0,0.0,0.0,0.0,0.0,0.0,0.0,0.0,0.0,0.0,0.0,0.0,0.0,False,False
2018-08-27,0.0,0.0,0.0,0.0,0.0,0.0,0.0,0.0,0.0,0.0,0.0,0.0,0.0,0.0,0.0,0.0,0.0,0.0,0.0,0.0,0.0,0.0,0.0,0.0,0.0,0.0,0.0,0.0,0.0,0.0,False,False
2018-08-28,0.0,0.0,0.0,0.0,0.0,0.0,0.0,0.0,0.0,0.0,0.0,0.0,0.0,0.0,0.0,0.0,0.0,0.0,0.0,0.0,0.0,0.0,0.0,0.0,0.0,0.0,0.0,0.0,0.0,0.0,False,False
2018-08-29,0.0,0.0,0.0,0.0,0.0,0.0,0.0,0.0,0.0,0.0,0.0,0.0,0.0,0.0,0.0,0.0,0.0,0.0,0.0,0.0,0.0,0.0,0.0,0.0,0.0,0.0,0.0,0.0,0.0,0.0,False,False
2018-08-30,0.0,0.0,0.0,0.0,0.0,0.0,0.0,0.0,0.0,0.0,0.0,0.0,0.0,0.0,0.0,0.0,0.0,0.0,0.0,0.0,0.0,0.0,0.0,0.0,0.0,0.0,0.0,0.0,0.0,0.0,False,False
2018-08-31,0.0,0.0,0.0,0.0,0.0,0.0,0.0,0.0,0.0,0.0,0.0,0.0,0.0,0.0,0.0,0.0,0.0,0.0,0.0,0.0,0.0,0.0,0.0,0.0,0.0,0.0,0.0,0.0,0.0,0.0,False,False
2018-09-04,0.0,0.0,0.0,0.0,0.0,0.0,0.0,0.0,0.0,0.0,0.0,0.0,0.0,0.0,0.0,0.0,0.0,0.0,0.0,0.0,0.0,0.0,0.0,0.0,0.0,0.0,0.0,0.0,0.0,0.0,False,False
2018-09-05,0.0,0.0,0.0,0.0,0.0,0.0,0.0,0.0,0.0,0.0,0.0,0.0,0.0,0.0,0.0,0.0,0.0,0.0,0.0,0.0,0.0,0.0,0.0,0.0,0.0,0.0,0.0,0.0,0.0,0.0,False,False
2018-09-06,-153551.1656481186,12585107.720500002,6292553.860250001,6292553.860250001,490.06142278968264,4.0,4.0,8.0,4.0,0.5,0.05,0.012585107720500002,0.012585107720500002,0.012585107720500002,0.025170215441000003,-0.0001535511656481186,5.034043088200001e-06,1.2585107720500001e-06,3.7755323161500002e-06,5034.043088200001,4.900614227896827e-07,-0.0001548096764201686,-0.0001585852087363186,-0.0001585852087363186,-0.0001590752701591083,-1.535511656481186,0.012585107720500002,0.0377553231615,0.004900614227896827,-1.590752701591083,False,True
2018-09-07,92895.67759678517,13541158.053000001,6770579.026500001,6770579.026500001,684.9183923908731,4.0,4.0,8.0,4.0,0.5,0.05,0.013541158053000001,0.013541158053000001,0.013541158053000001,0.027082316106000003,9.289567759678517e-05,5.416463221200001e-06,1.3541158053000002e-06,4.0623474159e-06,5416.463221200001,6.849183923908731e-07,9.154156179148517e-05,8.747921437558516e-05,8.747921437558516e-05,8.679429598319429e-05,0.9289567759678518,0.013541158053000001,0.040623474159,0.006849183923908731,0.8679429598319429,False,True
2018-09-10,-293181.08624260634,43525677.90500001,21762838.952500004,21762838.9525,688.6921159126985,4.0,4.0,8.0,4.0,0.5,0.05,0.04352567790500001,0.04352567790500001,0.04352567790500001,0.08705135581000002,-0.0002931810862426063,1.7410271162000007e-05,4.352567790500002e-06,1.3057703371500003e-05,17410.27116200001,6.886921159126985e-07,-0.0002975336540331063,-0.0003105913574046063,-0.0003105913574046063,-0.000311280049520519,-2.931810862426063,0.04352567790500002,0.13057703371500004,0.006886921159126985,-3.11280049520519,False,True
2018-09-11,0.0,0.0,0.0,0.0,0.0,0.0,0.0,0.0,0.0,0.0,0.0,0.0,0.0,0.0,0.0,0.0,0.0,0.0,0.0,0.0,0.0,0.0,0.0,0.0,0.0,0.0,0.0,0.0,0.0,0.0,False,False
2018-09-12,21794.027907609907,9170147.793550001,4585073.896775001,4585073.896775001,240.13880860912704,4.0,4.0,8.0,4.0,0.5,0.05,0.009170147793550002,0.009170147793550002,0.009170147793550002,0.018340295587100004,2.1794027907609907e-05,3.6680591174200008e-06,9.170147793550002e-07,2.751044338065e-06,3668.059117420001,2.4013880860912706e-07,2.0877013128254906e-05,1.8125968790189906e-05,1.8125968790189906e-05,1.788582998158078e-05,0.21794027907609906,0.009170147793550002,0.02751044338065,0.002401388086091271,0.1788582998158078,False,True
2018-09-13,33194.197899921906,22614528.755930502,11307264.377965251,11307264.377965251,565.3445751222422,4.0,4.0,8.0,4.0,0.5,0.05,0.0226145287559305,0.0226145287559305,0.0226145287559305,0.045229057511861,3.319419789992191e-05,9.045811502372201e-06,2.2614528755930502e-06,6.7843586267791495e-06,9045.8115023722,5.653445751222422e-07,3.093274502432886e-05,2.414838639754971e-05,2.414838639754971e-05,2.3583041822427467e-05,0.33194197899921907,0.022614528755930504,0.0678435862677915,0.005653445751222423,0.23583041822427467,False,True
2018-09-14,0.0,0.0,0.0,0.0,0.0,0.0,0.0,0.0,0.0,0.0,0.0,0.0,0.0,0.0,0.0,0.0,0.0,0.0,0.0,0.0,0.0,0.0,0.0,0.0,0.0,0.0,0.0,0.0,0.0,0.0,False,False
2018-09-17,0.0,0.0,0.0,0.0,0.0,0.0,0.0,0.0,0.0,0.0,0.0,0.0,0.0,0.0,0.0,0.0,0.0,0.0,0.0,0.0,0.0,0.0,0.0,0.0,0.0,0.0,0.0,0.0,0.0,0.0,False,False
2018-09-18,0.0,0.0,0.0,0.0,0.0,0.0,0.0,0.0,0.0,0.0,0.0,0.0,0.0,0.0,0.0,0.0,0.0,0.0,0.0,0.0,0.0,0.0,0.0,0.0,0.0,0.0,0.0,0.0,0.0,0.0,False,False
2018-09-19,0.0,0.0,0.0,0.0,0.0,0.0,0.0,0.0,0.0,0.0,0.0,0.0,0.0,0.0,0.0,0.0,0.0,0.0,0.0,0.0,0.0,0.0,0.0,0.0,0.0,0.0,0.0,0.0,0.0,0.0,False,False
2018-09-20,0.0,0.0,0.0,0.0,0.0,0.0,0.0,0.0,0.0,0.0,0.0,0.0,0.0,0.0,0.0,0.0,0.0,0.0,0.0,0.0,0.0,0.0,0.0,0.0,0.0,0.0,0.0,0.0,0.0,0.0,False,False
2018-09-21,0.0,0.0,0.0,0.0,0.0,0.0,0.0,0.0,0.0,0.0,0.0,0.0,0.0,0.0,0.0,0.0,0.0,0.0,0.0,0.0,0.0,0.0,0.0,0.0,0.0,0.0,0.0,0.0,0.0,0.0,False,False
2018-09-24,0.0,0.0,0.0,0.0,0.0,0.0,0.0,0.0,0.0,0.0,0.0,0.0,0.0,0.0,0.0,0.0,0.0,0.0,0.0,0.0,0.0,0.0,0.0,0.0,0.0,0.0,0.0,0.0,0.0,0.0,False,False
2018-09-25,0.0,0.0,0.0,0.0,0.0,0.0,0.0,0.0,0.0,0.0,0.0,0.0,0.0,0.0,0.0,0.0,0.0,0.0,0.0,0.0,0.0,0.0,0.0,0.0,0.0,0.0,0.0,0.0,0.0,0.0,False,False
2018-09-26,0.0,0.0,0.0,0.0,0.0,0.0,0.0,0.0,0.0,0.0,0.0,0.0,0.0,0.0,0.0,0.0,0.0,0.0,0.0,0.0,0.0,0.0,0.0,0.0,0.0,0.0,0.0,0.0,0.0,0.0,False,False
2018-09-27,0.0,0.0,0.0,0.0,0.0,0.0,0.0,0.0,0.0,0.0,0.0,0.0,0.0,0.0,0.0,0.0,0.0,0.0,0.0,0.0,0.0,0.0,0.0,0.0,0.0,0.0,0.0,0.0,0.0,0.0,False,False
2018-09-28,0.0,0.0,0.0,0.0,0.0,0.0,0.0,0.0,0.0,0.0,0.0,0.0,0.0,0.0,0.0,0.0,0.0,0.0,0.0,0.0,0.0,0.0,0.0,0.0,0.0,0.0,0.0,0.0,0.0,0.0,False,False
2018-10-01,0.0,0.0,0.0,0.0,0.0,0.0,0.0,0.0,0.0,0.0,0.0,0.0,0.0,0.0,0.0,0.0,0.0,0.0,0.0,0.0,0.0,0.0,0.0,0.0,0.0,0.0,0.0,0.0,0.0,0.0,False,False
2018-10-02,0.0,0.0,0.0,0.0,0.0,0.0,0.0,0.0,0.0,0.0,0.0,0.0,0.0,0.0,0.0,0.0,0.0,0.0,0.0,0.0,0.0,0.0,0.0,0.0,0.0,0.0,0.0,0.0,0.0,0.0,False,False
2018-10-03,-62687.725017823344,13983937.680100001,6991968.840050001,6991968.840050001,177.8010157150794,4.0,4.0,8.0,4.0,0.5,0.05,0.0139839376801,0.0139839376801,0.0139839376801,0.0279678753602,-6.268772501782334e-05,5.593575072040001e-06,1.3983937680100002e-06,4.19518130403e-06,5593.575072040001,1.778010157150794e-07,-6.408611878583334e-05,-6.828130008986334e-05,-6.828130008986334e-05,-6.845910110557842e-05,-0.6268772501782335,0.0139839376801,0.041951813040300004,0.001778010157150794,-0.6845910110557842,False,True
2018-10-04,0.0,0.0,0.0,0.0,0.0,0.0,0.0,0.0,0.0,0.0,0.0,0.0,0.0,0.0,0.0,0.0,0.0,0.0,0.0,0.0,0.0,0.0,0.0,0.0,0.0,0.0,0.0,0.0,0.0,0.0,False,False
2018-10-05,-69867.96724951456,13101307.540000001,6550653.7700000005,6550653.7700000005,247.9594812698413,4.0,4.0,8.0,4.0,0.5,0.05,0.01310130754,0.01310130754,0.01310130754,0.02620261508,-6.986796724951456e-05,5.2405230160000005e-06,1.3101307540000001e-06,3.930392262e-06,5240.523016,2.4795948126984127e-07,-7.117809800351457e-05,-7.510849026551457e-05,-7.510849026551457e-05,-7.535644974678441e-05,-0.6986796724951456,0.01310130754,0.03930392262,0.002479594812698413,-0.7535644974678442,False,True
2018-10-08,47740.70234498169,36179031.4427,18089515.72135,18089515.72135,695.3256873230159,4.0,4.0,8.0,4.0,0.5,0.05,0.0361790314427,0.0361790314427,0.0361790314427,0.0723580628854,4.7740702344981694e-05,1.4471612577080001e-05,3.6179031442700003e-06,1.085370943281e-05,14471.61257708,6.95325687323016e-07,4.4122799200711695e-05,3.32690897679017e-05,3.32690897679017e-05,3.257376408057868e-05,0.47740702344981695,0.0361790314427,0.10853709432809999,0.00695325687323016,0.3257376408057868,False,True
2018-10-09,-35955.565848034596,25750731.790000007,12875365.895000003,12875365.895000001,506.4629970634921,4.0,4.0,8.0,4.0,0.5,0.05000000000000001,0.025750731790000005,0.025750731790000005,0.025750731790000005,0.05150146358000001,-3.59555658480346e-05,1.0300292716000003e-05,2.5750731790000008e-06,7.725219537e-06,10300.292716000004,5.064629970634921e-07,-3.8530639027034595e-05,-4.6255858564034595e-05,-4.6255858564034595e-05,-4.6762321561098086e-05,-0.359555658480346,0.02575073179000001,0.07725219537,0.005064629970634921,-0.46762321561098086,False,True
2018-10-10,0.0,0.0,0.0,0.0,0.0,0.0,0.0,0.0,0.0,0.0,0.0,0.0,0.0,0.0,0.0,0.0,0.0,0.0,0.0,0.0,0.0,0.0,0.0,0.0,0.0,0.0,0.0,0.0,0.0,0.0,False,False
2018-10-11,751217.2310655421,33175288.78,16587644.389999999,16587644.39,530.417643888889,4.0,4.0,8.0,4.0,0.5,0.05,0.03317528878,0.03317528878,0.03317528878,0.06635057756,0.0007512172310655421,1.3270115512e-05,3.317528878e-06,9.952586633999999e-06,13270.115512,5.30417643888889e-07,0.0007478997021875422,0.0007379471155535422,0.0007379471155535422,0.0007374166979096533,7.512172310655421,0.03317528878,0.09952586633999999,0.0053041764388888895,7.374166979096533,False,True
2018-10-12,17662.6094028859,11671219.142150002,5835609.571075001,5835609.571075001,673.6456108000001,4.0,4.0,8.0,4.0,0.5,0.05,0.011671219142150002,0.011671219142150002,0.011671219142150002,0.023342438284300004,1.76626094028859e-05,4.6684876568600006e-06,1.1671219142150001e-06,3.5013657426450004e-06,4668.48765686,6.736456108000001e-07,1.6495487488670898e-05,1.2994121746025897e-05,1.2994121746025897e-05,1.2320476135225897e-05,0.17662609402885898,0.011671219142150002,0.035013657426450004,0.006736456108000001,0.12320476135225897,False,True
2018-10-15,0.0,0.0,0.0,0.0,0.0,0.0,0.0,0.0,0.0,0.0,0.0,0.0,0.0,0.0,0.0,0.0,0.0,0.0,0.0,0.0,0.0,0.0,0.0,0.0,0.0,0.0,0.0,0.0,0.0,0.0,False,False
2018-10-16,67486.51874354029,10569574.721350001,5284787.360675001,5284787.360675001,475.1397899313492,4.0,4.0,8.0,4.0,0.5,0.05,0.01056957472135,0.01056957472135,0.01056957472135,0.0211391494427,6.74865187435403e-05,4.22782988854e-06,1.056957472135e-06,3.170872416405e-06,4227.82988854,4.751397899313492e-07,6.64295612714053e-05,6.32586888550003e-05,6.32586888550003e-05,6.278354906506895e-05,0.6748651874354029,0.01056957472135,0.031708724164049996,0.004751397899313492,0.6278354906506894,False,True
2018-10-17,-22966.112674277698,18105480.8687,9052740.43435,9052740.43435,487.65144110079365,4.0,4.0,8.0,4.0,0.5,0.05,0.0181054808687,0.0181054808687,0.0181054808687,0.0362109617374,-2.2966112674277697e-05,7.242192347480001e-06,1.8105480868700003e-06,5.43164426061e-06,7242.192347480001,4.876514411007937e-07,-2.4776660761147696e-05,-3.0208305021757695e-05,-3.0208305021757695e-05,-3.069595646285849e-05,-0.22966112674277697,0.0181054808687,0.054316442606099996,0.004876514411007937,-0.30695956462858487,False,True
2018-10-18,-179045.72001078064,28900575.266250003,14450287.633125002,14450287.633125002,594.4035831845238,4.0,4.0,8.0,4.0,0.5,0.05,0.028900575266250002,0.028900575266250002,0.028900575266250002,0.057801150532500005,-0.00017904572001078064,1.1560230106500002e-05,2.8900575266250006e-06,8.670172579875e-06,11560.230106500003,5.944035831845237e-07,-0.00018193577753740565,-0.00019060595011728064,-0.00019060595011728064,-0.00019120035370046517,-1.7904572001078065,0.028900575266250006,0.08670172579875,0.005944035831845237,-1.9120035370046518,False,True
2018-10-19,83273.41029201828,25235526.383550003,12617763.191775002,12617763.191775002,200.28195542500004,4.0,4.0,8.0,4.0,0.5,0.05,0.025235526383550002,0.025235526383550002,0.025235526383550002,0.050471052767100004,8.327341029201828e-05,1.009421055342e-05,2.523552638355e-06,7.570657915065e-06,10094.21055342,2.0028195542500004e-07,8.074985765366328e-05,7.317919973859829e-05,7.317919973859829e-05,7.297891778317329e-05,0.8327341029201828,0.025235526383550002,0.07570657915065,0.0020028195542500004,0.7297891778317329,False,True
2018-10-22,-160580.16475779633,16427469.503150001,8213734.751575001,8213734.751575,206.5255949456349,4.0,4.0,8.0,4.0,0.5,0.05,0.01642746950315,0.01642746950315,0.01642746950315,0.0328549390063,-0.00016058016475779634,6.5709878012600005e-06,1.6427469503150001e-06,4.928240850945e-06,6570.98780126,2.065255949456349e-07,-0.00016222291170811133,-0.00016715115255905633,-0.00016715115255905633,-0.00016735767815400195,-1.6058016475779633,0.01642746950315,0.04928240850945,0.002065255949456349,-1.6735767815400195,False,True
2018-10-23,-260486.02201979252,68434938.45,34217469.225,34217469.225,543.1344321428571,4.0,4.0,8.0,4.0,0.5,0.05,0.06843493845,0.06843493845,0.06843493845,0.1368698769,-0.0002604860220197925,2.737397538e-05,6.843493845e-06,2.0530481534999996e-05,27373.97538,5.431344321428571e-07,-0.0002673295158647925,-0.00028785999739979254,-0.00028785999739979254,-0.0002884031318319354,-2.604860220197925,0.06843493845,0.20530481534999998,0.005431344321428571,-2.884031318319354,False,True
2018-10-24,108028.45140907957,46415752.12500001,23207876.062500004,23207876.0625,368.3789851190477,3.0,3.0,6.0,3.0,0.5,0.05,0.04641575212500001,0.04641575212500001,0.04641575212500001,0.09283150425000002,0.00010802845140907957,1.8566300850000004e-05,4.641575212500001e-06,1.39247256375e-05,18566.300850000003,3.6837898511904767e-07,0.00010338687619657957,8.946215055907957e-05,8.946215055907957e-05,8.909377157396052e-05,1.0802845140907957,0.04641575212500001,0.13924725637500002,0.003683789851190477,0.8909377157396052,False,True
2018-10-25,-2287017.2581679556,98670719.715,49335359.8575,49335359.8575,783.1009501190476,4.0,4.0,8.0,4.0,0.5,0.05,0.09867071971500001,0.09867071971500001,0.09867071971500001,0.19734143943000002,-0.0022870172581679555,3.946828788600001e-05,9.867071971500002e-06,2.96012159145e-05,39468.287886000006,7.831009501190476e-07,-0.0022968843301394556,-0.0023264855460539556,-0.0023264855460539556,-0.002327268647004075,-22.870172581679554,0.09867071971500002,0.296012159145,0.007831009501190476,-23.27268647004075,False,True
2018-10-26,1136408.096745604,92641865.36000001,46320932.68000001,46320932.68000001,735.2528996825397,4.0,4.0,8.0,4.0,0.5,0.05,0.09264186536000002,0.09264186536000002,0.09264186536000002,0.18528373072000004,0.001136408096745604,3.705674614400001e-05,9.264186536000003e-06,2.7792559608000002e-05,37056.74614400001,7.352528996825397e-07,0.001127143910209604,0.001099351350601604,0.001099351350601604,0.0010986160977019216,11.36408096745604,0.09264186536000003,0.27792559608,0.007352528996825397,10.986160977019216,False,True
2018-10-29,-751642.7631020874,67735345.22500001,33867672.612500004,33867672.612500004,537.5821049603175,4.0,4.0,8.0,4.0,0.5,0.05,0.06773534522500001,0.06773534522500001,0.06773534522500001,0.13547069045000001,-0.0007516427631020874,2.7094138090000004e-05,6.773534522500001e-06,2.03206035675e-05,27094.138090000004,5.375821049603175e-07,-0.0007584162976245874,-0.0007787369011920875,-0.0007787369011920875,-0.0007792744832970478,-7.516427631020875,0.06773534522500001,0.203206035675,0.005375821049603175,-7.792744832970478,False,True
2018-10-30,803561.1155330655,42204730.335,21102365.1675,21102365.1675,334.9581772619048,4.0,4.0,8.0,4.0,0.5,0.05000000000000001,0.042204730335,0.042204730335,0.042204730335,0.08440946067,0.0008035611155330655,1.6881892134000002e-05,4.2204730335000006e-06,1.26614191005e-05,16881.892134,3.349581772619048e-07,0.0007993406424995654,0.0007866792233990654,0.0007866792233990654,0.0007863442652218035,8.035611155330654,0.042204730335,0.126614191005,0.003349581772619048,7.863442652218035,False,True
2018-10-31,29004.836365479772,6935276.9932,3467638.4966,3467638.4966,109.26715846507938,4.0,4.0,8.0,4.0,0.5,0.05,0.0069352769932,0.0069352769932,0.0069352769932,0.0138705539864,2.900483636547977e-05,2.7741107972800002e-06,6.935276993200001e-07,2.08058309796e-06,2774.11079728,1.0926715846507937e-07,2.831130866615977e-05,2.6230725568199772e-05,2.6230725568199772e-05,2.612145840973469e-05,0.2900483636547977,0.0069352769932,0.0208058309796,0.0010926715846507938,0.26121458409734694,False,True
2018-11-01,0.0,0.0,0.0,0.0,0.0,0.0,0.0,0.0,0.0,0.0,0.0,0.0,0.0,0.0,0.0,0.0,0.0,0.0,0.0,0.0,0.0,0.0,0.0,0.0,0.0,0.0,0.0,0.0,0.0,0.0,False,False
2018-11-02,-116208.29462220678,28450889.487100005,14225444.743550003,14225444.743550003,359.96307615476195,4.0,4.0,8.0,4.0,0.5,0.05,0.028450889487100006,0.028450889487100006,0.028450889487100006,0.05690177897420001,-0.00011620829462220678,1.1380355794840002e-05,2.8450889487100006e-06,8.535266846130001e-06,11380.355794840003,3.5996307615476196e-07,-0.00011905338357091678,-0.00012758865041704679,-0.00012758865041704679,-0.00012794861349320154,-1.1620829462220679,0.028450889487100006,0.08535266846130002,0.0035996307615476196,-1.2794861349320155,False,True
2018-11-05,0.0,0.0,0.0,0.0,0.0,0.0,0.0,0.0,0.0,0.0,0.0,0.0,0.0,0.0,0.0,0.0,0.0,0.0,0.0,0.0,0.0,0.0,0.0,0.0,0.0,0.0,0.0,0.0,0.0,0.0,False,False
2018-11-06,113107.5526547092,16569105.270632003,8284552.635316002,8284552.635316,344.48947989174604,4.0,4.0,8.0,4.0,0.5,0.05,0.016569105270632004,0.016569105270632004,0.016569105270632004,0.03313821054126401,0.0001131075526547092,6.627642108252802e-06,1.6569105270632004e-06,4.9707315811896005e-06,6627.642108252802,3.4448947989174607e-07,0.000111450642127646,0.0001064799105464564,0.0001064799105464564,0.00010613542106656466,1.131075526547092,0.016569105270632004,0.049707315811896004,0.003444894798917461,1.0613542106656466,False,True
2018-11-07,0.0,0.0,0.0,0.0,0.0,0.0,0.0,0.0,0.0,0.0,0.0,0.0,0.0,0.0,0.0,0.0,0.0,0.0,0.0,0.0,0.0,0.0,0.0,0.0,0.0,0.0,0.0,0.0,0.0,0.0,False,False
2018-11-08,0.0,0.0,0.0,0.0,0.0,0.0,0.0,0.0,0.0,0.0,0.0,0.0,0.0,0.0,0.0,0.0,0.0,0.0,0.0,0.0,0.0,0.0,0.0,0.0,0.0,0.0,0.0,0.0,0.0,0.0,False,False
2018-11-09,-247218.62701399252,38659946.535,19329973.267500002,19329973.267500002,326.6379126587302,4.0,4.0,8.0,4.0,0.5,0.05,0.038659946534999996,0.038659946534999996,0.038659946534999996,0.07731989306999999,-0.00024721862701399254,1.5463978614e-05,3.8659946535e-06,1.1597983960499998e-05,15463.978614,3.2663791265873023e-07,-0.00025108462166749255,-0.00026268260562799256,-0.00026268260562799256,-0.00026300924354065127,-2.4721862701399253,0.038659946535,0.11597983960499998,0.0032663791265873025,-2.6300924354065125,False,True
2018-11-12,0.0,0.0,0.0,0.0,0.0,0.0,0.0,0.0,0.0,0.0,0.0,0.0,0.0,0.0,0.0,0.0,0.0,0.0,0.0,0.0,0.0,0.0,0.0,0.0,0.0,0.0,0.0,0.0,0.0,0.0,False,False
2018-11-13,438706.72505716514,36163849.921450004,18081924.960725002,18081924.960725,287.01468191626986,4.0,4.0,8.0,4.0,0.5,0.05,0.036163849921450004,0.036163849921450004,0.036163849921450004,0.07232769984290001,0.00043870672505716516,1.4465539968580002e-05,3.6163849921450006e-06,1.0849154976435001e-05,14465.539968580002,2.8701468191626986e-07,0.00043509034006502015,0.00042424118508858514,0.00042424118508858514,0.00042395417040666885,4.3870672505716515,0.036163849921450004,0.10849154976435,0.0028701468191626987,4.2395417040666885,False,True
2018-11-14,0.0,0.0,0.0,0.0,0.0,0.0,0.0,0.0,0.0,0.0,0.0,0.0,0.0,0.0,0.0,0.0,0.0,0.0,0.0,0.0,0.0,0.0,0.0,0.0,0.0,0.0,0.0,0.0,0.0,0.0,False,False
2018-11-15,-663400.1911635657,29104787.89615,14552393.948075002,14552393.948075,230.9903801281746,4.0,4.0,8.0,4.0,0.5,0.05,0.02910478789615,0.02910478789615,0.02910478789615,0.0582095757923,-0.0006634001911635657,1.164191515846e-05,2.910478789615e-06,8.731436368844999e-06,11641.91515846,2.309903801281746e-07,-0.0006663106699531807,-0.0006750421063220258,-0.0006750421063220258,-0.000675273096702154,-6.634001911635657,0.02910478789615,0.08731436368844998,0.002309903801281746,-6.75273096702154,False,True
2018-11-16,0.0,0.0,0.0,0.0,0.0,0.0,0.0,0.0,0.0,0.0,0.0,0.0,0.0,0.0,0.0,0.0,0.0,0.0,0.0,0.0,0.0,0.0,0.0,0.0,0.0,0.0,0.0,0.0,0.0,0.0,False,False
2018-11-19,-1152442.7278898219,35900329.766,17950164.883,17950164.883,284.9232521111111,4.0,4.0,8.0,4.0,0.5,0.05,0.035900329766,0.035900329766,0.035900329766,0.071800659532,-0.0011524427278898218,1.43601319064e-05,3.5900329766e-06,1.07700989298e-05,14360.1319064,2.8492325211111106e-07,-0.0011560327608664217,-0.0011668028597962216,-0.0011668028597962216,-0.0011670877830483328,-11.524427278898218,0.035900329766,0.107700989298,0.0028492325211111106,-11.670877830483327,False,True
2018-11-20,2525704.806604231,132656547.65095001,66328273.82547501,66328273.825475,1052.8297432615082,4.0,4.0,8.0,4.0,0.5,0.05,0.13265654765095,0.13265654765095,0.13265654765095,0.2653130953019,0.0025257048066042306,5.3062619060380006e-05,1.3265654765095002e-05,3.9796964295284996e-05,53062.619060380006,1.0528297432615082e-06,0.0025124391518391354,0.0024726421875438504,0.0024726421875438504,0.002471589357800589,25.257048066042305,0.13265654765095,0.39796964295285,0.010528297432615082,24.71589357800589,False,True
2018-11-21,-332393.44135613105,83113198.525,41556599.2625,41556599.2625,659.6285597222222,4.0,4.0,8.0,4.0,0.5,0.05,0.083113198525,0.083113198525,0.083113198525,0.16622639705,-0.00033239344135613106,3.3245279410000004e-05,8.311319852500001e-06,2.49339595575e-05,33245.27941,6.596285597222223e-07,-0.00034070476120863106,-0.0003656387207661311,-0.0003656387207661311,-0.0003662983493258533,-3.3239344135613105,0.08311319852500001,0.249339595575,0.0065962855972222225,-3.662983493258533,False,True
2018-11-23,472710.67336286313,45866239.280614,22933119.640307,22933119.640307,364.0177720683651,4.0,4.0,8.0,4.0,0.5,0.05,0.045866239280614,0.045866239280614,0.045866239280614,0.091732478561228,0.00047271067336286313,1.83464957122456e-05,4.5866239280614e-06,1.37598717841842e-05,18346.4957122456,3.640177720683651e-07,0.00046812404943480173,0.00045436417765061754,0.00045436417765061754,0.0004540001598785492,4.727106733628632,0.04586623928061401,0.137598717841842,0.003640177720683651,4.540001598785492,False,True
2018-11-26,-336345.2877158489,54795569.57105,27397784.785525,27397784.785525,755.5783457623016,4.0,4.0,8.0,4.0,0.5,0.05,0.05479556957105,0.05479556957105,0.05479556957105,0.1095911391421,-0.00033634528771584886,2.191822782842e-05,5.479556957105e-06,1.6438670871315e-05,21918.22782842,7.555783457623016e-07,-0.0003418248446729539,-0.0003582635155442689,-0.0003582635155442689,-0.0003590190938900312,-3.3634528771584886,0.05479556957105,0.16438670871315,0.007555783457623016,-3.590190938900312,False,True
2018-11-27,486596.13939688116,42385226.04305,21192613.021525,21192613.021525,419.2056186861111,4.0,4.0,8.0,4.0,0.5,0.05000000000000001,0.04238522604305,0.04238522604305,0.04238522604305,0.0847704520861,0.00048659613939688114,1.695409041722e-05,4.238522604305e-06,1.2715567812915e-05,16954.09041722,4.1920561868611113e-07,0.00048235761679257615,0.00046964204897966113,0.00046964204897966113,0.000469222843360975,4.865961393968812,0.04238522604305,0.12715567812915,0.004192056186861111,4.69222843360975,False,True
2018-11-28,0.0,0.0,0.0,0.0,0.0,0.0,0.0,0.0,0.0,0.0,0.0,0.0,0.0,0.0,0.0,0.0,0.0,0.0,0.0,0.0,0.0,0.0,0.0,0.0,0.0,0.0,0.0,0.0,0.0,0.0,False,False
2018-11-29,34453.744116038266,27995870.00005,13997935.000025,13997935.000025,571.225328322619,4.0,4.0,8.0,4.0,0.5,0.05,0.02799587000005,0.02799587000005,0.02799587000005,0.0559917400001,3.445374411603827e-05,1.119834800002e-05,2.799587000005e-06,8.398761000015e-06,11198.34800002,5.71225328322619e-07,3.165415711603327e-05,2.325539611601827e-05,2.325539611601827e-05,2.268417078769565e-05,0.34453744116038265,0.02799587000005,0.08398761000015,0.0057122532832261895,0.2268417078769565,False,True
2018-11-30,0.0,0.0,0.0,0.0,0.0,0.0,0.0,0.0,0.0,0.0,0.0,0.0,0.0,0.0,0.0,0.0,0.0,0.0,0.0,0.0,0.0,0.0,0.0,0.0,0.0,0.0,0.0,0.0,0.0,0.0,False,False
2018-12-03,-16276.11587633578,5083654.691950001,2541827.3459750004,2541827.3459750004,201.73232904563494,4.0,4.0,8.0,4.0,0.5,0.05,0.005083654691950001,0.005083654691950001,0.005083654691950001,0.010167309383900001,-1.627611587633578e-05,2.0334618767800003e-06,5.083654691950001e-07,1.5250964075850001e-06,2033.4618767800002,2.0173232904563493e-07,-1.678448134553078e-05,-1.830957775311578e-05,-1.830957775311578e-05,-1.8511310082161414e-05,-0.1627611587633578,0.005083654691950001,0.015250964075850002,0.002017323290456349,-0.18511310082161414,False,True
2018-12-04,0.0,0.0,0.0,0.0,0.0,0.0,0.0,0.0,0.0,0.0,0.0,0.0,0.0,0.0,0.0,0.0,0.0,0.0,0.0,0.0,0.0,0.0,0.0,0.0,0.0,0.0,0.0,0.0,0.0,0.0,False,False
2018-12-06,31735.038312966208,60269809.4317,30134904.71585,30134904.715850003,478.331820886508,4.0,4.0,8.0,4.0,0.5,0.05,0.060269809431699996,0.060269809431699996,0.060269809431699996,0.12053961886339999,3.173503831296621e-05,2.410792377268e-05,6.02698094317e-06,1.8080942829509997e-05,24107.92377268,4.78331820886508e-07,2.570805736979621e-05,7.627114540286212e-06,7.627114540286212e-06,7.1487827193997036e-06,0.3173503831296621,0.060269809431699996,0.18080942829509997,0.0047833182088650806,0.07148782719399703,False,True
2018-12-07,-144564.18954840736,30507407.375000004,15253703.687500002,15253703.687500002,390.175190436508,4.0,4.0,8.0,4.0,0.5,0.05,0.030507407375000004,0.030507407375000004,0.030507407375000004,0.06101481475000001,-0.00014456418954840737,1.2202962950000001e-05,3.0507407375000003e-06,9.152222212500001e-06,12202.962950000001,3.90175190436508e-07,-0.00014761493028590738,-0.0001567671524984074,-0.0001567671524984074,-0.0001571573276888439,-1.4456418954840737,0.030507407375000004,0.09152222212500001,0.00390175190436508,-1.571573276888439,False,True
2018-12-10,664733.6280767643,56778985.2106,28389492.605300006,28389492.6053,450.6268667507937,4.0,4.0,8.0,4.0,0.5,0.05,0.05677898521060001,0.05677898521060001,0.05677898521060001,0.11355797042120001,0.0006647336280767642,2.2711594084240003e-05,5.677898521060001e-06,1.703369556318e-05,22711.59408424,4.5062686675079367e-07,0.0006590557295557042,0.0006420220339925242,0.0006420220339925242,0.0006415714071257734,6.647336280767642,0.05677898521060001,0.1703369556318,0.004506268667507937,6.415714071257733,False,True
2018-12-11,527981.6547164263,96871393.47,48435696.734999985,48435696.735,768.8205830952381,4.0,4.0,8.0,4.0,0.5,0.05,0.09687139347,0.09687139347,0.09687139347,0.19374278694,0.0005279816547164263,3.8748557388e-05,9.687139347e-06,2.9061418040999998e-05,38748.557388,7.688205830952381e-07,0.0005182945153694264,0.0004892330973284264,0.0004892330973284264,0.0004884642767453312,5.2798165471642635,0.09687139347000001,0.29061418041,0.007688205830952382,4.884642767453312,False,True
2018-12-12,193638.3161576997,58018213.255,29009106.6275,29009106.6275,787.0597637698413,4.0,4.0,8.0,4.0,0.5,0.05,0.058018213255,0.058018213255,0.058018213255,0.11603642651,0.0001936383161576997,2.3207285302e-05,5.8018213255e-06,1.74054639765e-05,23207.285302,7.870597637698413e-07,0.0001878364948321997,0.0001704310308556997,0.0001704310308556997,0.00016964397109192985,1.936383161576997,0.058018213255000006,0.174054639765,0.007870597637698413,1.6964397109192986,False,True
2018-12-13,-255433.6092465889,42531311.27,21265655.635,21265655.635,337.5500894444445,4.0,4.0,8.0,4.0,0.5,0.05,0.042531311270000004,0.042531311270000004,0.042531311270000004,0.08506262254000001,-0.0002554336092465889,1.7012524508000003e-05,4.253131127000001e-06,1.2759393381e-05,17012.524508000002,3.375500894444445e-07,-0.0002596867403735889,-0.0002724461337545889,-0.0002724461337545889,-0.00027278368384403334,-2.554336092465889,0.04253131127000001,0.12759393381,0.0033755008944444448,-2.7278368384403335,False,True
2018-12-14,27424.977177363355,133845462.61920002,66922731.309600025,66922731.30960001,1062.2655763428572,4.0,4.0,8.0,4.0,0.5,0.05000000000000001,0.13384546261920002,0.13384546261920002,0.13384546261920002,0.26769092523840005,2.7424977177363356e-05,5.3538185047680014e-05,1.3384546261920003e-05,4.0153638785760005e-05,53538.18504768002,1.0622655763428572e-06,1.4040430915443352e-05,-2.6113207870316655e-05,-2.6113207870316655e-05,-2.717547344665951e-05,0.2742497717736336,0.13384546261920002,0.40153638785760004,0.010622655763428572,-0.2717547344665951,False,True
2018-12-17,63097.42775172765,18397214.2275,9198607.11375,9198607.11375,348.2178952976191,4.0,4.0,8.0,4.0,0.5,0.05,0.0183972142275,0.0183972142275,0.0183972142275,0.036794428455,6.309742775172764e-05,7.358885691000001e-06,1.8397214227500002e-06,5.519164268249999e-06,7358.885691,3.482178952976191e-07,6.125770632897765e-05,5.5738542060727644e-05,5.5738542060727644e-05,5.5390324165430023e-05,0.6309742775172764,0.0183972142275,0.05519164268249999,0.0034821789529761913,0.5539032416543003,False,True
2018-12-18,-60254.19655302874,15711484.286449999,7855742.143224998,7855742.143224999,177.55884640039682,4.0,4.0,8.0,4.0,0.5,0.05,0.015711484286449997,0.015711484286449997,0.015711484286449997,0.031422968572899994,-6.025419655302874e-05,6.284593714579999e-06,1.5711484286449997e-06,4.7134452859349985e-06,6284.593714579999,1.7755884640039682e-07,-6.182534498167373e-05,-6.653879026760874e-05,-6.653879026760874e-05,-6.671634911400913e-05,-0.6025419655302874,0.015711484286449997,0.04713445285934999,0.0017755884640039683,-0.6671634911400913,False,True
2018-12-19,-253162.46533313452,65260983.919300005,32630491.959650002,32630491.959650002,517.9443168198413,4.0,4.0,8.0,4.0,0.5,0.05,0.0652609839193,0.0652609839193,0.0652609839193,0.1305219678386,-0.0002531624653331345,2.6104393567720002e-05,6.5260983919300005e-06,1.957829517579e-05,26104.393567720002,5.179443168198414e-07,-0.0002596885637250645,-0.00027926685890085454,-0.00027926685890085454,-0.0002797848032176744,-2.5316246533313453,0.0652609839193,0.1957829517579,0.005179443168198413,-2.7978480321767436,False,True
2018-12-20,382890.0707515233,91319467.6729,45659733.836449996,45659733.83645,724.7576799436508,4.0,4.0,8.0,4.0,0.5,0.05,0.0913194676729,0.0913194676729,0.0913194676729,0.1826389353458,0.00038289007075152333,3.652778706916e-05,9.13194676729e-06,2.739584030187e-05,36527.787069160004,7.247576799436509e-07,0.00037375812398423333,0.0003463622836823633,0.0003463622836823633,0.00034563752600241966,3.8289007075152335,0.0913194676729,0.2739584030187,0.007247576799436509,3.456375260024197,False,True
2018-12-21,-1271743.7510254313,103611568.2719,51805784.13595,51805784.13595,822.3140339039683,4.0,4.0,8.0,4.0,0.5,0.05,0.1036115682719,0.1036115682719,0.1036115682719,0.2072231365438,-0.0012717437510254314,4.144462730876e-05,1.036115682719e-05,3.108347048157e-05,41444.627308760006,8.223140339039683e-07,-0.0012821049078526215,-0.0013131883783341915,-0.0013131883783341915,-0.0013140106923680956,-12.717437510254314,0.1036115682719,0.31083470481569997,0.008223140339039684,-13.140106923680955,False,True
2018-12-24,654397.52048792,100415695.3210835,50207847.66054175,50207847.66054175,796.9499628657421,4.0,4.0,8.0,4.0,0.5,0.05,0.1004156953210835,0.1004156953210835,0.1004156953210835,0.200831390642167,0.00065439752048792,4.0166278128433405e-05,1.0041569532108351e-05,3.012470859632505e-05,40166.278128433405,7.969499628657421e-07,0.0006443559509558117,0.0006142312423594867,0.0006142312423594867,0.000613434292396621,6.5439752048792,0.10041569532108352,0.3012470859632505,0.007969499628657421,6.1343429239662095,False,True
2018-12-26,-513249.3185087107,64869718.3316,32434859.1658,32434859.1658,514.8390343777778,4.0,4.0,8.0,4.0,0.5,0.05,0.0648697183316,0.0648697183316,0.0648697183316,0.1297394366632,-0.0005132493185087107,2.5947887332640003e-05,6.486971833160001e-06,1.946091549948e-05,25947.887332640003,5.148390343777778e-07,-0.0005197362903418708,-0.0005391972058413508,-0.0005391972058413508,-0.0005397120448757286,-5.132493185087108,0.0648697183316,0.1946091549948,0.005148390343777778,-5.397120448757286,False,True
2018-12-27,603213.6646643056,132035803.682878,66017901.841439,66017901.84143901,1047.9032038323653,4.0,4.0,8.0,4.0,0.5,0.05000000000000001,0.132035803682878,0.132035803682878,0.132035803682878,0.264071607365756,0.0006032136646643056,5.2814321473151206e-05,1.3203580368287801e-05,3.96107411048634e-05,52814.321473151205,1.0479032038323653e-06,0.0005900100842960178,0.0005503993431911545,0.0005503993431911545,0.0005493514399873221,6.032136646643056,0.132035803682878,0.396107411048634,0.010479032038323653,5.493514399873221,False,True
2018-12-28,548471.0074688742,75805554.37365001,37902777.18682501,37902777.186825,618.783741695635,4.0,4.0,8.0,4.0,0.5,0.05000000000000001,0.07580555437365001,0.07580555437365001,0.07580555437365001,0.15161110874730002,0.0005484710074688742,3.0322221749460007e-05,7.580555437365002e-06,2.2741666312095e-05,30322.221749460008,6.187837416956349e-07,0.0005408904520315092,0.0005181487857194142,0.0005181487857194142,0.0005175300019777185,5.484710074688742,0.07580555437365001,0.22741666312095002,0.0061878374169563495,5.175300019777185,False,True
2018-12-31,-99726.97822907598,7434641.162699999,3717320.5813499996,3717320.58135,59.00508859285714,4.0,4.0,8.0,4.0,0.5,0.05,0.007434641162699999,0.007434641162699999,0.007434641162699999,0.014869282325399998,-9.972697822907598e-05,2.9738564650799997e-06,7.434641162699999e-07,2.2303923488099994e-06,2973.85646508,5.900508859285714e-08,-0.00010047044234534597,-0.00010270083469415597,-0.00010270083469415597,-0.00010275983978274883,-0.9972697822907598,0.007434641162699999,0.022303923488099994,0.0005900508859285714,-1.0275983978274883,False,True
2019-01-02,0.0,0.0,0.0,0.0,0.0,0.0,0.0,0.0,0.0,0.0,0.0,0.0,0.0,0.0,0.0,0.0,0.0,0.0,0.0,0.0,0.0,0.0,0.0,0.0,0.0,0.0,0.0,0.0,0.0,0.0,False,False
2019-01-03,0.0,0.0,0.0,0.0,0.0,0.0,0.0,0.0,0.0,0.0,0.0,0.0,0.0,0.0,0.0,0.0,0.0,0.0,0.0,0.0,0.0,0.0,0.0,0.0,0.0,0.0,0.0,0.0,0.0,0.0,False,False
2019-01-04,0.0,0.0,0.0,0.0,0.0,0.0,0.0,0.0,0.0,0.0,0.0,0.0,0.0,0.0,0.0,0.0,0.0,0.0,0.0,0.0,0.0,0.0,0.0,0.0,0.0,0.0,0.0,0.0,0.0,0.0,False,False
2019-01-07,0.0,0.0,0.0,0.0,0.0,0.0,0.0,0.0,0.0,0.0,0.0,0.0,0.0,0.0,0.0,0.0,0.0,0.0,0.0,0.0,0.0,0.0,0.0,0.0,0.0,0.0,0.0,0.0,0.0,0.0,False,False
2019-01-08,0.0,0.0,0.0,0.0,0.0,0.0,0.0,0.0,0.0,0.0,0.0,0.0,0.0,0.0,0.0,0.0,0.0,0.0,0.0,0.0,0.0,0.0,0.0,0.0,0.0,0.0,0.0,0.0,0.0,0.0,False,False
2019-01-09,0.0,0.0,0.0,0.0,0.0,0.0,0.0,0.0,0.0,0.0,0.0,0.0,0.0,0.0,0.0,0.0,0.0,0.0,0.0,0.0,0.0,0.0,0.0,0.0,0.0,0.0,0.0,0.0,0.0,0.0,False,False
2019-01-10,0.0,0.0,0.0,0.0,0.0,0.0,0.0,0.0,0.0,0.0,0.0,0.0,0.0,0.0,0.0,0.0,0.0,0.0,0.0,0.0,0.0,0.0,0.0,0.0,0.0,0.0,0.0,0.0,0.0,0.0,False,False
2019-01-11,0.0,0.0,0.0,0.0,0.0,0.0,0.0,0.0,0.0,0.0,0.0,0.0,0.0,0.0,0.0,0.0,0.0,0.0,0.0,0.0,0.0,0.0,0.0,0.0,0.0,0.0,0.0,0.0,0.0,0.0,False,False
2019-01-14,0.0,0.0,0.0,0.0,0.0,0.0,0.0,0.0,0.0,0.0,0.0,0.0,0.0,0.0,0.0,0.0,0.0,0.0,0.0,0.0,0.0,0.0,0.0,0.0,0.0,0.0,0.0,0.0,0.0,0.0,False,False
2019-01-15,0.0,0.0,0.0,0.0,0.0,0.0,0.0,0.0,0.0,0.0,0.0,0.0,0.0,0.0,0.0,0.0,0.0,0.0,0.0,0.0,0.0,0.0,0.0,0.0,0.0,0.0,0.0,0.0,0.0,0.0,False,False
2019-01-16,0.0,0.0,0.0,0.0,0.0,0.0,0.0,0.0,0.0,0.0,0.0,0.0,0.0,0.0,0.0,0.0,0.0,0.0,0.0,0.0,0.0,0.0,0.0,0.0,0.0,0.0,0.0,0.0,0.0,0.0,False,False
2019-01-17,0.0,0.0,0.0,0.0,0.0,0.0,0.0,0.0,0.0,0.0,0.0,0.0,0.0,0.0,0.0,0.0,0.0,0.0,0.0,0.0,0.0,0.0,0.0,0.0,0.0,0.0,0.0,0.0,0.0,0.0,False,False
2019-01-18,0.0,0.0,0.0,0.0,0.0,0.0,0.0,0.0,0.0,0.0,0.0,0.0,0.0,0.0,0.0,0.0,0.0,0.0,0.0,0.0,0.0,0.0,0.0,0.0,0.0,0.0,0.0,0.0,0.0,0.0,False,False
2019-01-22,0.0,0.0,0.0,0.0,0.0,0.0,0.0,0.0,0.0,0.0,0.0,0.0,0.0,0.0,0.0,0.0,0.0,0.0,0.0,0.0,0.0,0.0,0.0,0.0,0.0,0.0,0.0,0.0,0.0,0.0,False,False
2019-01-23,250224.14859116182,32356162.1658485,16178081.08292425,16178081.08292425,312.05733690197223,4.0,4.0,8.0,4.0,0.5,0.05,0.0323561621658485,0.0323561621658485,0.0323561621658485,0.064712324331697,0.00025022414859116184,1.2942464866339401e-05,3.2356162165848504e-06,9.70684864975455e-06,12942.464866339402,3.120573369019722e-07,0.000246988532374577,0.00023728168372482244,0.00023728168372482244,0.00023696962638792047,2.5022414859116187,0.0323561621658485,0.0970684864975455,0.003120573369019722,2.3696962638792045,False,True
2019-01-24,0.0,0.0,0.0,0.0,0.0,0.0,0.0,0.0,0.0,0.0,0.0,0.0,0.0,0.0,0.0,0.0,0.0,0.0,0.0,0.0,0.0,0.0,0.0,0.0,0.0,0.0,0.0,0.0,0.0,0.0,False,False
2019-01-25,0.0,0.0,0.0,0.0,0.0,0.0,0.0,0.0,0.0,0.0,0.0,0.0,0.0,0.0,0.0,0.0,0.0,0.0,0.0,0.0,0.0,0.0,0.0,0.0,0.0,0.0,0.0,0.0,0.0,0.0,False,False
2019-01-28,0.0,0.0,0.0,0.0,0.0,0.0,0.0,0.0,0.0,0.0,0.0,0.0,0.0,0.0,0.0,0.0,0.0,0.0,0.0,0.0,0.0,0.0,0.0,0.0,0.0,0.0,0.0,0.0,0.0,0.0,False,False
2019-01-29,0.0,0.0,0.0,0.0,0.0,0.0,0.0,0.0,0.0,0.0,0.0,0.0,0.0,0.0,0.0,0.0,0.0,0.0,0.0,0.0,0.0,0.0,0.0,0.0,0.0,0.0,0.0,0.0,0.0,0.0,False,False
2019-01-30,0.0,0.0,0.0,0.0,0.0,0.0,0.0,0.0,0.0,0.0,0.0,0.0,0.0,0.0,0.0,0.0,0.0,0.0,0.0,0.0,0.0,0.0,0.0,0.0,0.0,0.0,0.0,0.0,0.0,0.0,False,False
2019-01-31,0.0,0.0,0.0,0.0,0.0,0.0,0.0,0.0,0.0,0.0,0.0,0.0,0.0,0.0,0.0,0.0,0.0,0.0,0.0,0.0,0.0,0.0,0.0,0.0,0.0,0.0,0.0,0.0,0.0,0.0,False,False
2019-02-01,0.0,0.0,0.0,0.0,0.0,0.0,0.0,0.0,0.0,0.0,0.0,0.0,0.0,0.0,0.0,0.0,0.0,0.0,0.0,0.0,0.0,0.0,0.0,0.0,0.0,0.0,0.0,0.0,0.0,0.0,False,False
2019-02-04,0.0,0.0,0.0,0.0,0.0,0.0,0.0,0.0,0.0,0.0,0.0,0.0,0.0,0.0,0.0,0.0,0.0,0.0,0.0,0.0,0.0,0.0,0.0,0.0,0.0,0.0,0.0,0.0,0.0,0.0,False,False
2019-02-05,0.0,0.0,0.0,0.0,0.0,0.0,0.0,0.0,0.0,0.0,0.0,0.0,0.0,0.0,0.0,0.0,0.0,0.0,0.0,0.0,0.0,0.0,0.0,0.0,0.0,0.0,0.0,0.0,0.0,0.0,False,False
2019-02-06,0.0,0.0,0.0,0.0,0.0,0.0,0.0,0.0,0.0,0.0,0.0,0.0,0.0,0.0,0.0,0.0,0.0,0.0,0.0,0.0,0.0,0.0,0.0,0.0,0.0,0.0,0.0,0.0,0.0,0.0,False,False
2019-02-07,0.0,0.0,0.0,0.0,0.0,0.0,0.0,0.0,0.0,0.0,0.0,0.0,0.0,0.0,0.0,0.0,0.0,0.0,0.0,0.0,0.0,0.0,0.0,0.0,0.0,0.0,0.0,0.0,0.0,0.0,False,False
2019-02-08,0.0,0.0,0.0,0.0,0.0,0.0,0.0,0.0,0.0,0.0,0.0,0.0,0.0,0.0,0.0,0.0,0.0,0.0,0.0,0.0,0.0,0.0,0.0,0.0,0.0,0.0,0.0,0.0,0.0,0.0,False,False
2019-02-11,0.0,0.0,0.0,0.0,0.0,0.0,0.0,0.0,0.0,0.0,0.0,0.0,0.0,0.0,0.0,0.0,0.0,0.0,0.0,0.0,0.0,0.0,0.0,0.0,0.0,0.0,0.0,0.0,0.0,0.0,False,False
2019-02-12,0.0,0.0,0.0,0.0,0.0,0.0,0.0,0.0,0.0,0.0,0.0,0.0,0.0,0.0,0.0,0.0,0.0,0.0,0.0,0.0,0.0,0.0,0.0,0.0,0.0,0.0,0.0,0.0,0.0,0.0,False,False
2019-02-13,0.0,0.0,0.0,0.0,0.0,0.0,0.0,0.0,0.0,0.0,0.0,0.0,0.0,0.0,0.0,0.0,0.0,0.0,0.0,0.0,0.0,0.0,0.0,0.0,0.0,0.0,0.0,0.0,0.0,0.0,False,False
2019-02-14,0.0,0.0,0.0,0.0,0.0,0.0,0.0,0.0,0.0,0.0,0.0,0.0,0.0,0.0,0.0,0.0,0.0,0.0,0.0,0.0,0.0,0.0,0.0,0.0,0.0,0.0,0.0,0.0,0.0,0.0,False,False
2019-02-15,0.0,0.0,0.0,0.0,0.0,0.0,0.0,0.0,0.0,0.0,0.0,0.0,0.0,0.0,0.0,0.0,0.0,0.0,0.0,0.0,0.0,0.0,0.0,0.0,0.0,0.0,0.0,0.0,0.0,0.0,False,False
2019-02-19,0.0,0.0,0.0,0.0,0.0,0.0,0.0,0.0,0.0,0.0,0.0,0.0,0.0,0.0,0.0,0.0,0.0,0.0,0.0,0.0,0.0,0.0,0.0,0.0,0.0,0.0,0.0,0.0,0.0,0.0,False,False
2019-02-20,0.0,0.0,0.0,0.0,0.0,0.0,0.0,0.0,0.0,0.0,0.0,0.0,0.0,0.0,0.0,0.0,0.0,0.0,0.0,0.0,0.0,0.0,0.0,0.0,0.0,0.0,0.0,0.0,0.0,0.0,False,False
2019-02-21,0.0,0.0,0.0,0.0,0.0,0.0,0.0,0.0,0.0,0.0,0.0,0.0,0.0,0.0,0.0,0.0,0.0,0.0,0.0,0.0,0.0,0.0,0.0,0.0,0.0,0.0,0.0,0.0,0.0,0.0,False,False
2019-02-22,0.0,0.0,0.0,0.0,0.0,0.0,0.0,0.0,0.0,0.0,0.0,0.0,0.0,0.0,0.0,0.0,0.0,0.0,0.0,0.0,0.0,0.0,0.0,0.0,0.0,0.0,0.0,0.0,0.0,0.0,False,False
2019-02-25,0.0,0.0,0.0,0.0,0.0,0.0,0.0,0.0,0.0,0.0,0.0,0.0,0.0,0.0,0.0,0.0,0.0,0.0,0.0,0.0,0.0,0.0,0.0,0.0,0.0,0.0,0.0,0.0,0.0,0.0,False,False
2019-02-26,0.0,0.0,0.0,0.0,0.0,0.0,0.0,0.0,0.0,0.0,0.0,0.0,0.0,0.0,0.0,0.0,0.0,0.0,0.0,0.0,0.0,0.0,0.0,0.0,0.0,0.0,0.0,0.0,0.0,0.0,False,False
2019-02-27,0.0,0.0,0.0,0.0,0.0,0.0,0.0,0.0,0.0,0.0,0.0,0.0,0.0,0.0,0.0,0.0,0.0,0.0,0.0,0.0,0.0,0.0,0.0,0.0,0.0,0.0,0.0,0.0,0.0,0.0,False,False
2019-02-28,0.0,0.0,0.0,0.0,0.0,0.0,0.0,0.0,0.0,0.0,0.0,0.0,0.0,0.0,0.0,0.0,0.0,0.0,0.0,0.0,0.0,0.0,0.0,0.0,0.0,0.0,0.0,0.0,0.0,0.0,False,False
2019-03-01,0.0,0.0,0.0,0.0,0.0,0.0,0.0,0.0,0.0,0.0,0.0,0.0,0.0,0.0,0.0,0.0,0.0,0.0,0.0,0.0,0.0,0.0,0.0,0.0,0.0,0.0,0.0,0.0,0.0,0.0,False,False
2019-03-04,0.0,0.0,0.0,0.0,0.0,0.0,0.0,0.0,0.0,0.0,0.0,0.0,0.0,0.0,0.0,0.0,0.0,0.0,0.0,0.0,0.0,0.0,0.0,0.0,0.0,0.0,0.0,0.0,0.0,0.0,False,False
2019-03-05,0.0,0.0,0.0,0.0,0.0,0.0,0.0,0.0,0.0,0.0,0.0,0.0,0.0,0.0,0.0,0.0,0.0,0.0,0.0,0.0,0.0,0.0,0.0,0.0,0.0,0.0,0.0,0.0,0.0,0.0,False,False
2019-03-06,0.0,0.0,0.0,0.0,0.0,0.0,0.0,0.0,0.0,0.0,0.0,0.0,0.0,0.0,0.0,0.0,0.0,0.0,0.0,0.0,0.0,0.0,0.0,0.0,0.0,0.0,0.0,0.0,0.0,0.0,False,False
2019-03-07,0.0,0.0,0.0,0.0,0.0,0.0,0.0,0.0,0.0,0.0,0.0,0.0,0.0,0.0,0.0,0.0,0.0,0.0,0.0,0.0,0.0,0.0,0.0,0.0,0.0,0.0,0.0,0.0,0.0,0.0,False,False
2019-03-08,0.0,0.0,0.0,0.0,0.0,0.0,0.0,0.0,0.0,0.0,0.0,0.0,0.0,0.0,0.0,0.0,0.0,0.0,0.0,0.0,0.0,0.0,0.0,0.0,0.0,0.0,0.0,0.0,0.0,0.0,False,False
2019-03-11,0.0,0.0,0.0,0.0,0.0,0.0,0.0,0.0,0.0,0.0,0.0,0.0,0.0,0.0,0.0,0.0,0.0,0.0,0.0,0.0,0.0,0.0,0.0,0.0,0.0,0.0,0.0,0.0,0.0,0.0,False,False
2019-03-12,0.0,0.0,0.0,0.0,0.0,0.0,0.0,0.0,0.0,0.0,0.0,0.0,0.0,0.0,0.0,0.0,0.0,0.0,0.0,0.0,0.0,0.0,0.0,0.0,0.0,0.0,0.0,0.0,0.0,0.0,False,False
2019-03-13,0.0,0.0,0.0,0.0,0.0,0.0,0.0,0.0,0.0,0.0,0.0,0.0,0.0,0.0,0.0,0.0,0.0,0.0,0.0,0.0,0.0,0.0,0.0,0.0,0.0,0.0,0.0,0.0,0.0,0.0,False,False
2019-03-14,0.0,0.0,0.0,0.0,0.0,0.0,0.0,0.0,0.0,0.0,0.0,0.0,0.0,0.0,0.0,0.0,0.0,0.0,0.0,0.0,0.0,0.0,0.0,0.0,0.0,0.0,0.0,0.0,0.0,0.0,False,False
2019-03-15,0.0,0.0,0.0,0.0,0.0,0.0,0.0,0.0,0.0,0.0,0.0,0.0,0.0,0.0,0.0,0.0,0.0,0.0,0.0,0.0,0.0,0.0,0.0,0.0,0.0,0.0,0.0,0.0,0.0,0.0,False,False
2019-03-18,0.0,0.0,0.0,0.0,0.0,0.0,0.0,0.0,0.0,0.0,0.0,0.0,0.0,0.0,0.0,0.0,0.0,0.0,0.0,0.0,0.0,0.0,0.0,0.0,0.0,0.0,0.0,0.0,0.0,0.0,False,False
2019-03-19,0.0,0.0,0.0,0.0,0.0,0.0,0.0,0.0,0.0,0.0,0.0,0.0,0.0,0.0,0.0,0.0,0.0,0.0,0.0,0.0,0.0,0.0,0.0,0.0,0.0,0.0,0.0,0.0,0.0,0.0,False,False
2019-03-20,0.0,0.0,0.0,0.0,0.0,0.0,0.0,0.0,0.0,0.0,0.0,0.0,0.0,0.0,0.0,0.0,0.0,0.0,0.0,0.0,0.0,0.0,0.0,0.0,0.0,0.0,0.0,0.0,0.0,0.0,False,False
2019-03-21,0.0,0.0,0.0,0.0,0.0,0.0,0.0,0.0,0.0,0.0,0.0,0.0,0.0,0.0,0.0,0.0,0.0,0.0,0.0,0.0,0.0,0.0,0.0,0.0,0.0,0.0,0.0,0.0,0.0,0.0,False,False
2019-03-22,0.0,0.0,0.0,0.0,0.0,0.0,0.0,0.0,0.0,0.0,0.0,0.0,0.0,0.0,0.0,0.0,0.0,0.0,0.0,0.0,0.0,0.0,0.0,0.0,0.0,0.0,0.0,0.0,0.0,0.0,False,False
2019-03-25,0.0,0.0,0.0,0.0,0.0,0.0,0.0,0.0,0.0,0.0,0.0,0.0,0.0,0.0,0.0,0.0,0.0,0.0,0.0,0.0,0.0,0.0,0.0,0.0,0.0,0.0,0.0,0.0,0.0,0.0,False,False
2019-03-26,0.0,0.0,0.0,0.0,0.0,0.0,0.0,0.0,0.0,0.0,0.0,0.0,0.0,0.0,0.0,0.0,0.0,0.0,0.0,0.0,0.0,0.0,0.0,0.0,0.0,0.0,0.0,0.0,0.0,0.0,False,False
2019-03-27,0.0,0.0,0.0,0.0,0.0,0.0,0.0,0.0,0.0,0.0,0.0,0.0,0.0,0.0,0.0,0.0,0.0,0.0,0.0,0.0,0.0,0.0,0.0,0.0,0.0,0.0,0.0,0.0,0.0,0.0,False,False
2019-03-28,0.0,0.0,0.0,0.0,0.0,0.0,0.0,0.0,0.0,0.0,0.0,0.0,0.0,0.0,0.0,0.0,0.0,0.0,0.0,0.0,0.0,0.0,0.0,0.0,0.0,0.0,0.0,0.0,0.0,0.0,False,False
2019-03-29,0.0,0.0,0.0,0.0,0.0,0.0,0.0,0.0,0.0,0.0,0.0,0.0,0.0,0.0,0.0,0.0,0.0,0.0,0.0,0.0,0.0,0.0,0.0,0.0,0.0,0.0,0.0,0.0,0.0,0.0,False,False
2019-04-01,0.0,0.0,0.0,0.0,0.0,0.0,0.0,0.0,0.0,0.0,0.0,0.0,0.0,0.0,0.0,0.0,0.0,0.0,0.0,0.0,0.0,0.0,0.0,0.0,0.0,0.0,0.0,0.0,0.0,0.0,False,False
2019-04-02,0.0,0.0,0.0,0.0,0.0,0.0,0.0,0.0,0.0,0.0,0.0,0.0,0.0,0.0,0.0,0.0,0.0,0.0,0.0,0.0,0.0,0.0,0.0,0.0,0.0,0.0,0.0,0.0,0.0,0.0,False,False
2019-04-03,0.0,0.0,0.0,0.0,0.0,0.0,0.0,0.0,0.0,0.0,0.0,0.0,0.0,0.0,0.0,0.0,0.0,0.0,0.0,0.0,0.0,0.0,0.0,0.0,0.0,0.0,0.0,0.0,0.0,0.0,False,False
2019-04-04,0.0,0.0,0.0,0.0,0.0,0.0,0.0,0.0,0.0,0.0,0.0,0.0,0.0,0.0,0.0,0.0,0.0,0.0,0.0,0.0,0.0,0.0,0.0,0.0,0.0,0.0,0.0,0.0,0.0,0.0,False,False
2019-04-05,0.0,0.0,0.0,0.0,0.0,0.0,0.0,0.0,0.0,0.0,0.0,0.0,0.0,0.0,0.0,0.0,0.0,0.0,0.0,0.0,0.0,0.0,0.0,0.0,0.0,0.0,0.0,0.0,0.0,0.0,False,False
2019-04-08,0.0,0.0,0.0,0.0,0.0,0.0,0.0,0.0,0.0,0.0,0.0,0.0,0.0,0.0,0.0,0.0,0.0,0.0,0.0,0.0,0.0,0.0,0.0,0.0,0.0,0.0,0.0,0.0,0.0,0.0,False,False
2019-04-09,0.0,0.0,0.0,0.0,0.0,0.0,0.0,0.0,0.0,0.0,0.0,0.0,0.0,0.0,0.0,0.0,0.0,0.0,0.0,0.0,0.0,0.0,0.0,0.0,0.0,0.0,0.0,0.0,0.0,0.0,False,False
2019-04-10,0.0,0.0,0.0,0.0,0.0,0.0,0.0,0.0,0.0,0.0,0.0,0.0,0.0,0.0,0.0,0.0,0.0,0.0,0.0,0.0,0.0,0.0,0.0,0.0,0.0,0.0,0.0,0.0,0.0,0.0,False,False
2019-04-11,0.0,0.0,0.0,0.0,0.0,0.0,0.0,0.0,0.0,0.0,0.0,0.0,0.0,0.0,0.0,0.0,0.0,0.0,0.0,0.0,0.0,0.0,0.0,0.0,0.0,0.0,0.0,0.0,0.0,0.0,False,False
2019-04-12,0.0,0.0,0.0,0.0,0.0,0.0,0.0,0.0,0.0,0.0,0.0,0.0,0.0,0.0,0.0,0.0,0.0,0.0,0.0,0.0,0.0,0.0,0.0,0.0,0.0,0.0,0.0,0.0,0.0,0.0,False,False
2019-04-15,0.0,0.0,0.0,0.0,0.0,0.0,0.0,0.0,0.0,0.0,0.0,0.0,0.0,0.0,0.0,0.0,0.0,0.0,0.0,0.0,0.0,0.0,0.0,0.0,0.0,0.0,0.0,0.0,0.0,0.0,False,False
2019-04-16,0.0,0.0,0.0,0.0,0.0,0.0,0.0,0.0,0.0,0.0,0.0,0.0,0.0,0.0,0.0,0.0,0.0,0.0,0.0,0.0,0.0,0.0,0.0,0.0,0.0,0.0,0.0,0.0,0.0,0.0,False,False
2019-04-17,0.0,0.0,0.0,0.0,0.0,0.0,0.0,0.0,0.0,0.0,0.0,0.0,0.0,0.0,0.0,0.0,0.0,0.0,0.0,0.0,0.0,0.0,0.0,0.0,0.0,0.0,0.0,0.0,0.0,0.0,False,False
2019-04-18,0.0,0.0,0.0,0.0,0.0,0.0,0.0,0.0,0.0,0.0,0.0,0.0,0.0,0.0,0.0,0.0,0.0,0.0,0.0,0.0,0.0,0.0,0.0,0.0,0.0,0.0,0.0,0.0,0.0,0.0,False,False
2019-04-22,0.0,0.0,0.0,0.0,0.0,0.0,0.0,0.0,0.0,0.0,0.0,0.0,0.0,0.0,0.0,0.0,0.0,0.0,0.0,0.0,0.0,0.0,0.0,0.0,0.0,0.0,0.0,0.0,0.0,0.0,False,False
2019-04-23,0.0,0.0,0.0,0.0,0.0,0.0,0.0,0.0,0.0,0.0,0.0,0.0,0.0,0.0,0.0,0.0,0.0,0.0,0.0,0.0,0.0,0.0,0.0,0.0,0.0,0.0,0.0,0.0,0.0,0.0,False,False
2019-04-24,0.0,0.0,0.0,0.0,0.0,0.0,0.0,0.0,0.0,0.0,0.0,0.0,0.0,0.0,0.0,0.0,0.0,0.0,0.0,0.0,0.0,0.0,0.0,0.0,0.0,0.0,0.0,0.0,0.0,0.0,False,False
2019-04-25,0.0,0.0,0.0,0.0,0.0,0.0,0.0,0.0,0.0,0.0,0.0,0.0,0.0,0.0,0.0,0.0,0.0,0.0,0.0,0.0,0.0,0.0,0.0,0.0,0.0,0.0,0.0,0.0,0.0,0.0,False,False
2019-04-26,0.0,0.0,0.0,0.0,0.0,0.0,0.0,0.0,0.0,0.0,0.0,0.0,0.0,0.0,0.0,0.0,0.0,0.0,0.0,0.0,0.0,0.0,0.0,0.0,0.0,0.0,0.0,0.0,0.0,0.0,False,False
2019-04-29,0.0,0.0,0.0,0.0,0.0,0.0,0.0,0.0,0.0,0.0,0.0,0.0,0.0,0.0,0.0,0.0,0.0,0.0,0.0,0.0,0.0,0.0,0.0,0.0,0.0,0.0,0.0,0.0,0.0,0.0,False,False
2019-04-30,0.0,0.0,0.0,0.0,0.0,0.0,0.0,0.0,0.0,0.0,0.0,0.0,0.0,0.0,0.0,0.0,0.0,0.0,0.0,0.0,0.0,0.0,0.0,0.0,0.0,0.0,0.0,0.0,0.0,0.0,False,False
2019-05-01,0.0,0.0,0.0,0.0,0.0,0.0,0.0,0.0,0.0,0.0,0.0,0.0,0.0,0.0,0.0,0.0,0.0,0.0,0.0,0.0,0.0,0.0,0.0,0.0,0.0,0.0,0.0,0.0,0.0,0.0,False,False
2019-05-02,0.0,0.0,0.0,0.0,0.0,0.0,0.0,0.0,0.0,0.0,0.0,0.0,0.0,0.0,0.0,0.0,0.0,0.0,0.0,0.0,0.0,0.0,0.0,0.0,0.0,0.0,0.0,0.0,0.0,0.0,False,False
2019-05-03,0.0,0.0,0.0,0.0,0.0,0.0,0.0,0.0,0.0,0.0,0.0,0.0,0.0,0.0,0.0,0.0,0.0,0.0,0.0,0.0,0.0,0.0,0.0,0.0,0.0,0.0,0.0,0.0,0.0,0.0,False,False
2019-05-06,0.0,0.0,0.0,0.0,0.0,0.0,0.0,0.0,0.0,0.0,0.0,0.0,0.0,0.0,0.0,0.0,0.0,0.0,0.0,0.0,0.0,0.0,0.0,0.0,0.0,0.0,0.0,0.0,0.0,0.0,False,False
2019-05-07,0.0,0.0,0.0,0.0,0.0,0.0,0.0,0.0,0.0,0.0,0.0,0.0,0.0,0.0,0.0,0.0,0.0,0.0,0.0,0.0,0.0,0.0,0.0,0.0,0.0,0.0,0.0,0.0,0.0,0.0,False,False
2019-05-08,0.0,0.0,0.0,0.0,0.0,0.0,0.0,0.0,0.0,0.0,0.0,0.0,0.0,0.0,0.0,0.0,0.0,0.0,0.0,0.0,0.0,0.0,0.0,0.0,0.0,0.0,0.0,0.0,0.0,0.0,False,False
2019-05-09,0.0,0.0,0.0,0.0,0.0,0.0,0.0,0.0,0.0,0.0,0.0,0.0,0.0,0.0,0.0,0.0,0.0,0.0,0.0,0.0,0.0,0.0,0.0,0.0,0.0,0.0,0.0,0.0,0.0,0.0,False,False
2019-05-10,0.0,0.0,0.0,0.0,0.0,0.0,0.0,0.0,0.0,0.0,0.0,0.0,0.0,0.0,0.0,0.0,0.0,0.0,0.0,0.0,0.0,0.0,0.0,0.0,0.0,0.0,0.0,0.0,0.0,0.0,False,False
2019-05-13,0.0,0.0,0.0,0.0,0.0,0.0,0.0,0.0,0.0,0.0,0.0,0.0,0.0,0.0,0.0,0.0,0.0,0.0,0.0,0.0,0.0,0.0,0.0,0.0,0.0,0.0,0.0,0.0,0.0,0.0,False,False
2019-05-14,-290987.0750611809,48913517.61,24456758.805,24456758.805,388.20252071428575,4.0,4.0,8.0,4.0,0.5,0.05,0.04891351761,0.04891351761,0.04891351761,0.09782703522,-0.00029098707506118094,1.9565407044e-05,4.891351761e-06,1.4674055282999999e-05,19565.407044,3.8820252071428576e-07,-0.00029587842682218097,-0.000310552482105181,-0.000310552482105181,-0.00031094068462589526,-2.9098707506118093,0.04891351761,0.14674055282999998,0.0038820252071428574,-3.1094068462589526,False,True
2019-05-15,0.0,0.0,0.0,0.0,0.0,0.0,0.0,0.0,0.0,0.0,0.0,0.0,0.0,0.0,0.0,0.0,0.0,0.0,0.0,0.0,0.0,0.0,0.0,0.0,0.0,0.0,0.0,0.0,0.0,0.0,False,False
2019-05-16,0.0,0.0,0.0,0.0,0.0,0.0,0.0,0.0,0.0,0.0,0.0,0.0,0.0,0.0,0.0,0.0,0.0,0.0,0.0,0.0,0.0,0.0,0.0,0.0,0.0,0.0,0.0,0.0,0.0,0.0,False,False
2019-05-17,0.0,0.0,0.0,0.0,0.0,0.0,0.0,0.0,0.0,0.0,0.0,0.0,0.0,0.0,0.0,0.0,0.0,0.0,0.0,0.0,0.0,0.0,0.0,0.0,0.0,0.0,0.0,0.0,0.0,0.0,False,False
2019-05-20,-263335.8301034947,51549247.775000006,25774623.887500003,25774623.887500003,409.1210140873016,4.0,4.0,8.0,4.0,0.5,0.05,0.05154924777500001,0.05154924777500001,0.05154924777500001,0.10309849555000002,-0.0002633358301034947,2.0619699110000004e-05,5.154924777500001e-06,1.5464774332500002e-05,20619.699110000005,4.091210140873016e-07,-0.0002684907548809947,-0.0002839555292134947,-0.0002839555292134947,-0.000284364650227582,-2.633358301034947,0.05154924777500001,0.15464774332500003,0.004091210140873016,-2.84364650227582,False,True
2019-05-21,0.0,0.0,0.0,0.0,0.0,0.0,0.0,0.0,0.0,0.0,0.0,0.0,0.0,0.0,0.0,0.0,0.0,0.0,0.0,0.0,0.0,0.0,0.0,0.0,0.0,0.0,0.0,0.0,0.0,0.0,False,False
2019-05-22,0.0,0.0,0.0,0.0,0.0,0.0,0.0,0.0,0.0,0.0,0.0,0.0,0.0,0.0,0.0,0.0,0.0,0.0,0.0,0.0,0.0,0.0,0.0,0.0,0.0,0.0,0.0,0.0,0.0,0.0,False,False
2019-05-23,363944.8440190619,46407978.983500004,23203989.491750002,23203989.491750002,368.3172935198413,4.0,4.0,8.0,4.0,0.5,0.05,0.046407978983500006,0.046407978983500006,0.046407978983500006,0.09281595796700001,0.0003639448440190619,1.8563191593400004e-05,4.640797898350001e-06,1.392239369505e-05,18563.191593400003,3.683172935198413e-07,0.00035930404612071186,0.00034538165242566185,0.00034538165242566185,0.000345013335132142,3.639448440190619,0.04640797898350001,0.1392239369505,0.0036831729351984132,3.45013335132142,False,True
2019-05-24,334042.0042153284,53682885.6964,26841442.8482,26841442.8482,426.054648384127,4.0,4.0,8.0,4.0,0.5,0.05,0.0536828856964,0.0536828856964,0.0536828856964,0.1073657713928,0.0003340420042153284,2.1473154278560002e-05,5.368288569640001e-06,1.610486570892e-05,21473.154278560003,4.26054648384127e-07,0.0003286737156456884,0.0003125688499367684,0.0003125688499367684,0.0003121427952883843,3.340420042153284,0.05368288569640001,0.1610486570892,0.0042605464838412705,3.121427952883843,False,True
2019-05-28,-197613.0788627051,46605322.3369,23302661.16845,23302661.16845,757.9090801341271,4.0,4.0,8.0,4.0,0.5,0.05,0.046605322336900006,0.046605322336900006,0.046605322336900006,0.09321064467380001,-0.0001976130788627051,1.8642128934760003e-05,4.660532233690001e-06,1.3981596701070001e-05,18642.128934760003,7.57909080134127e-07,-0.0002022736110963951,-0.0002162552077974651,-0.0002162552077974651,-0.00021701311687759924,-1.976130788627051,0.046605322336900006,0.1398159670107,0.00757909080134127,-2.1701311687759923,False,True
2019-05-29,0.0,0.0,0.0,0.0,0.0,0.0,0.0,0.0,0.0,0.0,0.0,0.0,0.0,0.0,0.0,0.0,0.0,0.0,0.0,0.0,0.0,0.0,0.0,0.0,0.0,0.0,0.0,0.0,0.0,0.0,False,False
2019-05-30,0.0,0.0,0.0,0.0,0.0,0.0,0.0,0.0,0.0,0.0,0.0,0.0,0.0,0.0,0.0,0.0,0.0,0.0,0.0,0.0,0.0,0.0,0.0,0.0,0.0,0.0,0.0,0.0,0.0,0.0,False,False
2019-05-31,0.0,0.0,0.0,0.0,0.0,0.0,0.0,0.0,0.0,0.0,0.0,0.0,0.0,0.0,0.0,0.0,0.0,0.0,0.0,0.0,0.0,0.0,0.0,0.0,0.0,0.0,0.0,0.0,0.0,0.0,False,False
2019-06-03,0.0,0.0,0.0,0.0,0.0,0.0,0.0,0.0,0.0,0.0,0.0,0.0,0.0,0.0,0.0,0.0,0.0,0.0,0.0,0.0,0.0,0.0,0.0,0.0,0.0,0.0,0.0,0.0,0.0,0.0,False,False
2019-06-04,253695.47163563242,44895105.285,22447552.6425,22447552.642500002,356.3103594047619,4.0,4.0,8.0,4.0,0.5,0.05,0.044895105284999993,0.044895105284999993,0.044895105284999993,0.08979021056999999,0.0002536954716356324,1.7958042113999997e-05,4.489510528499999e-06,1.3468531585499996e-05,17958.042113999996,3.563103594047619e-07,0.0002492059611071324,0.00023573742952163242,0.00023573742952163242,0.00023538111916222767,2.536954716356324,0.044895105284999993,0.13468531585499996,0.003563103594047619,2.3538111916222766,False,True
2019-06-05,0.0,0.0,0.0,0.0,0.0,0.0,0.0,0.0,0.0,0.0,0.0,0.0,0.0,0.0,0.0,0.0,0.0,0.0,0.0,0.0,0.0,0.0,0.0,0.0,0.0,0.0,0.0,0.0,0.0,0.0,False,False
2019-06-06,0.0,0.0,0.0,0.0,0.0,0.0,0.0,0.0,0.0,0.0,0.0,0.0,0.0,0.0,0.0,0.0,0.0,0.0,0.0,0.0,0.0,0.0,0.0,0.0,0.0,0.0,0.0,0.0,0.0,0.0,False,False
2019-06-07,0.0,0.0,0.0,0.0,0.0,0.0,0.0,0.0,0.0,0.0,0.0,0.0,0.0,0.0,0.0,0.0,0.0,0.0,0.0,0.0,0.0,0.0,0.0,0.0,0.0,0.0,0.0,0.0,0.0,0.0,False,False
2019-06-10,0.0,0.0,0.0,0.0,0.0,0.0,0.0,0.0,0.0,0.0,0.0,0.0,0.0,0.0,0.0,0.0,0.0,0.0,0.0,0.0,0.0,0.0,0.0,0.0,0.0,0.0,0.0,0.0,0.0,0.0,False,False
2019-06-11,0.0,0.0,0.0,0.0,0.0,0.0,0.0,0.0,0.0,0.0,0.0,0.0,0.0,0.0,0.0,0.0,0.0,0.0,0.0,0.0,0.0,0.0,0.0,0.0,0.0,0.0,0.0,0.0,0.0,0.0,False,False
2019-06-12,0.0,0.0,0.0,0.0,0.0,0.0,0.0,0.0,0.0,0.0,0.0,0.0,0.0,0.0,0.0,0.0,0.0,0.0,0.0,0.0,0.0,0.0,0.0,0.0,0.0,0.0,0.0,0.0,0.0,0.0,False,False
2019-06-13,0.0,0.0,0.0,0.0,0.0,0.0,0.0,0.0,0.0,0.0,0.0,0.0,0.0,0.0,0.0,0.0,0.0,0.0,0.0,0.0,0.0,0.0,0.0,0.0,0.0,0.0,0.0,0.0,0.0,0.0,False,False
2019-06-14,0.0,0.0,0.0,0.0,0.0,0.0,0.0,0.0,0.0,0.0,0.0,0.0,0.0,0.0,0.0,0.0,0.0,0.0,0.0,0.0,0.0,0.0,0.0,0.0,0.0,0.0,0.0,0.0,0.0,0.0,False,False
2019-06-17,0.0,0.0,0.0,0.0,0.0,0.0,0.0,0.0,0.0,0.0,0.0,0.0,0.0,0.0,0.0,0.0,0.0,0.0,0.0,0.0,0.0,0.0,0.0,0.0,0.0,0.0,0.0,0.0,0.0,0.0,False,False
2019-06-18,0.0,0.0,0.0,0.0,0.0,0.0,0.0,0.0,0.0,0.0,0.0,0.0,0.0,0.0,0.0,0.0,0.0,0.0,0.0,0.0,0.0,0.0,0.0,0.0,0.0,0.0,0.0,0.0,0.0,0.0,False,False
2019-06-19,0.0,0.0,0.0,0.0,0.0,0.0,0.0,0.0,0.0,0.0,0.0,0.0,0.0,0.0,0.0,0.0,0.0,0.0,0.0,0.0,0.0,0.0,0.0,0.0,0.0,0.0,0.0,0.0,0.0,0.0,False,False
2019-06-20,0.0,0.0,0.0,0.0,0.0,0.0,0.0,0.0,0.0,0.0,0.0,0.0,0.0,0.0,0.0,0.0,0.0,0.0,0.0,0.0,0.0,0.0,0.0,0.0,0.0,0.0,0.0,0.0,0.0,0.0,False,False
2019-06-21,0.0,0.0,0.0,0.0,0.0,0.0,0.0,0.0,0.0,0.0,0.0,0.0,0.0,0.0,0.0,0.0,0.0,0.0,0.0,0.0,0.0,0.0,0.0,0.0,0.0,0.0,0.0,0.0,0.0,0.0,False,False
2019-06-24,0.0,0.0,0.0,0.0,0.0,0.0,0.0,0.0,0.0,0.0,0.0,0.0,0.0,0.0,0.0,0.0,0.0,0.0,0.0,0.0,0.0,0.0,0.0,0.0,0.0,0.0,0.0,0.0,0.0,0.0,False,False
2019-06-25,0.0,0.0,0.0,0.0,0.0,0.0,0.0,0.0,0.0,0.0,0.0,0.0,0.0,0.0,0.0,0.0,0.0,0.0,0.0,0.0,0.0,0.0,0.0,0.0,0.0,0.0,0.0,0.0,0.0,0.0,False,False
2019-06-26,0.0,0.0,0.0,0.0,0.0,0.0,0.0,0.0,0.0,0.0,0.0,0.0,0.0,0.0,0.0,0.0,0.0,0.0,0.0,0.0,0.0,0.0,0.0,0.0,0.0,0.0,0.0,0.0,0.0,0.0,False,False
2019-06-27,0.0,0.0,0.0,0.0,0.0,0.0,0.0,0.0,0.0,0.0,0.0,0.0,0.0,0.0,0.0,0.0,0.0,0.0,0.0,0.0,0.0,0.0,0.0,0.0,0.0,0.0,0.0,0.0,0.0,0.0,False,False
2019-06-28,0.0,0.0,0.0,0.0,0.0,0.0,0.0,0.0,0.0,0.0,0.0,0.0,0.0,0.0,0.0,0.0,0.0,0.0,0.0,0.0,0.0,0.0,0.0,0.0,0.0,0.0,0.0,0.0,0.0,0.0,False,False
2019-07-01,0.0,0.0,0.0,0.0,0.0,0.0,0.0,0.0,0.0,0.0,0.0,0.0,0.0,0.0,0.0,0.0,0.0,0.0,0.0,0.0,0.0,0.0,0.0,0.0,0.0,0.0,0.0,0.0,0.0,0.0,False,False
2019-07-02,0.0,0.0,0.0,0.0,0.0,0.0,0.0,0.0,0.0,0.0,0.0,0.0,0.0,0.0,0.0,0.0,0.0,0.0,0.0,0.0,0.0,0.0,0.0,0.0,0.0,0.0,0.0,0.0,0.0,0.0,False,False
2019-07-03,0.0,0.0,0.0,0.0,0.0,0.0,0.0,0.0,0.0,0.0,0.0,0.0,0.0,0.0,0.0,0.0,0.0,0.0,0.0,0.0,0.0,0.0,0.0,0.0,0.0,0.0,0.0,0.0,0.0,0.0,False,False
2019-07-05,0.0,0.0,0.0,0.0,0.0,0.0,0.0,0.0,0.0,0.0,0.0,0.0,0.0,0.0,0.0,0.0,0.0,0.0,0.0,0.0,0.0,0.0,0.0,0.0,0.0,0.0,0.0,0.0,0.0,0.0,False,False
2019-07-08,0.0,0.0,0.0,0.0,0.0,0.0,0.0,0.0,0.0,0.0,0.0,0.0,0.0,0.0,0.0,0.0,0.0,0.0,0.0,0.0,0.0,0.0,0.0,0.0,0.0,0.0,0.0,0.0,0.0,0.0,False,False
2019-07-09,0.0,0.0,0.0,0.0,0.0,0.0,0.0,0.0,0.0,0.0,0.0,0.0,0.0,0.0,0.0,0.0,0.0,0.0,0.0,0.0,0.0,0.0,0.0,0.0,0.0,0.0,0.0,0.0,0.0,0.0,False,False
2019-07-10,0.0,0.0,0.0,0.0,0.0,0.0,0.0,0.0,0.0,0.0,0.0,0.0,0.0,0.0,0.0,0.0,0.0,0.0,0.0,0.0,0.0,0.0,0.0,0.0,0.0,0.0,0.0,0.0,0.0,0.0,False,False
2019-07-11,0.0,0.0,0.0,0.0,0.0,0.0,0.0,0.0,0.0,0.0,0.0,0.0,0.0,0.0,0.0,0.0,0.0,0.0,0.0,0.0,0.0,0.0,0.0,0.0,0.0,0.0,0.0,0.0,0.0,0.0,False,False
2019-07-12,0.0,0.0,0.0,0.0,0.0,0.0,0.0,0.0,0.0,0.0,0.0,0.0,0.0,0.0,0.0,0.0,0.0,0.0,0.0,0.0,0.0,0.0,0.0,0.0,0.0,0.0,0.0,0.0,0.0,0.0,False,False
2019-07-15,0.0,0.0,0.0,0.0,0.0,0.0,0.0,0.0,0.0,0.0,0.0,0.0,0.0,0.0,0.0,0.0,0.0,0.0,0.0,0.0,0.0,0.0,0.0,0.0,0.0,0.0,0.0,0.0,0.0,0.0,False,False
2019-07-16,0.0,0.0,0.0,0.0,0.0,0.0,0.0,0.0,0.0,0.0,0.0,0.0,0.0,0.0,0.0,0.0,0.0,0.0,0.0,0.0,0.0,0.0,0.0,0.0,0.0,0.0,0.0,0.0,0.0,0.0,False,False
2019-07-17,0.0,0.0,0.0,0.0,0.0,0.0,0.0,0.0,0.0,0.0,0.0,0.0,0.0,0.0,0.0,0.0,0.0,0.0,0.0,0.0,0.0,0.0,0.0,0.0,0.0,0.0,0.0,0.0,0.0,0.0,False,False
2019-07-18,0.0,0.0,0.0,0.0,0.0,0.0,0.0,0.0,0.0,0.0,0.0,0.0,0.0,0.0,0.0,0.0,0.0,0.0,0.0,0.0,0.0,0.0,0.0,0.0,0.0,0.0,0.0,0.0,0.0,0.0,False,False
2019-07-19,0.0,0.0,0.0,0.0,0.0,0.0,0.0,0.0,0.0,0.0,0.0,0.0,0.0,0.0,0.0,0.0,0.0,0.0,0.0,0.0,0.0,0.0,0.0,0.0,0.0,0.0,0.0,0.0,0.0,0.0,False,False
2019-07-22,0.0,0.0,0.0,0.0,0.0,0.0,0.0,0.0,0.0,0.0,0.0,0.0,0.0,0.0,0.0,0.0,0.0,0.0,0.0,0.0,0.0,0.0,0.0,0.0,0.0,0.0,0.0,0.0,0.0,0.0,False,False
2019-07-23,0.0,0.0,0.0,0.0,0.0,0.0,0.0,0.0,0.0,0.0,0.0,0.0,0.0,0.0,0.0,0.0,0.0,0.0,0.0,0.0,0.0,0.0,0.0,0.0,0.0,0.0,0.0,0.0,0.0,0.0,False,False
2019-07-24,0.0,0.0,0.0,0.0,0.0,0.0,0.0,0.0,0.0,0.0,0.0,0.0,0.0,0.0,0.0,0.0,0.0,0.0,0.0,0.0,0.0,0.0,0.0,0.0,0.0,0.0,0.0,0.0,0.0,0.0,False,False
2019-07-25,0.0,0.0,0.0,0.0,0.0,0.0,0.0,0.0,0.0,0.0,0.0,0.0,0.0,0.0,0.0,0.0,0.0,0.0,0.0,0.0,0.0,0.0,0.0,0.0,0.0,0.0,0.0,0.0,0.0,0.0,False,False
2019-07-26,0.0,0.0,0.0,0.0,0.0,0.0,0.0,0.0,0.0,0.0,0.0,0.0,0.0,0.0,0.0,0.0,0.0,0.0,0.0,0.0,0.0,0.0,0.0,0.0,0.0,0.0,0.0,0.0,0.0,0.0,False,False
2019-07-29,0.0,0.0,0.0,0.0,0.0,0.0,0.0,0.0,0.0,0.0,0.0,0.0,0.0,0.0,0.0,0.0,0.0,0.0,0.0,0.0,0.0,0.0,0.0,0.0,0.0,0.0,0.0,0.0,0.0,0.0,False,False
2019-07-30,0.0,0.0,0.0,0.0,0.0,0.0,0.0,0.0,0.0,0.0,0.0,0.0,0.0,0.0,0.0,0.0,0.0,0.0,0.0,0.0,0.0,0.0,0.0,0.0,0.0,0.0,0.0,0.0,0.0,0.0,False,False
2019-07-31,0.0,0.0,0.0,0.0,0.0,0.0,0.0,0.0,0.0,0.0,0.0,0.0,0.0,0.0,0.0,0.0,0.0,0.0,0.0,0.0,0.0,0.0,0.0,0.0,0.0,0.0,0.0,0.0,0.0,0.0,False,False
2019-08-01,0.0,0.0,0.0,0.0,0.0,0.0,0.0,0.0,0.0,0.0,0.0,0.0,0.0,0.0,0.0,0.0,0.0,0.0,0.0,0.0,0.0,0.0,0.0,0.0,0.0,0.0,0.0,0.0,0.0,0.0,False,False
2019-08-02,0.0,0.0,0.0,0.0,0.0,0.0,0.0,0.0,0.0,0.0,0.0,0.0,0.0,0.0,0.0,0.0,0.0,0.0,0.0,0.0,0.0,0.0,0.0,0.0,0.0,0.0,0.0,0.0,0.0,0.0,False,False
2019-08-05,0.0,0.0,0.0,0.0,0.0,0.0,0.0,0.0,0.0,0.0,0.0,0.0,0.0,0.0,0.0,0.0,0.0,0.0,0.0,0.0,0.0,0.0,0.0,0.0,0.0,0.0,0.0,0.0,0.0,0.0,False,False
2019-08-06,0.0,0.0,0.0,0.0,0.0,0.0,0.0,0.0,0.0,0.0,0.0,0.0,0.0,0.0,0.0,0.0,0.0,0.0,0.0,0.0,0.0,0.0,0.0,0.0,0.0,0.0,0.0,0.0,0.0,0.0,False,False
2019-08-07,0.0,0.0,0.0,0.0,0.0,0.0,0.0,0.0,0.0,0.0,0.0,0.0,0.0,0.0,0.0,0.0,0.0,0.0,0.0,0.0,0.0,0.0,0.0,0.0,0.0,0.0,0.0,0.0,0.0,0.0,False,False
2019-08-08,0.0,0.0,0.0,0.0,0.0,0.0,0.0,0.0,0.0,0.0,0.0,0.0,0.0,0.0,0.0,0.0,0.0,0.0,0.0,0.0,0.0,0.0,0.0,0.0,0.0,0.0,0.0,0.0,0.0,0.0,False,False
2019-08-09,0.0,0.0,0.0,0.0,0.0,0.0,0.0,0.0,0.0,0.0,0.0,0.0,0.0,0.0,0.0,0.0,0.0,0.0,0.0,0.0,0.0,0.0,0.0,0.0,0.0,0.0,0.0,0.0,0.0,0.0,False,False
2019-08-12,0.0,0.0,0.0,0.0,0.0,0.0,0.0,0.0,0.0,0.0,0.0,0.0,0.0,0.0,0.0,0.0,0.0,0.0,0.0,0.0,0.0,0.0,0.0,0.0,0.0,0.0,0.0,0.0,0.0,0.0,False,False
2019-08-13,-911680.0027556523,51091088.0847,25545544.04235,25545544.04235,405.48482606904764,4.0,4.0,8.0,4.0,0.5,0.05000000000000001,0.051091088084700004,0.051091088084700004,0.051091088084700004,0.10218217616940001,-0.0009116800027556523,2.0436435233880002e-05,5.1091088084700005e-06,1.532732642541e-05,20436.43523388,4.054848260690476e-07,-0.0009167891115641223,-0.0009321164379895323,-0.0009321164379895323,-0.0009325219228156013,-9.116800027556522,0.051091088084700004,0.1532732642541,0.004054848260690476,-9.325219228156014,False,True
2019-08-14,0.0,0.0,0.0,0.0,0.0,0.0,0.0,0.0,0.0,0.0,0.0,0.0,0.0,0.0,0.0,0.0,0.0,0.0,0.0,0.0,0.0,0.0,0.0,0.0,0.0,0.0,0.0,0.0,0.0,0.0,False,False
2019-08-15,129251.58784493482,37319235.48623,18659617.743115,18659617.743115,296.18440862087306,4.0,4.0,8.0,4.0,0.5,0.05,0.03731923548623,0.03731923548623,0.03731923548623,0.07463847097246,0.00012925158784493483,1.4927694194492e-05,3.731923548623e-06,1.1195770645868999e-05,14927.694194492,2.9618440862087303e-07,0.00012551966429631182,0.00011432389365044283,0.00011432389365044283,0.00011402770924182195,1.2925158784493482,0.03731923548623,0.11195770645868999,0.00296184408620873,1.1402770924182195,False,True
2019-08-16,509795.8484940899,53052044.690000005,26526022.345000003,26526022.345000003,1259.859966746032,4.0,4.0,8.0,4.0,0.5,0.05000000000000001,0.05305204469000001,0.05305204469000001,0.05305204469000001,0.10610408938000002,0.0005097958484940899,2.1220817876000005e-05,5.305204469000001e-06,1.5915613407e-05,21220.817876000005,1.259859966746032e-06,0.0005044906440250899,0.0004885750306180899,0.0004885750306180899,0.00048731517065134385,5.097958484940899,0.053052044690000015,0.15915613407,0.01259859966746032,4.873151706513439,False,True
2019-08-19,0.0,0.0,0.0,0.0,0.0,0.0,0.0,0.0,0.0,0.0,0.0,0.0,0.0,0.0,0.0,0.0,0.0,0.0,0.0,0.0,0.0,0.0,0.0,0.0,0.0,0.0,0.0,0.0,0.0,0.0,False,False
2019-08-20,0.0,0.0,0.0,0.0,0.0,0.0,0.0,0.0,0.0,0.0,0.0,0.0,0.0,0.0,0.0,0.0,0.0,0.0,0.0,0.0,0.0,0.0,0.0,0.0,0.0,0.0,0.0,0.0,0.0,0.0,False,False
2019-08-21,0.0,0.0,0.0,0.0,0.0,0.0,0.0,0.0,0.0,0.0,0.0,0.0,0.0,0.0,0.0,0.0,0.0,0.0,0.0,0.0,0.0,0.0,0.0,0.0,0.0,0.0,0.0,0.0,0.0,0.0,False,False
2019-08-22,0.0,0.0,0.0,0.0,0.0,0.0,0.0,0.0,0.0,0.0,0.0,0.0,0.0,0.0,0.0,0.0,0.0,0.0,0.0,0.0,0.0,0.0,0.0,0.0,0.0,0.0,0.0,0.0,0.0,0.0,False,False
2019-08-23,0.0,0.0,0.0,0.0,0.0,0.0,0.0,0.0,0.0,0.0,0.0,0.0,0.0,0.0,0.0,0.0,0.0,0.0,0.0,0.0,0.0,0.0,0.0,0.0,0.0,0.0,0.0,0.0,0.0,0.0,False,False
2019-08-26,0.0,0.0,0.0,0.0,0.0,0.0,0.0,0.0,0.0,0.0,0.0,0.0,0.0,0.0,0.0,0.0,0.0,0.0,0.0,0.0,0.0,0.0,0.0,0.0,0.0,0.0,0.0,0.0,0.0,0.0,False,False
2019-08-27,0.0,0.0,0.0,0.0,0.0,0.0,0.0,0.0,0.0,0.0,0.0,0.0,0.0,0.0,0.0,0.0,0.0,0.0,0.0,0.0,0.0,0.0,0.0,0.0,0.0,0.0,0.0,0.0,0.0,0.0,False,False
2019-08-28,0.0,0.0,0.0,0.0,0.0,0.0,0.0,0.0,0.0,0.0,0.0,0.0,0.0,0.0,0.0,0.0,0.0,0.0,0.0,0.0,0.0,0.0,0.0,0.0,0.0,0.0,0.0,0.0,0.0,0.0,False,False
2019-08-29,0.0,0.0,0.0,0.0,0.0,0.0,0.0,0.0,0.0,0.0,0.0,0.0,0.0,0.0,0.0,0.0,0.0,0.0,0.0,0.0,0.0,0.0,0.0,0.0,0.0,0.0,0.0,0.0,0.0,0.0,False,False
2019-08-30,0.0,0.0,0.0,0.0,0.0,0.0,0.0,0.0,0.0,0.0,0.0,0.0,0.0,0.0,0.0,0.0,0.0,0.0,0.0,0.0,0.0,0.0,0.0,0.0,0.0,0.0,0.0,0.0,0.0,0.0,False,False
2019-09-03,0.0,0.0,0.0,0.0,0.0,0.0,0.0,0.0,0.0,0.0,0.0,0.0,0.0,0.0,0.0,0.0,0.0,0.0,0.0,0.0,0.0,0.0,0.0,0.0,0.0,0.0,0.0,0.0,0.0,0.0,False,False
2019-09-04,0.0,0.0,0.0,0.0,0.0,0.0,0.0,0.0,0.0,0.0,0.0,0.0,0.0,0.0,0.0,0.0,0.0,0.0,0.0,0.0,0.0,0.0,0.0,0.0,0.0,0.0,0.0,0.0,0.0,0.0,False,False
2019-09-05,0.0,0.0,0.0,0.0,0.0,0.0,0.0,0.0,0.0,0.0,0.0,0.0,0.0,0.0,0.0,0.0,0.0,0.0,0.0,0.0,0.0,0.0,0.0,0.0,0.0,0.0,0.0,0.0,0.0,0.0,False,False
2019-09-06,0.0,0.0,0.0,0.0,0.0,0.0,0.0,0.0,0.0,0.0,0.0,0.0,0.0,0.0,0.0,0.0,0.0,0.0,0.0,0.0,0.0,0.0,0.0,0.0,0.0,0.0,0.0,0.0,0.0,0.0,False,False
2019-09-09,0.0,0.0,0.0,0.0,0.0,0.0,0.0,0.0,0.0,0.0,0.0,0.0,0.0,0.0,0.0,0.0,0.0,0.0,0.0,0.0,0.0,0.0,0.0,0.0,0.0,0.0,0.0,0.0,0.0,0.0,False,False
2019-09-10,0.0,0.0,0.0,0.0,0.0,0.0,0.0,0.0,0.0,0.0,0.0,0.0,0.0,0.0,0.0,0.0,0.0,0.0,0.0,0.0,0.0,0.0,0.0,0.0,0.0,0.0,0.0,0.0,0.0,0.0,False,False
2019-09-11,0.0,0.0,0.0,0.0,0.0,0.0,0.0,0.0,0.0,0.0,0.0,0.0,0.0,0.0,0.0,0.0,0.0,0.0,0.0,0.0,0.0,0.0,0.0,0.0,0.0,0.0,0.0,0.0,0.0,0.0,False,False
2019-09-12,0.0,0.0,0.0,0.0,0.0,0.0,0.0,0.0,0.0,0.0,0.0,0.0,0.0,0.0,0.0,0.0,0.0,0.0,0.0,0.0,0.0,0.0,0.0,0.0,0.0,0.0,0.0,0.0,0.0,0.0,False,False
2019-09-13,0.0,0.0,0.0,0.0,0.0,0.0,0.0,0.0,0.0,0.0,0.0,0.0,0.0,0.0,0.0,0.0,0.0,0.0,0.0,0.0,0.0,0.0,0.0,0.0,0.0,0.0,0.0,0.0,0.0,0.0,False,False
2019-09-16,0.0,0.0,0.0,0.0,0.0,0.0,0.0,0.0,0.0,0.0,0.0,0.0,0.0,0.0,0.0,0.0,0.0,0.0,0.0,0.0,0.0,0.0,0.0,0.0,0.0,0.0,0.0,0.0,0.0,0.0,False,False
2019-09-17,0.0,0.0,0.0,0.0,0.0,0.0,0.0,0.0,0.0,0.0,0.0,0.0,0.0,0.0,0.0,0.0,0.0,0.0,0.0,0.0,0.0,0.0,0.0,0.0,0.0,0.0,0.0,0.0,0.0,0.0,False,False
2019-09-18,0.0,0.0,0.0,0.0,0.0,0.0,0.0,0.0,0.0,0.0,0.0,0.0,0.0,0.0,0.0,0.0,0.0,0.0,0.0,0.0,0.0,0.0,0.0,0.0,0.0,0.0,0.0,0.0,0.0,0.0,False,False
2019-09-19,0.0,0.0,0.0,0.0,0.0,0.0,0.0,0.0,0.0,0.0,0.0,0.0,0.0,0.0,0.0,0.0,0.0,0.0,0.0,0.0,0.0,0.0,0.0,0.0,0.0,0.0,0.0,0.0,0.0,0.0,False,False
2019-09-20,0.0,0.0,0.0,0.0,0.0,0.0,0.0,0.0,0.0,0.0,0.0,0.0,0.0,0.0,0.0,0.0,0.0,0.0,0.0,0.0,0.0,0.0,0.0,0.0,0.0,0.0,0.0,0.0,0.0,0.0,False,False
2019-09-23,0.0,0.0,0.0,0.0,0.0,0.0,0.0,0.0,0.0,0.0,0.0,0.0,0.0,0.0,0.0,0.0,0.0,0.0,0.0,0.0,0.0,0.0,0.0,0.0,0.0,0.0,0.0,0.0,0.0,0.0,False,False
2019-09-24,0.0,0.0,0.0,0.0,0.0,0.0,0.0,0.0,0.0,0.0,0.0,0.0,0.0,0.0,0.0,0.0,0.0,0.0,0.0,0.0,0.0,0.0,0.0,0.0,0.0,0.0,0.0,0.0,0.0,0.0,False,False
2019-09-25,37458.809136079275,12382605.574673502,6191302.78733675,6191302.787336751,98.27464741804366,4.0,4.0,8.0,4.0,0.5,0.05000000000000001,0.012382605574673501,0.012382605574673501,0.012382605574673501,0.024765211149347002,3.745880913607928e-05,4.953042229869401e-06,1.2382605574673503e-06,3.71478167240205e-06,4953.042229869401,9.827464741804366e-08,3.622054857861193e-05,3.250576690620988e-05,3.250576690620988e-05,3.240749225879183e-05,0.3745880913607928,0.012382605574673503,0.0371478167240205,0.0009827464741804367,0.3240749225879183,False,True
2019-09-26,0.0,0.0,0.0,0.0,0.0,0.0,0.0,0.0,0.0,0.0,0.0,0.0,0.0,0.0,0.0,0.0,0.0,0.0,0.0,0.0,0.0,0.0,0.0,0.0,0.0,0.0,0.0,0.0,0.0,0.0,False,False
2019-09-27,0.0,0.0,0.0,0.0,0.0,0.0,0.0,0.0,0.0,0.0,0.0,0.0,0.0,0.0,0.0,0.0,0.0,0.0,0.0,0.0,0.0,0.0,0.0,0.0,0.0,0.0,0.0,0.0,0.0,0.0,False,False
2019-09-30,0.0,0.0,0.0,0.0,0.0,0.0,0.0,0.0,0.0,0.0,0.0,0.0,0.0,0.0,0.0,0.0,0.0,0.0,0.0,0.0,0.0,0.0,0.0,0.0,0.0,0.0,0.0,0.0,0.0,0.0,False,False
2019-10-01,0.0,0.0,0.0,0.0,0.0,0.0,0.0,0.0,0.0,0.0,0.0,0.0,0.0,0.0,0.0,0.0,0.0,0.0,0.0,0.0,0.0,0.0,0.0,0.0,0.0,0.0,0.0,0.0,0.0,0.0,False,False
2019-10-02,0.0,0.0,0.0,0.0,0.0,0.0,0.0,0.0,0.0,0.0,0.0,0.0,0.0,0.0,0.0,0.0,0.0,0.0,0.0,0.0,0.0,0.0,0.0,0.0,0.0,0.0,0.0,0.0,0.0,0.0,False,False
2019-10-03,0.0,0.0,0.0,0.0,0.0,0.0,0.0,0.0,0.0,0.0,0.0,0.0,0.0,0.0,0.0,0.0,0.0,0.0,0.0,0.0,0.0,0.0,0.0,0.0,0.0,0.0,0.0,0.0,0.0,0.0,False,False
2019-10-04,0.0,0.0,0.0,0.0,0.0,0.0,0.0,0.0,0.0,0.0,0.0,0.0,0.0,0.0,0.0,0.0,0.0,0.0,0.0,0.0,0.0,0.0,0.0,0.0,0.0,0.0,0.0,0.0,0.0,0.0,False,False
2019-10-07,0.0,0.0,0.0,0.0,0.0,0.0,0.0,0.0,0.0,0.0,0.0,0.0,0.0,0.0,0.0,0.0,0.0,0.0,0.0,0.0,0.0,0.0,0.0,0.0,0.0,0.0,0.0,0.0,0.0,0.0,False,False
2019-10-08,0.0,0.0,0.0,0.0,0.0,0.0,0.0,0.0,0.0,0.0,0.0,0.0,0.0,0.0,0.0,0.0,0.0,0.0,0.0,0.0,0.0,0.0,0.0,0.0,0.0,0.0,0.0,0.0,0.0,0.0,False,False
2019-10-09,0.0,0.0,0.0,0.0,0.0,0.0,0.0,0.0,0.0,0.0,0.0,0.0,0.0,0.0,0.0,0.0,0.0,0.0,0.0,0.0,0.0,0.0,0.0,0.0,0.0,0.0,0.0,0.0,0.0,0.0,False,False
2019-10-10,0.0,0.0,0.0,0.0,0.0,0.0,0.0,0.0,0.0,0.0,0.0,0.0,0.0,0.0,0.0,0.0,0.0,0.0,0.0,0.0,0.0,0.0,0.0,0.0,0.0,0.0,0.0,0.0,0.0,0.0,False,False
2019-10-11,0.0,0.0,0.0,0.0,0.0,0.0,0.0,0.0,0.0,0.0,0.0,0.0,0.0,0.0,0.0,0.0,0.0,0.0,0.0,0.0,0.0,0.0,0.0,0.0,0.0,0.0,0.0,0.0,0.0,0.0,False,False
2019-10-14,0.0,0.0,0.0,0.0,0.0,0.0,0.0,0.0,0.0,0.0,0.0,0.0,0.0,0.0,0.0,0.0,0.0,0.0,0.0,0.0,0.0,0.0,0.0,0.0,0.0,0.0,0.0,0.0,0.0,0.0,False,False
2019-10-15,0.0,0.0,0.0,0.0,0.0,0.0,0.0,0.0,0.0,0.0,0.0,0.0,0.0,0.0,0.0,0.0,0.0,0.0,0.0,0.0,0.0,0.0,0.0,0.0,0.0,0.0,0.0,0.0,0.0,0.0,False,False
2019-10-16,0.0,0.0,0.0,0.0,0.0,0.0,0.0,0.0,0.0,0.0,0.0,0.0,0.0,0.0,0.0,0.0,0.0,0.0,0.0,0.0,0.0,0.0,0.0,0.0,0.0,0.0,0.0,0.0,0.0,0.0,False,False
2019-10-17,-12521.509296461592,8512971.944050001,4256485.9720250005,4256485.9720250005,215.10329821309526,4.0,4.0,8.0,4.0,0.5,0.05,0.00851297194405,0.00851297194405,0.00851297194405,0.0170259438881,-1.2521509296461592e-05,3.4051887776200005e-06,8.512971944050001e-07,2.553891583215e-06,3405.1887776200006,2.1510329821309526e-07,-1.3372806490866592e-05,-1.5926698074081592e-05,-1.5926698074081592e-05,-1.614180137229469e-05,-0.12521509296461591,0.00851297194405,0.02553891583215,0.0021510329821309527,-0.1614180137229469,False,True
2019-10-18,0.0,0.0,0.0,0.0,0.0,0.0,0.0,0.0,0.0,0.0,0.0,0.0,0.0,0.0,0.0,0.0,0.0,0.0,0.0,0.0,0.0,0.0,0.0,0.0,0.0,0.0,0.0,0.0,0.0,0.0,False,False
2019-10-21,-9464.201154750232,11472834.278700002,5736417.139350002,5736417.13935,228.2182533388889,4.0,4.0,8.0,4.0,0.5,0.05000000000000001,0.011472834278700002,0.011472834278700002,0.011472834278700002,0.022945668557400004,-9.464201154750232e-06,4.589133711480001e-06,1.1472834278700002e-06,3.4418502836100003e-06,4589.133711480001,2.282182533388889e-07,-1.0611484582620232e-05,-1.4053334866230232e-05,-1.4053334866230232e-05,-1.4281553119569121e-05,-0.09464201154750232,0.011472834278700002,0.034418502836100005,0.0022821825333888893,-0.1428155311956912,False,True
2019-10-22,0.0,0.0,0.0,0.0,0.0,0.0,0.0,0.0,0.0,0.0,0.0,0.0,0.0,0.0,0.0,0.0,0.0,0.0,0.0,0.0,0.0,0.0,0.0,0.0,0.0,0.0,0.0,0.0,0.0,0.0,False,False
2019-10-23,56229.219021888224,8263125.691129,4131562.8455644995,4131562.8455645,269.1990347273413,4.0,4.0,8.0,4.0,0.5,0.05,0.008263125691129,0.008263125691129,0.008263125691129,0.016526251382258,5.6229219021888225e-05,3.3052502764516e-06,8.263125691129e-07,2.4789377073386994e-06,3305.2502764516,2.691990347273413e-07,5.5402906452775324e-05,5.2923968745436627e-05,5.2923968745436627e-05,5.265476971070929e-05,0.5622921902188822,0.008263125691129,0.024789377073386996,0.002691990347273413,0.5265476971070929,False,True
2019-10-24,0.0,0.0,0.0,0.0,0.0,0.0,0.0,0.0,0.0,0.0,0.0,0.0,0.0,0.0,0.0,0.0,0.0,0.0,0.0,0.0,0.0,0.0,0.0,0.0,0.0,0.0,0.0,0.0,0.0,0.0,False,False
2019-10-25,0.0,0.0,0.0,0.0,0.0,0.0,0.0,0.0,0.0,0.0,0.0,0.0,0.0,0.0,0.0,0.0,0.0,0.0,0.0,0.0,0.0,0.0,0.0,0.0,0.0,0.0,0.0,0.0,0.0,0.0,False,False
2019-10-28,0.0,0.0,0.0,0.0,0.0,0.0,0.0,0.0,0.0,0.0,0.0,0.0,0.0,0.0,0.0,0.0,0.0,0.0,0.0,0.0,0.0,0.0,0.0,0.0,0.0,0.0,0.0,0.0,0.0,0.0,False,False
2019-10-29,0.0,0.0,0.0,0.0,0.0,0.0,0.0,0.0,0.0,0.0,0.0,0.0,0.0,0.0,0.0,0.0,0.0,0.0,0.0,0.0,0.0,0.0,0.0,0.0,0.0,0.0,0.0,0.0,0.0,0.0,False,False
2019-10-30,0.0,0.0,0.0,0.0,0.0,0.0,0.0,0.0,0.0,0.0,0.0,0.0,0.0,0.0,0.0,0.0,0.0,0.0,0.0,0.0,0.0,0.0,0.0,0.0,0.0,0.0,0.0,0.0,0.0,0.0,False,False
2019-10-31,0.0,0.0,0.0,0.0,0.0,0.0,0.0,0.0,0.0,0.0,0.0,0.0,0.0,0.0,0.0,0.0,0.0,0.0,0.0,0.0,0.0,0.0,0.0,0.0,0.0,0.0,0.0,0.0,0.0,0.0,False,False
2019-11-01,0.0,0.0,0.0,0.0,0.0,0.0,0.0,0.0,0.0,0.0,0.0,0.0,0.0,0.0,0.0,0.0,0.0,0.0,0.0,0.0,0.0,0.0,0.0,0.0,0.0,0.0,0.0,0.0,0.0,0.0,False,False
2019-11-04,0.0,0.0,0.0,0.0,0.0,0.0,0.0,0.0,0.0,0.0,0.0,0.0,0.0,0.0,0.0,0.0,0.0,0.0,0.0,0.0,0.0,0.0,0.0,0.0,0.0,0.0,0.0,0.0,0.0,0.0,False,False
2019-11-05,0.0,0.0,0.0,0.0,0.0,0.0,0.0,0.0,0.0,0.0,0.0,0.0,0.0,0.0,0.0,0.0,0.0,0.0,0.0,0.0,0.0,0.0,0.0,0.0,0.0,0.0,0.0,0.0,0.0,0.0,False,False
2019-11-06,0.0,0.0,0.0,0.0,0.0,0.0,0.0,0.0,0.0,0.0,0.0,0.0,0.0,0.0,0.0,0.0,0.0,0.0,0.0,0.0,0.0,0.0,0.0,0.0,0.0,0.0,0.0,0.0,0.0,0.0,False,False
2019-11-07,0.0,0.0,0.0,0.0,0.0,0.0,0.0,0.0,0.0,0.0,0.0,0.0,0.0,0.0,0.0,0.0,0.0,0.0,0.0,0.0,0.0,0.0,0.0,0.0,0.0,0.0,0.0,0.0,0.0,0.0,False,False
2019-11-08,0.0,0.0,0.0,0.0,0.0,0.0,0.0,0.0,0.0,0.0,0.0,0.0,0.0,0.0,0.0,0.0,0.0,0.0,0.0,0.0,0.0,0.0,0.0,0.0,0.0,0.0,0.0,0.0,0.0,0.0,False,False
2019-11-11,0.0,0.0,0.0,0.0,0.0,0.0,0.0,0.0,0.0,0.0,0.0,0.0,0.0,0.0,0.0,0.0,0.0,0.0,0.0,0.0,0.0,0.0,0.0,0.0,0.0,0.0,0.0,0.0,0.0,0.0,False,False
2019-11-12,0.0,0.0,0.0,0.0,0.0,0.0,0.0,0.0,0.0,0.0,0.0,0.0,0.0,0.0,0.0,0.0,0.0,0.0,0.0,0.0,0.0,0.0,0.0,0.0,0.0,0.0,0.0,0.0,0.0,0.0,False,False
2019-11-13,0.0,0.0,0.0,0.0,0.0,0.0,0.0,0.0,0.0,0.0,0.0,0.0,0.0,0.0,0.0,0.0,0.0,0.0,0.0,0.0,0.0,0.0,0.0,0.0,0.0,0.0,0.0,0.0,0.0,0.0,False,False
2019-11-14,0.0,0.0,0.0,0.0,0.0,0.0,0.0,0.0,0.0,0.0,0.0,0.0,0.0,0.0,0.0,0.0,0.0,0.0,0.0,0.0,0.0,0.0,0.0,0.0,0.0,0.0,0.0,0.0,0.0,0.0,False,False
2019-11-15,0.0,0.0,0.0,0.0,0.0,0.0,0.0,0.0,0.0,0.0,0.0,0.0,0.0,0.0,0.0,0.0,0.0,0.0,0.0,0.0,0.0,0.0,0.0,0.0,0.0,0.0,0.0,0.0,0.0,0.0,False,False
2019-11-18,0.0,0.0,0.0,0.0,0.0,0.0,0.0,0.0,0.0,0.0,0.0,0.0,0.0,0.0,0.0,0.0,0.0,0.0,0.0,0.0,0.0,0.0,0.0,0.0,0.0,0.0,0.0,0.0,0.0,0.0,False,False
2019-11-19,0.0,0.0,0.0,0.0,0.0,0.0,0.0,0.0,0.0,0.0,0.0,0.0,0.0,0.0,0.0,0.0,0.0,0.0,0.0,0.0,0.0,0.0,0.0,0.0,0.0,0.0,0.0,0.0,0.0,0.0,False,False
2019-11-20,0.0,0.0,0.0,0.0,0.0,0.0,0.0,0.0,0.0,0.0,0.0,0.0,0.0,0.0,0.0,0.0,0.0,0.0,0.0,0.0,0.0,0.0,0.0,0.0,0.0,0.0,0.0,0.0,0.0,0.0,False,False
2019-11-21,0.0,0.0,0.0,0.0,0.0,0.0,0.0,0.0,0.0,0.0,0.0,0.0,0.0,0.0,0.0,0.0,0.0,0.0,0.0,0.0,0.0,0.0,0.0,0.0,0.0,0.0,0.0,0.0,0.0,0.0,False,False
2019-11-22,0.0,0.0,0.0,0.0,0.0,0.0,0.0,0.0,0.0,0.0,0.0,0.0,0.0,0.0,0.0,0.0,0.0,0.0,0.0,0.0,0.0,0.0,0.0,0.0,0.0,0.0,0.0,0.0,0.0,0.0,False,False
2019-11-25,0.0,0.0,0.0,0.0,0.0,0.0,0.0,0.0,0.0,0.0,0.0,0.0,0.0,0.0,0.0,0.0,0.0,0.0,0.0,0.0,0.0,0.0,0.0,0.0,0.0,0.0,0.0,0.0,0.0,0.0,False,False
2019-11-26,0.0,0.0,0.0,0.0,0.0,0.0,0.0,0.0,0.0,0.0,0.0,0.0,0.0,0.0,0.0,0.0,0.0,0.0,0.0,0.0,0.0,0.0,0.0,0.0,0.0,0.0,0.0,0.0,0.0,0.0,False,False
2019-11-27,0.0,0.0,0.0,0.0,0.0,0.0,0.0,0.0,0.0,0.0,0.0,0.0,0.0,0.0,0.0,0.0,0.0,0.0,0.0,0.0,0.0,0.0,0.0,0.0,0.0,0.0,0.0,0.0,0.0,0.0,False,False
2019-11-29,0.0,0.0,0.0,0.0,0.0,0.0,0.0,0.0,0.0,0.0,0.0,0.0,0.0,0.0,0.0,0.0,0.0,0.0,0.0,0.0,0.0,0.0,0.0,0.0,0.0,0.0,0.0,0.0,0.0,0.0,False,False
2019-12-02,0.0,0.0,0.0,0.0,0.0,0.0,0.0,0.0,0.0,0.0,0.0,0.0,0.0,0.0,0.0,0.0,0.0,0.0,0.0,0.0,0.0,0.0,0.0,0.0,0.0,0.0,0.0,0.0,0.0,0.0,False,False
2019-12-03,393620.53197344963,43240843.385,21620421.692499995,21620421.6925,1018.6974065476192,4.0,4.0,8.0,4.0,0.5,0.05,0.043240843385,0.043240843385,0.043240843385,0.08648168677,0.00039362053197344963,1.7296337354e-05,4.3240843385e-06,1.2972253015499999e-05,17296.337354,1.018697406547619e-06,0.00038929644763494964,0.00037632419461944966,0.00037632419461944966,0.000375305497212902,3.9362053197344964,0.043240843385,0.129722530155,0.01018697406547619,3.75305497212902,False,True
2019-12-04,0.0,0.0,0.0,0.0,0.0,0.0,0.0,0.0,0.0,0.0,0.0,0.0,0.0,0.0,0.0,0.0,0.0,0.0,0.0,0.0,0.0,0.0,0.0,0.0,0.0,0.0,0.0,0.0,0.0,0.0,False,False
2019-12-05,0.0,0.0,0.0,0.0,0.0,0.0,0.0,0.0,0.0,0.0,0.0,0.0,0.0,0.0,0.0,0.0,0.0,0.0,0.0,0.0,0.0,0.0,0.0,0.0,0.0,0.0,0.0,0.0,0.0,0.0,False,False
2019-12-06,0.0,0.0,0.0,0.0,0.0,0.0,0.0,0.0,0.0,0.0,0.0,0.0,0.0,0.0,0.0,0.0,0.0,0.0,0.0,0.0,0.0,0.0,0.0,0.0,0.0,0.0,0.0,0.0,0.0,0.0,False,False
2019-12-09,0.0,0.0,0.0,0.0,0.0,0.0,0.0,0.0,0.0,0.0,0.0,0.0,0.0,0.0,0.0,0.0,0.0,0.0,0.0,0.0,0.0,0.0,0.0,0.0,0.0,0.0,0.0,0.0,0.0,0.0,False,False
2019-12-10,0.0,0.0,0.0,0.0,0.0,0.0,0.0,0.0,0.0,0.0,0.0,0.0,0.0,0.0,0.0,0.0,0.0,0.0,0.0,0.0,0.0,0.0,0.0,0.0,0.0,0.0,0.0,0.0,0.0,0.0,False,False
2019-12-11,0.0,0.0,0.0,0.0,0.0,0.0,0.0,0.0,0.0,0.0,0.0,0.0,0.0,0.0,0.0,0.0,0.0,0.0,0.0,0.0,0.0,0.0,0.0,0.0,0.0,0.0,0.0,0.0,0.0,0.0,False,False
2019-12-12,0.0,0.0,0.0,0.0,0.0,0.0,0.0,0.0,0.0,0.0,0.0,0.0,0.0,0.0,0.0,0.0,0.0,0.0,0.0,0.0,0.0,0.0,0.0,0.0,0.0,0.0,0.0,0.0,0.0,0.0,False,False
2019-12-13,0.0,0.0,0.0,0.0,0.0,0.0,0.0,0.0,0.0,0.0,0.0,0.0,0.0,0.0,0.0,0.0,0.0,0.0,0.0,0.0,0.0,0.0,0.0,0.0,0.0,0.0,0.0,0.0,0.0,0.0,False,False
2019-12-16,0.0,0.0,0.0,0.0,0.0,0.0,0.0,0.0,0.0,0.0,0.0,0.0,0.0,0.0,0.0,0.0,0.0,0.0,0.0,0.0,0.0,0.0,0.0,0.0,0.0,0.0,0.0,0.0,0.0,0.0,False,False
2019-12-17,0.0,0.0,0.0,0.0,0.0,0.0,0.0,0.0,0.0,0.0,0.0,0.0,0.0,0.0,0.0,0.0,0.0,0.0,0.0,0.0,0.0,0.0,0.0,0.0,0.0,0.0,0.0,0.0,0.0,0.0,False,False
2019-12-18,0.0,0.0,0.0,0.0,0.0,0.0,0.0,0.0,0.0,0.0,0.0,0.0,0.0,0.0,0.0,0.0,0.0,0.0,0.0,0.0,0.0,0.0,0.0,0.0,0.0,0.0,0.0,0.0,0.0,0.0,False,False
2019-12-19,0.0,0.0,0.0,0.0,0.0,0.0,0.0,0.0,0.0,0.0,0.0,0.0,0.0,0.0,0.0,0.0,0.0,0.0,0.0,0.0,0.0,0.0,0.0,0.0,0.0,0.0,0.0,0.0,0.0,0.0,False,False
2019-12-20,0.0,0.0,0.0,0.0,0.0,0.0,0.0,0.0,0.0,0.0,0.0,0.0,0.0,0.0,0.0,0.0,0.0,0.0,0.0,0.0,0.0,0.0,0.0,0.0,0.0,0.0,0.0,0.0,0.0,0.0,False,False
2019-12-23,0.0,0.0,0.0,0.0,0.0,0.0,0.0,0.0,0.0,0.0,0.0,0.0,0.0,0.0,0.0,0.0,0.0,0.0,0.0,0.0,0.0,0.0,0.0,0.0,0.0,0.0,0.0,0.0,0.0,0.0,False,False
2019-12-24,0.0,0.0,0.0,0.0,0.0,0.0,0.0,0.0,0.0,0.0,0.0,0.0,0.0,0.0,0.0,0.0,0.0,0.0,0.0,0.0,0.0,0.0,0.0,0.0,0.0,0.0,0.0,0.0,0.0,0.0,False,False
2019-12-26,0.0,0.0,0.0,0.0,0.0,0.0,0.0,0.0,0.0,0.0,0.0,0.0,0.0,0.0,0.0,0.0,0.0,0.0,0.0,0.0,0.0,0.0,0.0,0.0,0.0,0.0,0.0,0.0,0.0,0.0,False,False
2019-12-27,0.0,0.0,0.0,0.0,0.0,0.0,0.0,0.0,0.0,0.0,0.0,0.0,0.0,0.0,0.0,0.0,0.0,0.0,0.0,0.0,0.0,0.0,0.0,0.0,0.0,0.0,0.0,0.0,0.0,0.0,False,False
2019-12-30,-28005.003189171235,14057448.122175,7028724.0610875,7028724.0610875,111.5670485886905,4.0,4.0,8.0,4.0,0.5,0.05000000000000001,0.014057448122175001,0.014057448122175001,0.014057448122175001,0.028114896244350002,-2.8005003189171234e-05,5.6229792488700006e-06,1.4057448122175001e-06,4.2172344366525e-06,5622.97924887,1.115670485886905e-07,-2.9410748001388735e-05,-3.362798243804123e-05,-3.362798243804123e-05,-3.373954948662993e-05,-0.28005003189171235,0.014057448122175001,0.042172344366525,0.001115670485886905,-0.3373954948662993,False,True
2019-12-31,53581.03344317188,11113147.7027115,5556573.85135575,5556573.85135575,88.19958494215477,4.0,4.0,8.0,4.0,0.5,0.05000000000000001,0.0111131477027115,0.0111131477027115,0.0111131477027115,0.022226295405423,5.358103344317188e-05,4.4452590810846005e-06,1.1113147702711501e-06,3.3339443108134498e-06,4445.2590810846,8.819958494215477e-08,5.2469718672900726e-05,4.913577436208728e-05,4.913577436208728e-05,4.904757477714512e-05,0.5358103344317188,0.011113147702711502,0.0333394431081345,0.0008819958494215476,0.49047574777145125,False,True
2020-01-02,-40129.348716149216,8309304.79925,4154652.399625,4154652.399625,216.06237232579366,4.0,4.0,8.0,4.0,0.5,0.05,0.00830930479925,0.00830930479925,0.00830930479925,0.0166186095985,-4.012934871614921e-05,3.3237219197e-06,8.30930479925e-07,2.4927914397749996e-06,3323.7219197,2.1606237232579367e-07,-4.096027919607421e-05,-4.345307063584921e-05,-4.345307063584921e-05,-4.366913300817501e-05,-0.40129348716149216,0.00830930479925,0.024927914397749995,0.0021606237232579366,-0.4366913300817501,False,True
2020-01-03,-2286.8818377714197,22174256.729549997,11087128.364774998,11087128.364775,916.745838977381,4.0,4.0,8.0,4.0,0.5,0.05,0.022174256729549997,0.022174256729549997,0.022174256729549997,0.04434851345909999,-2.2868818377714197e-06,8.869702691819999e-06,2.2174256729549997e-06,6.652277018864999e-06,8869.702691819999,9.16745838977381e-07,-4.504307510726419e-06,-1.1156584529591418e-05,-1.1156584529591418e-05,-1.20733303685688e-05,-0.022868818377714196,0.022174256729549997,0.06652277018864998,0.00916745838977381,-0.12073330368568799,False,True
2020-01-06,158102.14166394382,17957665.5692,8978832.7846,8978832.7846,250.42509201587305,4.0,4.0,8.0,4.0,0.5,0.05,0.0179576655692,0.0179576655692,0.0179576655692,0.0359153311384,0.0001581021416639438,7.183066227680001e-06,1.7957665569200002e-06,5.387299670759999e-06,7183.066227680001,2.5042509201587306e-07,0.0001563063751070238,0.0001509190754362638,0.0001509190754362638,0.00015066865034424792,1.581021416639438,0.0179576655692,0.05387299670759999,0.0025042509201587304,1.5066865034424792,False,True
2020-01-07,-7395.335330028487,14674451.58055,7337225.790275,7337225.790275,262.397057240873,4.0,4.0,8.0,4.0,0.5,0.05000000000000001,0.01467445158055,0.01467445158055,0.01467445158055,0.0293489031611,-7.395335330028487e-06,5.86978063222e-06,1.467445158055e-06,4.402335474164999e-06,5869.78063222,2.6239705724087297e-07,-8.862780488083487e-06,-1.3265115962248487e-05,-1.3265115962248487e-05,-1.352751301948936e-05,-0.07395335330028487,0.01467445158055,0.04402335474164999,0.0026239705724087296,-0.1352751301948936,False,True
2020-01-08,75420.39838682368,16034308.32335,8017154.161675,8017154.161675001,234.36225083134923,4.0,4.0,8.0,4.0,0.5,0.05,0.01603430832335,0.01603430832335,0.01603430832335,0.0320686166467,7.542039838682369e-05,6.41372332934e-06,1.603430832335e-06,4.810292497005e-06,6413.72332934,2.3436225083134923e-07,7.381696755448869e-05,6.900667505748369e-05,6.900667505748369e-05,6.877231280665234e-05,0.7542039838682368,0.01603430832335,0.04810292497005,0.0023436225083134925,0.6877231280665234,False,True
2020-01-09,4882.345043192612,5597736.7527,2798868.37635,2798868.37635,154.6273414531746,4.0,4.0,8.0,4.0,0.5,0.05,0.0055977367527,0.0055977367527,0.0055977367527,0.0111954735054,4.882345043192612e-06,2.23909470108e-06,5.5977367527e-07,1.67932102581e-06,2239.09470108,1.546273414531746e-07,4.322571367922612e-06,2.643250342112612e-06,2.643250342112612e-06,2.4886230006594374e-06,0.04882345043192612,0.0055977367527,0.0167932102581,0.001546273414531746,0.024886230006594373,False,True
2020-01-10,115575.43059421063,19196955.023464,9598477.511732,9598477.511732,152.35678590050796,4.0,4.0,8.0,4.0,0.5,0.05,0.019196955023464003,0.019196955023464003,0.019196955023464003,0.038393910046928006,0.00011557543059421063,7.678782009385602e-06,1.9196955023464005e-06,5.759086507039201e-06,7678.782009385602,1.5235678590050797e-07,0.00011365573509186423,0.00010789664858482503,0.00010789664858482503,0.00010774429179892452,1.1557543059421063,0.019196955023464003,0.057590865070392,0.0015235678590050797,1.077442917989245,False,True
2020-01-13,63268.40582514979,25565461.943866,12782730.971933,12782730.971933,202.90049161798413,4.0,4.0,8.0,4.0,0.5,0.05,0.025565461943866,0.025565461943866,0.025565461943866,0.051130923887732,6.326840582514979e-05,1.0226184777546401e-05,2.5565461943866003e-06,7.6696385831598e-06,10226.184777546401,2.0290049161798413e-07,6.071185963076319e-05,5.304222104760339e-05,5.304222104760339e-05,5.283932055598541e-05,0.6326840582514979,0.025565461943866004,0.07669638583159799,0.0020290049161798412,0.5283932055598541,False,True
2020-01-14,-9967.711335411734,7655652.256900001,3827826.1284500007,3827826.12845,192.75824971825398,4.0,4.0,8.0,4.0,0.5,0.05,0.007655652256900001,0.007655652256900001,0.007655652256900001,0.015311304513800002,-9.967711335411733e-06,3.0622609027600005e-06,7.655652256900001e-07,2.29669567707e-06,3062.2609027600006,1.92758249718254e-07,-1.0733276561101733e-05,-1.3029972238171733e-05,-1.3029972238171733e-05,-1.3222730487889987e-05,-0.09967711335411733,0.007655652256900001,0.0229669567707,0.0019275824971825399,-0.13222730487889986,False,True
2020-01-15,-61820.55302533102,11665132.170200001,5832566.085100001,5832566.085100001,917.3165039440478,4.0,4.0,8.0,4.0,0.5,0.05,0.011665132170200002,0.011665132170200002,0.011665132170200002,0.023330264340400003,-6.182055302533102e-05,4.666052868080001e-06,1.1665132170200003e-06,3.49953965106e-06,4666.052868080002,9.173165039440478e-07,-6.298706624235101e-05,-6.648660589341102e-05,-6.648660589341102e-05,-6.740392239735506e-05,-0.6182055302533102,0.011665132170200003,0.0349953965106,0.009173165039440477,-0.6740392239735506,False,True
2020-01-16,-2436.423023876571,6659327.136300001,3329663.5681500006,3329663.5681500006,241.43675608174607,4.0,4.0,8.0,4.0,0.5,0.05000000000000001,0.006659327136300001,0.006659327136300001,0.006659327136300001,0.013318654272600003,-2.436423023876571e-06,2.6637308545200006e-06,6.659327136300002e-07,1.99779814089e-06,2663.730854520001,2.4143675608174605e-07,-3.102355737506571e-06,-5.100153878396571e-06,-5.100153878396571e-06,-5.341590634478317e-06,-0.02436423023876571,0.006659327136300001,0.019977981408900003,0.0024143675608174603,-0.05341590634478317,False,True
2020-01-17,40631.67001289506,8284966.09145,4142483.045725,4142483.045725,141.1394862813492,4.0,4.0,8.0,4.0,0.5,0.05,0.00828496609145,0.00828496609145,0.00828496609145,0.0165699321829,4.0631670012895064e-05,3.31398643658e-06,8.28496609145e-07,2.485489827435e-06,3313.9864365800004,1.411394862813492e-07,3.9803173403750063e-05,3.731768357631506e-05,3.731768357631506e-05,3.717654409003371e-05,0.40631670012895066,0.00828496609145,0.024854898274349998,0.0014113948628134922,0.37176544090033714,False,True
2020-01-21,202873.20296887058,46206397.872,23103198.936,23103198.936,831.628961111111,4.0,4.0,8.0,4.0,0.5,0.05,0.046206397872,0.046206397872,0.046206397872,0.092412795744,0.00020287320296887059,1.8482559148800002e-05,4.6206397872000004e-06,1.38619193616e-05,18482.559148800003,8.316289611111111e-07,0.0001982525631816706,0.0001843906438200706,0.0001843906438200706,0.0001835590148589595,2.028732029688706,0.046206397872,0.138619193616,0.00831628961111111,1.835590148589595,False,True
2020-01-22,-64514.03782795836,88409400.4358025,44204700.21790125,44204700.21790125,1950.469500338115,4.0,4.0,8.0,4.0,0.5,0.05,0.0884094004358025,0.0884094004358025,0.0884094004358025,0.176818800871605,-6.451403782795836e-05,3.5363760174321006e-05,8.840940043580251e-06,2.652282013074075e-05,35363.760174321,1.950469500338115e-06,-7.335497787153862e-05,-9.987779800227936e-05,-9.987779800227936e-05,-0.00010182826750261747,-0.6451403782795836,0.08840940043580252,0.2652282013074075,0.01950469500338115,-1.0182826750261746,False,True
2020-01-23,80958.13383582828,77201200.44345252,38600600.22172626,38600600.22172625,1463.9148436781948,4.0,4.0,8.0,4.0,0.5,0.05000000000000001,0.07720120044345252,0.07720120044345252,0.07720120044345252,0.15440240088690504,8.095813383582828e-05,3.088048017738101e-05,7.720120044345252e-06,2.3160360133035754e-05,30880.480177381007,1.4639148436781947e-06,7.323801379148303e-05,5.007765365844728e-05,5.007765365844728e-05,4.8613738814769085e-05,0.8095813383582827,0.07720120044345252,0.23160360133035754,0.014639148436781947,0.48613738814769086,False,True
2020-01-24,-335084.52801182156,18883031.08255,9441515.541275,9441515.541275,149.8653260519841,4.0,4.0,8.0,4.0,0.5,0.05,0.01888303108255,0.01888303108255,0.01888303108255,0.0377660621651,-0.0003350845280118216,7.553212433020001e-06,1.8883031082550002e-06,5.664909324765e-06,7553.21243302,1.4986532605198412e-07,-0.00033697283112007657,-0.0003426377404448416,-0.0003426377404448416,-0.00034278760577089357,-3.350845280118216,0.018883031082550003,0.056649093247649995,0.0014986532605198411,-3.4278760577089358,False,True
2020-01-27,595949.879475512,69563246.44405,34781623.222025,34781623.222025,1761.199270795635,4.0,4.0,8.0,4.0,0.5,0.05,0.06956324644405,0.06956324644405,0.06956324644405,0.1391264928881,0.000595949879475512,2.782529857762e-05,6.956324644405e-06,2.0868973933214998e-05,27825.29857762,1.7611992707956348e-06,0.000588993554831107,0.000568124580897892,0.000568124580897892,0.0005663633816270964,5.9594987947551195,0.06956324644405,0.20868973933215,0.01761199270795635,5.6636338162709645,False,True
2020-01-28,140360.19742487848,71046709.79413,35523354.897065,35523354.897065,563.8627761438888,4.0,4.0,8.0,4.0,0.5,0.05,0.07104670979413,0.07104670979413,0.07104670979413,0.14209341958826,0.0001403601974248785,2.8418683917652e-05,7.104670979413e-06,2.1314012938238998e-05,28418.683917652,5.638627761438889e-07,0.0001332555264454655,0.00011194151350722649,0.00011194151350722649,0.0001113776507310826,1.4036019742487849,0.07104670979413,0.21314012938238996,0.005638627761438889,1.113776507310826,False,True
2020-01-29,-564985.6485209595,78889520.8271735,39444760.41358675,39444760.41358675,1509.2231421204247,4.0,4.0,8.0,4.0,0.5,0.05,0.0788895208271735,0.0788895208271735,0.0788895208271735,0.157779041654347,-0.0005649856485209595,3.15558083308694e-05,7.88895208271735e-06,2.366685624815205e-05,31555.8083308694,1.5092231421204246e-06,-0.0005728746006036768,-0.0005965414568518288,-0.0005965414568518288,-0.0005980506799939493,-5.649856485209595,0.0788895208271735,0.2366685624815205,0.015092231421204246,-5.980506799939493,False,True
2020-01-30,-79367.606929276,73601269.5883945,36800634.79419725,36800634.794197254,584.1370602253533,4.0,4.0,8.0,4.0,0.5,0.05,0.0736012695883945,0.0736012695883945,0.0736012695883945,0.147202539176789,-7.936760692927599e-05,2.94405078353578e-05,7.36012695883945e-06,2.208038087651835e-05,29440.5078353578,5.841370602253532e-07,-8.672773388811544e-05,-0.00010880811476463378,-0.00010880811476463378,-0.00010939225182485914,-0.7936760692927599,0.0736012695883945,0.2208038087651835,0.005841370602253532,-1.0939225182485914,False,True
2020-01-31,175348.6748916653,50256356.967250004,25128178.483625002,25128178.483625002,1299.4535879940477,4.0,4.0,8.0,4.0,0.5,0.05,0.050256356967250004,0.050256356967250004,0.050256356967250004,0.10051271393450001,0.0001753486748916653,2.0102542786900002e-05,5.025635696725001e-06,1.5076907090175e-05,20102.5427869,1.2994535879940477e-06,0.0001703230391949403,0.0001552461321047653,0.0001552461321047653,0.00015394667851677124,1.7534867489166528,0.050256356967250004,0.15076907090174999,0.012994535879940476,1.5394667851677124,False,True
2020-02-03,601319.4843514113,47518544.57825,23759272.289125,23759272.289125,377.1313061765873,4.0,4.0,8.0,4.0,0.5,0.05,0.04751854457825,0.04751854457825,0.04751854457825,0.0950370891565,0.0006013194843514113,1.90074178313e-05,4.751854457825e-06,1.4255563373474999e-05,19007.4178313,3.7713130617658733e-07,0.0005965676298935863,0.0005823120665201113,0.0005823120665201113,0.0005819349352139347,6.013194843514113,0.047518544578250006,0.14255563373475,0.0037713130617658733,5.819349352139347,False,True
2020-02-04,-321230.16960910807,52488003.6005975,26244001.80029875,26244001.800298747,416.5714571475993,4.0,4.0,8.0,4.0,0.5,0.05,0.0524880036005975,0.0524880036005975,0.0524880036005975,0.104976007201195,-0.00032123016960910805,2.0995201440239003e-05,5.248800360059751e-06,1.574640108017925e-05,20995.201440239,4.1657145714759927e-07,-0.0003264789699691678,-0.00034222537104934705,-0.00034222537104934705,-0.00034264194250649464,-3.2123016960910804,0.05248800360059751,0.15746401080179248,0.0041657145714759924,-3.4264194250649465,False,True
2020-02-05,-403780.01273218676,41193070.8553,20596535.427650005,20596535.42765,1229.5021848833335,4.0,4.0,8.0,4.0,0.5,0.05,0.0411930708553,0.0411930708553,0.0411930708553,0.0823861417106,-0.00040378001273218674,1.647722834212e-05,4.11930708553e-06,1.235792125659e-05,16477.22834212,1.2295021848833335e-06,-0.0004078993198177167,-0.00042025724107430673,-0.00042025724107430673,-0.0004214867432591901,-4.0378001273218675,0.0411930708553,0.1235792125659,0.012295021848833335,-4.214867432591901,False,True
2020-02-06,-263964.56031310384,45320948.0209475,22660474.01047375,22660474.01047375,359.6900636583135,4.0,4.0,8.0,4.0,0.5,0.05,0.0453209480209475,0.0453209480209475,0.0453209480209475,0.090641896041895,-0.00026396456031310385,1.8128379208379002e-05,4.5320948020947506e-06,1.3596284406284249e-05,18128.379208379003,3.5969006365831345e-07,-0.0002684966551151986,-0.00028209293952148287,-0.00028209293952148287,-0.00028245262958514117,-2.6396456031310387,0.04532094802094751,0.13596284406284248,0.0035969006365831344,-2.8245262958514115,False,True
2020-02-07,165629.2339163943,18364440.507500004,9182220.253750002,9182220.25375,559.955779265873,4.0,4.0,8.0,4.0,0.5,0.05,0.018364440507500003,0.018364440507500003,0.018364440507500003,0.036728881015000006,0.0001656292339163943,7.345776203000002e-06,1.8364440507500005e-06,5.509332152250001e-06,7345.776203000002,5.599557792658731e-07,0.0001637927898656443,0.00015828345771339432,0.00015828345771339432,0.00015772350193412845,1.656292339163943,0.018364440507500003,0.05509332152250001,0.005599557792658731,1.5772350193412845,False,True
2020-02-10,147064.46073070198,56506063.90735,28253031.953675006,28253031.953675006,448.460824661508,4.0,4.0,8.0,4.0,0.5,0.05,0.05650606390735,0.05650606390735,0.05650606390735,0.1130121278147,0.000147064460730702,2.260242556294e-05,5.650606390735e-06,1.6951819172204998e-05,22602.425562940003,4.48460824661508e-07,0.000141413854339967,0.000124462035167762,0.000124462035167762,0.0001240135743431005,1.4706446073070198,0.05650606390735,0.16951819172205,0.00448460824661508,1.240135743431005,False,True
2020-02-11,243066.90302547283,54074666.3095,27037333.15475,27037333.15475,716.6092632142858,4.0,4.0,8.0,4.0,0.5,0.05,0.0540746663095,0.0540746663095,0.0540746663095,0.108149332619,0.00024306690302547282,2.1629866523800002e-05,5.4074666309500006e-06,1.622239989285e-05,21629.866523800003,7.166092632142858e-07,0.00023765943639452282,0.00022143703650167283,0.00022143703650167283,0.00022072042723845855,2.430669030254728,0.0540746663095,0.16222399892849998,0.007166092632142858,2.2072042723845855,False,True
2020-02-12,-473939.2444501753,43736107.80570901,21868053.902854506,21868053.902854502,347.11196671197627,4.0,4.0,8.0,4.0,0.5,0.05,0.04373610780570901,0.04373610780570901,0.04373610780570901,0.08747221561141802,-0.0004739392444501753,1.7494443122283606e-05,4.3736107805709016e-06,1.3120832341712702e-05,17494.443122283606,3.4711196671197627e-07,-0.0004783128552307462,-0.0004914336875724589,-0.0004914336875724589,-0.0004917807995391709,-4.739392444501753,0.04373610780570902,0.13120832341712702,0.0034711196671197626,-4.917807995391709,False,True
2020-02-13,13631.96247395013,36769290.985845,18384645.4929225,18384645.4929225,291.8197697289286,4.0,4.0,8.0,4.0,0.5,0.05000000000000001,0.036769290985845,0.036769290985845,0.036769290985845,0.07353858197169,1.363196247395013e-05,1.4707716394338e-05,3.6769290985845e-06,1.1030787295753499e-05,14707.716394338,2.918197697289286e-07,9.955033375365631e-06,-1.0757539203878679e-06,-1.0757539203878679e-06,-1.3675736901167964e-06,0.1363196247395013,0.036769290985845,0.11030787295753498,0.0029181976972892858,-0.013675736901167964,False,True
2020-02-14,152152.25539531957,20323282.3434,10161641.1717,10161641.1717,161.29589161428572,4.0,4.0,8.0,4.0,0.5,0.05000000000000001,0.0203232823434,0.0203232823434,0.0203232823434,0.0406465646868,0.00015215225539531957,8.12931293736e-06,2.03232823434e-06,6.09698470302e-06,8129.31293736,1.6129589161428573e-07,0.00015011992716097957,0.00014402294245795957,0.00014402294245795957,0.0001438616465663453,1.5215225539531958,0.0203232823434,0.060969847030199996,0.0016129589161428574,1.4386164656634528,False,True
2020-02-18,541675.5922915955,60724796.199052505,30362398.099526253,30362398.099526253,1206.8134695162898,4.0,4.0,8.0,4.0,0.5,0.05,0.06072479619905251,0.06072479619905251,0.06072479619905251,0.12144959239810502,0.0005416755922915956,2.4289918479621004e-05,6.072479619905251e-06,1.821743885971575e-05,24289.918479621003,1.2068134695162897e-06,0.0005356031126716903,0.0005173856738119745,0.0005173856738119745,0.0005161788603424582,5.416755922915955,0.06072479619905251,0.1821743885971575,0.012068134695162897,5.161788603424583,False,True
2020-02-19,-135651.698481213,86551197.57610251,43275598.788051255,43275598.788051255,1804.9696525087502,4.0,4.0,8.0,4.0,0.5,0.05,0.08655119757610251,0.08655119757610251,0.08655119757610251,0.17310239515220502,-0.000135651698481213,3.4620479030441e-05,8.65511975761025e-06,2.596535927283075e-05,34620.479030441005,1.8049696525087501e-06,-0.00014430681823882327,-0.00017027217751165402,-0.00017027217751165402,-0.00017207714716416277,-1.3565169848121301,0.08655119757610251,0.2596535927283075,0.018049696525087502,-1.7207714716416278,False,True
2020-02-20,-226780.50702314283,78725890.07045001,39362945.035225004,39362945.035225004,1672.906315479762,4.0,4.0,8.0,4.0,0.5,0.05,0.07872589007045001,0.07872589007045001,0.07872589007045001,0.15745178014090003,-0.00022678050702314284,3.1490356028180006e-05,7.872589007045001e-06,2.3617767021135003e-05,31490.356028180006,1.672906315479762e-06,-0.00023465309603018785,-0.00025827086305132285,-0.00025827086305132285,-0.00025994376936680264,-2.2678050702314283,0.07872589007045001,0.23617767021135003,0.01672906315479762,-2.5994376936680266,False,True
2020-02-21,-1901760.4944974075,46298560.776247,23149280.388123497,23149280.3881235,645.1041410813255,4.0,4.0,8.0,4.0,0.5,0.05,0.046298560776247,0.046298560776247,0.046298560776247,0.092597121552494,-0.0019017604944974074,1.8519424310498802e-05,4.6298560776247005e-06,1.3889568232874098e-05,18519.4243104988,6.451041410813255e-07,-0.001906390350575032,-0.0019202799188079063,-0.0019202799188079063,-0.0019209250229489875,-19.017604944974074,0.04629856077624701,0.13889568232874097,0.006451041410813255,-19.209250229489875,False,True
2020-02-24,873061.55873756,75401008.555573,37700504.2777865,37700504.2777865,789.0606404410556,4.0,4.0,8.0,4.0,0.5,0.05,0.075401008555573,0.075401008555573,0.075401008555573,0.150802017111146,0.00087306155873756,3.01604034222292e-05,7.5401008555573e-06,2.2620302566671896e-05,30160.4034222292,7.890606404410556e-07,0.0008655214578820027,0.0008429011553153308,0.0008429011553153308,0.0008421120946748897,8.730615587375599,0.075401008555573,0.22620302566671896,0.007890606404410557,8.421120946748896,False,True
2020-02-25,-212503.1576622293,59716604.405706994,29858302.202853497,29858302.2028535,1794.5829597278332,4.0,4.0,8.0,4.0,0.5,0.05,0.059716604405706995,0.059716604405706995,0.059716604405706995,0.11943320881141399,-0.00021250315766222928,2.38866417622828e-05,5.9716604405707e-06,1.7914981321712097e-05,23886.6417622828,1.7945829597278332e-06,-0.0002184748181028,-0.0002363897994245121,-0.0002363897994245121,-0.00023818438238423992,-2.125031576622293,0.059716604405707,0.17914981321712098,0.01794582959727833,-2.381843823842399,False,True
2020-02-26,-763912.5405379673,35205311.06,17602655.53,17602655.53,511.8150123809524,4.0,4.0,8.0,4.0,0.5,0.05,0.03520531106,0.03520531106,0.03520531106,0.07041062212,-0.0007639125405379673,1.4082124424000002e-05,3.5205311060000004e-06,1.0561593317999999e-05,14082.124424000001,5.118150123809524e-07,-0.0007674330716439673,-0.0007779946649619673,-0.0007779946649619673,-0.0007785064799743482,-7.639125405379673,0.03520531106,0.10561593317999998,0.0051181501238095235,-7.785064799743482,False,True
2020-02-27,-1109042.8762981694,57375318.430250004,28687659.215125,28687659.215125002,455.3596700813492,4.0,4.0,8.0,4.0,0.5,0.05,0.057375318430250004,0.057375318430250004,0.057375318430250004,0.11475063686050001,-0.0011090428762981694,2.29501273721e-05,5.737531843025e-06,1.7212595529075e-05,22950.1273721,4.553596700813492e-07,-0.0011147804081411943,-0.0011319930036702694,-0.0011319930036702694,-0.0011324483633403507,-11.090428762981695,0.057375318430250004,0.17212595529074998,0.004553596700813492,-11.324483633403508,False,True
2020-02-28,603387.8641944361,30384854.622950003,15192427.311475001,15192427.311475001,295.2612781186508,4.0,4.0,8.0,4.0,0.5,0.05,0.030384854622950003,0.030384854622950003,0.030384854622950003,0.06076970924590001,0.0006033878641944361,1.2153941849180002e-05,3.0384854622950006e-06,9.115456386885e-06,12153.941849180002,2.9526127811865083e-07,0.0006003493787321412,0.0005912339223452562,0.0005912339223452562,0.0005909386610671375,6.033878641944361,0.030384854622950007,0.09115456386885,0.002952612781186508,5.909386610671375,False,True
2020-03-02,820251.4624492817,45478157.28545,22739078.642725,22739078.642725002,415.94957861468254,4.0,4.0,8.0,4.0,0.5,0.05,0.045478157285449995,0.045478157285449995,0.045478157285449995,0.09095631457089999,0.0008202514624492817,1.819126291418e-05,4.547815728545e-06,1.3643447185634998e-05,18191.26291418,4.159495786146825e-07,0.0008157036467207367,0.0008020601995351017,0.0008020601995351017,0.000801644249956487,8.202514624492817,0.045478157285449995,0.13643447185634996,0.004159495786146825,8.01644249956487,False,True
2020-03-03,112475.2209889011,26045243.64,13022621.82,13022621.82,206.70828285714288,4.0,4.0,8.0,4.0,0.5,0.05,0.02604524364,0.02604524364,0.02604524364,0.05209048728,0.0001124752209889011,1.0418097456e-05,2.604524364e-06,7.813573092e-06,10418.097456,2.0670828285714289e-07,0.00010987069662490109,0.00010205712353290109,0.00010205712353290109,0.00010185041525004394,1.124752209889011,0.02604524364,0.07813573092,0.002067082828571429,1.0185041525004395,False,True
2020-03-04,-214504.72321122664,27257142.3897,13628571.19485,13628571.19485,404.63441475396826,4.0,4.0,8.0,4.0,0.5,0.05,0.0272571423897,0.0272571423897,0.0272571423897,0.0545142847794,-0.00021450472321122663,1.090285695588e-05,2.72571423897e-06,8.17714271691e-06,10902.856955879999,4.0463441475396823e-07,-0.00021723043745019662,-0.00022540758016710664,-0.00022540758016710664,-0.0002258122145818606,-2.1450472321122662,0.0272571423897,0.08177142716909999,0.004046344147539682,-2.258122145818606,False,True
2020-03-05,138396.75144456624,34880454.338026,17440227.169013,17440227.169013,276.829002682746,4.0,4.0,8.0,4.0,0.5,0.05,0.034880454338026,0.034880454338026,0.034880454338026,0.069760908676052,0.00013839675144456623,1.3952181735210402e-05,3.4880454338026004e-06,1.04641363014078e-05,13952.1817352104,2.7682900268274604e-07,0.00013490870601076362,0.0001244445697093558,0.0001244445697093558,0.00012416774070667306,1.3839675144456622,0.034880454338026,0.10464136301407799,0.0027682900268274605,1.2416774070667307,False,True
2020-03-06,-1678594.8069459093,47949330.74745,23974665.373725,23974665.373725,380.550244027381,4.0,4.0,8.0,4.0,0.5,0.05,0.04794933074745,0.04794933074745,0.04794933074745,0.0958986614949,-0.0016785948069459092,1.917973229898e-05,4.794933074745e-06,1.4384799224235e-05,19179.73229898,3.8055024402738096e-07,-0.0016833897400206543,-0.0016977745392448894,-0.0016977745392448894,-0.0016981550894889167,-16.785948069459092,0.04794933074745,0.14384799224235,0.0038055024402738097,-16.981550894889168,False,True
2020-03-09,810420.4858843479,36674932.622700006,18337466.311350003,18337466.311350003,291.0708938309524,4.0,4.0,8.0,4.0,0.5,0.05,0.0366749326227,0.0366749326227,0.0366749326227,0.0733498652454,0.0008104204858843479,1.4669973049080002e-05,3.6674932622700006e-06,1.100247978681e-05,14669.973049080003,2.910708938309524e-07,0.000806752992622078,0.000795750512835268,0.000795750512835268,0.000795459441941437,8.10420485884348,0.0366749326227,0.1100247978681,0.002910708938309524,7.95459441941437,False,True
2020-03-10,5077.14918688545,70410407.60370001,35205203.801850006,35205203.801850006,655.354826634127,4.0,4.0,8.0,4.0,0.5,0.05000000000000001,0.07041040760370001,0.07041040760370001,0.07041040760370001,0.14082081520740003,5.07714918688545e-06,2.8164163041480006e-05,7.041040760370001e-06,2.1123122281110003e-05,28164.163041480006,6.55354826634127e-07,-1.9638915734845517e-06,-2.3087013854594553e-05,-2.3087013854594553e-05,-2.374236868122868e-05,0.0507714918688545,0.07041040760370001,0.21123122281110002,0.00655354826634127,-0.23742368681228682,False,True
2020-03-11,-714278.1625898635,42941349.04815,21470674.524075,21470674.524075,340.80435752500006,4.0,4.0,8.0,4.0,0.5,0.05,0.04294134904815,0.04294134904815,0.04294134904815,0.0858826980963,-0.0007142781625898635,1.717653961926e-05,4.294134904815e-06,1.2882404714445e-05,17176.539619260002,3.408043575250001e-07,-0.0007185722974946785,-0.0007314547022091235,-0.0007314547022091235,-0.0007317955065666485,-7.1427816258986345,0.04294134904815,0.12882404714445,0.0034080435752500008,-7.317955065666485,False,True
2020-03-12,3054395.9226068873,119928428.98595,59964214.492975,59964214.492975,951.8129284599206,4.0,4.0,8.0,4.0,0.5,0.05,0.11992842898594999,0.11992842898594999,0.11992842898594999,0.23985685797189998,0.0030543959226068873,4.797137159438e-05,1.1992842898595e-05,3.5978528695784994e-05,47971.37159438,9.518129284599206e-07,0.0030424030797082924,0.0030064245510125075,0.0030064245510125075,0.0030054727380840474,30.54395922606887,0.11992842898595,0.35978528695784995,0.009518129284599205,30.054727380840475,False,True
2020-03-13,-464496.47281639196,20174898.52295,10087449.261475,10087449.261475,160.11824224563492,4.0,4.0,8.0,4.0,0.5,0.05,0.02017489852295,0.02017489852295,0.02017489852295,0.0403497970459,-0.00046449647281639195,8.06995940918e-06,2.017489852295e-06,6.052469556885e-06,8069.959409180001,1.601182422456349e-07,-0.00046651396266868695,-0.00047256643222557196,-0.00047256643222557196,-0.00047272655046781757,-4.644964728163919,0.020174898522950003,0.06052469556885,0.001601182422456349,-4.727265504678176,False,True
2020-03-16,-112836.88630559079,58433373.6029,29216686.80145,29216686.801450003,463.75693335634924,4.0,4.0,8.0,4.0,0.5,0.05,0.0584333736029,0.0584333736029,0.0584333736029,0.1168667472058,-0.00011283688630559078,2.337334944116e-05,5.84333736029e-06,1.753001208087e-05,23373.34944116,4.6375693335634926e-07,-0.00011868022366588079,-0.0001362102357467508,-0.0001362102357467508,-0.00013667399268010714,-1.128368863055908,0.0584333736029,0.1753001208087,0.004637569333563492,-1.3667399268010714,False,True
2020-03-17,-1469112.6835780398,47230287.21000001,23615143.605000004,23615143.605,886.7057980158731,4.0,4.0,8.0,4.0,0.5,0.05,0.047230287210000006,0.047230287210000006,0.047230287210000006,0.09446057442000001,-0.0014691126835780397,1.8892114884000003e-05,4.723028721000001e-06,1.4169086163000001e-05,18892.114884000002,8.867057980158732e-07,-0.0014738357122990398,-0.0014880047984620398,-0.0014880047984620398,-0.0014888915042600556,-14.691126835780397,0.047230287210000006,0.14169086163,0.008867057980158731,-14.888915042600555,False,True
2020-03-18,1100553.6003153636,62550215.097950004,31275107.548975002,31275107.548975002,496.4302785551588,4.0,4.0,8.0,4.0,0.5,0.05,0.06255021509795,0.06255021509795,0.06255021509795,0.1251004301959,0.0011005536003153636,2.5020086039180003e-05,6.255021509795001e-06,1.8765064529385e-05,25020.08603918,4.964302785551588e-07,0.0010942985788055686,0.0010755335142761835,0.0010755335142761835,0.0010750370839976283,11.005536003153637,0.06255021509795,0.18765064529385,0.004964302785551588,10.750370839976283,False,True
2020-03-19,4623134.018711147,161757914.89390302,80878957.44695151,80878957.44695151,1782.3170948722463,4.0,4.0,8.0,4.0,0.5,0.05,0.161757914893903,0.161757914893903,0.161757914893903,0.323515829787806,0.004623134018711147,6.47031659575612e-05,1.61757914893903e-05,4.85273744681709e-05,64703.16595756121,1.7823170948722464e-06,0.0046069582272217574,0.004558430852753587,0.004558430852753587,0.004556648535658714,46.23134018711147,0.161757914893903,0.485273744681709,0.017823170948722464,45.566485356587144,False,True
2020-03-20,231491.6812399407,36387079.975,18193539.9875,18193539.9875,802.0784590079365,4.0,4.0,8.0,4.0,0.5,0.05,0.036387079975,0.036387079975,0.036387079975,0.07277415995,0.0002314916812399407,1.4554831990000001e-05,3.6387079975000003e-06,1.0916123992499999e-05,14554.83199,8.020784590079365e-07,0.0002278529732424407,0.0002169368492499407,0.0002169368492499407,0.00021613477079093278,2.314916812399407,0.036387079975,0.10916123992499999,0.008020784590079365,2.1613477079093277,False,True
2020-03-23,7031436.011247901,194009892.9207,97004946.46035,97004946.46035,2065.2137160373018,4.0,4.0,8.0,4.0,0.5,0.05,0.1940098929207,0.1940098929207,0.1940098929207,0.3880197858414,0.007031436011247901,7.760395716828e-05,1.940098929207e-05,5.8202967876209995e-05,77603.95716828,2.0652137160373016e-06,0.007012035021955831,0.006953832054079621,0.006953832054079621,0.006951766840363584,70.31436011247901,0.1940098929207,0.5820296787621,0.020652137160373014,69.51766840363584,False,True
2020-03-24,11309068.020001292,189846034.3242,94923017.1621,94923017.1621,2043.326344636508,4.0,4.0,8.0,4.0,0.5,0.05000000000000001,0.1898460343242,0.1898460343242,0.1898460343242,0.3796920686484,0.011309068020001293,7.593841372968001e-05,1.8984603432420002e-05,5.6953810297259996e-05,75938.41372968,2.0433263446365082e-06,0.011290083416568873,0.011233129606271612,0.011233129606271612,0.011231086279926975,113.09068020001293,0.18984603432420002,0.5695381029726,0.020433263446365084,112.31086279926976,False,True
2020-03-25,702298.6258155962,42056156.33,21028078.165000003,21028078.165,453.1041797619048,3.0,3.0,6.0,3.0,0.5,0.05,0.04205615633,0.04205615633,0.04205615633,0.08411231266,0.0007022986258155962,1.6822462532e-05,4.205615633e-06,1.2616846898999997e-05,16822.462532,4.531041797619048e-07,0.0006980930101825962,0.0006854761632835962,0.0006854761632835962,0.0006850230591038343,7.022986258155963,0.042056156330000004,0.12616846898999998,0.004531041797619048,6.850230591038343,False,True
2020-03-26,-170807.61427251945,44381147.9654,22190573.9827,22190573.9827,352.2313330587302,3.0,3.0,6.0,3.0,0.5,0.05,0.044381147965400006,0.044381147965400006,0.044381147965400006,0.08876229593080001,-0.00017080761427251944,1.7752459186160004e-05,4.438114796540001e-06,1.331434438962e-05,17752.459186160006,3.522313330587302e-07,-0.00017524572906905944,-0.00018856007345867946,-0.00018856007345867946,-0.0001889123047917382,-1.7080761427251945,0.04438114796540001,0.1331434438962,0.003522313330587302,-1.889123047917382,False,True
2020-03-27,-104979.851560001,37130954.88,18565477.44,18565477.44,294.69011809523806,3.0,3.0,6.0,3.0,0.5,0.05,0.037130954880000004,0.037130954880000004,0.037130954880000004,0.07426190976000001,-0.000104979851560001,1.4852381952000003e-05,3.7130954880000006e-06,1.1139286464e-05,14852.381952000003,2.9469011809523806e-07,-0.000108692947048001,-0.000119832233512001,-0.000119832233512001,-0.00012012692363009623,-1.04979851560001,0.037130954880000004,0.11139286464,0.0029469011809523807,-1.2012692363009623,False,True
2020-03-30,0.0,0.0,0.0,0.0,0.0,0.0,0.0,0.0,0.0,0.0,0.0,0.0,0.0,0.0,0.0,0.0,0.0,0.0,0.0,0.0,0.0,0.0,0.0,0.0,0.0,0.0,0.0,0.0,0.0,0.0,False,False
2020-03-31,-311700.8424037409,34113371.331305005,17056685.665652502,17056685.6656525,270.74104231194445,3.0,3.0,6.0,3.0,0.5,0.05,0.03411337133130501,0.03411337133130501,0.03411337133130501,0.06822674266261002,-0.00031170084240374093,1.3645348532522003e-05,3.411337133130501e-06,1.0234011399391502e-05,13645.348532522003,2.7074104231194447e-07,-0.0003151121795368714,-0.0003253461909362629,-0.0003253461909362629,-0.00032561693197857486,-3.1170084240374094,0.03411337133130501,0.10234011399391502,0.002707410423119445,-3.2561693197857484,False,True
2020-04-01,245150.64335331199,94952358.32005002,47476179.16002501,47476179.16002501,753.5901453972223,3.0,3.0,6.0,3.0,0.5,0.05000000000000001,0.09495235832005001,0.09495235832005001,0.09495235832005001,0.18990471664010003,0.000245150643353312,3.7980943328020006e-05,9.495235832005001e-06,2.8485707496015003e-05,37980.94332802,7.535901453972223e-07,0.000235655407521307,0.000207169700025292,0.000207169700025292,0.00020641610987989477,2.45150643353312,0.09495235832005001,0.28485707496015,0.007535901453972223,2.0641610987989476,False,True
2020-04-02,5423659.477338455,167842360.44380003,83921180.22190002,83921180.22190002,1332.0822257444447,3.0,3.0,6.0,3.0,0.5,0.05000000000000001,0.16784236044380002,0.16784236044380002,0.16784236044380002,0.33568472088760004,0.005423659477338454,6.713694417752001e-05,1.6784236044380003e-05,5.0352708133140005e-05,67136.94417752001,1.3320822257444447e-06,0.005406875241294074,0.0053565225331609345,0.0053565225331609345,0.00535519045093519,54.236594773384546,0.16784236044380002,0.5035270813314,0.013320822257444447,53.55190450935191,False,True
2020-04-03,16702084.597082885,636262821.087,318131410.5435,318131410.5435,5049.704929261905,3.0,3.0,6.0,3.0,0.5,0.05,0.636262821087,0.636262821087,0.636262821087,1.272525642174,0.016702084597082886,0.00025450512843480004,6.362628210870001e-05,0.0001908788463261,254505.12843480005,5.049704929261905e-06,0.016638458314974184,0.016447579468648083,0.016447579468648083,0.01644252976371882,167.02084597082884,0.6362628210870002,1.9087884632610002,0.05049704929261905,164.4252976371882,False,True
2020-04-06,9262921.587959655,403835257.92435,201917628.962175,201917628.962175,3205.0417295583334,3.0,3.0,6.0,3.0,0.5,0.05,0.40383525792435004,0.40383525792435004,0.40383525792435004,0.8076705158487001,0.009262921587959655,0.00016153410316974002,4.0383525792435005e-05,0.000121150577377305,161534.10316974003,3.2050417295583335e-06,0.00922253806216722,0.009101387484789916,0.009101387484789916,0.009098182443060357,92.62921587959656,0.40383525792435004,1.21150577377305,0.03205041729558333,90.98182443060357,False,True
2020-04-07,-1542434.141581737,297155216.635,148577608.3175,148577608.3175,2358.374735198413,3.0,3.0,6.0,3.0,0.5,0.05,0.297155216635,0.297155216635,0.297155216635,0.59431043327,-0.0015424341415817369,0.000118862086654,2.97155216635e-05,8.914656499049999e-05,118862.086654,2.358374735198413e-06,-0.0015721496632452368,-0.0016612962282357368,-0.0016612962282357368,-0.0016636546029709352,-15.424341415817368,0.297155216635,0.8914656499049999,0.023583747351984128,-16.63654602970935,False,True
2020-04-08,12916080.086083977,523148803.985,261574401.99249998,261574401.9925,4151.974634801588,3.0,3.0,6.0,3.0,0.5,0.05,0.523148803985,0.523148803985,0.523148803985,1.04629760797,0.012916080086083977,0.000209259521594,5.23148803985e-05,0.00015694464119549997,209259.521594,4.151974634801588e-06,0.012863765205685477,0.012706820564489976,0.012706820564489976,0.012702668589855175,129.16080086083977,0.523148803985,1.5694464119549998,0.04151974634801588,127.02668589855175,False,True
2020-04-09,461467.0272984776,92195974.69015,46097987.345075,46097987.345075,731.7140848424604,3.0,3.0,6.0,3.0,0.5,0.05,0.09219597469014999,0.09219597469014999,0.09219597469014999,0.18439194938029999,0.00046146702729847757,3.687838987606e-05,9.219597469015e-06,2.7658792407044995e-05,36878.38987606,7.317140848424603e-07,0.00045224742982946257,0.0004245886374224176,0.0004245886374224176,0.00042385692333757514,4.6146702729847755,0.09219597469014999,0.27658792407044996,0.007317140848424603,4.238569233375752,False,True
2020-04-13,1246886.6673365908,108666844.6548,54333422.3274,54333422.3274,862.4352750380954,3.0,3.0,6.0,3.0,0.5,0.05,0.1086668446548,0.1086668446548,0.1086668446548,0.2173336893096,0.0012468866673365907,4.346673786192e-05,1.086668446548e-05,3.260005339644e-05,43466.73786192,8.624352750380954e-07,0.0012360199828711108,0.0012034199294746707,0.0012034199294746707,0.0012025574941996325,12.468866673365907,0.1086668446548,0.3260005339644,0.008624352750380954,12.025574941996325,False,True
2020-04-14,642256.0882857961,130358302.60860002,65179151.3043,65179151.30430001,1034.5897032428572,3.0,3.0,6.0,3.0,0.5,0.05,0.1303583026086,0.1303583026086,0.1303583026086,0.2607166052172,0.0006422560882857961,5.214332104344001e-05,1.3035830260860002e-05,3.910749078258e-05,52143.32104344001,1.0345897032428573e-06,0.0006292202580249362,0.0005901127672423562,0.0005901127672423562,0.0005890781775391133,6.422560882857961,0.1303583026086,0.3910749078258,0.010345897032428573,5.890781775391133,False,True
2020-04-15,116778.81335511373,126418244.62035002,63209122.31017501,63209122.310175,1178.4602634154762,4.0,4.0,8.0,4.0,0.5,0.05,0.12641824462035,0.12641824462035,0.12641824462035,0.2528364892407,0.00011677881335511373,5.0567297848140004e-05,1.2641824462035001e-05,3.7925473386105e-05,50567.297848140006,1.1784602634154762e-06,0.00010413698889307873,6.621151550697373e-05,6.621151550697373e-05,6.503305524355825e-05,1.1677881335511373,0.12641824462035,0.37925473386105,0.011784602634154762,0.6503305524355825,False,True
2020-04-16,1144297.0527631,129843487.25965,64921743.629824996,64921743.629825,1205.2148405559524,4.0,4.0,8.0,4.0,0.5,0.05,0.12984348725965,0.12984348725965,0.12984348725965,0.2596869745193,0.0011442970527631,5.193739490386001e-05,1.2984348725965002e-05,3.8953046177894995e-05,51937.394903860004,1.2052148405559524e-06,0.001131312704037135,0.00109235965785924,0.00109235965785924,0.001091154443018684,11.442970527631,0.12984348725965003,0.38953046177894995,0.012052148405559524,10.91154443018684,False,True
2020-04-17,-2872684.3358030906,177675178.55605,88837589.278025,88837589.278025,1410.1204647305556,4.0,4.0,8.0,4.0,0.5,0.05,0.17767517855605,0.17767517855605,0.17767517855605,0.3553503571121,-0.0028726843358030905,7.107007142242e-05,1.7767517855605e-05,5.3302553566815e-05,71070.07142242,1.4101204647305555e-06,-0.0028904518536586954,-0.0029437544072255105,-0.0029437544072255105,-0.002945164527690241,-28.726843358030905,0.17767517855605,0.53302553566815,0.014101204647305556,-29.45164527690241,False,True
2020-04-20,-705853.4169746528,68878880.84324999,34439440.421624996,34439440.421625,546.6577844702381,4.0,4.0,8.0,4.0,0.5,0.05000000000000001,0.06887888084324999,0.06887888084324999,0.06887888084324999,0.13775776168649997,-0.0007058534169746528,2.7551552337299996e-05,6.887888084324999e-06,2.0663664252974994e-05,27551.552337299996,5.466577844702381e-07,-0.0007127413050589778,-0.0007334049693119528,-0.0007334049693119528,-0.000733951627096423,-7.058534169746528,0.06887888084324999,0.20663664252974995,0.005466577844702381,-7.33951627096423,False,True
2020-04-21,5535521.694354214,500000000.0,250000000.0,249999999.99999997,3968.2539682539677,4.0,4.0,8.0,6.0,0.75,0.05000000000000001,0.5,0.5,0.5,1.0,0.005535521694354214,0.0002,5e-05,0.00015,200000.0,3.968253968253968e-06,0.005485521694354214,0.005335521694354214,0.005335521694354214,0.0053315534403859605,55.35521694354214,0.5,1.4999999999999998,0.03968253968253968,53.31553440385961,False,True
2020-04-22,25375.106803454306,38447922.727000006,19223961.363500003,19223961.363500003,305.14224386507937,4.0,4.0,8.0,4.0,0.5,0.05,0.038447922727000004,0.038447922727000004,0.038447922727000004,0.07689584545400001,2.5375106803454305e-05,1.5379169090800003e-05,3.844792272700001e-06,1.15343768181e-05,15379.169090800002,3.051422438650794e-07,2.1530314530754305e-05,9.995937712654306e-06,9.995937712654306e-06,9.690795468789226e-06,0.25375106803454306,0.038447922727000004,0.11534376818099999,0.003051422438650794,0.09690795468789226,False,True
2020-04-23,-406200.56929678214,65467346.25475,32733673.127375,32733673.127375,519.5821131329366,4.0,4.0,8.0,4.0,0.5,0.05,0.06546734625475,0.06546734625475,0.06546734625475,0.1309346925095,-0.00040620056929678214,2.61869385019e-05,6.546734625475e-06,1.9640203876424998e-05,26186.9385019,5.195821131329366e-07,-0.00041274730392225714,-0.0004323875077986821,-0.0004323875077986821,-0.00043290708991181503,-4.062005692967821,0.06546734625475,0.19640203876424997,0.005195821131329366,-4.32907089911815,False,True
2020-04-24,850461.2322569295,95762935.20395002,47881467.601975,47881467.601975,760.0232952694446,4.0,4.0,8.0,4.0,0.5,0.05,0.09576293520395002,0.09576293520395002,0.09576293520395002,0.19152587040790003,0.0008504612322569295,3.830517408158001e-05,9.576293520395002e-06,2.8728880561185003e-05,38305.17408158001,7.600232952694446e-07,0.0008408849387365344,0.0008121560581753494,0.0008121560581753494,0.00081139603488008,8.504612322569294,0.09576293520395002,0.28728880561185005,0.007600232952694446,8.1139603488008,False,True
2020-04-27,469090.7685228367,68222136.6726655,34111068.33633275,34111068.33633275,541.4455291481389,4.0,4.0,8.0,4.0,0.5,0.05,0.06822213667266551,0.06822213667266551,0.06822213667266551,0.13644427334533102,0.0004690907685228367,2.7288854669066205e-05,6.822213667266551e-06,2.046664100179965e-05,27288.854669066204,5.414455291481389e-07,0.0004622685548555701,0.00044180191385377046,0.00044180191385377046,0.0004412604683246223,4.690907685228367,0.06822213667266551,0.20466641001799651,0.005414455291481389,4.412604683246223,False,True
2020-04-28,613886.8482933273,51894939.385050006,25947469.692525003,25947469.692525003,411.86459829404765,3.0,3.0,6.0,3.0,0.5,0.05,0.05189493938505001,0.05189493938505001,0.05189493938505001,0.10378987877010001,0.0006138868482933273,2.0757975754020004e-05,5.189493938505001e-06,1.5568481815515e-05,20757.975754020004,4.1186459829404763e-07,0.0006086973543548223,0.0005931288725393074,0.0005931288725393074,0.0005927170079410133,6.138868482933273,0.05189493938505001,0.15568481815515,0.004118645982940476,5.927170079410133,False,True
2020-04-29,77992.78958005723,20254706.380149998,10127353.190074999,10127353.190075,160.75163793769843,3.0,3.0,6.0,3.0,0.5,0.05000000000000001,0.02025470638015,0.02025470638015,0.02025470638015,0.0405094127603,7.799278958005723e-05,8.10188255206e-06,2.025470638015e-06,6.076411914044999e-06,8101.88255206,1.6075163793769844e-07,7.596731894204222e-05,6.989090702799722e-05,6.989090702799722e-05,6.973015539005953e-05,0.7799278958005723,0.02025470638015,0.06076411914044999,0.0016075163793769845,0.6973015539005952,False,True
2020-04-30,0.0,0.0,0.0,0.0,0.0,0.0,0.0,0.0,0.0,0.0,0.0,0.0,0.0,0.0,0.0,0.0,0.0,0.0,0.0,0.0,0.0,0.0,0.0,0.0,0.0,0.0,0.0,0.0,0.0,0.0,False,False
2020-05-01,-139964.4750816456,37157700.214999996,18578850.107499998,18578850.107499998,294.9023826587302,4.0,4.0,8.0,4.0,0.5,0.05,0.037157700215,0.037157700215,0.037157700215,0.07431540043,-0.0001399644750816456,1.4863080086000001e-05,3.7157700215000002e-06,1.1147310064499999e-05,14863.080086000002,2.9490238265873015e-07,-0.00014368024510314558,-0.00015482755516764557,-0.00015482755516764557,-0.0001551224575503043,-1.399644750816456,0.037157700215,0.11147310064499999,0.0029490238265873015,-1.5512245755030432,False,True
2020-05-04,62994.23888191238,7863934.525,3931967.2625,3931967.2625,62.412178769841276,4.0,4.0,8.0,4.0,0.5,0.05,0.007863934525,0.007863934525,0.007863934525,0.01572786905,6.299423888191238e-05,3.14557381e-06,7.863934525e-07,2.3591803574999997e-06,3145.57381,6.241217876984127e-08,6.220784542941239e-05,5.9848665071912385e-05,5.9848665071912385e-05,5.9786252893142544e-05,0.6299423888191238,0.007863934525,0.023591803574999997,0.0006241217876984127,0.5978625289314254,False,True
2020-05-05,1480525.9381352537,500000000.0,250000000.0,250000000.0,3968.2539682539687,3.0,3.0,6.0,3.0,0.5,0.05,0.5,0.5,0.5,1.0,0.0014805259381352538,0.0002,5e-05,0.00015,200000.0,3.968253968253969e-06,0.001430525938135254,0.001280525938135254,0.001280525938135254,0.001276557684167,14.805259381352538,0.5,1.4999999999999998,0.03968253968253969,12.765576841669999,False,True
2020-05-06,-200438.3316973847,136620405.40915,68310202.70457499,68310202.704575,1084.2889318186508,3.0,3.0,6.0,3.0,0.5,0.05,0.13662040540915,0.13662040540915,0.13662040540915,0.2732408108183,-0.00020043833169738472,5.464816216366e-05,1.3662040540915e-05,4.0986121622744994e-05,54648.162163659996,1.0842889318186507e-06,-0.00021410037223829973,-0.00025508649386104474,-0.00025508649386104474,-0.0002561707827928634,-2.0043833169738474,0.13662040540915,0.4098612162274499,0.010842889318186506,-2.5617078279286343,False,True
2020-05-07,844102.6549950812,79662692.5748,39831346.2874,39831346.2874,824.6557866126984,4.0,4.0,8.0,4.0,0.5,0.05,0.0796626925748,0.0796626925748,0.0796626925748,0.1593253851496,0.0008441026549950813,3.186507702992001e-05,7.966269257480002e-06,2.389880777244e-05,31865.07702992001,8.246557866126985e-07,0.0008361363857376013,0.0008122375779651612,0.0008122375779651612,0.0008114129221785485,8.441026549950813,0.07966269257480002,0.23898807772439998,0.008246557866126984,8.114129221785486,False,True
2020-05-08,-99822.3091329905,12556219.18205,6278109.5910249995,6278109.591025,99.65253319087303,4.0,4.0,8.0,4.0,0.5,0.05000000000000001,0.01255621918205,0.01255621918205,0.01255621918205,0.0251124383641,-9.98223091329905e-05,5.022487672820001e-06,1.2556219182050002e-06,3.7668657546149997e-06,5022.487672820001,9.965253319087302e-08,-0.0001010779310511955,-0.0001048447968058105,-0.0001048447968058105,-0.00010494444933900138,-0.9982230913299049,0.012556219182050002,0.037668657546149995,0.0009965253319087302,-1.0494444933900138,False,True
2020-05-11,67282.86513815269,19130763.513494503,9565381.756747251,9565381.756747251,384.07569768487707,4.0,4.0,8.0,4.0,0.5,0.05,0.019130763513494502,0.019130763513494502,0.019130763513494502,0.038261527026989005,6.728286513815268e-05,7.652305405397802e-06,1.9130763513494505e-06,5.73922905404835e-06,7652.305405397802,3.8407569768487706e-07,6.536978878680324e-05,5.9630559732754886e-05,5.9630559732754886e-05,5.924648403507001e-05,0.6728286513815268,0.019130763513494506,0.057392290540483504,0.0038407569768487706,0.5924648403507001,False,True
2020-05-12,165018.38139932655,26506856.8737,13253428.43685,13253428.43685,210.37187995,4.0,4.0,8.0,4.0,0.5,0.05,0.0265068568737,0.0265068568737,0.0265068568737,0.0530137137474,0.00016501838139932655,1.0602742749480001e-05,2.6506856873700002e-06,7.952057062109999e-06,10602.742749480001,2.1037187995e-07,0.00016236769571195654,0.00015441563864984653,0.00015441563864984653,0.00015420526676989652,1.6501838139932654,0.026506856873700003,0.07952057062109999,0.0021037187995,1.5420526676989652,False,True
2020-05-13,-258906.55817332127,24940516.477830503,12470258.238915252,12470258.238915252,197.94060696690872,4.0,4.0,8.0,4.0,0.5,0.05,0.024940516477830504,0.024940516477830504,0.024940516477830504,0.04988103295566101,-0.00025890655817332125,9.976206591132203e-06,2.4940516477830506e-06,7.48215494334915e-06,9976.206591132202,1.9794060696690871e-07,-0.0002614006098211043,-0.0002688827647644535,-0.0002688827647644535,-0.0002690807053714204,-2.5890655817332124,0.024940516477830507,0.07482154943349151,0.0019794060696690873,-2.6908070537142037,False,True
2020-05-14,-3794509.202763565,440398051.15000004,220199025.57500002,220199025.57500002,4378.744131190476,4.0,4.0,8.0,4.0,0.5,0.05,0.44039805115,0.44039805115,0.44039805115,0.8807961023,-0.0037945092027635648,0.00017615922046,4.4039805115e-05,0.000132119415345,176159.22046,4.378744131190476e-06,-0.0038385490078785647,-0.003970668423223565,-0.003970668423223565,-0.003975047167354756,-37.945092027635646,0.44039805115,1.32119415345,0.04378744131190476,-39.75047167354756,False,True
2020-05-15,11162674.62004755,391140111.95000005,195570055.97500002,195570055.97500002,3104.286602777778,4.0,4.0,8.0,4.0,0.5,0.05000000000000001,0.39114011195000004,0.39114011195000004,0.39114011195000004,0.7822802239000001,0.01116267462004755,0.00015645604478000001,3.9114011195000004e-05,0.000117342033585,156456.04478000003,3.1042866027777782e-06,0.011123560608852551,0.01100621857526755,0.01100621857526755,0.011003114288664772,111.62674620047551,0.39114011195000004,1.17342033585,0.031042866027777782,110.03114288664773,False,True
2020-05-18,2209595.3147148,249999481.90500003,124999740.95250002,124999740.9525,1984.1228722619048,4.0,4.0,8.0,4.0,0.5,0.05,0.24999948190500004,0.24999948190500004,0.24999948190500004,0.4999989638100001,0.0022095953147148,9.999979276200002e-05,2.4999948190500006e-05,7.499984457150001e-05,99999.79276200003,1.984122872261905e-06,0.0021845953665243,0.0021095955219528,0.0021095955219528,0.0021076113990805383,22.095953147148002,0.24999948190500007,0.7499984457150001,0.019841228722619047,21.076113990805382,False,True
2020-05-19,1652090.0678875826,162323075.84500003,81161537.92250001,81161537.92250001,1288.2783797222226,4.0,4.0,8.0,4.0,0.5,0.05,0.16232307584500003,0.16232307584500003,0.16232307584500003,0.32464615169000005,0.0016520900678875826,6.492923033800002e-05,1.6232307584500004e-05,4.86969227535e-05,64929.230338000016,1.2882783797222225e-06,0.0016358577603030825,0.0015871608375495824,0.0015871608375495824,0.0015858725591698603,16.520900678875826,0.16232307584500005,0.48696922753500005,0.012882783797222224,15.858725591698603,False,True
2020-05-20,8474.29673799788,17629406.76904,8814703.38452,8814703.38452,168.88414377174604,4.0,4.0,8.0,4.0,0.5,0.05,0.01762940676904,0.01762940676904,0.01762940676904,0.03525881353808,8.47429673799788e-06,7.051762707616e-06,1.762940676904e-06,5.288822030711999e-06,7051.762707616,1.6888414377174605e-07,6.711356061093879e-06,1.42253403038188e-06,1.42253403038188e-06,1.253649886610134e-06,0.08474296737997879,0.01762940676904,0.05288822030711999,0.0016888414377174605,0.01253649886610134,False,True
2020-05-21,133297.90381164892,13598286.118150003,6799143.059075002,6799143.059075001,107.92290569960318,4.0,4.0,8.0,4.0,0.5,0.05,0.013598286118150003,0.013598286118150003,0.013598286118150003,0.027196572236300006,0.00013329790381164892,5.439314447260001e-06,1.3598286118150003e-06,4.079485835445001e-06,5439.3144472600015,1.0792290569960318e-07,0.00013193807519983392,0.00012785858936438892,0.00012785858936438892,0.00012775066645868933,1.3329790381164892,0.013598286118150003,0.04079485835445001,0.0010792290569960317,1.2775066645868933,False,True
2020-05-22,175346.01498773528,44324903.759662,22162451.879831005,22162451.879831,646.205346505254,4.0,4.0,8.0,4.0,0.5,0.05,0.044324903759662006,0.044324903759662006,0.044324903759662006,0.08864980751932401,0.00017534601498773528,1.7729961503864804e-05,4.432490375966201e-06,1.32974711278986e-05,17729.961503864804,6.462053465052541e-07,0.0001709135246117691,0.00015761605348387048,0.00015761605348387048,0.00015696984813736524,1.7534601498773528,0.04432490375966201,0.132974711278986,0.0064620534650525405,1.5696984813736523,False,True
2020-05-26,47485.83325922402,8974210.28815,4487105.144075,4487105.144075,102.63878175198413,4.0,4.0,8.0,4.0,0.5,0.05,0.00897421028815,0.00897421028815,0.00897421028815,0.0179484205763,4.748583325922402e-05,3.5896841152600004e-06,8.974210288150001e-07,2.692263086445e-06,3589.6841152600005,1.0263878175198412e-07,4.6588412230409024e-05,4.3896149143964026e-05,4.3896149143964026e-05,4.3793510362212045e-05,0.4748583325922402,0.00897421028815,0.02692263086445,0.0010263878175198412,0.43793510362212046,False,True
2020-05-27,70930.66255225494,50822068.7712,25411034.3856,25411034.3856,403.349752152381,4.0,4.0,8.0,4.0,0.5,0.05,0.050822068771200005,0.050822068771200005,0.050822068771200005,0.10164413754240001,7.093066255225495e-05,2.0328827508480002e-05,5.0822068771200005e-06,1.524662063136e-05,20328.82750848,4.03349752152381e-07,6.584845567513495e-05,5.060183504377495e-05,5.060183504377495e-05,5.019848529162257e-05,0.7093066255225495,0.050822068771200005,0.1524662063136,0.00403349752152381,0.5019848529162257,False,True
2020-05-28,-651215.3291043137,32537377.7936,16268688.8968,16268688.8968,740.2211009015875,4.0,4.0,8.0,4.0,0.5,0.05,0.0325373777936,0.0325373777936,0.0325373777936,0.0650747555872,-0.0006512153291043137,1.301495111744e-05,3.25373777936e-06,9.761213338079999e-06,13014.95111744,7.402211009015875e-07,-0.0006544690668836737,-0.0006642302802217537,-0.0006642302802217537,-0.0006649705013226553,-6.512153291043137,0.0325373777936,0.09761213338079999,0.0074022110090158745,-6.649705013226553,False,True
2020-05-29,170291.7610919864,20623077.92415,10311538.962075,10311538.962075,163.67522162023812,4.0,4.0,8.0,4.0,0.5,0.05,0.02062307792415,0.02062307792415,0.02062307792415,0.0412461558483,0.0001702917610919864,8.24923116966e-06,2.062307792415e-06,6.186923377245e-06,8249.23116966,1.6367522162023812e-07,0.0001682294532995714,0.0001620425299223264,0.0001620425299223264,0.00016187885470070616,1.702917610919864,0.02062307792415,0.061869233772449996,0.0016367522162023813,1.6187885470070615,False,True
2020-06-01,212353.18267755184,23968141.67085,11984070.835425,11984070.835425,190.22334659404765,4.0,4.0,8.0,4.0,0.5,0.05,0.023968141670850002,0.023968141670850002,0.023968141670850002,0.047936283341700005,0.00021235318267755186,9.587256668340002e-06,2.3968141670850005e-06,7.190442501255e-06,9587.256668340002,1.9022334659404766e-07,0.00020995636851046685,0.00020276592600921184,0.00020276592600921184,0.0002025757026626178,2.1235318267755185,0.023968141670850006,0.07190442501255,0.0019022334659404767,2.0257570266261777,False,True
2020-06-02,-617068.0371460657,108135601.22,54067800.61,54067800.61,858.2190573015874,4.0,4.0,8.0,4.0,0.5,0.05,0.10813560122,0.10813560122,0.10813560122,0.21627120244,-0.0006170680371460658,4.3254240488e-05,1.0813560122e-05,3.2440680366e-05,43254.240488,8.582190573015874e-07,-0.0006278815972680658,-0.0006603222776340658,-0.0006603222776340658,-0.0006611804966913673,-6.170680371460658,0.10813560122,0.32440680365999996,0.008582190573015874,-6.611804966913673,False,True
2020-06-03,298097.8591976563,16127953.784722503,8063976.892361253,8063976.892361251,127.99963321208335,4.0,4.0,8.0,4.0,0.5,0.05,0.016127953784722503,0.016127953784722503,0.016127953784722503,0.032255907569445005,0.00029809785919765626,6.451181513889001e-06,1.6127953784722503e-06,4.838386135416751e-06,6451.1815138890015,1.2799963321208337e-07,0.000296485063819184,0.0002916466776837673,0.0002916466776837673,0.0002915186780505552,2.980978591976563,0.016127953784722503,0.04838386135416751,0.0012799963321208337,2.915186780505552,False,True
2020-06-04,0.0,0.0,0.0,0.0,0.0,0.0,0.0,0.0,0.0,0.0,0.0,0.0,0.0,0.0,0.0,0.0,0.0,0.0,0.0,0.0,0.0,0.0,0.0,0.0,0.0,0.0,0.0,0.0,0.0,0.0,False,False
2020-06-05,0.0,0.0,0.0,0.0,0.0,0.0,0.0,0.0,0.0,0.0,0.0,0.0,0.0,0.0,0.0,0.0,0.0,0.0,0.0,0.0,0.0,0.0,0.0,0.0,0.0,0.0,0.0,0.0,0.0,0.0,False,False
2020-06-08,-786661.4953988013,35062186.885000005,17531093.442500003,17531093.442500003,278.271324484127,4.0,4.0,8.0,4.0,0.5,0.05,0.035062186885000006,0.035062186885000006,0.035062186885000006,0.07012437377000001,-0.0007866614953988013,1.4024874754000002e-05,3.5062186885000006e-06,1.05186560655e-05,14024.874754000002,2.78271324484127e-07,-0.0007901677140873014,-0.0008006863701528014,-0.0008006863701528014,-0.0008009646414772855,-7.866614953988013,0.035062186885000006,0.105186560655,0.0027827132448412697,-8.009646414772854,False,True
2020-06-09,-1435516.1681158887,101734514.49830152,50867257.24915076,50867257.24915076,807.4167817325517,4.0,4.0,8.0,4.0,0.5,0.05,0.10173451449830152,0.10173451449830152,0.10173451449830152,0.20346902899660305,-0.0014355161681158888,4.069380579932061e-05,1.0173451449830153e-05,3.052035434949046e-05,40693.80579932061,8.074167817325518e-07,-0.001445689619565719,-0.0014762099739152096,-0.0014762099739152096,-0.0014770173906969422,-14.355161681158888,0.10173451449830152,0.3052035434949046,0.008074167817325518,-14.770173906969422,False,True
2020-06-10,-4145561.059225519,54281354.1546,27140677.0773,27140677.0773,430.80439805238103,4.0,4.0,8.0,4.0,0.5,0.05,0.0542813541546,0.0542813541546,0.0542813541546,0.1085627083092,-0.004145561059225519,2.1712541661840003e-05,5.428135415460001e-06,1.628440624638e-05,21712.54166184,4.3080439805238103e-07,-0.0041509891946409794,-0.00416727360088736,-0.00416727360088736,-0.004167704405285412,-41.45561059225519,0.05428135415460001,0.1628440624638,0.004308043980523811,-41.67704405285412,False,True
2020-06-11,10917690.645487286,232258566.01500002,116129283.0075,116129283.00750001,1843.3219525000002,4.0,4.0,8.0,4.0,0.5,0.05,0.23225856601500003,0.23225856601500003,0.23225856601500003,0.46451713203000006,0.010917690645487286,9.290342640600002e-05,2.3225856601500004e-05,6.96775698045e-05,92903.42640600001,1.8433219525000002e-06,0.010894464788885786,0.010824787219081287,0.010824787219081287,0.010822943897128786,109.17690645487286,0.23225856601500003,0.6967756980450001,0.018433219525000002,108.22943897128786,False,True
2020-06-12,-1956428.2934186407,130075372.3455,65037686.17275,65037686.17275001,1032.3442249642858,4.0,4.0,8.0,4.0,0.5,0.05,0.1300753723455,0.1300753723455,0.1300753723455,0.260150744691,-0.0019564282934186406,5.2030148938200004e-05,1.3007537234550001e-05,3.902261170365e-05,52030.14893820001,1.0323442249642858e-06,-0.0019694358306531906,-0.0020084584423568407,-0.0020084584423568407,-0.002009490786581805,-19.564282934186405,0.1300753723455,0.3902261170365,0.010323442249642857,-20.09490786581805,False,True
2020-06-15,5626827.130585651,247871169.185,123935584.59249999,123935584.5925,1967.231501468254,4.0,4.0,8.0,4.0,0.5,0.05,0.247871169185,0.247871169185,0.247871169185,0.49574233837,0.005626827130585651,9.9148467674e-05,2.47871169185e-05,7.436135075549999e-05,99148.467674,1.967231501468254e-06,0.005602040013667151,0.00552767866291165,0.00552767866291165,0.005525711431410182,56.26827130585651,0.247871169185,0.7436135075549999,0.01967231501468254,55.25711431410182,False,True
2020-06-16,-709021.860801897,95297623.355,47648811.6775,47648811.6775,756.3303440873017,4.0,4.0,8.0,4.0,0.5,0.05,0.095297623355,0.095297623355,0.095297623355,0.19059524671,-0.000709021860801897,3.8119049342e-05,9.5297623355e-06,2.8589287006499997e-05,38119.049342,7.563303440873017e-07,-0.000718551623137397,-0.0007471409101438971,-0.0007471409101438971,-0.0007478972404879844,-7.0902186080189695,0.095297623355,0.28589287006499997,0.007563303440873017,-7.478972404879844,False,True
2020-06-17,-4192060.191968456,541570787.90555,270785393.952775,270785393.952775,4298.1808563932545,4.0,4.0,8.0,4.0,0.5,0.05000000000000001,0.54157078790555,0.54157078790555,0.54157078790555,1.0831415758111,-0.004192060191968456,0.00021662831516222,5.4157078790555e-05,0.000162471236371665,216628.31516222,4.298180856393254e-06,-0.004246217270759011,-0.004408688507130676,-0.004408688507130676,-0.004412986687987069,-41.92060191968456,0.54157078790555,1.6247123637166498,0.04298180856393254,-44.12986687987069,False,True
2020-06-18,57770.36897451303,10784487.13,5392243.565,5392243.565,145.3788630952381,4.0,4.0,8.0,4.0,0.5,0.05000000000000001,0.010784487130000001,0.010784487130000001,0.010784487130000001,0.021568974260000002,5.777036897451303e-05,4.3137948520000005e-06,1.0784487130000001e-06,3.235346139e-06,4313.794852000001,1.453788630952381e-07,5.6691920261513026e-05,5.3456574122513024e-05,5.3456574122513024e-05,5.3311195259417784e-05,0.5777036897451303,0.010784487130000001,0.03235346139,0.0014537886309523812,0.5331119525941779,False,True
2020-06-19,-319603.81927625637,194566721.30615,97283360.653075,97283360.65307501,1544.1803278265872,4.0,4.0,8.0,4.0,0.5,0.05,0.19456672130615,0.19456672130615,0.19456672130615,0.3891334426123,-0.0003196038192762564,7.782668852246e-05,1.9456672130615e-05,5.837001639184499e-05,77826.68852246,1.5441803278265873e-06,-0.0003390604914068714,-0.0003974305077987164,-0.0003974305077987164,-0.00039897468812654296,-3.196038192762564,0.19456672130615002,0.5837001639184499,0.015441803278265873,-3.9897468812654298,False,True
2020-06-22,6255.76735897145,13830237.914250001,6915118.957125,6915118.957125001,109.76379297023811,4.0,4.0,8.0,4.0,0.5,0.05000000000000001,0.01383023791425,0.01383023791425,0.01383023791425,0.0276604758285,6.25576735897145e-06,5.532095165700001e-06,1.3830237914250002e-06,4.149071374275e-06,5532.0951657000005,1.0976379297023811e-07,4.87274356754645e-06,7.236721932714501e-07,7.236721932714501e-07,6.13908400301212e-07,0.06255767358971451,0.013830237914250003,0.04149071374275,0.001097637929702381,0.0061390840030121204,False,True
2020-06-23,-1112973.8279641806,162628540.34380004,81314270.17190002,81314270.1719,1290.70270114127,4.0,4.0,8.0,4.0,0.5,0.05000000000000001,0.16262854034380003,0.16262854034380003,0.16262854034380003,0.32525708068760006,-0.0011129738279641807,6.505141613752002e-05,1.6262854034380004e-05,4.878856210314e-05,65051.41613752001,1.29070270114127e-06,-0.0011292366819985607,-0.0011780252441017007,-0.0011780252441017007,-0.001179315946802842,-11.129738279641806,0.16262854034380003,0.48788562103140004,0.0129070270114127,-11.79315946802842,False,True
2020-06-24,-7439633.308073244,447241419.925577,223620709.96278846,223620709.96278852,3549.5350787744205,4.0,4.0,8.0,4.0,0.5,0.05000000000000001,0.447241419925577,0.447241419925577,0.447241419925577,0.894482839851154,-0.007439633308073244,0.0001788965679702308,4.47241419925577e-05,0.0001341724259776731,178896.5679702308,3.5495350787744207e-06,-0.007484357450065802,-0.007618529876043475,-0.007618529876043475,-0.0076220794111222494,-74.39633308073245,0.447241419925577,1.341724259776731,0.035495350787744205,-76.22079411122249,False,True
2020-06-25,410608.3230714272,374250035.77000004,187125017.88500002,187125017.88500002,2970.238379126984,4.0,4.0,8.0,4.0,0.5,0.05,0.37425003577000004,0.37425003577000004,0.37425003577000004,0.7485000715400001,0.00041060832307142716,0.00014970001430800002,3.7425003577000006e-05,0.00011227501073100001,149700.014308,2.970238379126984e-06,0.00037318331949442714,0.0002609083087634271,0.0002609083087634271,0.00025793807038430015,4.106083230714272,0.37425003577000004,1.1227501073100001,0.02970238379126984,2.5793807038430017,False,True
2020-06-26,-639810.9649486488,256500337.720275,128250168.8601375,128250168.86013752,2035.7169660339289,4.0,4.0,8.0,4.0,0.5,0.05,0.25650033772027503,0.25650033772027503,0.25650033772027503,0.5130006754405501,-0.0006398109649486489,0.00010260013508811001,2.5650033772027502e-05,7.69501013160825e-05,102600.13508811001,2.035716966033929e-06,-0.0006654609987206764,-0.0007424111000367588,-0.0007424111000367588,-0.0007444468170027927,-6.398109649486488,0.25650033772027503,0.7695010131608251,0.020357169660339288,-7.444468170027927,False,True
2020-06-29,-476969.50672761106,74675635.67425,37337817.837125,37337817.837125,592.6637751924604,4.0,4.0,8.0,4.0,0.5,0.05,0.07467563567425001,0.07467563567425001,0.07467563567425001,0.14935127134850001,-0.0004769695067276111,2.9870254269700005e-05,7.467563567425001e-06,2.2402690702275e-05,29870.254269700006,5.926637751924604e-07,-0.00048443707029503607,-0.0005068397609973111,-0.0005068397609973111,-0.0005074324247725036,-4.7696950672761105,0.07467563567425001,0.22402690702275,0.005926637751924604,-5.074324247725036,False,True
2020-06-30,0.0,0.0,0.0,0.0,0.0,0.0,0.0,0.0,0.0,0.0,0.0,0.0,0.0,0.0,0.0,0.0,0.0,0.0,0.0,0.0,0.0,0.0,0.0,0.0,0.0,0.0,0.0,0.0,0.0,0.0,False,False
2020-07-01,3904421.852612555,187838690.02500004,93919345.01250002,93919345.01250002,1490.783254166667,4.0,4.0,8.0,4.0,0.5,0.05000000000000001,0.18783869002500003,0.18783869002500003,0.18783869002500003,0.37567738005000006,0.003904421852612555,7.513547601000002e-05,1.8783869002500004e-05,5.6351607007500006e-05,75135.47601000001,1.4907832541666669e-06,0.0038856379836100553,0.0038292863766025555,0.0038292863766025555,0.003827795593348389,39.044218526125555,0.18783869002500003,0.563516070075,0.01490783254166667,38.27795593348389,False,True
2020-07-02,84950.28829262723,14861975.15,7430987.575,7430987.575,117.95218373015874,4.0,4.0,8.0,4.0,0.5,0.05,0.01486197515,0.01486197515,0.01486197515,0.0297239503,8.495028829262723e-05,5.94479006e-06,1.486197515e-06,4.4585925449999995e-06,5944.79006,1.1795218373015873e-07,8.346409077762724e-05,7.900549823262724e-05,7.900549823262724e-05,7.888754604889708e-05,0.8495028829262723,0.01486197515,0.044585925449999994,0.0011795218373015872,0.7888754604889707,False,True
2020-07-06,-255139.68951121648,27798656.86495,13899328.432475,13899328.432475,554.9270185313492,4.0,4.0,8.0,4.0,0.5,0.05000000000000001,0.027798656864950002,0.027798656864950002,0.027798656864950002,0.055597313729900004,-0.0002551396895112165,1.1119462745980001e-05,2.7798656864950002e-06,8.339597059485e-06,11119.462745980001,5.549270185313492e-07,-0.0002579195551977115,-0.0002662591522571965,-0.0002662591522571965,-0.00026681407927572784,-2.551396895112165,0.027798656864950002,0.08339597059485,0.005549270185313492,-2.6681407927572782,False,True
2020-07-07,76934.18695305315,36894647.896511,18447323.9482555,18447323.9482555,292.81466584532546,4.0,4.0,8.0,4.0,0.5,0.05000000000000001,0.036894647896511,0.036894647896511,0.036894647896511,0.073789295793022,7.693418695305316e-05,1.4757859158604401e-05,3.6894647896511003e-06,1.1068394368953299e-05,14757.8591586044,2.9281466584532546e-07,7.324472216340205e-05,6.217632779444875e-05,6.217632779444875e-05,6.188351312860343e-05,0.7693418695305315,0.036894647896511,0.110683943689533,0.0029281466584532546,0.6188351312860343,False,True
2020-07-08,123296.7893421462,18323559.081106003,9161779.540553002,9161779.540553,145.42507207226987,4.0,4.0,8.0,4.0,0.5,0.05,0.018323559081106004,0.018323559081106004,0.018323559081106004,0.03664711816221201,0.0001232967893421462,7.329423632442402e-06,1.8323559081106004e-06,5.4970677243318e-06,7329.423632442402,1.4542507207226987e-07,0.0001214644334340356,0.0001159673657097038,0.0001159673657097038,0.00011582194063763152,1.232967893421462,0.018323559081106004,0.054970677243318,0.0014542507207226988,1.1582194063763152,False,True
2020-07-09,-166795.92445577064,22381309.8394775,11190654.919738753,11190654.91973875,177.62944317045637,4.0,4.0,8.0,4.0,0.5,0.05000000000000001,0.022381309839477503,0.022381309839477503,0.022381309839477503,0.04476261967895501,-0.00016679592445577063,8.952523935791001e-06,2.2381309839477503e-06,6.71439295184325e-06,8952.523935791001,1.7762944317045638e-07,-0.0001690340554397184,-0.00017574844839156163,-0.00017574844839156163,-0.0001759260778347321,-1.6679592445577063,0.022381309839477503,0.0671439295184325,0.001776294431704564,-1.7592607783473209,False,True
2020-07-10,4384638.025826184,209960086.91510004,104980043.45755002,104980043.45755,1666.3498961515875,4.0,4.0,8.0,4.0,0.5,0.05,0.20996008691510004,0.20996008691510004,0.20996008691510004,0.4199201738302001,0.004384638025826184,8.398403476604002e-05,2.0996008691510006e-05,6.298802607453e-05,83984.03476604003,1.6663498961515875e-06,0.004363642017134674,0.004300653991060144,0.004300653991060144,0.004298987641163992,43.84638025826184,0.20996008691510007,0.6298802607453,0.016663498961515876,42.989876411639926,False,True
2020-07-13,893279.6544765917,255043269.77,127521634.88500002,127521634.885,2024.1529346825398,4.0,4.0,8.0,4.0,0.5,0.05,0.25504326977,0.25504326977,0.25504326977,0.51008653954,0.0008932796544765917,0.00010201730790800001,2.5504326977000002e-05,7.6512980931e-05,102017.307908,2.0241529346825398e-06,0.0008677753274995917,0.0007912623465685917,0.0007912623465685917,0.0007892381936339092,8.932796544765917,0.25504326977,0.7651298093100001,0.020241529346825396,7.892381936339092,False,True
2020-07-14,1830053.3716300498,103242303.62535001,51621151.81267501,51621151.812675,819.3833621059525,4.0,4.0,8.0,4.0,0.5,0.05000000000000001,0.10324230362535002,0.10324230362535002,0.10324230362535002,0.20648460725070003,0.0018300533716300498,4.1296921450140005e-05,1.0324230362535001e-05,3.0972691087605004e-05,41296.921450140006,8.193833621059525e-07,0.0018197291412675148,0.0017887564501799097,0.0017887564501799097,0.0017879370668178038,18.300533716300496,0.10324230362535002,0.30972691087605003,0.008193833621059526,17.879370668178037,False,True
2020-07-15,-2143577.957272954,128635308.41282552,64317654.20641277,64317654.20641276,1149.1863823589329,4.0,4.0,8.0,4.0,0.5,0.05,0.12863530841282553,0.12863530841282553,0.12863530841282553,0.25727061682565106,-0.002143577957272954,5.145412336513021e-05,1.2863530841282553e-05,3.8590592523847656e-05,51454.12336513021,1.1491863823589328e-06,-0.0021564414881142364,-0.002195032080638084,-0.002195032080638084,-0.002196181267020443,-21.435779572729537,0.12863530841282553,0.38590592523847655,0.011491863823589328,-21.961812670204427,False,True
2020-07-16,536221.2534774883,210722361.010878,105361180.50543898,105361180.505439,1672.3996905625238,4.0,4.0,8.0,4.0,0.5,0.05,0.210722361010878,0.210722361010878,0.210722361010878,0.421444722021756,0.0005362212534774883,8.42889444043512e-05,2.10722361010878e-05,6.321670830326338e-05,84288.94440435119,1.672399690562524e-06,0.0005151490173764005,0.0004519323090731371,0.0004519323090731371,0.00045025990938257456,5.362212534774883,0.210722361010878,0.6321670830326338,0.01672399690562524,4.502599093825745,False,True
2020-07-17,192194.88429229762,114426625.31955051,57213312.65977526,57213312.65977526,908.1478199964326,4.0,4.0,8.0,4.0,0.5,0.05000000000000001,0.11442662531955052,0.11442662531955052,0.11442662531955052,0.22885325063910103,0.00019219488429229761,4.577065012782021e-05,1.1442662531955052e-05,3.432798759586515e-05,45770.650127820205,9.081478199964327e-07,0.00018075222176034257,0.00014642423416447742,0.00014642423416447742,0.00014551608634448098,1.921948842922976,0.11442662531955052,0.3432798759586515,0.009081478199964327,1.4551608634448099,False,True
2020-07-20,99743.53740296482,165950077.8394195,82975038.91970976,82975038.91970976,1317.0641098366627,4.0,4.0,8.0,4.0,0.5,0.05,0.1659500778394195,0.1659500778394195,0.1659500778394195,0.331900155678839,9.974353740296482e-05,6.63800311357678e-05,1.659500778394195e-05,4.978502335182585e-05,66380.0311357678,1.3170641098366627e-06,8.314852961902287e-05,3.336350626719702e-05,3.336350626719702e-05,3.204644215736036e-05,0.9974353740296482,0.1659500778394195,0.49785023351825847,0.013170641098366628,0.3204644215736036,False,True
2020-07-21,-306518.7307497585,40498776.6044,20249388.302200004,20249388.3022,552.0622998761905,4.0,4.0,8.0,4.0,0.5,0.05,0.0404987766044,0.0404987766044,0.0404987766044,0.0809975532088,-0.0003065187307497585,1.619951064176e-05,4.04987766044e-06,1.214963298132e-05,16199.510641760002,5.520622998761906e-07,-0.00031056860841019847,-0.0003227182413915185,-0.0003227182413915185,-0.0003232703036913947,-3.0651873074975846,0.0404987766044,0.1214963298132,0.005520622998761906,-3.232703036913947,False,True
2020-07-22,-79785.31151344953,81898868.23500001,40949434.11750001,40949434.11750001,649.9910177380953,4.0,4.0,8.0,4.0,0.5,0.05,0.08189886823500002,0.08189886823500002,0.08189886823500002,0.16379773647000004,-7.978531151344953e-05,3.275954729400001e-05,8.189886823500003e-06,2.4569660470500002e-05,32759.54729400001,6.499910177380952e-07,-8.797519833694952e-05,-0.00011254485880744952,-0.00011254485880744952,-0.00011319484982518763,-0.7978531151344953,0.08189886823500003,0.24569660470500002,0.006499910177380952,-1.1319484982518762,False,True
2020-07-23,-277447.8451166813,26478715.595000003,13239357.797500003,13239357.797500001,210.14853646825398,4.0,4.0,8.0,4.0,0.5,0.05,0.026478715595000004,0.026478715595000004,0.026478715595000004,0.05295743119000001,-0.0002774478451166813,1.0591486238000002e-05,2.6478715595000005e-06,7.9436146785e-06,10591.486238000001,2.1014853646825397e-07,-0.0002800957166761813,-0.0002880393313546813,-0.0002880393313546813,-0.0002882494798911495,-2.774478451166813,0.026478715595000004,0.07943614678500001,0.0021014853646825395,-2.882494798911495,False,True
2020-07-24,418498.29364045855,27088130.065,13544065.0325,13544065.0325,214.98515924603174,4.0,4.0,8.0,4.0,0.5,0.05,0.027088130065,0.027088130065,0.027088130065,0.05417626013,0.0004184982936404585,1.0835252026000001e-05,2.7088130065000003e-06,8.1264390195e-06,10835.252026000002,2.1498515924603174e-07,0.00041578948063395854,0.0004076630416144585,0.0004076630416144585,0.0004074480564552125,4.184982936404586,0.027088130065000004,0.08126439019500001,0.0021498515924603173,4.074480564552125,False,True
2020-07-27,60705.35410090252,85540192.14500001,42770096.0725,42770096.072500005,1512.3621284523813,4.0,4.0,8.0,4.0,0.5,0.05,0.08554019214500001,0.08554019214500001,0.08554019214500001,0.17108038429000003,6.070535410090252e-05,3.4216076858000005e-05,8.554019214500001e-06,2.5662057643500002e-05,34216.07685800001,1.5123621284523812e-06,5.215133488640252e-05,2.6489277242902518e-05,2.6489277242902518e-05,2.4976915114450135e-05,0.6070535410090252,0.08554019214500001,0.256620576435,0.015123621284523813,0.24976915114450135,False,True
2020-07-28,212078.14694584944,36325423.2633625,18162711.63168125,18162711.63168125,433.52868779017865,3.0,3.0,6.0,3.0,0.5,0.05,0.036325423263362494,0.036325423263362494,0.036325423263362494,0.07265084652672499,0.00021207814694584943,1.4530169305344998e-05,3.6325423263362496e-06,1.0897626979008748e-05,14530.169305344998,4.3352868779017866e-07,0.00020844560461951318,0.00019754797764050442,0.00019754797764050442,0.00019711444895271425,2.1207814694584943,0.036325423263362494,0.10897626979008747,0.004335286877901787,1.9711444895271424,False,True
2020-07-29,-333045.84446950944,40367008.1155665,20183504.05778325,20183504.05778325,320.3730802822738,3.0,3.0,6.0,3.0,0.5,0.05,0.0403670081155665,0.0403670081155665,0.0403670081155665,0.080734016231133,-0.0003330458444695094,1.61468032462266e-05,4.03670081155665e-06,1.2110102434669948e-05,16146.8032462266,3.203730802822738e-07,-0.00033708254528106606,-0.000349192647715736,-0.000349192647715736,-0.00034951302079601825,-3.3304584446950942,0.040367008115566504,0.12110102434669948,0.0032037308028227377,-3.4951302079601825,False,True
2020-07-30,441098.9762117352,58166890.05128701,29083445.025643505,29083445.0256435,738.6551026292619,4.0,4.0,8.0,4.0,0.5,0.05000000000000001,0.05816689005128701,0.05816689005128701,0.05816689005128701,0.11633378010257402,0.0004410989762117352,2.3266756020514804e-05,5.816689005128701e-06,1.74500670153861e-05,23266.756020514804,7.386551026292619e-07,0.00043528228720660653,0.00041783222019122043,0.00041783222019122043,0.00041709356508859115,4.410989762117352,0.05816689005128701,0.174500670153861,0.007386551026292619,4.1709356508859114,False,True
2020-07-31,54621.64357916328,26588986.02655,13294493.013274997,13294493.013275,211.0236986234127,4.0,4.0,8.0,4.0,0.5,0.05,0.02658898602655,0.02658898602655,0.02658898602655,0.0531779720531,5.462164357916328e-05,1.0635594410620001e-05,2.6588986026550003e-06,7.976695807965e-06,10635.59441062,2.1102369862341272e-07,5.196274497650828e-05,4.398604916854328e-05,4.398604916854328e-05,4.377502546991987e-05,0.5462164357916328,0.026588986026550004,0.07976695807965,0.002110236986234127,0.4377502546991987,False,True
2020-08-03,5727.269949483787,47568517.454027504,23784258.727013752,23784258.727013752,377.5279163018056,4.0,4.0,8.0,4.0,0.5,0.05,0.0475685174540275,0.0475685174540275,0.0475685174540275,0.095137034908055,5.7272699494837875e-06,1.9027406981611002e-05,4.7568517454027505e-06,1.4270555236208248e-05,19027.406981611002,3.775279163018056e-07,9.70418204081037e-07,-1.330013703212721e-05,-1.330013703212721e-05,-1.3677664948429016e-05,0.057272699494837875,0.04756851745402751,0.1427055523620825,0.003775279163018056,-0.13677664948429016,False,True
2020-08-04,468940.99909741106,234293861.01999998,117146930.51,117146930.50999999,1859.4750874603174,3.0,3.0,6.0,3.0,0.5,0.05,0.23429386102,0.23429386102,0.23429386102,0.46858772204,0.0004689409990974111,9.3717544408e-05,2.3429386102e-05,7.0288158306e-05,93717.544408,1.8594750874603174e-06,0.0004455116129954111,0.0003752234546894111,0.0003752234546894111,0.0003733639796019508,4.689409990974111,0.23429386102,0.7028815830599999,0.018594750874603175,3.7336397960195082,False,True
2020-08-05,-301075.16795849905,289324087.25,144662043.625,144662043.625,2296.22291468254,4.0,4.0,8.0,4.0,0.5,0.05,0.28932408725,0.28932408725,0.28932408725,0.5786481745,-0.00030107516795849904,0.0001157296349,2.8932408725e-05,8.679722617499998e-05,115729.63489999999,2.2962229146825396e-06,-0.000330007576683499,-0.000416804802858499,-0.000416804802858499,-0.0004191010257731815,-3.0107516795849905,0.28932408725,0.8679722617499999,0.022962229146825396,-4.191010257731815,False,True
2020-08-06,8652.014750629141,12400255.671657002,6200127.835828501,6200127.835828501,264.71537542448414,4.0,4.0,8.0,4.0,0.5,0.05,0.012400255671657002,0.012400255671657002,0.012400255671657002,0.024800511343314003,8.652014750629142e-06,4.960102268662801e-06,1.2400255671657003e-06,3.7200767014971e-06,4960.102268662801,2.647153754244841e-07,7.411989183463442e-06,3.691912481966342e-06,3.691912481966342e-06,3.427197106541858e-06,0.08652014750629142,0.012400255671657003,0.037200767014971,0.0026471537542448412,0.03427197106541858,False,True
2020-08-07,130556.50868760237,125505325.15650001,62752662.578250006,62752662.578250006,996.0740091785716,4.0,4.0,8.0,4.0,0.5,0.05000000000000001,0.1255053251565,0.1255053251565,0.1255053251565,0.251010650313,0.00013055650868760236,5.0202130062600004e-05,1.2550532515650001e-05,3.765159754695e-05,50202.1300626,9.960740091785716e-07,0.00011800597617195236,8.035437862500236e-05,8.035437862500236e-05,7.935830461582378e-05,1.3055650868760236,0.1255053251565,0.3765159754695,0.009960740091785717,0.7935830461582378,False,True
2020-08-10,-98752.8750156164,8596290.46935,4298145.234675,4298145.234675,199.6997873138889,4.0,4.0,8.0,4.0,0.5,0.05,0.008596290469350001,0.008596290469350001,0.008596290469350001,0.017192580938700002,-9.875287501561641e-05,3.4385161877400007e-06,8.596290469350002e-07,2.578887140805e-06,3438.5161877400005,1.9969978731388888e-07,-9.96125040625514e-05,-0.00010219139120335641,-0.00010219139120335641,-0.0001023910909906703,-0.987528750156164,0.008596290469350001,0.02578887140805,0.001996997873138889,-1.023910909906703,False,True
2020-08-11,532342.4043706566,26062688.203649998,13031344.101824999,13031344.101824999,663.7876244686507,4.0,4.0,8.0,4.0,0.5,0.05,0.026062688203649997,0.026062688203649997,0.026062688203649997,0.05212537640729999,0.0005323424043706566,1.042507528146e-05,2.606268820365e-06,7.818806461094999e-06,10425.07528146,6.637876244686507e-07,0.0005297361355502916,0.0005219173290891966,0.0005219173290891966,0.000521253541464728,5.3234240437065665,0.02606268820365,0.07818806461094999,0.006637876244686507,5.21253541464728,False,True
2020-08-12,264828.4474416815,36782612.32405,18391306.162025,18391306.162025,291.9254946353175,4.0,4.0,8.0,4.0,0.5,0.05,0.03678261232405,0.03678261232405,0.03678261232405,0.0735652246481,0.0002648284474416815,1.4713044929620001e-05,3.6782612324050003e-06,1.1034783697215e-05,14713.04492962,2.919254946353175e-07,0.0002611501862092765,0.00025011540251206147,0.00025011540251206147,0.00024982347701742614,2.648284474416815,0.03678261232405,0.11034783697214999,0.002919254946353175,2.4982347701742613,False,True
2020-08-13,144980.1175412343,29818567.632400002,14909283.8162,14909283.816200001,236.6552986698413,4.0,4.0,8.0,4.0,0.5,0.05,0.0298185676324,0.0298185676324,0.0298185676324,0.0596371352648,0.0001449801175412343,1.192742705296e-05,2.98185676324e-06,8.945570289719999e-06,11927.42705296,2.366552986698413e-07,0.0001419982607779943,0.00013305269048827432,0.00013305269048827432,0.00013281603518960447,1.449801175412343,0.0298185676324,0.08945570289719999,0.002366552986698413,1.3281603518960448,False,True
2020-08-14,100376.65024232473,18137798.368275,9068899.1841375,9068899.1841375,362.31859873710323,4.0,4.0,8.0,4.0,0.5,0.05,0.018137798368275,0.018137798368275,0.018137798368275,0.03627559673655,0.00010037665024232474,7.255119347310001e-06,1.8137798368275002e-06,5.4413395104825e-06,7255.119347310001,3.6231859873710324e-07,9.856287040549724e-05,9.312153089501474e-05,9.312153089501474e-05,9.275921229627763e-05,1.0037665024232474,0.018137798368275,0.054413395104825,0.0036231859873710323,0.9275921229627763,False,True
2020-08-17,149535.6008543767,53818202.74790001,26909101.37395001,26909101.37395,427.12859323730163,4.0,4.0,8.0,4.0,0.5,0.05,0.05381820274790001,0.05381820274790001,0.05381820274790001,0.10763640549580002,0.0001495356008543767,2.1527281099160004e-05,5.381820274790001e-06,1.6145460824370002e-05,21527.28109916,4.2712859323730165e-07,0.0001441537805795867,0.0001280083197552167,0.0001280083197552167,0.0001275811911619794,1.4953560085437672,0.05381820274790001,0.16145460824370003,0.004271285932373016,1.2758119116197941,False,True
2020-08-18,-4384.1907962313835,21746491.225890502,10873245.612945253,10873245.612945251,431.6812582657976,4.0,4.0,8.0,4.0,0.5,0.05,0.021746491225890504,0.021746491225890504,0.021746491225890504,0.04349298245178101,-4.3841907962313835e-06,8.698596490356202e-06,2.1746491225890504e-06,6.523947367767151e-06,8698.596490356202,4.3168125826579764e-07,-6.5588399188204335e-06,-1.3082787286587584e-05,-1.3082787286587584e-05,-1.3514468544853382e-05,-0.04384190796231383,0.021746491225890504,0.06523947367767151,0.004316812582657976,-0.13514468544853384,False,True
2020-08-19,-192208.13355479823,66676340.9108,33338170.455399998,33338170.4554,529.177308815873,4.0,4.0,8.0,4.0,0.5,0.05,0.0666763409108,0.0666763409108,0.0666763409108,0.1333526818216,-0.00019220813355479824,2.6670536364320004e-05,6.667634091080001e-06,2.000290227324e-05,26670.536364320003,5.291773088158729e-07,-0.00019887576764587826,-0.00021887866991911827,-0.00021887866991911827,-0.00021940784722793415,-1.9220813355479824,0.0666763409108,0.2000290227324,0.005291773088158729,-2.1940784722793416,False,True
2020-08-20,-297720.7080767111,118052742.0502,59026371.02510001,59026371.02510001,1611.0542027793651,4.0,4.0,8.0,4.0,0.5,0.05,0.1180527420502,0.1180527420502,0.1180527420502,0.2361054841004,-0.0002977207080767111,4.722109682008e-05,1.180527420502e-05,3.541582261506e-05,47221.096820080005,1.6110542027793652e-06,-0.0003095259822817311,-0.0003449418048967911,-0.0003449418048967911,-0.0003465528590995705,-2.977207080767111,0.11805274205020001,0.3541582261506,0.01611054202779365,-3.4655285909957048,False,True
2020-08-21,1554432.1815477812,151380269.61290002,75690134.80645001,75690134.80645001,1201.430711213492,4.0,4.0,8.0,4.0,0.5,0.05,0.15138026961290002,0.15138026961290002,0.15138026961290002,0.30276053922580004,0.0015544321815477813,6.0552107845160013e-05,1.5138026961290003e-05,4.5414080883870005e-05,60552.10784516001,1.201430711213492e-06,0.0015392941545864913,0.0014938800737026212,0.0014938800737026212,0.0014926786429914076,15.544321815477813,0.15138026961290002,0.45414080883870006,0.012014307112134921,14.926786429914076,False,True
2020-08-24,221695.9662453958,65976860.69500001,32988430.347500004,32988430.347500004,523.6258785317461,4.0,4.0,8.0,4.0,0.5,0.05,0.06597686069500001,0.06597686069500001,0.06597686069500001,0.13195372139000003,0.0002216959662453958,2.6390744278000006e-05,6.5976860695000016e-06,1.9793058208500003e-05,26390.744278000006,5.236258785317461e-07,0.00021509828017589582,0.00019530522196739583,0.00019530522196739583,0.00019478159608886408,2.216959662453958,0.06597686069500001,0.19793058208500003,0.005236258785317461,1.9478159608886407,False,True
2020-08-25,901119.1729322938,123446451.25190002,61723225.62595,61723225.62595,979.7337400944446,4.0,4.0,8.0,4.0,0.5,0.05,0.12344645125190001,0.12344645125190001,0.12344645125190001,0.24689290250380003,0.0009011191729322938,4.937858050076001e-05,1.2344645125190003e-05,3.703393537557e-05,49378.580500760014,9.797337400944445e-07,0.0008887745278071038,0.0008517405924315339,0.0008517405924315339,0.0008507608586914395,9.011191729322938,0.12344645125190003,0.3703393537557,0.009797337400944446,8.507608586914394,False,True
2020-08-26,245578.89609196753,25618082.101775,12809041.050887499,12809041.0508875,275.2135011331349,4.0,4.0,8.0,4.0,0.5,0.05,0.025618082101775002,0.025618082101775002,0.025618082101775002,0.051236164203550004,0.00024557889609196754,1.0247232840710002e-05,2.5618082101775005e-06,7.6854246305325e-06,10247.232840710001,2.752135011331349e-07,0.00024301708788179003,0.00023533166325125752,0.00023533166325125752,0.00023505644975012438,2.4557889609196755,0.025618082101775005,0.076854246305325,0.0027521350113313492,2.3505644975012436,False,True
2020-08-27,797628.0282817493,58091778.100099996,29045889.050049998,29045889.05005,672.5472900039683,4.0,4.0,8.0,4.0,0.5,0.05,0.058091778100099994,0.058091778100099994,0.058091778100099994,0.11618355620019999,0.0007976280282817493,2.323671124004e-05,5.80917781001e-06,1.7427533430029997e-05,23236.71124004,6.725472900039683e-07,0.0007918188504717394,0.0007743913170417094,0.0007743913170417094,0.0007737187697517055,7.976280282817493,0.0580917781001,0.17427533430029996,0.006725472900039683,7.737187697517054,False,True
2020-08-28,-49245.60087397238,21340196.3949,10670098.19745,10670098.19745,169.36663805476192,4.0,4.0,8.0,4.0,0.5,0.05,0.0213401963949,0.0213401963949,0.0213401963949,0.0426803927898,-4.924560087397238e-05,8.53607855796e-06,2.13401963949e-06,6.4020589184699994e-06,8536.07855796,1.6936663805476192e-07,-5.137962051346238e-05,-5.778167943193238e-05,-5.778167943193238e-05,-5.795104606998714e-05,-0.4924560087397238,0.0213401963949,0.0640205891847,0.0016936663805476192,-0.5795104606998714,False,True
2020-08-31,569155.1686000699,55434693.88199101,27717346.940995503,27717346.9409955,439.9578879523096,4.0,4.0,8.0,4.0,0.5,0.05,0.05543469388199101,0.05543469388199101,0.05543469388199101,0.11086938776398202,0.0005691551686000699,2.2173877552796404e-05,5.543469388199101e-06,1.66304081645973e-05,22173.877552796403,4.399578879523096e-07,0.0005636116992118708,0.0005469812910472735,0.0005469812910472735,0.0005465413331593212,5.691551686000699,0.05543469388199101,0.166304081645973,0.004399578879523096,5.465413331593212,False,True
2020-09-01,79486.83114797057,60544330.040717505,30272165.020358752,30272165.020358752,684.1129536961707,4.0,4.0,8.0,4.0,0.5,0.05,0.060544330040717506,0.060544330040717506,0.060544330040717506,0.12108866008143501,7.948683114797058e-05,2.4217732016287005e-05,6.054433004071751e-06,1.8163299012215252e-05,24217.732016287006,6.841129536961707e-07,7.343239814389883e-05,5.526909913168358e-05,5.526909913168358e-05,5.458498617798741e-05,0.7948683114797057,0.06054433004071751,0.18163299012215253,0.0068411295369617065,0.545849861779874,False,True
2020-09-02,-625740.9804768503,37178713.160000004,18589356.580000002,18589356.580000002,295.0691520634921,4.0,4.0,8.0,4.0,0.5,0.05,0.03717871316,0.03717871316,0.03717871316,0.07435742632,-0.0006257409804768503,1.4871485264e-05,3.717871316e-06,1.1153613948e-05,14871.485264,2.950691520634921e-07,-0.0006294588517928503,-0.0006406124657408503,-0.0006406124657408503,-0.0006409075348929138,-6.2574098047685025,0.03717871316,0.11153613947999999,0.002950691520634921,-6.4090753489291385,False,True
2020-09-03,-229397.35460422616,19813584.148748502,9906792.074374251,9906792.074374251,192.38706475673413,4.0,4.0,8.0,4.0,0.5,0.05,0.019813584148748502,0.019813584148748502,0.019813584148748502,0.039627168297497004,-0.00022939735460422616,7.925433659499401e-06,1.9813584148748503e-06,5.94407524462455e-06,7925.433659499401,1.9238706475673413e-07,-0.000231378713019101,-0.00023732278826372555,-0.00023732278826372555,-0.00023751517532848227,-2.2939735460422614,0.019813584148748502,0.059440752446245505,0.0019238706475673414,-2.3751517532848228,False,True
2020-09-04,-2139430.5858414248,52284180.0518395,26142090.02591975,26142090.02591975,1273.0311283479325,4.0,4.0,8.0,4.0,0.5,0.05,0.0522841800518395,0.0522841800518395,0.0522841800518395,0.104568360103679,-0.0021394305858414247,2.09136720207358e-05,5.22841800518395e-06,1.5685254015551848e-05,20913.6720207358,1.2730311283479325e-06,-0.0021446590038466085,-0.0021603442578621602,-0.0021603442578621602,-0.0021616172889905084,-21.39430585841425,0.0522841800518395,0.15685254015551847,0.012730311283479324,-21.616172889905084,False,True
2020-09-08,1081337.6907365862,53931902.00625,26965951.003125004,26965951.003125,428.03096830357146,4.0,4.0,8.0,4.0,0.5,0.05000000000000001,0.053931902006250004,0.053931902006250004,0.053931902006250004,0.10786380401250001,0.0010813376907365861,2.1572760802500002e-05,5.3931902006250005e-06,1.6179570601875e-05,21572.7608025,4.2803096830357144e-07,0.001075944500535961,0.001059764929934086,0.001059764929934086,0.0010593368989657824,10.81337690736586,0.053931902006250004,0.16179570601874999,0.004280309683035714,10.593368989657824,False,True
2020-09-09,1152804.3655678756,81339334.2586,40669667.1293,40669667.1293,691.7485671317461,4.0,4.0,8.0,4.0,0.5,0.05,0.0813393342586,0.0813393342586,0.0813393342586,0.1626786685172,0.0011528043655678756,3.253573370344e-05,8.13393342586e-06,2.440180027758e-05,32535.733703440004,6.917485671317461e-07,0.0011446704321420155,0.0011202686318644356,0.0011202686318644356,0.0011195768832973037,11.528043655678756,0.0813393342586,0.2440180027758,0.006917485671317461,11.195768832973037,False,True
2020-09-10,207287.3412166461,29901560.577125,14950780.2885625,14950780.288562503,237.3139728343254,4.0,4.0,8.0,4.0,0.5,0.05000000000000001,0.029901560577125,0.029901560577125,0.029901560577125,0.05980312115425,0.0002072873412166461,1.1960624230850001e-05,2.9901560577125003e-06,8.9704681731375e-06,11960.62423085,2.373139728343254e-07,0.00020429718515893358,0.00019532671698579607,0.00019532671698579607,0.00019508940301296175,2.072873412166461,0.029901560577125005,0.089704681731375,0.002373139728343254,1.9508940301296176,False,True
2020-09-11,139841.6876698499,11729739.7625,5864869.88125,5864869.88125,157.71166636904763,4.0,4.0,8.0,4.0,0.5,0.05,0.0117297397625,0.0117297397625,0.0117297397625,0.023459479525,0.0001398416876698499,4.691895905000001e-06,1.1729739762500002e-06,3.5189219287499996e-06,4691.895905,1.5771166636904763e-07,0.0001386687136935999,0.0001351497917648499,0.0001351497917648499,0.00013499208009848086,1.3984168766984988,0.011729739762500002,0.0351892192875,0.0015771166636904764,1.3499208009848087,False,True
2020-09-14,786265.2199591678,79869187.56985,39934593.784925,39934593.784925,633.8824410305556,4.0,4.0,8.0,4.0,0.5,0.05,0.07986918756985,0.07986918756985,0.07986918756985,0.1597383751397,0.0007862652199591678,3.194767502794e-05,7.986918756985e-06,2.3960756270954997e-05,31947.675027940004,6.338824410305556e-07,0.0007782783012021829,0.0007543175449312279,0.0007543175449312279,0.0007536836624901974,7.862652199591678,0.07986918756985001,0.23960756270954997,0.006338824410305556,7.536836624901974,False,True
2020-09-15,-61207.63768098806,10260783.292725,5130391.6463625,5130391.6463625,169.22624518035718,4.0,4.0,8.0,4.0,0.5,0.05000000000000001,0.010260783292725001,0.010260783292725001,0.010260783292725001,0.020521566585450002,-6.120763768098806e-05,4.10431331709e-06,1.0260783292725e-06,3.0782349878175003e-06,4104.31331709,1.692262451803572e-07,-6.223371601026056e-05,-6.531195099807806e-05,-6.531195099807806e-05,-6.54811772432584e-05,-0.6120763768098806,0.010260783292725001,0.030782349878175002,0.001692262451803572,-0.654811772432584,False,True
2020-09-16,-392414.73712777905,31474798.436650004,15737399.218325002,15737399.218325002,249.79998759246038,4.0,4.0,8.0,4.0,0.5,0.05,0.031474798436650006,0.031474798436650006,0.031474798436650006,0.06294959687330001,-0.00039241473712777906,1.2589919374660003e-05,3.1474798436650007e-06,9.442439530995002e-06,12589.919374660003,2.497999875924604e-07,-0.0003955622169714441,-0.0004050046565024391,-0.0004050046565024391,-0.00040525445649003156,-3.924147371277791,0.031474798436650006,0.09442439530995002,0.002497999875924604,-4.052544564900316,False,True
2020-09-17,70940.04521677228,24245685.69215,12122842.846075002,12122842.846075,300.7296204138889,4.0,4.0,8.0,4.0,0.5,0.05,0.02424568569215,0.02424568569215,0.02424568569215,0.0484913713843,7.094004521677228e-05,9.69827427686e-06,2.424568569215e-06,7.2737057076449995e-06,9698.27427686,3.007296204138889e-07,6.851547664755728e-05,6.124177093991228e-05,6.124177093991228e-05,6.094104131949839e-05,0.7094004521677229,0.02424568569215,0.07273705707644999,0.003007296204138889,0.6094104131949839,False,True
2020-09-18,141869.08290667477,15771618.991100002,7885809.495550001,7885809.495550001,234.12288675476194,4.0,4.0,8.0,4.0,0.5,0.05,0.015771618991100002,0.015771618991100002,0.015771618991100002,0.031543237982200004,0.00014186908290667478,6.308647596440001e-06,1.5771618991100002e-06,4.73148569733e-06,6308.647596440001,2.3412288675476194e-07,0.00014029192100756477,0.00013556043531023478,0.00013556043531023478,0.00013532631242348003,1.4186908290667477,0.015771618991100002,0.047314856973300005,0.0023412288675476196,1.3532631242348003,False,True
2020-09-21,-274398.4016380155,60762123.29475,30381061.647375,30381061.647375,534.6123410694445,4.0,4.0,8.0,4.0,0.5,0.05,0.060762123294749996,0.060762123294749996,0.060762123294749996,0.12152424658949999,-0.0002743984016380155,2.43048493179e-05,6.076212329475e-06,1.8228636988424998e-05,24304.8493179,5.346123410694444e-07,-0.0002804746139674905,-0.00029870325095591554,-0.00029870325095591554,-0.000299237863296985,-2.743984016380155,0.060762123294749996,0.18228636988424998,0.005346123410694444,-2.99237863296985,False,True
2020-09-22,-613313.1761477774,135137504.96500003,67568752.48250003,67568752.48250002,1135.3258071825398,4.0,4.0,8.0,4.0,0.5,0.05000000000000001,0.13513750496500004,0.13513750496500004,0.13513750496500004,0.2702750099300001,-0.0006133131761477773,5.405500198600002e-05,1.3513750496500004e-05,4.054125148950001e-05,54055.00198600002,1.13532580718254e-06,-0.0006268269266442773,-0.0006673681781337773,-0.0006673681781337773,-0.0006685035039409598,-6.133131761477774,0.13513750496500004,0.40541251489500013,0.0113532580718254,-6.685035039409598,False,True
2020-09-23,-897268.7922306583,107258011.4437,53629005.72185,53629005.72185,915.3080605055557,4.0,4.0,8.0,4.0,0.5,0.05,0.1072580114437,0.1072580114437,0.1072580114437,0.2145160228874,-0.0008972687922306584,4.290320457748e-05,1.072580114437e-05,3.217740343310999e-05,42903.204577480006,9.153080605055557e-07,-0.0009079945933750283,-0.0009401719968081384,-0.0009401719968081384,-0.000941087304868644,-8.972687922306584,0.10725801144370001,0.3217740343310999,0.009153080605055557,-9.41087304868644,False,True
2020-09-24,667918.2347113092,121671682.053,60835841.0265,60835841.026499994,2156.316544547619,4.0,4.0,8.0,4.0,0.5,0.05,0.121671682053,0.121671682053,0.121671682053,0.243343364106,0.0006679182347113092,4.86686728212e-05,1.21671682053e-05,3.65015046159e-05,48668.6728212,2.156316544547619e-06,0.0006557510665060091,0.0006192495618901091,0.0006192495618901091,0.0006170932453455614,6.679182347113092,0.12167168205300001,0.365015046159,0.02156316544547619,6.170932453455615,False,True
2020-09-25,1138035.3480082757,138895604.735,69447802.36749999,69447802.3675,1102.346069325397,4.0,4.0,8.0,4.0,0.5,0.05,0.138895604735,0.138895604735,0.138895604735,0.27779120947,0.0011380353480082758,5.555824189400001e-05,1.3889560473500002e-05,4.16686814205e-05,55558.241894000006,1.102346069325397e-06,0.0011241457875347757,0.0010824771061142757,0.0010824771061142757,0.0010813747600449503,11.380353480082757,0.138895604735,0.416686814205,0.01102346069325397,10.813747600449503,False,True
2020-09-28,-212673.46023306623,46760683.80500001,23380341.902500004,23380341.902500004,371.1165381349207,4.0,4.0,8.0,4.0,0.5,0.05,0.04676068380500001,0.04676068380500001,0.04676068380500001,0.09352136761000002,-0.00021267346023306623,1.8704273522000004e-05,4.676068380500001e-06,1.40282051415e-05,18704.273522000003,3.711165381349207e-07,-0.00021734952861356623,-0.00023137773375506623,-0.00023137773375506623,-0.00023174885029320116,-2.126734602330662,0.04676068380500001,0.140282051415,0.0037111653813492068,-2.3174885029320116,False,True
2020-09-29,-80560.78749202083,36514247.80320001,18257123.901600003,18257123.901600003,289.79561748571433,4.0,4.0,8.0,4.0,0.5,0.05,0.036514247803200006,0.036514247803200006,0.036514247803200006,0.07302849560640001,-8.056078749202083e-05,1.4605699121280004e-05,3.651424780320001e-06,1.0954274340960001e-05,14605.699121280004,2.897956174857143e-07,-8.421221227234083e-05,-9.516648661330083e-05,-9.516648661330083e-05,-9.545628223078654e-05,-0.8056078749202082,0.03651424780320001,0.1095427434096,0.0028979561748571432,-0.9545628223078654,False,True
2020-09-30,451306.49649565364,49407219.065,24703609.5325,24703609.532500003,1348.1236598809523,4.0,4.0,8.0,4.0,0.5,0.05000000000000001,0.049407219065,0.049407219065,0.049407219065,0.09881443813,0.0004513064964956536,1.9762887626000002e-05,4.940721906500001e-06,1.4822165719499998e-05,19762.887626000003,1.3481236598809524e-06,0.0004463657745891536,0.00043154360886965364,0.00043154360886965364,0.00043019548520977267,4.513064964956536,0.04940721906500001,0.148221657195,0.013481236598809523,4.301954852097727,False,True
2020-10-01,-796693.8368935664,45550583.4435165,22775291.72175825,22775291.72175825,443.9771048366389,4.0,4.0,8.0,4.0,0.5,0.05,0.0455505834435165,0.0455505834435165,0.0455505834435165,0.091101166887033,-0.0007966938368935664,1.82202333774066e-05,4.55505834435165e-06,1.3665175033054948e-05,18220.233377406603,4.439771048366389e-07,-0.000801248895237918,-0.000814914070270973,-0.000814914070270973,-0.0008153580473758096,-7.966938368935664,0.0455505834435165,0.1366517503305495,0.004439771048366389,-8.153580473758096,False,True
2020-10-02,327195.2537402289,43992790.910000004,21996395.455,21996395.455000002,349.14913420634923,4.0,4.0,8.0,4.0,0.5,0.05,0.04399279091,0.04399279091,0.04399279091,0.08798558182,0.0003271952537402289,1.7597116364000004e-05,4.399279091000001e-06,1.3197837273e-05,17597.116364000005,3.4914913420634925e-07,0.00032279597464922885,0.00030959813737622884,0.00030959813737622884,0.0003092489882420225,3.2719525374022886,0.04399279091000001,0.13197837273,0.0034914913420634923,3.092489882420225,False,True
2020-10-05,21953.491293614577,46180727.1998,23090363.5999,23090363.5999,366.51370793492066,4.0,4.0,8.0,4.0,0.5,0.05,0.0461807271998,0.0461807271998,0.0461807271998,0.0923614543996,2.1953491293614577e-05,1.847229087992e-05,4.61807271998e-06,1.385421815994e-05,18472.29087992,3.665137079349207e-07,1.7335418573634577e-05,3.4812004136945775e-06,3.4812004136945775e-06,3.114686705759657e-06,0.21953491293614577,0.0461807271998,0.1385421815994,0.0036651370793492066,0.031146867057596568,False,True
2020-10-06,0.0,0.0,0.0,0.0,0.0,0.0,0.0,0.0,0.0,0.0,0.0,0.0,0.0,0.0,0.0,0.0,0.0,0.0,0.0,0.0,0.0,0.0,0.0,0.0,0.0,0.0,0.0,0.0,0.0,0.0,False,False
2020-10-07,563137.018732094,55786508.152913,27893254.076456495,27893254.0764565,442.75006470565876,4.0,4.0,8.0,4.0,0.5,0.05,0.05578650815291299,0.05578650815291299,0.05578650815291299,0.11157301630582599,0.000563137018732094,2.2314603261165197e-05,5.578650815291299e-06,1.6735952445873897e-05,22314.603261165197,4.4275006470565874e-07,0.0005575583679168027,0.0005408224154709288,0.0005408224154709288,0.0005403796654062231,5.6313701873209405,0.05578650815291299,0.16735952445873897,0.004427500647056587,5.403796654062231,False,True
2020-10-08,-65718.52184247354,65608338.81860001,32804169.409300003,32804169.409300003,520.7011017349207,4.0,4.0,8.0,4.0,0.5,0.05,0.06560833881860001,0.06560833881860001,0.06560833881860001,0.13121667763720002,-6.571852184247354e-05,2.6243335527440005e-05,6.560833881860001e-06,1.968250164558e-05,26243.335527440006,5.207011017349207e-07,-7.227935572433354e-05,-9.196185736991353e-05,-9.196185736991353e-05,-9.248255847164846e-05,-0.6571852184247354,0.06560833881860001,0.1968250164558,0.005207011017349207,-0.9248255847164846,False,True
2020-10-09,288923.0952056716,40325533.949825004,20162766.974912502,20162766.974912502,320.0439202367064,4.0,4.0,8.0,4.0,0.5,0.05,0.04032553394982501,0.04032553394982501,0.04032553394982501,0.08065106789965001,0.00028892309520567165,1.6130213579930004e-05,4.032553394982501e-06,1.2097660184947501e-05,16130.213579930003,3.200439202367064e-07,0.00028489054181068913,0.00027279288162574165,0.00027279288162574165,0.00027247283770550496,2.8892309520567165,0.04032553394982501,0.12097660184947501,0.003200439202367064,2.7247283770550497,False,True
2020-10-12,0.0,0.0,0.0,0.0,0.0,0.0,0.0,0.0,0.0,0.0,0.0,0.0,0.0,0.0,0.0,0.0,0.0,0.0,0.0,0.0,0.0,0.0,0.0,0.0,0.0,0.0,0.0,0.0,0.0,0.0,False,False
2020-10-13,39093.68990394008,13563890.3372,6781945.1685999995,6781945.1686,107.64992331111111,4.0,4.0,8.0,4.0,0.5,0.05,0.013563890337200001,0.013563890337200001,0.013563890337200001,0.027127780674400002,3.909368990394008e-05,5.425556134880001e-06,1.3563890337200002e-06,4.06916710116e-06,5425.556134880001,1.0764992331111111e-07,3.773730087022008e-05,3.366813376906008e-05,3.366813376906008e-05,3.356048384574897e-05,0.3909368990394008,0.013563890337200003,0.040691671011600004,0.0010764992331111112,0.33560483845748973,False,True
2020-10-14,-74503.66996813682,15622573.04,7811286.52,7811286.5200000005,234.6030607936508,4.0,4.0,8.0,4.0,0.5,0.05,0.015622573039999999,0.015622573039999999,0.015622573039999999,0.031245146079999998,-7.450366996813682e-05,6.249029216e-06,1.562257304e-06,4.6867719119999995e-06,6249.029216,2.346030607936508e-07,-7.606592727213683e-05,-8.075269918413682e-05,-8.075269918413682e-05,-8.098730224493047e-05,-0.7450366996813682,0.01562257304,0.04686771912,0.002346030607936508,-0.8098730224493047,False,True
2020-10-15,576486.3998894054,404208947.584762,202104473.792381,202104473.79238102,3268.514652101286,4.0,4.0,8.0,4.0,0.5,0.05,0.404208947584762,0.404208947584762,0.404208947584762,0.808417895169524,0.0005764863998894053,0.0001616835790339048,4.04208947584762e-05,0.00012126268427542859,161683.57903390483,3.268514652101286e-06,0.0005360655051309291,0.0004148028208555005,0.0004148028208555005,0.00041153430620339925,5.764863998894053,0.40420894758476206,1.212626842754286,0.03268514652101286,4.115343062033992,False,True
2020-10-16,1737089.5682447318,418778539.805,209389269.9025,209389269.9025,4111.4732016269845,4.0,4.0,8.0,4.0,0.5,0.05,0.418778539805,0.418778539805,0.418778539805,0.83755707961,0.0017370895682447317,0.000167511415922,4.18778539805e-05,0.0001256335619415,167511.41592200001,4.111473201626985e-06,0.0016952117142642316,0.0015695781523227315,0.0015695781523227315,0.0015654666791211046,17.370895682447316,0.418778539805,1.256335619415,0.04111473201626985,15.654666791211046,False,True
2020-10-19,-51506.93536056433,101987749.49966751,50993874.74983375,50993874.749833755,809.4265833306945,4.0,4.0,8.0,4.0,0.5,0.05,0.1019877494996675,0.1019877494996675,0.1019877494996675,0.203975498999335,-5.150693536056432e-05,4.0795099799867004e-05,1.0198774949966751e-05,3.059632484990025e-05,40795.09979986701,8.094265833306945e-07,-6.170571031053108e-05,-9.230203516043133e-05,-9.230203516043133e-05,-9.311146174376202e-05,-0.5150693536056432,0.1019877494996675,0.3059632484990025,0.008094265833306944,-0.9311146174376203,False,True
2020-10-20,0.0,0.0,0.0,0.0,0.0,0.0,0.0,0.0,0.0,0.0,0.0,0.0,0.0,0.0,0.0,0.0,0.0,0.0,0.0,0.0,0.0,0.0,0.0,0.0,0.0,0.0,0.0,0.0,0.0,0.0,False,False
2020-10-21,0.0,0.0,0.0,0.0,0.0,0.0,0.0,0.0,0.0,0.0,0.0,0.0,0.0,0.0,0.0,0.0,0.0,0.0,0.0,0.0,0.0,0.0,0.0,0.0,0.0,0.0,0.0,0.0,0.0,0.0,False,False
2020-10-22,0.0,0.0,0.0,0.0,0.0,0.0,0.0,0.0,0.0,0.0,0.0,0.0,0.0,0.0,0.0,0.0,0.0,0.0,0.0,0.0,0.0,0.0,0.0,0.0,0.0,0.0,0.0,0.0,0.0,0.0,False,False
2020-10-23,0.0,0.0,0.0,0.0,0.0,0.0,0.0,0.0,0.0,0.0,0.0,0.0,0.0,0.0,0.0,0.0,0.0,0.0,0.0,0.0,0.0,0.0,0.0,0.0,0.0,0.0,0.0,0.0,0.0,0.0,False,False
2020-10-26,287.17350211764824,8447078.85695,4223539.428475001,4223539.428475,222.04166632500002,4.0,4.0,8.0,4.0,0.5,0.05,0.00844707885695,0.00844707885695,0.00844707885695,0.0168941577139,2.8717350211764827e-07,3.3788315427800005e-06,8.447078856950001e-07,2.534123657085e-06,3378.8315427800003,2.2204166632500003e-07,-5.575343835773519e-07,-3.0916580406623516e-06,-3.0916580406623516e-06,-3.3136997069873517e-06,0.0028717350211764827,0.00844707885695,0.02534123657085,0.0022204166632500003,-0.03313699706987352,False,True
2020-10-27,-292459.0397243169,28446934.429950003,14223467.214975001,14223467.214975001,225.76932087261906,3.0,3.0,6.0,3.0,0.5,0.05,0.028446934429950003,0.028446934429950003,0.028446934429950003,0.056893868859900006,-0.0002924590397243169,1.1378773771980002e-05,2.8446934429950005e-06,8.534080328985e-06,11378.773771980002,2.2576932087261907e-07,-0.00029530373316731187,-0.00030383781349629685,-0.00030383781349629685,-0.00030406358281716945,-2.924590397243169,0.028446934429950006,0.08534080328985,0.0022576932087261907,-3.0406358281716943,False,True
2020-10-28,0.0,0.0,0.0,0.0,0.0,0.0,0.0,0.0,0.0,0.0,0.0,0.0,0.0,0.0,0.0,0.0,0.0,0.0,0.0,0.0,0.0,0.0,0.0,0.0,0.0,0.0,0.0,0.0,0.0,0.0,False,False
2020-10-29,0.0,0.0,0.0,0.0,0.0,0.0,0.0,0.0,0.0,0.0,0.0,0.0,0.0,0.0,0.0,0.0,0.0,0.0,0.0,0.0,0.0,0.0,0.0,0.0,0.0,0.0,0.0,0.0,0.0,0.0,False,False
2020-10-30,0.0,0.0,0.0,0.0,0.0,0.0,0.0,0.0,0.0,0.0,0.0,0.0,0.0,0.0,0.0,0.0,0.0,0.0,0.0,0.0,0.0,0.0,0.0,0.0,0.0,0.0,0.0,0.0,0.0,0.0,False,False
2020-11-02,-432753.0584066279,95556066.7322,47778033.3661,47778033.3661,758.3814820015873,4.0,4.0,8.0,4.0,0.5,0.05,0.09555606673219999,0.09555606673219999,0.09555606673219999,0.19111213346439998,-0.0004327530584066279,3.822242669288e-05,9.55560667322e-06,2.8666820019659993e-05,38222.42669288,7.583814820015873e-07,-0.0004423086650798479,-0.00047097548509950787,-0.00047097548509950787,-0.00047173386658150946,-4.327530584066279,0.09555606673219999,0.28666820019659994,0.007583814820015873,-4.717338665815094,False,True
2020-11-03,0.0,0.0,0.0,0.0,0.0,0.0,0.0,0.0,0.0,0.0,0.0,0.0,0.0,0.0,0.0,0.0,0.0,0.0,0.0,0.0,0.0,0.0,0.0,0.0,0.0,0.0,0.0,0.0,0.0,0.0,False,False
2020-11-04,0.0,0.0,0.0,0.0,0.0,0.0,0.0,0.0,0.0,0.0,0.0,0.0,0.0,0.0,0.0,0.0,0.0,0.0,0.0,0.0,0.0,0.0,0.0,0.0,0.0,0.0,0.0,0.0,0.0,0.0,False,False
2020-11-05,0.0,0.0,0.0,0.0,0.0,0.0,0.0,0.0,0.0,0.0,0.0,0.0,0.0,0.0,0.0,0.0,0.0,0.0,0.0,0.0,0.0,0.0,0.0,0.0,0.0,0.0,0.0,0.0,0.0,0.0,False,False
2020-11-06,0.0,0.0,0.0,0.0,0.0,0.0,0.0,0.0,0.0,0.0,0.0,0.0,0.0,0.0,0.0,0.0,0.0,0.0,0.0,0.0,0.0,0.0,0.0,0.0,0.0,0.0,0.0,0.0,0.0,0.0,False,False
2020-11-09,0.0,0.0,0.0,0.0,0.0,0.0,0.0,0.0,0.0,0.0,0.0,0.0,0.0,0.0,0.0,0.0,0.0,0.0,0.0,0.0,0.0,0.0,0.0,0.0,0.0,0.0,0.0,0.0,0.0,0.0,False,False
2020-11-10,0.0,0.0,0.0,0.0,0.0,0.0,0.0,0.0,0.0,0.0,0.0,0.0,0.0,0.0,0.0,0.0,0.0,0.0,0.0,0.0,0.0,0.0,0.0,0.0,0.0,0.0,0.0,0.0,0.0,0.0,False,False
2020-11-11,267942.61454374174,62619618.14315,31309809.071575005,31309809.071575,600.3398228234128,4.0,4.0,8.0,4.0,0.5,0.05,0.06261961814315001,0.06261961814315001,0.06261961814315001,0.12523923628630002,0.00026794261454374176,2.5047847257260003e-05,6.261961814315001e-06,1.8785885442945002e-05,25047.847257260004,6.003398228234127e-07,0.00026168065272942674,0.00024289476728648176,0.00024289476728648176,0.00024229442746365835,2.6794261454374175,0.06261961814315001,0.18785885442945002,0.006003398228234127,2.4229442746365835,False,True
2020-11-12,0.0,0.0,0.0,0.0,0.0,0.0,0.0,0.0,0.0,0.0,0.0,0.0,0.0,0.0,0.0,0.0,0.0,0.0,0.0,0.0,0.0,0.0,0.0,0.0,0.0,0.0,0.0,0.0,0.0,0.0,False,False
2020-11-13,0.0,0.0,0.0,0.0,0.0,0.0,0.0,0.0,0.0,0.0,0.0,0.0,0.0,0.0,0.0,0.0,0.0,0.0,0.0,0.0,0.0,0.0,0.0,0.0,0.0,0.0,0.0,0.0,0.0,0.0,False,False
2020-11-16,0.0,0.0,0.0,0.0,0.0,0.0,0.0,0.0,0.0,0.0,0.0,0.0,0.0,0.0,0.0,0.0,0.0,0.0,0.0,0.0,0.0,0.0,0.0,0.0,0.0,0.0,0.0,0.0,0.0,0.0,False,False
2020-11-17,0.0,0.0,0.0,0.0,0.0,0.0,0.0,0.0,0.0,0.0,0.0,0.0,0.0,0.0,0.0,0.0,0.0,0.0,0.0,0.0,0.0,0.0,0.0,0.0,0.0,0.0,0.0,0.0,0.0,0.0,False,False
2020-11-18,0.0,0.0,0.0,0.0,0.0,0.0,0.0,0.0,0.0,0.0,0.0,0.0,0.0,0.0,0.0,0.0,0.0,0.0,0.0,0.0,0.0,0.0,0.0,0.0,0.0,0.0,0.0,0.0,0.0,0.0,False,False
2020-11-19,0.0,0.0,0.0,0.0,0.0,0.0,0.0,0.0,0.0,0.0,0.0,0.0,0.0,0.0,0.0,0.0,0.0,0.0,0.0,0.0,0.0,0.0,0.0,0.0,0.0,0.0,0.0,0.0,0.0,0.0,False,False
2020-11-20,0.0,0.0,0.0,0.0,0.0,0.0,0.0,0.0,0.0,0.0,0.0,0.0,0.0,0.0,0.0,0.0,0.0,0.0,0.0,0.0,0.0,0.0,0.0,0.0,0.0,0.0,0.0,0.0,0.0,0.0,False,False
2020-11-23,0.0,0.0,0.0,0.0,0.0,0.0,0.0,0.0,0.0,0.0,0.0,0.0,0.0,0.0,0.0,0.0,0.0,0.0,0.0,0.0,0.0,0.0,0.0,0.0,0.0,0.0,0.0,0.0,0.0,0.0,False,False
2020-11-24,0.0,0.0,0.0,0.0,0.0,0.0,0.0,0.0,0.0,0.0,0.0,0.0,0.0,0.0,0.0,0.0,0.0,0.0,0.0,0.0,0.0,0.0,0.0,0.0,0.0,0.0,0.0,0.0,0.0,0.0,False,False
2020-11-25,0.0,0.0,0.0,0.0,0.0,0.0,0.0,0.0,0.0,0.0,0.0,0.0,0.0,0.0,0.0,0.0,0.0,0.0,0.0,0.0,0.0,0.0,0.0,0.0,0.0,0.0,0.0,0.0,0.0,0.0,False,False
2020-11-27,0.0,0.0,0.0,0.0,0.0,0.0,0.0,0.0,0.0,0.0,0.0,0.0,0.0,0.0,0.0,0.0,0.0,0.0,0.0,0.0,0.0,0.0,0.0,0.0,0.0,0.0,0.0,0.0,0.0,0.0,False,False
2020-11-30,0.0,0.0,0.0,0.0,0.0,0.0,0.0,0.0,0.0,0.0,0.0,0.0,0.0,0.0,0.0,0.0,0.0,0.0,0.0,0.0,0.0,0.0,0.0,0.0,0.0,0.0,0.0,0.0,0.0,0.0,False,False
2020-12-01,-964339.29644564,61793346.384325,30896673.192162495,30896673.1921625,490.4233840025794,4.0,4.0,8.0,4.0,0.5,0.05,0.061793346384324994,0.061793346384324994,0.061793346384324994,0.12358669276864999,-0.00096433929644564,2.471733855373e-05,6.1793346384325e-06,1.8538003915297497e-05,24717.338553730002,4.904233840025793e-07,-0.0009705186310840724,-0.00098905663499937,-0.00098905663499937,-0.0009895470583833727,-9.6433929644564,0.061793346384325,0.18538003915297496,0.004904233840025794,-9.895470583833728,False,True
2020-12-02,1226018.0590318416,125158265.57768753,62579132.78884377,62579132.78884376,993.319568076885,4.0,4.0,8.0,4.0,0.5,0.05,0.12515826557768753,0.12515826557768753,0.12515826557768753,0.25031653115537505,0.0012260180590318416,5.0063306231075015e-05,1.2515826557768754e-05,3.7547479673306254e-05,50063.30623107502,9.93319568076885e-07,0.001213502232474073,0.0011759547528007667,0.0011759547528007667,0.0011749614332326897,12.260180590318416,0.12515826557768753,0.37547479673306255,0.009933195680768852,11.749614332326898,False,True
2020-12-03,0.0,0.0,0.0,0.0,0.0,0.0,0.0,0.0,0.0,0.0,0.0,0.0,0.0,0.0,0.0,0.0,0.0,0.0,0.0,0.0,0.0,0.0,0.0,0.0,0.0,0.0,0.0,0.0,0.0,0.0,False,False
2020-12-04,0.0,0.0,0.0,0.0,0.0,0.0,0.0,0.0,0.0,0.0,0.0,0.0,0.0,0.0,0.0,0.0,0.0,0.0,0.0,0.0,0.0,0.0,0.0,0.0,0.0,0.0,0.0,0.0,0.0,0.0,False,False
2020-12-07,0.0,0.0,0.0,0.0,0.0,0.0,0.0,0.0,0.0,0.0,0.0,0.0,0.0,0.0,0.0,0.0,0.0,0.0,0.0,0.0,0.0,0.0,0.0,0.0,0.0,0.0,0.0,0.0,0.0,0.0,False,False
2020-12-08,0.0,0.0,0.0,0.0,0.0,0.0,0.0,0.0,0.0,0.0,0.0,0.0,0.0,0.0,0.0,0.0,0.0,0.0,0.0,0.0,0.0,0.0,0.0,0.0,0.0,0.0,0.0,0.0,0.0,0.0,False,False
2020-12-09,0.0,0.0,0.0,0.0,0.0,0.0,0.0,0.0,0.0,0.0,0.0,0.0,0.0,0.0,0.0,0.0,0.0,0.0,0.0,0.0,0.0,0.0,0.0,0.0,0.0,0.0,0.0,0.0,0.0,0.0,False,False
2020-12-10,579600.7743436453,135950917.72500002,67975458.86250001,67975458.86250001,1078.9755375000002,4.0,4.0,8.0,4.0,0.5,0.05,0.13595091772500004,0.13595091772500004,0.13595091772500004,0.2719018354500001,0.0005796007743436453,5.438036709000002e-05,1.3595091772500004e-05,4.078527531750001e-05,54380.367090000014,1.0789755375000002e-06,0.0005660056825711453,0.0005252204072536453,0.0005252204072536453,0.0005241414317161452,5.796007743436453,0.13595091772500004,0.4078527531750001,0.010789755375000001,5.2414143171614525,False,True
2020-12-11,0.0,0.0,0.0,0.0,0.0,0.0,0.0,0.0,0.0,0.0,0.0,0.0,0.0,0.0,0.0,0.0,0.0,0.0,0.0,0.0,0.0,0.0,0.0,0.0,0.0,0.0,0.0,0.0,0.0,0.0,False,False
2020-12-14,748618.9974718841,165536021.18241307,82768010.59120654,82768010.59120652,1313.777945892167,4.0,4.0,8.0,4.0,0.5,0.05,0.16553602118241306,0.16553602118241306,0.16553602118241306,0.3310720423648261,0.0007486189974718841,6.621440847296522e-05,1.6553602118241306e-05,4.9660806354723914e-05,66214.40847296522,1.313777945892167e-06,0.0007320653953536428,0.0006824045889989188,0.0006824045889989188,0.0006810908110530267,7.486189974718841,0.16553602118241306,0.49660806354723913,0.01313777945892167,6.810908110530267,False,True
2020-12-15,-140561.2910697743,16077326.538100002,8038663.269050001,8038663.26905,193.1116778611111,4.0,4.0,8.0,4.0,0.5,0.05,0.0160773265381,0.0160773265381,0.0160773265381,0.0321546530762,-0.0001405612910697743,6.430930615240001e-06,1.6077326538100003e-06,4.82319796143e-06,6430.930615240001,1.931116778611111e-07,-0.0001421690237235843,-0.00014699222168501432,-0.00014699222168501432,-0.00014718533336287543,-1.405612910697743,0.0160773265381,0.0482319796143,0.001931116778611111,-1.4718533336287543,False,True
2020-12-16,74096.63197758004,29176590.680000003,14588295.340000002,14588295.340000002,231.56024349206353,4.0,4.0,8.0,4.0,0.5,0.05000000000000001,0.029176590680000003,0.029176590680000003,0.029176590680000003,0.058353181360000006,7.409663197758004e-05,1.1670636272000003e-05,2.9176590680000006e-06,8.752977204e-06,11670.636272000003,2.3156024349206354e-07,7.117897290958004e-05,6.242599570558004e-05,6.242599570558004e-05,6.219443546208797e-05,0.7409663197758004,0.029176590680000006,0.08752977204000001,0.0023156024349206355,0.6219443546208797,False,True
2020-12-17,0.0,0.0,0.0,0.0,0.0,0.0,0.0,0.0,0.0,0.0,0.0,0.0,0.0,0.0,0.0,0.0,0.0,0.0,0.0,0.0,0.0,0.0,0.0,0.0,0.0,0.0,0.0,0.0,0.0,0.0,False,False
2020-12-18,-258807.62011923583,14147100.06975,7073550.034875,7073550.034875001,112.27857198214286,4.0,4.0,8.0,4.0,0.5,0.05000000000000001,0.01414710006975,0.01414710006975,0.01414710006975,0.0282942001395,-0.0002588076201192358,5.6588400279e-06,1.414710006975e-06,4.244130020925e-06,5658.8400279,1.1227857198214287e-07,-0.0002602223301262108,-0.0002644664601471358,-0.0002644664601471358,-0.00026457873871911795,-2.588076201192358,0.01414710006975,0.042441300209249994,0.0011227857198214287,-2.6457873871911795,False,True
2020-12-21,0.0,0.0,0.0,0.0,0.0,0.0,0.0,0.0,0.0,0.0,0.0,0.0,0.0,0.0,0.0,0.0,0.0,0.0,0.0,0.0,0.0,0.0,0.0,0.0,0.0,0.0,0.0,0.0,0.0,0.0,False,False
2020-12-22,0.0,0.0,0.0,0.0,0.0,0.0,0.0,0.0,0.0,0.0,0.0,0.0,0.0,0.0,0.0,0.0,0.0,0.0,0.0,0.0,0.0,0.0,0.0,0.0,0.0,0.0,0.0,0.0,0.0,0.0,False,False
2020-12-23,-54036.45169293485,10900849.64825,5450424.824125001,5450424.824125,86.51467974801588,4.0,4.0,8.0,4.0,0.5,0.05000000000000001,0.010900849648250001,0.010900849648250001,0.010900849648250001,0.021801699296500002,-5.403645169293485e-05,4.360339859300001e-06,1.0900849648250002e-06,3.270254894475e-06,4360.339859300001,8.651467974801589e-08,-5.512653665775985e-05,-5.839679155223485e-05,-5.839679155223485e-05,-5.848330623198287e-05,-0.5403645169293485,0.010900849648250001,0.03270254894475,0.0008651467974801589,-0.5848330623198287,False,True
2020-12-24,0.0,0.0,0.0,0.0,0.0,0.0,0.0,0.0,0.0,0.0,0.0,0.0,0.0,0.0,0.0,0.0,0.0,0.0,0.0,0.0,0.0,0.0,0.0,0.0,0.0,0.0,0.0,0.0,0.0,0.0,False,False
2020-12-28,-860424.2215247047,139791880.940598,69895940.470299,69895940.470299,1161.8141634269687,4.0,4.0,8.0,4.0,0.5,0.05,0.13979188094059802,0.13979188094059802,0.13979188094059802,0.27958376188119605,-0.0008604242215247048,5.591675237623921e-05,1.3979188094059802e-05,4.19375642821794e-05,55916.75237623921,1.1618141634269686e-06,-0.0008744034096187645,-0.0009163409739009439,-0.0009163409739009439,-0.0009175027880643709,-8.604242215247048,0.13979188094059802,0.419375642821794,0.011618141634269686,-9.175027880643709,False,True
2020-12-29,642284.5112374696,141938096.10916,70969048.05458002,70969048.05458,1126.4928262631747,4.0,4.0,8.0,4.0,0.5,0.05,0.14193809610916,0.14193809610916,0.14193809610916,0.28387619221832,0.0006422845112374696,5.6775238443664e-05,1.4193809610916e-05,4.2581428832747996e-05,56775.238443664,1.1264928262631748e-06,0.0006280907016265536,0.0005855092727938056,0.0005855092727938056,0.0005843827799675424,6.422845112374696,0.14193809610916,0.42581428832748,0.011264928262631748,5.843827799675424,False,True
2020-12-30,0.0,0.0,0.0,0.0,0.0,0.0,0.0,0.0,0.0,0.0,0.0,0.0,0.0,0.0,0.0,0.0,0.0,0.0,0.0,0.0,0.0,0.0,0.0,0.0,0.0,0.0,0.0,0.0,0.0,0.0,False,False
2020-12-31,266123.43493493675,35785603.391550004,17892801.695775002,17892801.695775002,284.0127253297619,4.0,4.0,8.0,4.0,0.5,0.05,0.03578560339155001,0.03578560339155001,0.03578560339155001,0.07157120678310001,0.00026612343493493675,1.4314241356620003e-05,3.578560339155001e-06,1.0735681017465e-05,14314.241356620003,2.840127253297619e-07,0.00026254487459578173,0.0002518091935783167,0.0002518091935783167,0.00025152518085298694,2.6612343493493675,0.03578560339155001,0.10735681017465,0.002840127253297619,2.5152518085298694,False,True
2021-01-04,-1410438.5704067135,457292402.21500003,228646201.10750005,228646201.10750002,3629.3047794841273,4.0,4.0,8.0,4.0,0.5,0.05,0.45729240221500006,0.45729240221500006,0.45729240221500006,0.9145848044300001,-0.0014104385704067136,0.00018291696088600004,4.572924022150001e-05,0.0001371877206645,182916.96088600004,3.6293047794841274e-06,-0.0014561678106282136,-0.0015933555312927137,-0.0015933555312927137,-0.0015969848360721979,-14.104385704067136,0.45729240221500006,1.3718772066450002,0.03629304779484127,-15.96984836072198,False,True
2021-01-05,407698.80389045784,184237768.41765004,92118884.20882502,92118884.20882502,1462.2045112511908,4.0,4.0,8.0,4.0,0.5,0.05000000000000001,0.18423776841765005,0.18423776841765005,0.18423776841765005,0.3684755368353001,0.00040769880389045785,7.369510736706002e-05,1.8423776841765004e-05,5.527133052529501e-05,73695.10736706002,1.4622045112511907e-06,0.00038927502704869284,0.0003340036965233978,0.0003340036965233978,0.00033254149201214663,4.076988038904578,0.18423776841765005,0.5527133052529501,0.014622045112511906,3.3254149201214664,False,True
2021-01-06,1115287.2745137084,69301243.43,34650621.715,34650621.715,797.4413988095239,4.0,4.0,8.0,4.0,0.5,0.05,0.06930124343,0.06930124343,0.06930124343,0.13860248686,0.0011152872745137084,2.7720497372000003e-05,6.930124343000001e-06,2.0790373029e-05,27720.497372,7.974413988095239e-07,0.0011083571501707085,0.0010875667771417085,0.0010875667771417085,0.001086769335742899,11.152872745137083,0.06930124343,0.20790373028999998,0.007974413988095239,10.86769335742899,False,True
2021-01-07,6453505.979405356,403947170.52000004,201973585.26,201973585.26000002,3205.9299247619056,4.0,4.0,8.0,4.0,0.5,0.05,0.40394717052000007,0.40394717052000007,0.40394717052000007,0.8078943410400001,0.006453505979405355,0.00016157886820800004,4.039471705200001e-05,0.00012118415115600001,161578.86820800006,3.2059299247619055e-06,0.006413111262353355,0.006291927111197355,0.006291927111197355,0.006288721181272593,64.53505979405355,0.4039471705200001,1.21184151156,0.03205929924761906,62.88721181272593,False,True
2021-01-08,0.0,0.0,0.0,0.0,0.0,0.0,0.0,0.0,0.0,0.0,0.0,0.0,0.0,0.0,0.0,0.0,0.0,0.0,0.0,0.0,0.0,0.0,0.0,0.0,0.0,0.0,0.0,0.0,0.0,0.0,False,False
2021-01-11,1385823.7716148118,169277648.095,84638824.0475,84638824.0475,1343.4733975793652,4.0,4.0,8.0,4.0,0.5,0.05,0.169277648095,0.169277648095,0.169277648095,0.33855529619,0.0013858237716148118,6.7711059238e-05,1.69277648095e-05,5.07832944285e-05,67711.059238,1.3434733975793651e-06,0.0013688960068053118,0.0013181127123768118,0.0013181127123768118,0.0013167692389792324,13.858237716148118,0.169277648095,0.507832944285,0.013434733975793652,13.167692389792323,False,True
2021-01-12,0.0,0.0,0.0,0.0,0.0,0.0,0.0,0.0,0.0,0.0,0.0,0.0,0.0,0.0,0.0,0.0,0.0,0.0,0.0,0.0,0.0,0.0,0.0,0.0,0.0,0.0,0.0,0.0,0.0,0.0,False,False
2021-01-13,-578085.9945775671,187362510.425,93681255.21250002,93681255.2125,1487.0040509920636,4.0,4.0,8.0,4.0,0.5,0.05,0.18736251042500002,0.18736251042500002,0.18736251042500002,0.37472502085000003,-0.0005780859945775671,7.494500417e-05,1.87362510425e-05,5.62087531275e-05,74945.00417,1.4870040509920636e-06,-0.0005968222456200671,-0.0006530309987475672,-0.0006530309987475672,-0.0006545180027985592,-5.780859945775671,0.18736251042500002,0.562087531275,0.014870040509920636,-6.545180027985592,False,True
2021-01-14,-117028.3996950528,232029791.615,116014895.80749999,116014895.8075,1841.50628265873,4.0,4.0,8.0,4.0,0.5,0.05,0.232029791615,0.232029791615,0.232029791615,0.46405958323,-0.00011702839969505279,9.2811916646e-05,2.32029791615e-05,6.96089374845e-05,92811.91664600001,1.84150628265873e-06,-0.00014023137885655278,-0.00020984031634105278,-0.00020984031634105278,-0.00021168182262371152,-1.1702839969505279,0.232029791615,0.696089374845,0.0184150628265873,-2.116818226237115,False,True
2021-01-15,465019.6906708826,94880941.94500002,47440470.97250001,47440470.972500004,753.0233487698414,4.0,4.0,8.0,4.0,0.5,0.05,0.09488094194500002,0.09488094194500002,0.09488094194500002,0.18976188389000004,0.0004650196906708826,3.7952376778000006e-05,9.488094194500002e-06,2.8464282583500003e-05,37952.376778000005,7.530233487698414e-07,0.00045553159647638257,0.00042706731389288255,0.00042706731389288255,0.0004263142905441127,4.650196906708826,0.09488094194500002,0.28464282583500006,0.007530233487698414,4.263142905441127,False,True
2021-01-19,1247815.8393243283,267778069.12,133889034.55999999,133889034.56,2125.222770793651,4.0,4.0,8.0,4.0,0.5,0.05,0.26777806912,0.26777806912,0.26777806912,0.53555613824,0.0012478158393243283,0.00010711122764800002,2.6777806912000004e-05,8.0333420736e-05,107111.22764800001,2.125222770793651e-06,0.0012210380324123283,0.0011407046116763283,0.0011407046116763283,0.0011385793889055345,12.478158393243284,0.26777806912,0.80333420736,0.02125222770793651,11.385793889055345,False,True
2021-01-20,2121396.3555356166,172098639.305,86049319.6525,86049319.6525,1365.8622167063493,4.0,4.0,8.0,4.0,0.5,0.05,0.172098639305,0.172098639305,0.172098639305,0.34419727861,0.002121396355535617,6.8839455722e-05,1.72098639305e-05,5.16295917915e-05,68839.455722,1.3658622167063493e-06,0.002104186491605117,0.002052556899813617,0.002052556899813617,0.0020511910375969108,21.21396355535617,0.172098639305,0.516295917915,0.013658622167063494,20.51191037596911,False,True
2021-01-21,134838.13301449147,132934056.995,66467028.4975,66467028.4975,1055.032198373016,4.0,4.0,8.0,4.0,0.5,0.05,0.132934056995,0.132934056995,0.132934056995,0.26586811399,0.00013483813301449146,5.3173622798e-05,1.32934056995e-05,3.9880217098499996e-05,53173.622798000004,1.055032198373016e-06,0.00012154472731499145,8.166451021649146e-05,8.166451021649146e-05,8.060947801811844e-05,1.3483813301449146,0.132934056995,0.398802170985,0.01055032198373016,0.8060947801811844,False,True
2021-01-22,-247443.6100223414,121514714.18,60757357.09,60757357.09,1727.133072698413,4.0,4.0,8.0,4.0,0.5,0.05000000000000001,0.12151471418000001,0.12151471418000001,0.12151471418000001,0.24302942836000002,-0.0002474436100223414,4.8605885672000006e-05,1.2151471418000002e-05,3.6454414254e-05,48605.885672000004,1.7271330726984128e-06,-0.00025959508144034145,-0.0002960494956943414,-0.0002960494956943414,-0.0002977766287670398,-2.4744361002234143,0.12151471418000001,0.36454414254,0.017271330726984127,-2.977766287670398,False,True
2021-01-25,111833.44038041594,34660099.84,17330049.920000006,17330049.92,983.0548804761904,4.0,4.0,8.0,4.0,0.5,0.05000000000000001,0.03466009984000001,0.03466009984000001,0.03466009984000001,0.06932019968000001,0.00011183344038041594,1.3864039936000004e-05,3.466009984000001e-06,1.0398029952000001e-05,13864.039936000005,9.830548804761905e-07,0.00010836743039641594,9.796940044441593e-05,9.796940044441593e-05,9.698634556393974e-05,1.1183344038041594,0.03466009984000001,0.10398029952000001,0.009830548804761904,0.9698634556393974,False,True
2021-01-26,-711979.1826405993,74492649.82460001,37246324.912300006,37246324.912300006,591.2115065444444,4.0,4.0,8.0,4.0,0.5,0.05000000000000001,0.07449264982460001,0.07449264982460001,0.07449264982460001,0.14898529964920001,-0.0007119791826405993,2.9797059929840004e-05,7.449264982460001e-06,2.234779494738e-05,29797.059929840005,5.912115065444445e-07,-0.0007194284476230593,-0.0007417762425704393,-0.0007417762425704393,-0.0007423674540769838,-7.119791826405994,0.07449264982460001,0.22347794947379998,0.005912115065444445,-7.423674540769838,False,True
2021-01-27,157325.11332779616,47088629.575,23544314.787500005,23544314.7875,1301.4282469444447,4.0,4.0,8.0,4.0,0.5,0.05000000000000001,0.047088629575000006,0.047088629575000006,0.047088629575000006,0.09417725915000001,0.00015732511332779616,1.8835451830000005e-05,4.708862957500001e-06,1.4126588872500001e-05,18835.451830000005,1.3014282469444446e-06,0.00015261625037029617,0.00013848966149779618,0.00013848966149779618,0.00013718823325085174,1.5732511332779617,0.04708862957500001,0.141265888725,0.013014282469444445,1.3718823325085174,False,True
2021-01-28,277938.43714975077,42316416.33,21158208.165,21158208.165,335.84457404761906,4.0,4.0,8.0,4.0,0.5,0.05,0.042316416329999995,0.042316416329999995,0.042316416329999995,0.08463283265999999,0.0002779384371497508,1.6926566532e-05,4.231641633e-06,1.2694924898999997e-05,16926.566532,3.3584457404761907e-07,0.0002737067955167508,0.0002610118706177508,0.0002610118706177508,0.0002606760260437032,2.7793843714975077,0.04231641633,0.12694924898999999,0.0033584457404761906,2.6067602604370324,False,True
2021-01-29,16291.461827508581,61416587.85000001,30708293.925,30708293.925000004,487.43323690476194,4.0,4.0,8.0,4.0,0.5,0.05,0.06141658785000001,0.06141658785000001,0.06141658785000001,0.12283317570000002,1.6291461827508582e-05,2.4566635140000006e-05,6.141658785000002e-06,1.8424976355e-05,24566.635140000006,4.874332369047619e-07,1.014980304250858e-05,-8.275173312491421e-06,-8.275173312491421e-06,-8.762606549396182e-06,0.16291461827508583,0.061416587850000016,0.18424976355,0.004874332369047619,-0.08762606549396182,False,True
2021-02-01,509402.77928411413,54749818.324300006,27374909.162150003,27374909.162150003,434.5223676531746,4.0,4.0,8.0,4.0,0.5,0.05000000000000001,0.05474981832430001,0.05474981832430001,0.05474981832430001,0.10949963664860002,0.0005094027792841142,2.1899927329720003e-05,5.474981832430001e-06,1.642494549729e-05,21899.92732972,4.3452236765317465e-07,0.0005039277974516842,0.00048750285195439414,0.00048750285195439414,0.000487068329586741,5.094027792841142,0.05474981832430001,0.1642494549729,0.004345223676531746,4.87068329586741,False,True
2021-02-02,206360.71405230396,44002835.94545001,22001417.972725004,22001417.972725004,349.2288567099207,4.0,4.0,8.0,4.0,0.5,0.05000000000000001,0.04400283594545001,0.04400283594545001,0.04400283594545001,0.08800567189090001,0.00020636071405230396,1.7601134378180004e-05,4.400283594545001e-06,1.3200850783635e-05,17601.134378180002,3.492288567099207e-07,0.00020196043045775895,0.00018875957967412395,0.00018875957967412395,0.00018841035081741404,2.0636071405230396,0.04400283594545001,0.13200850783635001,0.003492288567099207,1.8841035081741404,False,True
2021-02-03,-147054.86754324057,53936110.675,26968055.3375,26968055.337500002,428.064370436508,4.0,4.0,8.0,4.0,0.5,0.05000000000000001,0.053936110674999996,0.053936110674999996,0.053936110674999996,0.10787222134999999,-0.00014705486754324057,2.157444427e-05,5.3936110675e-06,1.6180833202499997e-05,21574.44427,4.28064370436508e-07,-0.00015244847861074057,-0.00016862931181324057,-0.00016862931181324057,-0.00016905737618367708,-1.4705486754324057,0.053936110675,0.16180833202499997,0.00428064370436508,-1.6905737618367709,False,True
2021-02-04,402686.8652060589,53877988.147753,26938994.0738765,26938994.073876504,427.6030805377223,4.0,4.0,8.0,4.0,0.5,0.05,0.053877988147753,0.053877988147753,0.053877988147753,0.107755976295506,0.0004026868652060589,2.15511952591012e-05,5.3877988147753e-06,1.61633964443259e-05,21551.195259101198,4.276030805377223e-07,0.0003972990663912836,0.00038113566994695767,0.00038113566994695767,0.00038070806686641995,4.026868652060589,0.053877988147753,0.16163396444325898,0.0042760308053772225,3.8070806686641996,False,True
2021-02-05,178606.18678136767,41570512.18282901,20785256.091414504,20785256.091414504,329.92469986372225,4.0,4.0,8.0,4.0,0.5,0.05,0.041570512182829006,0.041570512182829006,0.041570512182829006,0.08314102436565801,0.00017860618678136765,1.6628204873131603e-05,4.157051218282901e-06,1.24711536548487e-05,16628.204873131603,3.2992469986372223e-07,0.00017444913556308476,0.00016197798190823606,0.00016197798190823606,0.00016164805720837234,1.7860618678136766,0.041570512182829006,0.124711536548487,0.0032992469986372224,1.6164805720837234,False,True
2021-02-08,-901662.1320396288,55351510.67650801,27675755.338254005,27675755.338254,439.29770378180956,4.0,4.0,8.0,4.0,0.5,0.05,0.05535151067650801,0.05535151067650801,0.05535151067650801,0.11070302135301602,-0.0009016621320396288,2.2140604270603205e-05,5.535151067650801e-06,1.66054532029524e-05,22140.604270603206,4.3929770378180956e-07,-0.0009071972831072796,-0.000923802736310232,-0.000923802736310232,-0.0009242420340140139,-9.016621320396288,0.055351510676508016,0.166054532029524,0.004392977037818095,-9.24242034014014,False,True
2021-02-09,-14439.003946837118,59162006.081254005,29581003.040627,29581003.040627003,469.5397308036032,4.0,4.0,8.0,4.0,0.5,0.05,0.05916200608125401,0.05916200608125401,0.05916200608125401,0.11832401216250801,-1.4439003946837118e-05,2.3664802432501602e-05,5.9162006081254006e-06,1.77486018243762e-05,23664.8024325016,4.695397308036032e-07,-2.0355204554962518e-05,-3.810380637933872e-05,-3.810380637933872e-05,-3.857334611014232e-05,-0.14439003946837117,0.05916200608125401,0.17748601824376198,0.004695397308036032,-0.3857334611014232,False,True
2021-02-10,-93938.53071557549,42175526.449225,21087763.2246125,21087763.2246125,334.72640039067466,4.0,4.0,8.0,4.0,0.5,0.05,0.042175526449225,0.042175526449225,0.042175526449225,0.08435105289845,-9.393853071557548e-05,1.6870210579690003e-05,4.217552644922501e-06,1.26526579347675e-05,16870.210579690003,3.347264003906747e-07,-9.815608336049799e-05,-0.00011080874129526549,-0.00011080874129526549,-0.00011114346769565616,-0.9393853071557549,0.04217552644922501,0.126526579347675,0.003347264003906747,-1.1114346769565615,False,True
2021-02-11,-101241.49911087385,57426404.894999996,28713202.447499998,28713202.4475,455.7651182142858,4.0,4.0,8.0,4.0,0.5,0.05,0.057426404895,0.057426404895,0.057426404895,0.11485280979,-0.00010124149911087385,2.2970561958e-05,5.7426404895e-06,1.7227921468499997e-05,22970.561958,4.5576511821428577e-07,-0.00010698413960037385,-0.00012421206106887384,-0.00012421206106887384,-0.00012466782618708813,-1.0124149911087386,0.057426404895,0.17227921468499996,0.0045576511821428575,-1.2466782618708814,False,True
2021-02-12,377414.45343222196,96356318.49,48178159.245000005,48178159.245,764.7326864285714,4.0,4.0,8.0,4.0,0.5,0.05,0.09635631849,0.09635631849,0.09635631849,0.19271263698,0.00037741445343222196,3.8542527396e-05,9.635631849e-06,2.8906895546999995e-05,38542.527396,7.647326864285714e-07,0.00036777882158322195,0.00033887192603622196,0.00033887192603622196,0.0003381071933497934,3.7741445343222195,0.09635631849,0.28906895546999994,0.007647326864285714,3.381071933497934,False,True
2021-02-16,-355208.49539484846,91705691.435,45852845.7175,45852845.7175,727.8229478968254,4.0,4.0,8.0,4.0,0.5,0.05000000000000001,0.091705691435,0.091705691435,0.091705691435,0.18341138287,-0.00035520849539484844,3.6682276574e-05,9.1705691435e-06,2.7511707430499998e-05,36682.276574,7.278229478968254e-07,-0.0003643790645383484,-0.00039189077196884843,-0.00039189077196884843,-0.0003926185949167453,-3.5520849539484844,0.091705691435,0.275117074305,0.007278229478968255,-3.926185949167453,False,True
2021-02-17,-313788.528203152,56669390.53,28334695.265,28334695.265,449.7570676984127,4.0,4.0,8.0,4.0,0.5,0.05,0.05666939053,0.05666939053,0.05666939053,0.11333878106,-0.000313788528203152,2.2667756212000003e-05,5.666939053000001e-06,1.7000817159e-05,22667.756212000004,4.497570676984127e-07,-0.000319455467256152,-0.000336456284415152,-0.000336456284415152,-0.00033690604148285046,-3.13788528203152,0.05666939053000001,0.17000817158999998,0.004497570676984127,-3.3690604148285046,False,True
2021-02-18,1069933.8657270828,93442773.81,46721386.904999994,46721386.905,741.609315952381,4.0,4.0,8.0,4.0,0.5,0.05,0.09344277381,0.09344277381,0.09344277381,0.18688554762,0.0010699338657270828,3.7377109524e-05,9.344277381e-06,2.8032832143e-05,37377.109524,7.41609315952381e-07,0.0010605895883460828,0.0010325567562030828,0.0010325567562030828,0.0010318151468871304,10.699338657270829,0.09344277381,0.28032832142999997,0.00741609315952381,10.318151468871305,False,True
2021-02-19,192772.4399030458,69780836.0275,34890418.01375001,34890418.01375,553.8161589484127,4.0,4.0,8.0,4.0,0.5,0.05,0.0697808360275,0.0697808360275,0.0697808360275,0.139561672055,0.0001927724399030458,2.7912334411000003e-05,6.978083602750001e-06,2.093425080825e-05,27912.334411000003,5.538161589484128e-07,0.0001857943563002958,0.0001648601054920458,0.0001648601054920458,0.0001643062893330974,1.927724399030458,0.06978083602750002,0.2093425080825,0.005538161589484128,1.643062893330974,False,True
2021-02-22,-585763.0143368406,63995049.00735,31997524.503674995,31997524.503675,507.89721434404765,4.0,4.0,8.0,4.0,0.5,0.05,0.06399504900735,0.06399504900735,0.06399504900735,0.1279900980147,-0.0005857630143368406,2.559801960294e-05,6.399504900735e-06,1.9198514702204995e-05,25598.01960294,5.078972143440476e-07,-0.0005921625192375756,-0.0006113610339397806,-0.0006113610339397806,-0.0006118689311541246,-5.857630143368406,0.06399504900735,0.19198514702204994,0.005078972143440476,-6.118689311541246,False,True
2021-02-23,502361.6191826279,83835527.2869,41917763.64345,41917763.64345,665.3613276738095,4.0,4.0,8.0,4.0,0.5,0.05,0.0838355272869,0.0838355272869,0.0838355272869,0.1676710545738,0.0005023616191826279,3.353421091476e-05,8.38355272869e-06,2.5150658186069996e-05,33534.210914760006,6.653613276738094e-07,0.0004939780664539379,0.0004688274082678679,0.0004688274082678679,0.00046816204694019413,5.023616191826279,0.08383552728690001,0.25150658186069996,0.006653613276738094,4.681620469401941,False,True
2021-02-24,60385.527686063346,113768141.775,56884070.88750002,56884070.8875,902.9217601190477,4.0,4.0,8.0,4.0,0.5,0.05000000000000001,0.11376814177500001,0.11376814177500001,0.11376814177500001,0.22753628355000002,6.038552768606335e-05,4.550725671000001e-05,1.1376814177500002e-05,3.41304425325e-05,45507.25671000001,9.029217601190476e-07,4.9008713508563345e-05,1.4878270976063347e-05,1.4878270976063347e-05,1.39753492159443e-05,0.6038552768606334,0.11376814177500003,0.341304425325,0.009029217601190477,0.139753492159443,False,True
2021-02-25,-759867.0436767526,105257077.6415,52628538.82075,52628538.82074999,835.3736320753967,4.0,4.0,8.0,4.0,0.5,0.05,0.1052570776415,0.1052570776415,0.1052570776415,0.210514155283,-0.0007598670436767525,4.21028310566e-05,1.052570776415e-05,3.157712329244999e-05,42102.8310566,8.353736320753967e-07,-0.0007703927514409025,-0.0008019698747333525,-0.0008019698747333525,-0.0008028052483654279,-7.5986704367675255,0.1052570776415,0.31577123292449993,0.008353736320753967,-8.02805248365428,False,True
2021-02-26,545528.0575240428,64034472.06,32017236.03,32017236.03,508.2100957142858,4.0,4.0,8.0,4.0,0.5,0.05,0.06403447206,0.06403447206,0.06403447206,0.12806894412,0.0005455280575240428,2.5613788824e-05,6.403447206e-06,1.9210341618e-05,25613.788824,5.082100957142858e-07,0.0005391246103180428,0.0005199142687000428,0.0005199142687000428,0.0005194060586043286,5.455280575240428,0.06403447206,0.19210341618,0.005082100957142858,5.194060586043285,False,True
2021-03-01,-152188.5644771179,74382634.4835,37191317.24175,37191317.24175,590.3383689166667,4.0,4.0,8.0,4.0,0.5,0.05,0.07438263448350001,0.07438263448350001,0.07438263448350001,0.14876526896700001,-0.0001521885644771179,2.9753053793400003e-05,7.438263448350001e-06,2.231479034505e-05,29753.053793400002,5.903383689166667e-07,-0.00015962682792546788,-0.00018194161827051787,-0.00018194161827051787,-0.00018253195663943454,-1.521885644771179,0.07438263448350001,0.22314790345049998,0.005903383689166667,-1.8253195663943453,False,True
2021-03-02,170515.28741191977,112116924.11500001,56058462.05750001,56058462.057500005,889.8168580555557,4.0,4.0,8.0,4.0,0.5,0.05,0.11211692411500002,0.11211692411500002,0.11211692411500002,0.22423384823000003,0.00017051528741191977,4.484676964600001e-05,1.1211692411500003e-05,3.3635077234500004e-05,44846.769646000015,8.898168580555557e-07,0.00015930359500041977,0.00012566851776591977,0.00012566851776591977,0.00012477870090786422,1.7051528741191977,0.11211692411500003,0.33635077234500005,0.008898168580555556,1.2477870090786423,False,True
2021-03-03,-16126.18788655581,192077491.39,96038745.695,96038745.695,1524.4245348412699,4.0,4.0,8.0,4.0,0.5,0.05,0.19207749139,0.19207749139,0.19207749139,0.38415498278,-1.612618788655581e-05,7.6830996556e-05,1.9207749139e-05,5.7623247416999994e-05,76830.996556,1.5244245348412698e-06,-3.533393702555581e-05,-9.29571844425558e-05,-9.29571844425558e-05,-9.448160897739708e-05,-0.1612618788655581,0.19207749139,0.5762324741699999,0.015244245348412698,-0.9448160897739708,False,True
2021-03-04,650327.3606135226,130066757.105,65033378.552499995,65033378.5525,1032.2758500396826,4.0,4.0,8.0,4.0,0.5,0.05,0.130066757105,0.130066757105,0.130066757105,0.26013351421,0.0006503273606135226,5.2026702842000006e-05,1.3006675710500002e-05,3.90200271315e-05,52026.702842000006,1.0322758500396826e-06,0.0006373206849030226,0.0005983006577715225,0.0005983006577715225,0.0005972683819214828,6.503273606135226,0.130066757105,0.39020027131499996,0.010322758500396826,5.972683819214828,False,True
2021-03-05,750517.3055984416,138488625.645,69244312.8225,69244312.8225,1099.116076547619,4.0,4.0,8.0,4.0,0.5,0.05,0.138488625645,0.138488625645,0.138488625645,0.27697725129,0.0007505173055984417,5.539545025800001e-05,1.3848862564500002e-05,4.1546587693499997e-05,55395.450258000004,1.0991160765476192e-06,0.0007366684430339417,0.0006951218553404416,0.0006951218553404416,0.000694022739263894,7.505173055984416,0.13848862564500003,0.415465876935,0.010991160765476191,6.94022739263894,False,True
2021-03-08,5824161.394005612,207523784.283014,103761892.141507,103761892.141507,1647.0141609763016,4.0,4.0,8.0,4.0,0.5,0.05000000000000001,0.207523784283014,0.207523784283014,0.207523784283014,0.415047568566028,0.0058241613940056116,8.30095137132056e-05,2.07523784283014e-05,6.22571352849042e-05,83009.51371320561,1.6470141609763016e-06,0.00580340901557731,0.005741151880292406,0.005741151880292406,0.005739504866131429,58.24161394005611,0.20752378428301402,0.622571352849042,0.016470141609763015,57.39504866131429,False,True
2021-03-09,962321.8845390278,100760163.69500001,50380081.847500004,50380081.847500004,799.6838388492064,4.0,4.0,8.0,4.0,0.5,0.05,0.100760163695,0.100760163695,0.100760163695,0.20152032739,0.0009623218845390278,4.0304065478e-05,1.00760163695e-05,3.0228049108499998e-05,40304.065478000004,7.996838388492064e-07,0.0009522458681695278,0.0009220178190610278,0.0009220178190610278,0.0009212181352221786,9.623218845390278,0.100760163695,0.302280491085,0.007996838388492064,9.212181352221787,False,True
2021-03-10,3696384.656164278,220746548.49516404,110373274.24758202,110373274.24758202,1751.9567340886033,4.0,4.0,8.0,4.0,0.5,0.05000000000000001,0.22074654849516404,0.22074654849516404,0.22074654849516404,0.44149309699032807,0.003696384656164278,8.829861939806562e-05,2.2074654849516405e-05,6.62239645485492e-05,88298.61939806562,1.7519567340886033e-06,0.0036743100013147613,0.003608086036766212,0.003608086036766212,0.0036063340800321234,36.96384656164278,0.22074654849516406,0.6622396454854921,0.017519567340886034,36.063340800321235,False,True
2021-03-11,-1868934.764148078,136442970.36995003,68221485.18497501,68221485.184975,1082.8807172218255,4.0,4.0,8.0,4.0,0.5,0.05,0.13644297036995004,0.13644297036995004,0.13644297036995004,0.2728859407399001,-0.001868934764148078,5.457718814798002e-05,1.3644297036995005e-05,4.093289111098501e-05,54577.18814798002,1.0828807172218255e-06,-0.001882579061185073,-0.001923511952296058,-0.001923511952296058,-0.0019245948330132798,-18.68934764148078,0.13644297036995004,0.4093289111098501,0.010828807172218255,-19.245948330132798,False,True
2021-03-12,-17899.642466027806,146026368.145,73013184.0725,73013184.0725,1158.9394297222225,4.0,4.0,8.0,4.0,0.5,0.05,0.146026368145,0.146026368145,0.146026368145,0.29205273629,-1.7899642466027806e-05,5.8410547258e-05,1.46026368145e-05,4.38079104435e-05,58410.547258000006,1.1589394297222225e-06,-3.25022792805278e-05,-7.631018972402781e-05,-7.631018972402781e-05,-7.746912915375003e-05,-0.17899642466027807,0.146026368145,0.438079104435,0.011589394297222224,-0.7746912915375003,False,True
2021-03-15,252632.42008815915,101847730.775,50923865.3875,50923865.3875,808.3153236111111,4.0,4.0,8.0,4.0,0.5,0.05,0.101847730775,0.101847730775,0.101847730775,0.20369546155,0.00025263242008815917,4.073909231000001e-05,1.0184773077500002e-05,3.05543192325e-05,40739.09231000001,8.083153236111111e-07,0.00024244764701065915,0.00021189332777815916,0.00021189332777815916,0.00021108501245454804,2.5263242008815916,0.10184773077500002,0.305543192325,0.00808315323611111,2.1108501245454803,False,True
2021-03-16,-1478802.7312032685,110677359.205,55338679.60249999,55338679.6025,878.3917397222223,4.0,4.0,8.0,4.0,0.5,0.05,0.11067735920499999,0.11067735920499999,0.11067735920499999,0.22135471840999998,-0.0014788027312032685,4.4270943681999996e-05,1.1067735920499999e-05,3.3203207761499994e-05,44270.943682,8.783917397222222e-07,-0.0014898704671237684,-0.0015230736748852683,-0.0015230736748852683,-0.0015239520666249905,-14.788027312032686,0.11067735920499999,0.3320320776149999,0.008783917397222223,-15.239520666249906,False,True
2021-03-17,-851416.5025272914,113660345.6981,56830172.84905,56830172.84905,902.0662356992063,4.0,4.0,8.0,4.0,0.5,0.05,0.1136603456981,0.1136603456981,0.1136603456981,0.2273206913962,-0.0008514165025272914,4.5464138279240005e-05,1.1366034569810001e-05,3.409810370943e-05,45464.13827924,9.020662356992064e-07,-0.0008627825370971014,-0.0008968806408065314,-0.0008968806408065314,-0.0008977827070422306,-8.514165025272915,0.11366034569810002,0.3409810370943,0.009020662356992063,-8.977827070422306,False,True
2021-03-18,233458.08984375483,129430408.03450002,64715204.01725002,64715204.01725,1027.22546059127,4.0,4.0,8.0,4.0,0.5,0.05,0.1294304080345,0.1294304080345,0.1294304080345,0.258860816069,0.00023345808984375483,5.1772163213800004e-05,1.2943040803450001e-05,3.882912241035e-05,51772.163213800006,1.02722546059127e-06,0.00022051504904030484,0.00018168592662995485,0.00018168592662995485,0.00018065870116936358,2.3345808984375482,0.1294304080345,0.38829122410350003,0.0102722546059127,1.8065870116936358,False,True
2021-03-19,27264.756806304413,143888644.0888,71944322.04440002,71944322.0444,1141.973365784127,4.0,4.0,8.0,4.0,0.5,0.05,0.1438886440888,0.1438886440888,0.1438886440888,0.2877772881776,2.726475680630441e-05,5.755545763552e-05,1.438886440888e-05,4.316659322664e-05,57555.457635520004,1.141973365784127e-06,1.2875892397424411e-05,-3.0290700829215587e-05,-3.0290700829215587e-05,-3.1432674194999714e-05,0.27264756806304413,0.1438886440888,0.4316659322664,0.01141973365784127,-0.31432674194999716,False,True
2021-03-22,-213838.9529007955,280633885.06000006,140316942.53000003,140316942.53,2227.2530560317464,4.0,4.0,8.0,4.0,0.5,0.05,0.2806338850600001,0.2806338850600001,0.2806338850600001,0.5612677701200002,-0.0002138389529007955,0.00011225355402400004,2.806338850600001e-05,8.419016551800001e-05,112253.55402400004,2.2272530560317466e-06,-0.00024190234140679552,-0.00032609250692479554,-0.00032609250692479554,-0.0003283197599808273,-2.1383895290079553,0.2806338850600001,0.8419016551800002,0.022272530560317465,-3.2831975998082727,False,True
2021-03-23,-505615.4304944987,108312442.42000002,54156221.21000001,54156221.21000001,859.622558888889,4.0,4.0,8.0,4.0,0.5,0.05000000000000001,0.10831244242000002,0.10831244242000002,0.10831244242000002,0.21662488484000003,-0.0005056154304944987,4.332497696800001e-05,1.0831244242000002e-05,3.2493732726e-05,43324.97696800001,8.59622558888889e-07,-0.0005164466747364987,-0.0005489404074624987,-0.0005489404074624987,-0.0005498000300213875,-5.056154304944987,0.10831244242000003,0.32493732726,0.00859622558888889,-5.498000300213875,False,True
2021-03-24,-2280590.074930498,186359887.27091655,93179943.63545828,93179943.63545826,1479.0467243723533,4.0,4.0,8.0,4.0,0.5,0.05000000000000001,0.18635988727091654,0.18635988727091654,0.18635988727091654,0.3727197745418331,-0.002280590074930498,7.454395490836662e-05,1.8635988727091655e-05,5.590796618127496e-05,74543.95490836662,1.4790467243723534e-06,-0.0022992260636575893,-0.002355134029838864,-0.002355134029838864,-0.0023566130765632362,-22.80590074930498,0.18635988727091654,0.5590796618127496,0.014790467243723534,-23.566130765632362,False,True
2021-03-25,-70980.04361856017,113623071.15,56811535.57500001,56811535.575,901.7704059523811,4.0,4.0,8.0,4.0,0.5,0.05000000000000001,0.11362307115,0.11362307115,0.11362307115,0.2272461423,-7.098004361856017e-05,4.544922846000001e-05,1.1362307115000002e-05,3.4086921345e-05,45449.228460000006,9.017704059523811e-07,-8.234235073356017e-05,-0.00011642927207856018,-0.00011642927207856018,-0.00011733104248451256,-0.7098004361856016,0.11362307115000002,0.34086921345,0.009017704059523811,-1.1733104248451256,False,True
2021-03-26,-309561.19109782664,162414943.97,81207471.985,81207471.985,1289.007491825397,4.0,4.0,8.0,4.0,0.5,0.05,0.16241494397,0.16241494397,0.16241494397,0.32482988794,-0.00030956119109782666,6.496597758800001e-05,1.6241494397000003e-05,4.8724483191e-05,64965.97758800001,1.289007491825397e-06,-0.0003258026854948267,-0.0003745271686858267,-0.0003745271686858267,-0.00037581617617765206,-3.0956119109782665,0.16241494397000003,0.48724483190999995,0.01289007491825397,-3.758161761776521,False,True
2021-03-29,-227218.20437484913,119532811.60000002,59766405.800000004,59766405.800000004,948.6731079365081,4.0,4.0,8.0,4.0,0.5,0.05,0.11953281160000002,0.11953281160000002,0.11953281160000002,0.23906562320000005,-0.00022721820437484914,4.781312464000001e-05,1.1953281160000003e-05,3.585984348e-05,47813.12464000002,9.486731079365081e-07,-0.00023917148553484913,-0.00027503132901484913,-0.00027503132901484913,-0.0002759800021227856,-2.2721820437484914,0.11953281160000004,0.35859843480000003,0.00948673107936508,-2.759800021227856,False,True
2021-03-30,967840.4395019694,90449838.14380002,45224919.07190001,45224919.0719,717.8558582841271,4.0,4.0,8.0,4.0,0.5,0.05,0.09044983814380002,0.09044983814380002,0.09044983814380002,0.18089967628760004,0.0009678404395019694,3.617993525752001e-05,9.044983814380002e-06,2.7134951443140004e-05,36179.93525752001,7.17855858284127e-07,0.0009587954556875894,0.0009316605042444493,0.0009316605042444493,0.0009309426483861652,9.678404395019694,0.09044983814380002,0.27134951443140004,0.007178558582841271,9.309426483861651,False,True
2021-03-31,1644197.013376153,193431473.108815,96715736.5544075,96715736.5544075,1535.170421498532,4.0,4.0,8.0,4.0,0.5,0.05,0.193431473108815,0.193431473108815,0.193431473108815,0.38686294621763,0.001644197013376153,7.7372589243526e-05,1.93431473108815e-05,5.8029441932644494e-05,77372.589243526,1.5351704214985321e-06,0.0016248538660652715,0.0015668244241326269,0.0015668244241326269,0.0015652892537111284,16.44197013376153,0.193431473108815,0.580294419326445,0.015351704214985322,15.652892537111283,False,True
2021-04-01,722090.3809184235,122193208.3264,61096604.1632,61096604.1632,969.7873676698412,4.0,4.0,8.0,4.0,0.5,0.05,0.1221932083264,0.1221932083264,0.1221932083264,0.2443864166528,0.0007220903809184235,4.887728333056e-05,1.221932083264e-05,3.665796249792e-05,48877.28333056,9.69787367669841e-07,0.0007098710600857835,0.0006732130975878636,0.0006732130975878636,0.0006722433102201937,7.220903809184235,0.1221932083264,0.3665796249792,0.009697873676698412,6.722433102201937,False,True
2021-04-05,48819.575269849964,133384847.2836,66692423.64179999,66692423.6418,1058.6098990761905,4.0,4.0,8.0,4.0,0.5,0.05,0.1333848472836,0.1333848472836,0.1333848472836,0.2667696945672,4.8819575269849966e-05,5.3353938913440007e-05,1.3338484728360002e-05,4.0015454185079996e-05,53353.938913440004,1.0586098990761905e-06,3.548109054148996e-05,-4.5343636435900335e-06,-4.5343636435900335e-06,-5.592973542666224e-06,0.4881957526984997,0.1333848472836,0.40015454185079996,0.010586098990761905,-0.05592973542666224,False,True
2021-04-06,-114645.02263206648,216549570.84149998,108274785.42074999,108274785.42074999,1718.6473876309524,4.0,4.0,8.0,4.0,0.5,0.05,0.21654957084149998,0.21654957084149998,0.21654957084149998,0.43309914168299996,-0.00011464502263206648,8.66198283366e-05,2.165495708415e-05,6.496487125244998e-05,86619.8283366,1.7186473876309523e-06,-0.00013629997971621648,-0.00020126485096866645,-0.00020126485096866645,-0.0002029834983562974,-1.1464502263206648,0.2165495708415,0.6496487125244998,0.017186473876309522,-2.029834983562974,False,True
2021-04-07,1802440.155202292,221192045.81629103,110596022.90814552,110596022.90814552,1755.492427113421,4.0,4.0,8.0,4.0,0.5,0.05,0.22119204581629104,0.22119204581629104,0.22119204581629104,0.4423840916325821,0.001802440155202292,8.847681832651642e-05,2.2119204581629106e-05,6.635761374488731e-05,88476.81832651643,1.755492427113421e-06,0.0017803209506206629,0.0017139633368757755,0.0017139633368757755,0.0017122078444486621,18.02440155202292,0.22119204581629107,0.6635761374488731,0.017554924271134212,17.122078444486622,False,True
2021-04-08,-1214484.4204252171,336279813.385959,168139906.6929795,168139906.6929795,2668.8874078250715,4.0,4.0,8.0,4.0,0.5,0.05000000000000001,0.336279813385959,0.336279813385959,0.336279813385959,0.672559626771918,-0.001214484420425217,0.0001345119253543836,3.36279813385959e-05,0.0001008839440157877,134511.92535438362,2.6688874078250716e-06,-0.001248112401763813,-0.0013489963457796006,-0.0013489963457796006,-0.0013516652331874257,-12.14484420425217,0.336279813385959,1.008839440157877,0.026688874078250716,-13.516652331874257,False,True
2021-04-09,-277053.0624657451,222873211.46889853,111436605.73444928,111436605.73444925,1768.8350116579247,4.0,4.0,8.0,4.0,0.5,0.05,0.22287321146889855,0.22287321146889855,0.22287321146889855,0.4457464229377971,-0.00027705306246574507,8.914928458755942e-05,2.2287321146889855e-05,6.686196344066955e-05,89149.28458755942,1.7688350116579248e-06,-0.0002993403836126349,-0.0003662023470533045,-0.0003662023470533045,-0.0003679711820649624,-2.7705306246574506,0.22287321146889855,0.6686196344066955,0.017688350116579248,-3.6797118206496244,False,True
2021-04-12,136348.50470074255,70076936.605,35038468.3025,35038468.3025,556.1661635317461,4.0,4.0,8.0,4.0,0.5,0.05,0.070076936605,0.070076936605,0.070076936605,0.14015387321,0.00013634850470074255,2.8030774642e-05,7.0076936605e-06,2.1023080981499997e-05,28030.774642,5.56166163531746e-07,0.00012934081104024254,0.00010831773005874254,0.00010831773005874254,0.0001077615638952108,1.3634850470074256,0.070076936605,0.21023080981499997,0.005561661635317461,1.077615638952108,False,True
2021-04-13,689165.7403076371,136125455.53465,68062727.76732498,68062727.767325,1080.3607582115078,4.0,4.0,8.0,4.0,0.5,0.05,0.13612545553465,0.13612545553465,0.13612545553465,0.2722509110693,0.0006891657403076372,5.445018221386e-05,1.3612545553465e-05,4.083763666039499e-05,54450.182213860004,1.0803607582115077e-06,0.0006755531947541722,0.0006347155580937771,0.0006347155580937771,0.0006336351973355657,6.891657403076372,0.13612545553465,0.40837636660394994,0.010803607582115078,6.336351973355656,False,True
2021-04-14,1218647.8139355287,167203199.587003,83601599.79350151,83601599.7935015,1327.0095205317698,4.0,4.0,8.0,4.0,0.5,0.05,0.167203199587003,0.167203199587003,0.167203199587003,0.334406399174006,0.0012186478139355288,6.68812798348012e-05,1.67203199587003e-05,5.016095987610089e-05,66881.2798348012,1.3270095205317698e-06,0.0012019274939768284,0.0011517665341007274,0.0011517665341007274,0.0011504395245801958,12.186478139355287,0.167203199587003,0.501609598761009,0.013270095205317698,11.504395245801957,False,True
2021-04-15,-314426.9510457062,83789546.69500001,41894773.34750001,41894773.347500004,664.9964023412699,4.0,4.0,8.0,4.0,0.5,0.05000000000000001,0.08378954669500001,0.08378954669500001,0.08378954669500001,0.16757909339000002,-0.00031442695104570625,3.3515818678000005e-05,8.378954669500001e-06,2.51368640085e-05,33515.818678,6.6499640234127e-07,-0.00032280590571520624,-0.0003479427697237062,-0.0003479427697237062,-0.0003486077661260475,-3.1442695104570624,0.08378954669500001,0.251368640085,0.006649964023412699,-3.486077661260475,False,True
2021-04-16,-1328906.5817177736,99985767.185,49992883.5925,49992883.5925,793.5378348015873,4.0,4.0,8.0,4.0,0.5,0.05,0.099985767185,0.099985767185,0.099985767185,0.19997153437,-0.0013289065817177735,3.9994306874000004e-05,9.998576718500001e-06,2.99957301555e-05,39994.306874,7.935378348015873e-07,-0.0013389051584362735,-0.0013689008885917734,-0.0013689008885917734,-0.0013696944264265751,-13.289065817177734,0.099985767185,0.299957301555,0.007935378348015873,-13.69694426426575,False,True
2021-04-19,260908.1637748155,175179426.99535,87589713.497675,87589713.49767502,1390.312912661508,4.0,4.0,8.0,4.0,0.5,0.05,0.17517942699535,0.17517942699535,0.17517942699535,0.3503588539907,0.0002609081637748155,7.007177079814e-05,1.7517942699535e-05,5.2553828098605e-05,70071.77079814,1.390312912661508e-06,0.0002433902210752805,0.0001908363929766755,0.0001908363929766755,0.000189446080064014,2.609081637748155,0.17517942699535,0.5255382809860499,0.01390312912661508,1.89446080064014,False,True
2021-04-20,-401306.862139556,76152327.592175,38076163.7960875,38076163.7960875,604.3835523188493,4.0,4.0,8.0,4.0,0.5,0.05,0.07615232759217501,0.07615232759217501,0.07615232759217501,0.15230465518435002,-0.00040130686213955596,3.0460931036870006e-05,7.6152327592175014e-06,2.28456982776525e-05,30460.931036870006,6.043835523188493e-07,-0.00040892209489877345,-0.00043176779317642596,-0.00043176779317642596,-0.0004323721767287448,-4.0130686213955595,0.07615232759217501,0.22845698277652499,0.0060438355231884925,-4.323721767287448,False,True
2021-04-21,-273666.68682398373,110950104.24000001,55475052.12000001,55475052.120000005,880.5563828571429,4.0,4.0,8.0,4.0,0.5,0.05,0.11095010424000001,0.11095010424000001,0.11095010424000001,0.22190020848000003,-0.00027366668682398375,4.438004169600001e-05,1.1095010424000003e-05,3.3285031272e-05,44380.04169600001,8.80556382857143e-07,-0.00028476169724798376,-0.00031804672851998376,-0.00031804672851998376,-0.0003189272849028409,-2.7366668682398374,0.11095010424000003,0.33285031272000004,0.008805563828571429,-3.189272849028409,False,True
2021-04-22,-224237.07646100246,184470866.72135,92235433.360675,92235433.360675,1464.0544977884922,4.0,4.0,8.0,4.0,0.5,0.05,0.18447086672135002,0.18447086672135002,0.18447086672135002,0.36894173344270004,-0.00022423707646100247,7.378834668854001e-05,1.8447086672135003e-05,5.5341260016405e-05,73788.34668854001,1.4640544977884923e-06,-0.0002426841631331375,-0.00029802542314954247,-0.00029802542314954247,-0.000299489477647331,-2.242370764610025,0.18447086672135002,0.55341260016405,0.014640544977884922,-2.9948947764733096,False,True
2021-04-23,321798.9565638937,120742745.46000001,60371372.730000004,60371372.730000004,958.2757576190477,4.0,4.0,8.0,4.0,0.5,0.05,0.12074274546000001,0.12074274546000001,0.12074274546000001,0.24148549092000002,0.0003217989565638937,4.829709818400001e-05,1.2074274546000002e-05,3.6222823638e-05,48297.09818400001,9.582757576190477e-07,0.0003097246820178937,0.0002735018583798937,0.0002735018583798937,0.0002725435826222746,3.2179895656389372,0.12074274546000002,0.36222823638,0.009582757576190478,2.7254358262227463,False,True
2021-04-26,-36975.38978090331,118438862.80500002,59219431.40250001,59219431.4025,939.9909746428573,4.0,4.0,8.0,4.0,0.5,0.05000000000000001,0.11843886280500002,0.11843886280500002,0.11843886280500002,0.23687772561000003,-3.6975389780903305e-05,4.737554512200001e-05,1.1843886280500002e-05,3.55316588415e-05,47375.54512200001,9.399909746428573e-07,-4.8819276061403305e-05,-8.435093490290331e-05,-8.435093490290331e-05,-8.529092587754616e-05,-0.36975389780903306,0.11843886280500002,0.355316588415,0.009399909746428573,-0.8529092587754616,False,True
2021-04-27,-137425.39391590387,90730236.495,45365118.2475,45365118.2475,720.0812420238096,3.0,3.0,6.0,3.0,0.5,0.05,0.090730236495,0.090730236495,0.090730236495,0.18146047299,-0.00013742539391590388,3.6292094598000004e-05,9.073023649500001e-06,2.72190709485e-05,36292.094598,7.200812420238096e-07,-0.00014649841756540386,-0.00017371748851390385,-0.00017371748851390385,-0.00017443756975592766,-1.3742539391590387,0.090730236495,0.272190709485,0.007200812420238096,-1.7443756975592766,False,True
2021-04-28,1628987.526135429,353352853.02505004,176676426.51252502,176676426.51252502,2804.387722421032,3.0,3.0,6.0,3.0,0.5,0.05000000000000001,0.35335285302505004,0.35335285302505004,0.35335285302505004,0.7067057060501001,0.001628987526135429,0.00014134114121002,3.5335285302505e-05,0.000106005855907515,141341.14121002,2.804387722421032e-06,0.001593652240832924,0.001487646384925409,0.001487646384925409,0.001484841997202988,16.28987526135429,0.35335285302505004,1.06005855907515,0.02804387722421032,14.848419972029879,False,True
2021-04-29,-2051267.2153351759,434889076.3,217444538.14999998,217444538.15,3451.500605555556,4.0,4.0,8.0,4.0,0.5,0.05000000000000001,0.4348890763,0.4348890763,0.4348890763,0.8697781526,-0.0020512672153351758,0.00017395563052,4.348890763e-05,0.00013046672288999998,173955.63052,3.451500605555556e-06,-0.002094756122965176,-0.002225222845855176,-0.002225222845855176,-0.0022286743464607316,-20.512672153351758,0.4348890763,1.3046672288999999,0.03451500605555556,-22.286743464607316,False,True
2021-04-30,52226.644931252515,94934983.413481,47467491.706740506,47467491.7067405,753.4522493133413,4.0,4.0,8.0,4.0,0.5,0.05,0.094934983413481,0.094934983413481,0.094934983413481,0.189869966826962,5.222664493125252e-05,3.79739933653924e-05,9.4934983413481e-06,2.8480495024044296e-05,37973.9933653924,7.534522493133413e-07,4.273314658990442e-05,1.4252651565860122e-05,1.4252651565860122e-05,1.3499199316546782e-05,0.5222664493125252,0.094934983413481,0.28480495024044294,0.007534522493133413,0.1349919931654678,False,True
2021-05-03,-454809.8004969331,240155832.42635006,120077916.21317503,120077916.21317503,1905.9986700503973,4.0,4.0,8.0,4.0,0.5,0.05000000000000001,0.24015583242635005,0.24015583242635005,0.24015583242635005,0.4803116648527001,-0.0004548098004969331,9.606233297054003e-05,2.4015583242635008e-05,7.204674972790501e-05,96062.33297054002,1.9059986700503973e-06,-0.0004788253837395681,-0.0005508721334674732,-0.0005508721334674732,-0.0005527781321375236,-4.548098004969331,0.24015583242635008,0.7204674972790501,0.019059986700503972,-5.527781321375236,False,True
2021-05-04,134394.61612766614,88289241.35500002,44144620.67750001,44144620.67750001,700.7082647222223,3.0,3.0,6.0,3.0,0.5,0.05,0.08828924135500002,0.08828924135500002,0.08828924135500002,0.17657848271000004,0.00013439461612766614,3.531569654200001e-05,8.828924135500003e-06,2.6486772406500004e-05,35315.69654200001,7.007082647222224e-07,0.00012556569199216613,9.907891958566614e-05,9.907891958566614e-05,9.837821132094391e-05,1.3439461612766614,0.08828924135500003,0.26486772406500003,0.007007082647222223,0.9837821132094391,False,True
2021-05-05,55704.16810278743,98778983.68735,49389491.843675,49389491.843675,783.9601879948412,3.0,3.0,6.0,3.0,0.5,0.05,0.09877898368735001,0.09877898368735001,0.09877898368735001,0.19755796737470002,5.570416810278743e-05,3.9511593474940004e-05,9.877898368735001e-06,2.9633695106205e-05,39511.593474940004,7.839601879948413e-07,4.582626973405243e-05,1.6192574627847428e-05,1.6192574627847428e-05,1.5408614439852587e-05,0.5570416810278743,0.09877898368735001,0.29633695106205,0.007839601879948413,0.15408614439852586,False,True
2021-05-06,3567937.4365882818,115146309.17,57573154.58499999,57573154.58500001,913.8595965873018,4.0,4.0,8.0,4.0,0.5,0.05,0.11514630917,0.11514630917,0.11514630917,0.23029261834,0.0035679374365882818,4.6058523668e-05,1.1514630917e-05,3.4543892750999995e-05,46058.523668,9.138595965873018e-07,0.003556422805671282,0.003521878912920282,0.003521878912920282,0.0035209650533236945,35.679374365882815,0.11514630917,0.34543892750999994,0.009138595965873018,35.209650533236946,False,True
2021-05-07,-1624994.5522544351,212236151.8674,106118075.9337,106118075.9337,1684.4139037095238,4.0,4.0,8.0,4.0,0.5,0.05,0.2122361518674,0.2122361518674,0.2122361518674,0.4244723037348,-0.0016249945522544352,8.489446074696e-05,2.122361518674e-05,6.367084556021999e-05,84894.46074696,1.6844139037095238e-06,-0.0016462181674411751,-0.0017098890130013951,-0.0017098890130013951,-0.0017115734269051047,-16.24994552254435,0.2122361518674,0.6367084556021999,0.016844139037095238,-17.115734269051046,False,True
2021-05-10,-2127954.3235084,92360392.4059,46180196.20294999,46180196.20295,733.0189873484128,4.0,4.0,8.0,4.0,0.5,0.05,0.09236039240590001,0.09236039240590001,0.09236039240590001,0.18472078481180002,-0.0021279543235084,3.6944156962360004e-05,9.236039240590001e-06,2.770811772177e-05,36944.15696236,7.330189873484128e-07,-0.00213719036274899,-0.0021648984804707597,-0.0021648984804707597,-0.002165631499458108,-21.279543235084,0.09236039240590001,0.27708117721770004,0.007330189873484128,-21.65631499458108,False,True
2021-05-11,-265777.94827536517,64330619.526406005,32165309.763203003,32165309.763203003,510.5604724317937,4.0,4.0,8.0,4.0,0.5,0.05,0.06433061952640601,0.06433061952640601,0.06433061952640601,0.12866123905281202,-0.00026577794827536516,2.5732247810562405e-05,6.433061952640601e-06,1.9299185857921802e-05,25732.247810562403,5.105604724317937e-07,-0.00027221101022800574,-0.00029151019608592753,-0.00029151019608592753,-0.00029202075655835935,-2.6577794827536514,0.06433061952640601,0.19299185857921802,0.005105604724317937,-2.9202075655835933,False,True
2021-05-12,-94191.40454195875,60257380.76423651,30128690.38211826,30128690.38211825,478.2331806685437,4.0,4.0,8.0,4.0,0.5,0.05000000000000001,0.06025738076423651,0.06025738076423651,0.06025738076423651,0.12051476152847301,-9.419140454195875e-05,2.4102952305694602e-05,6.0257380764236505e-06,1.807721422927095e-05,24102.9523056946,4.782331806685437e-07,-0.0001002171426183824,-0.00011829435684765336,-0.00011829435684765336,-0.0001187725900283219,-0.9419140454195875,0.06025738076423651,0.1807721422927095,0.004782331806685437,-1.187725900283219,False,True
2021-05-13,-157282.33828255674,140354464.92270002,70177232.46135001,70177232.46135001,1113.9243247833335,4.0,4.0,8.0,4.0,0.5,0.05000000000000001,0.1403544649227,0.1403544649227,0.1403544649227,0.2807089298454,-0.00015728233828255674,5.6141785969080004e-05,1.4035446492270001e-05,4.210633947681e-05,56141.78596908,1.1139243247833335e-06,-0.00017131778477482673,-0.00021342412425163674,-0.00021342412425163674,-0.00021453804857642008,-1.5728233828255673,0.1403544649227,0.4210633947681,0.011139243247833336,-2.1453804857642007,False,True
2021-05-14,-250781.02686077377,80879719.38039999,40439859.6902,40439859.69019999,641.9025347650793,4.0,4.0,8.0,4.0,0.5,0.05000000000000001,0.08087971938039999,0.08087971938039999,0.08087971938039999,0.16175943876079998,-0.00025078102686077375,3.235188775216e-05,8.08797193804e-06,2.4263915814119996e-05,32351.88775216,6.419025347650793e-07,-0.00025886899879881377,-0.00028313291461293374,-0.00028313291461293374,-0.00028377481714769883,-2.5078102686077375,0.0808797193804,0.24263915814119996,0.006419025347650793,-2.837748171476988,False,True
2021-05-17,436154.4932079325,111776432.38775001,55888216.193875,55888216.19387501,887.1145427599208,4.0,4.0,8.0,4.0,0.5,0.05000000000000001,0.11177643238775002,0.11177643238775002,0.11177643238775002,0.22355286477550004,0.0004361544932079325,4.471057295510001e-05,1.1177643238775002e-05,3.3532929716325e-05,44710.57295510001,8.871145427599209e-07,0.00042497684996915753,0.00039144392025283254,0.00039144392025283254,0.0003905568057100726,4.361544932079325,0.11177643238775002,0.33532929716325,0.008871145427599208,3.905568057100726,False,True
2021-05-18,-1796274.164902101,124580880.9717,62290440.48585,62290440.48584999,988.7371505690476,4.0,4.0,8.0,4.0,0.5,0.05,0.1245808809717,0.1245808809717,0.1245808809717,0.2491617619434,-0.0017962741649021011,4.9832352388680004e-05,1.2458088097170001e-05,3.737426429151e-05,49832.35238868,9.887371505690476e-07,-0.0018087322529992712,-0.0018461065172907813,-0.0018461065172907813,-0.0018470952544413504,-17.962741649021012,0.1245808809717,0.3737426429151,0.009887371505690476,-18.470952544413503,False,True
2021-05-19,1603.8074827028627,80495582.055,40247791.0275,40247791.027499996,638.8538258333334,4.0,4.0,8.0,4.0,0.5,0.05,0.080495582055,0.080495582055,0.080495582055,0.16099116411,1.6038074827028627e-06,3.2198232822e-05,8.0495582055e-06,2.41486746165e-05,32198.232822,6.388538258333334e-07,-6.4457507227971376e-06,-3.0594425339297134e-05,-3.0594425339297134e-05,-3.123327916513047e-05,0.016038074827028626,0.080495582055,0.241486746165,0.006388538258333334,-0.3123327916513047,False,True
2021-05-20,497241.33870733494,199972446.7008955,99986223.35044774,99986223.35044774,1587.0829103245674,4.0,4.0,8.0,4.0,0.5,0.05,0.19997244670089548,0.19997244670089548,0.19997244670089548,0.39994489340179096,0.0004972413387073349,7.99889786803582e-05,1.999724467008955e-05,5.999173401026864e-05,79988.9786803582,1.5870829103245674e-06,0.00047724409403724537,0.0004172523600269767,0.0004172523600269767,0.0004156652771166522,4.972413387073349,0.1999724467008955,0.5999173401026864,0.015870829103245675,4.156652771166522,False,True
2021-05-21,972843.784060713,197821452.85549998,98910726.42775,98910726.42774999,1570.0115305992063,4.0,4.0,8.0,4.0,0.5,0.05,0.19782145285549999,0.19782145285549999,0.19782145285549999,0.39564290571099997,0.000972843784060713,7.91285811422e-05,1.978214528555e-05,5.934643585664999e-05,79128.5811422,1.5700115305992063e-06,0.000953061638775163,0.000893715202918513,0.000893715202918513,0.0008921451913879139,9.72843784060713,0.1978214528555,0.5934643585664999,0.015700115305992062,8.921451913879139,False,True
2021-05-24,464752.4921838554,123190442.4273,61595221.21365,61595221.21365,977.7019240261906,4.0,4.0,8.0,4.0,0.5,0.05,0.12319044242730001,0.12319044242730001,0.12319044242730001,0.24638088485460002,0.0004647524921838554,4.927617697092001e-05,1.2319044242730002e-05,3.695713272819e-05,49276.17697092001,9.777019240261906e-07,0.0004524334479411254,0.0004154763152129354,0.0004154763152129354,0.0004144986132889092,4.647524921838554,0.12319044242730003,0.3695713272819,0.009777019240261907,4.144986132889092,False,True
2021-05-25,341635.44312905415,103819356.86455,51909678.43227499,51909678.432275005,823.9631497186509,4.0,4.0,8.0,4.0,0.5,0.05,0.10381935686454999,0.10381935686454999,0.10381935686454999,0.20763871372909998,0.00034163544312905414,4.152774274582e-05,1.0381935686455e-05,3.1145807059365e-05,41527.742745819996,8.239631497186509e-07,0.00033125350744259917,0.0003001077003832342,0.0003001077003832342,0.0002992837372335155,3.416354431290541,0.10381935686454999,0.31145807059365,0.00823963149718651,2.9928373723351553,False,True
2021-05-26,-233803.01710426208,192254856.60140002,96127428.30070001,96127428.30070001,1525.8321952492067,4.0,4.0,8.0,4.0,0.5,0.05,0.19225485660140001,0.19225485660140001,0.19225485660140001,0.38450971320280003,-0.00023380301710426208,7.690194264056001e-05,1.9225485660140003e-05,5.767645698042e-05,76901.94264056001,1.5258321952492067e-06,-0.0002530285027644021,-0.0003107049597448221,-0.0003107049597448221,-0.00031223079194007134,-2.338030171042621,0.19225485660140001,0.5767645698042,0.015258321952492066,-3.1223079194007135,False,True
2021-05-27,-127413.7156934635,130224422.49499999,65112211.24749999,65112211.2475,1033.5271626587303,4.0,4.0,8.0,4.0,0.5,0.05,0.130224422495,0.130224422495,0.130224422495,0.26044884499,-0.0001274137156934635,5.2089768998e-05,1.30224422495e-05,3.906732674849999e-05,52089.768998,1.0335271626587303e-06,-0.0001404361579429635,-0.0001795034846914635,-0.0001795034846914635,-0.00018053701185412224,-1.274137156934635,0.130224422495,0.3906732674849999,0.010335271626587303,-1.8053701185412223,False,True
2021-05-28,82878.15030688935,110382467.39019999,55191233.695099995,55191233.695099995,876.0513284936508,4.0,4.0,8.0,4.0,0.5,0.05,0.1103824673902,0.1103824673902,0.1103824673902,0.2207649347804,8.287815030688935e-05,4.415298695608e-05,1.103824673902e-05,3.311474021706e-05,44152.98695608,8.760513284936508e-07,7.183990356786934e-05,3.8725163350809346e-05,3.8725163350809346e-05,3.7849112022315696e-05,0.8287815030688934,0.1103824673902,0.33114740217059996,0.008760513284936508,0.37849112022315695,False,True
2021-06-01,9891.348687690974,101388331.92999999,50694165.964999996,50694165.964999996,804.669301031746,4.0,4.0,8.0,4.0,0.5,0.05,0.10138833192999999,0.10138833192999999,0.10138833192999999,0.20277666385999998,9.891348687690974e-06,4.0555332772e-05,1.0138833193e-05,3.0416499578999996e-05,40555.332772,8.046693010317461e-07,-2.474845053090262e-07,-3.0663984084309024e-05,-3.0663984084309024e-05,-3.146865338534077e-05,0.09891348687690973,0.10138833192999999,0.30416499578999995,0.008046693010317461,-0.3146865338534077,False,True
2021-06-02,-259935.28259946572,125984932.37000002,62992466.18500001,62992466.18500001,999.8804156349207,4.0,4.0,8.0,4.0,0.5,0.05,0.12598493237000002,0.12598493237000002,0.12598493237000002,0.25196986474000005,-0.00025993528259946573,5.0393972948000016e-05,1.2598493237000004e-05,3.7795479711e-05,50393.97294800002,9.998804156349208e-07,-0.00027253377583646575,-0.00031032925554746576,-0.00031032925554746576,-0.0003113291359631007,-2.5993528259946572,0.12598493237000005,0.37795479711,0.009998804156349208,-3.113291359631007,False,True
2021-06-03,754829.5446432454,154130119.1866,77065059.5933,77065059.5933,1223.254914179365,4.0,4.0,8.0,4.0,0.5,0.05000000000000001,0.1541301191866,0.1541301191866,0.1541301191866,0.3082602383732,0.0007548295446432454,6.165204767464e-05,1.541301191866e-05,4.6239035755979993e-05,61652.04767464,1.2232549141793649e-06,0.0007394165327245854,0.0006931774969686054,0.0006931774969686054,0.000691954242054426,7.548295446432454,0.15413011918660002,0.46239035755979996,0.012232549141793649,6.919542420544261,False,True
2021-06-04,94572.67636114286,142449798.82815,71224899.414075,71224899.41407499,1130.5539589535713,4.0,4.0,8.0,4.0,0.5,0.05000000000000001,0.14244979882815,0.14244979882815,0.14244979882815,0.2848995976563,9.457267636114286e-05,5.6979919531260005e-05,1.4244979882815001e-05,4.2734939648445e-05,56979.919531260006,1.1305539589535714e-06,8.032769647832786e-05,3.759275682988286e-05,3.759275682988286e-05,3.646220287092929e-05,0.9457267636114286,0.14244979882815,0.42734939648445,0.011305539589535714,0.3646220287092929,False,True
2021-06-07,3753350.1107650516,288432446.2367,144216223.11835,144216223.11835003,2289.1463987039683,4.0,4.0,8.0,4.0,0.5,0.05,0.2884324462367,0.2884324462367,0.2884324462367,0.5768648924734,0.0037533501107650516,0.00011537297849468001,2.8843244623670002e-05,8.652973387100999e-05,115372.97849468,2.2891463987039684e-06,0.0037245068661413815,0.0036379771322703714,0.0036379771322703714,0.0036356879858716676,37.533501107650515,0.2884324462367,0.8652973387101,0.022891463987039683,36.356879858716674,False,True
2021-06-08,249590.9659286366,164445615.81095,82222807.905475,82222807.905475,1305.1239350075398,4.0,4.0,8.0,4.0,0.5,0.05,0.16444561581095002,0.16444561581095002,0.16444561581095002,0.32889123162190004,0.0002495909659286366,6.577824632438001e-05,1.6444561581095002e-05,4.9333684743285e-05,65778.24632438,1.3051239350075398e-06,0.0002331464043475416,0.0001838127196042566,0.0001838127196042566,0.00018250759566924905,2.495909659286366,0.16444561581095002,0.49333684743285,0.013051239350075398,1.8250759566924906,False,True
2021-06-09,466862.1283218853,203606201.65925,101803100.829625,101803100.82962501,2856.707965390873,4.0,4.0,8.0,4.0,0.5,0.05000000000000001,0.20360620165925,0.20360620165925,0.20360620165925,0.4072124033185,0.0004668621283218853,8.14424806637e-05,2.0360620165925e-05,6.1081860497775e-05,81442.4806637,2.856707965390873e-06,0.0004465015081559603,0.00038541964765818535,0.00038541964765818535,0.00038256293969279447,4.668621283218853,0.20360620165925,0.61081860497775,0.02856707965390873,3.825629396927945,False,True
2021-06-10,436366.45042271673,182674722.91765004,91337361.45882502,91337361.458825,1449.7993882353178,4.0,4.0,8.0,4.0,0.5,0.05,0.18267472291765005,0.18267472291765005,0.18267472291765005,0.3653494458353001,0.00043636645042271675,7.306988916706002e-05,1.8267472291765006e-05,5.480241687529501e-05,73069.88916706003,1.4497993882353178e-06,0.0004180989781309517,0.0003632965612556567,0.0003632965612556567,0.00036184676186742134,4.363664504227168,0.18267472291765005,0.5480241687529501,0.014497993882353177,3.6184676186742135,False,True
2021-06-11,1041669.8757477689,214758428.9725,107379214.48624998,107379214.48625,1704.431975972222,4.0,4.0,8.0,4.0,0.5,0.05,0.2147584289725,0.2147584289725,0.2147584289725,0.429516857945,0.0010416698757477688,8.5903371589e-05,2.147584289725e-05,6.442752869174999e-05,85903.371589,1.704431975972222e-06,0.0010201940328505188,0.0009557665041587688,0.0009557665041587688,0.0009540620721827966,10.416698757477688,0.2147584289725,0.6442752869174999,0.01704431975972222,9.540620721827967,False,True
2021-06-14,-52958.865336439965,40631310.632501,20315655.3162505,20315655.316250503,322.47071930556353,4.0,4.0,8.0,4.0,0.5,0.05,0.040631310632501,0.040631310632501,0.040631310632501,0.081262621265002,-5.2958865336439965e-05,1.62525242530004e-05,4.0631310632501e-06,1.21893931897503e-05,16252.5242530004,3.2247071930556355e-07,-5.7021996399690067e-05,-6.921138958944036e-05,-6.921138958944036e-05,-6.953386030874593e-05,-0.5295886533643996,0.040631310632501,0.121893931897503,0.0032247071930556355,-0.6953386030874593,False,True
2021-06-15,-490286.4603748519,92056852.63,46028426.315,46028426.315000005,730.6099415079366,4.0,4.0,8.0,4.0,0.5,0.05,0.09205685262999999,0.09205685262999999,0.09205685262999999,0.18411370525999998,-0.0004902864603748519,3.6822741052e-05,9.205685263e-06,2.7617055788999996e-05,36822.741052,7.306099415079365e-07,-0.0004994921456378519,-0.0005271092014268519,-0.0005271092014268519,-0.0005278398113683598,-4.902864603748519,0.09205685262999999,0.27617055788999995,0.007306099415079366,-5.278398113683598,False,True
2021-06-16,-249778.48528743003,57379555.675373495,28689777.837686744,28689777.83768675,455.3932990109008,4.0,4.0,8.0,4.0,0.5,0.05,0.05737955567537349,0.05737955567537349,0.05737955567537349,0.11475911135074698,-0.00024977848528743,2.2951822270149398e-05,5.7379555675373495e-06,1.7213866702612046e-05,22951.822270149398,4.5539329901090084e-07,-0.00025551644085496734,-0.0002727303075575794,-0.0002727303075575794,-0.0002731857008565903,-2.4977848528743003,0.05737955567537349,0.17213866702612046,0.004553932990109009,-2.731857008565903,False,True
2021-06-17,0.0,0.0,0.0,0.0,0.0,0.0,0.0,0.0,0.0,0.0,0.0,0.0,0.0,0.0,0.0,0.0,0.0,0.0,0.0,0.0,0.0,0.0,0.0,0.0,0.0,0.0,0.0,0.0,0.0,0.0,False,False
2021-06-18,-1259055.65073749,62731693.64925,31365846.824624997,31365846.824625,497.87058451785714,4.0,4.0,8.0,4.0,0.5,0.05,0.06273169364925,0.06273169364925,0.06273169364925,0.1254633872985,-0.00125905565073749,2.5092677459700005e-05,6.273169364925001e-06,1.8819508094775e-05,25092.677459700004,4.978705845178571e-07,-0.001265328820102415,-0.00128414832819719,-0.00128414832819719,-0.0012846461987817079,-12.590556507374899,0.06273169364925,0.18819508094775,0.004978705845178571,-12.84646198781708,False,True
2021-06-21,-667975.2343898085,145236042.8962,72618021.4481,72618021.4481,1152.6670071126985,4.0,4.0,8.0,4.0,0.5,0.05000000000000001,0.1452360428962,0.1452360428962,0.1452360428962,0.2904720857924,-0.0006679752343898085,5.809441715848001e-05,1.4523604289620003e-05,4.357081286886e-05,58094.41715848001,1.1526670071126984e-06,-0.0006824988386794284,-0.0007260696515482885,-0.0007260696515482885,-0.0007272223185554012,-6.679752343898085,0.1452360428962,0.43570812868860004,0.011526670071126984,-7.272223185554012,False,True
2021-06-22,1566550.603177529,123094144.80255,61547072.401275,61547072.401275,976.9376571630953,4.0,4.0,8.0,4.0,0.5,0.05,0.12309414480255,0.12309414480255,0.12309414480255,0.2461882896051,0.001566550603177529,4.923765792102e-05,1.2309414480255e-05,3.6928243440765e-05,49237.65792102,9.769376571630954e-07,0.001554241188697274,0.001517312945256509,0.001517312945256509,0.001516336007599346,15.66550603177529,0.12309414480255,0.36928243440765,0.009769376571630954,15.16336007599346,False,True
2021-06-23,-195019.69148976734,95283363.00755,47641681.503775,47641681.503775,756.2171667265873,4.0,4.0,8.0,4.0,0.5,0.05,0.09528336300755,0.09528336300755,0.09528336300755,0.1905667260151,-0.00019501969148976735,3.8113345203020004e-05,9.528336300755001e-06,2.8585008902264998e-05,38113.345203020006,7.562171667265873e-07,-0.00020454802779052236,-0.00023313303669278735,-0.00023313303669278735,-0.00023388925385951393,-1.9501969148976734,0.09528336300755001,0.28585008902264997,0.007562171667265872,-2.338892538595139,False,True
2021-06-24,956195.3044989427,163823082.09435,81911541.04717502,81911541.047175,1300.183191225,4.0,4.0,8.0,4.0,0.5,0.05,0.16382308209435,0.16382308209435,0.16382308209435,0.3276461641887,0.0009561953044989427,6.552923283774e-05,1.6382308209435e-05,4.9146924628305e-05,65529.232837740004,1.3001831912249999e-06,0.0009398129962895078,0.0008906660716612027,0.0008906660716612027,0.0008893658884699777,9.561953044989428,0.16382308209435,0.49146924628305,0.013001831912249998,8.893658884699777,False,True
2021-06-25,-186162.26608150976,79055006.44960001,39527503.224800006,39527503.224800006,627.4206861079366,4.0,4.0,8.0,4.0,0.5,0.05,0.07905500644960001,0.07905500644960001,0.07905500644960001,0.15811001289920001,-0.00018616226608150977,3.1622002579840004e-05,7.905500644960001e-06,2.371650193488e-05,31622.002579840006,6.274206861079366e-07,-0.00019406776672646977,-0.0002177842686613498,-0.0002177842686613498,-0.00021841168934745773,-1.8616226608150976,0.07905500644960001,0.2371650193488,0.006274206861079366,-2.1841168934745774,False,True
2021-06-28,-408676.68050898536,147935890.0096,73967945.0048,73967945.0048,1174.0943651555558,4.0,4.0,8.0,4.0,0.5,0.05000000000000001,0.1479358900096,0.1479358900096,0.1479358900096,0.2958717800192,-0.00040867668050898533,5.917435600384e-05,1.479358900096e-05,4.438076700288e-05,59174.35600384,1.1740943651555558e-06,-0.00042347026950994535,-0.00046785103651282535,-0.00046785103651282535,-0.0004690251308779809,-4.086766805089853,0.1479358900096,0.44380767002879995,0.011740943651555558,-4.690251308779809,False,True
2021-06-29,-19706.527925851115,124865812.67109999,62432906.335549995,62432906.33555,990.9985132626985,4.0,4.0,8.0,4.0,0.5,0.05,0.12486581267109999,0.12486581267109999,0.12486581267109999,0.24973162534219998,-1.9706527925851114e-05,4.994632506844e-05,1.248658126711e-05,3.745974380132999e-05,49946.32506844,9.909985132626985e-07,-3.219310919296111e-05,-6.96528529942911e-05,-6.96528529942911e-05,-7.06438515075538e-05,-0.19706527925851114,0.1248658126711,0.3745974380132999,0.009909985132626985,-0.706438515075538,False,True
2021-06-30,258926.16320832088,78915158.91365,39457579.456825,39457579.456824996,626.3107850289683,4.0,4.0,8.0,4.0,0.5,0.05000000000000001,0.07891515891365,0.07891515891365,0.07891515891365,0.1578303178273,0.00025892616320832086,3.156606356546e-05,7.891515891365e-06,2.3674547674095e-05,31566.06356546,6.263107850289683e-07,0.00025103464731695587,0.00022736009964286088,0.00022736009964286088,0.0002267337888578319,2.5892616320832085,0.07891515891365,0.23674547674095,0.006263107850289683,2.267337888578319,False,True
2021-07-01,-438343.4574776825,120200780.56955001,60100390.284775004,60100390.284775004,953.9744489646826,4.0,4.0,8.0,4.0,0.5,0.05,0.12020078056955001,0.12020078056955001,0.12020078056955001,0.24040156113910002,-0.00043834345747768253,4.808031222782001e-05,1.2020078056955002e-05,3.6060234170865e-05,48080.31222782001,9.539744489646826e-07,-0.00045036353553463753,-0.00048642376970550256,-0.00048642376970550256,-0.00048737774415446726,-4.3834345747768255,0.12020078056955003,0.36060234170865,0.009539744489646826,-4.873777441544672,False,True
2021-07-02,0.0,0.0,0.0,0.0,0.0,0.0,0.0,0.0,0.0,0.0,0.0,0.0,0.0,0.0,0.0,0.0,0.0,0.0,0.0,0.0,0.0,0.0,0.0,0.0,0.0,0.0,0.0,0.0,0.0,0.0,False,False
2021-07-06,0.0,0.0,0.0,0.0,0.0,0.0,0.0,0.0,0.0,0.0,0.0,0.0,0.0,0.0,0.0,0.0,0.0,0.0,0.0,0.0,0.0,0.0,0.0,0.0,0.0,0.0,0.0,0.0,0.0,0.0,False,False
2021-07-07,-1054832.9132984683,116887988.4208295,58443994.21041475,58443994.21041475,927.6824477843612,4.0,4.0,8.0,4.0,0.5,0.05,0.11688798842082951,0.11688798842082951,0.11688798842082951,0.23377597684165902,-0.0010548329132984684,4.6755195368331805e-05,1.1688798842082951e-05,3.506639652624885e-05,46755.195368331806,9.276824477843612e-07,-0.0010665217121405514,-0.0011015881086668003,-0.0011015881086668003,-0.0011025157911145847,-10.548329132984684,0.11688798842082951,0.3506639652624885,0.009276824477843611,-11.025157911145847,False,True
2021-07-08,1099972.783341118,160747225.1968,80373612.5984,80373612.5984,1275.7716285460317,4.0,4.0,8.0,4.0,0.5,0.05,0.1607472251968,0.1607472251968,0.1607472251968,0.3214944503936,0.001099972783341118,6.429889007872e-05,1.607472251968e-05,4.822416755903999e-05,64298.89007872,1.2757716285460317e-06,0.001083898060821438,0.001035673893262398,0.001035673893262398,0.001034398121633852,10.99972783341118,0.1607472251968,0.48224167559039993,0.012757716285460317,10.34398121633852,False,True
2021-07-09,-740233.8050566878,152096366.27080002,76048183.13540001,76048183.13540001,1207.1140180222224,4.0,4.0,8.0,4.0,0.5,0.05,0.15209636627080003,0.15209636627080003,0.15209636627080003,0.30419273254160006,-0.0007402338050566878,6.083854650832001e-05,1.5209636627080003e-05,4.5628909881240004e-05,60838.54650832001,1.2071140180222224e-06,-0.0007554434416837679,-0.0008010723515650079,-0.0008010723515650079,-0.0008022794655830302,-7.402338050566878,0.15209636627080003,0.45628909881240004,0.012071140180222224,-8.022794655830301,False,True
2021-07-12,-331813.0364087437,169106749.5206145,84553374.76030722,84553374.76030725,1342.1170596874167,4.0,4.0,8.0,4.0,0.5,0.05,0.1691067495206145,0.1691067495206145,0.1691067495206145,0.338213499041229,-0.0003318130364087437,6.76426998082458e-05,1.691067495206145e-05,5.0732024856184346e-05,67642.6998082458,1.3421170596874168e-06,-0.00034872371136080517,-0.0003994557362169895,-0.0003994557362169895,-0.0004007978532766769,-3.318130364087437,0.1691067495206145,0.5073202485618434,0.013421170596874168,-4.007978532766769,False,True
2021-07-13,54391.40854083026,68058622.35205,34029311.176024996,34029311.176025,741.8891718056101,4.0,4.0,8.0,4.0,0.5,0.05,0.06805862235205001,0.06805862235205001,0.06805862235205001,0.13611724470410003,5.439140854083026e-05,2.7223448940820005e-05,6.805862235205001e-06,2.0417586705615004e-05,27223.448940820006,7.418891718056101e-07,4.758554630562526e-05,2.7167959600010258e-05,2.7167959600010258e-05,2.6426070428204647e-05,0.5439140854083027,0.06805862235205001,0.20417586705615004,0.007418891718056101,0.26426070428204645,False,True
2021-07-14,-608012.3246471217,145400781.536009,72700390.7680045,72700390.7680045,1153.9744566349923,4.0,4.0,8.0,4.0,0.5,0.05,0.14540078153600902,0.14540078153600902,0.14540078153600902,0.29080156307201804,-0.0006080123246471217,5.8160312614403614e-05,1.4540078153600904e-05,4.36202344608027e-05,58160.312614403614,1.1539744566349922e-06,-0.0006225524028007226,-0.0006661726372615254,-0.0006661726372615254,-0.0006673266117181604,-6.080123246471217,0.14540078153600905,0.436202344608027,0.011539744566349921,-6.673266117181604,False,True
2021-07-15,152744.81403458337,116168278.92500001,58084139.462500006,58084139.462500006,921.9704676587303,4.0,4.0,8.0,4.0,0.5,0.05000000000000001,0.11616827892500001,0.11616827892500001,0.11616827892500001,0.23233655785000001,0.00015274481403458338,4.6467311570000005e-05,1.1616827892500001e-05,3.48504836775e-05,46467.311570000005,9.219704676587303e-07,0.0001411279861420834,0.0001062775024645834,0.0001062775024645834,0.00010535553199692466,1.5274481403458338,0.11616827892500001,0.34850483677500005,0.009219704676587302,1.0535553199692467,False,True
2021-07-16,-2031566.5399111628,101543822.668509,50771911.3342545,50771911.33425452,805.9033545119763,4.0,4.0,8.0,4.0,0.5,0.05,0.101543822668509,0.101543822668509,0.101543822668509,0.203087645337018,-0.002031566539911163,4.0617529067403604e-05,1.0154382266850901e-05,3.0463146800552698e-05,40617.5290674036,8.059033545119763e-07,-0.002041720922178014,-0.0020721840689785667,-0.0020721840689785667,-0.0020729899723330785,-20.31566539911163,0.101543822668509,0.304631468005527,0.008059033545119764,-20.729899723330785,False,True
2021-07-19,-25483.49209348329,142633635.445,71316817.7225,71316817.7225,1132.0129797222223,4.0,4.0,8.0,4.0,0.5,0.05,0.142633635445,0.142633635445,0.142633635445,0.28526727089,-2.548349209348329e-05,5.7053454177999996e-05,1.4263363544499999e-05,4.2790090633499995e-05,57053.45417799999,1.1320129797222223e-06,-3.974685563798329e-05,-8.253694627148329e-05,-8.253694627148329e-05,-8.366895925120551e-05,-0.2548349209348329,0.142633635445,0.42790090633499994,0.011320129797222224,-0.8366895925120551,False,True
2021-07-20,371891.4072252759,191514584.76,95757292.38000001,95757292.38,1519.9570219047619,4.0,4.0,8.0,4.0,0.5,0.05,0.19151458476,0.19151458476,0.19151458476,0.38302916952,0.00037189140722527586,7.6605833904e-05,1.9151458476e-05,5.7454375428e-05,76605.833904,1.519957021904762e-06,0.00035273994874927584,0.0002952855733212758,0.0002952855733212758,0.00029376561629937105,3.7189140722527587,0.19151458476,0.5745437542799999,0.01519957021904762,2.9376561629937106,False,True
2021-07-21,-831663.4816487574,166855099.29999998,83427549.64999999,83427549.64999999,1324.2468198412698,4.0,4.0,8.0,4.0,0.5,0.05,0.16685509929999998,0.16685509929999998,0.16685509929999998,0.33371019859999995,-0.0008316634816487574,6.674203972e-05,1.668550993e-05,5.0056529789999986e-05,66742.03972,1.3242468198412698e-06,-0.0008483489915787574,-0.0008984055213687574,-0.0008984055213687574,-0.0008997297681885987,-8.316634816487573,0.1668550993,0.5005652978999998,0.013242468198412698,-8.997297681885987,False,True
2021-07-22,58080.292541559305,66220463.59,33110231.795,33110231.795,525.5592348412698,4.0,4.0,8.0,4.0,0.5,0.05,0.06622046359,0.06622046359,0.06622046359,0.13244092718,5.808029254155931e-05,2.6488185436000002e-05,6.6220463590000004e-06,1.9866139076999997e-05,26488.185436000003,5.255592348412698e-07,5.145824618255931e-05,3.159210710555932e-05,3.159210710555932e-05,3.106654787071805e-05,0.5808029254155931,0.06622046359,0.19866139076999997,0.005255592348412698,0.3106654787071805,False,True
2021-07-23,-292080.2739217055,62128174.7141,31064087.35705,31064087.35705,493.0807516992064,4.0,4.0,8.0,4.0,0.5,0.05000000000000001,0.0621281747141,0.0621281747141,0.0621281747141,0.1242563494282,-0.0002920802739217055,2.4851269885640003e-05,6.212817471410001e-06,1.863845241423e-05,24851.269885640002,4.930807516992064e-07,-0.0002982930913931155,-0.0003169315438073455,-0.0003169315438073455,-0.00031742462455904474,-2.920802739217055,0.06212817471410001,0.1863845241423,0.0049308075169920635,-3.174246245590447,False,True
2021-07-26,-672273.4902040111,180949458.50970003,90474729.25485002,90474729.25485,1436.1068135690477,4.0,4.0,8.0,4.0,0.5,0.05000000000000001,0.18094945850970004,0.18094945850970004,0.18094945850970004,0.3618989170194001,-0.0006722734902040111,7.237978340388002e-05,1.8094945850970005e-05,5.4284837552910006e-05,72379.78340388002,1.4361068135690477e-06,-0.0006903684360549811,-0.0007446532736078911,-0.0007446532736078911,-0.0007460893804214601,-6.722734902040111,0.18094945850970007,0.5428483755291,0.014361068135690477,-7.460893804214601,False,True
2021-07-27,216104.66879314798,24741871.9341095,12370935.96705475,12370935.96705475,587.6234323059326,3.0,3.0,6.0,3.0,0.5,0.05,0.0247418719341095,0.0247418719341095,0.0247418719341095,0.049483743868219,0.00021610466879314798,9.896748773643801e-06,2.4741871934109503e-06,7.422561580232849e-06,9896.748773643802,5.876234323059326e-07,0.00021363048159973703,0.00020620792001950418,0.00020620792001950418,0.00020562029658719824,2.16104668793148,0.024741871934109504,0.07422561580232849,0.005876234323059326,2.0562029658719823,False,True
2021-07-28,51916.28509116142,15527322.274575002,7763661.1372875,7763661.137287501,228.1789981974207,3.0,3.0,6.0,3.0,0.5,0.05000000000000001,0.015527322274575003,0.015527322274575003,0.015527322274575003,0.031054644549150006,5.191628509116142e-05,6.2109289098300015e-06,1.5527322274575004e-06,4.658196682372501e-06,6210.928909830001,2.281789981974207e-07,5.036355286370392e-05,4.570535618133142e-05,4.570535618133142e-05,4.5477177183134e-05,0.5191628509116142,0.015527322274575003,0.04658196682372501,0.002281789981974207,0.45477177183134,False,True
2021-07-29,-293470.25085776526,29731718.432693504,14865859.216346752,14865859.21634675,610.7639218989485,4.0,4.0,8.0,4.0,0.5,0.05,0.029731718432693503,0.029731718432693503,0.029731718432693503,0.05946343686538701,-0.00029347025085776527,1.1892687373077401e-05,2.9731718432693503e-06,8.91951552980805e-06,11892.6873730774,6.107639218989485e-07,-0.0002964434227010346,-0.0003053629382308427,-0.0003053629382308427,-0.0003059737021527416,-2.9347025085776526,0.029731718432693503,0.0891951552980805,0.006107639218989485,-3.0597370215274164,False,True
2021-07-30,235467.83588056316,49316985.698195,24658492.8490975,24658492.8490975,498.23044230932544,4.0,4.0,8.0,4.0,0.5,0.05,0.049316985698195,0.049316985698195,0.049316985698195,0.09863397139639,0.00023546783588056317,1.9726794279278e-05,4.9316985698195e-06,1.47950957094585e-05,19726.794279278,4.982304423093255e-07,0.00023053613731074368,0.0002157410416012852,0.0002157410416012852,0.00021524281115897588,2.3546783588056317,0.049316985698195,0.147950957094585,0.004982304423093255,2.1524281115897588,False,True
2021-08-02,47834.91172519735,39810792.595,19905396.297500003,19905396.2975,315.9586713888889,4.0,4.0,8.0,4.0,0.5,0.05,0.039810792595,0.039810792595,0.039810792595,0.07962158519,4.783491172519735e-05,1.5924317038e-05,3.9810792595e-06,1.1943237778499998e-05,15924.317038000001,3.159586713888889e-07,4.385383246569735e-05,3.191059468719735e-05,3.191059468719735e-05,3.159463601580846e-05,0.4783491172519735,0.039810792595000005,0.11943237778499999,0.003159586713888889,0.31594636015808464,False,True
2021-08-03,0.0,0.0,0.0,0.0,0.0,0.0,0.0,0.0,0.0,0.0,0.0,0.0,0.0,0.0,0.0,0.0,0.0,0.0,0.0,0.0,0.0,0.0,0.0,0.0,0.0,0.0,0.0,0.0,0.0,0.0,False,False
2021-08-04,0.0,0.0,0.0,0.0,0.0,0.0,0.0,0.0,0.0,0.0,0.0,0.0,0.0,0.0,0.0,0.0,0.0,0.0,0.0,0.0,0.0,0.0,0.0,0.0,0.0,0.0,0.0,0.0,0.0,0.0,False,False
2021-08-05,0.0,0.0,0.0,0.0,0.0,0.0,0.0,0.0,0.0,0.0,0.0,0.0,0.0,0.0,0.0,0.0,0.0,0.0,0.0,0.0,0.0,0.0,0.0,0.0,0.0,0.0,0.0,0.0,0.0,0.0,False,False
2021-08-06,-238421.72297755495,60499296.75745,30249648.378724996,30249648.378725,480.1531488686508,4.0,4.0,8.0,4.0,0.5,0.05,0.06049929675745,0.06049929675745,0.06049929675745,0.1209985935149,-0.00023842172297755494,2.419971870298e-05,6.049929675745e-06,1.8149789027235e-05,24199.71870298,4.801531488686508e-07,-0.00024447165265329996,-0.00026262144168053497,-0.00026262144168053497,-0.00026310159482940363,-2.3842172297755493,0.06049929675745,0.18149789027235,0.0048015314886865074,-2.6310159482940363,False,True
2021-08-09,250017.0559837981,171703769.05840003,85851884.52920002,85851884.52920002,1362.728325860318,4.0,4.0,8.0,4.0,0.5,0.05,0.17170376905840004,0.17170376905840004,0.17170376905840004,0.3434075381168001,0.0002500170559837981,6.868150762336002e-05,1.7170376905840004e-05,5.151113071752001e-05,68681.50762336001,1.3627283258603179e-06,0.0002328466790779581,0.00018133554836043808,0.00018133554836043808,0.00017997282003457776,2.500170559837981,0.17170376905840004,0.5151113071752,0.01362728325860318,1.7997282003457775,False,True
2021-08-10,-225098.88652380716,55968955.674292,27984477.837146003,27984477.837146,444.1980609070794,4.0,4.0,8.0,4.0,0.5,0.05,0.055968955674292,0.055968955674292,0.055968955674292,0.111937911348584,-0.00022509888652380716,2.23875822697168e-05,5.5968955674292e-06,1.6790686702287597e-05,22387.5822697168,4.441980609070794e-07,-0.00023069578209123636,-0.00024748646879352396,-0.00024748646879352396,-0.00024793066685443104,-2.2509888652380714,0.055968955674292005,0.16790686702287597,0.004441980609070794,-2.4793066685443104,False,True
2021-08-11,-431318.4985395831,88515220.3701855,44257610.18509275,44257610.18509275,702.5017489697262,4.0,4.0,8.0,4.0,0.5,0.05,0.0885152203701855,0.0885152203701855,0.0885152203701855,0.177030440740371,-0.00043131849853958313,3.54060881480742e-05,8.85152203701855e-06,2.6554566111055647e-05,35406.0881480742,7.025017489697262e-07,-0.00044017002057660166,-0.0004667245866876573,-0.0004667245866876573,-0.000467427088436627,-4.313184985395831,0.0885152203701855,0.2655456611105565,0.0070250174896972625,-4.67427088436627,False,True
2021-08-12,-272054.18997242034,101590106.2407345,50795053.12036725,50795053.12036725,806.2706844502738,4.0,4.0,8.0,4.0,0.5,0.05,0.1015901062407345,0.1015901062407345,0.1015901062407345,0.203180212481469,-0.0002720541899724203,4.0636042496293805e-05,1.0159010624073451e-05,3.0477031872220347e-05,40636.042496293805,8.062706844502739e-07,-0.00028221320059649375,-0.0003126902324687141,-0.0003126902324687141,-0.0003134965031531644,-2.720541899724203,0.10159010624073452,0.30477031872220345,0.00806270684450274,-3.1349650315316437,False,True
2021-08-13,-562970.7587171072,69392113.24000001,34696056.620000005,34696056.620000005,910.379805873016,4.0,4.0,8.0,4.0,0.5,0.05,0.06939211324000001,0.06939211324000001,0.06939211324000001,0.13878422648000002,-0.0005629707587171072,2.7756845296000005e-05,6.939211324000001e-06,2.0817633972000003e-05,27756.845296000007,9.10379805873016e-07,-0.0005699099700411073,-0.0005907276040131073,-0.0005907276040131073,-0.0005916379838189803,-5.6297075871710724,0.06939211324000001,0.20817633972000002,0.00910379805873016,-5.916379838189803,False,True
2021-08-16,-1702588.9622123316,182860436.56255,91430218.281275,91430218.281275,1451.273306051984,4.0,4.0,8.0,4.0,0.5,0.05,0.18286043656255002,0.18286043656255002,0.18286043656255002,0.36572087312510004,-0.0017025889622123316,7.314417462502001e-05,1.8286043656255003e-05,5.4858130968765003e-05,73144.17462502001,1.451273306051984e-06,-0.0017208750058685866,-0.0017757331368373516,-0.0017757331368373516,-0.0017771844101434036,-17.025889622123316,0.18286043656255002,0.5485813096876501,0.01451273306051984,-17.771844101434038,False,True
2021-08-17,42666.90569590802,173698408.2233625,86849204.11168125,86849204.11168125,1378.558795423512,4.0,4.0,8.0,4.0,0.5,0.05000000000000001,0.1736984082233625,0.1736984082233625,0.1736984082233625,0.347396816446725,4.2666905695908016e-05,6.9479363289345e-05,1.736984082233625e-05,5.210952246700874e-05,69479.363289345,1.378558795423512e-06,2.5297064873571767e-05,-2.6812457593436975e-05,-2.6812457593436975e-05,-2.819101638886049e-05,0.42666905695908014,0.1736984082233625,0.5210952246700874,0.01378558795423512,-0.2819101638886049,False,True
2021-08-18,-1082534.9775684066,123914284.62639998,61957142.3132,61957142.31319998,983.4467033841266,4.0,4.0,8.0,4.0,0.5,0.05,0.12391428462639997,0.12391428462639997,0.12391428462639997,0.24782856925279995,-0.0010825349775684067,4.9565713850559993e-05,1.2391428462639998e-05,3.717428538791999e-05,49565.713850559994,9.834467033841266e-07,-0.0010949264060310466,-0.0011321006914189666,-0.0011321006914189666,-0.0011330841381223507,-10.825349775684067,0.12391428462639999,0.37174285387919986,0.009834467033841266,-11.330841381223507,False,True
2021-08-19,45999.34184923196,18432156.25,9216078.124999998,9216078.125,146.28695436507937,4.0,4.0,8.0,4.0,0.5,0.05000000000000001,0.01843215625,0.01843215625,0.01843215625,0.0368643125,4.5999341849231964e-05,7.372862500000001e-06,1.8432156250000002e-06,5.529646875e-06,7372.862500000001,1.4628695436507936e-07,4.415612622423196e-05,3.8626479349231965e-05,3.8626479349231965e-05,3.848019239486689e-05,0.4599934184923196,0.01843215625,0.05529646875,0.0014628695436507935,0.38480192394866886,False,True
2021-08-20,10120.829345956503,15292386.629300002,7646193.314650002,7646193.31465,121.36814785158731,4.0,4.0,8.0,4.0,0.5,0.05,0.015292386629300003,0.015292386629300003,0.015292386629300003,0.030584773258600005,1.0120829345956503e-05,6.116954651720002e-06,1.5292386629300004e-06,4.587715988790001e-06,6116.9546517200015,1.2136814785158732e-07,8.591590683026503e-06,4.003874694236502e-06,4.003874694236502e-06,3.882506546384915e-06,0.10120829345956503,0.015292386629300004,0.045877159887900004,0.0012136814785158733,0.03882506546384915,False,True
2021-08-23,421329.5382452551,57555338.05060001,28777669.025300007,28777669.0253,456.78839722698416,4.0,4.0,8.0,4.0,0.5,0.05,0.05755533805060001,0.05755533805060001,0.05755533805060001,0.11511067610120002,0.00042132953824525513,2.3022135220240005e-05,5.755533805060001e-06,1.726660141518e-05,23022.135220240005,4.5678839722698414e-07,0.0004155740044401951,0.0003983074030250151,0.0003983074030250151,0.0003978506146277881,4.213295382452551,0.057555338050600015,0.1726660141518,0.004567883972269841,3.9785061462778812,False,True
2021-08-24,27596.114712920884,51186243.49555001,25593121.747775007,25593121.747775,808.6341998234127,4.0,4.0,8.0,4.0,0.5,0.05,0.05118624349555001,0.05118624349555001,0.05118624349555001,0.10237248699110002,2.7596114712920882e-05,2.0474497398220004e-05,5.118624349555001e-06,1.5355873048665003e-05,20474.497398220003,8.086341998234127e-07,2.247749036336588e-05,7.121617314700878e-06,7.121617314700878e-06,6.312983114877465e-06,0.27596114712920883,0.05118624349555001,0.15355873048665003,0.008086341998234128,0.06312983114877466,False,True
2021-08-25,-1691787.713604549,196289487.63673303,98144743.81836653,98144743.81836651,1557.8530764820082,4.0,4.0,8.0,4.0,0.5,0.05000000000000001,0.196289487636733,0.196289487636733,0.196289487636733,0.392578975273466,-0.0016917877136045489,7.851579505469321e-05,1.9628948763673303e-05,5.88868462910199e-05,78515.79505469321,1.557853076482008e-06,-0.0017114166623682222,-0.001770303508659242,-0.001770303508659242,-0.001771861361735724,-16.91787713604549,0.19628948763673304,0.588868462910199,0.01557853076482008,-17.718613617357242,False,True
2021-08-26,0.0,0.0,0.0,0.0,0.0,0.0,0.0,0.0,0.0,0.0,0.0,0.0,0.0,0.0,0.0,0.0,0.0,0.0,0.0,0.0,0.0,0.0,0.0,0.0,0.0,0.0,0.0,0.0,0.0,0.0,False,False
2021-08-27,0.0,0.0,0.0,0.0,0.0,0.0,0.0,0.0,0.0,0.0,0.0,0.0,0.0,0.0,0.0,0.0,0.0,0.0,0.0,0.0,0.0,0.0,0.0,0.0,0.0,0.0,0.0,0.0,0.0,0.0,False,False
2021-08-30,46593.58609188067,76055684.431985,38027842.215992495,38027842.2159925,603.6165431109921,4.0,4.0,8.0,4.0,0.5,0.05,0.076055684431985,0.076055684431985,0.076055684431985,0.15211136886397,4.6593586091880675e-05,3.0422273772794004e-05,7.605568443198501e-06,2.2816705329595497e-05,30422.273772794004,6.036165431109921e-07,3.898801764868217e-05,1.6171312319086674e-05,1.6171312319086674e-05,1.556769577597568e-05,0.46593586091880673,0.07605568443198502,0.22816705329595496,0.006036165431109922,0.15567695775975682,False,True
2021-08-31,86809.32509125456,65455489.73637451,32727744.868187256,32727744.868187256,931.6150632826866,4.0,4.0,8.0,4.0,0.5,0.05,0.06545548973637451,0.06545548973637451,0.06545548973637451,0.13091097947274902,8.680932509125456e-05,2.6182195894549806e-05,6.5455489736374515e-06,1.963664692091235e-05,26182.195894549805,9.316150632826866e-07,8.026377611761711e-05,6.062712919670477e-05,6.062712919670477e-05,5.969551413342208e-05,0.8680932509125456,0.06545548973637451,0.1963664692091235,0.009316150632826866,0.5969551413342208,False,True
2021-09-01,0.0,0.0,0.0,0.0,0.0,0.0,0.0,0.0,0.0,0.0,0.0,0.0,0.0,0.0,0.0,0.0,0.0,0.0,0.0,0.0,0.0,0.0,0.0,0.0,0.0,0.0,0.0,0.0,0.0,0.0,False,False
2021-09-02,0.0,0.0,0.0,0.0,0.0,0.0,0.0,0.0,0.0,0.0,0.0,0.0,0.0,0.0,0.0,0.0,0.0,0.0,0.0,0.0,0.0,0.0,0.0,0.0,0.0,0.0,0.0,0.0,0.0,0.0,False,False
2021-09-03,0.0,0.0,0.0,0.0,0.0,0.0,0.0,0.0,0.0,0.0,0.0,0.0,0.0,0.0,0.0,0.0,0.0,0.0,0.0,0.0,0.0,0.0,0.0,0.0,0.0,0.0,0.0,0.0,0.0,0.0,False,False
2021-09-07,0.0,0.0,0.0,0.0,0.0,0.0,0.0,0.0,0.0,0.0,0.0,0.0,0.0,0.0,0.0,0.0,0.0,0.0,0.0,0.0,0.0,0.0,0.0,0.0,0.0,0.0,0.0,0.0,0.0,0.0,False,False
2021-09-08,-6486.1015840682085,145558792.9187675,72779396.45938376,72779396.45938376,1217.8749728473613,4.0,4.0,8.0,4.0,0.5,0.05,0.1455587929187675,0.1455587929187675,0.1455587929187675,0.291117585837535,-6.4861015840682085e-06,5.8223517167507e-05,1.455587929187675e-05,4.3667637875630246e-05,58223.517167507,1.2178749728473612e-06,-2.1041980875944958e-05,-6.470961875157521e-05,-6.470961875157521e-05,-6.592749372442257e-05,-0.06486101584068209,0.1455587929187675,0.43667637875630244,0.012178749728473612,-0.6592749372442257,False,True
2021-09-09,0.0,0.0,0.0,0.0,0.0,0.0,0.0,0.0,0.0,0.0,0.0,0.0,0.0,0.0,0.0,0.0,0.0,0.0,0.0,0.0,0.0,0.0,0.0,0.0,0.0,0.0,0.0,0.0,0.0,0.0,False,False
2021-09-10,27044.615302630526,66922985.326607995,33461492.663303997,33461492.663304,592.3885583064127,4.0,4.0,8.0,4.0,0.5,0.05,0.066922985326608,0.066922985326608,0.066922985326608,0.133845970653216,2.7044615302630526e-05,2.67691941306432e-05,6.6922985326608e-06,2.0076895597982398e-05,26769.194130643198,5.923885583064127e-07,2.0352316769969726e-05,2.754211719873276e-07,2.754211719873276e-07,-3.169673863190851e-07,0.27044615302630526,0.066922985326608,0.20076895597982397,0.005923885583064128,-0.003169673863190851,False,True
2021-09-13,0.0,0.0,0.0,0.0,0.0,0.0,0.0,0.0,0.0,0.0,0.0,0.0,0.0,0.0,0.0,0.0,0.0,0.0,0.0,0.0,0.0,0.0,0.0,0.0,0.0,0.0,0.0,0.0,0.0,0.0,False,False
2021-09-14,5013.254917535725,19089603.46445,9544801.732225,9544801.732225,151.50478940039685,4.0,4.0,8.0,4.0,0.5,0.05,0.019089603464450003,0.019089603464450003,0.019089603464450003,0.038179206928900006,5.013254917535725e-06,7.635841385780002e-06,1.9089603464450004e-06,5.726881039335e-06,7635.8413857800015,1.5150478940039685e-07,3.104294571090725e-06,-2.6225864682442755e-06,-2.6225864682442755e-06,-2.7740912576446723e-06,0.050132549175357255,0.019089603464450003,0.05726881039335,0.0015150478940039686,-0.027740912576446723,False,True
2021-09-15,-29303.3260346113,52286490.48965,26143245.244825006,26143245.244825,414.9721467432539,4.0,4.0,8.0,4.0,0.5,0.05,0.052286490489650006,0.052286490489650006,0.052286490489650006,0.10457298097930001,-2.93033260346113e-05,2.0914596195860005e-05,5.228649048965001e-06,1.5685947146895002e-05,20914.596195860006,4.149721467432539e-07,-3.45319750835763e-05,-5.02179222304713e-05,-5.02179222304713e-05,-5.0632894377214554e-05,-0.293033260346113,0.05228649048965001,0.15685947146895002,0.004149721467432539,-0.5063289437721455,False,True
2021-09-16,8742.923713013675,68752073.2266,34376036.6133,34376036.6133,545.6513748142858,4.0,4.0,8.0,4.0,0.5,0.05000000000000001,0.0687520732266,0.0687520732266,0.0687520732266,0.1375041464532,8.742923713013675e-06,2.750082929064e-05,6.87520732266e-06,2.0625621967979998e-05,27500.829290640002,5.456513748142857e-07,1.8677163903536747e-06,-1.8757905577626325e-05,-1.8757905577626325e-05,-1.930355695244061e-05,0.08742923713013676,0.0687520732266,0.20625621967979998,0.005456513748142857,-0.1930355695244061,False,True
2021-09-17,0.0,0.0,0.0,0.0,0.0,0.0,0.0,0.0,0.0,0.0,0.0,0.0,0.0,0.0,0.0,0.0,0.0,0.0,0.0,0.0,0.0,0.0,0.0,0.0,0.0,0.0,0.0,0.0,0.0,0.0,False,False
2021-09-20,325384.2183824481,104205856.4149,52102928.20745,52102928.20745,827.0306064674603,4.0,4.0,8.0,4.0,0.5,0.05,0.1042058564149,0.1042058564149,0.1042058564149,0.2084117128298,0.0003253842183824481,4.1682342565960006e-05,1.0420585641490001e-05,3.126175692447e-05,41682.34256596,8.270306064674603e-07,0.00031496363274095807,0.00028370187581648804,0.00028370187581648804,0.0002828748452100206,3.253842183824481,0.10420585641490002,0.31261756924469997,0.008270306064674602,2.8287484521002058,False,True
2021-09-21,0.0,0.0,0.0,0.0,0.0,0.0,0.0,0.0,0.0,0.0,0.0,0.0,0.0,0.0,0.0,0.0,0.0,0.0,0.0,0.0,0.0,0.0,0.0,0.0,0.0,0.0,0.0,0.0,0.0,0.0,False,False
2021-09-22,0.0,0.0,0.0,0.0,0.0,0.0,0.0,0.0,0.0,0.0,0.0,0.0,0.0,0.0,0.0,0.0,0.0,0.0,0.0,0.0,0.0,0.0,0.0,0.0,0.0,0.0,0.0,0.0,0.0,0.0,False,False
2021-09-23,159382.85389321778,80890917.37,40445458.684999995,40445458.685,641.9914076984128,4.0,4.0,8.0,4.0,0.5,0.05000000000000001,0.08089091737000001,0.08089091737000001,0.08089091737000001,0.16178183474000002,0.00015938285389321778,3.235636694800001e-05,8.089091737000002e-06,2.4267275211000002e-05,32356.366948000006,6.419914076984128e-07,0.0001512937621562178,0.0001270264869452178,0.0001270264869452178,0.00012638449553751939,1.5938285389321778,0.08089091737000002,0.24267275211000003,0.006419914076984128,1.2638449553751938,False,True
2021-09-24,452193.5003567584,43535916.6637,21767958.33185,21767958.33185,345.5231481246032,4.0,4.0,8.0,4.0,0.5,0.05,0.0435359166637,0.0435359166637,0.0435359166637,0.0870718333274,0.0004521935003567584,1.741436666548e-05,4.35359166637e-06,1.3060774999109999e-05,17414.36666548,3.4552314812460323e-07,0.0004478399086903884,0.0004347791336912784,0.0004347791336912784,0.0004344336105431538,4.521935003567584,0.043535916663700006,0.1306077499911,0.003455231481246032,4.344336105431538,False,True
2021-09-27,472569.3483734291,85882974.01500002,42941487.007500015,42941487.00750001,681.6109048809524,4.0,4.0,8.0,4.0,0.5,0.05000000000000001,0.08588297401500002,0.08588297401500002,0.08588297401500002,0.17176594803000003,0.0004725693483734291,3.435318960600001e-05,8.588297401500002e-06,2.5764892204500004e-05,34353.18960600001,6.816109048809524e-07,0.0004639810509719291,0.0004382161587674291,0.0004382161587674291,0.00043753454786254814,4.725693483734291,0.08588297401500003,0.25764892204500006,0.006816109048809524,4.375345478625482,False,True
2021-09-28,283569.32319545955,71862691.4874,35931345.7437,35931345.7437,570.3388213285715,4.0,4.0,8.0,4.0,0.5,0.05,0.0718626914874,0.0718626914874,0.0718626914874,0.1437253829748,0.00028356932319545955,2.8745076594960002e-05,7.186269148740001e-06,2.155880744622e-05,28745.076594960003,5.703388213285715e-07,0.0002763830540467196,0.0002548242466004996,0.0002548242466004996,0.000254253907779171,2.8356932319545956,0.0718626914874,0.2155880744622,0.005703388213285715,2.54253907779171,False,True
2021-09-29,1591605.8236813517,198836569.92345002,99418284.96172501,99418284.96172501,1578.0680152654763,4.0,4.0,8.0,4.0,0.5,0.05000000000000001,0.19883656992345003,0.19883656992345003,0.19883656992345003,0.39767313984690006,0.0015916058236813517,7.953462796938002e-05,1.9883656992345004e-05,5.9650970977035e-05,79534.62796938002,1.5780680152654763e-06,0.0015717221666890068,0.0015120711957119718,0.0015120711957119718,0.0015104931276967064,15.916058236813518,0.19883656992345003,0.59650970977035,0.015780680152654762,15.104931276967065,False,True
2021-09-30,3387279.282610065,117670122.03,58835061.015,58835061.015,933.8898573809524,4.0,4.0,8.0,4.0,0.5,0.05,0.11767012203,0.11767012203,0.11767012203,0.23534024406,0.0033872792826100647,4.7068048812000005e-05,1.1767012203000001e-05,3.5301036609e-05,47068.04881200001,9.338898573809525e-07,0.0033755122704070646,0.0033402112337980647,0.0033402112337980647,0.003339277343940684,33.87279282610065,0.11767012203000002,0.35301036608999997,0.009338898573809524,33.39277343940684,False,True
2021-10-01,182345.07951285865,77603252.91627051,38801626.45813525,38801626.458135255,615.8988326688136,4.0,4.0,8.0,4.0,0.5,0.05,0.07760325291627052,0.07760325291627052,0.07760325291627052,0.15520650583254103,0.00018234507951285864,3.1041301166508205e-05,7.760325291627051e-06,2.3280975874881152e-05,31041.301166508205,6.158988326688136e-07,0.0001745847542212316,0.00015130377834635044,0.00015130377834635044,0.00015068787951368163,1.8234507951285863,0.07760325291627052,0.23280975874881152,0.006158988326688136,1.5068787951368163,False,True
2021-10-04,151763.87945035312,85410732.9474,42705366.4737,42705366.4737,677.8629599000001,4.0,4.0,8.0,4.0,0.5,0.05,0.08541073294740001,0.08541073294740001,0.08541073294740001,0.17082146589480002,0.00015176387945035314,3.4164293178960005e-05,8.541073294740001e-06,2.5623219884220002e-05,34164.293178960004,6.778629599e-07,0.00014322280615561314,0.00011759958627139314,0.00011759958627139314,0.00011692172331149314,1.5176387945035315,0.08541073294740001,0.2562321988422,0.006778629599,1.1692172331149313,False,True
2021-10-05,-435906.6835017063,77681929.426301,38840964.7131505,38840964.7131505,616.5232494150873,4.0,4.0,8.0,4.0,0.5,0.05,0.077681929426301,0.077681929426301,0.077681929426301,0.155363858852602,-0.0004359066835017063,3.1072771770520406e-05,7.768192942630101e-06,2.33045788278903e-05,31072.771770520405,6.165232494150873e-07,-0.0004436748764443364,-0.00046697945527222667,-0.00046697945527222667,-0.00046759597852164176,-4.359066835017063,0.07768192942630102,0.23304578827890302,0.0061652324941508735,-4.675959785216418,False,True
2021-10-06,0.0,0.0,0.0,0.0,0.0,0.0,0.0,0.0,0.0,0.0,0.0,0.0,0.0,0.0,0.0,0.0,0.0,0.0,0.0,0.0,0.0,0.0,0.0,0.0,0.0,0.0,0.0,0.0,0.0,0.0,False,False
2021-10-07,248937.10344768473,56999739.06019999,28499869.53009999,28499869.530100003,452.3788814301587,4.0,4.0,8.0,4.0,0.5,0.05000000000000001,0.05699973906019999,0.05699973906019999,0.05699973906019999,0.11399947812039998,0.00024893710344768474,2.279989562408e-05,5.69997390602e-06,1.7099921718059997e-05,22799.89562408,4.523788814301587e-07,0.00024323712954166474,0.00022613720782360474,0.00022613720782360474,0.0002256848289421746,2.4893710344768474,0.0569997390602,0.17099921718059996,0.004523788814301587,2.256848289421746,False,True
2021-10-08,280455.8574699452,39821775.835,19910887.9175,19910887.9175,316.0458399603175,4.0,4.0,8.0,4.0,0.5,0.05,0.039821775835,0.039821775835,0.039821775835,0.07964355167,0.00028045585746994524,1.5928710334000002e-05,3.9821775835000004e-06,1.19465327505e-05,15928.710334000001,3.160458399603175e-07,0.0002764736798864452,0.0002645271471359452,0.0002645271471359452,0.0002642111012959849,2.8045585746994526,0.039821775835,0.119465327505,0.003160458399603175,2.6421110129598486,False,True
2021-10-11,164834.70564095155,47761863.0551165,23880931.527558245,23880931.527558252,379.0624051993373,4.0,4.0,8.0,4.0,0.5,0.05000000000000001,0.047761863055116496,0.047761863055116496,0.047761863055116496,0.09552372611023299,0.00016483470564095156,1.91047452220466e-05,4.77618630551165e-06,1.4328558916534947e-05,19104.7452220466,3.7906240519933734e-07,0.00016005851933543992,0.00014572996041890498,0.00014572996041890498,0.00014535089801370564,1.6483470564095155,0.0477618630551165,0.14328558916534948,0.0037906240519933734,1.4535089801370564,False,True
2021-10-12,-163920.51685300926,118920887.93642399,59460443.96821199,59460443.968212,943.816570924,4.0,4.0,8.0,4.0,0.5,0.05,0.11892088793642398,0.11892088793642398,0.11892088793642398,0.23784177587284797,-0.00016392051685300927,4.7568355174569594e-05,1.1892088793642399e-05,3.567626638092719e-05,47568.355174569595,9.43816570924e-07,-0.00017581260564665166,-0.00021148887202757885,-0.00021148887202757885,-0.00021243268859850285,-1.6392051685300928,0.11892088793642398,0.3567626638092719,0.00943816570924,-2.1243268859850284,False,True
2021-10-13,261328.44393384858,61829849.801504,30914924.900752008,30914924.900752,490.71309366273016,4.0,4.0,8.0,4.0,0.5,0.05,0.061829849801504,0.061829849801504,0.061829849801504,0.123659699603008,0.0002613284439338486,2.47319399206016e-05,6.1829849801504e-06,1.85489549404512e-05,24731.9399206016,4.907130936627302e-07,0.00025514545895369815,0.00023659650401324696,0.00023659650401324696,0.00023610579091958424,2.6132844393384858,0.061829849801504,0.185489549404512,0.004907130936627302,2.3610579091958424,False,True
2021-10-14,365236.0323532878,37304214.114700004,18652107.057350002,18652107.057350002,296.065191386508,4.0,4.0,8.0,4.0,0.5,0.05,0.0373042141147,0.0373042141147,0.0373042141147,0.0746084282294,0.0003652360323532878,1.4921685645880002e-05,3.7304214114700005e-06,1.1191264234409999e-05,14921.685645880003,2.9606519138650797e-07,0.00036150561094181784,0.00035031434670740785,0.00035031434670740785,0.00035001828151602133,3.652360323532878,0.03730421411470001,0.11191264234409999,0.00296065191386508,3.5001828151602132,False,True
2021-10-15,27900.579191032004,48698510.64,24349255.319999997,24349255.32,386.4961161904762,4.0,4.0,8.0,4.0,0.5,0.05,0.04869851064,0.04869851064,0.04869851064,0.09739702128,2.7900579191032002e-05,1.9479404256e-05,4.869851064e-06,1.4609553191999999e-05,19479.404256,3.864961161904762e-07,2.3030728127032004e-05,8.421174935032005e-06,8.421174935032005e-06,8.034678818841528e-06,0.27900579191032004,0.04869851064,0.14609553192,0.003864961161904762,0.08034678818841529,False,True
2021-10-18,-91589.2384924179,89820863.42804801,44910431.71402401,44910431.71402401,712.8639954606986,4.0,4.0,8.0,4.0,0.5,0.05000000000000001,0.08982086342804801,0.08982086342804801,0.08982086342804801,0.17964172685609603,-9.15892384924179e-05,3.5928345371219205e-05,8.982086342804801e-06,2.6946259028414402e-05,35928.345371219206,7.128639954606986e-07,-0.00010057132483522271,-0.0001275175838636371,-0.0001275175838636371,-0.0001282304478590978,-0.915892384924179,0.08982086342804801,0.26946259028414404,0.007128639954606986,-1.282304478590978,False,True
2021-10-19,907625.8450747166,108832037.1112445,54416018.55562225,54416018.55562225,863.7463262797183,4.0,4.0,8.0,4.0,0.5,0.05,0.1088320371112445,0.1088320371112445,0.1088320371112445,0.217664074222489,0.0009076258450747166,4.353281484449781e-05,1.0883203711124452e-05,3.264961113337335e-05,43532.81484449781,8.637463262797183e-07,0.0008967426413635922,0.0008640930302302188,0.0008640930302302188,0.0008632292839039392,9.076258450747165,0.10883203711124452,0.3264961113337335,0.008637463262797183,8.632292839039392,False,True
2021-10-20,101117.43722744533,32197782.800174505,16098891.400087254,16098891.400087252,255.53795873154368,4.0,4.0,8.0,4.0,0.5,0.05000000000000001,0.032197782800174504,0.032197782800174504,0.032197782800174504,0.06439556560034901,0.00010111743722744533,1.2879113120069803e-05,3.2197782800174506e-06,9.659334840052351e-06,12879.113120069802,2.555379587315437e-07,9.789765894742787e-05,8.823832410737552e-05,8.823832410737552e-05,8.798278614864397e-05,1.0111743722744533,0.032197782800174504,0.09659334840052351,0.0025553795873154367,0.8798278614864398,False,True
2021-10-21,-522816.889336281,87601098.62,43800549.31,43800549.31,695.2468144444446,4.0,4.0,8.0,4.0,0.5,0.05,0.08760109862,0.08760109862,0.08760109862,0.17520219724,-0.000522816889336281,3.5040439448e-05,8.760109862e-06,2.6280329585999998e-05,35040.439448,6.952468144444446e-07,-0.000531576999198281,-0.0005578573287842811,-0.0005578573287842811,-0.0005585525755987255,-5.22816889336281,0.08760109862,0.26280329585999995,0.006952468144444446,-5.585525755987255,False,True
2021-10-22,202223.60505413983,82384988.92768751,41192494.46384375,41192494.46384375,653.8491184737104,4.0,4.0,8.0,4.0,0.5,0.05,0.08238498892768752,0.08238498892768752,0.08238498892768752,0.16476997785537503,0.00020222360505413984,3.295399557107501e-05,8.238498892768752e-06,2.4715496678306254e-05,32953.99557107501,6.538491184737105e-07,0.0001939851061613711,0.00016926960948306484,0.00016926960948306484,0.00016861576036459114,2.0222360505413985,0.08238498892768753,0.24715496678306254,0.0065384911847371045,1.6861576036459114,False,True
2021-10-25,0.0,0.0,0.0,0.0,0.0,0.0,0.0,0.0,0.0,0.0,0.0,0.0,0.0,0.0,0.0,0.0,0.0,0.0,0.0,0.0,0.0,0.0,0.0,0.0,0.0,0.0,0.0,0.0,0.0,0.0,False,False
2021-10-26,-78182.70241080293,23809663.914009005,11904831.957004504,11904831.957004502,188.96558661911905,3.0,3.0,6.0,3.0,0.5,0.05,0.023809663914009006,0.023809663914009006,0.023809663914009006,0.04761932782801801,-7.818270241080293e-05,9.523865565603602e-06,2.3809663914009006e-06,7.142899174202701e-06,9523.865565603603,1.8896558661911905e-07,-8.056366880220384e-05,-8.770656797640654e-05,-8.770656797640654e-05,-8.789553356302566e-05,-0.7818270241080293,0.023809663914009006,0.07142899174202702,0.0018896558661911905,-0.8789553356302565,False,True
2021-10-27,1201758.4290234167,91952666.47105002,45976333.23552501,45976333.23552501,800.68066151627,3.0,3.0,6.0,3.0,0.5,0.05000000000000001,0.09195266647105002,0.09195266647105002,0.09195266647105002,0.18390533294210004,0.0012017584290234167,3.678106658842001e-05,9.195266647105003e-06,2.7585799941315002e-05,36781.06658842001,8.0068066151627e-07,0.0011925631623763116,0.0011649773624349967,0.0011649773624349967,0.0011641766817734804,12.017584290234167,0.09195266647105003,0.27585799941315003,0.0080068066151627,11.641766817734803,False,True
2021-10-28,0.0,0.0,0.0,0.0,0.0,0.0,0.0,0.0,0.0,0.0,0.0,0.0,0.0,0.0,0.0,0.0,0.0,0.0,0.0,0.0,0.0,0.0,0.0,0.0,0.0,0.0,0.0,0.0,0.0,0.0,False,False
2021-10-29,0.0,0.0,0.0,0.0,0.0,0.0,0.0,0.0,0.0,0.0,0.0,0.0,0.0,0.0,0.0,0.0,0.0,0.0,0.0,0.0,0.0,0.0,0.0,0.0,0.0,0.0,0.0,0.0,0.0,0.0,False,False
2021-11-01,0.0,0.0,0.0,0.0,0.0,0.0,0.0,0.0,0.0,0.0,0.0,0.0,0.0,0.0,0.0,0.0,0.0,0.0,0.0,0.0,0.0,0.0,0.0,0.0,0.0,0.0,0.0,0.0,0.0,0.0,False,False
2021-11-02,0.0,0.0,0.0,0.0,0.0,0.0,0.0,0.0,0.0,0.0,0.0,0.0,0.0,0.0,0.0,0.0,0.0,0.0,0.0,0.0,0.0,0.0,0.0,0.0,0.0,0.0,0.0,0.0,0.0,0.0,False,False
2021-11-03,135002.40103554435,51977417.548750006,25988708.774375003,25988708.774375003,412.51918689484137,3.0,3.0,6.0,3.0,0.5,0.05,0.05197741754875001,0.05197741754875001,0.05197741754875001,0.10395483509750002,0.00013500240103554435,2.0790967019500004e-05,5.197741754875001e-06,1.5593225264625002e-05,20790.967019500004,4.1251918689484134e-07,0.00012980465928066936,0.00011421143401604436,0.00011421143401604436,0.00011379891482914951,1.3500240103554435,0.05197741754875001,0.15593225264625002,0.0041251918689484135,1.137989148291495,False,True
2021-11-04,45709.001877565504,39818652.68135001,19909326.340675004,19909326.340675,316.0210530265873,4.0,4.0,8.0,4.0,0.5,0.05000000000000001,0.03981865268135001,0.03981865268135001,0.03981865268135001,0.07963730536270001,4.5709001877565505e-05,1.5927461072540003e-05,3.981865268135001e-06,1.1945595804405e-05,15927.461072540003,3.160210530265873e-07,4.17271366094305e-05,2.9781540805025502e-05,2.9781540805025502e-05,2.9465519751998916e-05,0.457090018775655,0.03981865268135001,0.11945595804405,0.003160210530265873,0.29465519751998914,False,True
2021-11-05,0.0,0.0,0.0,0.0,0.0,0.0,0.0,0.0,0.0,0.0,0.0,0.0,0.0,0.0,0.0,0.0,0.0,0.0,0.0,0.0,0.0,0.0,0.0,0.0,0.0,0.0,0.0,0.0,0.0,0.0,False,False
2021-11-08,0.0,0.0,0.0,0.0,0.0,0.0,0.0,0.0,0.0,0.0,0.0,0.0,0.0,0.0,0.0,0.0,0.0,0.0,0.0,0.0,0.0,0.0,0.0,0.0,0.0,0.0,0.0,0.0,0.0,0.0,False,False
2021-11-09,0.0,0.0,0.0,0.0,0.0,0.0,0.0,0.0,0.0,0.0,0.0,0.0,0.0,0.0,0.0,0.0,0.0,0.0,0.0,0.0,0.0,0.0,0.0,0.0,0.0,0.0,0.0,0.0,0.0,0.0,False,False
2021-11-10,0.0,0.0,0.0,0.0,0.0,0.0,0.0,0.0,0.0,0.0,0.0,0.0,0.0,0.0,0.0,0.0,0.0,0.0,0.0,0.0,0.0,0.0,0.0,0.0,0.0,0.0,0.0,0.0,0.0,0.0,False,False
2021-11-11,-686488.0582520526,150656802.734306,75328401.367153,75328401.36715302,1195.6889105897303,4.0,4.0,8.0,4.0,0.5,0.05000000000000001,0.150656802734306,0.150656802734306,0.150656802734306,0.301313605468612,-0.0006864880582520527,6.0262721093722406e-05,1.5065680273430601e-05,4.51970408202918e-05,60262.72109372241,1.1956889105897302e-06,-0.0007015537385254832,-0.000746750779345775,-0.000746750779345775,-0.0007479464682563648,-6.864880582520526,0.150656802734306,0.451970408202918,0.011956889105897301,-7.4794646825636475,False,True
2021-11-12,-495458.6904976652,303429004.498608,151714502.24930397,151714502.249304,2408.1667023699047,4.0,4.0,8.0,4.0,0.5,0.05,0.303429004498608,0.303429004498608,0.303429004498608,0.606858008997216,-0.0004954586904976652,0.0001213716017994432,3.03429004498608e-05,9.102870134958238e-05,121371.6017994432,2.4081667023699046e-06,-0.0005258015909475259,-0.0006168302922971084,-0.0006168302922971084,-0.0006192384589994782,-4.954586904976652,0.303429004498608,0.9102870134958239,0.024081667023699047,-6.1923845899947825,False,True
2021-11-15,0.0,0.0,0.0,0.0,0.0,0.0,0.0,0.0,0.0,0.0,0.0,0.0,0.0,0.0,0.0,0.0,0.0,0.0,0.0,0.0,0.0,0.0,0.0,0.0,0.0,0.0,0.0,0.0,0.0,0.0,False,False
2021-11-16,0.0,0.0,0.0,0.0,0.0,0.0,0.0,0.0,0.0,0.0,0.0,0.0,0.0,0.0,0.0,0.0,0.0,0.0,0.0,0.0,0.0,0.0,0.0,0.0,0.0,0.0,0.0,0.0,0.0,0.0,False,False
2021-11-17,0.0,0.0,0.0,0.0,0.0,0.0,0.0,0.0,0.0,0.0,0.0,0.0,0.0,0.0,0.0,0.0,0.0,0.0,0.0,0.0,0.0,0.0,0.0,0.0,0.0,0.0,0.0,0.0,0.0,0.0,False,False
2021-11-18,0.0,0.0,0.0,0.0,0.0,0.0,0.0,0.0,0.0,0.0,0.0,0.0,0.0,0.0,0.0,0.0,0.0,0.0,0.0,0.0,0.0,0.0,0.0,0.0,0.0,0.0,0.0,0.0,0.0,0.0,False,False
2021-11-19,725267.2638845247,111635770.51028351,55817885.255141765,55817885.25514175,885.9981786530437,4.0,4.0,8.0,4.0,0.5,0.05000000000000001,0.11163577051028352,0.11163577051028352,0.11163577051028352,0.22327154102056704,0.0007252672638845247,4.465430820411341e-05,1.1163577051028353e-05,3.349073115308505e-05,44654.30820411341,8.859981786530437e-07,0.0007141036868334963,0.0006806129556804113,0.0006806129556804113,0.0006797269575017582,7.252672638845247,0.11163577051028353,0.3349073115308505,0.008859981786530437,6.797269575017582,False,True
2021-11-22,-127304.95114472222,88054310.2780835,44027155.139041744,44027155.13904175,698.8437323657422,4.0,4.0,8.0,4.0,0.5,0.05,0.0880543102780835,0.0880543102780835,0.0880543102780835,0.176108620556167,-0.00012730495114472221,3.52217241112334e-05,8.80543102780835e-06,2.6416293083425048e-05,35221.724111233394,6.988437323657422e-07,-0.00013611038217253057,-0.0001625266752559556,-0.0001625266752559556,-0.00016322551898832136,-1.2730495114472222,0.0880543102780835,0.26416293083425046,0.006988437323657421,-1.6322551898832136,False,True
2021-11-23,-555034.2503961045,92828029.8766835,46414014.93834175,46414014.93834175,736.7303958466944,4.0,4.0,8.0,4.0,0.5,0.05,0.09282802987668351,0.09282802987668351,0.09282802987668351,0.18565605975336702,-0.0005550342503961045,3.71312119506734e-05,9.28280298766835e-06,2.784840896300505e-05,37131.2119506734,7.367303958466944e-07,-0.0005643170533837728,-0.0005921654623467779,-0.0005921654623467779,-0.0005929021927426246,-5.550342503961045,0.09282802987668351,0.2784840896300505,0.007367303958466943,-5.929021927426246,False,True
2021-11-24,556201.7343087873,210572055.62817502,105286027.81408751,105286027.8140875,1671.2067906998018,4.0,4.0,8.0,4.0,0.5,0.05000000000000001,0.21057205562817502,0.21057205562817502,0.21057205562817502,0.42114411125635004,0.0005562017343087873,8.422882225127001e-05,2.1057205562817502e-05,6.31716166884525e-05,84228.82225127002,1.6712067906998017e-06,0.0005351445287459697,0.00047197291205751727,0.00047197291205751727,0.00047030170526681745,5.562017343087873,0.21057205562817502,0.6317161668845249,0.01671206790699802,4.703017052668175,False,True
2021-11-26,0.0,0.0,0.0,0.0,0.0,0.0,0.0,0.0,0.0,0.0,0.0,0.0,0.0,0.0,0.0,0.0,0.0,0.0,0.0,0.0,0.0,0.0,0.0,0.0,0.0,0.0,0.0,0.0,0.0,0.0,False,False
2021-11-29,0.0,0.0,0.0,0.0,0.0,0.0,0.0,0.0,0.0,0.0,0.0,0.0,0.0,0.0,0.0,0.0,0.0,0.0,0.0,0.0,0.0,0.0,0.0,0.0,0.0,0.0,0.0,0.0,0.0,0.0,False,False
2021-11-30,1486282.5233524614,206027387.84270003,103013693.92135002,103013693.92135,1635.1379987515875,4.0,4.0,8.0,4.0,0.5,0.05,0.20602738784270003,0.20602738784270003,0.20602738784270003,0.41205477568540005,0.0014862825233524614,8.241095513708002e-05,2.0602738784270004e-05,6.180821635281e-05,82410.95513708002,1.6351379987515874e-06,0.0014656797845681913,0.0014038715682153813,0.0014038715682153813,0.0014022364302166297,14.862825233524614,0.20602738784270003,0.6180821635281001,0.016351379987515874,14.022364302166297,False,True
2021-12-01,0.0,0.0,0.0,0.0,0.0,0.0,0.0,0.0,0.0,0.0,0.0,0.0,0.0,0.0,0.0,0.0,0.0,0.0,0.0,0.0,0.0,0.0,0.0,0.0,0.0,0.0,0.0,0.0,0.0,0.0,False,False
2021-12-02,-576113.7298438838,127385327.815,63692663.90750001,63692663.9075,1010.9946651984127,4.0,4.0,8.0,4.0,0.5,0.05,0.127385327815,0.127385327815,0.127385327815,0.25477065563,-0.0005761137298438837,5.0954131126000005e-05,1.2738532781500001e-05,3.82155983445e-05,50954.13112600001,1.0109946651984128e-06,-0.0005888522626253837,-0.0006270678609698837,-0.0006270678609698837,-0.0006280788556350821,-5.761137298438838,0.127385327815,0.38215598344499996,0.010109946651984128,-6.280788556350821,False,True
2021-12-03,643547.9091188256,215190132.925,107595066.4625,107595066.4625,1707.8581978174605,4.0,4.0,8.0,4.0,0.5,0.05,0.215190132925,0.215190132925,0.215190132925,0.43038026585,0.0006435479091188255,8.607605317e-05,2.15190132925e-05,6.45570398775e-05,86076.05317,1.7078581978174603e-06,0.0006220288958263255,0.0005574718559488255,0.0005574718559488255,0.000555763997751008,6.435479091188255,0.215190132925,0.645570398775,0.017078581978174603,5.55763997751008,False,True
2021-12-06,0.0,0.0,0.0,0.0,0.0,0.0,0.0,0.0,0.0,0.0,0.0,0.0,0.0,0.0,0.0,0.0,0.0,0.0,0.0,0.0,0.0,0.0,0.0,0.0,0.0,0.0,0.0,0.0,0.0,0.0,False,False
2021-12-07,1436998.2483776608,199529298.68500003,99764649.3425,99764649.34250002,1583.5658625793653,4.0,4.0,8.0,4.0,0.5,0.05,0.19952929868500002,0.19952929868500002,0.19952929868500002,0.39905859737000005,0.0014369982483776608,7.981171947400002e-05,1.9952929868500004e-05,5.9858789605500005e-05,79811.71947400001,1.5835658625793653e-06,0.0014170453185091607,0.0013571865289036607,0.0013571865289036607,0.0013556029630410814,14.369982483776608,0.19952929868500005,0.5985878960550001,0.015835658625793652,13.556029630410814,False,True
2021-12-08,0.0,0.0,0.0,0.0,0.0,0.0,0.0,0.0,0.0,0.0,0.0,0.0,0.0,0.0,0.0,0.0,0.0,0.0,0.0,0.0,0.0,0.0,0.0,0.0,0.0,0.0,0.0,0.0,0.0,0.0,False,False
2021-12-09,-185524.17065914336,135314718.896774,67657359.448387,67657359.448387,1073.9263404505873,4.0,4.0,8.0,4.0,0.5,0.05,0.135314718896774,0.135314718896774,0.135314718896774,0.270629437793548,-0.00018552417065914337,5.41258875587096e-05,1.35314718896774e-05,4.059441566903219e-05,54125.8875587096,1.0739263404505873e-06,-0.00019905564254882078,-0.00023965005821785295,-0.00023965005821785295,-0.00024072398455830354,-1.8552417065914337,0.135314718896774,0.4059441566903219,0.010739263404505872,-2.4072398455830353,False,True
2021-12-10,0.0,0.0,0.0,0.0,0.0,0.0,0.0,0.0,0.0,0.0,0.0,0.0,0.0,0.0,0.0,0.0,0.0,0.0,0.0,0.0,0.0,0.0,0.0,0.0,0.0,0.0,0.0,0.0,0.0,0.0,False,False
2021-12-13,-1844403.832318193,198835049.7162615,99417524.85813075,99417524.85813075,1578.0559501290597,4.0,4.0,8.0,4.0,0.5,0.05,0.1988350497162615,0.1988350497162615,0.1988350497162615,0.397670099432523,-0.001844403832318193,7.953401988650461e-05,1.9883504971626152e-05,5.965051491487845e-05,79534.01988650461,1.5780559501290597e-06,-0.0018642873372898192,-0.0019239378522046976,-0.0019239378522046976,-0.0019255159081548266,-18.44403832318193,0.1988350497162615,0.5965051491487845,0.0157805595012906,-19.255159081548264,False,True
2021-12-14,-371042.62675520836,97144610.403704,48572305.201852,48572305.201852,770.9889714579682,4.0,4.0,8.0,4.0,0.5,0.05,0.09714461040370401,0.09714461040370401,0.09714461040370401,0.19428922080740801,-0.00037104262675520836,3.8857844161481606e-05,9.714461040370402e-06,2.91433831211112e-05,38857.844161481604,7.709889714579682e-07,-0.00038075708779557876,-0.00040990047091668996,-0.00040990047091668996,-0.00041067145988814795,-3.7104262675520836,0.09714461040370402,0.291433831211112,0.007709889714579682,-4.10671459888148,False,True
2021-12-15,0.0,0.0,0.0,0.0,0.0,0.0,0.0,0.0,0.0,0.0,0.0,0.0,0.0,0.0,0.0,0.0,0.0,0.0,0.0,0.0,0.0,0.0,0.0,0.0,0.0,0.0,0.0,0.0,0.0,0.0,False,False
2021-12-16,-1441886.4857211513,242231570.03364903,121115785.01682451,121115785.01682451,1922.4727780448336,4.0,4.0,8.0,4.0,0.5,0.05,0.24223157003364904,0.24223157003364904,0.24223157003364904,0.48446314006729807,-0.0014418864857211513,9.689262801345962e-05,2.4223157003364904e-05,7.26694710100947e-05,96892.62801345962,1.9224727780448334e-06,-0.0014661096427245161,-0.0015387791137346108,-0.0015387791137346108,-0.0015407015865126557,-14.418864857211513,0.24223157003364904,0.726694710100947,0.019224727780448335,-15.407015865126557,False,True
2021-12-17,0.0,0.0,0.0,0.0,0.0,0.0,0.0,0.0,0.0,0.0,0.0,0.0,0.0,0.0,0.0,0.0,0.0,0.0,0.0,0.0,0.0,0.0,0.0,0.0,0.0,0.0,0.0,0.0,0.0,0.0,False,False
2021-12-20,1260716.5758713991,196297321.0909,98148660.54545,98148660.54545,1557.9152467531749,4.0,4.0,8.0,4.0,0.5,0.05,0.1962973210909,0.1962973210909,0.1962973210909,0.3925946421818,0.0012607165758713992,7.851892843636e-05,1.962973210909e-05,5.888919632727e-05,78518.92843636,1.557915246753175e-06,0.0012410868437623091,0.001182197647435039,0.001182197647435039,0.001180639732188286,12.607165758713993,0.1962973210909,0.5888919632727,0.015579152467531748,11.806397321882859,False,True
2021-12-21,-177556.82810657914,173016896.8393835,86508448.41969174,86508448.41969176,1373.1499749157422,4.0,4.0,8.0,4.0,0.5,0.05000000000000001,0.1730168968393835,0.1730168968393835,0.1730168968393835,0.346033793678767,-0.00017755682810657915,6.920675873575341e-05,1.7301689683938353e-05,5.1905069051815046e-05,69206.7587357534,1.3731499749157422e-06,-0.0001948585177905175,-0.00024676358684233254,-0.00024676358684233254,-0.00024813673681724826,-1.7755682810657916,0.17301689683938354,0.5190506905181504,0.013731499749157421,-2.4813673681724824,False,True
2021-12-22,901136.983630411,171034486.5065835,85517243.25329176,85517243.25329176,1357.4165595760596,4.0,4.0,8.0,4.0,0.5,0.05,0.1710344865065835,0.1710344865065835,0.1710344865065835,0.342068973013167,0.0009011369836304109,6.84137946026334e-05,1.710344865065835e-05,5.131034595197505e-05,68413.79460263341,1.3574165595760596e-06,0.0008840335349797526,0.0008327231890277775,0.0008327231890277775,0.0008313657724682015,9.011369836304109,0.1710344865065835,0.5131034595197504,0.013574165595760596,8.313657724682015,False,True
2021-12-23,-449889.83869511756,136462700.00395548,68231350.00197776,68231350.00197774,1083.0373016186945,4.0,4.0,8.0,4.0,0.5,0.05000000000000001,0.1364627000039555,0.1364627000039555,0.1364627000039555,0.272925400007911,-0.00044988983869511756,5.45850800015822e-05,1.364627000039555e-05,4.093881000118665e-05,54585.0800015822,1.0830373016186946e-06,-0.0004635361086955131,-0.0005044749186966998,-0.0005044749186966998,-0.0005055579559983185,-4.498898386951176,0.1364627000039555,0.4093881000118665,0.010830373016186947,-5.055579559983185,False,True
2021-12-27,261699.13080688377,160921565.32460552,80460782.66230276,80460782.66230276,1277.155280354012,4.0,4.0,8.0,4.0,0.5,0.05,0.16092156532460553,0.16092156532460553,0.16092156532460553,0.32184313064921105,0.0002616991308068838,6.436862612984222e-05,1.6092156532460555e-05,4.8276469597381654e-05,64368.62612984222,1.277155280354012e-06,0.00024560697427442323,0.00019733050467704157,0.00019733050467704157,0.00019605334939668757,2.6169913080688376,0.16092156532460555,0.48276469597381655,0.01277155280354012,1.9605334939668757,False,True
2021-12-28,-380276.1461260294,86996332.03,43498166.015,43498166.015,690.4470796031746,4.0,4.0,8.0,4.0,0.5,0.05,0.08699633203,0.08699633203,0.08699633203,0.17399266406,-0.0003802761461260294,3.4798532812e-05,8.699633203e-06,2.6098899608999998e-05,34798.532812,6.904470796031747e-07,-0.0003889757793290294,-0.00041507467893802936,-0.00041507467893802936,-0.00041576512601763254,-3.802761461260294,0.08699633203,0.26098899609,0.006904470796031747,-4.157651260176325,False,True
2021-12-29,-1269301.2140100647,186843299.86,93421649.93,93421649.93,1482.8833322222222,4.0,4.0,8.0,4.0,0.5,0.05,0.18684329986,0.18684329986,0.18684329986,0.37368659972,-0.0012693012140100647,7.4737319944e-05,1.8684329986e-05,5.6052989958e-05,74737.319944,1.4828833322222222e-06,-0.0012879855439960647,-0.0013440385339540646,-0.0013440385339540646,-0.0013455214172862868,-12.693012140100647,0.18684329986,0.56052989958,0.014828833322222222,-13.455214172862869,False,True
2021-12-30,0.0,0.0,0.0,0.0,0.0,0.0,0.0,0.0,0.0,0.0,0.0,0.0,0.0,0.0,0.0,0.0,0.0,0.0,0.0,0.0,0.0,0.0,0.0,0.0,0.0,0.0,0.0,0.0,0.0,0.0,False,False
2021-12-31,1140994.9133079648,125466778.2661255,62733389.13306275,62733389.13306275,995.7680814771865,4.0,4.0,8.0,4.0,0.5,0.05,0.1254667782661255,0.1254667782661255,0.1254667782661255,0.250933556532251,0.0011409949133079648,5.018671130645021e-05,1.2546677826612552e-05,3.764003347983765e-05,50186.711306450205,9.957680814771864e-07,0.0011284482354813523,0.0010908082020015147,0.0010908082020015147,0.0010898124339200374,11.409949133079648,0.1254667782661255,0.3764003347983765,0.009957680814771865,10.898124339200374,False,True
2022-01-03,0.0,0.0,0.0,0.0,0.0,0.0,0.0,0.0,0.0,0.0,0.0,0.0,0.0,0.0,0.0,0.0,0.0,0.0,0.0,0.0,0.0,0.0,0.0,0.0,0.0,0.0,0.0,0.0,0.0,0.0,False,False
2022-01-04,0.0,0.0,0.0,0.0,0.0,0.0,0.0,0.0,0.0,0.0,0.0,0.0,0.0,0.0,0.0,0.0,0.0,0.0,0.0,0.0,0.0,0.0,0.0,0.0,0.0,0.0,0.0,0.0,0.0,0.0,False,False
2022-01-05,0.0,0.0,0.0,0.0,0.0,0.0,0.0,0.0,0.0,0.0,0.0,0.0,0.0,0.0,0.0,0.0,0.0,0.0,0.0,0.0,0.0,0.0,0.0,0.0,0.0,0.0,0.0,0.0,0.0,0.0,False,False
2022-01-06,0.0,0.0,0.0,0.0,0.0,0.0,0.0,0.0,0.0,0.0,0.0,0.0,0.0,0.0,0.0,0.0,0.0,0.0,0.0,0.0,0.0,0.0,0.0,0.0,0.0,0.0,0.0,0.0,0.0,0.0,False,False
2022-01-07,0.0,0.0,0.0,0.0,0.0,0.0,0.0,0.0,0.0,0.0,0.0,0.0,0.0,0.0,0.0,0.0,0.0,0.0,0.0,0.0,0.0,0.0,0.0,0.0,0.0,0.0,0.0,0.0,0.0,0.0,False,False
2022-01-10,0.0,0.0,0.0,0.0,0.0,0.0,0.0,0.0,0.0,0.0,0.0,0.0,0.0,0.0,0.0,0.0,0.0,0.0,0.0,0.0,0.0,0.0,0.0,0.0,0.0,0.0,0.0,0.0,0.0,0.0,False,False
2022-01-11,0.0,0.0,0.0,0.0,0.0,0.0,0.0,0.0,0.0,0.0,0.0,0.0,0.0,0.0,0.0,0.0,0.0,0.0,0.0,0.0,0.0,0.0,0.0,0.0,0.0,0.0,0.0,0.0,0.0,0.0,False,False
2022-01-12,0.0,0.0,0.0,0.0,0.0,0.0,0.0,0.0,0.0,0.0,0.0,0.0,0.0,0.0,0.0,0.0,0.0,0.0,0.0,0.0,0.0,0.0,0.0,0.0,0.0,0.0,0.0,0.0,0.0,0.0,False,False
2022-01-13,0.0,0.0,0.0,0.0,0.0,0.0,0.0,0.0,0.0,0.0,0.0,0.0,0.0,0.0,0.0,0.0,0.0,0.0,0.0,0.0,0.0,0.0,0.0,0.0,0.0,0.0,0.0,0.0,0.0,0.0,False,False
2022-01-14,0.0,0.0,0.0,0.0,0.0,0.0,0.0,0.0,0.0,0.0,0.0,0.0,0.0,0.0,0.0,0.0,0.0,0.0,0.0,0.0,0.0,0.0,0.0,0.0,0.0,0.0,0.0,0.0,0.0,0.0,False,False
2022-01-18,0.0,0.0,0.0,0.0,0.0,0.0,0.0,0.0,0.0,0.0,0.0,0.0,0.0,0.0,0.0,0.0,0.0,0.0,0.0,0.0,0.0,0.0,0.0,0.0,0.0,0.0,0.0,0.0,0.0,0.0,False,False
2022-01-19,0.0,0.0,0.0,0.0,0.0,0.0,0.0,0.0,0.0,0.0,0.0,0.0,0.0,0.0,0.0,0.0,0.0,0.0,0.0,0.0,0.0,0.0,0.0,0.0,0.0,0.0,0.0,0.0,0.0,0.0,False,False
2022-01-20,0.0,0.0,0.0,0.0,0.0,0.0,0.0,0.0,0.0,0.0,0.0,0.0,0.0,0.0,0.0,0.0,0.0,0.0,0.0,0.0,0.0,0.0,0.0,0.0,0.0,0.0,0.0,0.0,0.0,0.0,False,False
2022-01-21,0.0,0.0,0.0,0.0,0.0,0.0,0.0,0.0,0.0,0.0,0.0,0.0,0.0,0.0,0.0,0.0,0.0,0.0,0.0,0.0,0.0,0.0,0.0,0.0,0.0,0.0,0.0,0.0,0.0,0.0,False,False
2022-01-24,0.0,0.0,0.0,0.0,0.0,0.0,0.0,0.0,0.0,0.0,0.0,0.0,0.0,0.0,0.0,0.0,0.0,0.0,0.0,0.0,0.0,0.0,0.0,0.0,0.0,0.0,0.0,0.0,0.0,0.0,False,False
2022-01-25,0.0,0.0,0.0,0.0,0.0,0.0,0.0,0.0,0.0,0.0,0.0,0.0,0.0,0.0,0.0,0.0,0.0,0.0,0.0,0.0,0.0,0.0,0.0,0.0,0.0,0.0,0.0,0.0,0.0,0.0,False,False
2022-01-26,0.0,0.0,0.0,0.0,0.0,0.0,0.0,0.0,0.0,0.0,0.0,0.0,0.0,0.0,0.0,0.0,0.0,0.0,0.0,0.0,0.0,0.0,0.0,0.0,0.0,0.0,0.0,0.0,0.0,0.0,False,False
2022-01-27,0.0,0.0,0.0,0.0,0.0,0.0,0.0,0.0,0.0,0.0,0.0,0.0,0.0,0.0,0.0,0.0,0.0,0.0,0.0,0.0,0.0,0.0,0.0,0.0,0.0,0.0,0.0,0.0,0.0,0.0,False,False
2022-01-28,0.0,0.0,0.0,0.0,0.0,0.0,0.0,0.0,0.0,0.0,0.0,0.0,0.0,0.0,0.0,0.0,0.0,0.0,0.0,0.0,0.0,0.0,0.0,0.0,0.0,0.0,0.0,0.0,0.0,0.0,False,False
2022-01-31,0.0,0.0,0.0,0.0,0.0,0.0,0.0,0.0,0.0,0.0,0.0,0.0,0.0,0.0,0.0,0.0,0.0,0.0,0.0,0.0,0.0,0.0,0.0,0.0,0.0,0.0,0.0,0.0,0.0,0.0,False,False
2022-02-01,0.0,0.0,0.0,0.0,0.0,0.0,0.0,0.0,0.0,0.0,0.0,0.0,0.0,0.0,0.0,0.0,0.0,0.0,0.0,0.0,0.0,0.0,0.0,0.0,0.0,0.0,0.0,0.0,0.0,0.0,False,False
2022-02-02,0.0,0.0,0.0,0.0,0.0,0.0,0.0,0.0,0.0,0.0,0.0,0.0,0.0,0.0,0.0,0.0,0.0,0.0,0.0,0.0,0.0,0.0,0.0,0.0,0.0,0.0,0.0,0.0,0.0,0.0,False,False
2022-02-03,0.0,0.0,0.0,0.0,0.0,0.0,0.0,0.0,0.0,0.0,0.0,0.0,0.0,0.0,0.0,0.0,0.0,0.0,0.0,0.0,0.0,0.0,0.0,0.0,0.0,0.0,0.0,0.0,0.0,0.0,False,False
2022-02-04,0.0,0.0,0.0,0.0,0.0,0.0,0.0,0.0,0.0,0.0,0.0,0.0,0.0,0.0,0.0,0.0,0.0,0.0,0.0,0.0,0.0,0.0,0.0,0.0,0.0,0.0,0.0,0.0,0.0,0.0,False,False
2022-02-07,0.0,0.0,0.0,0.0,0.0,0.0,0.0,0.0,0.0,0.0,0.0,0.0,0.0,0.0,0.0,0.0,0.0,0.0,0.0,0.0,0.0,0.0,0.0,0.0,0.0,0.0,0.0,0.0,0.0,0.0,False,False
2022-02-08,0.0,0.0,0.0,0.0,0.0,0.0,0.0,0.0,0.0,0.0,0.0,0.0,0.0,0.0,0.0,0.0,0.0,0.0,0.0,0.0,0.0,0.0,0.0,0.0,0.0,0.0,0.0,0.0,0.0,0.0,False,False
2022-02-09,0.0,0.0,0.0,0.0,0.0,0.0,0.0,0.0,0.0,0.0,0.0,0.0,0.0,0.0,0.0,0.0,0.0,0.0,0.0,0.0,0.0,0.0,0.0,0.0,0.0,0.0,0.0,0.0,0.0,0.0,False,False
2022-02-10,0.0,0.0,0.0,0.0,0.0,0.0,0.0,0.0,0.0,0.0,0.0,0.0,0.0,0.0,0.0,0.0,0.0,0.0,0.0,0.0,0.0,0.0,0.0,0.0,0.0,0.0,0.0,0.0,0.0,0.0,False,False
2022-02-11,0.0,0.0,0.0,0.0,0.0,0.0,0.0,0.0,0.0,0.0,0.0,0.0,0.0,0.0,0.0,0.0,0.0,0.0,0.0,0.0,0.0,0.0,0.0,0.0,0.0,0.0,0.0,0.0,0.0,0.0,False,False
2022-02-14,0.0,0.0,0.0,0.0,0.0,0.0,0.0,0.0,0.0,0.0,0.0,0.0,0.0,0.0,0.0,0.0,0.0,0.0,0.0,0.0,0.0,0.0,0.0,0.0,0.0,0.0,0.0,0.0,0.0,0.0,False,False
2022-02-15,0.0,0.0,0.0,0.0,0.0,0.0,0.0,0.0,0.0,0.0,0.0,0.0,0.0,0.0,0.0,0.0,0.0,0.0,0.0,0.0,0.0,0.0,0.0,0.0,0.0,0.0,0.0,0.0,0.0,0.0,False,False
2022-02-16,0.0,0.0,0.0,0.0,0.0,0.0,0.0,0.0,0.0,0.0,0.0,0.0,0.0,0.0,0.0,0.0,0.0,0.0,0.0,0.0,0.0,0.0,0.0,0.0,0.0,0.0,0.0,0.0,0.0,0.0,False,False
2022-02-17,0.0,0.0,0.0,0.0,0.0,0.0,0.0,0.0,0.0,0.0,0.0,0.0,0.0,0.0,0.0,0.0,0.0,0.0,0.0,0.0,0.0,0.0,0.0,0.0,0.0,0.0,0.0,0.0,0.0,0.0,False,False
2022-02-18,0.0,0.0,0.0,0.0,0.0,0.0,0.0,0.0,0.0,0.0,0.0,0.0,0.0,0.0,0.0,0.0,0.0,0.0,0.0,0.0,0.0,0.0,0.0,0.0,0.0,0.0,0.0,0.0,0.0,0.0,False,False
2022-02-22,0.0,0.0,0.0,0.0,0.0,0.0,0.0,0.0,0.0,0.0,0.0,0.0,0.0,0.0,0.0,0.0,0.0,0.0,0.0,0.0,0.0,0.0,0.0,0.0,0.0,0.0,0.0,0.0,0.0,0.0,False,False
2022-02-23,0.0,0.0,0.0,0.0,0.0,0.0,0.0,0.0,0.0,0.0,0.0,0.0,0.0,0.0,0.0,0.0,0.0,0.0,0.0,0.0,0.0,0.0,0.0,0.0,0.0,0.0,0.0,0.0,0.0,0.0,False,False
2022-02-24,0.0,0.0,0.0,0.0,0.0,0.0,0.0,0.0,0.0,0.0,0.0,0.0,0.0,0.0,0.0,0.0,0.0,0.0,0.0,0.0,0.0,0.0,0.0,0.0,0.0,0.0,0.0,0.0,0.0,0.0,False,False
2022-02-25,0.0,0.0,0.0,0.0,0.0,0.0,0.0,0.0,0.0,0.0,0.0,0.0,0.0,0.0,0.0,0.0,0.0,0.0,0.0,0.0,0.0,0.0,0.0,0.0,0.0,0.0,0.0,0.0,0.0,0.0,False,False
2022-02-28,0.0,0.0,0.0,0.0,0.0,0.0,0.0,0.0,0.0,0.0,0.0,0.0,0.0,0.0,0.0,0.0,0.0,0.0,0.0,0.0,0.0,0.0,0.0,0.0,0.0,0.0,0.0,0.0,0.0,0.0,False,False
2022-03-01,0.0,0.0,0.0,0.0,0.0,0.0,0.0,0.0,0.0,0.0,0.0,0.0,0.0,0.0,0.0,0.0,0.0,0.0,0.0,0.0,0.0,0.0,0.0,0.0,0.0,0.0,0.0,0.0,0.0,0.0,False,False
2022-03-02,0.0,0.0,0.0,0.0,0.0,0.0,0.0,0.0,0.0,0.0,0.0,0.0,0.0,0.0,0.0,0.0,0.0,0.0,0.0,0.0,0.0,0.0,0.0,0.0,0.0,0.0,0.0,0.0,0.0,0.0,False,False
2022-03-03,0.0,0.0,0.0,0.0,0.0,0.0,0.0,0.0,0.0,0.0,0.0,0.0,0.0,0.0,0.0,0.0,0.0,0.0,0.0,0.0,0.0,0.0,0.0,0.0,0.0,0.0,0.0,0.0,0.0,0.0,False,False
2022-03-04,0.0,0.0,0.0,0.0,0.0,0.0,0.0,0.0,0.0,0.0,0.0,0.0,0.0,0.0,0.0,0.0,0.0,0.0,0.0,0.0,0.0,0.0,0.0,0.0,0.0,0.0,0.0,0.0,0.0,0.0,False,False
2022-03-07,0.0,0.0,0.0,0.0,0.0,0.0,0.0,0.0,0.0,0.0,0.0,0.0,0.0,0.0,0.0,0.0,0.0,0.0,0.0,0.0,0.0,0.0,0.0,0.0,0.0,0.0,0.0,0.0,0.0,0.0,False,False
2022-03-08,0.0,0.0,0.0,0.0,0.0,0.0,0.0,0.0,0.0,0.0,0.0,0.0,0.0,0.0,0.0,0.0,0.0,0.0,0.0,0.0,0.0,0.0,0.0,0.0,0.0,0.0,0.0,0.0,0.0,0.0,False,False
2022-03-09,0.0,0.0,0.0,0.0,0.0,0.0,0.0,0.0,0.0,0.0,0.0,0.0,0.0,0.0,0.0,0.0,0.0,0.0,0.0,0.0,0.0,0.0,0.0,0.0,0.0,0.0,0.0,0.0,0.0,0.0,False,False
2022-03-10,0.0,0.0,0.0,0.0,0.0,0.0,0.0,0.0,0.0,0.0,0.0,0.0,0.0,0.0,0.0,0.0,0.0,0.0,0.0,0.0,0.0,0.0,0.0,0.0,0.0,0.0,0.0,0.0,0.0,0.0,False,False
2022-03-11,0.0,0.0,0.0,0.0,0.0,0.0,0.0,0.0,0.0,0.0,0.0,0.0,0.0,0.0,0.0,0.0,0.0,0.0,0.0,0.0,0.0,0.0,0.0,0.0,0.0,0.0,0.0,0.0,0.0,0.0,False,False
2022-03-14,0.0,0.0,0.0,0.0,0.0,0.0,0.0,0.0,0.0,0.0,0.0,0.0,0.0,0.0,0.0,0.0,0.0,0.0,0.0,0.0,0.0,0.0,0.0,0.0,0.0,0.0,0.0,0.0,0.0,0.0,False,False
2022-03-15,0.0,0.0,0.0,0.0,0.0,0.0,0.0,0.0,0.0,0.0,0.0,0.0,0.0,0.0,0.0,0.0,0.0,0.0,0.0,0.0,0.0,0.0,0.0,0.0,0.0,0.0,0.0,0.0,0.0,0.0,False,False
2022-03-16,0.0,0.0,0.0,0.0,0.0,0.0,0.0,0.0,0.0,0.0,0.0,0.0,0.0,0.0,0.0,0.0,0.0,0.0,0.0,0.0,0.0,0.0,0.0,0.0,0.0,0.0,0.0,0.0,0.0,0.0,False,False
2022-03-17,0.0,0.0,0.0,0.0,0.0,0.0,0.0,0.0,0.0,0.0,0.0,0.0,0.0,0.0,0.0,0.0,0.0,0.0,0.0,0.0,0.0,0.0,0.0,0.0,0.0,0.0,0.0,0.0,0.0,0.0,False,False
2022-03-18,0.0,0.0,0.0,0.0,0.0,0.0,0.0,0.0,0.0,0.0,0.0,0.0,0.0,0.0,0.0,0.0,0.0,0.0,0.0,0.0,0.0,0.0,0.0,0.0,0.0,0.0,0.0,0.0,0.0,0.0,False,False
2022-03-21,0.0,0.0,0.0,0.0,0.0,0.0,0.0,0.0,0.0,0.0,0.0,0.0,0.0,0.0,0.0,0.0,0.0,0.0,0.0,0.0,0.0,0.0,0.0,0.0,0.0,0.0,0.0,0.0,0.0,0.0,False,False
2022-03-22,0.0,0.0,0.0,0.0,0.0,0.0,0.0,0.0,0.0,0.0,0.0,0.0,0.0,0.0,0.0,0.0,0.0,0.0,0.0,0.0,0.0,0.0,0.0,0.0,0.0,0.0,0.0,0.0,0.0,0.0,False,False
2022-03-23,0.0,0.0,0.0,0.0,0.0,0.0,0.0,0.0,0.0,0.0,0.0,0.0,0.0,0.0,0.0,0.0,0.0,0.0,0.0,0.0,0.0,0.0,0.0,0.0,0.0,0.0,0.0,0.0,0.0,0.0,False,False
2022-03-24,0.0,0.0,0.0,0.0,0.0,0.0,0.0,0.0,0.0,0.0,0.0,0.0,0.0,0.0,0.0,0.0,0.0,0.0,0.0,0.0,0.0,0.0,0.0,0.0,0.0,0.0,0.0,0.0,0.0,0.0,False,False
2022-03-25,-1395112.359213795,219036909.94,109518454.97,109518454.97,1940.938829047619,4.0,4.0,8.0,4.0,0.5,0.05,0.21903690994,0.21903690994,0.21903690994,0.43807381988,-0.001395112359213795,8.761476397600001e-05,2.1903690994000002e-05,6.5711072982e-05,87614.763976,1.940938829047619e-06,-0.001417016050207795,-0.001482727123189795,-0.001482727123189795,-0.0014846680620188427,-13.95112359213795,0.21903690994000002,0.65711072982,0.01940938829047619,-14.846680620188428,False,True
2022-03-28,501217.71411227604,59505925.5098,29752962.754899997,29752962.7549,472.2692500777778,4.0,4.0,8.0,4.0,0.5,0.05,0.0595059255098,0.0595059255098,0.0595059255098,0.1190118510196,0.000501217714112276,2.3802370203920003e-05,5.950592550980001e-06,1.785177765294e-05,23802.370203920003,4.722692500777778e-07,0.000495267121561296,0.000477415343908356,0.000477415343908356,0.0004769430746582782,5.01217714112276,0.05950592550980001,0.1785177765294,0.004722692500777778,4.769430746582782,False,True
2022-03-29,-91499.01669599967,31736847.47735,15868423.738675002,15868423.738675,436.5772410900794,4.0,4.0,8.0,4.0,0.5,0.05,0.03173684747735,0.03173684747735,0.03173684747735,0.0634736949547,-9.149901669599967e-05,1.269473899094e-05,3.173684747735e-06,9.521054243205e-06,12694.73899094,4.3657724109007937e-07,-9.467270144373467e-05,-0.00010419375568693967,-0.00010419375568693967,-0.00010463033292802976,-0.9149901669599967,0.03173684747735,0.09521054243204999,0.004365772410900794,-1.0463033292802975,False,True
2022-03-30,13803.572738155479,58026107.5607,29013053.78035,29013053.78035,638.7876277833334,4.0,4.0,8.0,4.0,0.5,0.05,0.0580261075607,0.0580261075607,0.0580261075607,0.1160522151214,1.3803572738155479e-05,2.321044302428e-05,5.80261075607e-06,1.7407832268209998e-05,23210.44302428,6.387876277833334e-07,8.00096198208548e-06,-9.406870286124519e-06,-9.406870286124519e-06,-1.0045657913907852e-05,0.13803572738155478,0.0580261075607,0.1740783226821,0.006387876277833333,-0.10045657913907852,False,True
2022-03-31,0.0,0.0,0.0,0.0,0.0,0.0,0.0,0.0,0.0,0.0,0.0,0.0,0.0,0.0,0.0,0.0,0.0,0.0,0.0,0.0,0.0,0.0,0.0,0.0,0.0,0.0,0.0,0.0,0.0,0.0,False,False
2022-04-01,472753.34441926854,80330393.33035001,40165196.665175006,40165196.665175006,813.1180418281747,4.0,4.0,8.0,4.0,0.5,0.05,0.08033039333035001,0.08033039333035001,0.08033039333035001,0.16066078666070002,0.00047275334441926857,3.213215733214001e-05,8.033039333035002e-06,2.4099117999105e-05,32132.15733214001,8.131180418281747e-07,0.0004647203050862336,0.0004406211870871286,0.0004406211870871286,0.00043980806904530043,4.7275334441926855,0.08033039333035003,0.24099117999105002,0.008131180418281748,4.398080690453004,False,True
2022-04-04,0.0,0.0,0.0,0.0,0.0,0.0,0.0,0.0,0.0,0.0,0.0,0.0,0.0,0.0,0.0,0.0,0.0,0.0,0.0,0.0,0.0,0.0,0.0,0.0,0.0,0.0,0.0,0.0,0.0,0.0,False,False
2022-04-05,-975763.200112274,106743165.62065001,53371582.810325004,53371582.810325,1012.2200239734128,4.0,4.0,8.0,4.0,0.5,0.05,0.10674316562065,0.10674316562065,0.10674316562065,0.2134863312413,-0.000975763200112274,4.2697266248260006e-05,1.0674316562065001e-05,3.2022949686195e-05,42697.266248260006,1.0122200239734127e-06,-0.0009864375166743391,-0.001018460466360534,-0.001018460466360534,-0.0010194726863845074,-9.75763200112274,0.10674316562065002,0.32022949686195,0.010122200239734128,-10.194726863845075,False,True
2022-04-06,-96950.62186321989,116970913.16965,58485456.584825,58485456.584825,1089.4327894416667,4.0,4.0,8.0,4.0,0.5,0.05,0.11697091316965,0.11697091316965,0.11697091316965,0.2339418263393,-9.695062186321989e-05,4.678836526786e-05,1.1697091316965e-05,3.5091273950894996e-05,46788.36526786,1.0894327894416666e-06,-0.00010864771318018489,-0.0001437389871310799,-0.0001437389871310799,-0.00014482841992052156,-0.9695062186321989,0.11697091316965,0.35091273950894997,0.010894327894416666,-1.4482841992052156,False,True
2022-04-07,-372340.7253234154,55608127.13815001,27804063.569075003,27804063.569075003,612.7658007789682,4.0,4.0,8.0,4.0,0.5,0.05,0.055608127138150006,0.055608127138150006,0.055608127138150006,0.11121625427630001,-0.0003723407253234154,2.2243250855260003e-05,5.560812713815001e-06,1.6682438141445e-05,22243.250855260005,6.127658007789682e-07,-0.0003779015380372304,-0.00039458397617867544,-0.00039458397617867544,-0.0003951967419794544,-3.723407253234154,0.055608127138150006,0.16682438141445,0.006127658007789682,-3.951967419794544,False,True
2022-04-08,-1063674.2385950503,65088385.14220001,32544192.571100008,32544192.571100004,692.7639023984128,4.0,4.0,8.0,4.0,0.5,0.05000000000000001,0.06508838514220001,0.06508838514220001,0.06508838514220001,0.13017677028440003,-0.0010636742385950503,2.6035354056880006e-05,6.5088385142200016e-06,1.9526515542660004e-05,26035.354056880005,6.927639023984128e-07,-0.0010701830771092703,-0.0010897095926519303,-0.0010897095926519303,-0.0010904023565543287,-10.636742385950503,0.06508838514220001,0.19526515542660003,0.006927639023984128,-10.904023565543287,False,True
2022-04-11,743465.9999569382,65329679.71305,32664839.856524996,32664839.856525004,697.8899437543652,4.0,4.0,8.0,4.0,0.5,0.05000000000000001,0.06532967971305,0.06532967971305,0.06532967971305,0.1306593594261,0.0007434659999569382,2.6131871885219998e-05,6.5329679713049995e-06,1.9598903913915e-05,26131.87188522,6.978899437543652e-07,0.0007369330319856333,0.0007173341280717183,0.0007173341280717183,0.000716636238127964,7.434659999569382,0.06532967971305,0.19598903913914997,0.006978899437543652,7.166362381279639,False,True
2022-04-12,28934.385247371534,56087173.846599996,28043586.923299998,28043586.923299998,623.1008214809524,4.0,4.0,8.0,4.0,0.5,0.05000000000000001,0.056087173846599996,0.056087173846599996,0.056087173846599996,0.11217434769319999,2.8934385247371535e-05,2.243486953864e-05,5.60871738466e-06,1.682615215398e-05,22434.86953864,6.231008214809524e-07,2.3325667862711536e-05,6.4995157087315375e-06,6.4995157087315375e-06,5.876414887250585e-06,0.28934385247371536,0.0560871738466,0.16826152153979998,0.006231008214809524,0.05876414887250585,False,True
2022-04-13,-110119.00165453268,56297669.08105001,28148834.540525004,28148834.540525004,627.7941614369048,4.0,4.0,8.0,4.0,0.5,0.05,0.05629766908105001,0.05629766908105001,0.05629766908105001,0.11259533816210002,-0.00011011900165453268,2.2519067632420005e-05,5.629766908105001e-06,1.6889300724315e-05,22519.067632420007,6.277941614369048e-07,-0.00011574876856263768,-0.00013263806928695267,-0.00013263806928695267,-0.00013326586344838956,-1.1011900165453268,0.056297669081050015,0.16889300724315,0.006277941614369048,-1.3326586344838955,False,True
2022-04-14,-121453.66576396252,51114701.010000005,25557350.505000003,25557350.505000003,583.9842780158731,4.0,4.0,8.0,4.0,0.5,0.05000000000000001,0.051114701010000006,0.051114701010000006,0.051114701010000006,0.10222940202000001,-0.00012145366576396252,2.0445880404000003e-05,5.111470101000001e-06,1.5334410303e-05,20445.880404000003,5.83984278015873e-07,-0.00012656513586496252,-0.00014189954616796252,-0.00014189954616796252,-0.0001424835304459784,-1.2145366576396253,0.051114701010000006,0.15334410303,0.005839842780158731,-1.424835304459784,False,True
2022-04-18,0.0,0.0,0.0,0.0,0.0,0.0,0.0,0.0,0.0,0.0,0.0,0.0,0.0,0.0,0.0,0.0,0.0,0.0,0.0,0.0,0.0,0.0,0.0,0.0,0.0,0.0,0.0,0.0,0.0,0.0,False,False
2022-04-19,0.0,0.0,0.0,0.0,0.0,0.0,0.0,0.0,0.0,0.0,0.0,0.0,0.0,0.0,0.0,0.0,0.0,0.0,0.0,0.0,0.0,0.0,0.0,0.0,0.0,0.0,0.0,0.0,0.0,0.0,False,False
2022-04-20,0.0,0.0,0.0,0.0,0.0,0.0,0.0,0.0,0.0,0.0,0.0,0.0,0.0,0.0,0.0,0.0,0.0,0.0,0.0,0.0,0.0,0.0,0.0,0.0,0.0,0.0,0.0,0.0,0.0,0.0,False,False
2022-04-21,0.0,0.0,0.0,0.0,0.0,0.0,0.0,0.0,0.0,0.0,0.0,0.0,0.0,0.0,0.0,0.0,0.0,0.0,0.0,0.0,0.0,0.0,0.0,0.0,0.0,0.0,0.0,0.0,0.0,0.0,False,False
2022-04-22,0.0,0.0,0.0,0.0,0.0,0.0,0.0,0.0,0.0,0.0,0.0,0.0,0.0,0.0,0.0,0.0,0.0,0.0,0.0,0.0,0.0,0.0,0.0,0.0,0.0,0.0,0.0,0.0,0.0,0.0,False,False
2022-04-25,0.0,0.0,0.0,0.0,0.0,0.0,0.0,0.0,0.0,0.0,0.0,0.0,0.0,0.0,0.0,0.0,0.0,0.0,0.0,0.0,0.0,0.0,0.0,0.0,0.0,0.0,0.0,0.0,0.0,0.0,False,False
2022-04-26,-223000.52916600768,33946315.45,16973157.724999998,16973157.725,431.1775542063492,3.0,3.0,6.0,3.0,0.5,0.05,0.03394631545,0.03394631545,0.03394631545,0.0678926309,-0.00022300052916600767,1.357852618e-05,3.394631545e-06,1.0183894634999998e-05,13578.52618,4.3117755420634924e-07,-0.00022639516071100766,-0.00023657905534600764,-0.00023657905534600764,-0.000237010232900214,-2.2300052916600768,0.03394631545,0.10183894634999999,0.0043117755420634925,-2.37010232900214,False,True
2022-04-27,187191.39964512762,23704261.825000003,11852130.912500001,11852130.912500001,188.12906210317462,3.0,3.0,6.0,3.0,0.5,0.05,0.023704261825000003,0.023704261825000003,0.023704261825000003,0.047408523650000006,0.0001871913996451276,9.481704730000001e-06,2.3704261825000003e-06,7.1112785475e-06,9481.704730000001,1.881290621031746e-07,0.0001848209734626276,0.0001777096949151276,0.0001777096949151276,0.0001775215658530244,1.871913996451276,0.023704261825000003,0.07111278547500001,0.001881290621031746,1.775215658530244,False,True
2022-04-28,0.0,0.0,0.0,0.0,0.0,0.0,0.0,0.0,0.0,0.0,0.0,0.0,0.0,0.0,0.0,0.0,0.0,0.0,0.0,0.0,0.0,0.0,0.0,0.0,0.0,0.0,0.0,0.0,0.0,0.0,False,False
2022-04-29,0.0,0.0,0.0,0.0,0.0,0.0,0.0,0.0,0.0,0.0,0.0,0.0,0.0,0.0,0.0,0.0,0.0,0.0,0.0,0.0,0.0,0.0,0.0,0.0,0.0,0.0,0.0,0.0,0.0,0.0,False,False
2022-05-02,0.0,0.0,0.0,0.0,0.0,0.0,0.0,0.0,0.0,0.0,0.0,0.0,0.0,0.0,0.0,0.0,0.0,0.0,0.0,0.0,0.0,0.0,0.0,0.0,0.0,0.0,0.0,0.0,0.0,0.0,False,False
2022-05-03,0.0,0.0,0.0,0.0,0.0,0.0,0.0,0.0,0.0,0.0,0.0,0.0,0.0,0.0,0.0,0.0,0.0,0.0,0.0,0.0,0.0,0.0,0.0,0.0,0.0,0.0,0.0,0.0,0.0,0.0,False,False
2022-05-04,0.0,0.0,0.0,0.0,0.0,0.0,0.0,0.0,0.0,0.0,0.0,0.0,0.0,0.0,0.0,0.0,0.0,0.0,0.0,0.0,0.0,0.0,0.0,0.0,0.0,0.0,0.0,0.0,0.0,0.0,False,False
2022-05-05,0.0,0.0,0.0,0.0,0.0,0.0,0.0,0.0,0.0,0.0,0.0,0.0,0.0,0.0,0.0,0.0,0.0,0.0,0.0,0.0,0.0,0.0,0.0,0.0,0.0,0.0,0.0,0.0,0.0,0.0,False,False
2022-05-06,0.0,0.0,0.0,0.0,0.0,0.0,0.0,0.0,0.0,0.0,0.0,0.0,0.0,0.0,0.0,0.0,0.0,0.0,0.0,0.0,0.0,0.0,0.0,0.0,0.0,0.0,0.0,0.0,0.0,0.0,False,False
2022-05-09,0.0,0.0,0.0,0.0,0.0,0.0,0.0,0.0,0.0,0.0,0.0,0.0,0.0,0.0,0.0,0.0,0.0,0.0,0.0,0.0,0.0,0.0,0.0,0.0,0.0,0.0,0.0,0.0,0.0,0.0,False,False
2022-05-10,0.0,0.0,0.0,0.0,0.0,0.0,0.0,0.0,0.0,0.0,0.0,0.0,0.0,0.0,0.0,0.0,0.0,0.0,0.0,0.0,0.0,0.0,0.0,0.0,0.0,0.0,0.0,0.0,0.0,0.0,False,False
2022-05-11,0.0,0.0,0.0,0.0,0.0,0.0,0.0,0.0,0.0,0.0,0.0,0.0,0.0,0.0,0.0,0.0,0.0,0.0,0.0,0.0,0.0,0.0,0.0,0.0,0.0,0.0,0.0,0.0,0.0,0.0,False,False
2022-05-12,0.0,0.0,0.0,0.0,0.0,0.0,0.0,0.0,0.0,0.0,0.0,0.0,0.0,0.0,0.0,0.0,0.0,0.0,0.0,0.0,0.0,0.0,0.0,0.0,0.0,0.0,0.0,0.0,0.0,0.0,False,False
2022-05-13,-391013.6479475474,76439889.2,38219944.6,38219944.6,731.3198560317461,4.0,4.0,8.0,4.0,0.5,0.05,0.0764398892,0.0764398892,0.0764398892,0.1528797784,-0.0003910136479475474,3.057595568e-05,7.64398892e-06,2.2931966759999997e-05,30575.95568,7.313198560317461e-07,-0.0003986576368675474,-0.00042158960362754735,-0.00042158960362754735,-0.0004223209234835791,-3.910136479475474,0.0764398892,0.22931966759999997,0.007313198560317461,-4.2232092348357915,False,True
2022-05-16,0.0,0.0,0.0,0.0,0.0,0.0,0.0,0.0,0.0,0.0,0.0,0.0,0.0,0.0,0.0,0.0,0.0,0.0,0.0,0.0,0.0,0.0,0.0,0.0,0.0,0.0,0.0,0.0,0.0,0.0,False,False
2022-05-17,0.0,0.0,0.0,0.0,0.0,0.0,0.0,0.0,0.0,0.0,0.0,0.0,0.0,0.0,0.0,0.0,0.0,0.0,0.0,0.0,0.0,0.0,0.0,0.0,0.0,0.0,0.0,0.0,0.0,0.0,False,False
2022-05-18,0.0,0.0,0.0,0.0,0.0,0.0,0.0,0.0,0.0,0.0,0.0,0.0,0.0,0.0,0.0,0.0,0.0,0.0,0.0,0.0,0.0,0.0,0.0,0.0,0.0,0.0,0.0,0.0,0.0,0.0,False,False
2022-05-19,0.0,0.0,0.0,0.0,0.0,0.0,0.0,0.0,0.0,0.0,0.0,0.0,0.0,0.0,0.0,0.0,0.0,0.0,0.0,0.0,0.0,0.0,0.0,0.0,0.0,0.0,0.0,0.0,0.0,0.0,False,False
2022-05-20,0.0,0.0,0.0,0.0,0.0,0.0,0.0,0.0,0.0,0.0,0.0,0.0,0.0,0.0,0.0,0.0,0.0,0.0,0.0,0.0,0.0,0.0,0.0,0.0,0.0,0.0,0.0,0.0,0.0,0.0,False,False
2022-05-23,0.0,0.0,0.0,0.0,0.0,0.0,0.0,0.0,0.0,0.0,0.0,0.0,0.0,0.0,0.0,0.0,0.0,0.0,0.0,0.0,0.0,0.0,0.0,0.0,0.0,0.0,0.0,0.0,0.0,0.0,False,False
2022-05-24,0.0,0.0,0.0,0.0,0.0,0.0,0.0,0.0,0.0,0.0,0.0,0.0,0.0,0.0,0.0,0.0,0.0,0.0,0.0,0.0,0.0,0.0,0.0,0.0,0.0,0.0,0.0,0.0,0.0,0.0,False,False
2022-05-25,0.0,0.0,0.0,0.0,0.0,0.0,0.0,0.0,0.0,0.0,0.0,0.0,0.0,0.0,0.0,0.0,0.0,0.0,0.0,0.0,0.0,0.0,0.0,0.0,0.0,0.0,0.0,0.0,0.0,0.0,False,False
2022-05-26,0.0,0.0,0.0,0.0,0.0,0.0,0.0,0.0,0.0,0.0,0.0,0.0,0.0,0.0,0.0,0.0,0.0,0.0,0.0,0.0,0.0,0.0,0.0,0.0,0.0,0.0,0.0,0.0,0.0,0.0,False,False
2022-05-27,0.0,0.0,0.0,0.0,0.0,0.0,0.0,0.0,0.0,0.0,0.0,0.0,0.0,0.0,0.0,0.0,0.0,0.0,0.0,0.0,0.0,0.0,0.0,0.0,0.0,0.0,0.0,0.0,0.0,0.0,False,False
2022-05-31,0.0,0.0,0.0,0.0,0.0,0.0,0.0,0.0,0.0,0.0,0.0,0.0,0.0,0.0,0.0,0.0,0.0,0.0,0.0,0.0,0.0,0.0,0.0,0.0,0.0,0.0,0.0,0.0,0.0,0.0,False,False
2022-06-01,0.0,0.0,0.0,0.0,0.0,0.0,0.0,0.0,0.0,0.0,0.0,0.0,0.0,0.0,0.0,0.0,0.0,0.0,0.0,0.0,0.0,0.0,0.0,0.0,0.0,0.0,0.0,0.0,0.0,0.0,False,False
2022-06-02,0.0,0.0,0.0,0.0,0.0,0.0,0.0,0.0,0.0,0.0,0.0,0.0,0.0,0.0,0.0,0.0,0.0,0.0,0.0,0.0,0.0,0.0,0.0,0.0,0.0,0.0,0.0,0.0,0.0,0.0,False,False
2022-06-03,0.0,0.0,0.0,0.0,0.0,0.0,0.0,0.0,0.0,0.0,0.0,0.0,0.0,0.0,0.0,0.0,0.0,0.0,0.0,0.0,0.0,0.0,0.0,0.0,0.0,0.0,0.0,0.0,0.0,0.0,False,False
2022-06-06,0.0,0.0,0.0,0.0,0.0,0.0,0.0,0.0,0.0,0.0,0.0,0.0,0.0,0.0,0.0,0.0,0.0,0.0,0.0,0.0,0.0,0.0,0.0,0.0,0.0,0.0,0.0,0.0,0.0,0.0,False,False
2022-06-07,0.0,0.0,0.0,0.0,0.0,0.0,0.0,0.0,0.0,0.0,0.0,0.0,0.0,0.0,0.0,0.0,0.0,0.0,0.0,0.0,0.0,0.0,0.0,0.0,0.0,0.0,0.0,0.0,0.0,0.0,False,False
2022-06-08,0.0,0.0,0.0,0.0,0.0,0.0,0.0,0.0,0.0,0.0,0.0,0.0,0.0,0.0,0.0,0.0,0.0,0.0,0.0,0.0,0.0,0.0,0.0,0.0,0.0,0.0,0.0,0.0,0.0,0.0,False,False
2022-06-09,0.0,0.0,0.0,0.0,0.0,0.0,0.0,0.0,0.0,0.0,0.0,0.0,0.0,0.0,0.0,0.0,0.0,0.0,0.0,0.0,0.0,0.0,0.0,0.0,0.0,0.0,0.0,0.0,0.0,0.0,False,False
2022-06-10,0.0,0.0,0.0,0.0,0.0,0.0,0.0,0.0,0.0,0.0,0.0,0.0,0.0,0.0,0.0,0.0,0.0,0.0,0.0,0.0,0.0,0.0,0.0,0.0,0.0,0.0,0.0,0.0,0.0,0.0,False,False
2022-06-13,0.0,0.0,0.0,0.0,0.0,0.0,0.0,0.0,0.0,0.0,0.0,0.0,0.0,0.0,0.0,0.0,0.0,0.0,0.0,0.0,0.0,0.0,0.0,0.0,0.0,0.0,0.0,0.0,0.0,0.0,False,False
2022-06-14,556549.9800871282,191036751.78525,95518375.892625,95518375.892625,1588.2653109940477,4.0,4.0,8.0,4.0,0.5,0.05,0.19103675178525,0.19103675178525,0.19103675178525,0.3820735035705,0.0005565499800871282,7.64147007141e-05,1.9103675178525e-05,5.7311025535575e-05,76414.7007141,1.5882653109940476e-06,0.0005374463049086033,0.00048013527937302826,0.00048013527937302826,0.0004785470140620342,5.565499800871282,0.19103675178525,0.57311025535575,0.015882653109940477,4.785470140620342,False,True
2022-06-15,0.0,0.0,0.0,0.0,0.0,0.0,0.0,0.0,0.0,0.0,0.0,0.0,0.0,0.0,0.0,0.0,0.0,0.0,0.0,0.0,0.0,0.0,0.0,0.0,0.0,0.0,0.0,0.0,0.0,0.0,False,False
2022-06-16,549330.7965148982,174835447.93775,87417723.968875,87417723.968875,1588.3554307757938,4.0,4.0,8.0,4.0,0.5,0.05,0.17483544793775002,0.17483544793775002,0.17483544793775002,0.34967089587550004,0.0005493307965148982,6.993417917510001e-05,1.7483544793775002e-05,5.2450634381325e-05,69934.17917510001,1.5883554307757939e-06,0.0005318472517211232,0.00047939661733979825,0.00047939661733979825,0.00047780826190902244,5.493307965148982,0.17483544793775002,0.52450634381325,0.01588355430775794,4.778082619090225,False,True
2022-06-17,1610046.3970614083,191827275.48661,95913637.74330498,95913637.743305,1644.605881481032,4.0,4.0,8.0,4.0,0.5,0.05,0.19182727548661,0.19182727548661,0.19182727548661,0.38365455097322,0.0016100463970614082,7.6730910194644e-05,1.9182727548661e-05,5.754818264598299e-05,76730.91019464399,1.6446058814810319e-06,0.0015908636695127472,0.0015333154868667643,0.0015333154868667643,0.0015316708809852832,16.100463970614083,0.19182727548661,0.5754818264598299,0.01644605881481032,15.316708809852832,False,True
2022-06-21,-225891.16370779063,189704797.4152,94852398.7076,94852398.7076,1663.777947898413,4.0,4.0,8.0,4.0,0.5,0.05000000000000001,0.1897047974152,0.1897047974152,0.1897047974152,0.3794095948304,-0.00022589116370779063,7.588191896608e-05,1.897047974152e-05,5.691143922455999e-05,75881.91896608,1.663777947898413e-06,-0.0002448616434493106,-0.0003017730826738706,-0.0003017730826738706,-0.000303436860621769,-2.2589116370779063,0.18970479741520002,0.5691143922455999,0.01663777947898413,-3.0343686062176904,False,True
2022-06-22,1320379.8965051689,208290086.1238,104145043.0619,104145043.0619,1776.4845400301588,4.0,4.0,8.0,4.0,0.5,0.05,0.2082900861238,0.2082900861238,0.2082900861238,0.4165801722476,0.001320379896505169,8.331603444952e-05,2.082900861238e-05,6.248702583714e-05,83316.03444952001,1.7764845400301587e-06,0.0012995508878927888,0.0012370638620556487,0.0012370638620556487,0.0012352873775156187,13.20379896505169,0.2082900861238,0.6248702583714001,0.01776484540030159,12.352873775156187,False,True
2022-06-23,1534264.0890845994,242570508.54560003,121285254.27280001,121285254.27280001,2047.773311314286,4.0,4.0,8.0,4.0,0.5,0.05000000000000001,0.24257050854560003,0.24257050854560003,0.24257050854560003,0.48514101709120006,0.0015342640890845993,9.702820341824001e-05,2.4257050854560002e-05,7.277115256368e-05,97028.20341824001,2.047773311314286e-06,0.0015100070382300394,0.0014372358856663595,0.0014372358856663595,0.0014351881123550452,15.342640890845994,0.24257050854560003,0.7277115256368001,0.02047773311314286,14.351881123550452,False,True
2022-06-24,1011152.734339779,213038768.8093,106519384.40465,106519384.40465,1812.8389232484128,4.0,4.0,8.0,4.0,0.5,0.05,0.2130387688093,0.2130387688093,0.2130387688093,0.4260775376186,0.001011152734339779,8.521550752372001e-05,2.1303876880930002e-05,6.391163064279e-05,85215.50752372,1.8128389232484128e-06,0.0009898488574588491,0.0009259372268160591,0.0009259372268160591,0.0009241243878928108,10.11152734339779,0.2130387688093,0.6391163064279001,0.018128389232484127,9.241243878928108,False,True
2022-06-27,-257534.11118832408,138764109.7755,69382054.88775,69382054.88775,1101.3024585357143,4.0,4.0,8.0,4.0,0.5,0.05,0.1387641097755,0.1387641097755,0.1387641097755,0.277528219551,-0.0002575341111883241,5.55056439102e-05,1.387641097755e-05,4.162923293264999e-05,55505.6439102,1.1013024585357144e-06,-0.0002714105221658741,-0.0003130397550985241,-0.0003130397550985241,-0.0003141410575570598,-2.5753411118832408,0.1387641097755,0.4162923293264999,0.011013024585357144,-3.141410575570598,False,True
2022-06-28,-1503203.847163054,133461282.40500002,66730641.20250001,66730641.20250001,1059.2165270238097,4.0,4.0,8.0,4.0,0.5,0.05000000000000001,0.13346128240500002,0.13346128240500002,0.13346128240500002,0.26692256481000004,-0.001503203847163054,5.3384512962000014e-05,1.3346128240500004e-05,4.0038384721500004e-05,53384.512962000015,1.0592165270238098e-06,-0.001516549975403554,-0.001556588360125054,-0.001556588360125054,-0.0015576475766520778,-15.032038471630539,0.13346128240500005,0.40038384721500003,0.010592165270238098,-15.576475766520778,False,True
2022-06-29,-751177.981949969,166862400.0745,83431200.03725,83431200.03725,1324.3047624960318,4.0,4.0,8.0,4.0,0.5,0.05,0.16686240007449998,0.16686240007449998,0.16686240007449998,0.33372480014899997,-0.0007511779819499689,6.67449600298e-05,1.668624000745e-05,5.005872002234999e-05,66744.9600298,1.324304762496032e-06,-0.000767864221957419,-0.0008179229419797689,-0.0008179229419797689,-0.000819247246742265,-7.511779819499689,0.16686240007449998,0.5005872002234999,0.013243047624960319,-8.19247246742265,False,True
2022-06-30,-1146352.4735452423,218500876.19835,109250438.099175,109250438.099175,1734.1339380821432,4.0,4.0,8.0,4.0,0.5,0.05,0.21850087619835,0.21850087619835,0.21850087619835,0.4370017523967,-0.0011463524735452423,8.740035047934e-05,2.1850087619835e-05,6.5550262859505e-05,87400.35047934,1.7341339380821433e-06,-0.0011682025611650772,-0.0012337528240245821,-0.0012337528240245821,-0.0012354869579626643,-11.463524735452424,0.21850087619835,0.65550262859505,0.017341339380821434,-12.354869579626643,False,True
2022-07-01,-800645.5136484138,112265559.34575,56132779.672875,56132779.672875,1019.4072335376985,4.0,4.0,8.0,4.0,0.5,0.05,0.11226555934575,0.11226555934575,0.11226555934575,0.2245311186915,-0.0008006455136484138,4.49062237383e-05,1.1226555934575e-05,3.3679667803725e-05,44906.2237383,1.0194072335376984e-06,-0.0008118720695829888,-0.0008455517373867138,-0.0008455517373867138,-0.0008465711446202515,-8.006455136484139,0.11226555934575,0.33679667803725,0.010194072335376985,-8.465711446202516,False,True
2022-07-05,115638.56904940355,198553793.95815003,99276896.97907503,99276896.97907501,1575.8237615726193,4.0,4.0,8.0,4.0,0.5,0.05000000000000001,0.19855379395815004,0.19855379395815004,0.19855379395815004,0.3971075879163001,0.00011563856904940355,7.942151758326002e-05,1.9855379395815005e-05,5.9566138187445006e-05,79421.51758326002,1.5758237615726194e-06,9.578318965358854e-05,3.621705146614354e-05,3.621705146614354e-05,3.464122770457092e-05,1.1563856904940355,0.19855379395815007,0.5956613818744501,0.015758237615726194,0.3464122770457092,False,True
2022-07-06,1376854.2952410153,201830143.2301,100915071.61505,100915071.61505,1601.8265335722224,4.0,4.0,8.0,4.0,0.5,0.05,0.2018301432301,0.2018301432301,0.2018301432301,0.4036602864602,0.0013768542952410153,8.073205729204001e-05,2.0183014323010002e-05,6.054904296903e-05,80732.05729204,1.6018265335722225e-06,0.0013566712809180053,0.0012961222379489752,0.0012961222379489752,0.001294520411415403,13.768542952410153,0.2018301432301,0.6054904296903,0.016018265335722225,12.94520411415403,False,True
2022-07-07,-4006614.490827702,214843471.17745,107421735.588725,107421735.588725,1705.106914106746,4.0,4.0,8.0,4.0,0.5,0.05,0.21484347117745,0.21484347117745,0.21484347117745,0.4296869423549,-0.004006614490827702,8.593738847098001e-05,2.1484347117745002e-05,6.445304135323499e-05,85937.38847098,1.705106914106746e-06,-0.0040280988379454465,-0.0040925518792986814,-0.0040925518792986814,-0.004094256986212788,-40.06614490827702,0.21484347117745,0.64453041353235,0.01705106914106746,-40.942569862127876,False,True
2022-07-08,-810569.8955187389,115184623.60005003,57592311.800025016,57592311.800025016,914.1636793654765,4.0,4.0,8.0,4.0,0.5,0.05000000000000001,0.11518462360005004,0.11518462360005004,0.11518462360005004,0.23036924720010007,-0.0008105698955187389,4.6073849440020016e-05,1.1518462360005004e-05,3.455538708001501e-05,46073.849440020014,9.141636793654764e-07,-0.0008220883578787439,-0.0008566437449587589,-0.0008566437449587589,-0.0008575579086381244,-8.105698955187389,0.11518462360005004,0.3455538708001501,0.009141636793654765,-8.575579086381245,False,True
2022-07-11,-466800.71011609485,215258302.81205,107629151.406025,107629151.406025,1708.3992286670634,4.0,4.0,8.0,4.0,0.5,0.05000000000000001,0.21525830281205002,0.21525830281205002,0.21525830281205002,0.43051660562410005,-0.00046680071011609485,8.610332112482001e-05,2.1525830281205003e-05,6.4577490843615e-05,86103.32112482001,1.7083992286670634e-06,-0.0004883265403972999,-0.0005529040312409149,-0.0005529040312409149,-0.000554612430469582,-4.668007101160948,0.21525830281205002,0.6457749084361499,0.017083992286670634,-5.5461243046958195,False,True
2022-07-12,-3066090.309452337,231744173.3462,115872086.6731,115872086.6731,1839.2394710015874,4.0,4.0,8.0,4.0,0.5,0.05000000000000001,0.23174417334619998,0.23174417334619998,0.23174417334619998,0.46348834669239997,-0.003066090309452337,9.269766933848e-05,2.317441733462e-05,6.952325200385999e-05,92697.66933848,1.8392394710015874e-06,-0.003089264726786957,-0.003158787978790817,-0.003158787978790817,-0.003160627218261819,-30.66090309452337,0.23174417334619998,0.6952325200385999,0.018392394710015875,-31.606272182618188,False,True
2022-07-13,588749.22750023,500000000.0,250000000.0,250000000.0,3968.253968253968,4.0,4.0,8.0,3.0,0.375,0.05000000000000001,0.5,0.5,0.5,1.0,0.00058874922750023,0.0002,5e-05,0.00015,200000.0,3.968253968253968e-06,0.00053874922750023,0.00038874922750023,0.00038874922750023,0.00038478097353197605,5.8874922750023,0.5,1.4999999999999998,0.03968253968253968,3.8478097353197604,False,True
2022-07-14,1050090.5540048445,202164939.04540002,101082469.52270001,101082469.52270001,1604.4836432174604,4.0,4.0,8.0,4.0,0.5,0.05,0.20216493904540003,0.20216493904540003,0.20216493904540003,0.40432987809080007,0.0010500905540048444,8.086597561816002e-05,2.0216493904540006e-05,6.0649481713620004e-05,80865.97561816002,1.6044836432174604e-06,0.0010298740601003044,0.0009692245783866843,0.0009692245783866843,0.0009676200947434669,10.500905540048445,0.20216493904540006,0.6064948171362,0.016044836432174605,9.676200947434669,False,True
2022-07-15,1751937.7157487362,98844592.68890002,49422296.344450004,49422296.34445001,784.4808943563494,4.0,4.0,8.0,4.0,0.5,0.05,0.09884459268890003,0.09884459268890003,0.09884459268890003,0.19768918537780006,0.0017519377157487362,3.9537837075560015e-05,9.884459268890004e-06,2.9653377806670005e-05,39537.83707556001,7.844808943563494e-07,0.0017420532564798462,0.0017123998786731762,0.0017123998786731762,0.0017116153977788197,17.519377157487362,0.09884459268890004,0.29653377806670006,0.007844808943563495,17.116153977788198,False,True
2022-07-18,4927171.519034755,264204523.01999998,132102261.50999999,132102261.50999999,2096.861293809524,4.0,4.0,8.0,4.0,0.5,0.05,0.26420452301999997,0.26420452301999997,0.26420452301999997,0.5284090460399999,0.0049271715190347554,0.000105681809208,2.6420452302e-05,7.926135690599998e-05,105681.809208,2.096861293809524e-06,0.004900751066732756,0.0048214897098267555,0.0048214897098267555,0.004819392848532946,49.27171519034756,0.26420452301999997,0.7926135690599998,0.02096861293809524,48.19392848532946,False,True
2022-07-19,717870.3749596683,259155980.495,129577990.2475,129577990.2475,2056.7934959920635,4.0,4.0,8.0,4.0,0.5,0.05,0.259155980495,0.259155980495,0.259155980495,0.51831196099,0.0007178703749596683,0.000103662392198,2.59155980495e-05,7.77467941485e-05,103662.392198,2.0567934959920634e-06,0.0006919547769101683,0.0006142079827616683,0.0006142079827616683,0.0006121511892656763,7.178703749596682,0.259155980495,0.777467941485,0.020567934959920632,6.121511892656763,False,True
2022-07-20,132855.65252192813,95152840.54644999,47576420.273224995,47576420.273224995,755.1812741781746,4.0,4.0,8.0,4.0,0.5,0.05,0.09515284054644998,0.09515284054644998,0.09515284054644998,0.19030568109289997,0.00013285565252192812,3.8061136218579995e-05,9.515284054644999e-06,2.8545852163934993e-05,38061.136218579995,7.551812741781746e-07,0.00012334036846728313,9.479451630334814e-05,9.479451630334814e-05,9.403933502916996e-05,1.3285565252192812,0.09515284054644998,0.2854585216393499,0.007551812741781746,0.9403933502916996,False,True
2022-07-21,0.0,0.0,0.0,0.0,0.0,0.0,0.0,0.0,0.0,0.0,0.0,0.0,0.0,0.0,0.0,0.0,0.0,0.0,0.0,0.0,0.0,0.0,0.0,0.0,0.0,0.0,0.0,0.0,0.0,0.0,False,False
2022-07-22,0.0,0.0,0.0,0.0,0.0,0.0,0.0,0.0,0.0,0.0,0.0,0.0,0.0,0.0,0.0,0.0,0.0,0.0,0.0,0.0,0.0,0.0,0.0,0.0,0.0,0.0,0.0,0.0,0.0,0.0,False,False
2022-07-25,0.0,0.0,0.0,0.0,0.0,0.0,0.0,0.0,0.0,0.0,0.0,0.0,0.0,0.0,0.0,0.0,0.0,0.0,0.0,0.0,0.0,0.0,0.0,0.0,0.0,0.0,0.0,0.0,0.0,0.0,False,False
2022-07-26,0.0,0.0,0.0,0.0,0.0,0.0,0.0,0.0,0.0,0.0,0.0,0.0,0.0,0.0,0.0,0.0,0.0,0.0,0.0,0.0,0.0,0.0,0.0,0.0,0.0,0.0,0.0,0.0,0.0,0.0,False,False
2022-07-27,0.0,0.0,0.0,0.0,0.0,0.0,0.0,0.0,0.0,0.0,0.0,0.0,0.0,0.0,0.0,0.0,0.0,0.0,0.0,0.0,0.0,0.0,0.0,0.0,0.0,0.0,0.0,0.0,0.0,0.0,False,False
2022-07-28,0.0,0.0,0.0,0.0,0.0,0.0,0.0,0.0,0.0,0.0,0.0,0.0,0.0,0.0,0.0,0.0,0.0,0.0,0.0,0.0,0.0,0.0,0.0,0.0,0.0,0.0,0.0,0.0,0.0,0.0,False,False
2022-07-29,0.0,0.0,0.0,0.0,0.0,0.0,0.0,0.0,0.0,0.0,0.0,0.0,0.0,0.0,0.0,0.0,0.0,0.0,0.0,0.0,0.0,0.0,0.0,0.0,0.0,0.0,0.0,0.0,0.0,0.0,False,False
2022-08-01,0.0,0.0,0.0,0.0,0.0,0.0,0.0,0.0,0.0,0.0,0.0,0.0,0.0,0.0,0.0,0.0,0.0,0.0,0.0,0.0,0.0,0.0,0.0,0.0,0.0,0.0,0.0,0.0,0.0,0.0,False,False
2022-08-02,0.0,0.0,0.0,0.0,0.0,0.0,0.0,0.0,0.0,0.0,0.0,0.0,0.0,0.0,0.0,0.0,0.0,0.0,0.0,0.0,0.0,0.0,0.0,0.0,0.0,0.0,0.0,0.0,0.0,0.0,False,False
2022-08-03,0.0,0.0,0.0,0.0,0.0,0.0,0.0,0.0,0.0,0.0,0.0,0.0,0.0,0.0,0.0,0.0,0.0,0.0,0.0,0.0,0.0,0.0,0.0,0.0,0.0,0.0,0.0,0.0,0.0,0.0,False,False
2022-08-04,0.0,0.0,0.0,0.0,0.0,0.0,0.0,0.0,0.0,0.0,0.0,0.0,0.0,0.0,0.0,0.0,0.0,0.0,0.0,0.0,0.0,0.0,0.0,0.0,0.0,0.0,0.0,0.0,0.0,0.0,False,False
2022-08-05,0.0,0.0,0.0,0.0,0.0,0.0,0.0,0.0,0.0,0.0,0.0,0.0,0.0,0.0,0.0,0.0,0.0,0.0,0.0,0.0,0.0,0.0,0.0,0.0,0.0,0.0,0.0,0.0,0.0,0.0,False,False
2022-08-08,0.0,0.0,0.0,0.0,0.0,0.0,0.0,0.0,0.0,0.0,0.0,0.0,0.0,0.0,0.0,0.0,0.0,0.0,0.0,0.0,0.0,0.0,0.0,0.0,0.0,0.0,0.0,0.0,0.0,0.0,False,False
2022-08-09,0.0,0.0,0.0,0.0,0.0,0.0,0.0,0.0,0.0,0.0,0.0,0.0,0.0,0.0,0.0,0.0,0.0,0.0,0.0,0.0,0.0,0.0,0.0,0.0,0.0,0.0,0.0,0.0,0.0,0.0,False,False
2022-08-10,0.0,0.0,0.0,0.0,0.0,0.0,0.0,0.0,0.0,0.0,0.0,0.0,0.0,0.0,0.0,0.0,0.0,0.0,0.0,0.0,0.0,0.0,0.0,0.0,0.0,0.0,0.0,0.0,0.0,0.0,False,False
2022-08-11,0.0,0.0,0.0,0.0,0.0,0.0,0.0,0.0,0.0,0.0,0.0,0.0,0.0,0.0,0.0,0.0,0.0,0.0,0.0,0.0,0.0,0.0,0.0,0.0,0.0,0.0,0.0,0.0,0.0,0.0,False,False
2022-08-12,0.0,0.0,0.0,0.0,0.0,0.0,0.0,0.0,0.0,0.0,0.0,0.0,0.0,0.0,0.0,0.0,0.0,0.0,0.0,0.0,0.0,0.0,0.0,0.0,0.0,0.0,0.0,0.0,0.0,0.0,False,False
2022-08-15,0.0,0.0,0.0,0.0,0.0,0.0,0.0,0.0,0.0,0.0,0.0,0.0,0.0,0.0,0.0,0.0,0.0,0.0,0.0,0.0,0.0,0.0,0.0,0.0,0.0,0.0,0.0,0.0,0.0,0.0,False,False
2022-08-16,0.0,0.0,0.0,0.0,0.0,0.0,0.0,0.0,0.0,0.0,0.0,0.0,0.0,0.0,0.0,0.0,0.0,0.0,0.0,0.0,0.0,0.0,0.0,0.0,0.0,0.0,0.0,0.0,0.0,0.0,False,False
2022-08-17,0.0,0.0,0.0,0.0,0.0,0.0,0.0,0.0,0.0,0.0,0.0,0.0,0.0,0.0,0.0,0.0,0.0,0.0,0.0,0.0,0.0,0.0,0.0,0.0,0.0,0.0,0.0,0.0,0.0,0.0,False,False
2022-08-18,0.0,0.0,0.0,0.0,0.0,0.0,0.0,0.0,0.0,0.0,0.0,0.0,0.0,0.0,0.0,0.0,0.0,0.0,0.0,0.0,0.0,0.0,0.0,0.0,0.0,0.0,0.0,0.0,0.0,0.0,False,False
2022-08-19,0.0,0.0,0.0,0.0,0.0,0.0,0.0,0.0,0.0,0.0,0.0,0.0,0.0,0.0,0.0,0.0,0.0,0.0,0.0,0.0,0.0,0.0,0.0,0.0,0.0,0.0,0.0,0.0,0.0,0.0,False,False
2022-08-22,0.0,0.0,0.0,0.0,0.0,0.0,0.0,0.0,0.0,0.0,0.0,0.0,0.0,0.0,0.0,0.0,0.0,0.0,0.0,0.0,0.0,0.0,0.0,0.0,0.0,0.0,0.0,0.0,0.0,0.0,False,False
2022-08-23,0.0,0.0,0.0,0.0,0.0,0.0,0.0,0.0,0.0,0.0,0.0,0.0,0.0,0.0,0.0,0.0,0.0,0.0,0.0,0.0,0.0,0.0,0.0,0.0,0.0,0.0,0.0,0.0,0.0,0.0,False,False
2022-08-24,0.0,0.0,0.0,0.0,0.0,0.0,0.0,0.0,0.0,0.0,0.0,0.0,0.0,0.0,0.0,0.0,0.0,0.0,0.0,0.0,0.0,0.0,0.0,0.0,0.0,0.0,0.0,0.0,0.0,0.0,False,False
2022-08-25,0.0,0.0,0.0,0.0,0.0,0.0,0.0,0.0,0.0,0.0,0.0,0.0,0.0,0.0,0.0,0.0,0.0,0.0,0.0,0.0,0.0,0.0,0.0,0.0,0.0,0.0,0.0,0.0,0.0,0.0,False,False
2022-08-26,0.0,0.0,0.0,0.0,0.0,0.0,0.0,0.0,0.0,0.0,0.0,0.0,0.0,0.0,0.0,0.0,0.0,0.0,0.0,0.0,0.0,0.0,0.0,0.0,0.0,0.0,0.0,0.0,0.0,0.0,False,False
2022-08-29,0.0,0.0,0.0,0.0,0.0,0.0,0.0,0.0,0.0,0.0,0.0,0.0,0.0,0.0,0.0,0.0,0.0,0.0,0.0,0.0,0.0,0.0,0.0,0.0,0.0,0.0,0.0,0.0,0.0,0.0,False,False
2022-08-30,0.0,0.0,0.0,0.0,0.0,0.0,0.0,0.0,0.0,0.0,0.0,0.0,0.0,0.0,0.0,0.0,0.0,0.0,0.0,0.0,0.0,0.0,0.0,0.0,0.0,0.0,0.0,0.0,0.0,0.0,False,False
2022-08-31,0.0,0.0,0.0,0.0,0.0,0.0,0.0,0.0,0.0,0.0,0.0,0.0,0.0,0.0,0.0,0.0,0.0,0.0,0.0,0.0,0.0,0.0,0.0,0.0,0.0,0.0,0.0,0.0,0.0,0.0,False,False
2022-09-01,0.0,0.0,0.0,0.0,0.0,0.0,0.0,0.0,0.0,0.0,0.0,0.0,0.0,0.0,0.0,0.0,0.0,0.0,0.0,0.0,0.0,0.0,0.0,0.0,0.0,0.0,0.0,0.0,0.0,0.0,False,False
2022-09-02,0.0,0.0,0.0,0.0,0.0,0.0,0.0,0.0,0.0,0.0,0.0,0.0,0.0,0.0,0.0,0.0,0.0,0.0,0.0,0.0,0.0,0.0,0.0,0.0,0.0,0.0,0.0,0.0,0.0,0.0,False,False
2022-09-06,0.0,0.0,0.0,0.0,0.0,0.0,0.0,0.0,0.0,0.0,0.0,0.0,0.0,0.0,0.0,0.0,0.0,0.0,0.0,0.0,0.0,0.0,0.0,0.0,0.0,0.0,0.0,0.0,0.0,0.0,False,False
2022-09-07,0.0,0.0,0.0,0.0,0.0,0.0,0.0,0.0,0.0,0.0,0.0,0.0,0.0,0.0,0.0,0.0,0.0,0.0,0.0,0.0,0.0,0.0,0.0,0.0,0.0,0.0,0.0,0.0,0.0,0.0,False,False
2022-09-08,0.0,0.0,0.0,0.0,0.0,0.0,0.0,0.0,0.0,0.0,0.0,0.0,0.0,0.0,0.0,0.0,0.0,0.0,0.0,0.0,0.0,0.0,0.0,0.0,0.0,0.0,0.0,0.0,0.0,0.0,False,False
2022-09-09,0.0,0.0,0.0,0.0,0.0,0.0,0.0,0.0,0.0,0.0,0.0,0.0,0.0,0.0,0.0,0.0,0.0,0.0,0.0,0.0,0.0,0.0,0.0,0.0,0.0,0.0,0.0,0.0,0.0,0.0,False,False
2022-09-12,0.0,0.0,0.0,0.0,0.0,0.0,0.0,0.0,0.0,0.0,0.0,0.0,0.0,0.0,0.0,0.0,0.0,0.0,0.0,0.0,0.0,0.0,0.0,0.0,0.0,0.0,0.0,0.0,0.0,0.0,False,False
2022-09-13,0.0,0.0,0.0,0.0,0.0,0.0,0.0,0.0,0.0,0.0,0.0,0.0,0.0,0.0,0.0,0.0,0.0,0.0,0.0,0.0,0.0,0.0,0.0,0.0,0.0,0.0,0.0,0.0,0.0,0.0,False,False
2022-09-14,0.0,0.0,0.0,0.0,0.0,0.0,0.0,0.0,0.0,0.0,0.0,0.0,0.0,0.0,0.0,0.0,0.0,0.0,0.0,0.0,0.0,0.0,0.0,0.0,0.0,0.0,0.0,0.0,0.0,0.0,False,False
2022-09-15,0.0,0.0,0.0,0.0,0.0,0.0,0.0,0.0,0.0,0.0,0.0,0.0,0.0,0.0,0.0,0.0,0.0,0.0,0.0,0.0,0.0,0.0,0.0,0.0,0.0,0.0,0.0,0.0,0.0,0.0,False,False
2022-09-16,0.0,0.0,0.0,0.0,0.0,0.0,0.0,0.0,0.0,0.0,0.0,0.0,0.0,0.0,0.0,0.0,0.0,0.0,0.0,0.0,0.0,0.0,0.0,0.0,0.0,0.0,0.0,0.0,0.0,0.0,False,False
2022-09-19,0.0,0.0,0.0,0.0,0.0,0.0,0.0,0.0,0.0,0.0,0.0,0.0,0.0,0.0,0.0,0.0,0.0,0.0,0.0,0.0,0.0,0.0,0.0,0.0,0.0,0.0,0.0,0.0,0.0,0.0,False,False
2022-09-20,0.0,0.0,0.0,0.0,0.0,0.0,0.0,0.0,0.0,0.0,0.0,0.0,0.0,0.0,0.0,0.0,0.0,0.0,0.0,0.0,0.0,0.0,0.0,0.0,0.0,0.0,0.0,0.0,0.0,0.0,False,False
2022-09-21,0.0,0.0,0.0,0.0,0.0,0.0,0.0,0.0,0.0,0.0,0.0,0.0,0.0,0.0,0.0,0.0,0.0,0.0,0.0,0.0,0.0,0.0,0.0,0.0,0.0,0.0,0.0,0.0,0.0,0.0,False,False
2022-09-22,0.0,0.0,0.0,0.0,0.0,0.0,0.0,0.0,0.0,0.0,0.0,0.0,0.0,0.0,0.0,0.0,0.0,0.0,0.0,0.0,0.0,0.0,0.0,0.0,0.0,0.0,0.0,0.0,0.0,0.0,False,False
2022-09-23,0.0,0.0,0.0,0.0,0.0,0.0,0.0,0.0,0.0,0.0,0.0,0.0,0.0,0.0,0.0,0.0,0.0,0.0,0.0,0.0,0.0,0.0,0.0,0.0,0.0,0.0,0.0,0.0,0.0,0.0,False,False
2022-09-26,0.0,0.0,0.0,0.0,0.0,0.0,0.0,0.0,0.0,0.0,0.0,0.0,0.0,0.0,0.0,0.0,0.0,0.0,0.0,0.0,0.0,0.0,0.0,0.0,0.0,0.0,0.0,0.0,0.0,0.0,False,False
2022-09-27,0.0,0.0,0.0,0.0,0.0,0.0,0.0,0.0,0.0,0.0,0.0,0.0,0.0,0.0,0.0,0.0,0.0,0.0,0.0,0.0,0.0,0.0,0.0,0.0,0.0,0.0,0.0,0.0,0.0,0.0,False,False
2022-09-28,0.0,0.0,0.0,0.0,0.0,0.0,0.0,0.0,0.0,0.0,0.0,0.0,0.0,0.0,0.0,0.0,0.0,0.0,0.0,0.0,0.0,0.0,0.0,0.0,0.0,0.0,0.0,0.0,0.0,0.0,False,False
2022-09-29,0.0,0.0,0.0,0.0,0.0,0.0,0.0,0.0,0.0,0.0,0.0,0.0,0.0,0.0,0.0,0.0,0.0,0.0,0.0,0.0,0.0,0.0,0.0,0.0,0.0,0.0,0.0,0.0,0.0,0.0,False,False
2022-09-30,0.0,0.0,0.0,0.0,0.0,0.0,0.0,0.0,0.0,0.0,0.0,0.0,0.0,0.0,0.0,0.0,0.0,0.0,0.0,0.0,0.0,0.0,0.0,0.0,0.0,0.0,0.0,0.0,0.0,0.0,False,False
2022-10-03,0.0,0.0,0.0,0.0,0.0,0.0,0.0,0.0,0.0,0.0,0.0,0.0,0.0,0.0,0.0,0.0,0.0,0.0,0.0,0.0,0.0,0.0,0.0,0.0,0.0,0.0,0.0,0.0,0.0,0.0,False,False
2022-10-04,-1561879.6858274445,201302927.70000002,100651463.85000001,100651463.85000001,1597.6422833333336,4.0,4.0,8.0,4.0,0.5,0.05000000000000001,0.20130292770000002,0.20130292770000002,0.20130292770000002,0.40260585540000005,-0.0015618796858274445,8.052117108000002e-05,2.0130292770000004e-05,6.039087831e-05,80521.17108000001,1.5976422833333336e-06,-0.0015820099785974445,-0.0016424008569074445,-0.0016424008569074445,-0.001643998499190778,-15.618796858274445,0.20130292770000005,0.6039087831000001,0.015976422833333337,-16.439984991907778,False,True
2022-10-05,-229098.2017788851,216462825.61,108231412.805,108231412.805,1717.9589334126986,4.0,4.0,8.0,4.0,0.5,0.05,0.21646282561000002,0.21646282561000002,0.21646282561000002,0.43292565122000004,-0.00022909820177888509,8.658513024400002e-05,2.1646282561000005e-05,6.4938847683e-05,86585.13024400001,1.7179589334126985e-06,-0.0002507444843398851,-0.0003156833320228851,-0.0003156833320228851,-0.00031740129095629777,-2.290982017788851,0.21646282561000005,0.64938847683,0.017179589334126985,-3.1740129095629777,False,True
2022-10-06,-2726321.7104015076,158064273.70499998,79032136.85249999,79032136.8525,1254.4783627380953,4.0,4.0,8.0,4.0,0.5,0.05,0.15806427370499998,0.15806427370499998,0.15806427370499998,0.31612854740999996,-0.0027263217104015075,6.3225709482e-05,1.58064273705e-05,4.741928211149999e-05,63225.709482,1.2544783627380953e-06,-0.0027421281377720073,-0.002789547419883507,-0.002789547419883507,-0.002790801898246245,-27.263217104015073,0.15806427370499998,0.4741928211149999,0.012544783627380953,-27.90801898246245,False,True
2022-10-07,-372340.91173503856,156478009.63,78239004.815,78239004.815,1241.8889653174604,4.0,4.0,8.0,4.0,0.5,0.05,0.15647800963,0.15647800963,0.15647800963,0.31295601926,-0.00037234091173503857,6.2591203852e-05,1.5647800963e-05,4.6943402888999995e-05,62591.203852,1.2418889653174603e-06,-0.0003879887126980386,-0.0004349321155870386,-0.0004349321155870386,-0.00043617400455235605,-3.7234091173503856,0.15647800963,0.46943402888999997,0.012418889653174604,-4.36174004552356,False,True
2022-10-10,-380416.426459788,68379076.69999999,34189538.349999994,34189538.35,542.6910849206349,4.0,4.0,8.0,4.0,0.5,0.05,0.06837907669999999,0.06837907669999999,0.06837907669999999,0.13675815339999997,-0.000380416426459788,2.7351630679999994e-05,6.837907669999999e-06,2.0513723009999992e-05,27351.630679999995,5.426910849206349e-07,-0.00038725433412978804,-0.00040776805713978805,-0.00040776805713978805,-0.0004083107482247087,-3.80416426459788,0.06837907669999999,0.20513723009999993,0.0054269108492063485,-4.083107482247087,False,True
2022-10-11,-98062.58919339378,83104911.75,41552455.875,41552455.875,659.5627916666667,4.0,4.0,8.0,4.0,0.5,0.05,0.08310491175,0.08310491175,0.08310491175,0.1662098235,-9.806258919339378e-05,3.32419647e-05,8.310491175e-06,2.4931473524999995e-05,33241.964700000004,6.595627916666667e-07,-0.00010637308036839378,-0.00013130455389339377,-0.00013130455389339377,-0.00013196411668506044,-0.9806258919339378,0.08310491175,0.24931473524999995,0.006595627916666668,-1.3196411668506045,False,True
2022-10-12,-3296590.5320948604,153833235.99,76916617.995,76916617.995,1220.8986983333334,4.0,4.0,8.0,4.0,0.5,0.05000000000000001,0.15383323599,0.15383323599,0.15383323599,0.30766647198,-0.0032965905320948606,6.1533294396e-05,1.5383323599e-05,4.6149970797e-05,61533.294396000005,1.2208986983333335e-06,-0.0033119738556938606,-0.0033581238264908607,-0.0033581238264908607,-0.003359344725189194,-32.96590532094861,0.15383323599,0.46149970797,0.012208986983333335,-33.59344725189194,False,True
2022-10-13,205520.55829298514,52587402.845000006,26293701.4225,26293701.422500003,417.36034003968257,4.0,4.0,8.0,4.0,0.5,0.05,0.052587402845000006,0.052587402845000006,0.052587402845000006,0.10517480569000001,0.00020552055829298514,2.1034961138000005e-05,5.258740284500001e-06,1.57762208535e-05,21034.961138000006,4.173603400396826e-07,0.00020026181800848514,0.00018448559715498515,0.00018448559715498515,0.00018406823681494546,2.0552055829298514,0.05258740284500001,0.157762208535,0.004173603400396826,1.8406823681494546,False,True
2022-10-14,1133597.903981876,76766586.80301751,38383293.401508756,38383293.401508756,609.2586254207739,4.0,4.0,8.0,4.0,0.5,0.05,0.07676658680301751,0.07676658680301751,0.07676658680301751,0.15353317360603502,0.0011335979039818762,3.0706634721207004e-05,7.676658680301751e-06,2.3029976040905253e-05,30706.634721207003,6.092586254207739e-07,0.0011259212453015744,0.0011028912692606693,0.0011028912692606693,0.0011022820106352485,11.335979039818762,0.07676658680301751,0.23029976040905253,0.006092586254207739,11.022820106352485,False,True
2022-10-17,1004767.9259679886,69259173.2976425,34629586.64882125,34629586.64882125,549.6759785527182,4.0,4.0,8.0,4.0,0.5,0.05,0.0692591732976425,0.0692591732976425,0.0692591732976425,0.138518346595285,0.0010047679259679886,2.7703669319057e-05,6.92591732976425e-06,2.077775198929275e-05,27703.669319057,5.496759785527182e-07,0.0009978420086382243,0.0009770642566489316,0.0009770642566489316,0.0009765145806703789,10.047679259679887,0.0692591732976425,0.2077775198929275,0.005496759785527182,9.765145806703789,False,True
2022-10-18,-334197.9543963341,57228376.32881751,28614188.164408755,28614188.16440875,454.19346292712305,4.0,4.0,8.0,4.0,0.5,0.05,0.05722837632881751,0.05722837632881751,0.05722837632881751,0.11445675265763502,-0.00033419795439633415,2.2891350531527007e-05,5.722837632881752e-06,1.7168512898645253e-05,22891.35053152701,4.5419346292712307e-07,-0.0003399207920292159,-0.0003570893049278611,-0.0003570893049278611,-0.00035754349839078826,-3.3419795439633413,0.05722837632881752,0.17168512898645252,0.004541934629271231,-3.5754349839078827,False,True
2022-10-19,303586.5415423316,172916195.0087105,86458097.50435525,86458097.50435525,1372.3507540373848,4.0,4.0,8.0,4.0,0.5,0.05,0.1729161950087105,0.1729161950087105,0.1729161950087105,0.345832390017421,0.0003035865415423316,6.91664780034842e-05,1.729161950087105e-05,5.187485850261315e-05,69166.4780034842,1.372350754037385e-06,0.0002862949220414605,0.00023442006353884738,0.00023442006353884738,0.00023304771278481,3.035865415423316,0.1729161950087105,0.5187485850261315,0.01372350754037385,2.3304771278481,False,True
2022-10-20,-766154.2767555912,194543246.34500003,97271623.17250001,97271623.17250001,1543.9940186111114,4.0,4.0,8.0,4.0,0.5,0.05000000000000001,0.19454324634500003,0.19454324634500003,0.19454324634500003,0.38908649269000006,-0.0007661542767555911,7.781729853800002e-05,1.9454324634500004e-05,5.83629739035e-05,77817.29853800002,1.5439940186111115e-06,-0.0007856086013900911,-0.0008439715752935911,-0.0008439715752935911,-0.0008455155693122022,-7.661542767555911,0.19454324634500003,0.583629739035,0.015439940186111115,-8.455155693122022,False,True
2022-10-21,-1811971.1966052519,191540227.695,95770113.8475,95770113.84750001,1520.160537261905,4.0,4.0,8.0,4.0,0.5,0.05,0.19154022769499998,0.19154022769499998,0.19154022769499998,0.38308045538999996,-0.001811971196605252,7.6616091078e-05,1.91540227695e-05,5.746206830849999e-05,76616.091078,1.5201605372619049e-06,-0.001831125219374752,-0.001888587287683252,-0.001888587287683252,-0.001890107448220514,-18.11971196605252,0.191540227695,0.5746206830849999,0.015201605372619048,-18.90107448220514,False,True
2022-10-24,201890.14306030172,91732157.54499999,45866078.77249999,45866078.7725,728.0329963888889,4.0,4.0,8.0,4.0,0.5,0.05,0.09173215754499998,0.09173215754499998,0.09173215754499998,0.18346431508999997,0.00020189014306030173,3.669286301799999e-05,9.173215754499998e-06,2.751964726349999e-05,36692.863018,7.280329963888889e-07,0.00019271692730580173,0.00016519728004230175,0.00016519728004230175,0.00016446924704591287,2.0189014306030173,0.09173215754499998,0.2751964726349999,0.007280329963888889,1.6446924704591288,False,True
2022-10-25,-645726.847963737,56752265.660000004,28376132.830000002,28376132.830000002,450.41480682539685,3.0,3.0,6.0,3.0,0.5,0.05,0.05675226566,0.05675226566,0.05675226566,0.11350453132,-0.000645726847963737,2.2700906264e-05,5.675226566e-06,1.7025679698e-05,22700.906264,4.5041480682539685e-07,-0.000651402074529737,-0.000668427754227737,-0.000668427754227737,-0.0006688781690345624,-6.45726847963737,0.05675226566,0.17025679697999999,0.004504148068253969,-6.688781690345624,False,True
2022-10-26,619661.8248197581,57056092.745000005,28528046.372500002,28528046.372500002,452.82613289682547,3.0,3.0,6.0,3.0,0.5,0.05,0.057056092745,0.057056092745,0.057056092745,0.11411218549,0.000619661824819758,2.2822437098000002e-05,5.705609274500001e-06,1.71168278235e-05,22822.437098000002,4.5282613289682547e-07,0.000613956215545258,0.000596839387721758,0.000596839387721758,0.0005963865615888611,6.196618248197581,0.05705609274500001,0.171168278235,0.004528261328968255,5.963865615888611,False,True
2022-10-27,-202112.48069433373,169338535.34500003,84669267.6725,84669267.67250001,1343.9566297222223,4.0,4.0,8.0,4.0,0.5,0.05,0.16933853534500004,0.16933853534500004,0.16933853534500004,0.3386770706900001,-0.00020211248069433374,6.773541413800002e-05,1.6933853534500004e-05,5.0801560603500006e-05,67735.41413800002,1.3439566297222223e-06,-0.00021904633422883374,-0.00026984789483233375,-0.00026984789483233375,-0.00027119185146205597,-2.0211248069433374,0.16933853534500004,0.5080156060350001,0.013439566297222223,-2.7119185146205598,False,True
2022-10-28,-190799.57695434568,61348482.7941955,30674241.397097748,30674241.39709775,486.8927205888532,4.0,4.0,8.0,4.0,0.5,0.05000000000000001,0.061348482794195504,0.061348482794195504,0.061348482794195504,0.12269696558839101,-0.0001907995769543457,2.45393931176782e-05,6.13484827941955e-06,1.8404544838258648e-05,24539.393117678203,4.868927205888532e-07,-0.00019693442523376526,-0.0002153389700720239,-0.0002153389700720239,-0.00021582586279261275,-1.907995769543457,0.061348482794195504,0.1840454483825865,0.004868927205888532,-2.1582586279261275,False,True
2022-10-31,755489.0279682196,60945105.980836004,30472552.990418002,30472552.990418002,483.69131730822227,4.0,4.0,8.0,4.0,0.5,0.05,0.060945105980836,0.060945105980836,0.060945105980836,0.121890211961672,0.0007554890279682196,2.4378042392334403e-05,6.094510598083601e-06,1.8283531794250797e-05,24378.042392334402,4.836913173082222e-07,0.000749394517370136,0.0007311109855758852,0.0007311109855758852,0.000730627294258577,7.554890279682196,0.06094510598083601,0.18283531794250799,0.004836913173082222,7.30627294258577,False,True
2022-11-01,0.0,0.0,0.0,0.0,0.0,0.0,0.0,0.0,0.0,0.0,0.0,0.0,0.0,0.0,0.0,0.0,0.0,0.0,0.0,0.0,0.0,0.0,0.0,0.0,0.0,0.0,0.0,0.0,0.0,0.0,False,False
2022-11-02,0.0,0.0,0.0,0.0,0.0,0.0,0.0,0.0,0.0,0.0,0.0,0.0,0.0,0.0,0.0,0.0,0.0,0.0,0.0,0.0,0.0,0.0,0.0,0.0,0.0,0.0,0.0,0.0,0.0,0.0,False,False
2022-11-03,2928989.5641709873,215850330.96500003,107925165.48250002,107925165.48250002,1713.0978648015875,4.0,4.0,8.0,4.0,0.5,0.05,0.21585033096500003,0.21585033096500003,0.21585033096500003,0.43170066193000006,0.002928989564170987,8.634013238600002e-05,2.1585033096500005e-05,6.47550992895e-05,86340.13238600003,1.7130978648015876e-06,0.002907404531074487,0.002842649431784987,0.002842649431784987,0.0028409363339201854,29.289895641709872,0.21585033096500006,0.6475509928950001,0.017130978648015875,28.409363339201853,False,True
2022-11-04,124160.49219157525,162795216.085,81397608.0425,81397608.0425,1292.0255244841271,4.0,4.0,8.0,4.0,0.5,0.05000000000000001,0.162795216085,0.162795216085,0.162795216085,0.32559043217,0.00012416049219157526,6.511808643400001e-05,1.6279521608500002e-05,4.883856482549999e-05,65118.08643400001,1.2920255244841271e-06,0.00010788097058307526,5.9042405757575266e-05,5.9042405757575266e-05,5.775038023309114e-05,1.2416049219157526,0.16279521608500003,0.4883856482549999,0.01292025524484127,0.5775038023309114,False,True
2022-11-07,0.0,0.0,0.0,0.0,0.0,0.0,0.0,0.0,0.0,0.0,0.0,0.0,0.0,0.0,0.0,0.0,0.0,0.0,0.0,0.0,0.0,0.0,0.0,0.0,0.0,0.0,0.0,0.0,0.0,0.0,False,False
2022-11-08,0.0,0.0,0.0,0.0,0.0,0.0,0.0,0.0,0.0,0.0,0.0,0.0,0.0,0.0,0.0,0.0,0.0,0.0,0.0,0.0,0.0,0.0,0.0,0.0,0.0,0.0,0.0,0.0,0.0,0.0,False,False
2022-11-09,7667597.249219787,216053585.55,108026792.775,108026792.775,1714.7109964285714,4.0,4.0,8.0,4.0,0.5,0.05,0.21605358555,0.21605358555,0.21605358555,0.4321071711,0.007667597249219787,8.642143422000001e-05,2.1605358555000002e-05,6.481607566499999e-05,86421.43422000001,1.7147109964285715e-06,0.007645991890664787,0.007581175814999787,0.007581175814999787,0.007579461104003359,76.67597249219787,0.21605358555,0.64816075665,0.017147109964285714,75.79461104003359,False,True
2022-11-10,0.0,0.0,0.0,0.0,0.0,0.0,0.0,0.0,0.0,0.0,0.0,0.0,0.0,0.0,0.0,0.0,0.0,0.0,0.0,0.0,0.0,0.0,0.0,0.0,0.0,0.0,0.0,0.0,0.0,0.0,False,False
2022-11-11,-832081.6422798302,205590986.695,102795493.3475,102795493.3475,1631.6744975793652,4.0,4.0,8.0,4.0,0.5,0.05,0.205590986695,0.205590986695,0.205590986695,0.41118197339,-0.0008320816422798302,8.2236394678e-05,2.05590986695e-05,6.167729600849999e-05,82236.394678,1.6316744975793651e-06,-0.0008526407409493302,-0.0009143180369578301,-0.0009143180369578301,-0.0009159497114554096,-8.320816422798302,0.205590986695,0.6167729600849999,0.016316744975793652,-9.159497114554096,False,True
2022-11-14,0.0,0.0,0.0,0.0,0.0,0.0,0.0,0.0,0.0,0.0,0.0,0.0,0.0,0.0,0.0,0.0,0.0,0.0,0.0,0.0,0.0,0.0,0.0,0.0,0.0,0.0,0.0,0.0,0.0,0.0,False,False
2022-11-15,0.0,0.0,0.0,0.0,0.0,0.0,0.0,0.0,0.0,0.0,0.0,0.0,0.0,0.0,0.0,0.0,0.0,0.0,0.0,0.0,0.0,0.0,0.0,0.0,0.0,0.0,0.0,0.0,0.0,0.0,False,False
2022-11-16,0.0,0.0,0.0,0.0,0.0,0.0,0.0,0.0,0.0,0.0,0.0,0.0,0.0,0.0,0.0,0.0,0.0,0.0,0.0,0.0,0.0,0.0,0.0,0.0,0.0,0.0,0.0,0.0,0.0,0.0,False,False
2022-11-17,0.0,0.0,0.0,0.0,0.0,0.0,0.0,0.0,0.0,0.0,0.0,0.0,0.0,0.0,0.0,0.0,0.0,0.0,0.0,0.0,0.0,0.0,0.0,0.0,0.0,0.0,0.0,0.0,0.0,0.0,False,False
2022-11-18,0.0,0.0,0.0,0.0,0.0,0.0,0.0,0.0,0.0,0.0,0.0,0.0,0.0,0.0,0.0,0.0,0.0,0.0,0.0,0.0,0.0,0.0,0.0,0.0,0.0,0.0,0.0,0.0,0.0,0.0,False,False
2022-11-21,358047.6323633644,177007811.28500003,88503905.64250001,88503905.64250001,1404.8238990873017,4.0,4.0,8.0,4.0,0.5,0.05000000000000001,0.17700781128500004,0.17700781128500004,0.17700781128500004,0.3540156225700001,0.00035804763236336437,7.080312451400001e-05,1.7700781128500004e-05,5.310234338550001e-05,70803.12451400001,1.4048238990873016e-06,0.0003403468512348644,0.00028724450784936437,0.00028724450784936437,0.0002858396839502771,3.580476323633644,0.17700781128500004,0.5310234338550001,0.014048238990873017,2.858396839502771,False,True
2022-11-22,1025193.032360153,181147899.89,90573949.945,90573949.94500001,1437.68174515873,4.0,4.0,8.0,4.0,0.5,0.05000000000000001,0.18114789989,0.18114789989,0.18114789989,0.36229579978,0.001025193032360153,7.2459159956e-05,1.8114789989e-05,5.4344369966999995e-05,72459.159956,1.4376817451587301e-06,0.0010070782423711529,0.0009527338724041529,0.0009527338724041529,0.0009512961906589941,10.25193032360153,0.18114789989000002,0.54344369967,0.0143768174515873,9.512961906589942,False,True
2022-11-23,-1404453.1289146766,335379829.42565,167689914.71282497,167689914.712825,2661.744677981349,4.0,4.0,8.0,4.0,0.5,0.05,0.33537982942565,0.33537982942565,0.33537982942565,0.6707596588513,-0.0014044531289146766,0.00013415193177025999,3.3537982942564996e-05,0.00010061394882769498,134151.93177025998,2.661744677981349e-06,-0.0014379911118572416,-0.0015386050606849366,-0.0015386050606849366,-0.001541266805362918,-14.044531289146766,0.33537982942565,1.0061394882769499,0.02661744677981349,-15.41266805362918,False,True
2022-11-25,-1940148.477070445,240734509.96000004,120367254.98000002,120367254.98000002,1910.5913488888891,4.0,4.0,8.0,4.0,0.5,0.05000000000000001,0.24073450996000004,0.24073450996000004,0.24073450996000004,0.4814690199200001,-0.001940148477070445,9.629380398400002e-05,2.4073450996000004e-05,7.2220352988e-05,96293.80398400001,1.910591348888889e-06,-0.0019642219280664452,-0.002036442281054445,-0.002036442281054445,-0.0020383528724033343,-19.40148477070445,0.24073450996000004,0.72220352988,0.01910591348888889,-20.383528724033344,False,True
2022-11-28,1129310.6853014028,238128175.41500002,119064087.70750003,119064087.70750001,1889.9061540873017,4.0,4.0,8.0,4.0,0.5,0.05,0.23812817541500003,0.23812817541500003,0.23812817541500003,0.47625635083000006,0.0011293106853014028,9.525127016600002e-05,2.3812817541500004e-05,7.14384526245e-05,95251.27016600002,1.8899061540873018e-06,0.0011054978677599028,0.0010340594151354028,0.0010340594151354028,0.0010321695089813155,11.293106853014027,0.23812817541500003,0.714384526245,0.018899061540873018,10.321695089813156,False,True
2022-11-29,1323257.705712392,183179738.8,91589869.40000002,91589869.4,1453.8074507936508,4.0,4.0,8.0,4.0,0.5,0.05000000000000001,0.18317973880000002,0.18317973880000002,0.18317973880000002,0.36635947760000004,0.001323257705712392,7.327189552000002e-05,1.8317973880000004e-05,5.495392164e-05,73271.89552000002,1.4538074507936507e-06,0.001304939731832392,0.001249985810192392,0.001249985810192392,0.0012485320027415983,13.232577057123919,0.18317973880000005,0.5495392164,0.014538074507936507,12.485320027415982,False,True
2022-11-30,-225524.35428826028,218083836.6594,109041918.32970001,109041918.3297,1730.8241004714284,4.0,4.0,8.0,4.0,0.5,0.05,0.21808383665939998,0.21808383665939998,0.21808383665939998,0.43616767331879996,-0.00022552435428826027,8.723353466376e-05,2.180838366594e-05,6.542515099781999e-05,87233.53466376,1.7308241004714284e-06,-0.00024733273795420025,-0.00031275788895202027,-0.00031275788895202027,-0.0003144887130524917,-2.2552435428826025,0.2180838366594,0.6542515099781999,0.017308241004714283,-3.144887130524917,False,True
2022-12-01,-1240445.337372143,212444748.48007452,106222374.24003726,106222374.24003728,1686.0694323815442,4.0,4.0,8.0,4.0,0.5,0.05,0.21244474848007452,0.21244474848007452,0.21244474848007452,0.42488949696014905,-0.001240445337372143,8.497789939202982e-05,2.1244474848007454e-05,6.373342454402235e-05,84977.89939202981,1.6860694323815442e-06,-0.0012616898122201504,-0.0013254232367641728,-0.0013254232367641728,-0.0013271093061965544,-12.404453373721429,0.21244474848007452,0.6373342454402235,0.016860694323815442,-13.271093061965544,False,True
2022-12-02,1031968.5387138366,188525364.42425004,94262682.212125,94262682.21212502,1496.2330509861115,4.0,4.0,8.0,4.0,0.5,0.05,0.18852536442425002,0.18852536442425002,0.18852536442425002,0.37705072884850005,0.0010319685387138366,7.541014576970002e-05,1.8852536442425005e-05,5.6557609327275005e-05,75410.14576970002,1.4962330509861115e-06,0.0010131160022714117,0.0009565583929441367,0.0009565583929441367,0.0009550621598931506,10.319685387138366,0.18852536442425005,0.56557609327275,0.014962330509861115,9.550621598931507,False,True
2022-12-05,-526603.2485914794,203442543.8645,101721271.93225,101721271.93224998,1614.623364003968,4.0,4.0,8.0,4.0,0.5,0.05,0.20344254386449998,0.20344254386449998,0.20344254386449998,0.40688508772899995,-0.0005266032485914794,8.13770175458e-05,2.034425438645e-05,6.1032763159349986e-05,81377.0175458,1.614623364003968e-06,-0.0005469475029779294,-0.0006079802661372794,-0.0006079802661372794,-0.0006095948895012834,-5.266032485914794,0.20344254386449998,0.6103276315934999,0.01614623364003968,-6.0959488950128335,False,True
2022-12-06,-1397793.4512036871,205202659.804672,102601329.902336,102601329.90233602,1628.5925381323177,4.0,4.0,8.0,4.0,0.5,0.05000000000000001,0.205202659804672,0.205202659804672,0.205202659804672,0.410405319609344,-0.001397793451203687,8.20810639218688e-05,2.05202659804672e-05,6.156079794140159e-05,82081.0639218688,1.6285925381323178e-06,-0.0014183137171841543,-0.0014798745151255559,-0.0014798745151255559,-0.0014815031076636882,-13.977934512036871,0.205202659804672,0.6156079794140159,0.016285925381323178,-14.815031076636881,False,True
2022-12-07,40592.538590865035,19694780.604100004,9847390.302050002,9847390.302050002,156.30778257222224,4.0,4.0,8.0,4.0,0.5,0.05000000000000001,0.019694780604100005,0.019694780604100005,0.019694780604100005,0.03938956120820001,4.0592538590865036e-05,7.877912241640001e-06,1.9694780604100004e-06,5.908434181230001e-06,7877.912241640001,1.5630778257222224e-07,3.862306053045504e-05,3.2714626349225035e-05,3.2714626349225035e-05,3.255831856665281e-05,0.40592538590865035,0.019694780604100005,0.05908434181230001,0.0015630778257222223,0.3255831856665281,False,True
2022-12-08,-436626.8660403605,48468691.73500001,24234345.867500003,24234345.867500003,384.6721566269842,4.0,4.0,8.0,4.0,0.5,0.05,0.04846869173500001,0.04846869173500001,0.04846869173500001,0.09693738347000001,-0.0004366268660403605,1.9387476694000004e-05,4.846869173500001e-06,1.4540607520500001e-05,19387.476694000004,3.8467215662698417e-07,-0.0004414737352138605,-0.0004560143427343605,-0.0004560143427343605,-0.0004563990148909875,-4.3662686604036045,0.048468691735000013,0.145406075205,0.0038467215662698418,-4.563990148909875,False,True
2022-12-09,-191319.79276123538,47454352.97625001,23727176.488125004,23727176.488125008,376.62184901785724,4.0,4.0,8.0,4.0,0.5,0.05000000000000001,0.04745435297625001,0.04745435297625001,0.04745435297625001,0.09490870595250002,-0.0001913197927612354,1.8981741190500004e-05,4.745435297625001e-06,1.4236305892875002e-05,18981.741190500004,3.7662184901785723e-07,-0.00019606522805886038,-0.0002103015339517354,-0.0002103015339517354,-0.00021067815580075324,-1.9131979276123539,0.04745435297625001,0.14236305892875,0.003766218490178572,-2.1067815580075324,False,True
2022-12-12,474105.59049236536,57743370.583650015,28871685.291825004,28871685.291825008,458.28071891785726,4.0,4.0,8.0,4.0,0.5,0.05000000000000001,0.05774337058365001,0.05774337058365001,0.05774337058365001,0.11548674116730002,0.00047410559049236535,2.3097348233460005e-05,5.774337058365001e-06,1.7323011175095002e-05,23097.348233460005,4.5828071891785725e-07,0.00046833125343400035,0.00045100824225890535,0.00045100824225890535,0.0004505499615399875,4.741055904923654,0.05774337058365001,0.17323011175095002,0.0045828071891785725,4.505499615399875,False,True
2022-12-13,-54451.670331467256,33171858.29565,16585929.147825003,16585929.147825,263.2687166321429,4.0,4.0,8.0,4.0,0.5,0.05,0.03317185829565,0.03317185829565,0.03317185829565,0.0663437165913,-5.445167033146726e-05,1.3268743318260002e-05,3.3171858295650005e-06,9.951557488695e-06,13268.743318260002,2.632687166321429e-07,-5.776885616103226e-05,-6.772041364972726e-05,-6.772041364972726e-05,-6.79836823663594e-05,-0.5445167033146726,0.03317185829565,0.09951557488695001,0.002632687166321429,-0.679836823663594,False,True
2022-12-14,-367152.2785850894,28852946.426000003,14426473.213000001,14426473.213000001,228.99163830158733,4.0,4.0,8.0,4.0,0.5,0.05000000000000001,0.028852946426000003,0.028852946426000003,0.028852946426000003,0.05770589285200001,-0.00036715227858508944,1.1541178570400002e-05,2.8852946426000004e-06,8.6558839278e-06,11541.178570400001,2.2899163830158733e-07,-0.0003700375732276894,-0.0003786934571554894,-0.0003786934571554894,-0.000378922448793791,-3.6715227858508945,0.028852946426000003,0.086558839278,0.0022899163830158733,-3.78922448793791,False,True
2022-12-15,-120916.88508169848,193679309.635,96839654.8175,96839654.8175,1537.1373780555557,4.0,4.0,8.0,4.0,0.5,0.05,0.193679309635,0.193679309635,0.193679309635,0.38735861927,-0.00012091688508169848,7.7471723854e-05,1.93679309635e-05,5.810379289049999e-05,77471.72385400001,1.5371373780555558e-06,-0.00014028481604519847,-0.00019838860893569847,-0.00019838860893569847,-0.00019992574631375404,-1.2091688508169847,0.19367930963500002,0.581037928905,0.015371373780555558,-1.9992574631375404,False,True
2022-12-16,-12159.04416647317,27912008.219400004,13956004.1097,13956004.109700002,221.5238747571429,4.0,4.0,8.0,4.0,0.5,0.05000000000000001,0.027912008219400004,0.027912008219400004,0.027912008219400004,0.05582401643880001,-1.2159044166473169e-05,1.1164803287760003e-05,2.7912008219400007e-06,8.37360246582e-06,11164.803287760004,2.2152387475714288e-07,-1.495024498841317e-05,-2.3323847454233172e-05,-2.3323847454233172e-05,-2.3545371328990315e-05,-0.1215904416647317,0.027912008219400007,0.0837360246582,0.002215238747571429,-0.23545371328990314,False,True
2022-12-19,-178423.95374229457,26037380.79315,13018690.396575,13018690.396575,206.6458793107143,4.0,4.0,8.0,4.0,0.5,0.05000000000000001,0.02603738079315,0.02603738079315,0.02603738079315,0.0520747615863,-0.00017842395374229457,1.041495231726e-05,2.603738079315e-06,7.811214237945e-06,10414.95231726,2.0664587931071428e-07,-0.00018102769182160958,-0.00018883890605955457,-0.00018883890605955457,-0.0001890455519388653,-1.7842395374229456,0.02603738079315,0.07811214237945,0.0020664587931071426,-1.890455519388653,False,True
2022-12-20,688825.4363674592,224098793.51000002,112049396.75500001,112049396.755,1778.5618532539681,4.0,4.0,8.0,4.0,0.5,0.05,0.22409879351000003,0.22409879351000003,0.22409879351000003,0.44819758702000007,0.0006888254363674592,8.963951740400002e-05,2.2409879351000004e-05,6.7229638053e-05,89639.51740400001,1.7785618532539682e-06,0.0006664155570164592,0.0005991859189634592,0.0005991859189634592,0.0005974073571102052,6.888254363674592,0.22409879351000003,0.6722963805300001,0.017785618532539682,5.9740735711020525,False,True
2022-12-21,64976.54275390178,63417075.164400004,31708537.5822,31708537.582200002,503.310120352381,4.0,4.0,8.0,4.0,0.5,0.05000000000000001,0.0634170751644,0.0634170751644,0.0634170751644,0.1268341503288,6.497654275390178e-05,2.536683006576e-05,6.34170751644e-06,1.9025122549319998e-05,25366.83006576,5.033101203523809e-07,5.863483523746178e-05,3.9609712688141785e-05,3.9609712688141785e-05,3.91064025677894e-05,0.6497654275390178,0.0634170751644,0.19025122549319998,0.00503310120352381,0.391064025677894,False,True
2022-12-22,671202.4532211189,87348323.3809,43674161.69045,43674161.69045,693.2406617531747,4.0,4.0,8.0,4.0,0.5,0.05000000000000001,0.0873483233809,0.0873483233809,0.0873483233809,0.1746966467618,0.0006712024532211189,3.493932935236e-05,8.73483233809e-06,2.6204497014269996e-05,34939.32935236,6.932406617531747e-07,0.0006624676208830289,0.000636263123868759,0.000636263123868759,0.0006355698832070058,6.712024532211189,0.0873483233809,0.26204497014269995,0.006932406617531747,6.355698832070058,False,True
2022-12-23,171782.25156427172,91784476.9198,45892238.4599,45892238.4599,728.4482295222223,4.0,4.0,8.0,4.0,0.5,0.05,0.0917844769198,0.0917844769198,0.0917844769198,0.1835689538396,0.0001717822515642717,3.671379076792e-05,9.17844769198e-06,2.753534307594e-05,36713.79076792,7.284482295222223e-07,0.00016260380387229172,0.00013506846079635172,0.00013506846079635172,0.00013434001256682949,1.7178225156427172,0.0917844769198,0.2753534307594,0.007284482295222223,1.3434001256682948,False,True
2022-12-27,-413079.74690338975,90030395.92305002,45015197.96152501,45015197.96152501,714.5269517702382,4.0,4.0,8.0,4.0,0.5,0.05000000000000001,0.09003039592305001,0.09003039592305001,0.09003039592305001,0.18006079184610002,-0.00041307974690338973,3.601215836922001e-05,9.003039592305002e-06,2.7009118776915002e-05,36012.15836922001,7.145269517702381e-07,-0.00042208278649569474,-0.00044909190527260974,-0.00044909190527260974,-0.00044980643222437995,-4.130797469033897,0.09003039592305002,0.27009118776915003,0.007145269517702381,-4.4980643222438,False,True
2022-12-28,94652.71956092447,132029841.03275001,66014920.516375005,66014920.516375005,1047.8558812123017,4.0,4.0,8.0,4.0,0.5,0.05,0.13202984103275,0.13202984103275,0.13202984103275,0.2640596820655,9.465271956092446e-05,5.281193641310001e-05,1.3202984103275002e-05,3.9608952309824996e-05,52811.93641310001,1.0478558812123017e-06,8.144973545764946e-05,4.184078314782447e-05,4.184078314782447e-05,4.0792927266612166e-05,0.9465271956092446,0.13202984103275003,0.39608952309824996,0.010478558812123017,0.40792927266612167,False,True
2022-12-29,-637817.042796505,110878859.06504999,55439429.53252499,55439429.532525,879.9909449607144,4.0,4.0,8.0,4.0,0.5,0.05,0.11087885906504999,0.11087885906504999,0.11087885906504999,0.22175771813009998,-0.000637817042796505,4.4351543626019996e-05,1.1087885906504999e-05,3.3263657719515e-05,44351.54362601999,8.799909449607144e-07,-0.00064890492870301,-0.0006821685864225249,-0.0006821685864225249,-0.0006830485773674856,-6.37817042796505,0.11087885906504999,0.33263657719515,0.008799909449607145,-6.830485773674856,False,True
2022-12-30,-2896805.7260189666,164454954.475,82227477.23750001,82227477.2375,1305.1980513888889,4.0,4.0,8.0,4.0,0.5,0.05,0.164454954475,0.164454954475,0.164454954475,0.32890990895,-0.0028968057260189664,6.578198179e-05,1.64454954475e-05,4.9336486342499994e-05,65781.98179,1.305198051388889e-06,-0.0029132512214664666,-0.002962587707808967,-0.002962587707808967,-0.0029638929058603556,-28.968057260189664,0.16445495447500003,0.49336486342499997,0.01305198051388889,-29.638929058603555,False,True
2023-01-03,-110445.02017854064,45119200.03625,22559600.018125,22559600.018125,358.0888891765873,4.0,4.0,8.0,4.0,0.5,0.05,0.04511920003625,0.04511920003625,0.04511920003625,0.0902384000725,-0.00011044502017854063,1.80476800145e-05,4.511920003625e-06,1.3535760010874999e-05,18047.6800145,3.580888891765873e-07,-0.00011495694018216563,-0.00012849270019304064,-0.00012849270019304064,-0.00012885078908221723,-1.1044502017854063,0.04511920003625,0.13535760010875,0.003580888891765873,-1.2885078908221723,False,True
2023-01-04,-791812.9781627043,65398371.196100004,32699185.598050002,32699185.598050006,519.0346920325399,4.0,4.0,8.0,4.0,0.5,0.05,0.06539837119610001,0.06539837119610001,0.06539837119610001,0.13079674239220002,-0.0007918129781627043,2.6159348478440004e-05,6.539837119610001e-06,1.961951135883e-05,26159.348478440003,5.190346920325398e-07,-0.0007983528152823143,-0.0008179723266411443,-0.0008179723266411443,-0.0008184913613331768,-7.918129781627043,0.06539837119610001,0.19619511358830002,0.0051903469203253986,-8.184913613331767,False,True
2023-01-05,381968.2573760427,64497621.74540001,32248810.872700006,32248810.872700006,511.8858868682541,4.0,4.0,8.0,4.0,0.5,0.05,0.06449762174540001,0.06449762174540001,0.06449762174540001,0.12899524349080002,0.00038196825737604273,2.5799048698160005e-05,6.449762174540001e-06,1.9349286523620003e-05,25799.048698160004,5.11885886868254e-07,0.0003755184952015027,0.00035616920867788274,0.00035616920867788274,0.00035565732279101446,3.8196825737604274,0.06449762174540001,0.19349286523620002,0.00511885886868254,3.5565732279101447,False,True
2023-01-06,848134.5196379821,82404315.38092199,41202157.690460995,41202157.690460995,910.5375057633272,4.0,4.0,8.0,4.0,0.5,0.05,0.082404315380922,0.082404315380922,0.082404315380922,0.164808630761844,0.0008481345196379821,3.29617261523688e-05,8.2404315380922e-06,2.4721294614276594e-05,32961.7261523688,9.105375057633272e-07,0.0008398940880998899,0.0008151727934856133,0.0008151727934856133,0.00081426225597985,8.481345196379822,0.082404315380922,0.24721294614276595,0.009105375057633272,8.1426225597985,False,True
2023-01-09,-471559.0152612216,82376170.7712,41188085.38560001,41188085.3856,931.798081373016,4.0,4.0,8.0,4.0,0.5,0.05000000000000001,0.0823761707712,0.0823761707712,0.0823761707712,0.1647523415424,-0.0004715590152612216,3.295046830848e-05,8.23761707712e-06,2.471285123136e-05,32950.468308480005,9.31798081373016e-07,-0.0004797966323383416,-0.0005045094835697016,-0.0005045094835697016,-0.0005054412816510747,-4.715590152612216,0.0823761707712,0.2471285123136,0.00931798081373016,-5.054412816510747,False,True
2023-01-10,391752.21107607457,90487891.46650001,45243945.73325001,45243945.73325001,951.5970810324851,4.0,4.0,8.0,4.0,0.5,0.05,0.09048789146650002,0.09048789146650002,0.09048789146650002,0.18097578293300004,0.0003917522110760746,3.619515658660001e-05,9.048789146650003e-06,2.7146367439950005e-05,36195.15658660001,9.515970810324851e-07,0.0003827034219294246,0.00035555705448947456,0.00035555705448947456,0.0003546054574084421,3.917522110760746,0.09048789146650003,0.27146367439950003,0.009515970810324851,3.546054574084421,False,True
2023-01-11,465263.93412042345,53474191.98415001,26737095.992075004,26737095.992075004,697.4838689646826,4.0,4.0,8.0,4.0,0.5,0.05000000000000001,0.05347419198415001,0.05347419198415001,0.05347419198415001,0.10694838396830002,0.0004652639341204235,2.1389676793660006e-05,5.3474191984150015e-06,1.6042257595245e-05,21389.676793660004,6.974838689646827e-07,0.00045991651492200845,0.00044387425732676344,0.00044387425732676344,0.00044317677345779877,4.652639341204234,0.053474191984150016,0.16042257595245,0.006974838689646826,4.431767734577988,False,True
2023-01-12,-12378.68987599197,38852766.0788,19426383.0394,19426383.0394,308.35528633968255,4.0,4.0,8.0,4.0,0.5,0.05000000000000001,0.0388527660788,0.0388527660788,0.0388527660788,0.0777055321576,-1.2378689875991969e-05,1.554110643152e-05,3.88527660788e-06,1.1655829823639998e-05,15541.106431519998,3.0835528633968254e-07,-1.6263966483871968e-05,-2.7919796307511966e-05,-2.7919796307511966e-05,-2.822815159385165e-05,-0.12378689875991969,0.0388527660788,0.11655829823639999,0.003083552863396825,-0.28228151593851647,False,True
2023-01-13,117995.33761858454,44312037.495450005,22156018.747725002,22156018.747725,351.6828372654762,4.0,4.0,8.0,4.0,0.5,0.05,0.044312037495450006,0.044312037495450006,0.044312037495450006,0.08862407499090001,0.00011799533761858454,1.7724814998180002e-05,4.4312037495450004e-06,1.3293611248635001e-05,17724.81499818,3.516828372654762e-07,0.00011356413386903954,0.00010027052262040454,0.00010027052262040454,9.991883978313907e-05,1.1799533761858454,0.044312037495450006,0.13293611248635,0.003516828372654762,0.9991883978313907,False,True
2023-01-17,406644.2183091017,45509814.9533,22754907.47665,22754907.47665,361.189007565873,4.0,4.0,8.0,4.0,0.5,0.05,0.0455098149533,0.0455098149533,0.0455098149533,0.0910196299066,0.0004066442183091017,1.820392598132e-05,4.55098149533e-06,1.3652944485989998e-05,18203.92598132,3.61189007565873e-07,0.0004020932368137717,0.00038844029232778165,0.00038844029232778165,0.00038807910332021577,4.066442183091017,0.045509814953300004,0.13652944485989998,0.0036118900756587297,3.880791033202158,False,True
2023-01-18,-328206.42256466474,68879657.2895,34439828.64475,34439828.64475,803.0014968849208,4.0,4.0,8.0,4.0,0.5,0.05,0.0688796572895,0.0688796572895,0.0688796572895,0.137759314579,-0.00032820642256466473,2.7551862915800004e-05,6.887965728950001e-06,2.066389718685e-05,27551.862915800004,8.030014968849208e-07,-0.00033509438829361474,-0.00035575828548046475,-0.00035575828548046475,-0.0003565612869773497,-3.2820642256466472,0.0688796572895,0.2066389718685,0.008030014968849208,-3.565612869773497,False,True
2023-01-19,0.0,0.0,0.0,0.0,0.0,0.0,0.0,0.0,0.0,0.0,0.0,0.0,0.0,0.0,0.0,0.0,0.0,0.0,0.0,0.0,0.0,0.0,0.0,0.0,0.0,0.0,0.0,0.0,0.0,0.0,False,False
2023-01-20,0.0,0.0,0.0,0.0,0.0,0.0,0.0,0.0,0.0,0.0,0.0,0.0,0.0,0.0,0.0,0.0,0.0,0.0,0.0,0.0,0.0,0.0,0.0,0.0,0.0,0.0,0.0,0.0,0.0,0.0,False,False
2023-01-23,477810.43001324235,68799780.6332,34399890.3166,34399890.3166,546.0300050253968,4.0,4.0,8.0,4.0,0.5,0.05,0.06879978063320001,0.06879978063320001,0.06879978063320001,0.13759956126640002,0.00047781043001324236,2.7519912253280005e-05,6.879978063320001e-06,2.063993418996e-05,27519.912253280007,5.460300050253968e-07,0.00047093045194992236,0.00045029051775996235,0.00045029051775996235,0.00044974448775493694,4.778104300132424,0.06879978063320001,0.20639934189960002,0.005460300050253968,4.49744487754937,False,True
2023-01-24,-169053.7565815509,48624095.915781,24312047.957890503,24312047.9578905,385.90552314111903,4.0,4.0,8.0,4.0,0.5,0.05,0.048624095915781,0.048624095915781,0.048624095915781,0.097248191831562,-0.0001690537565815509,1.94496383663124e-05,4.8624095915781e-06,1.4587228774734299e-05,19449.6383663124,3.8590552314111903e-07,-0.000173916166173129,-0.0001885033949478633,-0.0001885033949478633,-0.00018888930047100441,-1.6905375658155088,0.048624095915781,0.14587228774734298,0.0038590552314111902,-1.888893004710044,False,True
2023-01-25,0.0,0.0,0.0,0.0,0.0,0.0,0.0,0.0,0.0,0.0,0.0,0.0,0.0,0.0,0.0,0.0,0.0,0.0,0.0,0.0,0.0,0.0,0.0,0.0,0.0,0.0,0.0,0.0,0.0,0.0,False,False
2023-01-26,-38278.18874627128,40388988.9654,20194494.4827,20194494.4827,320.5475314714286,4.0,4.0,8.0,4.0,0.5,0.05000000000000001,0.040388988965400004,0.040388988965400004,0.040388988965400004,0.08077797793080001,-3.827818874627128e-05,1.615559558616e-05,4.03889889654e-06,1.211669668962e-05,16155.595586160001,3.205475314714286e-07,-4.231708764281128e-05,-5.443378433243128e-05,-5.443378433243128e-05,-5.47543318639027e-05,-0.3827818874627128,0.040388988965400004,0.1211669668962,0.003205475314714286,-0.547543318639027,False,True
2023-01-27,-134625.2923970351,31794916.03,15897458.015000002,15897458.015,252.34060341269844,4.0,4.0,8.0,4.0,0.5,0.05,0.03179491603,0.03179491603,0.03179491603,0.06358983206,-0.0001346252923970351,1.2717966412000001e-05,3.1794916030000004e-06,9.538474809e-06,12717.966412000002,2.5234060341269845e-07,-0.0001378047840000351,-0.0001473432588090351,-0.0001473432588090351,-0.0001475955994124478,-1.3462529239703511,0.03179491603,0.09538474809,0.0025234060341269844,-1.475955994124478,False,True
2023-01-30,54562.33144584728,45277592.00130001,22638796.000650004,22638796.000650007,359.34596826428583,4.0,4.0,8.0,4.0,0.5,0.05,0.04527759200130001,0.04527759200130001,0.04527759200130001,0.09055518400260001,5.456233144584728e-05,1.8111036800520005e-05,4.527759200130001e-06,1.358327760039e-05,18111.036800520003,3.593459682642858e-07,5.003457224571728e-05,3.645129464532728e-05,3.645129464532728e-05,3.6091948677063e-05,0.5456233144584728,0.045277592001300014,0.1358327760039,0.003593459682642858,0.36091948677062996,False,True
2023-01-31,0.0,0.0,0.0,0.0,0.0,0.0,0.0,0.0,0.0,0.0,0.0,0.0,0.0,0.0,0.0,0.0,0.0,0.0,0.0,0.0,0.0,0.0,0.0,0.0,0.0,0.0,0.0,0.0,0.0,0.0,False,False
2023-02-01,0.0,0.0,0.0,0.0,0.0,0.0,0.0,0.0,0.0,0.0,0.0,0.0,0.0,0.0,0.0,0.0,0.0,0.0,0.0,0.0,0.0,0.0,0.0,0.0,0.0,0.0,0.0,0.0,0.0,0.0,False,False
2023-02-02,-302822.97774777,32159748.877949998,16079874.438974997,16079874.438975,255.23610220595242,4.0,4.0,8.0,4.0,0.5,0.05,0.03215974887795,0.03215974887795,0.03215974887795,0.0643194977559,-0.00030282297774777,1.286389955118e-05,3.215974887795e-06,9.647924663384998e-06,12863.89955118,2.552361022059524e-07,-0.000306038952635565,-0.00031568687729895,-0.00031568687729895,-0.0003159421134011559,-3.0282297774777,0.03215974887795,0.09647924663384998,0.002552361022059524,-3.159421134011559,False,True
2023-02-03,0.0,0.0,0.0,0.0,0.0,0.0,0.0,0.0,0.0,0.0,0.0,0.0,0.0,0.0,0.0,0.0,0.0,0.0,0.0,0.0,0.0,0.0,0.0,0.0,0.0,0.0,0.0,0.0,0.0,0.0,False,False
2023-02-06,0.0,0.0,0.0,0.0,0.0,0.0,0.0,0.0,0.0,0.0,0.0,0.0,0.0,0.0,0.0,0.0,0.0,0.0,0.0,0.0,0.0,0.0,0.0,0.0,0.0,0.0,0.0,0.0,0.0,0.0,False,False
2023-02-07,0.0,0.0,0.0,0.0,0.0,0.0,0.0,0.0,0.0,0.0,0.0,0.0,0.0,0.0,0.0,0.0,0.0,0.0,0.0,0.0,0.0,0.0,0.0,0.0,0.0,0.0,0.0,0.0,0.0,0.0,False,False
2023-02-08,156581.94415699312,30788224.085000005,15394112.042500002,15394112.0425,244.35098480158732,4.0,4.0,8.0,4.0,0.5,0.05,0.030788224085000003,0.030788224085000003,0.030788224085000003,0.061576448170000006,0.00015658194415699313,1.2315289634000002e-05,3.0788224085000006e-06,9.2364672255e-06,12315.289634000002,2.443509848015873e-07,0.00015350312174849313,0.00014426665452299314,0.00014426665452299314,0.00014402230353819154,1.5658194415699314,0.030788224085000006,0.092364672255,0.002443509848015873,1.4402230353819154,False,True
2023-02-09,0.0,0.0,0.0,0.0,0.0,0.0,0.0,0.0,0.0,0.0,0.0,0.0,0.0,0.0,0.0,0.0,0.0,0.0,0.0,0.0,0.0,0.0,0.0,0.0,0.0,0.0,0.0,0.0,0.0,0.0,False,False
2023-02-10,0.0,0.0,0.0,0.0,0.0,0.0,0.0,0.0,0.0,0.0,0.0,0.0,0.0,0.0,0.0,0.0,0.0,0.0,0.0,0.0,0.0,0.0,0.0,0.0,0.0,0.0,0.0,0.0,0.0,0.0,False,False
2023-02-13,0.0,0.0,0.0,0.0,0.0,0.0,0.0,0.0,0.0,0.0,0.0,0.0,0.0,0.0,0.0,0.0,0.0,0.0,0.0,0.0,0.0,0.0,0.0,0.0,0.0,0.0,0.0,0.0,0.0,0.0,False,False
2023-02-14,-64451.145783359774,20823748.06015,10411874.030075,10411874.030075,165.26784174722223,4.0,4.0,8.0,4.0,0.5,0.05,0.020823748060150003,0.020823748060150003,0.020823748060150003,0.041647496120300005,-6.445114578335977e-05,8.32949922406e-06,2.082374806015e-06,6.2471244180450005e-06,8329.49922406,1.6526784174722224e-07,-6.653352058937477e-05,-7.278064500741977e-05,-7.278064500741977e-05,-7.294591284916698e-05,-0.6445114578335978,0.020823748060150003,0.062471244180450004,0.0016526784174722225,-0.7294591284916698,False,True
2023-02-15,0.0,0.0,0.0,0.0,0.0,0.0,0.0,0.0,0.0,0.0,0.0,0.0,0.0,0.0,0.0,0.0,0.0,0.0,0.0,0.0,0.0,0.0,0.0,0.0,0.0,0.0,0.0,0.0,0.0,0.0,False,False
2023-02-16,0.0,0.0,0.0,0.0,0.0,0.0,0.0,0.0,0.0,0.0,0.0,0.0,0.0,0.0,0.0,0.0,0.0,0.0,0.0,0.0,0.0,0.0,0.0,0.0,0.0,0.0,0.0,0.0,0.0,0.0,False,False
2023-02-17,0.0,0.0,0.0,0.0,0.0,0.0,0.0,0.0,0.0,0.0,0.0,0.0,0.0,0.0,0.0,0.0,0.0,0.0,0.0,0.0,0.0,0.0,0.0,0.0,0.0,0.0,0.0,0.0,0.0,0.0,False,False
2023-02-21,0.0,0.0,0.0,0.0,0.0,0.0,0.0,0.0,0.0,0.0,0.0,0.0,0.0,0.0,0.0,0.0,0.0,0.0,0.0,0.0,0.0,0.0,0.0,0.0,0.0,0.0,0.0,0.0,0.0,0.0,False,False
2023-02-22,0.0,0.0,0.0,0.0,0.0,0.0,0.0,0.0,0.0,0.0,0.0,0.0,0.0,0.0,0.0,0.0,0.0,0.0,0.0,0.0,0.0,0.0,0.0,0.0,0.0,0.0,0.0,0.0,0.0,0.0,False,False
2023-02-23,-50969.87759928459,16395052.3286,8197526.164299998,8197526.1643,130.11946292539685,4.0,4.0,8.0,4.0,0.5,0.05000000000000001,0.0163950523286,0.0163950523286,0.0163950523286,0.0327901046572,-5.096987759928459e-05,6.558020931440001e-06,1.6395052328600002e-06,4.91851569858e-06,6558.020931440001,1.3011946292539685e-07,-5.260938283214459e-05,-5.752789853072459e-05,-5.752789853072459e-05,-5.765801799364999e-05,-0.5096987759928459,0.0163950523286,0.049185156985800005,0.0013011946292539685,-0.5765801799364999,False,True
2023-02-24,133115.3260376252,36699927.64,18349963.82,18349963.82,291.269266984127,4.0,4.0,8.0,4.0,0.5,0.05000000000000001,0.03669992764,0.03669992764,0.03669992764,0.07339985528,0.0001331153260376252,1.4679971056e-05,3.669992764e-06,1.1009978291999998e-05,14679.971056,2.91269266984127e-07,0.0001294453332736252,0.0001184353549816252,0.0001184353549816252,0.00011814408571464107,1.3311532603762521,0.03669992764,0.11009978291999999,0.00291269266984127,1.1814408571464108,False,True
2023-02-27,0.0,0.0,0.0,0.0,0.0,0.0,0.0,0.0,0.0,0.0,0.0,0.0,0.0,0.0,0.0,0.0,0.0,0.0,0.0,0.0,0.0,0.0,0.0,0.0,0.0,0.0,0.0,0.0,0.0,0.0,False,False
2023-02-28,0.0,0.0,0.0,0.0,0.0,0.0,0.0,0.0,0.0,0.0,0.0,0.0,0.0,0.0,0.0,0.0,0.0,0.0,0.0,0.0,0.0,0.0,0.0,0.0,0.0,0.0,0.0,0.0,0.0,0.0,False,False
2023-03-01,0.0,0.0,0.0,0.0,0.0,0.0,0.0,0.0,0.0,0.0,0.0,0.0,0.0,0.0,0.0,0.0,0.0,0.0,0.0,0.0,0.0,0.0,0.0,0.0,0.0,0.0,0.0,0.0,0.0,0.0,False,False
2023-03-02,0.0,0.0,0.0,0.0,0.0,0.0,0.0,0.0,0.0,0.0,0.0,0.0,0.0,0.0,0.0,0.0,0.0,0.0,0.0,0.0,0.0,0.0,0.0,0.0,0.0,0.0,0.0,0.0,0.0,0.0,False,False
2023-03-03,0.0,0.0,0.0,0.0,0.0,0.0,0.0,0.0,0.0,0.0,0.0,0.0,0.0,0.0,0.0,0.0,0.0,0.0,0.0,0.0,0.0,0.0,0.0,0.0,0.0,0.0,0.0,0.0,0.0,0.0,False,False
2023-03-06,0.0,0.0,0.0,0.0,0.0,0.0,0.0,0.0,0.0,0.0,0.0,0.0,0.0,0.0,0.0,0.0,0.0,0.0,0.0,0.0,0.0,0.0,0.0,0.0,0.0,0.0,0.0,0.0,0.0,0.0,False,False
2023-03-07,0.0,0.0,0.0,0.0,0.0,0.0,0.0,0.0,0.0,0.0,0.0,0.0,0.0,0.0,0.0,0.0,0.0,0.0,0.0,0.0,0.0,0.0,0.0,0.0,0.0,0.0,0.0,0.0,0.0,0.0,False,False
2023-03-08,0.0,0.0,0.0,0.0,0.0,0.0,0.0,0.0,0.0,0.0,0.0,0.0,0.0,0.0,0.0,0.0,0.0,0.0,0.0,0.0,0.0,0.0,0.0,0.0,0.0,0.0,0.0,0.0,0.0,0.0,False,False
2023-03-09,0.0,0.0,0.0,0.0,0.0,0.0,0.0,0.0,0.0,0.0,0.0,0.0,0.0,0.0,0.0,0.0,0.0,0.0,0.0,0.0,0.0,0.0,0.0,0.0,0.0,0.0,0.0,0.0,0.0,0.0,False,False
2023-03-10,0.0,0.0,0.0,0.0,0.0,0.0,0.0,0.0,0.0,0.0,0.0,0.0,0.0,0.0,0.0,0.0,0.0,0.0,0.0,0.0,0.0,0.0,0.0,0.0,0.0,0.0,0.0,0.0,0.0,0.0,False,False
2023-03-13,0.0,0.0,0.0,0.0,0.0,0.0,0.0,0.0,0.0,0.0,0.0,0.0,0.0,0.0,0.0,0.0,0.0,0.0,0.0,0.0,0.0,0.0,0.0,0.0,0.0,0.0,0.0,0.0,0.0,0.0,False,False
2023-03-14,0.0,0.0,0.0,0.0,0.0,0.0,0.0,0.0,0.0,0.0,0.0,0.0,0.0,0.0,0.0,0.0,0.0,0.0,0.0,0.0,0.0,0.0,0.0,0.0,0.0,0.0,0.0,0.0,0.0,0.0,False,False
2023-03-15,0.0,0.0,0.0,0.0,0.0,0.0,0.0,0.0,0.0,0.0,0.0,0.0,0.0,0.0,0.0,0.0,0.0,0.0,0.0,0.0,0.0,0.0,0.0,0.0,0.0,0.0,0.0,0.0,0.0,0.0,False,False
2023-03-16,0.0,0.0,0.0,0.0,0.0,0.0,0.0,0.0,0.0,0.0,0.0,0.0,0.0,0.0,0.0,0.0,0.0,0.0,0.0,0.0,0.0,0.0,0.0,0.0,0.0,0.0,0.0,0.0,0.0,0.0,False,False
2023-03-17,0.0,0.0,0.0,0.0,0.0,0.0,0.0,0.0,0.0,0.0,0.0,0.0,0.0,0.0,0.0,0.0,0.0,0.0,0.0,0.0,0.0,0.0,0.0,0.0,0.0,0.0,0.0,0.0,0.0,0.0,False,False
2023-03-20,0.0,0.0,0.0,0.0,0.0,0.0,0.0,0.0,0.0,0.0,0.0,0.0,0.0,0.0,0.0,0.0,0.0,0.0,0.0,0.0,0.0,0.0,0.0,0.0,0.0,0.0,0.0,0.0,0.0,0.0,False,False
2023-03-21,0.0,0.0,0.0,0.0,0.0,0.0,0.0,0.0,0.0,0.0,0.0,0.0,0.0,0.0,0.0,0.0,0.0,0.0,0.0,0.0,0.0,0.0,0.0,0.0,0.0,0.0,0.0,0.0,0.0,0.0,False,False
2023-03-22,0.0,0.0,0.0,0.0,0.0,0.0,0.0,0.0,0.0,0.0,0.0,0.0,0.0,0.0,0.0,0.0,0.0,0.0,0.0,0.0,0.0,0.0,0.0,0.0,0.0,0.0,0.0,0.0,0.0,0.0,False,False
2023-03-23,0.0,0.0,0.0,0.0,0.0,0.0,0.0,0.0,0.0,0.0,0.0,0.0,0.0,0.0,0.0,0.0,0.0,0.0,0.0,0.0,0.0,0.0,0.0,0.0,0.0,0.0,0.0,0.0,0.0,0.0,False,False
2023-03-24,0.0,0.0,0.0,0.0,0.0,0.0,0.0,0.0,0.0,0.0,0.0,0.0,0.0,0.0,0.0,0.0,0.0,0.0,0.0,0.0,0.0,0.0,0.0,0.0,0.0,0.0,0.0,0.0,0.0,0.0,False,False
2023-03-27,0.0,0.0,0.0,0.0,0.0,0.0,0.0,0.0,0.0,0.0,0.0,0.0,0.0,0.0,0.0,0.0,0.0,0.0,0.0,0.0,0.0,0.0,0.0,0.0,0.0,0.0,0.0,0.0,0.0,0.0,False,False
2023-03-28,0.0,0.0,0.0,0.0,0.0,0.0,0.0,0.0,0.0,0.0,0.0,0.0,0.0,0.0,0.0,0.0,0.0,0.0,0.0,0.0,0.0,0.0,0.0,0.0,0.0,0.0,0.0,0.0,0.0,0.0,False,False
2023-03-29,0.0,0.0,0.0,0.0,0.0,0.0,0.0,0.0,0.0,0.0,0.0,0.0,0.0,0.0,0.0,0.0,0.0,0.0,0.0,0.0,0.0,0.0,0.0,0.0,0.0,0.0,0.0,0.0,0.0,0.0,False,False
2023-03-30,0.0,0.0,0.0,0.0,0.0,0.0,0.0,0.0,0.0,0.0,0.0,0.0,0.0,0.0,0.0,0.0,0.0,0.0,0.0,0.0,0.0,0.0,0.0,0.0,0.0,0.0,0.0,0.0,0.0,0.0,False,False
2023-03-31,0.0,0.0,0.0,0.0,0.0,0.0,0.0,0.0,0.0,0.0,0.0,0.0,0.0,0.0,0.0,0.0,0.0,0.0,0.0,0.0,0.0,0.0,0.0,0.0,0.0,0.0,0.0,0.0,0.0,0.0,False,False
2023-04-03,0.0,0.0,0.0,0.0,0.0,0.0,0.0,0.0,0.0,0.0,0.0,0.0,0.0,0.0,0.0,0.0,0.0,0.0,0.0,0.0,0.0,0.0,0.0,0.0,0.0,0.0,0.0,0.0,0.0,0.0,False,False
2023-04-04,0.0,0.0,0.0,0.0,0.0,0.0,0.0,0.0,0.0,0.0,0.0,0.0,0.0,0.0,0.0,0.0,0.0,0.0,0.0,0.0,0.0,0.0,0.0,0.0,0.0,0.0,0.0,0.0,0.0,0.0,False,False
2023-04-05,0.0,0.0,0.0,0.0,0.0,0.0,0.0,0.0,0.0,0.0,0.0,0.0,0.0,0.0,0.0,0.0,0.0,0.0,0.0,0.0,0.0,0.0,0.0,0.0,0.0,0.0,0.0,0.0,0.0,0.0,False,False
2023-04-06,0.0,0.0,0.0,0.0,0.0,0.0,0.0,0.0,0.0,0.0,0.0,0.0,0.0,0.0,0.0,0.0,0.0,0.0,0.0,0.0,0.0,0.0,0.0,0.0,0.0,0.0,0.0,0.0,0.0,0.0,False,False
2023-04-10,0.0,0.0,0.0,0.0,0.0,0.0,0.0,0.0,0.0,0.0,0.0,0.0,0.0,0.0,0.0,0.0,0.0,0.0,0.0,0.0,0.0,0.0,0.0,0.0,0.0,0.0,0.0,0.0,0.0,0.0,False,False
2023-04-11,0.0,0.0,0.0,0.0,0.0,0.0,0.0,0.0,0.0,0.0,0.0,0.0,0.0,0.0,0.0,0.0,0.0,0.0,0.0,0.0,0.0,0.0,0.0,0.0,0.0,0.0,0.0,0.0,0.0,0.0,False,False
2023-04-12,0.0,0.0,0.0,0.0,0.0,0.0,0.0,0.0,0.0,0.0,0.0,0.0,0.0,0.0,0.0,0.0,0.0,0.0,0.0,0.0,0.0,0.0,0.0,0.0,0.0,0.0,0.0,0.0,0.0,0.0,False,False
2023-04-13,0.0,0.0,0.0,0.0,0.0,0.0,0.0,0.0,0.0,0.0,0.0,0.0,0.0,0.0,0.0,0.0,0.0,0.0,0.0,0.0,0.0,0.0,0.0,0.0,0.0,0.0,0.0,0.0,0.0,0.0,False,False
2023-04-14,0.0,0.0,0.0,0.0,0.0,0.0,0.0,0.0,0.0,0.0,0.0,0.0,0.0,0.0,0.0,0.0,0.0,0.0,0.0,0.0,0.0,0.0,0.0,0.0,0.0,0.0,0.0,0.0,0.0,0.0,False,False
2023-04-17,0.0,0.0,0.0,0.0,0.0,0.0,0.0,0.0,0.0,0.0,0.0,0.0,0.0,0.0,0.0,0.0,0.0,0.0,0.0,0.0,0.0,0.0,0.0,0.0,0.0,0.0,0.0,0.0,0.0,0.0,False,False
2023-04-18,0.0,0.0,0.0,0.0,0.0,0.0,0.0,0.0,0.0,0.0,0.0,0.0,0.0,0.0,0.0,0.0,0.0,0.0,0.0,0.0,0.0,0.0,0.0,0.0,0.0,0.0,0.0,0.0,0.0,0.0,False,False
2023-04-19,0.0,0.0,0.0,0.0,0.0,0.0,0.0,0.0,0.0,0.0,0.0,0.0,0.0,0.0,0.0,0.0,0.0,0.0,0.0,0.0,0.0,0.0,0.0,0.0,0.0,0.0,0.0,0.0,0.0,0.0,False,False
2023-04-20,0.0,0.0,0.0,0.0,0.0,0.0,0.0,0.0,0.0,0.0,0.0,0.0,0.0,0.0,0.0,0.0,0.0,0.0,0.0,0.0,0.0,0.0,0.0,0.0,0.0,0.0,0.0,0.0,0.0,0.0,False,False
2023-04-21,0.0,0.0,0.0,0.0,0.0,0.0,0.0,0.0,0.0,0.0,0.0,0.0,0.0,0.0,0.0,0.0,0.0,0.0,0.0,0.0,0.0,0.0,0.0,0.0,0.0,0.0,0.0,0.0,0.0,0.0,False,False
2023-04-24,0.0,0.0,0.0,0.0,0.0,0.0,0.0,0.0,0.0,0.0,0.0,0.0,0.0,0.0,0.0,0.0,0.0,0.0,0.0,0.0,0.0,0.0,0.0,0.0,0.0,0.0,0.0,0.0,0.0,0.0,False,False
2023-04-25,0.0,0.0,0.0,0.0,0.0,0.0,0.0,0.0,0.0,0.0,0.0,0.0,0.0,0.0,0.0,0.0,0.0,0.0,0.0,0.0,0.0,0.0,0.0,0.0,0.0,0.0,0.0,0.0,0.0,0.0,False,False
2023-04-26,0.0,0.0,0.0,0.0,0.0,0.0,0.0,0.0,0.0,0.0,0.0,0.0,0.0,0.0,0.0,0.0,0.0,0.0,0.0,0.0,0.0,0.0,0.0,0.0,0.0,0.0,0.0,0.0,0.0,0.0,False,False
2023-04-27,0.0,0.0,0.0,0.0,0.0,0.0,0.0,0.0,0.0,0.0,0.0,0.0,0.0,0.0,0.0,0.0,0.0,0.0,0.0,0.0,0.0,0.0,0.0,0.0,0.0,0.0,0.0,0.0,0.0,0.0,False,False
2023-04-28,0.0,0.0,0.0,0.0,0.0,0.0,0.0,0.0,0.0,0.0,0.0,0.0,0.0,0.0,0.0,0.0,0.0,0.0,0.0,0.0,0.0,0.0,0.0,0.0,0.0,0.0,0.0,0.0,0.0,0.0,False,False
2023-05-01,0.0,0.0,0.0,0.0,0.0,0.0,0.0,0.0,0.0,0.0,0.0,0.0,0.0,0.0,0.0,0.0,0.0,0.0,0.0,0.0,0.0,0.0,0.0,0.0,0.0,0.0,0.0,0.0,0.0,0.0,False,False
2023-05-02,0.0,0.0,0.0,0.0,0.0,0.0,0.0,0.0,0.0,0.0,0.0,0.0,0.0,0.0,0.0,0.0,0.0,0.0,0.0,0.0,0.0,0.0,0.0,0.0,0.0,0.0,0.0,0.0,0.0,0.0,False,False
2023-05-03,0.0,0.0,0.0,0.0,0.0,0.0,0.0,0.0,0.0,0.0,0.0,0.0,0.0,0.0,0.0,0.0,0.0,0.0,0.0,0.0,0.0,0.0,0.0,0.0,0.0,0.0,0.0,0.0,0.0,0.0,False,False
2023-05-04,0.0,0.0,0.0,0.0,0.0,0.0,0.0,0.0,0.0,0.0,0.0,0.0,0.0,0.0,0.0,0.0,0.0,0.0,0.0,0.0,0.0,0.0,0.0,0.0,0.0,0.0,0.0,0.0,0.0,0.0,False,False
2023-05-05,0.0,0.0,0.0,0.0,0.0,0.0,0.0,0.0,0.0,0.0,0.0,0.0,0.0,0.0,0.0,0.0,0.0,0.0,0.0,0.0,0.0,0.0,0.0,0.0,0.0,0.0,0.0,0.0,0.0,0.0,False,False
2023-05-08,0.0,0.0,0.0,0.0,0.0,0.0,0.0,0.0,0.0,0.0,0.0,0.0,0.0,0.0,0.0,0.0,0.0,0.0,0.0,0.0,0.0,0.0,0.0,0.0,0.0,0.0,0.0,0.0,0.0,0.0,False,False
2023-05-09,0.0,0.0,0.0,0.0,0.0,0.0,0.0,0.0,0.0,0.0,0.0,0.0,0.0,0.0,0.0,0.0,0.0,0.0,0.0,0.0,0.0,0.0,0.0,0.0,0.0,0.0,0.0,0.0,0.0,0.0,False,False
2023-05-10,0.0,0.0,0.0,0.0,0.0,0.0,0.0,0.0,0.0,0.0,0.0,0.0,0.0,0.0,0.0,0.0,0.0,0.0,0.0,0.0,0.0,0.0,0.0,0.0,0.0,0.0,0.0,0.0,0.0,0.0,False,False
2023-05-11,0.0,0.0,0.0,0.0,0.0,0.0,0.0,0.0,0.0,0.0,0.0,0.0,0.0,0.0,0.0,0.0,0.0,0.0,0.0,0.0,0.0,0.0,0.0,0.0,0.0,0.0,0.0,0.0,0.0,0.0,False,False
2023-05-12,0.0,0.0,0.0,0.0,0.0,0.0,0.0,0.0,0.0,0.0,0.0,0.0,0.0,0.0,0.0,0.0,0.0,0.0,0.0,0.0,0.0,0.0,0.0,0.0,0.0,0.0,0.0,0.0,0.0,0.0,False,False
2023-05-15,0.0,0.0,0.0,0.0,0.0,0.0,0.0,0.0,0.0,0.0,0.0,0.0,0.0,0.0,0.0,0.0,0.0,0.0,0.0,0.0,0.0,0.0,0.0,0.0,0.0,0.0,0.0,0.0,0.0,0.0,False,False
2023-05-16,0.0,0.0,0.0,0.0,0.0,0.0,0.0,0.0,0.0,0.0,0.0,0.0,0.0,0.0,0.0,0.0,0.0,0.0,0.0,0.0,0.0,0.0,0.0,0.0,0.0,0.0,0.0,0.0,0.0,0.0,False,False
2023-05-17,0.0,0.0,0.0,0.0,0.0,0.0,0.0,0.0,0.0,0.0,0.0,0.0,0.0,0.0,0.0,0.0,0.0,0.0,0.0,0.0,0.0,0.0,0.0,0.0,0.0,0.0,0.0,0.0,0.0,0.0,False,False
2023-05-18,0.0,0.0,0.0,0.0,0.0,0.0,0.0,0.0,0.0,0.0,0.0,0.0,0.0,0.0,0.0,0.0,0.0,0.0,0.0,0.0,0.0,0.0,0.0,0.0,0.0,0.0,0.0,0.0,0.0,0.0,False,False
2023-05-19,0.0,0.0,0.0,0.0,0.0,0.0,0.0,0.0,0.0,0.0,0.0,0.0,0.0,0.0,0.0,0.0,0.0,0.0,0.0,0.0,0.0,0.0,0.0,0.0,0.0,0.0,0.0,0.0,0.0,0.0,False,False
2023-05-22,0.0,0.0,0.0,0.0,0.0,0.0,0.0,0.0,0.0,0.0,0.0,0.0,0.0,0.0,0.0,0.0,0.0,0.0,0.0,0.0,0.0,0.0,0.0,0.0,0.0,0.0,0.0,0.0,0.0,0.0,False,False
2023-05-23,0.0,0.0,0.0,0.0,0.0,0.0,0.0,0.0,0.0,0.0,0.0,0.0,0.0,0.0,0.0,0.0,0.0,0.0,0.0,0.0,0.0,0.0,0.0,0.0,0.0,0.0,0.0,0.0,0.0,0.0,False,False
2023-05-24,0.0,0.0,0.0,0.0,0.0,0.0,0.0,0.0,0.0,0.0,0.0,0.0,0.0,0.0,0.0,0.0,0.0,0.0,0.0,0.0,0.0,0.0,0.0,0.0,0.0,0.0,0.0,0.0,0.0,0.0,False,False
2023-05-25,0.0,0.0,0.0,0.0,0.0,0.0,0.0,0.0,0.0,0.0,0.0,0.0,0.0,0.0,0.0,0.0,0.0,0.0,0.0,0.0,0.0,0.0,0.0,0.0,0.0,0.0,0.0,0.0,0.0,0.0,False,False
2023-05-26,0.0,0.0,0.0,0.0,0.0,0.0,0.0,0.0,0.0,0.0,0.0,0.0,0.0,0.0,0.0,0.0,0.0,0.0,0.0,0.0,0.0,0.0,0.0,0.0,0.0,0.0,0.0,0.0,0.0,0.0,False,False
2023-05-30,0.0,0.0,0.0,0.0,0.0,0.0,0.0,0.0,0.0,0.0,0.0,0.0,0.0,0.0,0.0,0.0,0.0,0.0,0.0,0.0,0.0,0.0,0.0,0.0,0.0,0.0,0.0,0.0,0.0,0.0,False,False
2023-05-31,0.0,0.0,0.0,0.0,0.0,0.0,0.0,0.0,0.0,0.0,0.0,0.0,0.0,0.0,0.0,0.0,0.0,0.0,0.0,0.0,0.0,0.0,0.0,0.0,0.0,0.0,0.0,0.0,0.0,0.0,False,False
2023-06-01,0.0,0.0,0.0,0.0,0.0,0.0,0.0,0.0,0.0,0.0,0.0,0.0,0.0,0.0,0.0,0.0,0.0,0.0,0.0,0.0,0.0,0.0,0.0,0.0,0.0,0.0,0.0,0.0,0.0,0.0,False,False
2023-06-02,0.0,0.0,0.0,0.0,0.0,0.0,0.0,0.0,0.0,0.0,0.0,0.0,0.0,0.0,0.0,0.0,0.0,0.0,0.0,0.0,0.0,0.0,0.0,0.0,0.0,0.0,0.0,0.0,0.0,0.0,False,False
2023-06-05,0.0,0.0,0.0,0.0,0.0,0.0,0.0,0.0,0.0,0.0,0.0,0.0,0.0,0.0,0.0,0.0,0.0,0.0,0.0,0.0,0.0,0.0,0.0,0.0,0.0,0.0,0.0,0.0,0.0,0.0,False,False
2023-06-06,0.0,0.0,0.0,0.0,0.0,0.0,0.0,0.0,0.0,0.0,0.0,0.0,0.0,0.0,0.0,0.0,0.0,0.0,0.0,0.0,0.0,0.0,0.0,0.0,0.0,0.0,0.0,0.0,0.0,0.0,False,False
2023-06-07,0.0,0.0,0.0,0.0,0.0,0.0,0.0,0.0,0.0,0.0,0.0,0.0,0.0,0.0,0.0,0.0,0.0,0.0,0.0,0.0,0.0,0.0,0.0,0.0,0.0,0.0,0.0,0.0,0.0,0.0,False,False
2023-06-08,0.0,0.0,0.0,0.0,0.0,0.0,0.0,0.0,0.0,0.0,0.0,0.0,0.0,0.0,0.0,0.0,0.0,0.0,0.0,0.0,0.0,0.0,0.0,0.0,0.0,0.0,0.0,0.0,0.0,0.0,False,False
2023-06-09,0.0,0.0,0.0,0.0,0.0,0.0,0.0,0.0,0.0,0.0,0.0,0.0,0.0,0.0,0.0,0.0,0.0,0.0,0.0,0.0,0.0,0.0,0.0,0.0,0.0,0.0,0.0,0.0,0.0,0.0,False,False
2023-06-12,0.0,0.0,0.0,0.0,0.0,0.0,0.0,0.0,0.0,0.0,0.0,0.0,0.0,0.0,0.0,0.0,0.0,0.0,0.0,0.0,0.0,0.0,0.0,0.0,0.0,0.0,0.0,0.0,0.0,0.0,False,False
2023-06-13,0.0,0.0,0.0,0.0,0.0,0.0,0.0,0.0,0.0,0.0,0.0,0.0,0.0,0.0,0.0,0.0,0.0,0.0,0.0,0.0,0.0,0.0,0.0,0.0,0.0,0.0,0.0,0.0,0.0,0.0,False,False
2023-06-14,0.0,0.0,0.0,0.0,0.0,0.0,0.0,0.0,0.0,0.0,0.0,0.0,0.0,0.0,0.0,0.0,0.0,0.0,0.0,0.0,0.0,0.0,0.0,0.0,0.0,0.0,0.0,0.0,0.0,0.0,False,False
2023-06-15,0.0,0.0,0.0,0.0,0.0,0.0,0.0,0.0,0.0,0.0,0.0,0.0,0.0,0.0,0.0,0.0,0.0,0.0,0.0,0.0,0.0,0.0,0.0,0.0,0.0,0.0,0.0,0.0,0.0,0.0,False,False
2023-06-16,0.0,0.0,0.0,0.0,0.0,0.0,0.0,0.0,0.0,0.0,0.0,0.0,0.0,0.0,0.0,0.0,0.0,0.0,0.0,0.0,0.0,0.0,0.0,0.0,0.0,0.0,0.0,0.0,0.0,0.0,False,False
2023-06-20,0.0,0.0,0.0,0.0,0.0,0.0,0.0,0.0,0.0,0.0,0.0,0.0,0.0,0.0,0.0,0.0,0.0,0.0,0.0,0.0,0.0,0.0,0.0,0.0,0.0,0.0,0.0,0.0,0.0,0.0,False,False
2023-06-21,0.0,0.0,0.0,0.0,0.0,0.0,0.0,0.0,0.0,0.0,0.0,0.0,0.0,0.0,0.0,0.0,0.0,0.0,0.0,0.0,0.0,0.0,0.0,0.0,0.0,0.0,0.0,0.0,0.0,0.0,False,False
2023-06-22,0.0,0.0,0.0,0.0,0.0,0.0,0.0,0.0,0.0,0.0,0.0,0.0,0.0,0.0,0.0,0.0,0.0,0.0,0.0,0.0,0.0,0.0,0.0,0.0,0.0,0.0,0.0,0.0,0.0,0.0,False,False
2023-06-23,0.0,0.0,0.0,0.0,0.0,0.0,0.0,0.0,0.0,0.0,0.0,0.0,0.0,0.0,0.0,0.0,0.0,0.0,0.0,0.0,0.0,0.0,0.0,0.0,0.0,0.0,0.0,0.0,0.0,0.0,False,False
2023-06-26,0.0,0.0,0.0,0.0,0.0,0.0,0.0,0.0,0.0,0.0,0.0,0.0,0.0,0.0,0.0,0.0,0.0,0.0,0.0,0.0,0.0,0.0,0.0,0.0,0.0,0.0,0.0,0.0,0.0,0.0,False,False
2023-06-27,0.0,0.0,0.0,0.0,0.0,0.0,0.0,0.0,0.0,0.0,0.0,0.0,0.0,0.0,0.0,0.0,0.0,0.0,0.0,0.0,0.0,0.0,0.0,0.0,0.0,0.0,0.0,0.0,0.0,0.0,False,False
2023-06-28,0.0,0.0,0.0,0.0,0.0,0.0,0.0,0.0,0.0,0.0,0.0,0.0,0.0,0.0,0.0,0.0,0.0,0.0,0.0,0.0,0.0,0.0,0.0,0.0,0.0,0.0,0.0,0.0,0.0,0.0,False,False
2023-06-29,0.0,0.0,0.0,0.0,0.0,0.0,0.0,0.0,0.0,0.0,0.0,0.0,0.0,0.0,0.0,0.0,0.0,0.0,0.0,0.0,0.0,0.0,0.0,0.0,0.0,0.0,0.0,0.0,0.0,0.0,False,False
2023-06-30,0.0,0.0,0.0,0.0,0.0,0.0,0.0,0.0,0.0,0.0,0.0,0.0,0.0,0.0,0.0,0.0,0.0,0.0,0.0,0.0,0.0,0.0,0.0,0.0,0.0,0.0,0.0,0.0,0.0,0.0,False,False
2023-07-03,0.0,0.0,0.0,0.0,0.0,0.0,0.0,0.0,0.0,0.0,0.0,0.0,0.0,0.0,0.0,0.0,0.0,0.0,0.0,0.0,0.0,0.0,0.0,0.0,0.0,0.0,0.0,0.0,0.0,0.0,False,False
2023-07-05,0.0,0.0,0.0,0.0,0.0,0.0,0.0,0.0,0.0,0.0,0.0,0.0,0.0,0.0,0.0,0.0,0.0,0.0,0.0,0.0,0.0,0.0,0.0,0.0,0.0,0.0,0.0,0.0,0.0,0.0,False,False
2023-07-06,0.0,0.0,0.0,0.0,0.0,0.0,0.0,0.0,0.0,0.0,0.0,0.0,0.0,0.0,0.0,0.0,0.0,0.0,0.0,0.0,0.0,0.0,0.0,0.0,0.0,0.0,0.0,0.0,0.0,0.0,False,False
2023-07-07,0.0,0.0,0.0,0.0,0.0,0.0,0.0,0.0,0.0,0.0,0.0,0.0,0.0,0.0,0.0,0.0,0.0,0.0,0.0,0.0,0.0,0.0,0.0,0.0,0.0,0.0,0.0,0.0,0.0,0.0,False,False
2023-07-10,0.0,0.0,0.0,0.0,0.0,0.0,0.0,0.0,0.0,0.0,0.0,0.0,0.0,0.0,0.0,0.0,0.0,0.0,0.0,0.0,0.0,0.0,0.0,0.0,0.0,0.0,0.0,0.0,0.0,0.0,False,False
2023-07-11,0.0,0.0,0.0,0.0,0.0,0.0,0.0,0.0,0.0,0.0,0.0,0.0,0.0,0.0,0.0,0.0,0.0,0.0,0.0,0.0,0.0,0.0,0.0,0.0,0.0,0.0,0.0,0.0,0.0,0.0,False,False
2023-07-12,0.0,0.0,0.0,0.0,0.0,0.0,0.0,0.0,0.0,0.0,0.0,0.0,0.0,0.0,0.0,0.0,0.0,0.0,0.0,0.0,0.0,0.0,0.0,0.0,0.0,0.0,0.0,0.0,0.0,0.0,False,False
2023-07-13,0.0,0.0,0.0,0.0,0.0,0.0,0.0,0.0,0.0,0.0,0.0,0.0,0.0,0.0,0.0,0.0,0.0,0.0,0.0,0.0,0.0,0.0,0.0,0.0,0.0,0.0,0.0,0.0,0.0,0.0,False,False
2023-07-14,0.0,0.0,0.0,0.0,0.0,0.0,0.0,0.0,0.0,0.0,0.0,0.0,0.0,0.0,0.0,0.0,0.0,0.0,0.0,0.0,0.0,0.0,0.0,0.0,0.0,0.0,0.0,0.0,0.0,0.0,False,False
2023-07-17,0.0,0.0,0.0,0.0,0.0,0.0,0.0,0.0,0.0,0.0,0.0,0.0,0.0,0.0,0.0,0.0,0.0,0.0,0.0,0.0,0.0,0.0,0.0,0.0,0.0,0.0,0.0,0.0,0.0,0.0,False,False
2023-07-18,0.0,0.0,0.0,0.0,0.0,0.0,0.0,0.0,0.0,0.0,0.0,0.0,0.0,0.0,0.0,0.0,0.0,0.0,0.0,0.0,0.0,0.0,0.0,0.0,0.0,0.0,0.0,0.0,0.0,0.0,False,False
2023-07-19,0.0,0.0,0.0,0.0,0.0,0.0,0.0,0.0,0.0,0.0,0.0,0.0,0.0,0.0,0.0,0.0,0.0,0.0,0.0,0.0,0.0,0.0,0.0,0.0,0.0,0.0,0.0,0.0,0.0,0.0,False,False
2023-07-20,0.0,0.0,0.0,0.0,0.0,0.0,0.0,0.0,0.0,0.0,0.0,0.0,0.0,0.0,0.0,0.0,0.0,0.0,0.0,0.0,0.0,0.0,0.0,0.0,0.0,0.0,0.0,0.0,0.0,0.0,False,False
2023-07-21,0.0,0.0,0.0,0.0,0.0,0.0,0.0,0.0,0.0,0.0,0.0,0.0,0.0,0.0,0.0,0.0,0.0,0.0,0.0,0.0,0.0,0.0,0.0,0.0,0.0,0.0,0.0,0.0,0.0,0.0,False,False
2023-07-24,0.0,0.0,0.0,0.0,0.0,0.0,0.0,0.0,0.0,0.0,0.0,0.0,0.0,0.0,0.0,0.0,0.0,0.0,0.0,0.0,0.0,0.0,0.0,0.0,0.0,0.0,0.0,0.0,0.0,0.0,False,False
2023-07-25,0.0,0.0,0.0,0.0,0.0,0.0,0.0,0.0,0.0,0.0,0.0,0.0,0.0,0.0,0.0,0.0,0.0,0.0,0.0,0.0,0.0,0.0,0.0,0.0,0.0,0.0,0.0,0.0,0.0,0.0,False,False
2023-07-26,0.0,0.0,0.0,0.0,0.0,0.0,0.0,0.0,0.0,0.0,0.0,0.0,0.0,0.0,0.0,0.0,0.0,0.0,0.0,0.0,0.0,0.0,0.0,0.0,0.0,0.0,0.0,0.0,0.0,0.0,False,False
2023-07-27,0.0,0.0,0.0,0.0,0.0,0.0,0.0,0.0,0.0,0.0,0.0,0.0,0.0,0.0,0.0,0.0,0.0,0.0,0.0,0.0,0.0,0.0,0.0,0.0,0.0,0.0,0.0,0.0,0.0,0.0,False,False
2023-07-28,0.0,0.0,0.0,0.0,0.0,0.0,0.0,0.0,0.0,0.0,0.0,0.0,0.0,0.0,0.0,0.0,0.0,0.0,0.0,0.0,0.0,0.0,0.0,0.0,0.0,0.0,0.0,0.0,0.0,0.0,False,False
2023-07-31,0.0,0.0,0.0,0.0,0.0,0.0,0.0,0.0,0.0,0.0,0.0,0.0,0.0,0.0,0.0,0.0,0.0,0.0,0.0,0.0,0.0,0.0,0.0,0.0,0.0,0.0,0.0,0.0,0.0,0.0,False,False
2023-08-01,0.0,0.0,0.0,0.0,0.0,0.0,0.0,0.0,0.0,0.0,0.0,0.0,0.0,0.0,0.0,0.0,0.0,0.0,0.0,0.0,0.0,0.0,0.0,0.0,0.0,0.0,0.0,0.0,0.0,0.0,False,False
2023-08-02,0.0,0.0,0.0,0.0,0.0,0.0,0.0,0.0,0.0,0.0,0.0,0.0,0.0,0.0,0.0,0.0,0.0,0.0,0.0,0.0,0.0,0.0,0.0,0.0,0.0,0.0,0.0,0.0,0.0,0.0,False,False
2023-08-03,0.0,0.0,0.0,0.0,0.0,0.0,0.0,0.0,0.0,0.0,0.0,0.0,0.0,0.0,0.0,0.0,0.0,0.0,0.0,0.0,0.0,0.0,0.0,0.0,0.0,0.0,0.0,0.0,0.0,0.0,False,False
2023-08-04,0.0,0.0,0.0,0.0,0.0,0.0,0.0,0.0,0.0,0.0,0.0,0.0,0.0,0.0,0.0,0.0,0.0,0.0,0.0,0.0,0.0,0.0,0.0,0.0,0.0,0.0,0.0,0.0,0.0,0.0,False,False
2023-08-07,0.0,0.0,0.0,0.0,0.0,0.0,0.0,0.0,0.0,0.0,0.0,0.0,0.0,0.0,0.0,0.0,0.0,0.0,0.0,0.0,0.0,0.0,0.0,0.0,0.0,0.0,0.0,0.0,0.0,0.0,False,False
2023-08-08,0.0,0.0,0.0,0.0,0.0,0.0,0.0,0.0,0.0,0.0,0.0,0.0,0.0,0.0,0.0,0.0,0.0,0.0,0.0,0.0,0.0,0.0,0.0,0.0,0.0,0.0,0.0,0.0,0.0,0.0,False,False
2023-08-09,0.0,0.0,0.0,0.0,0.0,0.0,0.0,0.0,0.0,0.0,0.0,0.0,0.0,0.0,0.0,0.0,0.0,0.0,0.0,0.0,0.0,0.0,0.0,0.0,0.0,0.0,0.0,0.0,0.0,0.0,False,False
2023-08-10,0.0,0.0,0.0,0.0,0.0,0.0,0.0,0.0,0.0,0.0,0.0,0.0,0.0,0.0,0.0,0.0,0.0,0.0,0.0,0.0,0.0,0.0,0.0,0.0,0.0,0.0,0.0,0.0,0.0,0.0,False,False
2023-08-11,0.0,0.0,0.0,0.0,0.0,0.0,0.0,0.0,0.0,0.0,0.0,0.0,0.0,0.0,0.0,0.0,0.0,0.0,0.0,0.0,0.0,0.0,0.0,0.0,0.0,0.0,0.0,0.0,0.0,0.0,False,False
2023-08-14,0.0,0.0,0.0,0.0,0.0,0.0,0.0,0.0,0.0,0.0,0.0,0.0,0.0,0.0,0.0,0.0,0.0,0.0,0.0,0.0,0.0,0.0,0.0,0.0,0.0,0.0,0.0,0.0,0.0,0.0,False,False
2023-08-15,0.0,0.0,0.0,0.0,0.0,0.0,0.0,0.0,0.0,0.0,0.0,0.0,0.0,0.0,0.0,0.0,0.0,0.0,0.0,0.0,0.0,0.0,0.0,0.0,0.0,0.0,0.0,0.0,0.0,0.0,False,False
2023-08-16,0.0,0.0,0.0,0.0,0.0,0.0,0.0,0.0,0.0,0.0,0.0,0.0,0.0,0.0,0.0,0.0,0.0,0.0,0.0,0.0,0.0,0.0,0.0,0.0,0.0,0.0,0.0,0.0,0.0,0.0,False,False
2023-08-17,0.0,0.0,0.0,0.0,0.0,0.0,0.0,0.0,0.0,0.0,0.0,0.0,0.0,0.0,0.0,0.0,0.0,0.0,0.0,0.0,0.0,0.0,0.0,0.0,0.0,0.0,0.0,0.0,0.0,0.0,False,False
2023-08-18,0.0,0.0,0.0,0.0,0.0,0.0,0.0,0.0,0.0,0.0,0.0,0.0,0.0,0.0,0.0,0.0,0.0,0.0,0.0,0.0,0.0,0.0,0.0,0.0,0.0,0.0,0.0,0.0,0.0,0.0,False,False
2023-08-21,0.0,0.0,0.0,0.0,0.0,0.0,0.0,0.0,0.0,0.0,0.0,0.0,0.0,0.0,0.0,0.0,0.0,0.0,0.0,0.0,0.0,0.0,0.0,0.0,0.0,0.0,0.0,0.0,0.0,0.0,False,False
2023-08-22,0.0,0.0,0.0,0.0,0.0,0.0,0.0,0.0,0.0,0.0,0.0,0.0,0.0,0.0,0.0,0.0,0.0,0.0,0.0,0.0,0.0,0.0,0.0,0.0,0.0,0.0,0.0,0.0,0.0,0.0,False,False
2023-08-23,0.0,0.0,0.0,0.0,0.0,0.0,0.0,0.0,0.0,0.0,0.0,0.0,0.0,0.0,0.0,0.0,0.0,0.0,0.0,0.0,0.0,0.0,0.0,0.0,0.0,0.0,0.0,0.0,0.0,0.0,False,False
2023-08-24,0.0,0.0,0.0,0.0,0.0,0.0,0.0,0.0,0.0,0.0,0.0,0.0,0.0,0.0,0.0,0.0,0.0,0.0,0.0,0.0,0.0,0.0,0.0,0.0,0.0,0.0,0.0,0.0,0.0,0.0,False,False
2023-08-25,0.0,0.0,0.0,0.0,0.0,0.0,0.0,0.0,0.0,0.0,0.0,0.0,0.0,0.0,0.0,0.0,0.0,0.0,0.0,0.0,0.0,0.0,0.0,0.0,0.0,0.0,0.0,0.0,0.0,0.0,False,False
2023-08-28,0.0,0.0,0.0,0.0,0.0,0.0,0.0,0.0,0.0,0.0,0.0,0.0,0.0,0.0,0.0,0.0,0.0,0.0,0.0,0.0,0.0,0.0,0.0,0.0,0.0,0.0,0.0,0.0,0.0,0.0,False,False
2023-08-29,0.0,0.0,0.0,0.0,0.0,0.0,0.0,0.0,0.0,0.0,0.0,0.0,0.0,0.0,0.0,0.0,0.0,0.0,0.0,0.0,0.0,0.0,0.0,0.0,0.0,0.0,0.0,0.0,0.0,0.0,False,False
2023-08-30,0.0,0.0,0.0,0.0,0.0,0.0,0.0,0.0,0.0,0.0,0.0,0.0,0.0,0.0,0.0,0.0,0.0,0.0,0.0,0.0,0.0,0.0,0.0,0.0,0.0,0.0,0.0,0.0,0.0,0.0,False,False
2023-08-31,0.0,0.0,0.0,0.0,0.0,0.0,0.0,0.0,0.0,0.0,0.0,0.0,0.0,0.0,0.0,0.0,0.0,0.0,0.0,0.0,0.0,0.0,0.0,0.0,0.0,0.0,0.0,0.0,0.0,0.0,False,False
2023-09-01,0.0,0.0,0.0,0.0,0.0,0.0,0.0,0.0,0.0,0.0,0.0,0.0,0.0,0.0,0.0,0.0,0.0,0.0,0.0,0.0,0.0,0.0,0.0,0.0,0.0,0.0,0.0,0.0,0.0,0.0,False,False
2023-09-05,0.0,0.0,0.0,0.0,0.0,0.0,0.0,0.0,0.0,0.0,0.0,0.0,0.0,0.0,0.0,0.0,0.0,0.0,0.0,0.0,0.0,0.0,0.0,0.0,0.0,0.0,0.0,0.0,0.0,0.0,False,False
2023-09-06,0.0,0.0,0.0,0.0,0.0,0.0,0.0,0.0,0.0,0.0,0.0,0.0,0.0,0.0,0.0,0.0,0.0,0.0,0.0,0.0,0.0,0.0,0.0,0.0,0.0,0.0,0.0,0.0,0.0,0.0,False,False
2023-09-07,0.0,0.0,0.0,0.0,0.0,0.0,0.0,0.0,0.0,0.0,0.0,0.0,0.0,0.0,0.0,0.0,0.0,0.0,0.0,0.0,0.0,0.0,0.0,0.0,0.0,0.0,0.0,0.0,0.0,0.0,False,False
2023-09-08,0.0,0.0,0.0,0.0,0.0,0.0,0.0,0.0,0.0,0.0,0.0,0.0,0.0,0.0,0.0,0.0,0.0,0.0,0.0,0.0,0.0,0.0,0.0,0.0,0.0,0.0,0.0,0.0,0.0,0.0,False,False
2023-09-11,0.0,0.0,0.0,0.0,0.0,0.0,0.0,0.0,0.0,0.0,0.0,0.0,0.0,0.0,0.0,0.0,0.0,0.0,0.0,0.0,0.0,0.0,0.0,0.0,0.0,0.0,0.0,0.0,0.0,0.0,False,False
2023-09-12,0.0,0.0,0.0,0.0,0.0,0.0,0.0,0.0,0.0,0.0,0.0,0.0,0.0,0.0,0.0,0.0,0.0,0.0,0.0,0.0,0.0,0.0,0.0,0.0,0.0,0.0,0.0,0.0,0.0,0.0,False,False
2023-09-13,0.0,0.0,0.0,0.0,0.0,0.0,0.0,0.0,0.0,0.0,0.0,0.0,0.0,0.0,0.0,0.0,0.0,0.0,0.0,0.0,0.0,0.0,0.0,0.0,0.0,0.0,0.0,0.0,0.0,0.0,False,False
2023-09-14,0.0,0.0,0.0,0.0,0.0,0.0,0.0,0.0,0.0,0.0,0.0,0.0,0.0,0.0,0.0,0.0,0.0,0.0,0.0,0.0,0.0,0.0,0.0,0.0,0.0,0.0,0.0,0.0,0.0,0.0,False,False
2023-09-15,0.0,0.0,0.0,0.0,0.0,0.0,0.0,0.0,0.0,0.0,0.0,0.0,0.0,0.0,0.0,0.0,0.0,0.0,0.0,0.0,0.0,0.0,0.0,0.0,0.0,0.0,0.0,0.0,0.0,0.0,False,False
2023-09-18,0.0,0.0,0.0,0.0,0.0,0.0,0.0,0.0,0.0,0.0,0.0,0.0,0.0,0.0,0.0,0.0,0.0,0.0,0.0,0.0,0.0,0.0,0.0,0.0,0.0,0.0,0.0,0.0,0.0,0.0,False,False
2023-09-19,0.0,0.0,0.0,0.0,0.0,0.0,0.0,0.0,0.0,0.0,0.0,0.0,0.0,0.0,0.0,0.0,0.0,0.0,0.0,0.0,0.0,0.0,0.0,0.0,0.0,0.0,0.0,0.0,0.0,0.0,False,False
2023-09-20,0.0,0.0,0.0,0.0,0.0,0.0,0.0,0.0,0.0,0.0,0.0,0.0,0.0,0.0,0.0,0.0,0.0,0.0,0.0,0.0,0.0,0.0,0.0,0.0,0.0,0.0,0.0,0.0,0.0,0.0,False,False
2023-09-21,0.0,0.0,0.0,0.0,0.0,0.0,0.0,0.0,0.0,0.0,0.0,0.0,0.0,0.0,0.0,0.0,0.0,0.0,0.0,0.0,0.0,0.0,0.0,0.0,0.0,0.0,0.0,0.0,0.0,0.0,False,False
2023-09-22,0.0,0.0,0.0,0.0,0.0,0.0,0.0,0.0,0.0,0.0,0.0,0.0,0.0,0.0,0.0,0.0,0.0,0.0,0.0,0.0,0.0,0.0,0.0,0.0,0.0,0.0,0.0,0.0,0.0,0.0,False,False
2023-09-25,0.0,0.0,0.0,0.0,0.0,0.0,0.0,0.0,0.0,0.0,0.0,0.0,0.0,0.0,0.0,0.0,0.0,0.0,0.0,0.0,0.0,0.0,0.0,0.0,0.0,0.0,0.0,0.0,0.0,0.0,False,False
2023-09-26,0.0,0.0,0.0,0.0,0.0,0.0,0.0,0.0,0.0,0.0,0.0,0.0,0.0,0.0,0.0,0.0,0.0,0.0,0.0,0.0,0.0,0.0,0.0,0.0,0.0,0.0,0.0,0.0,0.0,0.0,False,False
2023-09-27,0.0,0.0,0.0,0.0,0.0,0.0,0.0,0.0,0.0,0.0,0.0,0.0,0.0,0.0,0.0,0.0,0.0,0.0,0.0,0.0,0.0,0.0,0.0,0.0,0.0,0.0,0.0,0.0,0.0,0.0,False,False
2023-09-28,0.0,0.0,0.0,0.0,0.0,0.0,0.0,0.0,0.0,0.0,0.0,0.0,0.0,0.0,0.0,0.0,0.0,0.0,0.0,0.0,0.0,0.0,0.0,0.0,0.0,0.0,0.0,0.0,0.0,0.0,False,False
2023-09-29,0.0,0.0,0.0,0.0,0.0,0.0,0.0,0.0,0.0,0.0,0.0,0.0,0.0,0.0,0.0,0.0,0.0,0.0,0.0,0.0,0.0,0.0,0.0,0.0,0.0,0.0,0.0,0.0,0.0,0.0,False,False
2023-10-02,0.0,0.0,0.0,0.0,0.0,0.0,0.0,0.0,0.0,0.0,0.0,0.0,0.0,0.0,0.0,0.0,0.0,0.0,0.0,0.0,0.0,0.0,0.0,0.0,0.0,0.0,0.0,0.0,0.0,0.0,False,False
2023-10-03,0.0,0.0,0.0,0.0,0.0,0.0,0.0,0.0,0.0,0.0,0.0,0.0,0.0,0.0,0.0,0.0,0.0,0.0,0.0,0.0,0.0,0.0,0.0,0.0,0.0,0.0,0.0,0.0,0.0,0.0,False,False
2023-10-04,0.0,0.0,0.0,0.0,0.0,0.0,0.0,0.0,0.0,0.0,0.0,0.0,0.0,0.0,0.0,0.0,0.0,0.0,0.0,0.0,0.0,0.0,0.0,0.0,0.0,0.0,0.0,0.0,0.0,0.0,False,False
2023-10-05,0.0,0.0,0.0,0.0,0.0,0.0,0.0,0.0,0.0,0.0,0.0,0.0,0.0,0.0,0.0,0.0,0.0,0.0,0.0,0.0,0.0,0.0,0.0,0.0,0.0,0.0,0.0,0.0,0.0,0.0,False,False
2023-10-06,0.0,0.0,0.0,0.0,0.0,0.0,0.0,0.0,0.0,0.0,0.0,0.0,0.0,0.0,0.0,0.0,0.0,0.0,0.0,0.0,0.0,0.0,0.0,0.0,0.0,0.0,0.0,0.0,0.0,0.0,False,False
2023-10-09,0.0,0.0,0.0,0.0,0.0,0.0,0.0,0.0,0.0,0.0,0.0,0.0,0.0,0.0,0.0,0.0,0.0,0.0,0.0,0.0,0.0,0.0,0.0,0.0,0.0,0.0,0.0,0.0,0.0,0.0,False,False
2023-10-10,0.0,0.0,0.0,0.0,0.0,0.0,0.0,0.0,0.0,0.0,0.0,0.0,0.0,0.0,0.0,0.0,0.0,0.0,0.0,0.0,0.0,0.0,0.0,0.0,0.0,0.0,0.0,0.0,0.0,0.0,False,False
2023-10-11,0.0,0.0,0.0,0.0,0.0,0.0,0.0,0.0,0.0,0.0,0.0,0.0,0.0,0.0,0.0,0.0,0.0,0.0,0.0,0.0,0.0,0.0,0.0,0.0,0.0,0.0,0.0,0.0,0.0,0.0,False,False
2023-10-12,0.0,0.0,0.0,0.0,0.0,0.0,0.0,0.0,0.0,0.0,0.0,0.0,0.0,0.0,0.0,0.0,0.0,0.0,0.0,0.0,0.0,0.0,0.0,0.0,0.0,0.0,0.0,0.0,0.0,0.0,False,False
2023-10-13,-595437.8381903726,115850603.86500001,57925301.932500005,57925301.932500005,919.4492370238096,4.0,4.0,8.0,4.0,0.5,0.05000000000000001,0.11585060386500001,0.11585060386500001,0.11585060386500001,0.23170120773000003,-0.0005954378381903726,4.6340241546000005e-05,1.1585060386500001e-05,3.47551811595e-05,46340.241546000005,9.194492370238096e-07,-0.0006070228985768726,-0.0006417780797363725,-0.0006417780797363725,-0.0006426975289733964,-5.954378381903726,0.11585060386500001,0.347551811595,0.009194492370238096,-6.426975289733964,False,True
2023-10-16,0.0,0.0,0.0,0.0,0.0,0.0,0.0,0.0,0.0,0.0,0.0,0.0,0.0,0.0,0.0,0.0,0.0,0.0,0.0,0.0,0.0,0.0,0.0,0.0,0.0,0.0,0.0,0.0,0.0,0.0,False,False
2023-10-17,0.0,0.0,0.0,0.0,0.0,0.0,0.0,0.0,0.0,0.0,0.0,0.0,0.0,0.0,0.0,0.0,0.0,0.0,0.0,0.0,0.0,0.0,0.0,0.0,0.0,0.0,0.0,0.0,0.0,0.0,False,False
2023-10-18,0.0,0.0,0.0,0.0,0.0,0.0,0.0,0.0,0.0,0.0,0.0,0.0,0.0,0.0,0.0,0.0,0.0,0.0,0.0,0.0,0.0,0.0,0.0,0.0,0.0,0.0,0.0,0.0,0.0,0.0,False,False
2023-10-19,-273095.1210940566,46185959.56837501,23092979.784187503,23092979.784187503,764.4690202942461,4.0,4.0,8.0,4.0,0.5,0.05,0.046185959568375005,0.046185959568375005,0.046185959568375005,0.09237191913675001,-0.0002730951210940566,1.8474383827350003e-05,4.618595956837501e-06,1.38557878705125e-05,18474.383827350004,7.644690202942461e-07,-0.0002777137170508941,-0.0002915695049214066,-0.0002915695049214066,-0.0002923339739417008,-2.730951210940566,0.046185959568375005,0.138557878705125,0.0076446902029424614,-2.923339739417008,False,True
2023-10-20,142786.82351207474,82796912.96542501,41398456.48271251,41398456.48271251,2756.7431964422626,4.0,4.0,8.0,4.0,0.5,0.05,0.08279691296542502,0.08279691296542502,0.08279691296542502,0.16559382593085004,0.00014278682351207475,3.311876518617001e-05,8.279691296542503e-06,2.4839073889627504e-05,33118.765186170014,2.756743196442263e-06,0.00013450713221553224,0.00010966805832590474,0.00010966805832590474,0.00010691131512946248,1.4278682351207475,0.08279691296542503,0.24839073889627503,0.02756743196442263,1.0691131512946248,False,True
2023-10-23,0.0,0.0,0.0,0.0,0.0,0.0,0.0,0.0,0.0,0.0,0.0,0.0,0.0,0.0,0.0,0.0,0.0,0.0,0.0,0.0,0.0,0.0,0.0,0.0,0.0,0.0,0.0,0.0,0.0,0.0,False,False
2023-10-24,0.0,0.0,0.0,0.0,0.0,0.0,0.0,0.0,0.0,0.0,0.0,0.0,0.0,0.0,0.0,0.0,0.0,0.0,0.0,0.0,0.0,0.0,0.0,0.0,0.0,0.0,0.0,0.0,0.0,0.0,False,False
2023-10-25,0.0,0.0,0.0,0.0,0.0,0.0,0.0,0.0,0.0,0.0,0.0,0.0,0.0,0.0,0.0,0.0,0.0,0.0,0.0,0.0,0.0,0.0,0.0,0.0,0.0,0.0,0.0,0.0,0.0,0.0,False,False
2023-10-26,0.0,0.0,0.0,0.0,0.0,0.0,0.0,0.0,0.0,0.0,0.0,0.0,0.0,0.0,0.0,0.0,0.0,0.0,0.0,0.0,0.0,0.0,0.0,0.0,0.0,0.0,0.0,0.0,0.0,0.0,False,False
2023-10-27,0.0,0.0,0.0,0.0,0.0,0.0,0.0,0.0,0.0,0.0,0.0,0.0,0.0,0.0,0.0,0.0,0.0,0.0,0.0,0.0,0.0,0.0,0.0,0.0,0.0,0.0,0.0,0.0,0.0,0.0,False,False
2023-10-30,0.0,0.0,0.0,0.0,0.0,0.0,0.0,0.0,0.0,0.0,0.0,0.0,0.0,0.0,0.0,0.0,0.0,0.0,0.0,0.0,0.0,0.0,0.0,0.0,0.0,0.0,0.0,0.0,0.0,0.0,False,False
2023-10-31,0.0,0.0,0.0,0.0,0.0,0.0,0.0,0.0,0.0,0.0,0.0,0.0,0.0,0.0,0.0,0.0,0.0,0.0,0.0,0.0,0.0,0.0,0.0,0.0,0.0,0.0,0.0,0.0,0.0,0.0,False,False
2023-11-01,0.0,0.0,0.0,0.0,0.0,0.0,0.0,0.0,0.0,0.0,0.0,0.0,0.0,0.0,0.0,0.0,0.0,0.0,0.0,0.0,0.0,0.0,0.0,0.0,0.0,0.0,0.0,0.0,0.0,0.0,False,False
2023-11-02,0.0,0.0,0.0,0.0,0.0,0.0,0.0,0.0,0.0,0.0,0.0,0.0,0.0,0.0,0.0,0.0,0.0,0.0,0.0,0.0,0.0,0.0,0.0,0.0,0.0,0.0,0.0,0.0,0.0,0.0,False,False
2023-11-03,0.0,0.0,0.0,0.0,0.0,0.0,0.0,0.0,0.0,0.0,0.0,0.0,0.0,0.0,0.0,0.0,0.0,0.0,0.0,0.0,0.0,0.0,0.0,0.0,0.0,0.0,0.0,0.0,0.0,0.0,False,False
2023-11-06,0.0,0.0,0.0,0.0,0.0,0.0,0.0,0.0,0.0,0.0,0.0,0.0,0.0,0.0,0.0,0.0,0.0,0.0,0.0,0.0,0.0,0.0,0.0,0.0,0.0,0.0,0.0,0.0,0.0,0.0,False,False
2023-11-07,0.0,0.0,0.0,0.0,0.0,0.0,0.0,0.0,0.0,0.0,0.0,0.0,0.0,0.0,0.0,0.0,0.0,0.0,0.0,0.0,0.0,0.0,0.0,0.0,0.0,0.0,0.0,0.0,0.0,0.0,False,False
2023-11-08,109413.38505520177,184653752.40965003,92326876.20482501,92326876.20482501,2606.667886752295,4.0,4.0,8.0,4.0,0.5,0.05,0.18465375240965004,0.18465375240965004,0.18465375240965004,0.3693075048193001,0.00010941338505520177,7.386150096386002e-05,1.8465375240965006e-05,5.539612572289501e-05,73861.50096386003,2.606667886752295e-06,9.094800981423677e-05,3.555188409134176e-05,3.555188409134176e-05,3.2945216204589466e-05,1.0941338505520177,0.18465375240965007,0.5539612572289501,0.02606667886752295,0.32945216204589467,False,True
2023-11-09,0.0,0.0,0.0,0.0,0.0,0.0,0.0,0.0,0.0,0.0,0.0,0.0,0.0,0.0,0.0,0.0,0.0,0.0,0.0,0.0,0.0,0.0,0.0,0.0,0.0,0.0,0.0,0.0,0.0,0.0,False,False
2023-11-10,0.0,0.0,0.0,0.0,0.0,0.0,0.0,0.0,0.0,0.0,0.0,0.0,0.0,0.0,0.0,0.0,0.0,0.0,0.0,0.0,0.0,0.0,0.0,0.0,0.0,0.0,0.0,0.0,0.0,0.0,False,False
2023-11-13,0.0,0.0,0.0,0.0,0.0,0.0,0.0,0.0,0.0,0.0,0.0,0.0,0.0,0.0,0.0,0.0,0.0,0.0,0.0,0.0,0.0,0.0,0.0,0.0,0.0,0.0,0.0,0.0,0.0,0.0,False,False
2023-11-14,-263848.30604596634,177045914.2542,88522957.1271,88522957.12710002,4572.259543474484,4.0,4.0,8.0,4.0,0.5,0.05,0.17704591425420002,0.17704591425420002,0.17704591425420002,0.35409182850840004,-0.00026384830604596636,7.081836570168001e-05,1.7704591425420003e-05,5.311377427626e-05,70818.36570168001,4.572259543474485e-06,-0.00028155289747138634,-0.00033466667174764634,-0.00033466667174764634,-0.00033923893129112083,-2.6384830604596634,0.17704591425420002,0.5311377427626001,0.04572259543474485,-3.392389312911208,False,True
2023-11-15,0.0,0.0,0.0,0.0,0.0,0.0,0.0,0.0,0.0,0.0,0.0,0.0,0.0,0.0,0.0,0.0,0.0,0.0,0.0,0.0,0.0,0.0,0.0,0.0,0.0,0.0,0.0,0.0,0.0,0.0,False,False
2023-11-16,452318.88363463694,185477279.52535,92738639.76267502,92738639.762675,2936.136240912302,4.0,4.0,8.0,4.0,0.5,0.05,0.18547727952535,0.18547727952535,0.18547727952535,0.3709545590507,0.0004523188836346369,7.419091181014001e-05,1.8547727952535003e-05,5.5643183857605e-05,74190.91181014001,2.9361362409123022e-06,0.0004337711556821019,0.00037812797182449693,0.00037812797182449693,0.0003751918355835846,4.523188836346369,0.18547727952535004,0.5564318385760499,0.029361362409123022,3.751918355835846,False,True
2023-11-17,0.0,0.0,0.0,0.0,0.0,0.0,0.0,0.0,0.0,0.0,0.0,0.0,0.0,0.0,0.0,0.0,0.0,0.0,0.0,0.0,0.0,0.0,0.0,0.0,0.0,0.0,0.0,0.0,0.0,0.0,False,False
2023-11-20,0.0,0.0,0.0,0.0,0.0,0.0,0.0,0.0,0.0,0.0,0.0,0.0,0.0,0.0,0.0,0.0,0.0,0.0,0.0,0.0,0.0,0.0,0.0,0.0,0.0,0.0,0.0,0.0,0.0,0.0,False,False
2023-11-21,0.0,0.0,0.0,0.0,0.0,0.0,0.0,0.0,0.0,0.0,0.0,0.0,0.0,0.0,0.0,0.0,0.0,0.0,0.0,0.0,0.0,0.0,0.0,0.0,0.0,0.0,0.0,0.0,0.0,0.0,False,False
2023-11-22,0.0,0.0,0.0,0.0,0.0,0.0,0.0,0.0,0.0,0.0,0.0,0.0,0.0,0.0,0.0,0.0,0.0,0.0,0.0,0.0,0.0,0.0,0.0,0.0,0.0,0.0,0.0,0.0,0.0,0.0,False,False
2023-11-24,0.0,0.0,0.0,0.0,0.0,0.0,0.0,0.0,0.0,0.0,0.0,0.0,0.0,0.0,0.0,0.0,0.0,0.0,0.0,0.0,0.0,0.0,0.0,0.0,0.0,0.0,0.0,0.0,0.0,0.0,False,False
2023-11-27,0.0,0.0,0.0,0.0,0.0,0.0,0.0,0.0,0.0,0.0,0.0,0.0,0.0,0.0,0.0,0.0,0.0,0.0,0.0,0.0,0.0,0.0,0.0,0.0,0.0,0.0,0.0,0.0,0.0,0.0,False,False
2023-11-28,0.0,0.0,0.0,0.0,0.0,0.0,0.0,0.0,0.0,0.0,0.0,0.0,0.0,0.0,0.0,0.0,0.0,0.0,0.0,0.0,0.0,0.0,0.0,0.0,0.0,0.0,0.0,0.0,0.0,0.0,False,False
2023-11-29,0.0,0.0,0.0,0.0,0.0,0.0,0.0,0.0,0.0,0.0,0.0,0.0,0.0,0.0,0.0,0.0,0.0,0.0,0.0,0.0,0.0,0.0,0.0,0.0,0.0,0.0,0.0,0.0,0.0,0.0,False,False
2023-11-30,0.0,0.0,0.0,0.0,0.0,0.0,0.0,0.0,0.0,0.0,0.0,0.0,0.0,0.0,0.0,0.0,0.0,0.0,0.0,0.0,0.0,0.0,0.0,0.0,0.0,0.0,0.0,0.0,0.0,0.0,False,False
2023-12-01,0.0,0.0,0.0,0.0,0.0,0.0,0.0,0.0,0.0,0.0,0.0,0.0,0.0,0.0,0.0,0.0,0.0,0.0,0.0,0.0,0.0,0.0,0.0,0.0,0.0,0.0,0.0,0.0,0.0,0.0,False,False
2023-12-04,0.0,0.0,0.0,0.0,0.0,0.0,0.0,0.0,0.0,0.0,0.0,0.0,0.0,0.0,0.0,0.0,0.0,0.0,0.0,0.0,0.0,0.0,0.0,0.0,0.0,0.0,0.0,0.0,0.0,0.0,False,False
2023-12-05,0.0,0.0,0.0,0.0,0.0,0.0,0.0,0.0,0.0,0.0,0.0,0.0,0.0,0.0,0.0,0.0,0.0,0.0,0.0,0.0,0.0,0.0,0.0,0.0,0.0,0.0,0.0,0.0,0.0,0.0,False,False
2023-12-06,0.0,0.0,0.0,0.0,0.0,0.0,0.0,0.0,0.0,0.0,0.0,0.0,0.0,0.0,0.0,0.0,0.0,0.0,0.0,0.0,0.0,0.0,0.0,0.0,0.0,0.0,0.0,0.0,0.0,0.0,False,False
2023-12-07,0.0,0.0,0.0,0.0,0.0,0.0,0.0,0.0,0.0,0.0,0.0,0.0,0.0,0.0,0.0,0.0,0.0,0.0,0.0,0.0,0.0,0.0,0.0,0.0,0.0,0.0,0.0,0.0,0.0,0.0,False,False
2023-12-08,0.0,0.0,0.0,0.0,0.0,0.0,0.0,0.0,0.0,0.0,0.0,0.0,0.0,0.0,0.0,0.0,0.0,0.0,0.0,0.0,0.0,0.0,0.0,0.0,0.0,0.0,0.0,0.0,0.0,0.0,False,False
2023-12-11,0.0,0.0,0.0,0.0,0.0,0.0,0.0,0.0,0.0,0.0,0.0,0.0,0.0,0.0,0.0,0.0,0.0,0.0,0.0,0.0,0.0,0.0,0.0,0.0,0.0,0.0,0.0,0.0,0.0,0.0,False,False
2023-12-12,0.0,0.0,0.0,0.0,0.0,0.0,0.0,0.0,0.0,0.0,0.0,0.0,0.0,0.0,0.0,0.0,0.0,0.0,0.0,0.0,0.0,0.0,0.0,0.0,0.0,0.0,0.0,0.0,0.0,0.0,False,False
2023-12-13,0.0,0.0,0.0,0.0,0.0,0.0,0.0,0.0,0.0,0.0,0.0,0.0,0.0,0.0,0.0,0.0,0.0,0.0,0.0,0.0,0.0,0.0,0.0,0.0,0.0,0.0,0.0,0.0,0.0,0.0,False,False
2023-12-14,-557322.1303281905,70367259.8221,35183629.91105,35183629.91105,3847.162984023016,4.0,4.0,8.0,4.0,0.5,0.05,0.0703672598221,0.0703672598221,0.0703672598221,0.1407345196442,-0.0005573221303281905,2.814690392884e-05,7.03672598221e-06,2.111017794663e-05,28146.90392884,3.847162984023016e-06,-0.0005643588563104005,-0.0005854690342570305,-0.0005854690342570305,-0.0005893161972410536,-5.573221303281905,0.0703672598221,0.2111017794663,0.03847162984023016,-5.893161972410535,False,True
2023-12-15,779858.5319373882,58626343.057349995,29313171.528674997,29313171.528675005,4339.7648082900805,4.0,4.0,8.0,4.0,0.5,0.05,0.05862634305735,0.05862634305735,0.05862634305735,0.1172526861147,0.0007798585319373883,2.345053722294e-05,5.862634305735e-06,1.7587902917205e-05,23450.537222939998,4.339764808290081e-06,0.0007739958976316532,0.0007564079947144482,0.0007564079947144482,0.0007520682299061582,7.798585319373883,0.05862634305735,0.17587902917204998,0.04339764808290081,7.520682299061582,False,True
2023-12-18,-39188.473365469814,168495592.175,84247796.0875,84247796.08749999,3152.6369025864033,4.0,4.0,8.0,4.0,0.5,0.05,0.16849559217500001,0.16849559217500001,0.16849559217500001,0.33699118435000003,-3.918847336546981e-05,6.739823687000001e-05,1.6849559217500002e-05,5.05486776525e-05,67398.23687000001,3.1526369025864034e-06,-5.603803258296982e-05,-0.00010658671023546981,-0.00010658671023546981,-0.00010973934713805622,-0.3918847336546981,0.16849559217500001,0.5054867765250001,0.03152636902586403,-1.0973934713805622,False,True
2023-12-19,396889.6619202241,70538533.5399,35269266.76995,35269266.76995,4901.328548196032,4.0,4.0,8.0,4.0,0.5,0.05,0.0705385335399,0.0705385335399,0.0705385335399,0.1410770670798,0.0003968896619202241,2.821541341596e-05,7.05385335399e-06,2.116156006197e-05,28215.41341596,4.901328548196032e-06,0.0003898358085662341,0.0003686742485042641,0.0003686742485042641,0.00036377291995606803,3.9688966192022406,0.0705385335399,0.2116156006197,0.04901328548196032,3.63772919956068,False,True
2023-12-20,-409492.5271482298,72532096.0012,36266048.000599995,36266048.0006,5016.628311549207,4.0,4.0,8.0,4.0,0.5,0.05,0.0725320960012,0.0725320960012,0.0725320960012,0.1450641920024,-0.0004094925271482298,2.901283840048e-05,7.25320960012e-06,2.175962880036e-05,29012.838400480003,5.016628311549207e-06,-0.0004167457367483498,-0.00043850536554870985,-0.00043850536554870985,-0.00044352199386025906,-4.094925271482298,0.0725320960012,0.2175962880036,0.05016628311549207,-4.43521993860259,False,True
2023-12-21,-718.8815733068914,93969027.04810001,46984513.52405,46984513.524050005,4731.920604305556,4.0,4.0,8.0,4.0,0.5,0.05000000000000001,0.0939690270481,0.0939690270481,0.0939690270481,0.1879380540962,-7.188815733068913e-07,3.758761081924001e-05,9.396902704810002e-06,2.819070811443e-05,37587.610819240006,4.7319206043055554e-06,-1.0115784278116894e-05,-3.83064923925469e-05,-3.83064923925469e-05,-4.303841299685245e-05,-0.007188815733068913,0.09396902704810002,0.2819070811443,0.047319206043055555,-0.43038412996852454,False,True
2023-12-22,-202731.6137072749,84838863.0613,42419431.53065,42419431.530650005,2025.9474745420637,4.0,4.0,8.0,4.0,0.5,0.05,0.0848388630613,0.0848388630613,0.0848388630613,0.1696777261226,-0.0002027316137072749,3.393554522452e-05,8.48388630613e-06,2.5451658918389995e-05,33935.54522452,2.025947474542064e-06,-0.0002112155000134049,-0.0002366671589317949,-0.0002366671589317949,-0.00023869310640633695,-2.027316137072749,0.0848388630613,0.25451658918389997,0.020259474745420638,-2.3869310640633694,False,True
2023-12-26,-2724686.8975244667,65888933.845,32944466.9225,32944466.9225,2471.5666624666665,4.0,4.0,8.0,4.0,0.5,0.05,0.065888933845,0.065888933845,0.065888933845,0.13177786769,-0.0027246868975244667,2.6355573538000002e-05,6.5888933845000004e-06,1.97666801535e-05,26355.573538,2.4715666624666666e-06,-0.002731275790908967,-0.002751042471062467,-0.002751042471062467,-0.0027535140377249333,-27.246868975244666,0.06588893384500001,0.197666801535,0.024715666624666666,-27.535140377249334,False,True
2023-12-27,303669.881053062,66388817.48415,33194408.742074996,33194408.742075004,2492.027516998016,4.0,4.0,8.0,4.0,0.5,0.05000000000000001,0.06638881748415,0.06638881748415,0.06638881748415,0.1327776349683,0.000303669881053062,2.6555526993660003e-05,6.638881748415001e-06,1.9916645245244998e-05,26555.52699366,2.492027516998016e-06,0.000297030999304647,0.000277114354059402,0.000277114354059402,0.000274622326542404,3.03669881053062,0.06638881748415001,0.19916645245245,0.02492027516998016,2.7462232654240397,False,True
2023-12-28,92017.73240723023,76687099.12895,38343549.564475,38343549.564475,5195.704852394842,4.0,4.0,8.0,4.0,0.5,0.05000000000000001,0.07668709912895,0.07668709912895,0.07668709912895,0.1533741982579,9.201773240723022e-05,3.067483965158e-05,7.668709912895e-06,2.3006129738684998e-05,30674.83965158,5.195704852394842e-06,8.434902249433523e-05,6.134289275565023e-05,6.134289275565023e-05,5.614718790325539e-05,0.9201773240723022,0.07668709912895,0.23006129738684997,0.051957048523948425,0.5614718790325539,False,True
2023-12-29,-16798.164106156575,71977813.78665,35988906.893325,35988906.893325,4455.118236040079,4.0,4.0,8.0,4.0,0.5,0.05000000000000001,0.07197781378665,0.07197781378665,0.07197781378665,0.1439556275733,-1.6798164106156575e-05,2.879112551466e-05,7.197781378665e-06,2.1593344135994998e-05,28791.12551466,4.455118236040079e-06,-2.3995945484821576e-05,-4.5589289620816574e-05,-4.5589289620816574e-05,-5.004440785685665e-05,-0.16798164106156574,0.07197781378665001,0.21593344135995,0.04455118236040079,-0.5004440785685665,False,True
2024-01-02,0.0,0.0,0.0,0.0,0.0,0.0,0.0,0.0,0.0,0.0,0.0,0.0,0.0,0.0,0.0,0.0,0.0,0.0,0.0,0.0,0.0,0.0,0.0,0.0,0.0,0.0,0.0,0.0,0.0,0.0,False,False
2024-01-03,-2133973.5700068395,500000000.0,250000000.0,250000000.0,17998.98703174603,4.0,4.0,8.0,3.0,0.375,0.05000000000000001,0.5,0.5,0.5,1.0,-0.0021339735700068394,0.0002,5e-05,0.00015,200000.0,1.799898703174603e-05,-0.0021839735700068395,-0.0023339735700068395,-0.0023339735700068395,-0.0023519725570385857,-21.339735700068395,0.5,1.4999999999999998,0.17998987031746028,-23.51972557038586,False,True
2024-01-04,0.0,0.0,0.0,0.0,0.0,0.0,0.0,0.0,0.0,0.0,0.0,0.0,0.0,0.0,0.0,0.0,0.0,0.0,0.0,0.0,0.0,0.0,0.0,0.0,0.0,0.0,0.0,0.0,0.0,0.0,False,False
2024-01-05,0.0,0.0,0.0,0.0,0.0,0.0,0.0,0.0,0.0,0.0,0.0,0.0,0.0,0.0,0.0,0.0,0.0,0.0,0.0,0.0,0.0,0.0,0.0,0.0,0.0,0.0,0.0,0.0,0.0,0.0,False,False
2024-01-08,0.0,0.0,0.0,0.0,0.0,0.0,0.0,0.0,0.0,0.0,0.0,0.0,0.0,0.0,0.0,0.0,0.0,0.0,0.0,0.0,0.0,0.0,0.0,0.0,0.0,0.0,0.0,0.0,0.0,0.0,False,False
2024-01-09,0.0,0.0,0.0,0.0,0.0,0.0,0.0,0.0,0.0,0.0,0.0,0.0,0.0,0.0,0.0,0.0,0.0,0.0,0.0,0.0,0.0,0.0,0.0,0.0,0.0,0.0,0.0,0.0,0.0,0.0,False,False
2024-01-10,0.0,0.0,0.0,0.0,0.0,0.0,0.0,0.0,0.0,0.0,0.0,0.0,0.0,0.0,0.0,0.0,0.0,0.0,0.0,0.0,0.0,0.0,0.0,0.0,0.0,0.0,0.0,0.0,0.0,0.0,False,False
2024-01-11,0.0,0.0,0.0,0.0,0.0,0.0,0.0,0.0,0.0,0.0,0.0,0.0,0.0,0.0,0.0,0.0,0.0,0.0,0.0,0.0,0.0,0.0,0.0,0.0,0.0,0.0,0.0,0.0,0.0,0.0,False,False
2024-01-12,0.0,0.0,0.0,0.0,0.0,0.0,0.0,0.0,0.0,0.0,0.0,0.0,0.0,0.0,0.0,0.0,0.0,0.0,0.0,0.0,0.0,0.0,0.0,0.0,0.0,0.0,0.0,0.0,0.0,0.0,False,False
2024-01-16,0.0,0.0,0.0,0.0,0.0,0.0,0.0,0.0,0.0,0.0,0.0,0.0,0.0,0.0,0.0,0.0,0.0,0.0,0.0,0.0,0.0,0.0,0.0,0.0,0.0,0.0,0.0,0.0,0.0,0.0,False,False
2024-01-17,0.0,0.0,0.0,0.0,0.0,0.0,0.0,0.0,0.0,0.0,0.0,0.0,0.0,0.0,0.0,0.0,0.0,0.0,0.0,0.0,0.0,0.0,0.0,0.0,0.0,0.0,0.0,0.0,0.0,0.0,False,False
2024-01-18,0.0,0.0,0.0,0.0,0.0,0.0,0.0,0.0,0.0,0.0,0.0,0.0,0.0,0.0,0.0,0.0,0.0,0.0,0.0,0.0,0.0,0.0,0.0,0.0,0.0,0.0,0.0,0.0,0.0,0.0,False,False
2024-01-19,0.0,0.0,0.0,0.0,0.0,0.0,0.0,0.0,0.0,0.0,0.0,0.0,0.0,0.0,0.0,0.0,0.0,0.0,0.0,0.0,0.0,0.0,0.0,0.0,0.0,0.0,0.0,0.0,0.0,0.0,False,False
2024-01-22,0.0,0.0,0.0,0.0,0.0,0.0,0.0,0.0,0.0,0.0,0.0,0.0,0.0,0.0,0.0,0.0,0.0,0.0,0.0,0.0,0.0,0.0,0.0,0.0,0.0,0.0,0.0,0.0,0.0,0.0,False,False
2024-01-23,0.0,0.0,0.0,0.0,0.0,0.0,0.0,0.0,0.0,0.0,0.0,0.0,0.0,0.0,0.0,0.0,0.0,0.0,0.0,0.0,0.0,0.0,0.0,0.0,0.0,0.0,0.0,0.0,0.0,0.0,False,False
2024-01-24,0.0,0.0,0.0,0.0,0.0,0.0,0.0,0.0,0.0,0.0,0.0,0.0,0.0,0.0,0.0,0.0,0.0,0.0,0.0,0.0,0.0,0.0,0.0,0.0,0.0,0.0,0.0,0.0,0.0,0.0,False,False
2024-01-25,0.0,0.0,0.0,0.0,0.0,0.0,0.0,0.0,0.0,0.0,0.0,0.0,0.0,0.0,0.0,0.0,0.0,0.0,0.0,0.0,0.0,0.0,0.0,0.0,0.0,0.0,0.0,0.0,0.0,0.0,False,False
2024-01-26,0.0,0.0,0.0,0.0,0.0,0.0,0.0,0.0,0.0,0.0,0.0,0.0,0.0,0.0,0.0,0.0,0.0,0.0,0.0,0.0,0.0,0.0,0.0,0.0,0.0,0.0,0.0,0.0,0.0,0.0,False,False
2024-01-29,2551243.3505013455,289431808.76935,144715904.384675,144715904.384675,6755.395888869275,4.0,4.0,8.0,4.0,0.5,0.05,0.28943180876935,0.28943180876935,0.28943180876935,0.5788636175387,0.0025512433505013453,0.00011577272350774,2.8943180876935e-05,8.682954263080499e-05,115772.72350774,6.755395888869275e-06,0.0025223001696244103,0.0024354706269936054,0.0024354706269936054,0.002428715231104736,25.512433505013455,0.28943180876935,0.8682954263080499,0.06755395888869276,24.28715231104736,False,True
2024-01-30,-3770618.0264181076,296069700.1582,148034850.0791,148034850.0791,2349.7595250650797,4.0,4.0,8.0,4.0,0.5,0.05,0.2960697001582,0.2960697001582,0.2960697001582,0.5921394003164,-0.0037706180264181076,0.00011842788006328,2.960697001582e-05,8.882091004745999e-05,118427.88006328001,2.3497595250650796e-06,-0.0038002249964339276,-0.0038890459064813876,-0.0038890459064813876,-0.003891395666006453,-37.70618026418108,0.2960697001582,0.8882091004745999,0.023497595250650795,-38.91395666006453,False,True
2024-01-31,0.0,0.0,0.0,0.0,0.0,0.0,0.0,0.0,0.0,0.0,0.0,0.0,0.0,0.0,0.0,0.0,0.0,0.0,0.0,0.0,0.0,0.0,0.0,0.0,0.0,0.0,0.0,0.0,0.0,0.0,False,False
2024-02-01,0.0,0.0,0.0,0.0,0.0,0.0,0.0,0.0,0.0,0.0,0.0,0.0,0.0,0.0,0.0,0.0,0.0,0.0,0.0,0.0,0.0,0.0,0.0,0.0,0.0,0.0,0.0,0.0,0.0,0.0,False,False
2024-02-02,0.0,0.0,0.0,0.0,0.0,0.0,0.0,0.0,0.0,0.0,0.0,0.0,0.0,0.0,0.0,0.0,0.0,0.0,0.0,0.0,0.0,0.0,0.0,0.0,0.0,0.0,0.0,0.0,0.0,0.0,False,False
2024-02-05,325052.2713497085,66524326.09742501,33262163.048712503,33262163.048712503,527.9708420430557,4.0,4.0,8.0,4.0,0.5,0.05,0.06652432609742501,0.06652432609742501,0.06652432609742501,0.13304865219485001,0.0003250522713497085,2.6609730438970003e-05,6.652432609742501e-06,1.99572978292275e-05,26609.730438970004,5.279708420430556e-07,0.00031839983873996596,0.00029844254091073845,0.00029844254091073845,0.0002979145700686954,3.2505227134970847,0.06652432609742501,0.199572978292275,0.005279708420430556,2.979145700686954,False,True
2024-02-06,-208408.42143834554,73644250.17140001,36822125.085700005,36822125.085700005,584.478175963492,4.0,4.0,8.0,4.0,0.5,0.05,0.07364425017140001,0.07364425017140001,0.07364425017140001,0.14728850034280003,-0.00020840842143834555,2.9457700068560006e-05,7.364425017140002e-06,2.209327505142e-05,29457.700068560007,5.84478175963492e-07,-0.00021577284645548554,-0.00023786612150690555,-0.00023786612150690555,-0.00023845059968286903,-2.0840842143834557,0.07364425017140001,0.22093275051420003,0.00584478175963492,-2.38450599682869,False,True
2024-02-07,941790.428658926,46186027.604550004,23093013.802275002,23093013.802275002,366.55577463928574,4.0,4.0,8.0,4.0,0.5,0.05000000000000001,0.046186027604550005,0.046186027604550005,0.046186027604550005,0.09237205520910001,0.000941790428658926,1.8474411041820003e-05,4.618602760455001e-06,1.3855808281365e-05,18474.411041820003,3.665557746392857e-07,0.000937171825898471,0.000923316017617106,0.000923316017617106,0.0009229494618424667,9.41790428658926,0.046186027604550005,0.13855808281365,0.003665557746392857,9.229494618424667,False,True
2024-02-08,3775450.2582496135,124785108.47055,62392554.23527499,62392554.235275,990.3580037345239,4.0,4.0,8.0,4.0,0.5,0.05,0.12478510847055001,0.12478510847055001,0.12478510847055001,0.24957021694110001,0.0037754502582496136,4.991404338822e-05,1.2478510847055e-05,3.7435532541165e-05,49914.04338822,9.90358003734524e-07,0.0037629717474025586,0.0037255362148613936,0.0037255362148613936,0.003724545856857659,37.75450258249614,0.12478510847055001,0.37435532541165,0.00990358003734524,37.245458568576595,False,True
2024-02-09,-624891.1246886262,181340215.77215004,90670107.88607502,90670107.88607502,1439.2080616837304,4.0,4.0,8.0,4.0,0.5,0.05000000000000001,0.18134021577215004,0.18134021577215004,0.18134021577215004,0.3626804315443001,-0.0006248911246886261,7.253608630886001e-05,1.8134021577215003e-05,5.4402064731645003e-05,72536.08630886002,1.4392080616837303e-06,-0.0006430251462658411,-0.0006974272109974861,-0.0006974272109974861,-0.0006988664190591699,-6.248911246886261,0.18134021577215004,0.5440206473164501,0.014392080616837303,-6.988664190591699,False,True
2024-02-12,0.0,0.0,0.0,0.0,0.0,0.0,0.0,0.0,0.0,0.0,0.0,0.0,0.0,0.0,0.0,0.0,0.0,0.0,0.0,0.0,0.0,0.0,0.0,0.0,0.0,0.0,0.0,0.0,0.0,0.0,False,False
2024-02-13,5869014.407202719,170550355.31590003,85275177.65795001,85275177.65795003,1717.876331056569,4.0,4.0,8.0,4.0,0.5,0.05,0.17055035531590002,0.17055035531590002,0.17055035531590002,0.34110071063180003,0.005869014407202719,6.822014212636e-05,1.705503553159e-05,5.116510659477e-05,68220.14212636,1.717876331056569e-06,0.005851959371671129,0.005800794265076359,0.005800794265076359,0.005799076388745303,58.69014407202719,0.17055035531590002,0.5116510659477,0.01717876331056569,57.99076388745303,False,True
2024-02-14,180933.32400476217,41588129.1589,20794064.57945,20794064.57945,330.064517134127,4.0,4.0,8.0,4.0,0.5,0.05,0.0415881291589,0.0415881291589,0.0415881291589,0.0831762583178,0.00018093332400476216,1.663525166356e-05,4.15881291589e-06,1.2476438747669998e-05,16635.25166356,3.3006451713412704e-07,0.00017677451108887216,0.00016429807234120215,0.00016429807234120215,0.000163968007824068,1.8093332400476216,0.0415881291589,0.12476438747669998,0.0033006451713412702,1.6396800782406802,False,True
2024-02-15,-271947.4039196551,44018134.29270001,22009067.146350004,22009067.146350004,466.0840732717672,4.0,4.0,8.0,4.0,0.5,0.05,0.04401813429270001,0.04401813429270001,0.04401813429270001,0.08803626858540002,-0.0002719474039196551,1.7607253717080005e-05,4.401813429270001e-06,1.3205440287810001e-05,17607.253717080006,4.660840732717672e-07,-0.0002763492173489251,-0.00028955465763673513,-0.00028955465763673513,-0.0002900207417100069,-2.719474039196551,0.04401813429270001,0.13205440287810002,0.0046608407327176716,-2.9002074171000687,False,True
2024-02-16,-192481.39896046332,80764785.2975,40382392.64875,40382392.64874999,860.7263621487239,4.0,4.0,8.0,4.0,0.5,0.05,0.0807647852975,0.0807647852975,0.0807647852975,0.161529570595,-0.00019248139896046331,3.2305914119e-05,8.07647852975e-06,2.4229435589249997e-05,32305.914119,8.607263621487238e-07,-0.00020055787749021333,-0.00022478731307946332,-0.00022478731307946332,-0.00022564803944161204,-1.9248139896046332,0.0807647852975,0.24229435589249998,0.008607263621487239,-2.2564803944161205,False,True
2024-02-20,-5050472.137338568,180079623.17245,90039811.586225,90039811.58622499,1429.2033585115078,4.0,4.0,8.0,4.0,0.5,0.05,0.18007962317245,0.18007962317245,0.18007962317245,0.3601592463449,-0.005050472137338569,7.203184926898e-05,1.8007962317245e-05,5.402388695173499e-05,72031.84926898,1.4292033585115079e-06,-0.005068480099655814,-0.00512250398660755,-0.00512250398660755,-0.005123933189966061,-50.504721373385685,0.18007962317245,0.5402388695173499,0.014292033585115079,-51.239331899660606,False,True
2024-02-21,13708330.170328997,179351461.23240003,89675730.61620001,89675730.61620001,1423.4242954952383,4.0,4.0,8.0,4.0,0.5,0.05,0.17935146123240003,0.17935146123240003,0.17935146123240003,0.35870292246480007,0.013708330170328997,7.174058449296001e-05,1.7935146123240004e-05,5.3805438369720004e-05,71740.58449296001,1.4234242954952383e-06,0.013690395024205756,0.013636589585836037,0.013636589585836037,0.013635166161540542,137.08330170328998,0.17935146123240003,0.5380543836972,0.014234242954952382,136.35166161540542,False,True
2024-02-22,-55798.707453658324,39380987.4745,19690493.73725,19690493.73725,324.58514223713337,4.0,4.0,8.0,4.0,0.5,0.05,0.0393809874745,0.0393809874745,0.0393809874745,0.078761974949,-5.579870745365832e-05,1.57523949898e-05,3.93809874745e-06,1.181429624235e-05,15752.394989800001,3.2458514223713336e-07,-5.973680620110832e-05,-7.155110244345832e-05,-7.155110244345832e-05,-7.187568758569545e-05,-0.5579870745365832,0.0393809874745,0.11814296242349999,0.0032458514223713338,-0.7187568758569545,False,True
2024-02-23,486030.37170043244,101083616.21105,50541808.105525,50541808.105525,802.2509223099207,4.0,4.0,8.0,4.0,0.5,0.05,0.10108361621105,0.10108361621105,0.10108361621105,0.2021672324221,0.00048603037170043246,4.043344648442e-05,1.0108361621105e-05,3.0325084863314996e-05,40433.446484420005,8.022509223099208e-07,0.00047592201007932744,0.00044559692521601245,0.00044559692521601245,0.0004447946742937025,4.860303717004324,0.10108361621105001,0.30325084863314994,0.008022509223099208,4.447946742937025,False,True
2024-02-26,-178540.88825856164,68952125.99965002,34476062.99982501,34476062.99982501,2165.31330808135,4.0,4.0,8.0,4.0,0.5,0.05000000000000001,0.06895212599965002,0.06895212599965002,0.06895212599965002,0.13790425199930004,-0.00017854088825856163,2.7580850399860008e-05,6.895212599965002e-06,2.0685637799895003e-05,27580.850399860006,2.16531330808135e-06,-0.00018543610085852664,-0.00020612173865842165,-0.00020612173865842165,-0.000208287051966503,-1.7854088825856163,0.06895212599965002,0.20685637799895004,0.0216531330808135,-2.08287051966503,False,True
2024-02-27,-45324015.01248977,901298355.5595001,450649177.77975,450649177.77975005,35765.80776029763,4.0,4.0,8.0,4.0,0.5,0.05,0.9012983555595001,0.9012983555595001,0.9012983555595001,1.8025967111190002,-0.045324015012489775,0.00036051934222380003,9.012983555595001e-05,0.00027038950666785,360519.3422238,3.576580776029763e-05,-0.04541414484804573,-0.04568453435471358,-0.04568453435471358,-0.04572030016247387,-453.24015012489775,0.9012983555595001,2.7038950666784998,0.3576580776029763,-457.2030016247387,False,True
2024-02-28,-389855.89127753954,92469984.749125,46234992.3745625,46234992.3745625,2554.8686988946424,4.0,4.0,8.0,4.0,0.5,0.05,0.092469984749125,0.092469984749125,0.092469984749125,0.18493996949825,-0.00038985589127753955,3.6987993899650004e-05,9.246998474912501e-06,2.77409954247375e-05,36987.993899650006,2.5548686988946426e-06,-0.00039910288975245203,-0.0004268438851771895,-0.0004268438851771895,-0.00042939875387608417,-3.8985589127753957,0.092469984749125,0.27740995424737497,0.025548686988946426,-4.293987538760842,False,True
2024-02-29,8669639.434284585,500000000.0,250000000.0,249999999.99999997,19508.796010863487,4.0,4.0,8.0,6.0,0.75,0.05000000000000001,0.5,0.5,0.5,1.0,0.008669639434284584,0.0002,5e-05,0.00015,200000.0,1.9508796010863487e-05,0.008619639434284584,0.008469639434284583,0.008469639434284583,0.00845013063827372,86.69639434284584,0.5,1.4999999999999998,0.19508796010863486,84.5013063827372,False,True
2024-03-01,66629.13929212795,134811901.7312,67405950.8656,67405950.8656,2202.7366553269844,4.0,4.0,8.0,4.0,0.5,0.05,0.1348119017312,0.1348119017312,0.1348119017312,0.2696238034624,6.662913929212795e-05,5.392476069248e-05,1.348119017312e-05,4.044357051936e-05,53924.76069248,2.2027366553269846e-06,5.3147949119007953e-05,1.2704378599647955e-05,1.2704378599647955e-05,1.0501641944320971e-05,0.6662913929212795,0.1348119017312,0.4044357051936,0.022027366553269846,0.10501641944320972,False,True
2024-03-04,-220283.87680334024,35746891.87185,17873445.935925,17873445.935925,283.70549104642856,4.0,4.0,8.0,4.0,0.5,0.05,0.03574689187185,0.03574689187185,0.03574689187185,0.0714937837437,-0.00022028387680334024,1.429875674874e-05,3.574689187185e-06,1.0724067561554998e-05,14298.756748740001,2.8370549104642857e-07,-0.00022385856599052524,-0.00023458263355208024,-0.00023458263355208024,-0.00023486633904312666,-2.2028387680334025,0.035746891871850005,0.10724067561554998,0.002837054910464286,-2.3486633904312666,False,True
2024-03-05,28743.834140765448,25324435.851050004,12662217.925525002,12662217.925525004,480.76353363566903,4.0,4.0,8.0,4.0,0.5,0.05000000000000001,0.025324435851050004,0.025324435851050004,0.025324435851050004,0.05064887170210001,2.8743834140765448e-05,1.0129774340420002e-05,2.5324435851050004e-06,7.5973307553150005e-06,10129.774340420001,4.807635336356691e-07,2.6211390555660448e-05,1.8614059800345446e-05,1.8614059800345446e-05,1.8133296266709778e-05,0.2874383414076545,0.025324435851050004,0.07597330755315,0.004807635336356691,0.18133296266709778,False,True
2024-03-06,1609008.1500510178,150058400.588,75029200.29399998,75029200.294,1190.9396872063492,4.0,4.0,8.0,4.0,0.5,0.05,0.150058400588,0.150058400588,0.150058400588,0.300116801176,0.0016090081500510177,6.00233602352e-05,1.50058400588e-05,4.5017520176399994e-05,60023.3602352,1.1909396872063493e-06,0.0015940023099922176,0.0015489847898158176,0.0015489847898158176,0.0015477938501286112,16.090081500510177,0.150058400588,0.45017520176399994,0.011909396872063494,15.477938501286111,False,True
2024-03-07,446990.91460416117,92885800.00705001,46442900.003525,46442900.003525004,737.1888889448414,4.0,4.0,8.0,4.0,0.5,0.05000000000000001,0.09288580000705,0.09288580000705,0.09288580000705,0.1857716000141,0.00044699091460416115,3.715432000282e-05,9.288580000705e-06,2.7865740002115e-05,37154.32000282,7.371888889448415e-07,0.00043770233460345615,0.00040983659460134116,0.00040983659460134116,0.0004090994057123963,4.469909146041611,0.09288580000705,0.27865740002115,0.007371888889448415,4.090994057123963,False,True
2024-03-08,87274.24353108279,113959461.60390003,56979730.801950015,56979730.80195001,904.440171459524,4.0,4.0,8.0,4.0,0.5,0.05000000000000001,0.11395946160390003,0.11395946160390003,0.11395946160390003,0.22791892320780005,8.727424353108278e-05,4.558378464156001e-05,1.1395946160390003e-05,3.4187838481170004e-05,45583.784641560014,9.04440171459524e-07,7.587829737069278e-05,4.169045888952277e-05,4.169045888952277e-05,4.0786018718063245e-05,0.8727424353108278,0.11395946160390003,0.3418783848117,0.00904440171459524,0.40786018718063244,False,True
2024-03-11,180857.90330329587,47358228.45115,23679114.225575,23679114.225575,375.85895596150795,4.0,4.0,8.0,4.0,0.5,0.05,0.04735822845115,0.04735822845115,0.04735822845115,0.0947164569023,0.00018085790330329586,1.894329138046e-05,4.735822845115e-06,1.4207468535344999e-05,18943.29138046,3.7585895596150797e-07,0.00017612208045818085,0.00016191461192283584,0.00016191461192283584,0.00016153875296687434,1.8085790330329585,0.04735822845115,0.14207468535345,0.0037585895596150797,1.6153875296687434,False,True
2024-03-12,-522147.2769890706,86670106.515,43335053.25749999,43335053.2575,687.8579882142857,4.0,4.0,8.0,4.0,0.5,0.05,0.086670106515,0.086670106515,0.086670106515,0.17334021303,-0.0005221472769890706,3.4668042606e-05,8.6670106515e-06,2.6001031954499997e-05,34668.042606,6.878579882142857e-07,-0.0005308142876405707,-0.0005568153195950707,-0.0005568153195950707,-0.000557503177583285,-5.221472769890706,0.086670106515,0.260010319545,0.006878579882142856,-5.57503177583285,False,True
2024-03-13,-530940.431659623,60361105.981649995,30180552.990824997,30180552.990824997,479.0563966797619,4.0,4.0,8.0,4.0,0.5,0.05000000000000001,0.060361105981649996,0.060361105981649996,0.060361105981649996,0.12072221196329999,-0.000530940431659623,2.414444239266e-05,6.036110598165e-06,1.8108331794494996e-05,24144.44239266,4.790563966797619e-07,-0.000536976542257788,-0.000555084874052283,-0.000555084874052283,-0.0005555639304489628,-5.30940431659623,0.060361105981649996,0.18108331794494995,0.00479056396679762,-5.555639304489628,False,True
2024-03-14,-20826.05555845505,65453434.81555,32726717.407775,32726717.407774996,519.4717048853174,4.0,4.0,8.0,4.0,0.5,0.05,0.06545343481555,0.06545343481555,0.06545343481555,0.1309068696311,-2.082605555845505e-05,2.618137392622e-05,6.545343481555e-06,1.9636030444664998e-05,26181.37392622,5.194717048853174e-07,-2.737139904001005e-05,-4.7007429484675043e-05,-4.7007429484675043e-05,-4.752690118956036e-05,-0.2082605555845505,0.06545343481555,0.19636030444664998,0.005194717048853174,-0.4752690118956036,False,True
2024-03-15,1787688.106200162,118245056.75680001,59122528.378400005,59122528.3784,938.4528314031746,4.0,4.0,8.0,4.0,0.5,0.05000000000000001,0.11824505675680001,0.11824505675680001,0.11824505675680001,0.23649011351360003,0.0017876881062001621,4.729802270272001e-05,1.1824505675680002e-05,3.547351702704e-05,47298.02270272001,9.384528314031746e-07,0.001775863600524482,0.0017403900834974421,0.0017403900834974421,0.0017394516306660389,17.876881062001623,0.11824505675680001,0.3547351702704,0.009384528314031746,17.39451630666039,False,True
2024-03-18,-1335964.4843859228,67141499.67185,33570749.83592499,33570749.835925,532.8690450146826,4.0,4.0,8.0,4.0,0.5,0.05,0.06714149967185,0.06714149967185,0.06714149967185,0.1342829993437,-0.0013359644843859227,2.685659986874e-05,6.714149967185e-06,2.0142449901554997e-05,26856.59986874,5.328690450146825e-07,-0.0013426786343531077,-0.0013628210842546627,-0.0013628210842546627,-0.0013633539532996774,-13.359644843859227,0.06714149967185,0.20142449901554998,0.005328690450146826,-13.633539532996773,False,True
2024-03-19,77935.26451415509,96693799.39115,48346899.69557499,48346899.695575,767.4111062789683,4.0,4.0,8.0,4.0,0.5,0.05,0.09669379939115,0.09669379939115,0.09669379939115,0.1933875987823,7.793526451415509e-05,3.867751975646e-05,9.669379939115e-06,2.9008139817344996e-05,38677.51975646,7.674111062789683e-07,6.826588457504009e-05,3.925774475769509e-05,3.925774475769509e-05,3.849033365141612e-05,0.7793526451415509,0.09669379939115,0.29008139817344997,0.007674111062789683,0.3849033365141612,False,True
2024-03-20,1308411.9753730078,110769757.0984,55384878.5492,55384878.5492,879.125056336508,4.0,4.0,8.0,4.0,0.5,0.05,0.11076975709839999,0.11076975709839999,0.11076975709839999,0.22153951419679999,0.0013084119753730078,4.4307902839359996e-05,1.1076975709839999e-05,3.323092712951999e-05,44307.902839359995,8.79125056336508e-07,0.0012973349996631678,0.0012641040725336478,0.0012641040725336478,0.0012632249474773113,13.084119753730079,0.11076975709839999,0.33230927129519994,0.00879125056336508,12.632249474773113,False,True
2024-03-21,-657306.4290740365,68959149.11745,34479574.558725,34479574.558725,547.2948342654762,4.0,4.0,8.0,4.0,0.5,0.05,0.06895914911745,0.06895914911745,0.06895914911745,0.1379182982349,-0.0006573064290740366,2.7583659646980004e-05,6.895914911745001e-06,2.0687744735235e-05,27583.659646980002,5.472948342654762e-07,-0.0006642023439857816,-0.0006848900887210166,-0.0006848900887210166,-0.000685437383555282,-6.573064290740366,0.06895914911745,0.20687744735234997,0.005472948342654761,-6.8543738355528205,False,True
2024-03-22,-167129.49618312833,38651524.0812,19325762.040599998,19325762.0406,306.75812762857146,4.0,4.0,8.0,4.0,0.5,0.05,0.038651524081200005,0.038651524081200005,0.038651524081200005,0.07730304816240001,-0.00016712949618312832,1.5460609632480003e-05,3.865152408120001e-06,1.159545722436e-05,15460.609632480004,3.0675812762857146e-07,-0.00017099464859124833,-0.00018259010581560834,-0.00018259010581560834,-0.0001828968639432369,-1.6712949618312831,0.03865152408120001,0.11595457224360001,0.0030675812762857146,-1.828968639432369,False,True
2024-03-25,-522367.8450319473,35751289.370000005,17875644.685000002,17875644.685000002,283.74039182539684,4.0,4.0,8.0,4.0,0.5,0.05,0.03575128937,0.03575128937,0.03575128937,0.07150257874,-0.0005223678450319473,1.4300515748e-05,3.575128937e-06,1.0725386810999999e-05,14300.515748,2.8374039182539683e-07,-0.0005259429739689473,-0.0005366683607799473,-0.0005366683607799473,-0.0005369521011717727,-5.223678450319474,0.03575128937,0.10725386810999998,0.002837403918253968,-5.369521011717727,False,True
2024-03-26,18707.13183342277,50951985.573800005,25475992.786900003,25475992.7869,404.3808378873016,4.0,4.0,8.0,4.0,0.5,0.05,0.050951985573800006,0.050951985573800006,0.050951985573800006,0.10190397114760001,1.8707131833422768e-05,2.0380794229520003e-05,5.095198557380001e-06,1.528559567214e-05,20380.79422952,4.0438083788730157e-07,1.3611933276042767e-05,-1.6736623960972344e-06,-1.6736623960972344e-06,-2.078043233984536e-06,0.1870713183342277,0.050951985573800006,0.1528559567214,0.004043808378873016,-0.020780432339845358,False,True
2024-03-27,-132426.74963085804,72867623.98210001,36433811.991050005,36433811.99105,578.3144760484128,4.0,4.0,8.0,4.0,0.5,0.05,0.0728676239821,0.0728676239821,0.0728676239821,0.1457352479642,-0.00013242674963085803,2.9147049592840004e-05,7.286762398210001e-06,2.186028719463e-05,29147.049592840005,5.783144760484127e-07,-0.00013971351202906804,-0.00016157379922369805,-0.00016157379922369805,-0.00016215211369974647,-1.3242674963085803,0.0728676239821,0.2186028719463,0.0057831447604841275,-1.6215211369974647,False,True
2024-03-28,13083.463032985965,35514521.72905,17757260.864525,17757260.864525,281.86128356388895,4.0,4.0,8.0,4.0,0.5,0.05,0.03551452172905,0.03551452172905,0.03551452172905,0.0710290434581,1.3083463032985965e-05,1.4205808691620002e-05,3.5514521729050004e-06,1.0654356518715e-05,14205.80869162,2.8186128356388895e-07,9.532010860080965e-06,-1.1223456586340351e-06,-1.1223456586340351e-06,-1.404206942197924e-06,0.13083463032985965,0.03551452172905,0.10654356518715,0.0028186128356388895,-0.01404206942197924,False,True
2024-04-01,-1233038.9495947063,53023673.084649995,26511836.542324997,26511836.542324997,420.822802259127,4.0,4.0,8.0,4.0,0.5,0.05,0.053023673084649996,0.053023673084649996,0.053023673084649996,0.10604734616929999,-0.0012330389495947064,2.120946923386e-05,5.302367308465e-06,1.5907101925394996e-05,21209.46923386,4.20822802259127e-07,-0.0012383413169031712,-0.0012542484188285661,-0.0012542484188285661,-0.0012546692416308253,-12.330389495947063,0.053023673084649996,0.15907101925394995,0.00420822802259127,-12.546692416308254,False,True
2024-04-02,-576400.3897486664,80899736.315,40449868.15750001,40449868.1575,642.0613993253968,4.0,4.0,8.0,4.0,0.5,0.05,0.080899736315,0.080899736315,0.080899736315,0.16179947263,-0.0005764003897486664,3.2359894526e-05,8.0899736315e-06,2.4269920894499997e-05,32359.894525999996,6.420613993253968e-07,-0.0005844903633801665,-0.0006087602842746665,-0.0006087602842746665,-0.0006094023456739919,-5.764003897486664,0.080899736315,0.24269920894499997,0.006420613993253968,-6.094023456739919,False,True
2024-04-03,829709.2363461623,100579491.208,50289745.603999995,50289745.604,798.2499302222224,4.0,4.0,8.0,4.0,0.5,0.05000000000000001,0.100579491208,0.100579491208,0.100579491208,0.201158982416,0.0008297092363461622,4.02317964832e-05,1.00579491208e-05,3.0173847362399998e-05,40231.7964832,7.982499302222224e-07,0.0008196512872253622,0.0007894774398629623,0.0007894774398629623,0.00078867918993274,8.297092363461623,0.100579491208,0.30173847362399997,0.007982499302222223,7.886791899327401,False,True
2024-04-04,-228188.95859747406,23173366.264000002,11586683.132000001,11586683.132000001,419.85218598412706,4.0,4.0,8.0,4.0,0.5,0.05,0.023173366264000003,0.023173366264000003,0.023173366264000003,0.046346732528000006,-0.00022818895859747407,9.269346505600003e-06,2.3173366264000006e-06,6.9520098792e-06,9269.346505600002,4.1985218598412706e-07,-0.00023050629522387408,-0.0002374583051030741,-0.0002374583051030741,-0.0002378781572890582,-2.281889585974741,0.023173366264000007,0.069520098792,0.00419852185984127,-2.378781572890582,False,True
2024-04-05,118724.17045053167,42876833.21260001,21438416.606300004,21438416.606300004,340.292327084127,4.0,4.0,8.0,4.0,0.5,0.05000000000000001,0.04287683321260001,0.04287683321260001,0.04287683321260001,0.08575366642520002,0.00011872417045053167,1.7150733285040006e-05,4.287683321260001e-06,1.2863049963780003e-05,17150.733285040005,3.40292327084127e-07,0.00011443648712927167,0.00010157343716549167,0.00010157343716549167,0.00010123314483840754,1.1872417045053167,0.04287683321260002,0.12863049963780002,0.00340292327084127,1.0123314483840755,False,True
2024-04-08,9535.347478935048,22658535.3074,11329267.6537,11329267.6537,408.9602132126985,4.0,4.0,8.0,4.0,0.5,0.05,0.0226585353074,0.0226585353074,0.0226585353074,0.0453170706148,9.535347478935048e-06,9.06341412296e-06,2.26585353074e-06,6.797560592219999e-06,9063.41412296,4.0896021321269845e-07,7.269493948195047e-06,4.7193335597504807e-07,4.7193335597504807e-07,6.297314276234961e-08,0.09535347478935048,0.022658535307400002,0.06797560592219999,0.004089602132126984,0.0006297314276234961,False,True
2024-04-09,-153752.80900343583,45075259.476550005,22537629.738275,22537629.738275,357.74015457579367,4.0,4.0,8.0,4.0,0.5,0.05,0.04507525947655001,0.04507525947655001,0.04507525947655001,0.09015051895310001,-0.00015375280900343583,1.8030103790620004e-05,4.507525947655001e-06,1.3522577842965e-05,18030.103790620004,3.577401545757937e-07,-0.00015826033495109084,-0.00017178291279405582,-0.00017178291279405582,-0.00017214065294863162,-1.5375280900343582,0.045075259476550014,0.13522577842965,0.0035774015457579367,-1.7214065294863161,False,True
2024-04-10,67336.85628996923,43615128.93125,21807564.465625,21807564.465625,346.15181691468257,4.0,4.0,8.0,4.0,0.5,0.05,0.04361512893125,0.04361512893125,0.04361512893125,0.0872302578625,6.733685628996924e-05,1.74460515725e-05,4.361512893125e-06,1.3084538679374998e-05,17446.0515725,3.461518169146826e-07,6.297534339684423e-05,4.9890804717469234e-05,4.9890804717469234e-05,4.954465290055455e-05,0.6733685628996924,0.04361512893125,0.13084538679375,0.003461518169146826,0.4954465290055455,False,True
2024-04-11,-1330900.9887654074,109985438.79960002,54992719.39980001,54992719.39980001,872.9003079333334,4.0,4.0,8.0,4.0,0.5,0.05000000000000001,0.10998543879960002,0.10998543879960002,0.10998543879960002,0.21997087759920003,-0.0013309009887654073,4.399417551984001e-05,1.0998543879960002e-05,3.299563163988e-05,43994.175519840006,8.729003079333333e-07,-0.0013418995326453674,-0.0013748951642852474,-0.0013748951642852474,-0.0013757680645931807,-13.309009887654073,0.10998543879960002,0.32995631639879996,0.008729003079333332,-13.757680645931806,False,True
2024-04-12,24076.789896681556,49725464.2471,24862732.12355,24862732.12355,436.5286723928572,4.0,4.0,8.0,4.0,0.5,0.05,0.049725464247100004,0.049725464247100004,0.049725464247100004,0.09945092849420001,2.4076789896681556e-05,1.9890185698840004e-05,4.972546424710001e-06,1.491763927413e-05,19890.185698840003,4.3652867239285717e-07,1.9104243471971556e-05,4.186604197841556e-06,4.186604197841556e-06,3.7500755254486987e-06,0.24076789896681555,0.04972546424710001,0.1491763927413,0.004365286723928572,0.037500755254486984,False,True
2024-04-15,-29718.197923108677,14990982.16335,7495491.081675,7495491.0816750005,362.61269046468254,4.0,4.0,8.0,4.0,0.5,0.05,0.014990982163349998,0.014990982163349998,0.014990982163349998,0.029981964326699997,-2.9718197923108677e-05,5.99639286534e-06,1.499098216335e-06,4.497294649004999e-06,5996.39286534,3.6261269046468255e-07,-3.121729613944368e-05,-3.571459078844868e-05,-3.571459078844868e-05,-3.607720347891336e-05,-0.2971819792310868,0.014990982163349998,0.044972946490049986,0.0036261269046468252,-0.3607720347891336,False,True
2024-04-16,151897.29484671302,48504534.45245001,24252267.226225004,24252267.226225004,384.9566226384921,4.0,4.0,8.0,4.0,0.5,0.05000000000000001,0.04850453445245001,0.04850453445245001,0.04850453445245001,0.09700906890490002,0.00015189729484671303,1.9401813780980003e-05,4.850453445245001e-06,1.4551360335735002e-05,19401.813780980003,3.849566226384921e-07,0.00014704684140146802,0.000132495481065733,0.000132495481065733,0.0001321105244430945,1.5189729484671304,0.04850453445245001,0.14551360335735003,0.0038495662263849212,1.321105244430945,False,True
2024-04-17,44299.63623423181,23501163.50605,11750581.753025003,11750581.753025,403.1613296162699,4.0,4.0,8.0,4.0,0.5,0.05,0.023501163506050003,0.023501163506050003,0.023501163506050003,0.047002327012100005,4.429963623423181e-05,9.400465402420002e-06,2.3501163506050005e-06,7.050349051815e-06,9400.465402420003,4.031613296162699e-07,4.1949519883626804e-05,3.48991708318118e-05,3.48991708318118e-05,3.4496009502195536e-05,0.4429963623423181,0.023501163506050006,0.07050349051815,0.004031613296162699,0.34496009502195535,False,True
2024-04-18,-40441.656866790334,24656038.274949998,12328019.137475003,12328019.137474999,195.68284345198413,4.0,4.0,8.0,4.0,0.5,0.05,0.02465603827495,0.02465603827495,0.02465603827495,0.0493120765499,-4.044165686679033e-05,9.86241530998e-06,2.465603827495e-06,7.396811482484999e-06,9862.415309979999,1.9568284345198412e-07,-4.290726069428533e-05,-5.030407217677033e-05,-5.030407217677033e-05,-5.049975502022231e-05,-0.4044165686679033,0.02465603827495,0.07396811482485,0.001956828434519841,-0.5049975502022231,False,True
2024-04-19,608323.0091978741,87097257.34045002,43548628.67022502,43548628.67022501,691.2480741305557,4.0,4.0,8.0,4.0,0.5,0.05,0.08709725734045001,0.08709725734045001,0.08709725734045001,0.17419451468090003,0.0006083230091978741,3.483890293618001e-05,8.709725734045002e-06,2.6129177202135e-05,34838.902936180006,6.912480741305557e-07,0.0005996132834638292,0.0005734841062616942,0.0005734841062616942,0.0005727928581875637,6.083230091978741,0.08709725734045003,0.26129177202135,0.006912480741305556,5.727928581875637,False,True
2024-04-22,13360.39215185499,24325596.68735,12162798.343675,12162798.343675002,193.06029116944447,4.0,4.0,8.0,4.0,0.5,0.05,0.02432559668735,0.02432559668735,0.02432559668735,0.0486511933747,1.3360392151854991e-05,9.73023867494e-06,2.432559668735e-06,7.297679006205e-06,9730.238674940001,1.9306029116944447e-07,1.0927832483119992e-05,3.630153476914992e-06,3.630153476914992e-06,3.4370931857455472e-06,0.1336039215185499,0.02432559668735,0.07297679006204999,0.0019306029116944448,0.034370931857455475,False,True
2024-04-23,1027203.3805760203,134443912.4372,67221956.2186,67221956.2186,1067.015178073016,4.0,4.0,8.0,4.0,0.5,0.05,0.1344439124372,0.1344439124372,0.1344439124372,0.2688878248744,0.0010272033805760203,5.377756497488e-05,1.344439124372e-05,4.0333173731159994e-05,53777.56497488,1.0670151780730158e-06,0.0010137589893323003,0.0009734258156011403,0.0009734258156011403,0.0009723588004230673,10.272033805760204,0.1344439124372,0.40333173731159994,0.010670151780730159,9.723588004230674,False,True
2024-04-24,-20222.712272756813,38059172.4847,19029586.24235,19029586.24235,302.056924481746,3.0,3.0,6.0,3.0,0.5,0.05,0.038059172484700005,0.038059172484700005,0.038059172484700005,0.07611834496940001,-2.0222712272756815e-05,1.5223668993880002e-05,3.8059172484700005e-06,1.141775174541e-05,15223.668993880003,3.02056924481746e-07,-2.4028629521226815e-05,-3.544638126663682e-05,-3.544638126663682e-05,-3.574843819111857e-05,-0.20222712272756815,0.038059172484700005,0.1141775174541,0.0030205692448174604,-0.35748438191118564,False,True
2024-04-25,573458.3207900049,102851588.72535,51425794.362675,51425794.362675,876.5115363075397,4.0,4.0,8.0,4.0,0.5,0.05,0.10285158872535001,0.10285158872535001,0.10285158872535001,0.20570317745070002,0.0005734583207900049,4.1140635490140005e-05,1.0285158872535001e-05,3.0855476617605e-05,41140.635490140005,8.765115363075397e-07,0.0005631731619174699,0.000532317685299865,0.000532317685299865,0.0005314411737635574,5.734583207900049,0.10285158872535001,0.30855476617605,0.008765115363075397,5.314411737635574,False,True
2024-04-26,-203391.08327872137,102222745.36000001,51111372.68000001,51111372.68000001,811.2916298412699,4.0,4.0,8.0,4.0,0.5,0.05,0.10222274536000002,0.10222274536000002,0.10222274536000002,0.20444549072000004,-0.00020339108327872138,4.088909814400001e-05,1.0222274536000002e-05,3.0666823608000004e-05,40889.09814400001,8.112916298412699e-07,-0.00021361335781472138,-0.0002442801814227214,-0.0002442801814227214,-0.0002450914730525627,-2.033910832787214,0.10222274536000002,0.30666823608000005,0.008112916298412699,-2.4509147305256267,False,True
2024-04-29,0.0,0.0,0.0,0.0,0.0,0.0,0.0,0.0,0.0,0.0,0.0,0.0,0.0,0.0,0.0,0.0,0.0,0.0,0.0,0.0,0.0,0.0,0.0,0.0,0.0,0.0,0.0,0.0,0.0,0.0,False,False
2024-04-30,-1822562.7410816161,206167412.79000002,103083706.39500001,103083706.39500001,1636.249307857143,3.0,3.0,6.0,3.0,0.5,0.05,0.20616741279000003,0.20616741279000003,0.20616741279000003,0.41233482558000006,-0.0018225627410816162,8.246696511600002e-05,2.0616741279000006e-05,6.1850223837e-05,82466.96511600002,1.636249307857143e-06,-0.0018431794823606162,-0.0019050297061976162,-0.0019050297061976162,-0.0019066659555054732,-18.225627410816163,0.20616741279000006,0.61850223837,0.01636249307857143,-19.06665955505473,False,True
2024-05-01,-1232774.6952811312,499999999.99999994,249999999.99999997,249999999.99999997,17058.556212725394,3.0,3.0,6.0,4.0,0.6666666666666666,0.05,0.49999999999999994,0.49999999999999994,0.49999999999999994,0.9999999999999999,-0.0012327746952811311,0.00019999999999999998,4.9999999999999996e-05,0.00014999999999999996,199999.99999999997,1.7058556212725395e-05,-0.001282774695281131,-0.001432774695281131,-0.001432774695281131,-0.0014498332514938563,-12.327746952811312,0.49999999999999994,1.4999999999999996,0.17058556212725395,-14.498332514938562,False,True
2024-05-02,1219477.6468495915,137060759.25985,68530379.629925,68530379.629925,1087.7838036496032,4.0,4.0,8.0,4.0,0.5,0.05,0.13706075925985,0.13706075925985,0.13706075925985,0.2741215185197,0.0012194776468495915,5.482430370394e-05,1.3706075925985e-05,4.1118227777955e-05,54824.30370394,1.0877838036496031e-06,0.0012057715709236066,0.0011646533431456515,0.0011646533431456515,0.0011635655593420018,12.194776468495915,0.13706075925985,0.41118227777955,0.010877838036496031,11.635655593420019,False,True
2024-05-03,0.0,0.0,0.0,0.0,0.0,0.0,0.0,0.0,0.0,0.0,0.0,0.0,0.0,0.0,0.0,0.0,0.0,0.0,0.0,0.0,0.0,0.0,0.0,0.0,0.0,0.0,0.0,0.0,0.0,0.0,False,False
2024-05-06,0.0,0.0,0.0,0.0,0.0,0.0,0.0,0.0,0.0,0.0,0.0,0.0,0.0,0.0,0.0,0.0,0.0,0.0,0.0,0.0,0.0,0.0,0.0,0.0,0.0,0.0,0.0,0.0,0.0,0.0,False,False
2024-05-07,0.0,0.0,0.0,0.0,0.0,0.0,0.0,0.0,0.0,0.0,0.0,0.0,0.0,0.0,0.0,0.0,0.0,0.0,0.0,0.0,0.0,0.0,0.0,0.0,0.0,0.0,0.0,0.0,0.0,0.0,False,False
2024-05-08,0.0,0.0,0.0,0.0,0.0,0.0,0.0,0.0,0.0,0.0,0.0,0.0,0.0,0.0,0.0,0.0,0.0,0.0,0.0,0.0,0.0,0.0,0.0,0.0,0.0,0.0,0.0,0.0,0.0,0.0,False,False
2024-05-09,0.0,0.0,0.0,0.0,0.0,0.0,0.0,0.0,0.0,0.0,0.0,0.0,0.0,0.0,0.0,0.0,0.0,0.0,0.0,0.0,0.0,0.0,0.0,0.0,0.0,0.0,0.0,0.0,0.0,0.0,False,False
2024-05-10,0.0,0.0,0.0,0.0,0.0,0.0,0.0,0.0,0.0,0.0,0.0,0.0,0.0,0.0,0.0,0.0,0.0,0.0,0.0,0.0,0.0,0.0,0.0,0.0,0.0,0.0,0.0,0.0,0.0,0.0,False,False
2024-05-13,-274481.2473342373,45735343.20820001,22867671.604100004,22867671.604100004,963.2872088825399,4.0,4.0,8.0,4.0,0.5,0.05000000000000001,0.04573534320820001,0.04573534320820001,0.04573534320820001,0.09147068641640002,-0.0002744812473342373,1.8294137283280004e-05,4.573534320820001e-06,1.3720602962460001e-05,18294.137283280004,9.632872088825399e-07,-0.00027905478165505735,-0.00029277538461751736,-0.00029277538461751736,-0.0002937386718263999,-2.7448124733423733,0.04573534320820001,0.13720602962460002,0.009632872088825399,-2.937386718263999,False,True
2024-05-14,-7237075.751996944,500000000.0,250000000.0,250000000.0,17441.72264417619,4.0,4.0,8.0,5.0,0.625,0.05,0.5,0.5,0.5,1.0,-0.007237075751996944,0.0002,5e-05,0.00015,200000.0,1.744172264417619e-05,-0.0072870757519969435,-0.0074370757519969435,-0.0074370757519969435,-0.00745451747464112,-72.37075751996944,0.5,1.4999999999999998,0.17441722644176189,-74.54517474641119,False,True
2024-05-15,0.0,0.0,0.0,0.0,0.0,0.0,0.0,0.0,0.0,0.0,0.0,0.0,0.0,0.0,0.0,0.0,0.0,0.0,0.0,0.0,0.0,0.0,0.0,0.0,0.0,0.0,0.0,0.0,0.0,0.0,False,False
2024-05-16,-9663013.235472795,500000000.0,250000000.0,250000000.00000003,19497.715401963495,4.0,4.0,8.0,5.0,0.625,0.05000000000000001,0.5,0.5,0.5,1.0,-0.009663013235472794,0.0002,5e-05,0.00015,200000.0,1.9497715401963496e-05,-0.009713013235472794,-0.009863013235472794,-0.009863013235472794,-0.009882510950874758,-96.63013235472793,0.5,1.4999999999999998,0.19497715401963495,-98.82510950874757,False,True
2024-05-17,0.0,0.0,0.0,0.0,0.0,0.0,0.0,0.0,0.0,0.0,0.0,0.0,0.0,0.0,0.0,0.0,0.0,0.0,0.0,0.0,0.0,0.0,0.0,0.0,0.0,0.0,0.0,0.0,0.0,0.0,False,False
2024-05-20,0.0,0.0,0.0,0.0,0.0,0.0,0.0,0.0,0.0,0.0,0.0,0.0,0.0,0.0,0.0,0.0,0.0,0.0,0.0,0.0,0.0,0.0,0.0,0.0,0.0,0.0,0.0,0.0,0.0,0.0,False,False
2024-05-21,0.0,0.0,0.0,0.0,0.0,0.0,0.0,0.0,0.0,0.0,0.0,0.0,0.0,0.0,0.0,0.0,0.0,0.0,0.0,0.0,0.0,0.0,0.0,0.0,0.0,0.0,0.0,0.0,0.0,0.0,False,False
2024-05-22,0.0,0.0,0.0,0.0,0.0,0.0,0.0,0.0,0.0,0.0,0.0,0.0,0.0,0.0,0.0,0.0,0.0,0.0,0.0,0.0,0.0,0.0,0.0,0.0,0.0,0.0,0.0,0.0,0.0,0.0,False,False
2024-05-23,0.0,0.0,0.0,0.0,0.0,0.0,0.0,0.0,0.0,0.0,0.0,0.0,0.0,0.0,0.0,0.0,0.0,0.0,0.0,0.0,0.0,0.0,0.0,0.0,0.0,0.0,0.0,0.0,0.0,0.0,False,False
2024-05-24,-169985.60679679693,50281323.525400005,25140661.762700003,25140661.762700003,1042.2013652396827,4.0,4.0,8.0,4.0,0.5,0.05,0.050281323525400004,0.050281323525400004,0.050281323525400004,0.10056264705080001,-0.00016998560679679694,2.011252941016e-05,5.02813235254e-06,1.508439705762e-05,20112.52941016,1.0422013652396827e-06,-0.00017501373914933694,-0.00019009813620695694,-0.00019009813620695694,-0.0001911403375721966,-1.6998560679679693,0.050281323525400004,0.1508439705762,0.010422013652396827,-1.9114033757219662,False,True
2024-05-28,0.0,0.0,0.0,0.0,0.0,0.0,0.0,0.0,0.0,0.0,0.0,0.0,0.0,0.0,0.0,0.0,0.0,0.0,0.0,0.0,0.0,0.0,0.0,0.0,0.0,0.0,0.0,0.0,0.0,0.0,False,False
2024-05-29,0.0,0.0,0.0,0.0,0.0,0.0,0.0,0.0,0.0,0.0,0.0,0.0,0.0,0.0,0.0,0.0,0.0,0.0,0.0,0.0,0.0,0.0,0.0,0.0,0.0,0.0,0.0,0.0,0.0,0.0,False,False
2024-05-30,0.0,0.0,0.0,0.0,0.0,0.0,0.0,0.0,0.0,0.0,0.0,0.0,0.0,0.0,0.0,0.0,0.0,0.0,0.0,0.0,0.0,0.0,0.0,0.0,0.0,0.0,0.0,0.0,0.0,0.0,False,False
2024-05-31,0.0,0.0,0.0,0.0,0.0,0.0,0.0,0.0,0.0,0.0,0.0,0.0,0.0,0.0,0.0,0.0,0.0,0.0,0.0,0.0,0.0,0.0,0.0,0.0,0.0,0.0,0.0,0.0,0.0,0.0,False,False
2024-06-03,0.0,0.0,0.0,0.0,0.0,0.0,0.0,0.0,0.0,0.0,0.0,0.0,0.0,0.0,0.0,0.0,0.0,0.0,0.0,0.0,0.0,0.0,0.0,0.0,0.0,0.0,0.0,0.0,0.0,0.0,False,False
2024-06-04,0.0,0.0,0.0,0.0,0.0,0.0,0.0,0.0,0.0,0.0,0.0,0.0,0.0,0.0,0.0,0.0,0.0,0.0,0.0,0.0,0.0,0.0,0.0,0.0,0.0,0.0,0.0,0.0,0.0,0.0,False,False
2024-06-05,308759.70738802623,73050891.92645,36525445.963225,36525445.96322501,1478.624760573413,4.0,4.0,8.0,4.0,0.5,0.05,0.07305089192644999,0.07305089192644999,0.07305089192644999,0.14610178385289999,0.0003087597073880262,2.922035677058e-05,7.305089192645e-06,2.1915267577934994e-05,29220.356770579998,1.4786247605734129e-06,0.0003014546181953812,0.00027953935061744624,0.00027953935061744624,0.0002780607258568728,3.087597073880262,0.07305089192644999,0.21915267577934994,0.014786247605734128,2.780607258568728,False,True
2024-06-06,0.0,0.0,0.0,0.0,0.0,0.0,0.0,0.0,0.0,0.0,0.0,0.0,0.0,0.0,0.0,0.0,0.0,0.0,0.0,0.0,0.0,0.0,0.0,0.0,0.0,0.0,0.0,0.0,0.0,0.0,False,False
2024-06-07,251766.44400241348,59721768.15620001,29860884.078100003,29860884.078100003,804.7765876095239,4.0,4.0,8.0,4.0,0.5,0.05000000000000001,0.059721768156200006,0.059721768156200006,0.059721768156200006,0.11944353631240001,0.0002517664440024135,2.3888707262480003e-05,5.972176815620001e-06,1.791653044686e-05,23888.707262480002,8.047765876095238e-07,0.0002457942671867935,0.0002278777367399335,0.0002278777367399335,0.00022707296015232398,2.5176644400241353,0.059721768156200006,0.1791653044686,0.008047765876095238,2.27072960152324,False,True
2024-06-10,0.0,0.0,0.0,0.0,0.0,0.0,0.0,0.0,0.0,0.0,0.0,0.0,0.0,0.0,0.0,0.0,0.0,0.0,0.0,0.0,0.0,0.0,0.0,0.0,0.0,0.0,0.0,0.0,0.0,0.0,False,False
2024-06-11,0.0,0.0,0.0,0.0,0.0,0.0,0.0,0.0,0.0,0.0,0.0,0.0,0.0,0.0,0.0,0.0,0.0,0.0,0.0,0.0,0.0,0.0,0.0,0.0,0.0,0.0,0.0,0.0,0.0,0.0,False,False
2024-06-12,0.0,0.0,0.0,0.0,0.0,0.0,0.0,0.0,0.0,0.0,0.0,0.0,0.0,0.0,0.0,0.0,0.0,0.0,0.0,0.0,0.0,0.0,0.0,0.0,0.0,0.0,0.0,0.0,0.0,0.0,False,False
2024-06-13,0.0,0.0,0.0,0.0,0.0,0.0,0.0,0.0,0.0,0.0,0.0,0.0,0.0,0.0,0.0,0.0,0.0,0.0,0.0,0.0,0.0,0.0,0.0,0.0,0.0,0.0,0.0,0.0,0.0,0.0,False,False
2024-06-14,0.0,0.0,0.0,0.0,0.0,0.0,0.0,0.0,0.0,0.0,0.0,0.0,0.0,0.0,0.0,0.0,0.0,0.0,0.0,0.0,0.0,0.0,0.0,0.0,0.0,0.0,0.0,0.0,0.0,0.0,False,False
2024-06-17,0.0,0.0,0.0,0.0,0.0,0.0,0.0,0.0,0.0,0.0,0.0,0.0,0.0,0.0,0.0,0.0,0.0,0.0,0.0,0.0,0.0,0.0,0.0,0.0,0.0,0.0,0.0,0.0,0.0,0.0,False,False
2024-06-18,0.0,0.0,0.0,0.0,0.0,0.0,0.0,0.0,0.0,0.0,0.0,0.0,0.0,0.0,0.0,0.0,0.0,0.0,0.0,0.0,0.0,0.0,0.0,0.0,0.0,0.0,0.0,0.0,0.0,0.0,False,False
2024-06-20,0.0,0.0,0.0,0.0,0.0,0.0,0.0,0.0,0.0,0.0,0.0,0.0,0.0,0.0,0.0,0.0,0.0,0.0,0.0,0.0,0.0,0.0,0.0,0.0,0.0,0.0,0.0,0.0,0.0,0.0,False,False
2024-06-21,-304331.59022770467,41607140.52255,20803570.261275,20803570.261275,1651.0770048630952,4.0,4.0,8.0,4.0,0.5,0.05,0.041607140522550004,0.041607140522550004,0.041607140522550004,0.08321428104510001,-0.0003043315902277047,1.6642856209020002e-05,4.1607140522550005e-06,1.2482142156765e-05,16642.856209020003,1.6510770048630952e-06,-0.0003084923042799597,-0.0003209744464367247,-0.0003209744464367247,-0.00032262552344158776,-3.0433159022770466,0.041607140522550004,0.12482142156765001,0.01651077004863095,-3.2262552344158775,False,True
2024-06-24,891736.018813829,76663997.65650001,38331998.82825,38331998.828250006,1569.5601932690479,4.0,4.0,8.0,4.0,0.5,0.05,0.0766639976565,0.0766639976565,0.0766639976565,0.153327995313,0.000891736018813829,3.06655990626e-05,7.66639976565e-06,2.299919929695e-05,30665.599062600002,1.5695601932690478e-06,0.0008840696190481791,0.000861070419751229,0.000861070419751229,0.00085950085955796,8.917360188138291,0.0766639976565,0.22999199296950001,0.015695601932690477,8.5950085955796,False,True
2024-06-25,137315.7611189735,58847882.6351,29423941.31755,29423941.31755,1658.8214045674604,4.0,4.0,8.0,4.0,0.5,0.05,0.0588478826351,0.0588478826351,0.0588478826351,0.1176957652702,0.00013731576111897348,2.353915305404e-05,5.88478826351e-06,1.7654364790529998e-05,23539.153054039998,1.6588214045674604e-06,0.00013143097285546349,0.00011377660806493349,0.00011377660806493349,0.00011211778666036604,1.3731576111897348,0.0588478826351,0.17654364790529997,0.016588214045674603,1.1211778666036603,False,True
2024-06-26,0.0,0.0,0.0,0.0,0.0,0.0,0.0,0.0,0.0,0.0,0.0,0.0,0.0,0.0,0.0,0.0,0.0,0.0,0.0,0.0,0.0,0.0,0.0,0.0,0.0,0.0,0.0,0.0,0.0,0.0,False,False
2024-06-27,0.0,0.0,0.0,0.0,0.0,0.0,0.0,0.0,0.0,0.0,0.0,0.0,0.0,0.0,0.0,0.0,0.0,0.0,0.0,0.0,0.0,0.0,0.0,0.0,0.0,0.0,0.0,0.0,0.0,0.0,False,False
2024-06-28,0.0,0.0,0.0,0.0,0.0,0.0,0.0,0.0,0.0,0.0,0.0,0.0,0.0,0.0,0.0,0.0,0.0,0.0,0.0,0.0,0.0,0.0,0.0,0.0,0.0,0.0,0.0,0.0,0.0,0.0,False,False
2024-07-01,0.0,0.0,0.0,0.0,0.0,0.0,0.0,0.0,0.0,0.0,0.0,0.0,0.0,0.0,0.0,0.0,0.0,0.0,0.0,0.0,0.0,0.0,0.0,0.0,0.0,0.0,0.0,0.0,0.0,0.0,False,False
2024-07-02,0.0,0.0,0.0,0.0,0.0,0.0,0.0,0.0,0.0,0.0,0.0,0.0,0.0,0.0,0.0,0.0,0.0,0.0,0.0,0.0,0.0,0.0,0.0,0.0,0.0,0.0,0.0,0.0,0.0,0.0,False,False
2024-07-03,0.0,0.0,0.0,0.0,0.0,0.0,0.0,0.0,0.0,0.0,0.0,0.0,0.0,0.0,0.0,0.0,0.0,0.0,0.0,0.0,0.0,0.0,0.0,0.0,0.0,0.0,0.0,0.0,0.0,0.0,False,False
2024-07-05,0.0,0.0,0.0,0.0,0.0,0.0,0.0,0.0,0.0,0.0,0.0,0.0,0.0,0.0,0.0,0.0,0.0,0.0,0.0,0.0,0.0,0.0,0.0,0.0,0.0,0.0,0.0,0.0,0.0,0.0,False,False
2024-07-08,0.0,0.0,0.0,0.0,0.0,0.0,0.0,0.0,0.0,0.0,0.0,0.0,0.0,0.0,0.0,0.0,0.0,0.0,0.0,0.0,0.0,0.0,0.0,0.0,0.0,0.0,0.0,0.0,0.0,0.0,False,False
2024-07-09,0.0,0.0,0.0,0.0,0.0,0.0,0.0,0.0,0.0,0.0,0.0,0.0,0.0,0.0,0.0,0.0,0.0,0.0,0.0,0.0,0.0,0.0,0.0,0.0,0.0,0.0,0.0,0.0,0.0,0.0,False,False
2024-07-10,0.0,0.0,0.0,0.0,0.0,0.0,0.0,0.0,0.0,0.0,0.0,0.0,0.0,0.0,0.0,0.0,0.0,0.0,0.0,0.0,0.0,0.0,0.0,0.0,0.0,0.0,0.0,0.0,0.0,0.0,False,False
2024-07-11,0.0,0.0,0.0,0.0,0.0,0.0,0.0,0.0,0.0,0.0,0.0,0.0,0.0,0.0,0.0,0.0,0.0,0.0,0.0,0.0,0.0,0.0,0.0,0.0,0.0,0.0,0.0,0.0,0.0,0.0,False,False
2024-07-12,0.0,0.0,0.0,0.0,0.0,0.0,0.0,0.0,0.0,0.0,0.0,0.0,0.0,0.0,0.0,0.0,0.0,0.0,0.0,0.0,0.0,0.0,0.0,0.0,0.0,0.0,0.0,0.0,0.0,0.0,False,False
2024-07-15,0.0,0.0,0.0,0.0,0.0,0.0,0.0,0.0,0.0,0.0,0.0,0.0,0.0,0.0,0.0,0.0,0.0,0.0,0.0,0.0,0.0,0.0,0.0,0.0,0.0,0.0,0.0,0.0,0.0,0.0,False,False
2024-07-16,0.0,0.0,0.0,0.0,0.0,0.0,0.0,0.0,0.0,0.0,0.0,0.0,0.0,0.0,0.0,0.0,0.0,0.0,0.0,0.0,0.0,0.0,0.0,0.0,0.0,0.0,0.0,0.0,0.0,0.0,False,False
2024-07-17,0.0,0.0,0.0,0.0,0.0,0.0,0.0,0.0,0.0,0.0,0.0,0.0,0.0,0.0,0.0,0.0,0.0,0.0,0.0,0.0,0.0,0.0,0.0,0.0,0.0,0.0,0.0,0.0,0.0,0.0,False,False
2024-07-18,-321664.802110895,89365418.9563685,44682709.47818425,44682709.47818426,1503.6804609068931,4.0,4.0,8.0,4.0,0.5,0.05000000000000001,0.0893654189563685,0.0893654189563685,0.0893654189563685,0.178730837912737,-0.000321664802110895,3.57461675825474e-05,8.93654189563685e-06,2.6809625686910547e-05,35746.1675825474,1.5036804609068931e-06,-0.00033060134400653184,-0.00035741096969344236,-0.00035741096969344236,-0.00035891465015434925,-3.21664802110895,0.0893654189563685,0.2680962568691055,0.015036804609068932,-3.5891465015434925,False,True
2024-07-19,0.0,0.0,0.0,0.0,0.0,0.0,0.0,0.0,0.0,0.0,0.0,0.0,0.0,0.0,0.0,0.0,0.0,0.0,0.0,0.0,0.0,0.0,0.0,0.0,0.0,0.0,0.0,0.0,0.0,0.0,False,False
2024-07-22,0.0,0.0,0.0,0.0,0.0,0.0,0.0,0.0,0.0,0.0,0.0,0.0,0.0,0.0,0.0,0.0,0.0,0.0,0.0,0.0,0.0,0.0,0.0,0.0,0.0,0.0,0.0,0.0,0.0,0.0,False,False
2024-07-23,0.0,0.0,0.0,0.0,0.0,0.0,0.0,0.0,0.0,0.0,0.0,0.0,0.0,0.0,0.0,0.0,0.0,0.0,0.0,0.0,0.0,0.0,0.0,0.0,0.0,0.0,0.0,0.0,0.0,0.0,False,False
2024-07-24,0.0,0.0,0.0,0.0,0.0,0.0,0.0,0.0,0.0,0.0,0.0,0.0,0.0,0.0,0.0,0.0,0.0,0.0,0.0,0.0,0.0,0.0,0.0,0.0,0.0,0.0,0.0,0.0,0.0,0.0,False,False
2024-07-25,0.0,0.0,0.0,0.0,0.0,0.0,0.0,0.0,0.0,0.0,0.0,0.0,0.0,0.0,0.0,0.0,0.0,0.0,0.0,0.0,0.0,0.0,0.0,0.0,0.0,0.0,0.0,0.0,0.0,0.0,False,False
2024-07-26,0.0,0.0,0.0,0.0,0.0,0.0,0.0,0.0,0.0,0.0,0.0,0.0,0.0,0.0,0.0,0.0,0.0,0.0,0.0,0.0,0.0,0.0,0.0,0.0,0.0,0.0,0.0,0.0,0.0,0.0,False,False
2024-07-29,-881302.0865183388,108831151.65915002,54415575.82957501,54415575.829575,863.739298882143,4.0,4.0,8.0,4.0,0.5,0.05,0.10883115165915001,0.10883115165915001,0.10883115165915001,0.21766230331830003,-0.0008813020865183388,4.3532460663660005e-05,1.0883115165915001e-05,3.2649345497745e-05,43532.46066366001,8.63739298882143e-07,-0.0008921852016842538,-0.0009248345471819989,-0.0009248345471819989,-0.000925698286480881,-8.813020865183388,0.10883115165915001,0.32649345497745,0.00863739298882143,-9.25698286480881,False,True
2024-07-30,217598.70356112483,13612952.4727,6806476.23635,6806476.23635,108.03930533888888,3.0,3.0,6.0,3.0,0.5,0.05,0.0136129524727,0.0136129524727,0.0136129524727,0.0272259049454,0.00021759870356112483,5.44518098908e-06,1.36129524727e-06,4.08388574181e-06,5445.1809890800005,1.0803930533888888e-07,0.00021623740831385482,0.00021215352257204483,0.00021215352257204483,0.00021204548326670593,2.1759870356112483,0.0136129524727,0.0408388574181,0.0010803930533888888,2.1204548326670594,False,True
2024-07-31,-202411.84300926368,19853539.26895,9926769.634474998,9926769.634475,157.56777197579365,3.0,3.0,6.0,3.0,0.5,0.05,0.01985353926895,0.01985353926895,0.01985353926895,0.0397070785379,-0.00020241184300926368,7.94141570758e-06,1.985353926895e-06,5.956061780685e-06,7941.41570758,1.5756777197579364e-07,-0.0002043971969361587,-0.0002103532587168437,-0.0002103532587168437,-0.00021051082648881948,-2.0241184300926367,0.01985353926895,0.05956061780685,0.0015756777197579363,-2.105108264888195,False,True
2024-08-01,-935297.0647499165,46088544.536850005,23044272.268425003,23044272.268425003,365.78209949880954,4.0,4.0,8.0,4.0,0.5,0.05,0.046088544536850004,0.046088544536850004,0.046088544536850004,0.09217708907370001,-0.0009352970647499166,1.8435417814740002e-05,4.6088544536850005e-06,1.3826563361055e-05,18435.41781474,3.657820994988095e-07,-0.0009399059192036016,-0.0009537324825646565,-0.0009537324825646565,-0.0009540982646641553,-9.352970647499166,0.046088544536850004,0.13826563361055,0.0036578209949880954,-9.540982646641552,False,True
2024-08-02,-1353374.9999340572,58570568.16875,29285284.084375,29285284.084375,464.84577911706356,4.0,4.0,8.0,4.0,0.5,0.05,0.058570568168750003,0.058570568168750003,0.058570568168750003,0.11714113633750001,-0.0013533749999340573,2.3428227267500002e-05,5.8570568168750005e-06,1.7571170450625e-05,23428.227267500002,4.648457791170636e-07,-0.0013592320567509322,-0.0013768032272015573,-0.0013768032272015573,-0.0013772680729806743,-13.533749999340573,0.058570568168750003,0.17571170450625,0.004648457791170636,-13.772680729806742,False,True
2024-08-05,1850238.762662726,139995936.62890002,69997968.31445001,69997968.31445001,1111.0788621341271,4.0,4.0,8.0,4.0,0.5,0.05,0.13999593662890003,0.13999593662890003,0.13999593662890003,0.27999187325780006,0.001850238762662726,5.5998374651560015e-05,1.3999593662890004e-05,4.199878098867e-05,55998.374651560014,1.111078862134127e-06,0.0018362391689998362,0.0017942403880111663,0.0017942403880111663,0.0017931293091490322,18.50238762662726,0.13999593662890003,0.41998780988670004,0.01111078862134127,17.93129309149032,False,True
2024-08-06,0.0,0.0,0.0,0.0,0.0,0.0,0.0,0.0,0.0,0.0,0.0,0.0,0.0,0.0,0.0,0.0,0.0,0.0,0.0,0.0,0.0,0.0,0.0,0.0,0.0,0.0,0.0,0.0,0.0,0.0,False,False
2024-08-07,1234136.7671475792,139815807.88369998,69907903.94185,69907903.94185,1283.3845265373016,4.0,4.0,8.0,4.0,0.5,0.05,0.1398158078837,0.1398158078837,0.1398158078837,0.2796316157674,0.0012341367671475792,5.5926323153479995e-05,1.3981580788369999e-05,4.1944742365109994e-05,55926.32315347999,1.2833845265373016e-06,0.0012201551863592092,0.0011782104439940991,0.0011782104439940991,0.0011769270594675619,12.341367671475792,0.1398158078837,0.41944742365109994,0.012833845265373017,11.76927059467562,False,True
2024-08-08,71495.15407745267,172540327.37135,86270163.685675,86270163.685675,1369.3676775503968,4.0,4.0,8.0,4.0,0.5,0.05,0.17254032737135,0.17254032737135,0.17254032737135,0.3450806547427,7.149515407745267e-05,6.901613094854001e-05,1.7254032737135002e-05,5.1762098211404995e-05,69016.13094854001,1.3693676775503969e-06,5.424112134031766e-05,2.4790231289126657e-06,2.4790231289126657e-06,1.1096554513622688e-06,0.7149515407745266,0.17254032737135003,0.5176209821140499,0.013693676775503968,0.011096554513622688,False,True
2024-08-09,0.0,0.0,0.0,0.0,0.0,0.0,0.0,0.0,0.0,0.0,0.0,0.0,0.0,0.0,0.0,0.0,0.0,0.0,0.0,0.0,0.0,0.0,0.0,0.0,0.0,0.0,0.0,0.0,0.0,0.0,False,False
2024-08-12,978373.8630943057,81330916.40185001,40665458.200925015,40665458.200925,645.4834635067461,4.0,4.0,8.0,4.0,0.5,0.05,0.08133091640185001,0.08133091640185001,0.08133091640185001,0.16266183280370003,0.0009783738630943057,3.2532366560740006e-05,8.133091640185002e-06,2.4399274920555e-05,32532.366560740007,6.454834635067462e-07,0.0009702407714541207,0.0009458414965335657,0.0009458414965335657,0.000945196013070059,9.783738630943057,0.08133091640185001,0.24399274920555,0.006454834635067462,9.45196013070059,False,True
2024-08-13,811021.7068574686,47645093.75,23822546.875,23822546.875,378.13566468253975,4.0,4.0,8.0,4.0,0.5,0.05,0.04764509375,0.04764509375,0.04764509375,0.0952901875,0.0008110217068574686,1.9058037500000002e-05,4.7645093750000005e-06,1.4293528124999999e-05,19058.037500000002,3.7813566468253975e-07,0.0008062571974824686,0.0007919636693574687,0.0007919636693574687,0.0007915855336927862,8.110217068574686,0.047645093750000006,0.14293528125,0.0037813566468253975,7.915855336927862,False,True
2024-08-14,1720245.074024936,124691267.8471,62345633.923549995,62345633.92355,989.613236881746,4.0,4.0,8.0,4.0,0.5,0.05,0.12469126784710001,0.12469126784710001,0.12469126784710001,0.24938253569420002,0.001720245074024936,4.9876507138840005e-05,1.2469126784710001e-05,3.740738035413e-05,49876.50713884,9.89613236881746e-07,0.0017077759472402258,0.0016703685668860958,0.0016703685668860958,0.001669378953649214,17.20245074024936,0.12469126784710001,0.3740738035413,0.00989613236881746,16.69378953649214,False,True
2024-08-15,-28439.708805331,76844856.23575,38422428.117875,38422428.117875,609.8798113948413,4.0,4.0,8.0,4.0,0.5,0.05,0.07684485623575,0.07684485623575,0.07684485623575,0.1536897124715,-2.8439708805331e-05,3.0737942494300006e-05,7.684485623575001e-06,2.3053456870725e-05,30737.942494300005,6.098798113948413e-07,-3.6124194428906e-05,-5.9177651299631e-05,-5.9177651299631e-05,-5.978753111102584e-05,-0.28439708805331,0.07684485623575002,0.23053456870725,0.006098798113948413,-0.5978753111102584,False,True
2024-08-16,2198.8361213996614,76515555.69315,38257777.846575,38257777.84657499,607.2663150249999,4.0,4.0,8.0,4.0,0.5,0.05,0.07651555569315,0.07651555569315,0.07651555569315,0.1530311113863,2.1988361213996616e-06,3.060622227726e-05,7.651555569315e-06,2.2954666707944997e-05,30606.222277259996,6.07266315025e-07,-5.452719447915338e-06,-2.8407386155860334e-05,-2.8407386155860334e-05,-2.9014652470885335e-05,0.021988361213996617,0.07651555569315,0.22954666707944996,0.00607266315025,-0.2901465247088533,False,True
2024-08-19,-362377.2472568074,230320767.34140003,115160383.67070001,115160383.67070001,1827.9425979476193,4.0,4.0,8.0,4.0,0.5,0.05000000000000001,0.23032076734140003,0.23032076734140003,0.23032076734140003,0.46064153468280006,-0.0003623772472568074,9.212830693656001e-05,2.3032076734140003e-05,6.909623020242e-05,92128.30693656001,1.8279425979476193e-06,-0.00038540932399094743,-0.0004545055541933674,-0.0004545055541933674,-0.000456333496791315,-3.623772472568074,0.23032076734140003,0.6909623020242,0.018279425979476193,-4.56333496791315,False,True
2024-08-20,-134153.29305485313,240916362.0783,120458181.03915,120458181.03915,1912.0346196690475,4.0,4.0,8.0,4.0,0.5,0.05,0.2409163620783,0.2409163620783,0.2409163620783,0.4818327241566,-0.00013415329305485312,9.636654483132e-05,2.409163620783e-05,7.227490862349e-05,96366.54483132,1.9120346196690476e-06,-0.00015824492926268312,-0.00023051983788617312,-0.00023051983788617312,-0.00023243187250584216,-1.3415329305485313,0.2409163620783,0.7227490862349,0.019120346196690476,-2.3243187250584216,False,True
2024-08-21,-887212.9768209911,210607389.56075,105303694.780375,105303694.78037499,1671.487218736111,4.0,4.0,8.0,4.0,0.5,0.05,0.21060738956075,0.21060738956075,0.21060738956075,0.4212147791215,-0.0008872129768209911,8.424295582430001e-05,2.1060738956075002e-05,6.3182216868225e-05,84242.9558243,1.6714872187361108e-06,-0.0009082737157770661,-0.0009714559326452912,-0.0009714559326452912,-0.0009731274198640273,-8.872129768209911,0.21060738956075004,0.63182216868225,0.016714872187361108,-9.731274198640273,False,True
2024-08-22,1114222.1308187826,187179616.32099998,93589808.16049998,93589808.16049999,1485.552510484127,4.0,4.0,8.0,4.0,0.5,0.05,0.18717961632099997,0.18717961632099997,0.18717961632099997,0.37435923264199994,0.0011142221308187827,7.487184652839999e-05,1.8717961632099996e-05,5.615388489629999e-05,74871.84652839998,1.4855525104841269e-06,0.0010955041691866826,0.0010393502842903826,0.0010393502842903826,0.0010378647317798985,11.142221308187827,0.18717961632099997,0.5615388489629999,0.014855525104841269,10.378647317798984,False,True
2024-08-23,-1133024.9982209026,223265181.03725,111632590.518625,111632590.518625,1771.9458812480161,4.0,4.0,8.0,4.0,0.5,0.05000000000000001,0.22326518103725002,0.22326518103725002,0.22326518103725002,0.44653036207450003,-0.0011330249982209027,8.93060724149e-05,2.2326518103725e-05,6.6979554311175e-05,89306.0724149,1.7719458812480161e-06,-0.0011553515163246278,-0.0012223310706358029,-0.0012223310706358029,-0.0012241030165170508,-11.330249982209027,0.22326518103725002,0.66979554311175,0.01771945881248016,-12.241030165170509,False,True
2024-08-26,-622171.7384805304,212049816.8984,106024908.44920002,106024908.4492,1682.9350547492065,4.0,4.0,8.0,4.0,0.5,0.05,0.2120498168984,0.2120498168984,0.2120498168984,0.4240996337968,-0.0006221717384805304,8.481992675936e-05,2.120498168984e-05,6.361494506951999e-05,84819.92675936,1.6829350547492065e-06,-0.0006433767201703705,-0.0007069916652398904,-0.0007069916652398904,-0.0007086746002946396,-6.221717384805305,0.2120498168984,0.6361494506951999,0.016829350547492065,-7.086746002946396,False,True
2024-08-27,-976193.3767443886,260288253.67395002,130144126.83697502,130144126.836975,2065.779791063095,4.0,4.0,8.0,4.0,0.5,0.05,0.26028825367395003,0.26028825367395003,0.26028825367395003,0.5205765073479001,-0.0009761933767443886,0.00010411530146958001,2.6028825367395004e-05,7.8086476102185e-05,104115.30146958001,2.0657797910630953e-06,-0.0010022222021117836,-0.0010803086782139686,-0.0010803086782139686,-0.0010823744580050318,-9.761933767443885,0.26028825367395003,0.78086476102185,0.020657797910630955,-10.823744580050318,False,True
2024-08-28,1410445.1966533477,196424103.05165,98212051.525825,98212051.525825,1558.921452790873,4.0,4.0,8.0,4.0,0.5,0.05,0.19642410305164998,0.19642410305164998,0.19642410305164998,0.39284820610329996,0.0014104451966533477,7.856964122066e-05,1.9642410305165e-05,5.892723091549499e-05,78569.64122065999,1.558921452790873e-06,0.0013908027863481828,0.0013318755554326878,0.0013318755554326878,0.001330316633979897,14.104451966533476,0.19642410305164998,0.5892723091549499,0.015589214527908731,13.30316633979897,False,True
2024-08-29,1164733.5898430261,345872498.35925,172936249.179625,172936249.179625,2745.019828248016,4.0,4.0,8.0,4.0,0.5,0.05,0.34587249835925,0.34587249835925,0.34587249835925,0.6917449967185,0.001164733589843026,0.0001383489993437,3.4587249835925e-05,0.00010376174950777499,138348.99934369998,2.745019828248016e-06,0.001130146340007101,0.001026384590499326,0.001026384590499326,0.0010236395706710781,11.64733589843026,0.34587249835925,1.03761749507775,0.02745019828248016,10.23639570671078,False,True
2024-08-30,326115.8604124611,133714630.91000003,66857315.45500001,66857315.45500001,1061.2272294444447,4.0,4.0,8.0,4.0,0.5,0.05,0.13371463091000002,0.13371463091000002,0.13371463091000002,0.26742926182000004,0.0003261158604124611,5.348585236400001e-05,1.3371463091000003e-05,4.0114389273e-05,53485.85236400001,1.0612272294444446e-06,0.0003127443973214611,0.0002726300080484611,0.0002726300080484611,0.0002715687808190166,3.261158604124611,0.13371463091000002,0.40114389273,0.010612272294444447,2.7156878081901663,False,True
2024-09-03,-289108.42298425577,54962502.209800005,27481251.104900002,27481251.104900002,436.2103349984128,4.0,4.0,8.0,4.0,0.5,0.05000000000000001,0.05496250220980001,0.05496250220980001,0.05496250220980001,0.10992500441960001,-0.00028910842298425575,2.1985000883920003e-05,5.496250220980001e-06,1.648875066294e-05,21985.00088392,4.3621033499841283e-07,-0.00029460467320523577,-0.00031109342386817577,-0.00031109342386817577,-0.0003115296342031742,-2.8910842298425576,0.05496250220980001,0.1648875066294,0.0043621033499841285,-3.115296342031742,False,True
2024-09-04,0.0,0.0,0.0,0.0,0.0,0.0,0.0,0.0,0.0,0.0,0.0,0.0,0.0,0.0,0.0,0.0,0.0,0.0,0.0,0.0,0.0,0.0,0.0,0.0,0.0,0.0,0.0,0.0,0.0,0.0,False,False
2024-09-05,553707.0773554147,76888095.677825,38444047.8389125,38444047.8389125,1613.1209572438493,4.0,4.0,8.0,4.0,0.5,0.05,0.07688809567782501,0.07688809567782501,0.07688809567782501,0.15377619135565002,0.0005537070773554148,3.0755238271130006e-05,7.688809567782501e-06,2.30664287033475e-05,30755.238271130005,1.6131209572438493e-06,0.0005460182677876322,0.0005229518390842847,0.0005229518390842847,0.0005213387181270409,5.537070773554148,0.07688809567782501,0.230664287033475,0.016131209572438493,5.213387181270409,False,True
2024-09-06,0.0,0.0,0.0,0.0,0.0,0.0,0.0,0.0,0.0,0.0,0.0,0.0,0.0,0.0,0.0,0.0,0.0,0.0,0.0,0.0,0.0,0.0,0.0,0.0,0.0,0.0,0.0,0.0,0.0,0.0,False,False
2024-09-09,0.0,0.0,0.0,0.0,0.0,0.0,0.0,0.0,0.0,0.0,0.0,0.0,0.0,0.0,0.0,0.0,0.0,0.0,0.0,0.0,0.0,0.0,0.0,0.0,0.0,0.0,0.0,0.0,0.0,0.0,False,False
2024-09-10,0.0,0.0,0.0,0.0,0.0,0.0,0.0,0.0,0.0,0.0,0.0,0.0,0.0,0.0,0.0,0.0,0.0,0.0,0.0,0.0,0.0,0.0,0.0,0.0,0.0,0.0,0.0,0.0,0.0,0.0,False,False
2024-09-11,0.0,0.0,0.0,0.0,0.0,0.0,0.0,0.0,0.0,0.0,0.0,0.0,0.0,0.0,0.0,0.0,0.0,0.0,0.0,0.0,0.0,0.0,0.0,0.0,0.0,0.0,0.0,0.0,0.0,0.0,False,False
2024-09-12,0.0,0.0,0.0,0.0,0.0,0.0,0.0,0.0,0.0,0.0,0.0,0.0,0.0,0.0,0.0,0.0,0.0,0.0,0.0,0.0,0.0,0.0,0.0,0.0,0.0,0.0,0.0,0.0,0.0,0.0,False,False
2024-09-13,0.0,0.0,0.0,0.0,0.0,0.0,0.0,0.0,0.0,0.0,0.0,0.0,0.0,0.0,0.0,0.0,0.0,0.0,0.0,0.0,0.0,0.0,0.0,0.0,0.0,0.0,0.0,0.0,0.0,0.0,False,False
2024-09-16,-87349.75535647899,54723898.602900006,27361949.301450007,27361949.301450003,885.8018111087029,4.0,4.0,8.0,4.0,0.5,0.05000000000000001,0.05472389860290001,0.05472389860290001,0.05472389860290001,0.10944779720580002,-8.734975535647899e-05,2.1889559441160003e-05,5.472389860290001e-06,1.6417169580870002e-05,21889.559441160003,8.858018111087029e-07,-9.282214521676899e-05,-0.000109239314797639,-0.000109239314797639,-0.0001101251166087477,-0.8734975535647899,0.05472389860290001,0.16417169580870003,0.008858018111087029,-1.101251166087477,False,True
2024-09-17,74036.57208246844,27612656.536299996,13806328.268149998,13806328.26815,219.1480677484127,4.0,4.0,8.0,4.0,0.5,0.05,0.027612656536299997,0.027612656536299997,0.027612656536299997,0.055225313072599994,7.403657208246844e-05,1.1045062614519999e-05,2.7612656536299998e-06,8.283796960889999e-06,11045.062614519999,2.191480677484127e-07,7.127530642883844e-05,6.299150946794844e-05,6.299150946794844e-05,6.277236140020002e-05,0.7403657208246844,0.027612656536299997,0.08283796960889998,0.002191480677484127,0.6277236140020003,False,True
2024-09-18,321676.754200032,33045118.36315,16522559.181575,16522559.181575,262.2628441519841,4.0,4.0,8.0,4.0,0.5,0.05000000000000001,0.03304511836315,0.03304511836315,0.03304511836315,0.0660902367263,0.000321676754200032,1.321804734526e-05,3.304511836315e-06,9.913535508945e-06,13218.04734526,2.622628441519841e-07,0.00031837224236371697,0.000308458706854772,0.000308458706854772,0.00030819644401062,3.2167675420003197,0.03304511836315,0.09913535508945,0.0026226284415198408,3.0819644401062,False,True
2024-09-19,-70560.33911927986,23670669.47275,11835334.736374997,11835334.736375,187.86245613293653,4.0,4.0,8.0,4.0,0.5,0.05,0.02367066947275,0.02367066947275,0.02367066947275,0.0473413389455,-7.056033911927986e-05,9.4682677891e-06,2.367066947275e-06,7.101200841825e-06,9468.2677891,1.8786245613293653e-07,-7.292740606655485e-05,-8.002860690837985e-05,-8.002860690837985e-05,-8.021646936451278e-05,-0.7056033911927986,0.02367066947275,0.07101200841824999,0.0018786245613293653,-0.8021646936451279,False,True
2024-09-20,104133.89142817497,26220744.9256,13110372.4628,13110372.4628,208.1011502031746,4.0,4.0,8.0,4.0,0.5,0.05000000000000001,0.0262207449256,0.0262207449256,0.0262207449256,0.0524414898512,0.00010413389142817497,1.0488297970240001e-05,2.6220744925600002e-06,7.86622347768e-06,10488.29797024,2.081011502031746e-07,0.00010151181693561496,9.364559345793496e-05,9.364559345793496e-05,9.343749230773179e-05,1.0413389142817497,0.026220744925600004,0.0786622347768,0.002081011502031746,0.934374923077318,False,True
2024-09-23,206702.71436855532,27524726.4379,13762363.218949998,13762363.21895,218.45020982460318,4.0,4.0,8.0,4.0,0.5,0.05,0.0275247264379,0.0275247264379,0.0275247264379,0.0550494528758,0.00020670271436855532,1.100989057516e-05,2.75247264379e-06,8.25741793137e-06,11009.89057516,2.184502098246032e-07,0.0002039502417247653,0.0001956928237933953,0.0001956928237933953,0.00019547437358357071,2.067027143685553,0.0275247264379,0.0825741793137,0.002184502098246032,1.9547437358357072,False,True
2024-09-24,-220170.22188053414,36024402.004999995,18012201.002499994,18012201.002499998,285.9079524206349,4.0,4.0,8.0,4.0,0.5,0.05,0.036024402005,0.036024402005,0.036024402005,0.07204880401,-0.00022017022188053413,1.4409760802e-05,3.6024402005e-06,1.0807320601499999e-05,14409.760801999999,2.859079524206349e-07,-0.00022377266208103413,-0.00023457998268253415,-0.00023457998268253415,-0.0002348658906349548,-2.2017022188053414,0.036024402005,0.10807320601499999,0.002859079524206349,-2.3486589063495478,False,True
2024-09-25,425552.63085050194,32944289.68755,16472144.843774999,16472144.843775,261.46261656785714,4.0,4.0,8.0,4.0,0.5,0.05,0.03294428968755,0.03294428968755,0.03294428968755,0.0658885793751,0.00042555263085050193,1.317771587502e-05,3.294428968755e-06,9.883286906264998e-06,13177.71587502,2.6146261656785716e-07,0.00042225820188174695,0.00041237491497548196,0.00041237491497548196,0.0004121134523589141,4.2555263085050195,0.03294428968755,0.09883286906264999,0.0026146261656785717,4.121134523589141,False,True
2024-09-26,69925.3487935931,50624062.52755,25312031.263775,25312031.263775002,401.7782740281746,4.0,4.0,8.0,4.0,0.5,0.05,0.050624062527549994,0.050624062527549994,0.050624062527549994,0.10124812505509999,6.992534879359311e-05,2.024962501102e-05,5.062406252755e-06,1.5187218758264997e-05,20249.625011019998,4.017782740281746e-07,6.48629425408381e-05,4.967572378257311e-05,4.967572378257311e-05,4.927394550854493e-05,0.6992534879359311,0.050624062527549994,0.15187218758264998,0.004017782740281747,0.4927394550854493,False,True
2024-09-27,-552962.1577412998,44225704.89845,22112852.449225,22112852.449225,350.9976579242064,4.0,4.0,8.0,4.0,0.5,0.05,0.04422570489845,0.04422570489845,0.04422570489845,0.0884514097969,-0.0005529621577412998,1.769028195938e-05,4.422570489845e-06,1.3267711469534998e-05,17690.281959379998,3.509976579242064e-07,-0.0005573847282311448,-0.0005706524397006798,-0.0005706524397006798,-0.000571003437358604,-5.529621577412998,0.04422570489845,0.13267711469534998,0.003509976579242064,-5.710034373586041,False,True
2024-09-30,-130255.49610854426,51252907.3161,25626453.65805,25626453.65805,406.76910568333335,4.0,4.0,8.0,4.0,0.5,0.05000000000000001,0.0512529073161,0.0512529073161,0.0512529073161,0.1025058146322,-0.00013025549610854427,2.050116292644e-05,5.12529073161e-06,1.537587219483e-05,20501.16292644,4.0676910568333337e-07,-0.00013538078684015428,-0.0001507566590349843,-0.0001507566590349843,-0.00015116342814066762,-1.3025549610854426,0.0512529073161,0.15375872194829998,0.004067691056833334,-1.511634281406676,False,True
2024-10-01,125115.14961920376,37784642.423200004,18892321.2116,18892321.211600002,299.8781144698413,4.0,4.0,8.0,4.0,0.5,0.05,0.0377846424232,0.0377846424232,0.0377846424232,0.0755692848464,0.00012511514961920377,1.5113856969280002e-05,3.7784642423200006e-06,1.133539272696e-05,15113.856969280003,2.998781144698413e-07,0.00012133668537688376,0.00011000129264992376,0.00011000129264992376,0.00010970141453545392,1.2511514961920378,0.0377846424232,0.11335392726959999,0.002998781144698413,1.0970141453545392,False,True
2024-10-02,-207169.79609038102,40665410.67690001,20332705.33845,20332705.338450003,322.7413545785715,4.0,4.0,8.0,4.0,0.5,0.05,0.04066541067690001,0.04066541067690001,0.04066541067690001,0.08133082135380001,-0.000207169796090381,1.6266164270760002e-05,4.066541067690001e-06,1.2199623203070002e-05,16266.164270760002,3.227413545785715e-07,-0.000211236337158071,-0.000223435960361141,-0.000223435960361141,-0.00022375870171571958,-2.07169796090381,0.04066541067690001,0.12199623203070002,0.003227413545785715,-2.2375870171571957,False,True
2024-10-03,260583.6853716082,43949972.9996,21974986.499800004,21974986.4998,348.80930952063494,4.0,4.0,8.0,4.0,0.5,0.05000000000000001,0.043949972999600004,0.043949972999600004,0.043949972999600004,0.08789994599920001,0.0002605836853716082,1.7579989199840003e-05,4.394997299960001e-06,1.318499189988e-05,17579.98919984,3.4880930952063493e-07,0.0002561886880716482,0.00024300369617176817,0.00024300369617176817,0.00024265488686224754,2.605836853716082,0.04394997299960001,0.1318499189988,0.003488093095206349,2.426548868622475,False,True
2024-10-04,-20436.83069767822,36756635.956250004,18378317.978125002,18378317.978125002,291.71933298611117,4.0,4.0,8.0,4.0,0.5,0.05,0.036756635956250006,0.036756635956250006,0.036756635956250006,0.07351327191250001,-2.043683069767822e-05,1.4702654382500002e-05,3.6756635956250006e-06,1.1026990786875001e-05,14702.654382500003,2.917193329861112e-07,-2.411249429330322e-05,-3.513948508017822e-05,-3.513948508017822e-05,-3.5431204413164326e-05,-0.20436830697678218,0.036756635956250006,0.11026990786875002,0.0029171933298611117,-0.35431204413164324,False,True
2024-10-07,-40662.32078092527,36677353.62065,18338676.810324997,18338676.810325,697.1664558781746,4.0,4.0,8.0,4.0,0.5,0.05,0.03667735362065,0.03667735362065,0.03667735362065,0.0733547072413,-4.066232078092527e-05,1.4670941448260001e-05,3.6677353620650003e-06,1.1003206086194999e-05,14670.94144826,6.971664558781746e-07,-4.433005614299027e-05,-5.533326222918527e-05,-5.533326222918527e-05,-5.6030428685063444e-05,-0.4066232078092527,0.03667735362065,0.11003206086194998,0.0069716645587817455,-0.5603042868506345,False,True
2024-10-08,117336.58633077245,31814973.0026,15907486.5013,15907486.5013,252.49978573492066,4.0,4.0,8.0,4.0,0.5,0.05,0.0318149730026,0.0318149730026,0.0318149730026,0.0636299460052,0.00011733658633077246,1.272598920104e-05,3.18149730026e-06,9.544491900779998e-06,12725.98920104,2.5249978573492065e-07,0.00011415508903051246,0.00010461059712973246,0.00010461059712973246,0.00010435809734399755,1.1733658633077246,0.0318149730026,0.09544491900779999,0.0025249978573492066,1.0435809734399755,False,True
2024-10-09,-106212.81721813713,47947258.53845,23973629.269225,23973629.269225,380.53379792420634,4.0,4.0,8.0,4.0,0.5,0.05,0.04794725853845,0.04794725853845,0.04794725853845,0.0958945170769,-0.00010621281721813713,1.9178903415380002e-05,4.794725853845001e-06,1.4384177561535e-05,19178.903415380002,3.805337979242063e-07,-0.00011100754307198214,-0.00012539172063351714,-0.00012539172063351714,-0.00012577225443144134,-1.0621281721813713,0.047947258538450006,0.14384177561535,0.003805337979242063,-1.2577225443144135,False,True
2024-10-10,-1058888.1290340829,32627033.141349994,16313516.570674997,16313516.570674999,258.94470747103173,4.0,4.0,8.0,4.0,0.5,0.05,0.032627033141349994,0.032627033141349994,0.032627033141349994,0.06525406628269999,-0.001058888129034083,1.3050813256539999e-05,3.2627033141349998e-06,9.788109942404998e-06,13050.81325654,2.5894470747103173e-07,-0.001062150832348218,-0.0010719389422906228,-0.0010719389422906228,-0.0010721978869980939,-10.58888129034083,0.03262703314135,0.09788109942404997,0.0025894470747103173,-10.721978869980939,False,True
2024-10-11,363334.35330102325,56898059.93325001,28449029.966625005,28449029.966625,451.57190423214286,4.0,4.0,8.0,4.0,0.5,0.05,0.05689805993325001,0.05689805993325001,0.05689805993325001,0.11379611986650003,0.00036333435330102324,2.2759223973300007e-05,5.689805993325002e-06,1.7069417979975e-05,22759.223973300006,4.5157190423214286e-07,0.00035764454730769825,0.00034057512932772325,0.00034057512932772325,0.0003401235574234911,3.6333435330102324,0.05689805993325002,0.17069417979975002,0.004515719042321429,3.401235574234911,False,True
2024-10-14,71143.14906467425,44532120.97310001,22266060.486550003,22266060.486550003,353.4295315325397,4.0,4.0,8.0,4.0,0.5,0.05,0.044532120973100005,0.044532120973100005,0.044532120973100005,0.08906424194620001,7.114314906467425e-05,1.7812848389240003e-05,4.453212097310001e-06,1.335963629193e-05,17812.848389240004,3.5342953153253973e-07,6.668993696736425e-05,5.333030067543425e-05,5.333030067543425e-05,5.297687114390171e-05,0.7114314906467425,0.044532120973100005,0.1335963629193,0.003534295315325397,0.529768711439017,False,True
2024-10-15,790074.782877883,112288115.6488,56144057.8244,56144057.82440001,891.1755210222223,4.0,4.0,8.0,4.0,0.5,0.05000000000000001,0.1122881156488,0.1122881156488,0.1122881156488,0.2245762312976,0.000790074782877883,4.491524625952e-05,1.122881156488e-05,3.368643469463999e-05,44915.24625952,8.911755210222223e-07,0.0007788459713130029,0.0007451595366183629,0.0007451595366183629,0.0007442683610973407,7.9007478287788295,0.1122881156488,0.33686434694639994,0.008911755210222224,7.442683610973407,False,True
2024-10-16,361689.3515647589,38840150.7279,19420075.36395,19420075.36395,334.3354629896825,4.0,4.0,8.0,4.0,0.5,0.05,0.0388401507279,0.0388401507279,0.0388401507279,0.0776803014558,0.0003616893515647589,1.5536060291160002e-05,3.8840150727900006e-06,1.1652045218369999e-05,15536.060291160002,3.343354629896825e-07,0.0003578053364919689,0.00034615329127359886,0.00034615329127359886,0.00034581895581060917,3.616893515647589,0.03884015072790001,0.1165204521837,0.0033433546298968254,3.4581895581060915,False,True
2024-10-17,192212.76058889471,36246474.24785,18123237.123925004,18123237.123925,313.32878062420633,4.0,4.0,8.0,4.0,0.5,0.05,0.03624647424785,0.03624647424785,0.03624647424785,0.0724929484957,0.00019221276058889472,1.449858969914e-05,3.624647424785e-06,1.0873942274354999e-05,14498.58969914,3.1332878062420635e-07,0.0001885881131641097,0.0001777141708897547,0.0001777141708897547,0.0001774008421091305,1.9221276058889472,0.03624647424785,0.10873942274354999,0.0031332878062420634,1.774008421091305,False,True
2024-10-18,24808.915763913432,55363357.664400004,27681678.8322,27681678.832200002,439.3917274952382,4.0,4.0,8.0,4.0,0.5,0.05,0.0553633576644,0.0553633576644,0.0553633576644,0.1107267153288,2.480891576391343e-05,2.2145343065760003e-05,5.536335766440001e-06,1.660900729932e-05,22145.343065760004,4.393917274952382e-07,1.927257999747343e-05,2.6635726981534316e-06,2.6635726981534316e-06,2.2241809706581933e-06,0.2480891576391343,0.05536335766440001,0.1660900729932,0.004393917274952382,0.022241809706581933,False,True
2024-10-21,-51797.78836561809,28874565.228850003,14437282.614425002,14437282.614425,229.16321610198412,4.0,4.0,8.0,4.0,0.5,0.05,0.028874565228850003,0.028874565228850003,0.028874565228850003,0.057749130457700006,-5.179778836561809e-05,1.1549826091540001e-05,2.8874565228850003e-06,8.662369568655e-06,11549.82609154,2.2916321610198413e-07,-5.4685244888503094e-05,-6.334761445715809e-05,-6.334761445715809e-05,-6.357677767326007e-05,-0.5179778836561809,0.028874565228850003,0.08662369568655,0.002291632161019841,-0.6357677767326008,False,True
2024-10-22,-361739.2279721539,97522419.3187,48761209.65934999,48761209.65935,773.9874549103175,4.0,4.0,8.0,4.0,0.5,0.05,0.0975224193187,0.0975224193187,0.0975224193187,0.1950448386374,-0.00036173922797215393,3.900896772748e-05,9.75224193187e-06,2.9256725795609996e-05,39008.967727480005,7.739874549103176e-07,-0.00037149146990402395,-0.00040074819569963394,-0.00040074819569963394,-0.00040152218315454423,-3.6173922797215394,0.09752241931870001,0.29256725795609995,0.007739874549103176,-4.015221831545443,False,True
2024-10-23,257089.2446164399,46195233.1441,23097616.57205,23097616.57205,366.62883447698414,4.0,4.0,8.0,4.0,0.5,0.05,0.046195233144100005,0.046195233144100005,0.046195233144100005,0.09239046628820001,0.0002570892446164399,1.8478093257640002e-05,4.6195233144100004e-06,1.385856994323e-05,18478.09325764,3.6662883447698416e-07,0.0002524697213020299,0.00023861115135879988,0.00023861115135879988,0.0002382445225243229,2.570892446164399,0.046195233144100005,0.1385856994323,0.0036662883447698418,2.3824452252432287,False,True
2024-10-24,0.0,0.0,0.0,0.0,0.0,0.0,0.0,0.0,0.0,0.0,0.0,0.0,0.0,0.0,0.0,0.0,0.0,0.0,0.0,0.0,0.0,0.0,0.0,0.0,0.0,0.0,0.0,0.0,0.0,0.0,False,False
2024-10-25,139045.69745822548,72734975.2234,36367487.6117,36367487.6117,577.2617081222222,4.0,4.0,8.0,4.0,0.5,0.05,0.0727349752234,0.0727349752234,0.0727349752234,0.1454699504468,0.00013904569745822547,2.9093990089360003e-05,7.273497522340001e-06,2.182049256702e-05,29093.990089360002,5.772617081222222e-07,0.00013177219993588547,0.00010995170736886547,0.00010995170736886547,0.00010937444566074325,1.3904569745822548,0.07273497522340001,0.2182049256702,0.0057726170812222215,1.0937444566074326,False,True
2024-10-28,212149.48201706767,30564298.598950006,15282149.299475005,15282149.299475003,242.5737984043651,4.0,4.0,8.0,4.0,0.5,0.05000000000000001,0.030564298598950004,0.030564298598950004,0.030564298598950004,0.06112859719790001,0.00021214948201706766,1.2225719439580002e-05,3.0564298598950005e-06,9.169289579685e-06,12225.719439580002,2.425737984043651e-07,0.00020909305215717266,0.00019992376257748766,0.00019992376257748766,0.0001996811887790833,2.1214948201706765,0.030564298598950004,0.09169289579685001,0.002425737984043651,1.996811887790833,False,True
2024-10-29,-268516.0321573803,28862745.28475,14431372.642375,14431372.642375,229.06940702182538,3.0,3.0,6.0,3.0,0.5,0.05,0.02886274528475,0.02886274528475,0.02886274528475,0.0577254905695,-0.00026851603215738033,1.15450981139e-05,2.886274528475e-06,8.658823585424999e-06,11545.098113900001,2.2906940702182538e-07,-0.00027140230668585533,-0.0002800611302712803,-0.0002800611302712803,-0.00028029019967830215,-2.6851603215738034,0.02886274528475,0.08658823585424999,0.0022906940702182538,-2.8029019967830213,False,True
2024-10-30,-105059.18954697305,18606695.63995,9303347.819975,9303347.819975,720.5998153095237,3.0,3.0,6.0,3.0,0.5,0.05000000000000001,0.01860669563995,0.01860669563995,0.01860669563995,0.0372133912799,-0.00010505918954697305,7.44267825598e-06,1.860669563995e-06,5.582008691984999e-06,7442.678255979999,7.205998153095237e-07,-0.00010691985911096805,-0.00011250186780295305,-0.00011250186780295305,-0.00011322246761826257,-1.0505918954697304,0.01860669563995,0.055820086919849986,0.007205998153095237,-1.1322246761826258,False,True
2024-10-31,34500.93408232509,15954597.243350001,7977298.6216750005,7977298.621675,209.056968022222,4.0,4.0,8.0,4.0,0.5,0.05,0.01595459724335,0.01595459724335,0.01595459724335,0.0319091944867,3.450093408232509e-05,6.38183889734e-06,1.595459724335e-06,4.786379173005e-06,6381.838897340001,2.09056968022222e-07,3.290547435799009e-05,2.8119095184985087e-05,2.8119095184985087e-05,2.7910038216962864e-05,0.3450093408232509,0.01595459724335,0.04786379173005,0.00209056968022222,0.2791003821696286,False,True
2024-11-01,22784.894105220705,7876370.5732,3938185.2866,3938185.2865999998,144.2962445952379,4.0,4.0,8.0,4.0,0.5,0.05000000000000001,0.0078763705732,0.0078763705732,0.0078763705732,0.0157527411464,2.2784894105220706e-05,3.1505482292800004e-06,7.876370573200001e-07,2.36291117196e-06,3150.54822928,1.4429624459523792e-07,2.1997257047900705e-05,1.9634345875940704e-05,1.9634345875940704e-05,1.9490049631345466e-05,0.22784894105220704,0.0078763705732,0.0236291117196,0.0014429624459523793,0.19490049631345466,False,True
2024-11-04,1600.1099223602341,10944932.694449998,5472466.347224998,5472466.347224999,169.49432745238076,4.0,4.0,8.0,4.0,0.5,0.05,0.010944932694449998,0.010944932694449998,0.010944932694449998,0.021889865388899997,1.6001099223602341e-06,4.3779730777799995e-06,1.0944932694449999e-06,3.2834798083349994e-06,4377.97307778,1.6949432745238075e-07,5.056166529152343e-07,-2.7778631554197654e-06,-2.7778631554197654e-06,-2.9473574828721463e-06,0.016001099223602343,0.010944932694449998,0.03283479808334999,0.0016949432745238075,-0.029473574828721462,False,True
2024-11-05,1724506.051975045,33264952.582950003,16632476.291475005,16632476.291475002,797.1073893186509,4.0,4.0,8.0,4.0,0.5,0.05,0.03326495258295,0.03326495258295,0.03326495258295,0.0665299051659,0.001724506051975045,1.330598103318e-05,3.326495258295e-06,9.979485774884999e-06,13305.98103318,7.971073893186509e-07,0.00172117955671675,0.001711200070941865,0.001711200070941865,0.0017104029635525463,17.24506051975045,0.03326495258295,0.09979485774884998,0.00797107389318651,17.104029635525464,False,True
2024-11-06,0.0,0.0,0.0,0.0,0.0,0.0,0.0,0.0,0.0,0.0,0.0,0.0,0.0,0.0,0.0,0.0,0.0,0.0,0.0,0.0,0.0,0.0,0.0,0.0,0.0,0.0,0.0,0.0,0.0,0.0,False,False
2024-11-07,0.0,0.0,0.0,0.0,0.0,0.0,0.0,0.0,0.0,0.0,0.0,0.0,0.0,0.0,0.0,0.0,0.0,0.0,0.0,0.0,0.0,0.0,0.0,0.0,0.0,0.0,0.0,0.0,0.0,0.0,False,False
2024-11-08,7786352.21116266,181050166.98110002,90525083.49055001,90525083.49055001,1436.9060871515874,4.0,4.0,8.0,4.0,0.5,0.05000000000000001,0.18105016698110002,0.18105016698110002,0.18105016698110002,0.36210033396220004,0.00778635221116266,7.242006679244002e-05,1.8105016698110004e-05,5.431505009433e-05,72420.06679244002,1.4369060871515875e-06,0.00776824719446455,0.00771393214437022,0.00771393214437022,0.007712495238283068,77.86352211162661,0.18105016698110005,0.5431505009433,0.014369060871515875,77.12495238283068,False,True
2024-11-11,-4126734.5250439756,198457676.38525,99228838.192625,99228838.19262502,1661.7098689678571,4.0,4.0,8.0,4.0,0.5,0.05,0.19845767638525,0.19845767638525,0.19845767638525,0.3969153527705,-0.004126734525043975,7.93830705541e-05,1.9845767638525e-05,5.953730291557499e-05,79383.0705541,1.661709868967857e-06,-0.0041465802926825,-0.004206117595598075,-0.004206117595598075,-0.004207779305467042,-41.26734525043975,0.19845767638525003,0.5953730291557499,0.01661709868967857,-42.07779305467042,False,True
2024-11-12,638812.2745226973,75043744.289175,37521872.1445875,37521872.144587494,595.5852721363094,4.0,4.0,8.0,4.0,0.5,0.05000000000000001,0.075043744289175,0.075043744289175,0.075043744289175,0.15008748857835,0.0006388122745226973,3.0017497715670003e-05,7.504374428917501e-06,2.2513123286752497e-05,30017.497715670004,5.955852721363094e-07,0.0006313079000937798,0.0006087947768070273,0.0006087947768070273,0.0006081991915348909,6.3881227452269735,0.07504374428917501,0.22513123286752498,0.0059558527213630945,6.081991915348909,False,True
2024-11-13,1850512.9627226437,197742556.12505,98871278.062525,98871278.062525,1569.3853660718255,4.0,4.0,8.0,4.0,0.5,0.05,0.19774255612505,0.19774255612505,0.19774255612505,0.3954851122501,0.0018505129627226437,7.909702245002001e-05,1.9774255612505003e-05,5.9322766837515e-05,79097.02245002001,1.5693853660718255e-06,0.0018307387071101386,0.0017714159402726236,0.0017714159402726236,0.0017698465549065517,18.505129627226438,0.19774255612505004,0.5932276683751501,0.015693853660718255,17.698465549065517,False,True
2024-11-14,159472.09545855134,117945041.97999999,58972520.989999995,58972520.989999995,936.0717617460316,4.0,4.0,8.0,4.0,0.5,0.05,0.11794504197999998,0.11794504197999998,0.11794504197999998,0.23589008395999997,0.00015947209545855135,4.7178016791999995e-05,1.1794504197999999e-05,3.538351259399999e-05,47178.016791999995,9.360717617460315e-07,0.00014767759126055135,0.00011229407866655136,0.00011229407866655136,0.00011135800690480533,1.5947209545855134,0.11794504197999998,0.35383512593999994,0.009360717617460315,1.1135800690480533,False,True
2024-11-15,556283.2779742138,77360811.63450001,38680405.817250006,38680405.817250006,613.9746955119049,4.0,4.0,8.0,4.0,0.5,0.05000000000000001,0.07736081163450001,0.07736081163450001,0.07736081163450001,0.15472162326900002,0.0005562832779742138,3.0944324653800006e-05,7.736081163450001e-06,2.3208243490350002e-05,30944.324653800006,6.139746955119049e-07,0.0005485471968107638,0.0005253389533204138,0.0005253389533204138,0.0005247249786249019,5.562832779742139,0.07736081163450001,0.23208243490350003,0.006139746955119049,5.247249786249019,False,True
2024-11-18,-107162.98146958833,72132875.14990002,36066437.57495001,36066437.57495,572.4831361103174,4.0,4.0,8.0,4.0,0.5,0.05,0.07213287514990002,0.07213287514990002,0.07213287514990002,0.14426575029980004,-0.00010716298146958833,2.885315005996001e-05,7.213287514990002e-06,2.1639862544970006e-05,28853.150059960008,5.724831361103174e-07,-0.00011437626898457834,-0.00013601613152954835,-0.00013601613152954835,-0.00013658861466565866,-1.0716298146958834,0.07213287514990002,0.21639862544970007,0.005724831361103174,-1.3658861466565866,False,True
2024-11-19,551118.0371952644,177858289.14529997,88929144.57265,88929144.57264999,1411.5737233753966,4.0,4.0,8.0,4.0,0.5,0.05,0.17785828914529997,0.17785828914529997,0.17785828914529997,0.35571657829059994,0.0005511180371952644,7.114331565812e-05,1.778582891453e-05,5.3357486743589984e-05,71143.31565812,1.4115737233753966e-06,0.0005333322082807344,0.00047997472153714447,0.00047997472153714447,0.0004785631478137691,5.511180371952644,0.1778582891453,0.5335748674358999,0.014115737233753966,4.785631478137691,False,True
2024-11-20,892533.3209271439,129233354.12655003,64616677.06327501,64616677.06327502,1025.661540686905,4.0,4.0,8.0,4.0,0.5,0.05000000000000001,0.12923335412655004,0.12923335412655004,0.12923335412655004,0.2584667082531001,0.000892533320927144,5.169334165062002e-05,1.2923335412655005e-05,3.877000623796501e-05,51693.34165062002,1.025661540686905e-06,0.000879609985514489,0.0008408399792765239,0.0008408399792765239,0.000839814317735837,8.92533320927144,0.12923335412655004,0.3877000623796501,0.010256615406869049,8.39814317735837,False,True
2024-11-21,67073.4573227823,66942337.5315,33471168.76575,33471168.76575,552.4242585039682,4.0,4.0,8.0,4.0,0.5,0.05,0.0669423375315,0.0669423375315,0.0669423375315,0.133884675063,6.70734573227823e-05,2.67769350126e-05,6.69423375315e-06,2.008270125945e-05,26776.935012600003,5.524242585039682e-07,6.03792235696323e-05,4.02965223101823e-05,4.02965223101823e-05,3.974409805167833e-05,0.670734573227823,0.0669423375315,0.2008270125945,0.005524242585039682,0.39744098051678334,False,True
2024-11-22,2527053.042971342,211799953.4128,105899976.7064,105899976.7064,1680.9520112126984,4.0,4.0,8.0,4.0,0.5,0.05,0.2117999534128,0.2117999534128,0.2117999534128,0.4235999068256,0.002527053042971342,8.471998136512e-05,2.117999534128e-05,6.353998602384e-05,84719.98136512,1.6809520112126984e-06,0.002505873047630062,0.002442333061606222,0.002442333061606222,0.0024406521095950095,25.270530429713418,0.2117999534128,0.6353998602384,0.016809520112126983,24.406521095950094,False,True
2024-11-25,-223265.89621124175,32340058.423750002,16170029.211875001,16170029.211875003,256.66713034722227,4.0,4.0,8.0,4.0,0.5,0.05000000000000001,0.032340058423750005,0.032340058423750005,0.032340058423750005,0.06468011684750001,-0.00022326589621124175,1.2936023369500003e-05,3.2340058423750006e-06,9.702017527125001e-06,12936.023369500002,2.5666713034722226e-07,-0.00022649990205361674,-0.00023620191958074175,-0.00023620191958074175,-0.00023645858671108896,-2.2326589621124175,0.032340058423750005,0.09702017527125001,0.0025666713034722226,-2.3645858671108897,False,True
2024-11-26,169238.5256112426,33966796.5706,16983398.285300005,16983398.2853,269.57775056031744,4.0,4.0,8.0,4.0,0.5,0.05,0.033966796570600005,0.033966796570600005,0.033966796570600005,0.06793359314120001,0.0001692385256112426,1.3586718628240003e-05,3.3966796570600007e-06,1.0190038971180001e-05,13586.718628240003,2.6957775056031743e-07,0.00016584184595418259,0.0001556518069830026,0.0001556518069830026,0.00015538222923244227,1.692385256112426,0.033966796570600005,0.10190038971180002,0.0026957775056031742,1.5538222923244227,False,True
2024-11-27,149668.9902743188,27353084.859300002,13676542.429650003,13676542.429650001,239.52941051349205,4.0,4.0,8.0,4.0,0.5,0.05000000000000001,0.027353084859300002,0.027353084859300002,0.027353084859300002,0.054706169718600005,0.0001496689902743188,1.0941233943720001e-05,2.7353084859300003e-06,8.20592545779e-06,10941.23394372,2.395294105134921e-07,0.00014693368178838882,0.00013872775633059882,0.00013872775633059882,0.00013848822692008532,1.4966899027431881,0.027353084859300002,0.0820592545779,0.002395294105134921,1.384882269200853,False,True
2024-11-29,266579.77808007225,37337880.0522,18668940.0261,18668940.0261,319.29386447619044,4.0,4.0,8.0,4.0,0.5,0.05,0.0373378800522,0.0373378800522,0.0373378800522,0.0746757601044,0.00026657977808007224,1.493515202088e-05,3.73378800522e-06,1.1201364015659998e-05,14935.15202088,3.192938644761904e-07,0.00026284599007485223,0.0002516446260591922,0.0002516446260591922,0.000251325332194716,2.6657977808007223,0.0373378800522,0.11201364015659998,0.0031929386447619042,2.5132533219471602,False,True
2024-12-02,-254339.55877216766,70621669.45925,35310834.729625,35310834.729624994,583.2599217972221,4.0,4.0,8.0,4.0,0.5,0.05,0.07062166945925,0.07062166945925,0.07062166945925,0.1412433389185,-0.00025433955877216766,2.82486677837e-05,7.062166945925e-06,2.1186500837774997e-05,28248.667783700002,5.832599217972221e-07,-0.00026140172571809263,-0.0002825882265558676,-0.0002825882265558676,-0.0002831714864776648,-2.5433955877216765,0.07062166945925,0.21186500837774996,0.005832599217972221,-2.8317148647766484,False,True
2024-12-03,1410584.7631526294,115916858.20545001,57958429.102725014,57958429.10272501,919.9750651226191,4.0,4.0,8.0,4.0,0.5,0.05,0.11591685820545002,0.11591685820545002,0.11591685820545002,0.23183371641090003,0.0014105847631526293,4.636674328218001e-05,1.1591685820545002e-05,3.4775057461635004e-05,46366.74328218001,9.199750651226191e-07,0.0013989930773320844,0.0013642180198704494,0.0013642180198704494,0.0013632980448053268,14.105847631526293,0.11591685820545003,0.34775057461635006,0.00919975065122619,13.632980448053267,False,True
2024-12-04,2822655.5075412393,124092433.48859999,62046216.74429999,62046216.7443,984.8605832428573,4.0,4.0,8.0,4.0,0.5,0.05,0.12409243348859998,0.12409243348859998,0.12409243348859998,0.24818486697719996,0.0028226555075412394,4.963697339543999e-05,1.2409243348859998e-05,3.722773004657999e-05,49636.97339543999,9.848605832428572e-07,0.0028102462641923795,0.0027730185341457996,0.0027730185341457996,0.0027720336735625566,28.226555075412392,0.12409243348859998,0.37227730046579993,0.009848605832428572,27.720336735625565,False,True
2024-12-05,623473.5968373406,61197597.30245,30598798.651224997,30598798.651225,485.69521668611117,4.0,4.0,8.0,4.0,0.5,0.05,0.06119759730245,0.06119759730245,0.06119759730245,0.1223951946049,0.0006234735968373407,2.4479038920980002e-05,6.1197597302450005e-06,1.8359279190735e-05,24479.03892098,4.856952166861112e-07,0.0006173538371070956,0.0005989945579163606,0.0005989945579163606,0.0005985088626996745,6.234735968373407,0.06119759730245001,0.18359279190734998,0.004856952166861112,5.9850886269967445,False,True
2024-12-06,-229938.67194909186,54915932.047900006,27457966.02395,27457966.023950003,435.8407305388889,4.0,4.0,8.0,4.0,0.5,0.05,0.054915932047900004,0.054915932047900004,0.054915932047900004,0.10983186409580001,-0.00022993867194909186,2.1966372819160004e-05,5.491593204790001e-06,1.647477961437e-05,21966.372819160002,4.3584073053888894e-07,-0.00023543026515388186,-0.00025190504476825184,-0.00025190504476825184,-0.0002523408854987907,-2.2993867194909186,0.05491593204790001,0.1647477961437,0.004358407305388889,-2.523408854987907,False,True
2024-12-09,363758.10202953214,36257479.9068,18128739.9534,18128739.9534,287.75777703809524,4.0,4.0,8.0,4.0,0.5,0.05000000000000001,0.036257479906800005,0.036257479906800005,0.036257479906800005,0.07251495981360001,0.0003637581020295321,1.4502991962720003e-05,3.6257479906800007e-06,1.087724397204e-05,14502.991962720003,2.8775777703809527e-07,0.0003601323540388521,0.0003492551100668121,0.0003492551100668121,0.000348967352289774,3.6375810202953214,0.036257479906800005,0.1087724397204,0.0028775777703809527,3.48967352289774,False,True
2024-12-10,415965.60357767623,32013162.6012,16006581.300599998,16006581.3006,254.07271905714288,4.0,4.0,8.0,4.0,0.5,0.05,0.0320131626012,0.0320131626012,0.0320131626012,0.0640263252024,0.00041596560357767625,1.280526504048e-05,3.20131626012e-06,9.603948780359998e-06,12805.265040479999,2.5407271905714287e-07,0.00041276428731755623,0.0004031603385371962,0.0004031603385371962,0.00040290626581813906,4.159656035776763,0.0320131626012,0.09603948780359998,0.002540727190571429,4.029062658181391,False,True
2024-12-11,165305.69211288122,42526795.62380001,21263397.811900005,21263397.811900005,1409.7880634317462,4.0,4.0,8.0,4.0,0.5,0.05,0.04252679562380001,0.04252679562380001,0.04252679562380001,0.08505359124760002,0.00016530569211288122,1.7010718249520005e-05,4.252679562380001e-06,1.2758038687140003e-05,17010.718249520003,1.4097880634317463e-06,0.00016105301255050122,0.00014829497386336122,0.00014829497386336122,0.00014688518579992948,1.6530569211288122,0.04252679562380001,0.12758038687140003,0.014097880634317463,1.4688518579992949,False,True
2024-12-12,461252.7653131682,124823742.17500001,62411871.087500006,62411871.087500006,1362.7936569444446,4.0,4.0,8.0,4.0,0.5,0.05,0.12482374217500002,0.12482374217500002,0.12482374217500002,0.24964748435000003,0.0004612527653131682,4.992949687000001e-05,1.2482374217500002e-05,3.74471226525e-05,49929.49687000001,1.3627936569444447e-06,0.0004487703910956682,0.0004113232684431682,0.0004113232684431682,0.00040996047478622375,4.612527653131682,0.12482374217500002,0.37447122652500003,0.013627936569444447,4.099604747862237,False,True
2024-12-13,1238115.0652044467,153312439.72745,76656219.863725,76656219.863725,1580.9807724702382,4.0,4.0,8.0,4.0,0.5,0.05,0.15331243972745,0.15331243972745,0.15331243972745,0.3066248794549,0.0012381150652044466,6.132497589098e-05,1.5331243972745e-05,4.5993731918235e-05,61324.97589098,1.5809807724702383e-06,0.0012227838212317016,0.0011767900893134666,0.0011767900893134666,0.0011752091085409963,12.381150652044466,0.15331243972745,0.45993731918235004,0.015809807724702384,11.752091085409962,False,True
2024-12-16,152153.05905506614,32894321.48995,16447160.744975,16447160.744975,614.0780506773809,4.0,4.0,8.0,4.0,0.5,0.05,0.03289432148995,0.03289432148995,0.03289432148995,0.0657886429799,0.00015215305905506615,1.3157728595980001e-05,3.2894321489950002e-06,9.868296446985e-06,13157.728595980001,6.140780506773809e-07,0.00014886362690607116,0.00013899533045908617,0.00013899533045908617,0.0001383812524084088,1.5215305905506615,0.03289432148995,0.09868296446984999,0.006140780506773809,1.383812524084088,False,True
2024-12-17,0.0,0.0,0.0,0.0,0.0,0.0,0.0,0.0,0.0,0.0,0.0,0.0,0.0,0.0,0.0,0.0,0.0,0.0,0.0,0.0,0.0,0.0,0.0,0.0,0.0,0.0,0.0,0.0,0.0,0.0,False,False
2024-12-18,0.0,0.0,0.0,0.0,0.0,0.0,0.0,0.0,0.0,0.0,0.0,0.0,0.0,0.0,0.0,0.0,0.0,0.0,0.0,0.0,0.0,0.0,0.0,0.0,0.0,0.0,0.0,0.0,0.0,0.0,False,False
2024-12-19,-537537.0514178674,45878378.32355001,22939189.161775004,22939189.161775,364.1141136789683,4.0,4.0,8.0,4.0,0.5,0.05,0.04587837832355001,0.04587837832355001,0.04587837832355001,0.09175675664710002,-0.0005375370514178674,1.8351351329420005e-05,4.587837832355001e-06,1.3763513497065002e-05,18351.351329420006,3.641141136789683e-07,-0.0005421248892502225,-0.0005558884027472875,-0.0005558884027472875,-0.0005562525168609665,-5.375370514178674,0.04587837832355001,0.13763513497065002,0.003641141136789683,-5.562525168609665,False,True
2024-12-20,-79389.60797330081,37169174.2848,18584587.142399997,18584587.1424,294.99344670476194,4.0,4.0,8.0,4.0,0.5,0.05,0.0371691742848,0.0371691742848,0.0371691742848,0.0743383485696,-7.938960797330081e-05,1.4867669713920002e-05,3.7169174284800005e-06,1.115075228544e-05,14867.669713920002,2.9499344670476193e-07,-8.310652540178081e-05,-9.425727768722081e-05,-9.425727768722081e-05,-9.455227113392557e-05,-0.7938960797330081,0.0371691742848,0.1115075228544,0.0029499344670476193,-0.9455227113392557,False,True
2024-12-23,0.0,0.0,0.0,0.0,0.0,0.0,0.0,0.0,0.0,0.0,0.0,0.0,0.0,0.0,0.0,0.0,0.0,0.0,0.0,0.0,0.0,0.0,0.0,0.0,0.0,0.0,0.0,0.0,0.0,0.0,False,False
2024-12-24,1027733.013924177,167805904.61839998,83902952.30919999,83902952.3092,1824.7194825111112,5.0,5.0,10.0,5.0,0.5,0.05,0.16780590461839998,0.16780590461839998,0.16780590461839998,0.33561180923679995,0.001027733013924177,6.712236184735999e-05,1.6780590461839997e-05,5.0341771385519985e-05,67122.36184735999,1.8247194825111111e-06,0.001010952423462337,0.0009606106520768171,0.0009606106520768171,0.000958785932594306,10.27733013924177,0.16780590461839998,0.5034177138551998,0.018247194825111113,9.587859325943061,False,True
2024-12-26,433460.53259105724,170989013.13082504,85494506.5654125,85494506.5654125,1357.0556597684526,5.0,5.0,10.0,5.0,0.5,0.05,0.17098901313082504,0.17098901313082504,0.17098901313082504,0.3419780262616501,0.00043346053259105723,6.839560525233002e-05,1.7098901313082506e-05,5.129670393924751e-05,68395.60525233002,1.3570556597684527e-06,0.00041636163127797474,0.00036506492733872725,0.00036506492733872725,0.0003637078716789588,4.334605325910572,0.17098901313082507,0.5129670393924751,0.013570556597684528,3.637078716789588,False,True
2024-12-27,0.0,0.0,0.0,0.0,0.0,0.0,0.0,0.0,0.0,0.0,0.0,0.0,0.0,0.0,0.0,0.0,0.0,0.0,0.0,0.0,0.0,0.0,0.0,0.0,0.0,0.0,0.0,0.0,0.0,0.0,False,False
2024-12-30,0.0,0.0,0.0,0.0,0.0,0.0,0.0,0.0,0.0,0.0,0.0,0.0,0.0,0.0,0.0,0.0,0.0,0.0,0.0,0.0,0.0,0.0,0.0,0.0,0.0,0.0,0.0,0.0,0.0,0.0,False,False
2024-12-31,0.0,0.0,0.0,0.0,0.0,0.0,0.0,0.0,0.0,0.0,0.0,0.0,0.0,0.0,0.0,0.0,0.0,0.0,0.0,0.0,0.0,0.0,0.0,0.0,0.0,0.0,0.0,0.0,0.0,0.0,False,False
