date,gross_pnl,gross_notional,long_notional,short_notional,borrow_cost,n_long,n_short,n_positions,n_cap_binding,pct_cap_binding,max_participation,gross_exposure,entry_turnover,exit_turnover,roundtrip_turnover,gross_return,trading_cost_return,commission_return,slippage_return,trading_cost,borrow_cost_return,return_after_commission,return_after_slippage,net_return_before_borrow,net_return,gross_return_bps,commission_bps,slippage_bps,borrow_bps,net_return_bps,hit_full_gross,capacity_constrained
2018-01-02,456245.22285954666,250000000.0,125000000.0,124999999.99999999,5742.992214503433,98,98,196,42,0.21428571428571427,0.05,1.0,1.0,1.0,2.0,0.0018249808914381866,0.0004,0.0001,0.0003,100000.0,2.2971968858013732e-05,0.0017249808914381866,0.0014249808914381867,0.0014249808914381867,0.001402008922580173,18.249808914381866,1.0,2.9999999999999996,0.22971968858013733,14.02008922580173,True,False
2018-01-03,-11434.587158083832,250000000.00000003,125000000.0,125000000.00000001,4563.644558153323,98,98,196,38,0.19387755102040816,0.05000000000000001,1.0000000000000002,1.0000000000000002,1.0000000000000002,2.0000000000000004,-4.573834863233533e-05,0.00040000000000000013,0.00010000000000000003,0.00030000000000000003,100000.00000000003,1.8254578232613292e-05,-0.00014573834863233537,-0.0004457383486323354,-0.0004457383486323354,-0.0004639929268649487,-0.4573834863233533,1.0000000000000002,3.0000000000000004,0.18254578232613292,-4.639929268649487,True,False
2018-01-04,31232.896256210384,250000000.0,124999999.99999999,125000000.0,4740.954722111015,98,98,196,22,0.11224489795918367,0.049999999999999996,1.0,1.0,1.0,2.0,0.00012493158502484153,0.0004,0.0001,0.0003,100000.0,1.896381888844406e-05,2.4931585024841527e-05,-0.00027506841497515846,-0.00027506841497515846,-0.00029403223386360254,1.2493158502484154,1.0,2.9999999999999996,0.18963818888444062,-2.9403223386360255,True,False
2018-01-05,335120.3671466885,250000000.0,124999999.99999997,125000000.0,4432.741997148423,99,99,198,29,0.14646464646464646,0.049999999999999996,1.0,1.0,1.0,2.0,0.001340481468586754,0.0004,0.0001,0.0003,100000.0,1.7730967988593694e-05,0.001240481468586754,0.000940481468586754,0.000940481468586754,0.0009227505005981603,13.404814685867539,1.0,2.9999999999999996,0.17730967988593693,9.227505005981604,True,False
2018-01-08,-391856.0951296988,250000000.0,124999999.99999996,125000000.00000001,3911.346807707858,99,99,198,35,0.17676767676767677,0.049999999999999996,1.0,1.0,1.0,2.0,-0.0015674243805187953,0.0004,0.0001,0.0003,100000.0,1.5645387230831432e-05,-0.0016674243805187953,-0.0019674243805187955,-0.0019674243805187955,-0.001983069767749627,-15.674243805187952,1.0,2.9999999999999996,0.1564538723083143,-19.83069767749627,True,False
2018-01-09,-250806.86164128353,250000000.0,124999999.99999999,124999999.99999999,5298.860455733089,99,99,198,38,0.1919191919191919,0.05000000000000001,1.0,1.0,1.0,2.0,-0.001003227446565134,0.0004,0.0001,0.0003,100000.0,2.1195441822932355e-05,-0.001103227446565134,-0.001403227446565134,-0.001403227446565134,-0.0014244228883880663,-10.03227446565134,1.0,2.9999999999999996,0.21195441822932357,-14.244228883880663,True,False
2018-01-10,-78042.76452039406,250000000.00000003,125000000.0,125000000.00000001,5183.198629756409,98,98,196,37,0.18877551020408162,0.05000000000000001,1.0000000000000002,1.0000000000000002,1.0000000000000002,2.0000000000000004,-0.00031217105808157625,0.00040000000000000013,0.00010000000000000003,0.00030000000000000003,100000.00000000003,2.0732794519025635e-05,-0.0004121710580815763,-0.0007121710580815764,-0.0007121710580815764,-0.000732903852600602,-3.1217105808157624,1.0000000000000002,3.0000000000000004,0.20732794519025635,-7.32903852600602,True,False
2018-01-11,-231984.53315477332,250000000.0,124999999.99999999,125000000.0,5011.103880636663,98,98,196,47,0.23979591836734693,0.05000000000000001,1.0,1.0,1.0,2.0,-0.0009279381326190933,0.0004,0.0001,0.0003,100000.0,2.004441552254665e-05,-0.0010279381326190934,-0.0013279381326190933,-0.0013279381326190933,-0.0013479825481416399,-9.279381326190933,1.0,2.9999999999999996,0.20044415522546652,-13.479825481416398,True,False
2018-01-12,194097.17692632918,249999999.99999997,124999999.99999996,124999999.99999999,5604.528443579986,98,98,196,54,0.2755102040816326,0.049999999999999996,0.9999999999999999,0.9999999999999999,0.9999999999999999,1.9999999999999998,0.0007763887077053167,0.00039999999999999996,9.999999999999999e-05,0.0002999999999999999,99999.99999999999,2.2418113774319943e-05,0.0006763887077053166,0.00037638870770531673,0.00037638870770531673,0.0003539705939309968,7.763887077053167,0.9999999999999999,2.999999999999999,0.22418113774319942,3.5397059393099677,True,False
2018-01-16,-31607.153494152757,250000000.0,125000000.0,125000000.00000001,6796.828399919863,97,97,194,38,0.1958762886597938,0.05000000000000001,1.0,1.0,1.0,2.0,-0.00012642861397661102,0.0004,0.0001,0.0003,100000.0,2.718731359967945e-05,-0.00022642861397661102,-0.000526428613976611,-0.000526428613976611,-0.0005536159275762904,-1.2642861397661103,1.0,2.9999999999999996,0.2718731359967945,-5.536159275762905,True,False
2018-01-17,-146308.35238903333,249999999.99999994,124999999.99999994,124999999.99999997,5674.728972548353,96,96,192,36,0.1875,0.05000000000000001,0.9999999999999998,0.9999999999999998,0.9999999999999998,1.9999999999999996,-0.0005852334095561334,0.0003999999999999999,9.999999999999998e-05,0.0002999999999999999,99999.99999999997,2.2698915890193414e-05,-0.0006852334095561333,-0.0009852334095561332,-0.0009852334095561332,-0.0010079323254463266,-5.852334095561334,0.9999999999999998,2.999999999999999,0.22698915890193413,-10.079323254463265,True,False
2018-01-18,249991.48248540884,250000000.0,125000000.00000001,125000000.0,5112.17547034108,97,97,194,50,0.25773195876288657,0.05000000000000001,1.0,1.0,1.0,2.0,0.0009999659299416354,0.0004,0.0001,0.0003,100000.0,2.044870188136432e-05,0.0008999659299416354,0.0005999659299416355,0.0005999659299416355,0.0005795172280602712,9.999659299416354,1.0,2.9999999999999996,0.2044870188136432,5.795172280602712,True,False
2018-01-19,165541.79991926183,249999999.9999999,124999999.99999997,124999999.99999997,5051.843363489277,96,96,192,33,0.171875,0.05000000000000001,0.9999999999999997,0.9999999999999997,0.9999999999999997,1.9999999999999993,0.0006621671996770473,0.0003999999999999999,9.999999999999998e-05,0.00029999999999999987,99999.99999999997,2.0207373453957108e-05,0.0005621671996770474,0.0002621671996770475,0.0002621671996770475,0.0002419598262230904,6.621671996770473,0.9999999999999998,2.9999999999999987,0.2020737345395711,2.4195982622309042,True,False
2018-01-22,390277.034232814,249999999.99999994,125000000.0,124999999.99999997,6118.6563249909195,95,95,190,74,0.3894736842105263,0.049999999999999996,0.9999999999999998,0.9999999999999998,0.9999999999999998,1.9999999999999996,0.001561108136931256,0.0003999999999999999,9.999999999999998e-05,0.0002999999999999999,99999.99999999997,2.4474625299963677e-05,0.0014611081369312559,0.001161108136931256,0.001161108136931256,0.0011366335116312922,15.61108136931256,0.9999999999999998,2.999999999999999,0.24474625299963676,11.366335116312921,True,False
2018-01-23,-15636.477401679895,249999999.9999999,124999999.99999997,124999999.99999997,4879.24473847868,91,91,182,41,0.22527472527472528,0.05000000000000001,0.9999999999999997,0.9999999999999997,0.9999999999999997,1.9999999999999993,-6.254590960671958e-05,0.0003999999999999999,9.999999999999998e-05,0.00029999999999999987,99999.99999999997,1.9516978953914722e-05,-0.00016254590960671956,-0.00046254590960671945,-0.00046254590960671945,-0.00048206288856063415,-0.6254590960671959,0.9999999999999998,2.9999999999999987,0.1951697895391472,-4.820628885606341,True,False
2018-01-24,264518.5903887715,249999999.99999994,124999999.99999997,124999999.99999999,4693.223836689631,91,91,182,49,0.2692307692307692,0.05000000000000001,0.9999999999999998,0.9999999999999998,0.9999999999999998,1.9999999999999996,0.001058074361555086,0.0003999999999999999,9.999999999999998e-05,0.0002999999999999999,99999.99999999997,1.8772895346758525e-05,0.0009580743615550861,0.0006580743615550861,0.0006580743615550861,0.0006393014662083276,10.58074361555086,0.9999999999999998,2.999999999999999,0.18772895346758525,6.393014662083276,True,False
2018-01-25,295313.5759404182,249999999.99999997,124999999.99999997,125000000.0,4520.546769854333,92,92,184,51,0.27717391304347827,0.05000000000000001,0.9999999999999999,0.9999999999999999,0.9999999999999999,1.9999999999999998,0.0011812543037616728,0.00039999999999999996,9.999999999999999e-05,0.0002999999999999999,99999.99999999999,1.8082187079417334e-05,0.0010812543037616727,0.0007812543037616728,0.0007812543037616728,0.0007631721166822554,11.812543037616727,0.9999999999999999,2.999999999999999,0.18082187079417333,7.631721166822555,True,False
2018-01-26,-298086.73633992614,249999999.99999997,124999999.99999999,124999999.99999999,4545.511951734655,94,94,188,54,0.2872340425531915,0.05000000000000001,0.9999999999999999,0.9999999999999999,0.9999999999999999,1.9999999999999998,-0.0011923469453597045,0.00039999999999999996,9.999999999999999e-05,0.0002999999999999999,99999.99999999999,1.818204780693862e-05,-0.0012923469453597046,-0.0015923469453597045,-0.0015923469453597045,-0.001610528993166643,-11.923469453597045,0.9999999999999999,2.999999999999999,0.1818204780693862,-16.10528993166643,True,False
2018-01-29,-473296.9813433965,249999999.99999997,124999999.99999997,124999999.99999997,4252.564171617871,92,92,184,40,0.21739130434782608,0.05,0.9999999999999999,0.9999999999999999,0.9999999999999999,1.9999999999999998,-0.0018931879253735859,0.00039999999999999996,9.999999999999999e-05,0.0002999999999999999,99999.99999999999,1.7010256686471484e-05,-0.001993187925373586,-0.002293187925373586,-0.002293187925373586,-0.0023101981820600574,-18.931879253735858,0.9999999999999999,2.999999999999999,0.17010256686471484,-23.101981820600574,True,False
2018-01-30,345719.8310035519,250000000.00000003,125000000.00000001,125000000.0,5654.007447359344,87,87,174,63,0.3620689655172414,0.049999999999999996,1.0000000000000002,1.0000000000000002,1.0000000000000002,2.0000000000000004,0.0013828793240142077,0.00040000000000000013,0.00010000000000000003,0.00030000000000000003,100000.00000000003,2.2616029789437378e-05,0.0012828793240142076,0.0009828793240142077,0.0009828793240142077,0.0009602632942247704,13.828793240142076,1.0000000000000002,3.0000000000000004,0.22616029789437378,9.602632942247704,True,False
2018-01-31,-448563.2519390537,249999999.99999994,125000000.0,125000000.0,5826.81846872234,86,86,172,62,0.36046511627906974,0.05000000000000001,0.9999999999999998,0.9999999999999998,0.9999999999999998,1.9999999999999996,-0.0017942530077562147,0.0003999999999999999,9.999999999999998e-05,0.0002999999999999999,99999.99999999997,2.330727387488936e-05,-0.0018942530077562148,-0.0021942530077562147,-0.0021942530077562147,-0.0022175602816311042,-17.942530077562147,0.9999999999999998,2.999999999999999,0.2330727387488936,-22.17560281631104,True,False
2018-02-01,-150659.16064618912,249999999.99999994,125000000.0,124999999.99999997,4420.879952667452,89,89,178,44,0.24719101123595505,0.05000000000000001,0.9999999999999998,0.9999999999999998,0.9999999999999998,1.9999999999999996,-0.0006026366425847565,0.0003999999999999999,9.999999999999998e-05,0.0002999999999999999,99999.99999999997,1.768351981066981e-05,-0.0007026366425847564,-0.0010026366425847563,-0.0010026366425847563,-0.0010203201623954262,-6.026366425847565,0.9999999999999998,2.999999999999999,0.1768351981066981,-10.203201623954262,True,False
2018-02-02,-173479.94596521652,249999999.99999994,125000000.0,124999999.99999997,5711.100485501172,92,92,184,55,0.29891304347826086,0.049999999999999996,0.9999999999999998,0.9999999999999998,0.9999999999999998,1.9999999999999996,-0.0006939197838608661,0.0003999999999999999,9.999999999999998e-05,0.0002999999999999999,99999.99999999997,2.284440194200469e-05,-0.000793919783860866,-0.001093919783860866,-0.001093919783860866,-0.0011167641858028706,-6.939197838608661,0.9999999999999998,2.999999999999999,0.2284440194200469,-11.167641858028706,True,False
2018-02-05,-625424.0213220803,249999999.99999997,124999999.99999996,124999999.99999997,3832.5188886420774,92,92,184,58,0.31521739130434784,0.05,0.9999999999999999,0.9999999999999999,0.9999999999999999,1.9999999999999998,-0.002501696085288321,0.00039999999999999996,9.999999999999999e-05,0.0002999999999999999,99999.99999999999,1.533007555456831e-05,-0.002601696085288321,-0.0029016960852883207,-0.0029016960852883207,-0.002917026160842889,-25.01696085288321,0.9999999999999999,2.999999999999999,0.1533007555456831,-29.17026160842889,True,False
2018-02-06,-123919.34650493761,250000000.00000003,125000000.00000004,125000000.0,5127.654878803111,87,87,174,41,0.23563218390804597,0.04999999999999999,1.0000000000000002,1.0000000000000002,1.0000000000000002,2.0000000000000004,-0.0004956773860197505,0.00040000000000000013,0.00010000000000000003,0.00030000000000000003,100000.00000000003,2.0510619515212447e-05,-0.0005956773860197505,-0.0008956773860197506,-0.0008956773860197506,-0.000916188005534963,-4.956773860197504,1.0000000000000002,3.0000000000000004,0.20510619515212447,-9.161880055349629,True,False
2018-02-07,195977.5455002757,250000000.00000003,124999999.99999999,125000000.00000001,5161.299626813175,87,87,174,23,0.13218390804597702,0.04999999999999999,1.0000000000000002,1.0000000000000002,1.0000000000000002,2.0000000000000004,0.0007839101820011028,0.00040000000000000013,0.00010000000000000003,0.00030000000000000003,100000.00000000003,2.06451985072527e-05,0.0006839101820011028,0.0003839101820011028,0.0003839101820011028,0.0003632649834938501,7.839101820011028,1.0000000000000002,3.0000000000000004,0.206451985072527,3.632649834938501,True,False
2018-02-08,438193.4485323514,250000000.00000003,125000000.0,125000000.0,4953.18011517321,91,91,182,56,0.3076923076923077,0.05000000000000001,1.0000000000000002,1.0000000000000002,1.0000000000000002,2.0000000000000004,0.0017527737941294057,0.00040000000000000013,0.00010000000000000003,0.00030000000000000003,100000.00000000003,1.981272046069284e-05,0.0016527737941294056,0.0013527737941294057,0.0013527737941294057,0.001332961073668713,17.527737941294056,1.0000000000000002,3.0000000000000004,0.1981272046069284,13.32961073668713,True,False
2018-02-09,761361.7307193277,249999999.99999997,124999999.99999996,124999999.99999997,4766.831382767285,94,94,188,44,0.23404255319148937,0.05,0.9999999999999999,0.9999999999999999,0.9999999999999999,1.9999999999999998,0.003045446922877311,0.00039999999999999996,9.999999999999999e-05,0.0002999999999999999,99999.99999999999,1.9067325531069137e-05,0.002945446922877311,0.002645446922877311,0.002645446922877311,0.0026263795973462418,30.45446922877311,0.9999999999999999,2.999999999999999,0.19067325531069138,26.26379597346242,True,False
2018-02-12,-292454.5313535826,250000000.0,124999999.99999999,125000000.0,3170.787162299808,94,94,188,41,0.21808510638297873,0.05,1.0,1.0,1.0,2.0,-0.0011698181254143306,0.0004,0.0001,0.0003,100000.0,1.2683148649199233e-05,-0.0012698181254143306,-0.0015698181254143306,-0.0015698181254143306,-0.0015825012740635297,-11.698181254143305,1.0,2.9999999999999996,0.12683148649199233,-15.825012740635298,True,False
2018-02-13,125614.00000861095,249999999.99999997,124999999.99999996,125000000.0,3466.1048956839168,91,91,182,31,0.17032967032967034,0.05000000000000001,0.9999999999999999,0.9999999999999999,0.9999999999999999,1.9999999999999998,0.0005024560000344438,0.00039999999999999996,9.999999999999999e-05,0.0002999999999999999,99999.99999999999,1.3864419582735667e-05,0.0004024560000344438,0.00010245600003444387,0.00010245600003444387,8.85915804517082e-05,5.0245600003444375,0.9999999999999999,2.999999999999999,0.13864419582735665,0.8859158045170821,True,False
2018-02-14,131208.41446548258,249999999.99999994,124999999.99999997,124999999.99999996,4147.939715143766,91,91,182,36,0.1978021978021978,0.05,0.9999999999999998,0.9999999999999998,0.9999999999999998,1.9999999999999996,0.0005248336578619303,0.0003999999999999999,9.999999999999998e-05,0.0002999999999999999,99999.99999999997,1.6591758860575064e-05,0.00042483365786193035,0.00012483365786193043,0.00012483365786193043,0.00010824189900135537,5.248336578619304,0.9999999999999998,2.999999999999999,0.16591758860575065,1.0824189900135537,True,False
2018-02-15,-34737.71017168381,250000000.0,125000000.0,125000000.0,4615.253569647384,92,92,184,42,0.22826086956521738,0.05000000000000001,1.0,1.0,1.0,2.0,-0.00013895084068673522,0.0004,0.0001,0.0003,100000.0,1.8461014278589536e-05,-0.0002389508406867352,-0.0005389508406867351,-0.0005389508406867351,-0.0005574118549653246,-1.3895084068673522,1.0,2.9999999999999996,0.18461014278589535,-5.574118549653246,True,False
2018-02-16,-219076.24423294104,250000000.0,124999999.99999999,125000000.0,3466.6071966075115,95,95,190,30,0.15789473684210525,0.05000000000000001,1.0,1.0,1.0,2.0,-0.0008763049769317642,0.0004,0.0001,0.0003,100000.0,1.3866428786430045e-05,-0.0009763049769317642,-0.0012763049769317642,-0.0012763049769317642,-0.0012901714057181942,-8.763049769317641,1.0,2.9999999999999996,0.13866428786430046,-12.901714057181941,True,False
2018-02-20,214846.71964214003,249999999.99999997,124999999.99999997,125000000.0,4119.4937503203955,92,92,184,54,0.29347826086956524,0.05000000000000001,0.9999999999999999,0.9999999999999999,0.9999999999999999,1.9999999999999998,0.0008593868785685601,0.00039999999999999996,9.999999999999999e-05,0.0002999999999999999,99999.99999999999,1.6477975001281583e-05,0.00075938687856856,0.00045938687856856013,0.00045938687856856013,0.00044290890356727856,8.5938687856856,0.9999999999999999,2.999999999999999,0.16477975001281583,4.429089035672786,True,False
2018-02-21,218898.04963960484,249999999.99999997,125000000.0,124999999.99999997,3166.3257877131987,89,89,178,26,0.14606741573033707,0.05,0.9999999999999999,0.9999999999999999,0.9999999999999999,1.9999999999999998,0.0008755921985584194,0.00039999999999999996,9.999999999999999e-05,0.0002999999999999999,99999.99999999999,1.2665303150852794e-05,0.0007755921985584194,0.00047559219855841943,0.00047559219855841943,0.0004629268954075666,8.755921985584195,0.9999999999999999,2.999999999999999,0.12665303150852794,4.629268954075666,True,False
2018-02-22,359221.47991380485,249999999.99999994,124999999.99999996,124999999.99999997,3777.903236808407,91,91,182,55,0.3021978021978022,0.05000000000000001,0.9999999999999998,0.9999999999999998,0.9999999999999998,1.9999999999999996,0.0014368859196552193,0.0003999999999999999,9.999999999999998e-05,0.0002999999999999999,99999.99999999997,1.5111612947233629e-05,0.0013368859196552193,0.0010368859196552194,0.0010368859196552194,0.0010217743067079856,14.368859196552194,0.9999999999999998,2.999999999999999,0.1511161294723363,10.217743067079857,True,False
2018-02-23,211571.4022560678,249999999.99999994,124999999.99999996,124999999.99999999,3571.4937755001724,94,94,188,29,0.15425531914893617,0.05000000000000001,0.9999999999999998,0.9999999999999998,0.9999999999999998,1.9999999999999996,0.0008462856090242712,0.0003999999999999999,9.999999999999998e-05,0.0002999999999999999,99999.99999999997,1.428597510200069e-05,0.0007462856090242713,0.0004462856090242714,0.0004462856090242714,0.0004319996339222707,8.462856090242711,0.9999999999999998,2.999999999999999,0.1428597510200069,4.319996339222707,True,False
2018-02-26,-73517.93720381767,249999999.99999997,124999999.99999997,124999999.99999999,2838.631890629785,94,94,188,34,0.18085106382978725,0.05,0.9999999999999999,0.9999999999999999,0.9999999999999999,1.9999999999999998,-0.00029407174881527067,0.00039999999999999996,9.999999999999999e-05,0.0002999999999999999,99999.99999999999,1.135452756251914e-05,-0.00039407174881527066,-0.0006940717488152705,-0.0006940717488152705,-0.0007054262763777897,-2.9407174881527065,0.9999999999999999,2.999999999999999,0.11354527562519141,-7.0542627637778965,True,False
2018-02-27,11493.279248350598,250000000.0,124999999.99999996,125000000.00000001,3429.8410090153516,93,93,186,27,0.14516129032258066,0.05000000000000001,1.0,1.0,1.0,2.0,4.5973116993402394e-05,0.0004,0.0001,0.0003,100000.0,1.3719364036061406e-05,-5.402688300659761e-05,-0.0003540268830065976,-0.0003540268830065976,-0.000367746247042659,0.45973116993402396,1.0,2.9999999999999996,0.13719364036061404,-3.6774624704265904,True,False
2018-02-28,159087.6429904249,250000000.0,124999999.99999997,124999999.99999999,3032.6693395973084,93,93,186,29,0.15591397849462366,0.05,1.0,1.0,1.0,2.0,0.0006363505719616996,0.0004,0.0001,0.0003,100000.0,1.2130677358389233e-05,0.0005363505719616996,0.0002363505719616996,0.0002363505719616996,0.00022421989460331038,6.363505719616996,1.0,2.9999999999999996,0.12130677358389233,2.242198946033104,True,False
2018-03-01,-585042.0152341583,249999999.9999999,124999999.99999996,124999999.99999994,3445.485992970217,96,96,192,21,0.109375,0.05,0.9999999999999997,0.9999999999999997,0.9999999999999997,1.9999999999999993,-0.002340168060936633,0.0003999999999999999,9.999999999999998e-05,0.00029999999999999987,99999.99999999997,1.3781943971880867e-05,-0.002440168060936633,-0.0027401680609366328,-0.0027401680609366328,-0.0027539500049085135,-23.40168060936633,0.9999999999999998,2.9999999999999987,0.13781943971880867,-27.539500049085134,True,False
2018-03-02,-215552.9531774761,249999999.99999997,125000000.0,125000000.0,4502.8430675661475,97,97,194,48,0.24742268041237114,0.05000000000000001,0.9999999999999999,0.9999999999999999,0.9999999999999999,1.9999999999999998,-0.0008622118127099044,0.00039999999999999996,9.999999999999999e-05,0.0002999999999999999,99999.99999999999,1.801137227026459e-05,-0.0009622118127099043,-0.0012622118127099042,-0.0012622118127099042,-0.0012802231849801688,-8.622118127099043,0.9999999999999999,2.999999999999999,0.1801137227026459,-12.802231849801688,True,False
2018-03-05,103192.96903883822,250000000.00000003,125000000.0,125000000.0,4763.52373028669,98,98,196,43,0.2193877551020408,0.05,1.0000000000000002,1.0000000000000002,1.0000000000000002,2.0000000000000004,0.00041277187615535284,0.00040000000000000013,0.00010000000000000003,0.00030000000000000003,100000.00000000003,1.905409492114676e-05,0.0003127718761553528,1.2771876155352768e-05,1.2771876155352768e-05,-6.282218765793992e-06,4.1277187615535285,1.0000000000000002,3.0000000000000004,0.19054094921146758,-0.06282218765793991,True,False
2018-03-06,-243426.04149841017,250000000.0,125000000.00000001,125000000.00000001,3617.2427067380213,97,97,194,34,0.17525773195876287,0.05000000000000001,1.0,1.0,1.0,2.0,-0.0009737041659936406,0.0004,0.0001,0.0003,100000.0,1.4468970826952086e-05,-0.0010737041659936407,-0.0013737041659936406,-0.0013737041659936406,-0.0013881731368205928,-9.737041659936406,1.0,2.9999999999999996,0.14468970826952085,-13.881731368205928,True,False
2018-03-07,32574.051501170547,249999999.99999994,124999999.99999994,124999999.99999997,4679.946677445634,97,97,194,37,0.19072164948453607,0.04999999999999999,0.9999999999999998,0.9999999999999998,0.9999999999999998,1.9999999999999996,0.00013029620600468219,0.0003999999999999999,9.999999999999998e-05,0.0002999999999999999,99999.99999999997,1.8719786709782535e-05,3.0296206004682208e-05,-0.0002697037939953177,-0.0002697037939953177,-0.00028842358070510027,1.302962060046822,0.9999999999999998,2.999999999999999,0.18719786709782535,-2.884235807051003,True,False
2018-03-08,139662.8099298555,250000000.0,125000000.0,125000000.00000001,4606.042810084527,98,98,196,46,0.23469387755102042,0.05000000000000001,1.0,1.0,1.0,2.0,0.0005586512397194219,0.0004,0.0001,0.0003,100000.0,1.842417124033811e-05,0.0004586512397194219,0.00015865123971942193,0.00015865123971942193,0.00014022706847908382,5.586512397194219,1.0,2.9999999999999996,0.1842417124033811,1.4022706847908382,True,False
2018-03-09,78792.97060068359,250000000.00000003,125000000.0,125000000.00000001,3514.996527500284,99,99,198,25,0.12626262626262627,0.049999999999999996,1.0000000000000002,1.0000000000000002,1.0000000000000002,2.0000000000000004,0.00031517188240273437,0.00040000000000000013,0.00010000000000000003,0.00030000000000000003,100000.00000000003,1.4059986110001137e-05,0.00021517188240273433,-8.48281175972657e-05,-8.48281175972657e-05,-9.888810370726683e-05,3.151718824027344,1.0000000000000002,3.0000000000000004,0.14059986110001138,-0.9888810370726684,True,False
2018-03-12,-178842.0478766412,250000000.00000003,124999999.99999999,124999999.99999999,3977.5933903830683,99,99,198,30,0.15151515151515152,0.05,1.0000000000000002,1.0000000000000002,1.0000000000000002,2.0000000000000004,-0.0007153681915065648,0.00040000000000000013,0.00010000000000000003,0.00030000000000000003,100000.00000000003,1.591037356153227e-05,-0.0008153681915065649,-0.0011153681915065648,-0.0011153681915065648,-0.001131278565068097,-7.153681915065648,1.0000000000000002,3.0000000000000004,0.1591037356153227,-11.31278565068097,True,False
2018-03-13,222296.7399887392,250000000.00000003,125000000.00000001,125000000.0,3972.6811564635755,99,99,198,65,0.3282828282828283,0.049999999999999996,1.0000000000000002,1.0000000000000002,1.0000000000000002,2.0000000000000004,0.0008891869599549568,0.00040000000000000013,0.00010000000000000003,0.00030000000000000003,100000.00000000003,1.58907246258543e-05,0.0007891869599549568,0.0004891869599549567,0.0004891869599549567,0.00047329623532910245,8.891869599549569,1.0000000000000002,3.0000000000000004,0.158907246258543,4.7329623532910245,True,False
2018-03-14,83982.3136057613,249999999.99999997,124999999.99999996,124999999.99999997,3830.8235448721075,99,99,198,38,0.1919191919191919,0.04999999999999998,0.9999999999999999,0.9999999999999999,0.9999999999999999,1.9999999999999998,0.0003359292544230452,0.00039999999999999996,9.999999999999999e-05,0.0002999999999999999,99999.99999999999,1.532329417948843e-05,0.0002359292544230452,-6.407074557695472e-05,-6.407074557695472e-05,-7.939403975644315e-05,3.3592925442304518,0.9999999999999999,2.999999999999999,0.15323294179488428,-0.7939403975644316,True,False
2018-03-15,-6061.768006388311,250000000.0,125000000.0,125000000.00000001,3405.260091184221,99,99,198,35,0.17676767676767677,0.05000000000000001,1.0,1.0,1.0,2.0,-2.4247072025553243e-05,0.0004,0.0001,0.0003,100000.0,1.3621040364736883e-05,-0.00012424707202555324,-0.0004242470720255532,-0.0004242470720255532,-0.0004378681123902901,-0.24247072025553243,1.0,2.9999999999999996,0.13621040364736883,-4.3786811239029015,True,False
2018-03-16,-733631.3354438622,250000000.00000003,125000000.0,125000000.0,3697.5546652071203,99,99,198,48,0.24242424242424243,0.05,1.0000000000000002,1.0000000000000002,1.0000000000000002,2.0000000000000004,-0.002934525341775449,0.00040000000000000013,0.00010000000000000003,0.00030000000000000003,100000.00000000003,1.479021866082848e-05,-0.003034525341775449,-0.0033345253417754487,-0.0033345253417754487,-0.003349315560436277,-29.34525341775449,1.0000000000000002,3.0000000000000004,0.1479021866082848,-33.49315560436277,True,False
2018-03-19,-31257.714937014953,250000000.0,125000000.00000003,124999999.99999999,3966.8063942523427,99,99,198,40,0.20202020202020202,0.04999999999999999,1.0,1.0,1.0,2.0,-0.00012503085974805981,0.0004,0.0001,0.0003,100000.0,1.5867225577009372e-05,-0.00022503085974805983,-0.0005250308597480598,-0.0005250308597480598,-0.0005408980853250691,-1.250308597480598,1.0,2.9999999999999996,0.15867225577009372,-5.408980853250691,True,False
2018-03-20,254315.8374654508,249999999.99999997,124999999.99999999,124999999.99999997,4206.666569265603,98,98,196,42,0.21428571428571427,0.05,0.9999999999999999,0.9999999999999999,0.9999999999999999,1.9999999999999998,0.0010172633498618032,0.00039999999999999996,9.999999999999999e-05,0.0002999999999999999,99999.99999999999,1.6826666277062413e-05,0.0009172633498618031,0.0006172633498618032,0.0006172633498618032,0.0006004366835847408,10.172633498618032,0.9999999999999999,2.999999999999999,0.16826666277062413,6.004366835847407,True,False
2018-03-21,-197472.2145505585,250000000.00000003,125000000.0,125000000.00000001,3612.189105854812,98,98,196,30,0.15306122448979592,0.05000000000000001,1.0000000000000002,1.0000000000000002,1.0000000000000002,2.0000000000000004,-0.000789888858202234,0.00040000000000000013,0.00010000000000000003,0.00030000000000000003,100000.00000000003,1.4448756423419249e-05,-0.000889888858202234,-0.0011898888582022342,-0.0011898888582022342,-0.0012043376146256533,-7.89888858202234,1.0000000000000002,3.0000000000000004,0.14448756423419248,-12.043376146256533,True,False
2018-03-22,-62703.62557171986,249999999.99999997,124999999.99999997,125000000.00000001,3996.1383909051888,98,98,196,34,0.17346938775510204,0.05000000000000001,0.9999999999999999,0.9999999999999999,0.9999999999999999,1.9999999999999998,-0.00025081450228687944,0.00039999999999999996,9.999999999999999e-05,0.0002999999999999999,99999.99999999999,1.5984553563620755e-05,-0.0003508145022868794,-0.0006508145022868794,-0.0006508145022868794,-0.0006667990558505002,-2.5081450228687943,0.9999999999999999,2.999999999999999,0.15984553563620754,-6.667990558505002,True,False
2018-03-23,1053771.5291095618,250000000.0,124999999.99999997,125000000.0,4363.360899910412,98,98,196,38,0.19387755102040816,0.05,1.0,1.0,1.0,2.0,0.004215086116438247,0.0004,0.0001,0.0003,100000.0,1.7453443599641646e-05,0.004115086116438247,0.0038150861164382467,0.0038150861164382467,0.003797632672838605,42.15086116438247,1.0,2.9999999999999996,0.17453443599641646,37.97632672838605,True,False
2018-03-26,435961.86397134984,249999999.99999997,124999999.99999999,124999999.99999996,4262.337740681002,98,98,196,36,0.1836734693877551,0.05,0.9999999999999999,0.9999999999999999,0.9999999999999999,1.9999999999999998,0.0017438474558853993,0.00039999999999999996,9.999999999999999e-05,0.0002999999999999999,99999.99999999999,1.704935096272401e-05,0.0016438474558853992,0.0013438474558853993,0.0013438474558853993,0.0013267981049226753,17.438474558853994,0.9999999999999999,2.999999999999999,0.1704935096272401,13.267981049226753,True,False
2018-03-27,-595746.2457473608,250000000.0,125000000.0,125000000.0,5326.602307864422,98,98,196,36,0.1836734693877551,0.049999999999999996,1.0,1.0,1.0,2.0,-0.002382984982989443,0.0004,0.0001,0.0003,100000.0,2.130640923145769e-05,-0.002482984982989443,-0.002782984982989443,-0.002782984982989443,-0.0028042913922209007,-23.82984982989443,1.0,2.9999999999999996,0.2130640923145769,-28.042913922209006,True,False
2018-03-28,321869.72950490465,250000000.00000003,125000000.0,125000000.0,3843.331206898293,98,98,196,38,0.19387755102040816,0.05000000000000001,1.0000000000000002,1.0000000000000002,1.0000000000000002,2.0000000000000004,0.0012874789180196185,0.00040000000000000013,0.00010000000000000003,0.00030000000000000003,100000.00000000003,1.537332482759317e-05,0.0011874789180196185,0.0008874789180196185,0.0008874789180196185,0.0008721055931920253,12.874789180196185,1.0000000000000002,3.0000000000000004,0.1537332482759317,8.721055931920253,True,False
2018-03-29,-612534.6037538353,250000000.00000003,124999999.99999999,125000000.00000001,3961.9663730442494,99,99,198,43,0.21717171717171718,0.05000000000000001,1.0000000000000002,1.0000000000000002,1.0000000000000002,2.0000000000000004,-0.0024501384150153412,0.00040000000000000013,0.00010000000000000003,0.00030000000000000003,100000.00000000003,1.5847865492176997e-05,-0.002550138415015341,-0.002850138415015341,-0.002850138415015341,-0.002865986280507518,-24.501384150153413,1.0000000000000002,3.0000000000000004,0.15847865492176996,-28.65986280507518,True,False
2018-04-02,407039.4569455135,250000000.0,125000000.00000003,125000000.0,3833.7883485347497,99,99,198,27,0.13636363636363635,0.049999999999999996,1.0,1.0,1.0,2.0,0.001628157827782054,0.0004,0.0001,0.0003,100000.0,1.5335153394139e-05,0.0015281578277820539,0.001228157827782054,0.001228157827782054,0.001212822674387915,16.28157827782054,1.0,2.9999999999999996,0.15335153394139,12.12822674387915,True,False
2018-04-03,-1696547.0793293521,250000000.0,124999999.99999999,125000000.00000001,5225.206773838495,98,98,196,31,0.15816326530612246,0.05000000000000001,1.0,1.0,1.0,2.0,-0.006786188317317409,0.0004,0.0001,0.0003,100000.0,2.090082709535398e-05,-0.006886188317317409,-0.007186188317317409,-0.007186188317317409,-0.007207089144412763,-67.86188317317409,1.0,2.9999999999999996,0.2090082709535398,-72.07089144412762,True,False
2018-04-04,644826.327542844,249999999.99999997,125000000.0,124999999.99999999,4515.391681754718,98,98,196,33,0.1683673469387755,0.05000000000000001,0.9999999999999999,0.9999999999999999,0.9999999999999999,1.9999999999999998,0.002579305310171376,0.00039999999999999996,9.999999999999999e-05,0.0002999999999999999,99999.99999999999,1.8061566727018872e-05,0.0024793053101713762,0.0021793053101713763,0.0021793053101713763,0.0021612437434443575,25.79305310171376,0.9999999999999999,2.999999999999999,0.1806156672701887,21.612437434443574,True,False
2018-04-05,-258555.32542443214,250000000.00000003,125000000.0,125000000.00000001,4941.203647092977,99,99,198,32,0.16161616161616163,0.05000000000000001,1.0000000000000002,1.0000000000000002,1.0000000000000002,2.0000000000000004,-0.0010342213016977285,0.00040000000000000013,0.00010000000000000003,0.00030000000000000003,100000.00000000003,1.9764814588371907e-05,-0.0011342213016977286,-0.0014342213016977287,-0.0014342213016977287,-0.0014539861162861005,-10.342213016977285,1.0000000000000002,3.0000000000000004,0.19764814588371907,-14.539861162861005,True,False
2018-04-06,168259.4956740182,250000000.0,125000000.0,125000000.0,4939.928169272517,99,99,198,44,0.2222222222222222,0.05000000000000001,1.0,1.0,1.0,2.0,0.0006730379826960728,0.0004,0.0001,0.0003,100000.0,1.975971267709007e-05,0.0005730379826960727,0.00027303798269607274,0.00027303798269607274,0.00025327827001898266,6.730379826960728,1.0,2.9999999999999996,0.1975971267709007,2.5327827001898267,True,False
2018-04-09,1163684.8221339039,250000000.0,125000000.00000003,124999999.99999999,3976.6640853182457,99,99,198,33,0.16666666666666666,0.04999999999999999,1.0,1.0,1.0,2.0,0.004654739288535615,0.0004,0.0001,0.0003,100000.0,1.5906656341272984e-05,0.004554739288535615,0.004254739288535615,0.004254739288535615,0.0042388326321943426,46.54739288535615,1.0,2.9999999999999996,0.15906656341272984,42.388326321943424,True,False
2018-04-10,-171670.61721293174,249999999.99999997,124999999.99999997,125000000.0,4011.186453435518,99,99,198,25,0.12626262626262627,0.049999999999999996,0.9999999999999999,0.9999999999999999,0.9999999999999999,1.9999999999999998,-0.000686682468851727,0.00039999999999999996,9.999999999999999e-05,0.0002999999999999999,99999.99999999999,1.604474581374207e-05,-0.0007866824688517269,-0.0010866824688517268,-0.0010866824688517268,-0.001102727214665469,-6.866824688517269,0.9999999999999999,2.999999999999999,0.1604474581374207,-11.02727214665469,True,False
2018-04-11,264147.4581482327,249999999.99999997,124999999.99999997,124999999.99999999,4581.07980289295,98,98,196,32,0.16326530612244897,0.049999999999999996,0.9999999999999999,0.9999999999999999,0.9999999999999999,1.9999999999999998,0.001056589832592931,0.00039999999999999996,9.999999999999999e-05,0.0002999999999999999,99999.99999999999,1.83243192115718e-05,0.0009565898325929309,0.000656589832592931,0.000656589832592931,0.0006382655133813592,10.565898325929309,0.9999999999999999,2.999999999999999,0.183243192115718,6.382655133813592,True,False
2018-04-12,367072.94217226794,249999999.99999997,124999999.99999996,124999999.99999999,4529.464152258031,98,98,196,43,0.2193877551020408,0.05000000000000001,0.9999999999999999,0.9999999999999999,0.9999999999999999,1.9999999999999998,0.0014682917686890719,0.00039999999999999996,9.999999999999999e-05,0.0002999999999999999,99999.99999999999,1.8117856609032127e-05,0.0013682917686890718,0.0010682917686890719,0.0010682917686890719,0.0010501739120800397,14.682917686890718,0.9999999999999999,2.999999999999999,0.18117856609032126,10.501739120800398,True,False
2018-04-13,-365840.74258401187,250000000.0,125000000.0,125000000.00000001,4536.609255246665,97,97,194,38,0.1958762886597938,0.049999999999999996,1.0,1.0,1.0,2.0,-0.0014633629703360474,0.0004,0.0001,0.0003,100000.0,1.8146437020986662e-05,-0.0015633629703360474,-0.0018633629703360473,-0.0018633629703360473,-0.001881509407357034,-14.633629703360473,1.0,2.9999999999999996,0.1814643702098666,-18.81509407357034,True,False
2018-04-16,653974.5157678267,249999999.99999994,124999999.99999999,124999999.99999999,4274.0850580988845,96,96,192,28,0.14583333333333334,0.05000000000000001,0.9999999999999998,0.9999999999999998,0.9999999999999998,1.9999999999999996,0.0026158980630713066,0.0003999999999999999,9.999999999999998e-05,0.0002999999999999999,99999.99999999997,1.7096340232395538e-05,0.0025158980630713068,0.002215898063071307,0.002215898063071307,0.0021988017228389114,26.158980630713067,0.9999999999999998,2.999999999999999,0.17096340232395538,21.988017228389115,True,False
2018-04-17,140010.37889048614,249999999.99999997,125000000.0,125000000.0,4607.373482720229,94,94,188,39,0.2074468085106383,0.05000000000000001,0.9999999999999999,0.9999999999999999,0.9999999999999999,1.9999999999999998,0.0005600415155619445,0.00039999999999999996,9.999999999999999e-05,0.0002999999999999999,99999.99999999999,1.8429493930880916e-05,0.00046004151556194454,0.00016004151556194463,0.00016004151556194463,0.00014161202163106372,5.600415155619445,0.9999999999999999,2.999999999999999,0.18429493930880916,1.4161202163106372,True,False
2018-04-18,-195394.58184810448,249999999.99999997,124999999.99999999,124999999.99999997,4426.752752320059,92,92,184,29,0.15760869565217392,0.05000000000000001,0.9999999999999999,0.9999999999999999,0.9999999999999999,1.9999999999999998,-0.000781578327392418,0.00039999999999999996,9.999999999999999e-05,0.0002999999999999999,99999.99999999999,1.7707011009280234e-05,-0.0008815783273924179,-0.0011815783273924178,-0.0011815783273924178,-0.001199285338401698,-7.81578327392418,0.9999999999999999,2.999999999999999,0.17707011009280232,-11.99285338401698,True,False
2018-04-19,-67339.41864599196,250000000.0,124999999.99999999,125000000.00000001,4790.510369405371,93,93,186,27,0.14516129032258066,0.05000000000000001,1.0,1.0,1.0,2.0,-0.00026935767458396786,0.0004,0.0001,0.0003,100000.0,1.9162041477621485e-05,-0.00036935767458396785,-0.0006693576745839679,-0.0006693576745839679,-0.0006885197160615893,-2.6935767458396787,1.0,2.9999999999999996,0.19162041477621486,-6.885197160615893,True,False
2018-04-20,170116.19897465289,250000000.00000003,124999999.99999999,125000000.00000001,3919.267770510837,92,92,184,43,0.23369565217391305,0.05000000000000001,1.0000000000000002,1.0000000000000002,1.0000000000000002,2.0000000000000004,0.0006804647958986115,0.00040000000000000013,0.00010000000000000003,0.00030000000000000003,100000.00000000003,1.5677071082043347e-05,0.0005804647958986115,0.00028046479589861146,0.00028046479589861146,0.00026478772481656815,6.8046479589861155,1.0000000000000002,3.0000000000000004,0.15677071082043348,2.6478772481656816,True,False
2018-04-23,581602.5956147112,250000000.0,124999999.99999999,124999999.99999999,5337.668672057416,88,88,176,55,0.3125,0.05,1.0,1.0,1.0,2.0,0.0023264103824588447,0.0004,0.0001,0.0003,100000.0,2.1350674688229666e-05,0.002226410382458845,0.001926410382458845,0.001926410382458845,0.0019050597077706153,23.264103824588446,1.0,2.9999999999999996,0.21350674688229665,19.050597077706154,True,False
2018-04-24,349688.3874425331,249999999.99999994,124999999.99999994,124999999.99999996,4824.69605387185,79,79,158,37,0.23417721518987342,0.05,0.9999999999999998,0.9999999999999998,0.9999999999999998,1.9999999999999996,0.0013987535497701324,0.0003999999999999999,9.999999999999998e-05,0.0002999999999999999,99999.99999999997,1.9298784215487403e-05,0.0012987535497701323,0.0009987535497701324,0.0009987535497701324,0.0009794547655546451,13.987535497701323,0.9999999999999998,2.999999999999999,0.19298784215487402,9.79454765554645,True,False
2018-04-25,722120.3931813425,249999999.99999994,124999999.99999997,124999999.99999997,4629.528060651193,78,78,156,51,0.3269230769230769,0.049999999999999996,0.9999999999999998,0.9999999999999998,0.9999999999999998,1.9999999999999996,0.00288848157272537,0.0003999999999999999,9.999999999999998e-05,0.0002999999999999999,99999.99999999997,1.8518112242604772e-05,0.0027884815727253704,0.0024884815727253705,0.0024884815727253705,0.0024699634604827656,28.884815727253702,0.9999999999999998,2.999999999999999,0.18518112242604773,24.699634604827654,True,False
2018-04-26,420486.27753234823,249999999.99999997,124999999.99999996,124999999.99999999,4337.741051643365,82,82,164,37,0.22560975609756098,0.05000000000000001,0.9999999999999999,0.9999999999999999,0.9999999999999999,1.9999999999999998,0.001681945110129393,0.00039999999999999996,9.999999999999999e-05,0.0002999999999999999,99999.99999999999,1.735096420657346e-05,0.001581945110129393,0.001281945110129393,0.001281945110129393,0.0012645941459228196,16.81945110129393,0.9999999999999999,2.999999999999999,0.17350964206573458,12.645941459228196,True,False
2018-04-27,-239311.8880577074,249999999.99999997,124999999.99999999,124999999.99999997,5034.3437219153475,88,88,176,54,0.3068181818181818,0.05,0.9999999999999999,0.9999999999999999,0.9999999999999999,1.9999999999999998,-0.0009572475522308296,0.00039999999999999996,9.999999999999999e-05,0.0002999999999999999,99999.99999999999,2.013737488766139e-05,-0.0010572475522308295,-0.0013572475522308294,-0.0013572475522308294,-0.0013773849271184909,-9.572475522308295,0.9999999999999999,2.999999999999999,0.2013737488766139,-13.77384927118491,True,False
2018-04-30,-274201.56706071284,250000000.0,124999999.99999997,124999999.99999999,4037.755957941436,87,87,174,44,0.25287356321839083,0.04999999999999999,1.0,1.0,1.0,2.0,-0.0010968062682428514,0.0004,0.0001,0.0003,100000.0,1.6151023831765746e-05,-0.0011968062682428515,-0.0014968062682428514,-0.0014968062682428514,-0.0015129572920746172,-10.968062682428513,1.0,2.9999999999999996,0.16151023831765746,-15.129572920746172,True,False
2018-05-01,108966.00688767318,249999999.99999994,125000000.0,124999999.99999999,3735.1574723304516,79,79,158,64,0.4050632911392405,0.05000000000000001,0.9999999999999998,0.9999999999999998,0.9999999999999998,1.9999999999999996,0.00043586402755069274,0.0003999999999999999,9.999999999999998e-05,0.0002999999999999999,99999.99999999997,1.4940629889321806e-05,0.00033586402755069275,3.586402755069283e-05,3.586402755069283e-05,2.0923397661371022e-05,4.358640275506928,0.9999999999999998,2.999999999999999,0.14940629889321805,0.2092339766137102,True,False
2018-05-02,-148862.7391979524,249999999.99999994,125000000.0,124999999.99999999,5275.876022870642,79,79,158,54,0.34177215189873417,0.049999999999999996,0.9999999999999998,0.9999999999999998,0.9999999999999998,1.9999999999999996,-0.0005954509567918096,0.0003999999999999999,9.999999999999998e-05,0.0002999999999999999,99999.99999999997,2.110350409148257e-05,-0.0006954509567918095,-0.0009954509567918096,-0.0009954509567918096,-0.001016554460883292,-5.954509567918096,0.9999999999999998,2.999999999999999,0.2110350409148257,-10.16554460883292,True,False
2018-05-03,-238972.52933892718,249999999.99999994,124999999.99999996,124999999.99999996,5294.043977156713,84,84,168,60,0.35714285714285715,0.05,0.9999999999999998,0.9999999999999998,0.9999999999999998,1.9999999999999996,-0.0009558901173557087,0.0003999999999999999,9.999999999999998e-05,0.0002999999999999999,99999.99999999997,2.117617590862685e-05,-0.0010558901173557088,-0.0013558901173557087,-0.0013558901173557087,-0.0013770662932643355,-9.558901173557087,0.9999999999999998,2.999999999999999,0.2117617590862685,-13.770662932643354,True,False
2018-05-04,385324.2866869188,250000000.0,125000000.0,125000000.00000001,3872.7970841319616,90,90,180,50,0.2777777777777778,0.05000000000000001,1.0,1.0,1.0,2.0,0.0015412971467476753,0.0004,0.0001,0.0003,100000.0,1.5491188336527846e-05,0.0014412971467476752,0.0011412971467476753,0.0011412971467476753,0.0011258059584111474,15.412971467476753,1.0,2.9999999999999996,0.15491188336527845,11.258059584111475,True,False
2018-05-07,7613.4799248451745,249999999.99999994,124999999.99999997,124999999.99999997,5138.891124149065,92,92,184,47,0.2554347826086957,0.05000000000000001,0.9999999999999998,0.9999999999999998,0.9999999999999998,1.9999999999999996,3.0453919699380697e-05,0.0003999999999999999,9.999999999999998e-05,0.0002999999999999999,99999.99999999997,2.055556449659626e-05,-6.954608030061928e-05,-0.0003695460803006192,-0.0003695460803006192,-0.0003901016447972154,0.304539196993807,0.9999999999999998,2.999999999999999,0.2055556449659626,-3.9010164479721543,True,False
2018-05-08,189354.2420653538,249999999.99999997,124999999.99999999,124999999.99999997,4568.783045479411,91,91,182,74,0.4065934065934066,0.05000000000000001,0.9999999999999999,0.9999999999999999,0.9999999999999999,1.9999999999999998,0.0007574169682614153,0.00039999999999999996,9.999999999999999e-05,0.0002999999999999999,99999.99999999999,1.8275132181917644e-05,0.0006574169682614154,0.00035741696826141543,0.00035741696826141543,0.0003391418360794978,7.574169682614153,0.9999999999999999,2.999999999999999,0.18275132181917644,3.3914183607949777,True,False
2018-05-09,23582.14286220217,250000000.0,125000000.0,125000000.0,4893.492809693138,93,93,186,49,0.26344086021505375,0.049999999999999996,1.0,1.0,1.0,2.0,9.432857144880868e-05,0.0004,0.0001,0.0003,100000.0,1.9573971238772554e-05,-5.6714285511913265e-06,-0.0003056714285511913,-0.0003056714285511913,-0.0003252453997899639,0.9432857144880867,1.0,2.9999999999999996,0.19573971238772553,-3.252453997899639,True,False
2018-05-10,159552.10251586285,249999999.9999999,124999999.99999997,124999999.99999997,4049.386846084719,96,96,192,34,0.17708333333333334,0.05000000000000001,0.9999999999999997,0.9999999999999997,0.9999999999999997,1.9999999999999993,0.0006382084100634514,0.0003999999999999999,9.999999999999998e-05,0.00029999999999999987,99999.99999999997,1.6197547384338876e-05,0.0005382084100634515,0.00023820841006345163,0.00023820841006345163,0.00022201086267911274,6.382084100634514,0.9999999999999998,2.9999999999999987,0.16197547384338876,2.220108626791127,True,False
2018-05-11,469930.25270075793,250000000.00000003,125000000.0,125000000.00000001,4087.7824087263193,98,98,196,37,0.18877551020408162,0.05000000000000001,1.0000000000000002,1.0000000000000002,1.0000000000000002,2.0000000000000004,0.0018797210108030316,0.00040000000000000013,0.00010000000000000003,0.00030000000000000003,100000.00000000003,1.6351129634905278e-05,0.0017797210108030316,0.0014797210108030315,0.0014797210108030315,0.0014633698811681263,18.797210108030317,1.0000000000000002,3.0000000000000004,0.1635112963490528,14.633698811681263,True,False
2018-05-14,-48377.29866731235,250000000.0,125000000.0,125000000.0,3927.978539639938,99,99,198,42,0.21212121212121213,0.049999999999999996,1.0,1.0,1.0,2.0,-0.0001935091946692494,0.0004,0.0001,0.0003,100000.0,1.5711914158559753e-05,-0.00029350919466924943,-0.0005935091946692493,-0.0005935091946692493,-0.0006092211088278091,-1.935091946692494,1.0,2.9999999999999996,0.15711914158559753,-6.092211088278091,True,False
2018-05-15,-75679.12772096373,249999999.99999997,124999999.99999993,125000000.0,4155.672263916085,98,98,196,23,0.11734693877551021,0.05000000000000001,0.9999999999999999,0.9999999999999999,0.9999999999999999,1.9999999999999998,-0.00030271651088385493,0.00039999999999999996,9.999999999999999e-05,0.0002999999999999999,99999.99999999999,1.662268905566434e-05,-0.0004027165108838549,-0.0007027165108838549,-0.0007027165108838549,-0.0007193391999395192,-3.0271651088385494,0.9999999999999999,2.999999999999999,0.16622689055664341,-7.193391999395192,True,False
2018-05-16,-248055.2753108326,249999999.99999997,124999999.99999994,125000000.00000001,5011.523766720458,98,98,196,55,0.28061224489795916,0.05000000000000001,0.9999999999999999,0.9999999999999999,0.9999999999999999,1.9999999999999998,-0.0009922211012433305,0.00039999999999999996,9.999999999999999e-05,0.0002999999999999999,99999.99999999999,2.0046095066881834e-05,-0.0010922211012433305,-0.0013922211012433305,-0.0013922211012433305,-0.0014122671963102123,-9.922211012433305,0.9999999999999999,2.999999999999999,0.20046095066881833,-14.122671963102123,True,False
2018-05-17,-35729.03886284916,249999999.99999994,125000000.0,124999999.99999997,4578.477067620936,98,98,196,36,0.1836734693877551,0.049999999999999996,0.9999999999999998,0.9999999999999998,0.9999999999999998,1.9999999999999996,-0.0001429161554513966,0.0003999999999999999,9.999999999999998e-05,0.0002999999999999999,99999.99999999997,1.8313908270483745e-05,-0.00024291615545139658,-0.0005429161554513965,-0.0005429161554513965,-0.0005612300637218802,-1.4291615545139662,0.9999999999999998,2.999999999999999,0.18313908270483745,-5.6123006372188025,True,False
2018-05-18,334296.17130224215,250000000.0,125000000.0,125000000.00000001,4999.568508011236,98,98,196,42,0.21428571428571427,0.05000000000000001,1.0,1.0,1.0,2.0,0.0013371846852089685,0.0004,0.0001,0.0003,100000.0,1.9998274032044944e-05,0.0012371846852089685,0.0009371846852089685,0.0009371846852089685,0.0009171864111769236,13.371846852089686,1.0,2.9999999999999996,0.19998274032044944,9.171864111769237,True,False
2018-05-21,345021.6551425428,250000000.00000003,125000000.0,125000000.0,3728.151871991282,98,98,196,36,0.1836734693877551,0.05000000000000001,1.0000000000000002,1.0000000000000002,1.0000000000000002,2.0000000000000004,0.0013800866205701712,0.00040000000000000013,0.00010000000000000003,0.00030000000000000003,100000.00000000003,1.4912607487965128e-05,0.0012800866205701711,0.000980086620570171,0.000980086620570171,0.0009651740130822058,13.800866205701713,1.0000000000000002,3.0000000000000004,0.14912607487965127,9.65174013082206,True,False
2018-05-22,-389984.27929336386,249999999.99999997,125000000.00000001,124999999.99999999,4841.480437017673,97,97,194,59,0.30412371134020616,0.049999999999999996,0.9999999999999999,0.9999999999999999,0.9999999999999999,1.9999999999999998,-0.0015599371171734554,0.00039999999999999996,9.999999999999999e-05,0.0002999999999999999,99999.99999999999,1.936592174807069e-05,-0.0016599371171734554,-0.001959937117173455,-0.001959937117173455,-0.0019793030389215257,-15.599371171734553,0.9999999999999999,2.999999999999999,0.1936592174807069,-19.793030389215257,True,False
2018-05-23,-217489.07685614887,250000000.0,124999999.99999997,125000000.00000001,4224.328537111401,97,97,194,53,0.27319587628865977,0.05000000000000001,1.0,1.0,1.0,2.0,-0.0008699563074245955,0.0004,0.0001,0.0003,100000.0,1.6897314148445604e-05,-0.0009699563074245956,-0.0012699563074245956,-0.0012699563074245956,-0.0012868536215730412,-8.699563074245955,1.0,2.9999999999999996,0.16897314148445602,-12.868536215730412,True,False
2018-05-24,-381579.6069103618,250000000.00000006,125000000.0,125000000.00000001,4209.0241000088145,97,97,194,43,0.22164948453608246,0.05000000000000001,1.0000000000000002,1.0000000000000002,1.0000000000000002,2.0000000000000004,-0.0015263184276414472,0.00040000000000000013,0.00010000000000000003,0.00030000000000000003,100000.00000000003,1.683609640003526e-05,-0.0016263184276414473,-0.0019263184276414472,-0.0019263184276414472,-0.0019431545240414824,-15.263184276414473,1.0000000000000002,3.0000000000000004,0.16836096400035258,-19.431545240414824,True,False
2018-05-25,-153746.94856786818,250000000.0,125000000.00000003,124999999.99999999,4728.518114073323,98,98,196,43,0.2193877551020408,0.049999999999999996,1.0,1.0,1.0,2.0,-0.0006149877942714727,0.0004,0.0001,0.0003,100000.0,1.8914072456293294e-05,-0.0007149877942714727,-0.0010149877942714728,-0.0010149877942714728,-0.001033901866727766,-6.149877942714727,1.0,2.9999999999999996,0.18914072456293293,-10.33901866727766,True,False
2018-05-29,120192.85446418889,249999999.99999997,125000000.0,124999999.99999999,4984.247394405767,98,98,196,45,0.22959183673469388,0.05000000000000001,0.9999999999999999,0.9999999999999999,0.9999999999999999,1.9999999999999998,0.00048077141785675555,0.00039999999999999996,9.999999999999999e-05,0.0002999999999999999,99999.99999999999,1.993698957762307e-05,0.00038077141785675556,8.077141785675564e-05,8.077141785675564e-05,6.083442827913257e-05,4.807714178567555,0.9999999999999999,2.999999999999999,0.19936989577623068,0.6083442827913257,True,False
2018-05-30,-76757.87170082929,250000000.0,124999999.99999999,124999999.99999999,7290.616947854748,97,97,194,61,0.31443298969072164,0.049999999999999996,1.0,1.0,1.0,2.0,-0.00030703148680331715,0.0004,0.0001,0.0003,100000.0,2.9162467791418994e-05,-0.00040703148680331714,-0.0007070314868033172,-0.0007070314868033172,-0.0007361939545947362,-3.0703148680331713,1.0,2.9999999999999996,0.29162467791418994,-7.3619395459473616,True,False
2018-05-31,237478.24340291639,250000000.0,125000000.00000003,125000000.0,5863.966262982664,97,97,194,56,0.28865979381443296,0.049999999999999996,1.0,1.0,1.0,2.0,0.0009499129736116655,0.0004,0.0001,0.0003,100000.0,2.3455865051930656e-05,0.0008499129736116654,0.0005499129736116655,0.0005499129736116655,0.0005264571085597349,9.499129736116656,1.0,2.9999999999999996,0.23455865051930655,5.264571085597349,True,False
2018-06-01,-25789.296002925188,250000000.0,125000000.0,124999999.99999999,4382.287044516611,98,98,196,35,0.17857142857142858,0.049999999999999996,1.0,1.0,1.0,2.0,-0.00010315718401170075,0.0004,0.0001,0.0003,100000.0,1.7529148178066443e-05,-0.00020315718401170077,-0.0005031571840117008,-0.0005031571840117008,-0.0005206863321897673,-1.0315718401170075,1.0,2.9999999999999996,0.17529148178066442,-5.206863321897672,True,False
2018-06-04,149484.7912667819,250000000.0,124999999.99999997,125000000.0,5221.931037789935,98,98,196,41,0.20918367346938777,0.049999999999999996,1.0,1.0,1.0,2.0,0.0005979391650671275,0.0004,0.0001,0.0003,100000.0,2.088772415115974e-05,0.0004979391650671275,0.0001979391650671275,0.0001979391650671275,0.00017705144091596775,5.979391650671276,1.0,2.9999999999999996,0.2088772415115974,1.7705144091596776,True,False
2018-06-05,408249.5873659379,249999999.99999997,125000000.0,124999999.99999997,7224.917785120815,98,98,196,54,0.2755102040816326,0.049999999999999996,0.9999999999999999,0.9999999999999999,0.9999999999999999,1.9999999999999998,0.0016329983494637516,0.00039999999999999996,9.999999999999999e-05,0.0002999999999999999,99999.99999999999,2.889967114048326e-05,0.0015329983494637516,0.0012329983494637517,0.0012329983494637517,0.0012040986783232684,16.329983494637517,0.9999999999999999,2.999999999999999,0.28899671140483263,12.040986783232684,True,False
2018-06-06,90205.17475016389,249999999.99999997,125000000.0,125000000.0,6665.050592226457,98,98,196,43,0.2193877551020408,0.049999999999999996,0.9999999999999999,0.9999999999999999,0.9999999999999999,1.9999999999999998,0.00036082069900065557,0.00039999999999999996,9.999999999999999e-05,0.0002999999999999999,99999.99999999999,2.666020236890583e-05,0.0002608206990006556,-3.9179300999344344e-05,-3.9179300999344344e-05,-6.583950336825018e-05,3.608206990006556,0.9999999999999999,2.999999999999999,0.2666020236890583,-0.6583950336825017,True,False
2018-06-07,-167031.17156581936,250000000.0,125000000.0,124999999.99999997,6854.089702998947,98,98,196,53,0.27040816326530615,0.05,1.0,1.0,1.0,2.0,-0.0006681246862632774,0.0004,0.0001,0.0003,100000.0,2.741635881199579e-05,-0.0007681246862632775,-0.0010681246862632775,-0.0010681246862632775,-0.0010955410450752732,-6.681246862632774,1.0,2.9999999999999996,0.2741635881199579,-10.955410450752732,True,False
2018-06-08,377000.84504697873,250000000.00000003,125000000.00000003,125000000.0,6887.120260055241,99,99,198,47,0.23737373737373738,0.049999999999999996,1.0000000000000002,1.0000000000000002,1.0000000000000002,2.0000000000000004,0.001508003380187915,0.00040000000000000013,0.00010000000000000003,0.00030000000000000003,100000.00000000003,2.7548481040220963e-05,0.001408003380187915,0.0011080033801879148,0.0011080033801879148,0.0010804548991476938,15.08003380187915,1.0000000000000002,3.0000000000000004,0.2754848104022096,10.804548991476938,True,False
2018-06-11,163814.950603869,250000000.0,125000000.00000001,125000000.0,5481.4303273084015,99,99,198,42,0.21212121212121213,0.049999999999999996,1.0,1.0,1.0,2.0,0.0006552598024154759,0.0004,0.0001,0.0003,100000.0,2.1925721309233606e-05,0.0005552598024154759,0.0002552598024154759,0.0002552598024154759,0.0002333340811062423,6.552598024154759,1.0,2.9999999999999996,0.21925721309233606,2.333340811062423,True,False
2018-06-12,-73629.33590905515,250000000.0,125000000.0,124999999.99999999,5022.993355251434,99,99,198,41,0.20707070707070707,0.049999999999999996,1.0,1.0,1.0,2.0,-0.0002945173436362206,0.0004,0.0001,0.0003,100000.0,2.0091973421005735e-05,-0.0003945173436362206,-0.0006945173436362206,-0.0006945173436362206,-0.0007146093170572263,-2.945173436362206,1.0,2.9999999999999996,0.20091973421005735,-7.1460931705722635,True,False
2018-06-13,218182.47521257054,250000000.0,125000000.00000003,125000000.0,4353.009979616119,99,99,198,38,0.1919191919191919,0.049999999999999996,1.0,1.0,1.0,2.0,0.0008727299008502822,0.0004,0.0001,0.0003,100000.0,1.7412039918464478e-05,0.0007727299008502822,0.0004727299008502822,0.0004727299008502822,0.0004553178609318177,8.727299008502822,1.0,2.9999999999999996,0.17412039918464478,4.553178609318177,True,False
2018-06-14,-369516.25383291935,250000000.0,124999999.99999999,124999999.99999999,4389.088368108951,99,99,198,59,0.29797979797979796,0.05,1.0,1.0,1.0,2.0,-0.0014780650153316773,0.0004,0.0001,0.0003,100000.0,1.7556353472435803e-05,-0.0015780650153316774,-0.0018780650153316773,-0.0018780650153316773,-0.001895621368804113,-14.780650153316772,1.0,2.9999999999999996,0.17556353472435804,-18.95621368804113,True,False
2018-06-15,-298223.6128271788,249999999.99999997,124999999.99999996,124999999.99999999,3931.889349988991,99,99,198,41,0.20707070707070707,0.049999999999999996,0.9999999999999999,0.9999999999999999,0.9999999999999999,1.9999999999999998,-0.0011928944513087151,0.00039999999999999996,9.999999999999999e-05,0.0002999999999999999,99999.99999999999,1.5727557399955965e-05,-0.0012928944513087152,-0.001592894451308715,-0.001592894451308715,-0.001608622008708671,-11.928944513087151,0.9999999999999999,2.999999999999999,0.15727557399955966,-16.086220087086712,True,False
2018-06-18,-648227.092424403,250000000.0,124999999.99999999,124999999.99999999,5041.134609386766,99,99,198,46,0.23232323232323232,0.049999999999999996,1.0,1.0,1.0,2.0,-0.0025929083696976116,0.0004,0.0001,0.0003,100000.0,2.0164538437547063e-05,-0.0026929083696976114,-0.0029929083696976114,-0.0029929083696976114,-0.0030130729081351585,-25.929083696976114,1.0,2.9999999999999996,0.20164538437547064,-30.130729081351586,True,False
2018-06-19,179517.17117245196,249999999.99999997,124999999.99999996,124999999.99999999,4567.333096643248,98,98,196,68,0.3469387755102041,0.05000000000000001,0.9999999999999999,0.9999999999999999,0.9999999999999999,1.9999999999999998,0.0007180686846898079,0.00039999999999999996,9.999999999999999e-05,0.0002999999999999999,99999.99999999999,1.826933238657299e-05,0.0006180686846898079,0.000318068684689808,0.000318068684689808,0.00029979935230323504,7.1806868468980785,0.9999999999999999,2.999999999999999,0.18269332386572992,2.9979935230323504,True,False
2018-06-20,40763.38385350501,249999999.99999997,124999999.99999996,125000000.0,5460.896539067017,98,98,196,67,0.34183673469387754,0.049999999999999996,0.9999999999999999,0.9999999999999999,0.9999999999999999,1.9999999999999998,0.00016305353541402003,0.00039999999999999996,9.999999999999999e-05,0.0002999999999999999,99999.99999999999,2.184358615626807e-05,6.305353541402004e-05,-0.00023694646458597988,-0.00023694646458597988,-0.0002587900507422479,1.6305353541402003,0.9999999999999999,2.999999999999999,0.2184358615626807,-2.587900507422479,True,False
2018-06-21,444848.10672121646,249999999.99999994,124999999.99999999,124999999.99999997,4295.592689970101,98,98,196,47,0.23979591836734693,0.04999999999999999,0.9999999999999998,0.9999999999999998,0.9999999999999998,1.9999999999999996,0.0017793924268848659,0.0003999999999999999,9.999999999999998e-05,0.0002999999999999999,99999.99999999997,1.7182370759880404e-05,0.0016793924268848658,0.001379392426884866,0.001379392426884866,0.0013622100561249855,17.79392426884866,0.9999999999999998,2.999999999999999,0.17182370759880403,13.622100561249855,True,False
2018-06-22,-516707.9366995627,250000000.0,125000000.0,124999999.99999997,4526.135348657953,99,99,198,33,0.16666666666666666,0.05,1.0,1.0,1.0,2.0,-0.0020668317467982507,0.0004,0.0001,0.0003,100000.0,1.810454139463181e-05,-0.0021668317467982505,-0.0024668317467982505,-0.0024668317467982505,-0.0024849362881928824,-20.668317467982508,1.0,2.9999999999999996,0.18104541394631812,-24.849362881928823,True,False
2018-06-25,554402.165851592,249999999.99999997,124999999.99999994,125000000.00000001,4318.495780217524,98,98,196,35,0.17857142857142858,0.05000000000000001,0.9999999999999999,0.9999999999999999,0.9999999999999999,1.9999999999999998,0.002217608663406368,0.00039999999999999996,9.999999999999999e-05,0.0002999999999999999,99999.99999999999,1.7273983120870095e-05,0.002117608663406368,0.001817608663406368,0.001817608663406368,0.001800334680285498,22.17608663406368,0.9999999999999999,2.999999999999999,0.17273983120870096,18.00334680285498,True,False
2018-06-26,716584.5276862965,250000000.00000003,125000000.0,125000000.00000001,4018.3678310736423,98,98,196,49,0.25,0.05000000000000001,1.0000000000000002,1.0000000000000002,1.0000000000000002,2.0000000000000004,0.002866338110745186,0.00040000000000000013,0.00010000000000000003,0.00030000000000000003,100000.00000000003,1.607347132429457e-05,0.002766338110745186,0.0024663381107451862,0.0024663381107451862,0.002450264639420892,28.66338110745186,1.0000000000000002,3.0000000000000004,0.1607347132429457,24.50264639420892,True,False
2018-06-27,-210987.89244419758,249999999.99999994,124999999.99999996,124999999.99999999,3359.310669588312,98,98,196,45,0.22959183673469388,0.05000000000000001,0.9999999999999998,0.9999999999999998,0.9999999999999998,1.9999999999999996,-0.0008439515697767903,0.0003999999999999999,9.999999999999998e-05,0.0002999999999999999,99999.99999999997,1.3437242678353248e-05,-0.0009439515697767903,-0.00124395156977679,-0.00124395156977679,-0.0012573888124551432,-8.439515697767904,0.9999999999999998,2.999999999999999,0.13437242678353248,-12.573888124551432,True,False
2018-06-28,724404.7205740173,249999999.99999997,124999999.99999994,125000000.00000001,3692.377806882678,98,98,196,29,0.14795918367346939,0.05000000000000001,0.9999999999999999,0.9999999999999999,0.9999999999999999,1.9999999999999998,0.002897618882296069,0.00039999999999999996,9.999999999999999e-05,0.0002999999999999999,99999.99999999999,1.4769511227530714e-05,0.002797618882296069,0.002497618882296069,0.002497618882296069,0.0024828493710685384,28.97618882296069,0.9999999999999999,2.999999999999999,0.14769511227530713,24.828493710685382,True,False
2018-06-29,-456191.8781985937,250000000.0,124999999.99999999,124999999.99999999,4483.323194977483,99,99,198,31,0.15656565656565657,0.049999999999999996,1.0,1.0,1.0,2.0,-0.0018247675127943748,0.0004,0.0001,0.0003,100000.0,1.793329277990993e-05,-0.0019247675127943749,-0.002224767512794375,-0.002224767512794375,-0.002242700805574285,-18.247675127943747,1.0,2.9999999999999996,0.17933292779909932,-22.42700805574285,True,False
2018-07-02,247919.0978265575,250000000.00000003,125000000.00000003,125000000.00000003,3478.8919818898066,99,99,198,37,0.18686868686868688,0.049999999999999996,1.0000000000000002,1.0000000000000002,1.0000000000000002,2.0000000000000004,0.00099167639130623,0.00040000000000000013,0.00010000000000000003,0.00030000000000000003,100000.00000000003,1.3915567927559227e-05,0.0008916763913062299,0.0005916763913062299,0.0005916763913062299,0.0005777608233786707,9.916763913062299,1.0000000000000002,3.0000000000000004,0.13915567927559228,5.777608233786706,True,False
2018-07-03,159179.99112412077,250000000.00000003,125000000.00000003,125000000.0,3726.00494418658,99,99,198,44,0.2222222222222222,0.05000000000000001,1.0000000000000002,1.0000000000000002,1.0000000000000002,2.0000000000000004,0.0006367199644964831,0.00040000000000000013,0.00010000000000000003,0.00030000000000000003,100000.00000000003,1.490401977674632e-05,0.0005367199644964831,0.00023671996449648304,0.00023671996449648304,0.00022181594471973673,6.367199644964831,1.0000000000000002,3.0000000000000004,0.1490401977674632,2.218159447197367,True,False
2018-07-05,-171914.0250116078,249999999.99999997,125000000.00000001,125000000.0,3690.7386241680483,99,99,198,42,0.21212121212121213,0.049999999999999996,0.9999999999999999,0.9999999999999999,0.9999999999999999,1.9999999999999998,-0.0006876561000464311,0.00039999999999999996,9.999999999999999e-05,0.0002999999999999999,99999.99999999999,1.4762954496672194e-05,-0.0007876561000464311,-0.001087656100046431,-0.001087656100046431,-0.0011024190545431032,-6.876561000464311,0.9999999999999999,2.999999999999999,0.14762954496672193,-11.024190545431033,True,False
2018-07-06,610888.7269292319,250000000.0,125000000.00000001,125000000.0,4003.7316792536712,99,99,198,42,0.21212121212121213,0.049999999999999996,1.0,1.0,1.0,2.0,0.002443554907716928,0.0004,0.0001,0.0003,100000.0,1.6014926717014683e-05,0.002343554907716928,0.002043554907716928,0.002043554907716928,0.0020275399809999133,24.435549077169277,1.0,2.9999999999999996,0.16014926717014683,20.275399809999133,True,False
2018-07-09,118806.53013104358,250000000.00000003,125000000.00000001,125000000.00000001,4117.997356258236,99,99,198,46,0.23232323232323232,0.05000000000000001,1.0000000000000002,1.0000000000000002,1.0000000000000002,2.0000000000000004,0.0004752261205241743,0.00040000000000000013,0.00010000000000000003,0.00030000000000000003,100000.00000000003,1.6471989425032945e-05,0.00037522612052417423,7.52261205241742e-05,7.52261205241742e-05,5.875413109914126e-05,4.752261205241743,1.0000000000000002,3.0000000000000004,0.16471989425032946,0.5875413109914126,True,False
2018-07-10,-36187.02960046096,249999999.99999997,125000000.0,124999999.99999996,3430.2350668498652,99,99,198,32,0.16161616161616163,0.049999999999999996,0.9999999999999999,0.9999999999999999,0.9999999999999999,1.9999999999999998,-0.00014474811840184385,0.00039999999999999996,9.999999999999999e-05,0.0002999999999999999,99999.99999999999,1.372094026739946e-05,-0.0002447481184018438,-0.0005447481184018437,-0.0005447481184018437,-0.0005584690586692432,-1.4474811840184385,0.9999999999999999,2.999999999999999,0.13720940267399462,-5.584690586692432,True,False
2018-07-11,70175.55569191773,250000000.0,125000000.0,125000000.00000001,3321.4920952182197,98,98,196,30,0.15306122448979592,0.05000000000000001,1.0,1.0,1.0,2.0,0.0002807022227676709,0.0004,0.0001,0.0003,100000.0,1.3285968380872878e-05,0.00018070222276767093,-0.00011929777723232904,-0.00011929777723232904,-0.0001325837456132019,2.8070222276767094,1.0,2.9999999999999996,0.13285968380872878,-1.325837456132019,True,False
2018-07-12,-176616.9777794515,250000000.0,125000000.0,125000000.0,4092.2543979509414,98,98,196,35,0.17857142857142858,0.05,1.0,1.0,1.0,2.0,-0.000706467911117806,0.0004,0.0001,0.0003,100000.0,1.6369017591803765e-05,-0.000806467911117806,-0.001106467911117806,-0.001106467911117806,-0.0011228369287096098,-7.06467911117806,1.0,2.9999999999999996,0.16369017591803764,-11.228369287096097,True,False
2018-07-13,-250037.1485946507,250000000.0,125000000.00000003,124999999.99999999,5002.629114964511,98,98,196,31,0.15816326530612246,0.049999999999999996,1.0,1.0,1.0,2.0,-0.0010001485943786027,0.0004,0.0001,0.0003,100000.0,2.0010516459858044e-05,-0.0011001485943786028,-0.0014001485943786027,-0.0014001485943786027,-0.0014201591108384606,-10.001485943786028,1.0,2.9999999999999996,0.20010516459858044,-14.201591108384607,True,False
2018-07-16,-401392.08090013353,249999999.99999997,124999999.99999994,125000000.0,5013.0529755123325,97,97,194,36,0.18556701030927836,0.05000000000000001,0.9999999999999999,0.9999999999999999,0.9999999999999999,1.9999999999999998,-0.001605568323600534,0.00039999999999999996,9.999999999999999e-05,0.0002999999999999999,99999.99999999999,2.005221190204933e-05,-0.0017055683236005341,-0.002005568323600534,-0.002005568323600534,-0.0020256205355025834,-16.05568323600534,0.9999999999999999,2.999999999999999,0.2005221190204933,-20.256205355025834,True,False
2018-07-17,-7881.113163451602,250000000.0,125000000.0,125000000.0,5344.288327944605,93,93,186,57,0.3064516129032258,0.05000000000000001,1.0,1.0,1.0,2.0,-3.152445265380641e-05,0.0004,0.0001,0.0003,100000.0,2.137715331177842e-05,-0.00013152445265380642,-0.0004315244526538064,-0.0004315244526538064,-0.0004529016059655848,-0.3152445265380641,1.0,2.9999999999999996,0.21377153311778418,-4.529016059655848,True,False
2018-07-18,-171614.7164179709,249999999.99999997,124999999.99999999,124999999.99999999,5058.667914207282,92,92,184,31,0.16847826086956522,0.05000000000000001,0.9999999999999999,0.9999999999999999,0.9999999999999999,1.9999999999999998,-0.0006864588656718836,0.00039999999999999996,9.999999999999999e-05,0.0002999999999999999,99999.99999999999,2.0234671656829126e-05,-0.0007864588656718836,-0.0010864588656718836,-0.0010864588656718836,-0.0011066935373287127,-6.864588656718836,0.9999999999999999,2.999999999999999,0.20234671656829126,-11.066935373287127,True,False
2018-07-19,212110.1229730817,250000000.0,125000000.00000001,124999999.99999999,3876.736954056276,93,93,186,50,0.26881720430107525,0.049999999999999996,1.0,1.0,1.0,2.0,0.0008484404918923269,0.0004,0.0001,0.0003,100000.0,1.5506947816225103e-05,0.0007484404918923268,0.0004484404918923269,0.0004484404918923269,0.00043293354407610175,8.48440491892327,1.0,2.9999999999999996,0.15506947816225103,4.329335440761017,True,False
2018-07-20,-40600.302209532005,249999999.99999997,124999999.99999997,124999999.99999997,6402.798023138316,92,92,184,68,0.3695652173913043,0.05,0.9999999999999999,0.9999999999999999,0.9999999999999999,1.9999999999999998,-0.00016240120883812803,0.00039999999999999996,9.999999999999999e-05,0.0002999999999999999,99999.99999999999,2.5611192092553265e-05,-0.000262401208838128,-0.0005624012088381279,-0.0005624012088381279,-0.0005880124009306812,-1.6240120883812803,0.9999999999999999,2.999999999999999,0.25611192092553264,-5.880124009306812,True,False
2018-07-23,527042.022581119,249999999.99999997,124999999.99999997,124999999.99999997,5395.6015085948575,89,89,178,57,0.3202247191011236,0.05000000000000001,0.9999999999999999,0.9999999999999999,0.9999999999999999,1.9999999999999998,0.002108168090324476,0.00039999999999999996,9.999999999999999e-05,0.0002999999999999999,99999.99999999999,2.158240603437943e-05,0.002008168090324476,0.0017081680903244761,0.0017081680903244761,0.0016865856842900968,21.08168090324476,0.9999999999999999,2.999999999999999,0.21582406034379428,16.865856842900968,True,False
2018-07-24,-80077.18435383253,249999999.99999997,124999999.99999997,125000000.0,4414.621818374365,80,80,160,55,0.34375,0.05000000000000001,0.9999999999999999,0.9999999999999999,0.9999999999999999,1.9999999999999998,-0.00032030873741533013,0.00039999999999999996,9.999999999999999e-05,0.0002999999999999999,99999.99999999999,1.765848727349746e-05,-0.0004203087374153301,-0.00072030873741533,-0.00072030873741533,-0.0007379672246888274,-3.2030873741533012,0.9999999999999999,2.999999999999999,0.1765848727349746,-7.379672246888274,True,False
2018-07-25,-1432248.5942141898,249999999.99999997,125000000.00000001,124999999.99999999,4276.543516773282,77,77,154,38,0.24675324675324675,0.049999999999999996,0.9999999999999999,0.9999999999999999,0.9999999999999999,1.9999999999999998,-0.00572899437685676,0.00039999999999999996,9.999999999999999e-05,0.0002999999999999999,99999.99999999999,1.710617406709313e-05,-0.00582899437685676,-0.00612899437685676,-0.00612899437685676,-0.006146100550923853,-57.289943768567596,0.9999999999999999,2.999999999999999,0.17106174067093127,-61.46100550923853,True,False
2018-07-26,165196.1559990752,249999999.99999994,124999999.99999996,124999999.99999997,4547.5774317980895,82,82,164,39,0.23780487804878048,0.05000000000000001,0.9999999999999998,0.9999999999999998,0.9999999999999998,1.9999999999999996,0.0006607846239963009,0.0003999999999999999,9.999999999999998e-05,0.0002999999999999999,99999.99999999997,1.8190309727192356e-05,0.000560784623996301,0.00026078462399630104,0.00026078462399630104,0.00024259431426910868,6.607846239963009,0.9999999999999998,2.999999999999999,0.18190309727192355,2.4259431426910867,True,False
2018-07-27,112634.83046156794,250000000.0,124999999.99999994,125000000.00000001,5768.143743505425,87,87,174,55,0.3160919540229885,0.049999999999999996,1.0,1.0,1.0,2.0,0.00045053932184627176,0.0004,0.0001,0.0003,100000.0,2.30725749740217e-05,0.0003505393218462718,5.05393218462718e-05,5.05393218462718e-05,2.74667468722501e-05,4.505393218462718,1.0,2.9999999999999996,0.230725749740217,0.274667468722501,True,False
2018-07-30,-178095.20560229974,250000000.0,124999999.99999999,124999999.99999997,5217.44705672811,88,88,176,45,0.2556818181818182,0.05000000000000001,1.0,1.0,1.0,2.0,-0.000712380822409199,0.0004,0.0001,0.0003,100000.0,2.0869788226912437e-05,-0.000812380822409199,-0.001112380822409199,-0.001112380822409199,-0.0011332506106361115,-7.12380822409199,1.0,2.9999999999999996,0.20869788226912436,-11.332506106361114,True,False
2018-07-31,305043.96240016154,249999999.99999997,124999999.99999997,124999999.99999997,6050.294399520132,80,80,160,51,0.31875,0.05,0.9999999999999999,0.9999999999999999,0.9999999999999999,1.9999999999999998,0.0012201758496006461,0.00039999999999999996,9.999999999999999e-05,0.0002999999999999999,99999.99999999999,2.420117759808053e-05,0.001120175849600646,0.0008201758496006462,0.0008201758496006462,0.0007959746720025656,12.20175849600646,0.9999999999999999,2.999999999999999,0.2420117759808053,7.959746720025657,True,False
2018-08-01,-294366.34201274643,250000000.0,124999999.99999997,125000000.00000001,4026.3893611813573,81,81,162,57,0.35185185185185186,0.05000000000000001,1.0,1.0,1.0,2.0,-0.0011774653680509857,0.0004,0.0001,0.0003,100000.0,1.610555744472543e-05,-0.0012774653680509857,-0.0015774653680509856,-0.0015774653680509856,-0.001593570925495711,-11.774653680509857,1.0,2.9999999999999996,0.1610555744472543,-15.93570925495711,True,False
2018-08-02,340085.03061262064,249999999.99999994,124999999.99999997,124999999.99999997,5025.678028259185,85,85,170,40,0.23529411764705882,0.05000000000000001,0.9999999999999998,0.9999999999999998,0.9999999999999998,1.9999999999999996,0.0013603401224504825,0.0003999999999999999,9.999999999999998e-05,0.0002999999999999999,99999.99999999997,2.0102712113036743e-05,0.0012603401224504825,0.0009603401224504825,0.0009603401224504825,0.0009402374103374458,13.603401224504825,0.9999999999999998,2.999999999999999,0.20102712113036741,9.402374103374457,True,False
2018-08-03,1392.8305281813505,249999999.9999999,124999999.99999996,124999999.99999997,5508.350261482975,91,91,182,41,0.22527472527472528,0.05000000000000001,0.9999999999999997,0.9999999999999997,0.9999999999999997,1.9999999999999993,5.571322112725402e-06,0.0003999999999999999,9.999999999999998e-05,0.00029999999999999987,99999.99999999997,2.20334010459319e-05,-9.442867788727458e-05,-0.00039442867788727447,-0.00039442867788727447,-0.00041646207893320636,0.05571322112725401,0.9999999999999998,2.9999999999999987,0.220334010459319,-4.164620789332064,True,False
2018-08-06,484569.2592095682,249999999.9999999,124999999.99999996,124999999.99999996,6735.651050743203,91,91,182,42,0.23076923076923078,0.05,0.9999999999999997,0.9999999999999997,0.9999999999999997,1.9999999999999993,0.0019382770368382729,0.0003999999999999999,9.999999999999998e-05,0.00029999999999999987,99999.99999999997,2.6942604202972814e-05,0.0018382770368382728,0.0015382770368382729,0.0015382770368382729,0.0015113344326353,19.38277036838273,0.9999999999999998,2.9999999999999987,0.26942604202972814,15.113344326353,True,False
2018-08-07,-32038.017606690853,249999999.99999997,124999999.99999997,124999999.99999997,5874.2573985602085,89,89,178,46,0.25842696629213485,0.05,0.9999999999999999,0.9999999999999999,0.9999999999999999,1.9999999999999998,-0.0001281520704267634,0.00039999999999999996,9.999999999999999e-05,0.0002999999999999999,99999.99999999999,2.3497029594240834e-05,-0.0002281520704267634,-0.0005281520704267633,-0.0005281520704267633,-0.0005516491000210042,-1.281520704267634,0.9999999999999999,2.999999999999999,0.23497029594240834,-5.516491000210041,True,False
2018-08-08,209413.07635856429,249999999.99999997,124999999.99999996,124999999.99999997,4603.093112388677,91,91,182,42,0.23076923076923078,0.05000000000000001,0.9999999999999999,0.9999999999999999,0.9999999999999999,1.9999999999999998,0.0008376523054342571,0.00039999999999999996,9.999999999999999e-05,0.0002999999999999999,99999.99999999999,1.8412372449554707e-05,0.0007376523054342572,0.0004376523054342573,0.0004376523054342573,0.0004192399329847026,8.376523054342572,0.9999999999999999,2.999999999999999,0.18412372449554706,4.192399329847026,True,False
2018-08-09,-48178.517452349,249999999.9999999,125000000.00000001,124999999.99999997,5779.966270273775,95,95,190,51,0.26842105263157895,0.049999999999999996,0.9999999999999997,0.9999999999999997,0.9999999999999997,1.9999999999999993,-0.000192714069809396,0.0003999999999999999,9.999999999999998e-05,0.00029999999999999987,99999.99999999997,2.31198650810951e-05,-0.00029271406980939597,-0.0005927140698093958,-0.0005927140698093958,-0.000615833934890491,-1.92714069809396,0.9999999999999998,2.9999999999999987,0.231198650810951,-6.158339348904909,True,False
2018-08-10,493045.682070134,250000000.0,125000000.00000003,125000000.00000001,4885.145718978168,98,98,196,48,0.24489795918367346,0.05000000000000001,1.0,1.0,1.0,2.0,0.001972182728280536,0.0004,0.0001,0.0003,100000.0,1.954058287591267e-05,0.001872182728280536,0.001572182728280536,0.001572182728280536,0.0015526421454046234,19.72182728280536,1.0,2.9999999999999996,0.19540582875912668,15.526421454046234,True,False
2018-08-13,162247.79102348315,249999999.99999997,125000000.00000001,124999999.99999999,5002.763541213501,98,98,196,48,0.24489795918367346,0.049999999999999996,0.9999999999999999,0.9999999999999999,0.9999999999999999,1.9999999999999998,0.0006489911640939326,0.00039999999999999996,9.999999999999999e-05,0.0002999999999999999,99999.99999999999,2.0011054164854007e-05,0.0005489911640939326,0.0002489911640939327,0.0002489911640939327,0.00022898010992907872,6.489911640939326,0.9999999999999999,2.999999999999999,0.20011054164854009,2.2898010992907873,True,False
2018-08-14,-684574.0806107796,249999999.99999997,124999999.99999996,125000000.0,4776.548347885362,98,98,196,56,0.2857142857142857,0.05000000000000001,0.9999999999999999,0.9999999999999999,0.9999999999999999,1.9999999999999998,-0.0027382963224431185,0.00039999999999999996,9.999999999999999e-05,0.0002999999999999999,99999.99999999999,1.910619339154145e-05,-0.0028382963224431183,-0.0031382963224431183,-0.0031382963224431183,-0.00315740251583466,-27.382963224431187,0.9999999999999999,2.999999999999999,0.19106193391541448,-31.574025158346597,True,False
2018-08-15,304694.385703811,249999999.99999994,124999999.99999997,124999999.99999997,4807.620823341161,98,98,196,61,0.3112244897959184,0.049999999999999996,0.9999999999999998,0.9999999999999998,0.9999999999999998,1.9999999999999996,0.001218777542815244,0.0003999999999999999,9.999999999999998e-05,0.0002999999999999999,99999.99999999997,1.9230483293364642e-05,0.001118777542815244,0.0008187775428152441,0.0008187775428152441,0.0007995470595218795,12.18777542815244,0.9999999999999998,2.999999999999999,0.19230483293364642,7.995470595218794,True,False
2018-08-16,-160358.64796158287,250000000.0,125000000.00000003,125000000.0,4309.961515672628,98,98,196,49,0.25,0.049999999999999996,1.0,1.0,1.0,2.0,-0.0006414345918463315,0.0004,0.0001,0.0003,100000.0,1.723984606269051e-05,-0.0007414345918463315,-0.0010414345918463314,-0.0010414345918463314,-0.0010586744379090219,-6.414345918463314,1.0,2.9999999999999996,0.17239846062690511,-10.586744379090218,True,False
2018-08-17,85770.83475010206,249999999.99999997,124999999.99999997,124999999.99999996,4761.214751882035,98,98,196,57,0.29081632653061223,0.05,0.9999999999999999,0.9999999999999999,0.9999999999999999,1.9999999999999998,0.00034308333900040825,0.00039999999999999996,9.999999999999999e-05,0.0002999999999999999,99999.99999999999,1.904485900752814e-05,0.00024308333900040826,-5.691666099959166e-05,-5.691666099959166e-05,-7.59615200071198e-05,3.4308333900040826,0.9999999999999999,2.999999999999999,0.1904485900752814,-0.759615200071198,True,False
2018-08-20,281408.1394278266,250000000.0,124999999.99999997,125000000.00000001,4629.421420430071,98,98,196,61,0.3112244897959184,0.05000000000000001,1.0,1.0,1.0,2.0,0.0011256325577113065,0.0004,0.0001,0.0003,100000.0,1.851768568172028e-05,0.0010256325577113065,0.0007256325577113065,0.0007256325577113065,0.0007071148720295862,11.256325577113065,1.0,2.9999999999999996,0.1851768568172028,7.071148720295862,True,False
2018-08-21,-16836.45171288034,250000000.0,124999999.99999997,125000000.0,4744.101135635881,97,97,194,31,0.15979381443298968,0.05000000000000001,1.0,1.0,1.0,2.0,-6.734580685152137e-05,0.0004,0.0001,0.0003,100000.0,1.8976404542543527e-05,-0.00016734580685152136,-0.00046734580685152134,-0.00046734580685152134,-0.0004863222113940649,-0.6734580685152137,1.0,2.9999999999999996,0.18976404542543526,-4.863222113940648,True,False
2018-08-22,181225.8636120525,250000000.0,124999999.99999997,124999999.99999999,4187.610800805627,97,97,194,75,0.3865979381443299,0.049999999999999996,1.0,1.0,1.0,2.0,0.0007249034544482099,0.0004,0.0001,0.0003,100000.0,1.675044320322251e-05,0.0006249034544482099,0.0003249034544482099,0.0003249034544482099,0.0003081530112449874,7.249034544482099,1.0,2.9999999999999996,0.1675044320322251,3.0815301124498737,True,False
2018-08-23,277471.46984667797,249999999.99999997,124999999.99999997,124999999.99999996,4681.440166588397,98,98,196,48,0.24489795918367346,0.05,0.9999999999999999,0.9999999999999999,0.9999999999999999,1.9999999999999998,0.0011098858793867118,0.00039999999999999996,9.999999999999999e-05,0.0002999999999999999,99999.99999999999,1.872576066635359e-05,0.0010098858793867117,0.0007098858793867118,0.0007098858793867118,0.0006911601187203582,11.098858793867118,0.9999999999999999,2.999999999999999,0.18725760666353589,6.9116011872035825,True,False
2018-08-24,99812.79509987189,250000000.0,124999999.99999999,124999999.99999997,4690.7878586400275,98,98,196,39,0.1989795918367347,0.05,1.0,1.0,1.0,2.0,0.00039925118039948755,0.0004,0.0001,0.0003,100000.0,1.876315143456011e-05,0.00029925118039948756,-7.48819600512418e-07,-7.48819600512418e-07,-1.9511971035072527e-05,3.9925118039948755,1.0,2.9999999999999996,0.1876315143456011,-0.19511971035072526,True,False
2018-08-27,163121.33193205833,249999999.99999997,124999999.99999996,125000000.0,6274.295567207761,98,98,196,49,0.25,0.05000000000000001,0.9999999999999999,0.9999999999999999,0.9999999999999999,1.9999999999999998,0.0006524853277282333,0.00039999999999999996,9.999999999999999e-05,0.0002999999999999999,99999.99999999999,2.5097182268831047e-05,0.0005524853277282334,0.00025248532772823343,0.00025248532772823343,0.0002273881454594024,6.524853277282333,0.9999999999999999,2.999999999999999,0.2509718226883105,2.273881454594024,True,False
2018-08-28,-77184.66929262628,250000000.0,125000000.00000003,124999999.99999999,5150.733049015915,97,97,194,44,0.2268041237113402,0.049999999999999996,1.0,1.0,1.0,2.0,-0.00030873867717050513,0.0004,0.0001,0.0003,100000.0,2.0602932196063658e-05,-0.0004087386771705051,-0.0007087386771705051,-0.0007087386771705051,-0.0007293416093665688,-3.0873867717050514,1.0,2.9999999999999996,0.20602932196063659,-7.293416093665688,True,False
2018-08-29,-359103.64274995413,250000000.0,124999999.99999999,125000000.0,6344.718417044151,97,97,194,51,0.26288659793814434,0.05000000000000001,1.0,1.0,1.0,2.0,-0.0014364145709998164,0.0004,0.0001,0.0003,100000.0,2.5378873668176602e-05,-0.0015364145709998165,-0.0018364145709998164,-0.0018364145709998164,-0.001861793444667993,-14.364145709998164,1.0,2.9999999999999996,0.25378873668176605,-18.61793444667993,True,False
2018-08-30,-38222.42736848251,249999999.99999994,124999999.99999996,124999999.99999999,5491.615590960379,98,98,196,48,0.24489795918367346,0.049999999999999996,0.9999999999999998,0.9999999999999998,0.9999999999999998,1.9999999999999996,-0.00015288970947393004,0.0003999999999999999,9.999999999999998e-05,0.0002999999999999999,99999.99999999997,2.196646236384152e-05,-0.00025288970947393003,-0.0005528897094739299,-0.0005528897094739299,-0.0005748561718377714,-1.5288970947393004,0.9999999999999998,2.999999999999999,0.21966462363841519,-5.748561718377714,True,False
2018-08-31,-206679.8790877913,250000000.0,125000000.00000003,125000000.0,7366.546279775109,99,99,198,68,0.3434343434343434,0.05000000000000001,1.0,1.0,1.0,2.0,-0.0008267195163511652,0.0004,0.0001,0.0003,100000.0,2.9466185119100437e-05,-0.0009267195163511653,-0.0012267195163511652,-0.0012267195163511652,-0.0012561857014702657,-8.267195163511653,1.0,2.9999999999999996,0.29466185119100435,-12.561857014702657,True,False
2018-09-04,-170208.31095315787,250000000.0,125000000.0,124999999.99999999,7651.23089256114,99,99,198,76,0.3838383838383838,0.05,1.0,1.0,1.0,2.0,-0.0006808332438126315,0.0004,0.0001,0.0003,100000.0,3.060492357024456e-05,-0.0007808332438126315,-0.0010808332438126316,-0.0010808332438126316,-0.0011114381673828762,-6.808332438126315,1.0,2.9999999999999996,0.30604923570244563,-11.114381673828762,True,False
2018-09-05,33045.82991338777,250000000.0,124999999.99999997,124999999.99999999,6759.719808764352,98,98,196,54,0.2755102040816326,0.05000000000000001,1.0,1.0,1.0,2.0,0.0001321833196535511,0.0004,0.0001,0.0003,100000.0,2.7038879235057408e-05,3.218331965355109e-05,-0.00026781668034644887,-0.00026781668034644887,-0.00029485555958150625,1.321833196535511,1.0,2.9999999999999996,0.27038879235057406,-2.9485555958150624,True,False
2018-09-06,-329079.59572589485,249999999.99999997,124999999.99999994,125000000.0,6798.010047359207,98,98,196,57,0.29081632653061223,0.05000000000000001,0.9999999999999999,0.9999999999999999,0.9999999999999999,1.9999999999999998,-0.0013163183829035794,0.00039999999999999996,9.999999999999999e-05,0.0002999999999999999,99999.99999999999,2.719204018943683e-05,-0.0014163183829035795,-0.0017163183829035794,-0.0017163183829035794,-0.0017435104230930161,-13.163183829035795,0.9999999999999999,2.999999999999999,0.27192040189436834,-17.43510423093016,True,False
2018-09-07,342411.16531361133,250000000.00000006,125000000.0,125000000.00000001,7494.923918825016,99,99,198,51,0.25757575757575757,0.05000000000000001,1.0000000000000002,1.0000000000000002,1.0000000000000002,2.0000000000000004,0.0013696446612544452,0.00040000000000000013,0.00010000000000000003,0.00030000000000000003,100000.00000000003,2.9979695675300063e-05,0.0012696446612544452,0.0009696446612544452,0.0009696446612544452,0.0009396649655791451,13.696446612544452,1.0000000000000002,3.0000000000000004,0.2997969567530006,9.396649655791451,True,False
2018-09-10,-312005.4240724682,249999999.99999997,125000000.0,125000000.0,7719.695131684566,99,99,198,55,0.2777777777777778,0.049999999999999996,0.9999999999999999,0.9999999999999999,0.9999999999999999,1.9999999999999998,-0.0012480216962898727,0.00039999999999999996,9.999999999999999e-05,0.0002999999999999999,99999.99999999999,3.0878780526738265e-05,-0.0013480216962898728,-0.0016480216962898727,-0.0016480216962898727,-0.001678900476816611,-12.480216962898728,0.9999999999999999,2.999999999999999,0.30878780526738264,-16.78900476816611,True,False
2018-09-11,-158749.6529367238,250000000.0,124999999.99999997,125000000.0,5854.3737844665575,99,99,198,51,0.25757575757575757,0.049999999999999996,1.0,1.0,1.0,2.0,-0.0006349986117468952,0.0004,0.0001,0.0003,100000.0,2.341749513786623e-05,-0.0007349986117468953,-0.0010349986117468952,-0.0010349986117468952,-0.0010584161068847614,-6.349986117468952,1.0,2.9999999999999996,0.23417495137866232,-10.584161068847614,True,False
2018-09-12,151412.85169171225,250000000.0,125000000.00000001,125000000.0,7433.595628754873,99,99,198,55,0.2777777777777778,0.049999999999999996,1.0,1.0,1.0,2.0,0.000605651406766849,0.0004,0.0001,0.0003,100000.0,2.9734382515019493e-05,0.0005056514067668489,0.00020565140676684894,0.00020565140676684894,0.00017591702425182943,6.056514067668489,1.0,2.9999999999999996,0.2973438251501949,1.7591702425182942,True,False
2018-09-13,347937.4888569475,250000000.0,125000000.00000001,124999999.99999999,5936.134298279171,99,99,198,46,0.23232323232323232,0.049999999999999996,1.0,1.0,1.0,2.0,0.0013917499554277901,0.0004,0.0001,0.0003,100000.0,2.3744537193116686e-05,0.00129174995542779,0.0009917499554277902,0.0009917499554277902,0.0009680054182346734,13.917499554277901,1.0,2.9999999999999996,0.23744537193116685,9.680054182346733,True,False
2018-09-14,9124.170400876144,249999999.99999997,124999999.99999996,124999999.99999999,4795.753582175266,99,99,198,58,0.29292929292929293,0.049999999999999996,0.9999999999999999,0.9999999999999999,0.9999999999999999,1.9999999999999998,3.649668160350458e-05,0.00039999999999999996,9.999999999999999e-05,0.0002999999999999999,99999.99999999999,1.9183014328701067e-05,-6.350331839649541e-05,-0.0003635033183964953,-0.0003635033183964953,-0.0003826863327251964,0.36496681603504577,0.9999999999999999,2.999999999999999,0.19183014328701067,-3.8268633272519637,True,False
2018-09-17,262608.4097648783,250000000.0,125000000.0,124999999.99999999,5511.756867541909,99,99,198,83,0.41919191919191917,0.049999999999999996,1.0,1.0,1.0,2.0,0.0010504336390595131,0.0004,0.0001,0.0003,100000.0,2.2047027470167635e-05,0.0009504336390595131,0.0006504336390595132,0.0006504336390595132,0.0006283866115893456,10.504336390595132,1.0,2.9999999999999996,0.22047027470167635,6.2838661158934555,True,False
2018-09-18,-71476.79010967804,250000000.0,125000000.0,125000000.00000001,5370.553298644815,98,98,196,54,0.2755102040816326,0.05000000000000001,1.0,1.0,1.0,2.0,-0.0002859071604387122,0.0004,0.0001,0.0003,100000.0,2.148221319457926e-05,-0.0003859071604387122,-0.0006859071604387122,-0.0006859071604387122,-0.0007073893736332914,-2.859071604387122,1.0,2.9999999999999996,0.2148221319457926,-7.073893736332914,True,False
2018-09-19,198420.24331022656,250000000.0,125000000.00000001,125000000.0,5182.746255360276,99,99,198,46,0.23232323232323232,0.049999999999999996,1.0,1.0,1.0,2.0,0.0007936809732409062,0.0004,0.0001,0.0003,100000.0,2.0730985021441105e-05,0.0006936809732409062,0.0003936809732409062,0.0003936809732409062,0.0003729499882194651,7.9368097324090625,1.0,2.9999999999999996,0.20730985021441106,3.7294998821946512,True,False
2018-09-20,129262.98827242803,250000000.0,125000000.00000003,125000000.0,4804.907431806456,99,99,198,65,0.3282828282828283,0.05000000000000001,1.0,1.0,1.0,2.0,0.0005170519530897121,0.0004,0.0001,0.0003,100000.0,1.9219629727225823e-05,0.0004170519530897121,0.00011705195308971215,0.00011705195308971215,9.783232336248632e-05,5.1705195308971215,1.0,2.9999999999999996,0.19219629727225823,0.9783232336248632,True,False
2018-09-21,-239900.01691194915,250000000.00000003,125000000.00000001,125000000.00000001,7831.788975353701,99,99,198,73,0.3686868686868687,0.05000000000000001,1.0000000000000002,1.0000000000000002,1.0000000000000002,2.0000000000000004,-0.0009596000676477966,0.00040000000000000013,0.00010000000000000003,0.00030000000000000003,100000.00000000003,3.1327155901414804e-05,-0.0010596000676477966,-0.0013596000676477965,-0.0013596000676477965,-0.0013909272235492114,-9.596000676477965,1.0000000000000002,3.0000000000000004,0.31327155901414805,-13.909272235492114,True,False
2018-09-24,106580.21174840457,250000000.00000006,125000000.0,125000000.0,6458.787108411219,99,99,198,42,0.21212121212121213,0.05,1.0000000000000002,1.0000000000000002,1.0000000000000002,2.0000000000000004,0.0004263208469936183,0.00040000000000000013,0.00010000000000000003,0.00030000000000000003,100000.00000000003,2.5835148433644878e-05,0.00032632084699361826,2.6320846993618233e-05,2.6320846993618233e-05,4.85698559973355e-07,4.263208469936183,1.0000000000000002,3.0000000000000004,0.2583514843364488,0.0048569855997335504,True,False
2018-09-25,-140595.95949760577,250000000.00000003,125000000.00000003,125000000.0,6147.647075077064,98,98,196,58,0.29591836734693877,0.05000000000000001,1.0000000000000002,1.0000000000000002,1.0000000000000002,2.0000000000000004,-0.0005623838379904231,0.00040000000000000013,0.00010000000000000003,0.00030000000000000003,100000.00000000003,2.4590588300308256e-05,-0.0006623838379904232,-0.0009623838379904232,-0.0009623838379904232,-0.0009869744262907315,-5.623838379904231,1.0000000000000002,3.0000000000000004,0.24590588300308255,-9.869744262907314,True,False
2018-09-26,156549.26959193163,250000000.00000003,125000000.0,125000000.00000001,5172.499565144958,98,98,196,45,0.22959183673469388,0.05000000000000001,1.0000000000000002,1.0000000000000002,1.0000000000000002,2.0000000000000004,0.0006261970783677265,0.00040000000000000013,0.00010000000000000003,0.00030000000000000003,100000.00000000003,2.068999826057983e-05,0.0005261970783677264,0.0002261970783677264,0.0002261970783677264,0.00020550708010714657,6.261970783677265,1.0000000000000002,3.0000000000000004,0.2068999826057983,2.055070801071466,True,False
2018-09-27,-192077.80704151205,249999999.99999997,124999999.99999997,125000000.00000001,4178.333047013364,99,99,198,34,0.1717171717171717,0.05,0.9999999999999999,0.9999999999999999,0.9999999999999999,1.9999999999999998,-0.0007683112281660482,0.00039999999999999996,9.999999999999999e-05,0.0002999999999999999,99999.99999999999,1.6713332188053456e-05,-0.0008683112281660482,-0.0011683112281660481,-0.0011683112281660481,-0.0011850245603541017,-7.683112281660482,0.9999999999999999,2.999999999999999,0.16713332188053456,-11.850245603541017,True,False
2018-09-28,674484.7782783422,250000000.0,124999999.99999999,124999999.99999999,4009.098139978613,99,99,198,59,0.29797979797979796,0.049999999999999996,1.0,1.0,1.0,2.0,0.002697939113113369,0.0004,0.0001,0.0003,100000.0,1.6036392559914453e-05,0.002597939113113369,0.002297939113113369,0.002297939113113369,0.0022819027205534547,26.97939113113369,1.0,2.9999999999999996,0.16036392559914453,22.819027205534546,True,False
2018-10-01,-277115.6216764328,250000000.0,124999999.99999999,125000000.0,4783.79572078569,99,99,198,58,0.29292929292929293,0.049999999999999996,1.0,1.0,1.0,2.0,-0.0011084624867057312,0.0004,0.0001,0.0003,100000.0,1.9135182883142758e-05,-0.0012084624867057313,-0.0015084624867057312,-0.0015084624867057312,-0.001527597669588874,-11.084624867057313,1.0,2.9999999999999996,0.1913518288314276,-15.27597669588874,True,False
2018-10-02,213859.2610984575,250000000.00000003,125000000.0,125000000.00000001,4872.9326925224905,99,99,198,32,0.16161616161616163,0.049999999999999996,1.0000000000000002,1.0000000000000002,1.0000000000000002,2.0000000000000004,0.00085543704439383,0.00040000000000000013,0.00010000000000000003,0.00030000000000000003,100000.00000000003,1.9491730770089962e-05,0.0007554370443938299,0.0004554370443938299,0.0004554370443938299,0.00043594531362373996,8.5543704439383,1.0000000000000002,3.0000000000000004,0.19491730770089963,4.359453136237399,True,False
2018-10-03,-179056.38593539756,250000000.00000003,125000000.0,125000000.0,4121.560506474555,99,99,198,42,0.21212121212121213,0.05,1.0000000000000002,1.0000000000000002,1.0000000000000002,2.0000000000000004,-0.0007162255437415902,0.00040000000000000013,0.00010000000000000003,0.00030000000000000003,100000.00000000003,1.6486242025898222e-05,-0.0008162255437415902,-0.0011162255437415902,-0.0011162255437415902,-0.0011327117857674884,-7.162255437415902,1.0000000000000002,3.0000000000000004,0.1648624202589822,-11.327117857674883,True,False
2018-10-04,-213175.58478173116,249999999.99999997,124999999.99999996,125000000.0,5147.116516631227,99,99,198,68,0.3434343434343434,0.05000000000000001,0.9999999999999999,0.9999999999999999,0.9999999999999999,1.9999999999999998,-0.0008527023391269247,0.00039999999999999996,9.999999999999999e-05,0.0002999999999999999,99999.99999999999,2.0588466066524905e-05,-0.0009527023391269246,-0.0012527023391269245,-0.0012527023391269245,-0.0012732908051934495,-8.527023391269246,0.9999999999999999,2.999999999999999,0.20588466066524905,-12.732908051934496,True,False
2018-10-05,-673462.4338111242,249999999.99999997,125000000.00000004,124999999.99999999,5068.2222672435855,99,99,198,34,0.1717171717171717,0.049999999999999996,0.9999999999999999,0.9999999999999999,0.9999999999999999,1.9999999999999998,-0.0026938497352444967,0.00039999999999999996,9.999999999999999e-05,0.0002999999999999999,99999.99999999999,2.0272889068974344e-05,-0.0027938497352444965,-0.0030938497352444964,-0.0030938497352444964,-0.0031141226243134707,-26.938497352444966,0.9999999999999999,2.999999999999999,0.20272889068974342,-31.141226243134707,True,False
2018-10-08,-290056.3729920536,250000000.0,125000000.00000001,125000000.0,4451.117717237757,99,99,198,39,0.19696969696969696,0.049999999999999996,1.0,1.0,1.0,2.0,-0.0011602254919682146,0.0004,0.0001,0.0003,100000.0,1.7804470868951026e-05,-0.0012602254919682147,-0.0015602254919682146,-0.0015602254919682146,-0.0015780299628371656,-11.602254919682146,1.0,2.9999999999999996,0.17804470868951025,-15.780299628371656,True,False
2018-10-09,-248030.8426514741,250000000.0,124999999.99999999,124999999.99999999,5480.923088108984,99,99,198,46,0.23232323232323232,0.049999999999999996,1.0,1.0,1.0,2.0,-0.0009921233706058964,0.0004,0.0001,0.0003,100000.0,2.1923692352435938e-05,-0.0010921233706058964,-0.0013921233706058963,-0.0013921233706058963,-0.0014140470629583322,-9.921233706058963,1.0,2.9999999999999996,0.2192369235243594,-14.140470629583323,True,False
2018-10-10,-135741.45442937088,250000000.00000003,124999999.99999999,125000000.00000001,3959.1725420576845,98,98,196,40,0.20408163265306123,0.05,1.0000000000000002,1.0000000000000002,1.0000000000000002,2.0000000000000004,-0.0005429658177174835,0.00040000000000000013,0.00010000000000000003,0.00030000000000000003,100000.00000000003,1.5836690168230738e-05,-0.0006429658177174836,-0.0009429658177174836,-0.0009429658177174836,-0.0009588025078857143,-5.429658177174836,1.0000000000000002,3.0000000000000004,0.15836690168230738,-9.588025078857143,True,False
2018-10-11,2343396.50551511,249999999.99999994,125000000.0,124999999.99999999,4631.852511722084,98,98,196,55,0.28061224489795916,0.04999999999999999,0.9999999999999998,0.9999999999999998,0.9999999999999998,1.9999999999999996,0.00937358602206044,0.0003999999999999999,9.999999999999998e-05,0.0002999999999999999,99999.99999999997,1.8527410046888338e-05,0.00927358602206044,0.00897358602206044,0.00897358602206044,0.008955058612013553,93.7358602206044,0.9999999999999998,2.999999999999999,0.18527410046888337,89.55058612013553,True,False
2018-10-12,57036.10673577081,249999999.99999997,124999999.99999997,125000000.0,4949.45726247888,98,98,196,42,0.21428571428571427,0.049999999999999996,0.9999999999999999,0.9999999999999999,0.9999999999999999,1.9999999999999998,0.00022814442694308324,0.00039999999999999996,9.999999999999999e-05,0.0002999999999999999,99999.99999999999,1.9797829049915517e-05,0.00012814442694308325,-0.00017185557305691667,-0.00017185557305691667,-0.0001916534021068322,2.2814442694308323,0.9999999999999999,2.999999999999999,0.19797829049915516,-1.916534021068322,True,False
2018-10-15,571942.7690054919,249999999.99999997,124999999.99999997,124999999.99999999,3692.1458025407564,96,96,192,24,0.125,0.05,0.9999999999999999,0.9999999999999999,0.9999999999999999,1.9999999999999998,0.0022877710760219674,0.00039999999999999996,9.999999999999999e-05,0.0002999999999999999,99999.99999999999,1.4768583210163026e-05,0.0021877710760219676,0.0018877710760219677,0.0018877710760219677,0.0018730024928118047,22.877710760219674,0.9999999999999999,2.999999999999999,0.14768583210163025,18.73002492811805,True,False
2018-10-16,600261.4574687476,250000000.00000003,125000000.0,125000000.00000003,5473.904586960018,94,94,188,49,0.26063829787234044,0.05000000000000001,1.0000000000000002,1.0000000000000002,1.0000000000000002,2.0000000000000004,0.0024010458298749904,0.00040000000000000013,0.00010000000000000003,0.00030000000000000003,100000.00000000003,2.189561834784007e-05,0.0023010458298749906,0.0020010458298749907,0.0020010458298749907,0.0019791502115271507,24.010458298749903,1.0000000000000002,3.0000000000000004,0.2189561834784007,19.791502115271506,True,False
2018-10-17,-338031.3486066599,250000000.00000003,125000000.0,125000000.00000003,3864.312238013675,93,93,186,46,0.24731182795698925,0.049999999999999996,1.0000000000000002,1.0000000000000002,1.0000000000000002,2.0000000000000004,-0.0013521253944266396,0.00040000000000000013,0.00010000000000000003,0.00030000000000000003,100000.00000000003,1.5457248952054702e-05,-0.0014521253944266396,-0.0017521253944266396,-0.0017521253944266396,-0.0017675826433786943,-13.521253944266396,1.0000000000000002,3.0000000000000004,0.15457248952054703,-17.67582643378694,True,False
2018-10-18,477157.1959547097,250000000.0,124999999.99999999,125000000.0,4696.443269096508,93,93,186,43,0.23118279569892472,0.049999999999999996,1.0,1.0,1.0,2.0,0.001908628783818839,0.0004,0.0001,0.0003,100000.0,1.878577307638603e-05,0.0018086287838188389,0.001508628783818839,0.001508628783818839,0.001489843010742453,19.08628783818839,1.0,2.9999999999999996,0.18785773076386028,14.89843010742453,True,False
2018-10-19,381828.4402394207,250000000.0,124999999.99999999,125000000.00000001,4303.563208694083,93,93,186,34,0.1827956989247312,0.049999999999999996,1.0,1.0,1.0,2.0,0.0015273137609576827,0.0004,0.0001,0.0003,100000.0,1.7214252834776334e-05,0.0014273137609576826,0.0011273137609576827,0.0011273137609576827,0.0011100995081229064,15.273137609576827,1.0,2.9999999999999996,0.17214252834776334,11.100995081229064,True,False
2018-10-22,-1858221.8862950318,249999999.99999994,125000000.0,124999999.99999997,4300.809131824575,90,90,180,45,0.25,0.049999999999999996,0.9999999999999998,0.9999999999999998,0.9999999999999998,1.9999999999999996,-0.007432887545180127,0.0003999999999999999,9.999999999999998e-05,0.0002999999999999999,99999.99999999997,1.72032365272983e-05,-0.007532887545180127,-0.007832887545180127,-0.007832887545180127,-0.007850090781707425,-74.32887545180127,0.9999999999999998,2.999999999999999,0.17203236527298302,-78.50090781707425,True,False
2018-10-23,15133.23337379928,249999999.99999997,124999999.99999999,124999999.99999999,5296.838986952162,82,82,164,47,0.2865853658536585,0.05000000000000001,0.9999999999999999,0.9999999999999999,0.9999999999999999,1.9999999999999998,6.053293349519712e-05,0.00039999999999999996,9.999999999999999e-05,0.0002999999999999999,99999.99999999999,2.1187355947808645e-05,-3.946706650480287e-05,-0.0003394670665048028,-0.0003394670665048028,-0.00036065442245261143,0.6053293349519712,0.9999999999999999,2.999999999999999,0.21187355947808645,-3.606544224526114,True,False
2018-10-24,461099.36240854894,249999999.99999997,125000000.0,124999999.99999999,5231.541434365667,79,79,158,45,0.2848101265822785,0.05000000000000001,0.9999999999999999,0.9999999999999999,0.9999999999999999,1.9999999999999998,0.0018443974496341958,0.00039999999999999996,9.999999999999999e-05,0.0002999999999999999,99999.99999999999,2.0926165737462667e-05,0.0017443974496341957,0.0014443974496341958,0.0014443974496341958,0.001423471283896733,18.44397449634196,0.9999999999999999,2.999999999999999,0.20926165737462665,14.234712838967331,True,False
2018-10-25,-2182339.1301291995,249999999.99999997,125000000.0,124999999.99999999,3753.096220009284,84,84,168,36,0.21428571428571427,0.05000000000000001,0.9999999999999999,0.9999999999999999,0.9999999999999999,1.9999999999999998,-0.008729356520516799,0.00039999999999999996,9.999999999999999e-05,0.0002999999999999999,99999.99999999999,1.5012384880037135e-05,-0.008829356520516798,-0.009129356520516798,-0.009129356520516798,-0.009144368905396836,-87.293565205168,0.9999999999999999,2.999999999999999,0.15012384880037136,-91.44368905396836,True,False
2018-10-26,613403.3631942724,250000000.00000006,125000000.0,125000000.00000003,4497.568405703327,87,87,174,53,0.3045977011494253,0.05000000000000001,1.0000000000000002,1.0000000000000002,1.0000000000000002,2.0000000000000004,0.0024536134527770896,0.00040000000000000013,0.00010000000000000003,0.00030000000000000003,100000.00000000003,1.7990273622813306e-05,0.0023536134527770898,0.00205361345277709,0.00205361345277709,0.0020356231791542763,24.536134527770894,1.0000000000000002,3.0000000000000004,0.17990273622813308,20.356231791542765,True,False
2018-10-29,-706803.5588647845,250000000.0,124999999.99999999,124999999.99999999,3576.3355792229363,88,88,176,45,0.2556818181818182,0.05,1.0,1.0,1.0,2.0,-0.002827214235459138,0.0004,0.0001,0.0003,100000.0,1.4305342316891746e-05,-0.002927214235459138,-0.003227214235459138,-0.003227214235459138,-0.0032415195777760297,-28.27214235459138,1.0,2.9999999999999996,0.14305342316891745,-32.415195777760296,True,False
2018-10-30,2081390.0056381484,249999999.99999997,124999999.99999996,124999999.99999999,3536.8971192917597,82,82,164,44,0.2682926829268293,0.049999999999999996,0.9999999999999999,0.9999999999999999,0.9999999999999999,1.9999999999999998,0.008325560022552594,0.00039999999999999996,9.999999999999999e-05,0.0002999999999999999,99999.99999999999,1.414758847716704e-05,0.008225560022552595,0.007925560022552595,0.007925560022552595,0.007911412434075428,83.25560022552594,0.9999999999999999,2.999999999999999,0.1414758847716704,79.11412434075427,True,False
2018-10-31,488419.8672285256,249999999.99999994,124999999.99999996,124999999.99999999,3789.209744559873,82,82,164,43,0.2621951219512195,0.05000000000000001,0.9999999999999998,0.9999999999999998,0.9999999999999998,1.9999999999999996,0.0019536794689141023,0.0003999999999999999,9.999999999999998e-05,0.0002999999999999999,99999.99999999997,1.5156838978239492e-05,0.0018536794689141022,0.0015536794689141023,0.0015536794689141023,0.0015385226299358629,19.536794689141022,0.9999999999999998,2.999999999999999,0.15156838978239492,15.385226299358628,True,False
2018-11-01,-20949.285416227303,249999999.9999999,124999999.99999999,124999999.99999999,3257.1995958661287,86,86,172,35,0.20348837209302326,0.05000000000000001,0.9999999999999997,0.9999999999999997,0.9999999999999997,1.9999999999999993,-8.379714166490921e-05,0.0003999999999999999,9.999999999999998e-05,0.00029999999999999987,99999.99999999997,1.3028798383464515e-05,-0.0001837971416649092,-0.0004837971416649091,-0.0004837971416649091,-0.0004968259400483736,-0.8379714166490921,0.9999999999999998,2.9999999999999987,0.13028798383464515,-4.968259400483736,True,False
2018-11-02,198492.08316176242,250000000.00000003,125000000.0,125000000.00000001,4475.419843210394,88,88,176,31,0.17613636363636365,0.05000000000000001,1.0000000000000002,1.0000000000000002,1.0000000000000002,2.0000000000000004,0.0007939683326470497,0.00040000000000000013,0.00010000000000000003,0.00030000000000000003,100000.00000000003,1.7901679372841577e-05,0.0006939683326470497,0.00039396833264704963,0.00039396833264704963,0.00037606665327420805,7.939683326470497,1.0000000000000002,3.0000000000000004,0.17901679372841575,3.7606665327420803,True,False
2018-11-05,-99758.72568179063,249999999.99999997,124999999.99999999,124999999.99999999,5285.898221344291,90,90,180,38,0.2111111111111111,0.049999999999999996,0.9999999999999999,0.9999999999999999,0.9999999999999999,1.9999999999999998,-0.00039903490272716254,0.00039999999999999996,9.999999999999999e-05,0.0002999999999999999,99999.99999999999,2.1143592885377167e-05,-0.0004990349027271625,-0.0007990349027271625,-0.0007990349027271625,-0.0008201784956125396,-3.9903490272716255,0.9999999999999999,2.999999999999999,0.21143592885377166,-8.201784956125396,True,False
2018-11-06,851261.7205995999,249999999.99999997,125000000.0,125000000.0,4122.357422577074,86,86,172,28,0.16279069767441862,0.05000000000000001,0.9999999999999999,0.9999999999999999,0.9999999999999999,1.9999999999999998,0.0034050468823983997,0.00039999999999999996,9.999999999999999e-05,0.0002999999999999999,99999.99999999999,1.64894296903083e-05,0.0033050468823984,0.0030050468823984,0.0030050468823984,0.0029885574527080917,34.050468823984,0.9999999999999999,2.999999999999999,0.164894296903083,29.885574527080916,True,False
2018-11-07,-233157.86130537133,250000000.0,125000000.0,125000000.00000001,3548.492055016439,89,89,178,36,0.20224719101123595,0.05000000000000001,1.0,1.0,1.0,2.0,-0.0009326314452214853,0.0004,0.0001,0.0003,100000.0,1.4193968220065755e-05,-0.0010326314452214853,-0.0013326314452214852,-0.0013326314452214852,-0.001346825413441551,-9.326314452214852,1.0,2.9999999999999996,0.14193968220065756,-13.46825413441551,True,False
2018-11-08,-784940.4689874433,250000000.00000003,125000000.0,125000000.0,4201.837063290459,93,93,186,32,0.17204301075268819,0.05000000000000001,1.0000000000000002,1.0000000000000002,1.0000000000000002,2.0000000000000004,-0.003139761875949773,0.00040000000000000013,0.00010000000000000003,0.00030000000000000003,100000.00000000003,1.6807348253161836e-05,-0.0032397618759497726,-0.0035397618759497726,-0.0035397618759497726,-0.0035565692242029343,-31.39761875949773,1.0000000000000002,3.0000000000000004,0.16807348253161836,-35.56569224202934,True,False
2018-11-09,-435397.71758813324,250000000.0,125000000.00000001,125000000.00000001,4273.838827638425,97,97,194,36,0.18556701030927836,0.05000000000000001,1.0,1.0,1.0,2.0,-0.001741590870352533,0.0004,0.0001,0.0003,100000.0,1.70953553105537e-05,-0.001841590870352533,-0.002141590870352533,-0.002141590870352533,-0.0021586862256630867,-17.41590870352533,1.0,2.9999999999999996,0.170953553105537,-21.586862256630866,True,False
2018-11-12,620508.7471925194,249999999.99999997,124999999.99999997,124999999.99999996,2909.2492498329157,98,98,196,20,0.10204081632653061,0.05000000000000001,0.9999999999999999,0.9999999999999999,0.9999999999999999,1.9999999999999998,0.0024820349887700777,0.00039999999999999996,9.999999999999999e-05,0.0002999999999999999,99999.99999999999,1.1636996999331663e-05,0.002382034988770078,0.002082034988770078,0.002082034988770078,0.002070397991770746,24.820349887700775,0.9999999999999999,2.999999999999999,0.11636996999331663,20.70397991770746,True,False
2018-11-13,1110574.3583974135,250000000.00000003,125000000.0,124999999.99999999,3132.694874998973,98,98,196,35,0.17857142857142858,0.05,1.0000000000000002,1.0000000000000002,1.0000000000000002,2.0000000000000004,0.004442297433589654,0.00040000000000000013,0.00010000000000000003,0.00030000000000000003,100000.00000000003,1.2530779499995891e-05,0.004342297433589654,0.004042297433589654,0.004042297433589654,0.004029766654089658,44.42297433589654,1.0000000000000002,3.0000000000000004,0.12530779499995892,40.29766654089658,True,False
2018-11-14,46960.20338537501,250000000.0,125000000.0,125000000.0,4037.6632652084418,98,98,196,35,0.17857142857142858,0.05000000000000001,1.0,1.0,1.0,2.0,0.00018784081354150005,0.0004,0.0001,0.0003,100000.0,1.6150653060833766e-05,8.784081354150005e-05,-0.0002121591864584999,-0.0002121591864584999,-0.0002283098395193337,1.8784081354150006,1.0,2.9999999999999996,0.16150653060833767,-2.283098395193337,True,False
2018-11-15,-433646.64910640934,249999999.99999997,124999999.99999994,125000000.0,2946.7525524322177,98,98,196,28,0.14285714285714285,0.049999999999999996,0.9999999999999999,0.9999999999999999,0.9999999999999999,1.9999999999999998,-0.0017345865964256374,0.00039999999999999996,9.999999999999999e-05,0.0002999999999999999,99999.99999999999,1.1787010209728871e-05,-0.0018345865964256374,-0.002134586596425637,-0.002134586596425637,-0.002146373606635366,-17.345865964256372,0.9999999999999999,2.999999999999999,0.11787010209728871,-21.46373606635366,True,False
2018-11-16,-215803.11476837433,250000000.0,125000000.0,124999999.99999999,3964.705762774717,97,97,194,46,0.23711340206185566,0.049999999999999996,1.0,1.0,1.0,2.0,-0.0008632124590734973,0.0004,0.0001,0.0003,100000.0,1.585882305109887e-05,-0.0009632124590734974,-0.0012632124590734974,-0.0012632124590734974,-0.0012790712821245964,-8.632124590734973,1.0,2.9999999999999996,0.1585882305109887,-12.790712821245963,True,False
2018-11-19,-2426047.8858845215,250000000.0,125000000.00000003,125000000.00000001,3657.9951693144208,97,97,194,48,0.24742268041237114,0.05000000000000001,1.0,1.0,1.0,2.0,-0.009704191543538087,0.0004,0.0001,0.0003,100000.0,1.4631980677257683e-05,-0.009804191543538086,-0.010104191543538086,-0.010104191543538086,-0.010118823524215344,-97.04191543538087,1.0,2.9999999999999996,0.14631980677257683,-101.18823524215344,True,False
2018-11-20,1879498.3916242667,250000000.0,124999999.99999996,125000000.00000001,2781.993433794149,97,97,194,28,0.14432989690721648,0.05000000000000001,1.0,1.0,1.0,2.0,0.007517993566497067,0.0004,0.0001,0.0003,100000.0,1.1127973735176595e-05,0.007417993566497067,0.007117993566497067,0.007117993566497067,0.00710686559276189,75.17993566497067,1.0,2.9999999999999996,0.11127973735176595,71.0686559276189,True,False
2018-11-21,-881995.030344876,249999999.99999997,124999999.99999997,124999999.99999997,4233.043559655408,98,98,196,40,0.20408163265306123,0.05,0.9999999999999999,0.9999999999999999,0.9999999999999999,1.9999999999999998,-0.003527980121379504,0.00039999999999999996,9.999999999999999e-05,0.0002999999999999999,99999.99999999999,1.6932174238621632e-05,-0.003627980121379504,-0.003927980121379504,-0.003927980121379504,-0.0039449122956181255,-35.27980121379504,0.9999999999999999,2.999999999999999,0.1693217423862163,-39.449122956181256,True,False
2018-11-23,556921.8018730006,249999999.99999997,124999999.99999996,125000000.0,3227.1014558284296,99,99,198,37,0.18686868686868688,0.049999999999999996,0.9999999999999999,0.9999999999999999,0.9999999999999999,1.9999999999999998,0.002227687207492002,0.00039999999999999996,9.999999999999999e-05,0.0002999999999999999,99999.99999999999,1.2908405823313718e-05,0.0021276872074920024,0.0018276872074920025,0.0018276872074920025,0.0018147788016686886,22.27687207492002,0.9999999999999999,2.999999999999999,0.12908405823313718,18.147788016686885,True,False
2018-11-26,-286904.19376850146,249999999.99999997,124999999.99999997,124999999.99999999,4220.019288811253,98,98,196,53,0.27040816326530615,0.049999999999999996,0.9999999999999999,0.9999999999999999,0.9999999999999999,1.9999999999999998,-0.0011476167750740058,0.00039999999999999996,9.999999999999999e-05,0.0002999999999999999,99999.99999999999,1.6880077155245013e-05,-0.0012476167750740058,-0.0015476167750740058,-0.0015476167750740058,-0.0015644968522292508,-11.476167750740059,0.9999999999999999,2.999999999999999,0.16880077155245013,-15.644968522292508,True,False
2018-11-27,572716.0162357725,249999999.99999997,124999999.99999996,124999999.99999999,3483.7631769346126,98,98,196,47,0.23979591836734693,0.049999999999999996,0.9999999999999999,0.9999999999999999,0.9999999999999999,1.9999999999999998,0.00229086406494309,0.00039999999999999996,9.999999999999999e-05,0.0002999999999999999,99999.99999999999,1.393505270773845e-05,0.0021908640649430902,0.0018908640649430903,0.0018908640649430903,0.0018769290122353519,22.9086406494309,0.9999999999999999,2.999999999999999,0.13935052707738452,18.769290122353517,True,False
2018-11-28,-116277.94703850131,249999999.99999997,124999999.99999996,124999999.99999999,3382.1391114739595,98,98,196,28,0.14285714285714285,0.04999999999999999,0.9999999999999999,0.9999999999999999,0.9999999999999999,1.9999999999999998,-0.00046511178815400526,0.00039999999999999996,9.999999999999999e-05,0.0002999999999999999,99999.99999999999,1.3528556445895837e-05,-0.0005651117881540053,-0.0008651117881540052,-0.0008651117881540052,-0.000878640344599901,-4.651117881540053,0.9999999999999999,2.999999999999999,0.13528556445895837,-8.78640344599901,True,False
2018-11-29,-95621.90747247028,250000000.0,125000000.00000001,125000000.0,4120.6222925500515,98,98,196,53,0.27040816326530615,0.05000000000000001,1.0,1.0,1.0,2.0,-0.0003824876298898811,0.0004,0.0001,0.0003,100000.0,1.6482489170200205e-05,-0.0004824876298898811,-0.000782487629889881,-0.000782487629889881,-0.0007989701190600812,-3.824876298898811,1.0,2.9999999999999996,0.16482489170200204,-7.989701190600812,True,False
2018-11-30,2267604.0005466263,250000000.0,125000000.00000003,125000000.0,5163.210076309521,98,98,196,51,0.2602040816326531,0.049999999999999996,1.0,1.0,1.0,2.0,0.009070416002186506,0.0004,0.0001,0.0003,100000.0,2.0652840305238086e-05,0.008970416002186506,0.008670416002186506,0.008670416002186506,0.008649763161881268,90.70416002186506,1.0,2.9999999999999996,0.20652840305238088,86.49763161881269,True,False
2018-12-03,-262724.0081735219,249999999.99999997,125000000.00000001,125000000.0,4607.6383936055845,98,98,196,70,0.35714285714285715,0.049999999999999996,0.9999999999999999,0.9999999999999999,0.9999999999999999,1.9999999999999998,-0.0010508960326940876,0.00039999999999999996,9.999999999999999e-05,0.0002999999999999999,99999.99999999999,1.843055357442234e-05,-0.0011508960326940877,-0.0014508960326940876,-0.0014508960326940876,-0.0014693265862685098,-10.508960326940876,0.9999999999999999,2.999999999999999,0.1843055357442234,-14.693265862685099,True,False
2018-12-04,-1815820.9092904625,250000000.0,124999999.99999999,125000000.0,4693.754541461093,97,97,194,34,0.17525773195876287,0.05,1.0,1.0,1.0,2.0,-0.00726328363716185,0.0004,0.0001,0.0003,100000.0,1.8775018165844374e-05,-0.00736328363716185,-0.00766328363716185,-0.00766328363716185,-0.007682058655327694,-72.6328363716185,1.0,2.9999999999999996,0.18775018165844373,-76.82058655327694,True,False
2018-12-06,343962.7125765861,250000000.0,125000000.00000001,125000000.0,3504.604683534678,97,97,194,31,0.15979381443298968,0.049999999999999996,1.0,1.0,1.0,2.0,0.0013758508503063445,0.0004,0.0001,0.0003,100000.0,1.4018418734138711e-05,0.0012758508503063445,0.0009758508503063445,0.0009758508503063445,0.0009618324315722058,13.758508503063446,1.0,2.9999999999999996,0.1401841873413871,9.618324315722058,True,False
2018-12-07,-409654.37471354235,249999999.99999997,125000000.0,125000000.0,4253.195197094733,98,98,196,37,0.18877551020408162,0.05000000000000001,0.9999999999999999,0.9999999999999999,0.9999999999999999,1.9999999999999998,-0.0016386174988541693,0.00039999999999999996,9.999999999999999e-05,0.0002999999999999999,99999.99999999999,1.701278078837893e-05,-0.0017386174988541694,-0.0020386174988541693,-0.0020386174988541693,-0.0020556302796425484,-16.386174988541693,0.9999999999999999,2.999999999999999,0.1701278078837893,-20.556302796425484,True,False
2018-12-10,1410538.4859143305,249999999.99999994,124999999.99999996,125000000.0,4675.322464212397,99,99,198,63,0.3181818181818182,0.05000000000000001,0.9999999999999998,0.9999999999999998,0.9999999999999998,1.9999999999999996,0.005642153943657322,0.0003999999999999999,9.999999999999998e-05,0.0002999999999999999,99999.99999999997,1.8701289856849588e-05,0.005542153943657322,0.005242153943657322,0.005242153943657322,0.005223452653800472,56.42153943657322,0.9999999999999998,2.999999999999999,0.18701289856849587,52.23452653800472,True,False
2018-12-11,584578.8097000383,250000000.0,125000000.0,125000000.0,4390.060323903696,98,98,196,29,0.14795918367346939,0.05,1.0,1.0,1.0,2.0,0.002338315238800153,0.0004,0.0001,0.0003,100000.0,1.7560241295614787e-05,0.002238315238800153,0.0019383152388001532,0.0019383152388001532,0.0019207549975045384,23.38315238800153,1.0,2.9999999999999996,0.17560241295614787,19.207549975045385,True,False
2018-12-12,674195.2588027501,249999999.99999997,125000000.0,124999999.99999997,3558.3267765679607,98,98,196,47,0.23979591836734693,0.049999999999999996,0.9999999999999999,0.9999999999999999,0.9999999999999999,1.9999999999999998,0.0026967810352110004,0.00039999999999999996,9.999999999999999e-05,0.0002999999999999999,99999.99999999999,1.4233307106271842e-05,0.0025967810352110006,0.0022967810352110007,0.0022967810352110007,0.0022825477281047286,26.967810352110003,0.9999999999999999,2.999999999999999,0.14233307106271842,22.825477281047288,True,False
2018-12-13,-750820.7293610979,250000000.00000003,125000000.00000003,125000000.0,4256.166864619231,99,99,198,62,0.31313131313131315,0.049999999999999996,1.0000000000000002,1.0000000000000002,1.0000000000000002,2.0000000000000004,-0.0030032829174443916,0.00040000000000000013,0.00010000000000000003,0.00030000000000000003,100000.00000000003,1.7024667458476925e-05,-0.0031032829174443915,-0.0034032829174443914,-0.0034032829174443914,-0.0034203075849028684,-30.032829174443915,1.0000000000000002,3.0000000000000004,0.17024667458476925,-34.203075849028686,True,False
2018-12-14,-740224.6149229667,249999999.99999997,124999999.99999999,124999999.99999997,2848.6035760431523,99,99,198,32,0.16161616161616163,0.04999999999999999,0.9999999999999999,0.9999999999999999,0.9999999999999999,1.9999999999999998,-0.0029608984596918666,0.00039999999999999996,9.999999999999999e-05,0.0002999999999999999,99999.99999999999,1.139441430417261e-05,-0.0030608984596918664,-0.0033608984596918664,-0.0033608984596918664,-0.003372292873996039,-29.608984596918667,0.9999999999999999,2.999999999999999,0.1139441430417261,-33.72292873996039,True,False
2018-12-17,382908.4712299023,250000000.0,125000000.00000001,125000000.0,3098.042865999185,98,98,196,46,0.23469387755102042,0.05000000000000001,1.0,1.0,1.0,2.0,0.001531633884919609,0.0004,0.0001,0.0003,100000.0,1.239217146399674e-05,0.001431633884919609,0.001131633884919609,0.001131633884919609,0.0011192417134556123,15.316338849196091,1.0,2.9999999999999996,0.12392171463996739,11.192417134556123,True,False
2018-12-18,212804.5743828252,250000000.0,125000000.00000003,125000000.0,3500.468676826739,98,98,196,57,0.29081632653061223,0.049999999999999996,1.0,1.0,1.0,2.0,0.0008512182975313009,0.0004,0.0001,0.0003,100000.0,1.4001874707306956e-05,0.0007512182975313008,0.00045121829753130084,0.00045121829753130084,0.0004372164228239939,8.512182975313008,1.0,2.9999999999999996,0.14001874707306955,4.372164228239939,True,False
2018-12-19,-620525.8969466522,250000000.0,125000000.0,125000000.0,3188.3854569170235,98,98,196,40,0.20408163265306123,0.049999999999999996,1.0,1.0,1.0,2.0,-0.0024821035877866087,0.0004,0.0001,0.0003,100000.0,1.2753541827668093e-05,-0.0025821035877866085,-0.0028821035877866085,-0.0028821035877866085,-0.0028948571296142766,-24.821035877866088,1.0,2.9999999999999996,0.12753541827668094,-28.948571296142767,True,False
2018-12-20,349872.534182205,250000000.0,125000000.00000001,125000000.0,2818.603168986721,98,98,196,35,0.17857142857142858,0.049999999999999996,1.0,1.0,1.0,2.0,0.0013994901367288199,0.0004,0.0001,0.0003,100000.0,1.1274412675946884e-05,0.0012994901367288198,0.00099949013672882,0.00099949013672882,0.000988215724052873,13.994901367288199,1.0,2.9999999999999996,0.11274412675946884,9.882157240528729,True,False
2018-12-21,-1263340.0340474846,250000000.0,124999999.99999999,124999999.99999997,2892.895184312282,99,99,198,52,0.26262626262626265,0.049999999999999996,1.0,1.0,1.0,2.0,-0.0050533601361899385,0.0004,0.0001,0.0003,100000.0,1.1571580737249127e-05,-0.005153360136189939,-0.005453360136189939,-0.005453360136189939,-0.005464931716927188,-50.533601361899386,1.0,2.9999999999999996,0.11571580737249126,-54.64931716927188,True,False
2018-12-24,651895.4736495905,250000000.0,125000000.00000003,125000000.00000001,2641.947625107758,99,99,198,37,0.18686868686868688,0.05000000000000001,1.0,1.0,1.0,2.0,0.002607581894598362,0.0004,0.0001,0.0003,100000.0,1.0567790500431033e-05,0.002507581894598362,0.002207581894598362,0.002207581894598362,0.002197014104097931,26.075818945983617,1.0,2.9999999999999996,0.10567790500431033,21.97014104097931,True,False
2018-12-26,-438569.6222638421,250000000.00000003,125000000.00000003,125000000.00000001,4797.074281721699,99,99,198,47,0.23737373737373738,0.05000000000000001,1.0000000000000002,1.0000000000000002,1.0000000000000002,2.0000000000000004,-0.0017542784890553684,0.00040000000000000013,0.00010000000000000003,0.00030000000000000003,100000.00000000003,1.9188297126886795e-05,-0.0018542784890553685,-0.0021542784890553686,-0.0021542784890553686,-0.0021734667861822553,-17.542784890553683,1.0000000000000002,3.0000000000000004,0.19188297126886794,-21.734667861822555,True,False
2018-12-27,255375.67580405256,250000000.00000003,125000000.0,125000000.00000001,2634.0783416510067,99,99,198,44,0.2222222222222222,0.05000000000000001,1.0000000000000002,1.0000000000000002,1.0000000000000002,2.0000000000000004,0.0010215027032162102,0.00040000000000000013,0.00010000000000000003,0.00030000000000000003,100000.00000000003,1.0536313366604027e-05,0.0009215027032162101,0.0006215027032162101,0.0006215027032162101,0.000610966389849606,10.215027032162102,1.0000000000000002,3.0000000000000004,0.10536313366604026,6.109663898496061,True,False
2018-12-28,320925.995586149,250000000.00000003,124999999.99999999,124999999.99999999,2170.252593476276,99,99,198,28,0.1414141414141414,0.049999999999999996,1.0000000000000002,1.0000000000000002,1.0000000000000002,2.0000000000000004,0.001283703982344596,0.00040000000000000013,0.00010000000000000003,0.00030000000000000003,100000.00000000003,8.681010373905104e-06,0.001183703982344596,0.000883703982344596,0.000883703982344596,0.0008750229719706908,12.837039823445961,1.0000000000000002,3.0000000000000004,0.08681010373905104,8.750229719706908,True,False
2018-12-31,-907831.4108765238,249999999.99999994,124999999.99999997,124999999.99999996,2899.549690926549,96,96,192,57,0.296875,0.05,0.9999999999999998,0.9999999999999998,0.9999999999999998,1.9999999999999996,-0.003631325643506095,0.0003999999999999999,9.999999999999998e-05,0.0002999999999999999,99999.99999999997,1.1598198763706196e-05,-0.003731325643506095,-0.004031325643506094,-0.004031325643506094,-0.0040429238422698,-36.31325643506095,0.9999999999999998,2.999999999999999,0.11598198763706195,-40.429238422698006,True,False
2019-01-02,-933892.1828668495,250000000.0,124999999.99999996,124999999.99999999,3149.4163319990994,99,99,198,34,0.1717171717171717,0.049999999999999996,1.0,1.0,1.0,2.0,-0.003735568731467398,0.0004,0.0001,0.0003,100000.0,1.2597665327996398e-05,-0.0038355687314673976,-0.004135568731467398,-0.004135568731467398,-0.004148166396795394,-37.35568731467398,1.0,2.9999999999999996,0.125976653279964,-41.48166396795394,True,False
2019-01-03,187278.41277857916,250000000.0,124999999.99999996,125000000.00000001,3823.697168651174,99,99,198,40,0.20202020202020202,0.05000000000000001,1.0,1.0,1.0,2.0,0.0007491136511143167,0.0004,0.0001,0.0003,100000.0,1.5294788674604695e-05,0.0006491136511143166,0.00034911365111431667,0.00034911365111431667,0.000333818862439712,7.491136511143167,1.0,2.9999999999999996,0.15294788674604695,3.33818862439712,True,False
2019-01-04,894099.1031208425,250000000.0,124999999.99999996,124999999.99999999,2772.2465976557623,99,99,198,34,0.1717171717171717,0.049999999999999996,1.0,1.0,1.0,2.0,0.00357639641248337,0.0004,0.0001,0.0003,100000.0,1.1088986390623049e-05,0.00347639641248337,0.00317639641248337,0.00317639641248337,0.003165307426092747,35.7639641248337,1.0,2.9999999999999996,0.11088986390623048,31.653074260927472,True,False
2019-01-07,404005.84597714397,250000000.00000003,125000000.00000001,125000000.0,3532.0923003179046,99,99,198,30,0.15151515151515152,0.049999999999999996,1.0000000000000002,1.0000000000000002,1.0000000000000002,2.0000000000000004,0.0016160233839085758,0.00040000000000000013,0.00010000000000000003,0.00030000000000000003,100000.00000000003,1.4128369201271619e-05,0.0015160233839085757,0.0012160233839085756,0.0012160233839085756,0.001201895014707304,16.16023383908576,1.0000000000000002,3.0000000000000004,0.14128369201271618,12.01895014707304,True,False
2019-01-08,227648.52383412083,250000000.0,125000000.00000001,125000000.00000001,3223.4821551201817,99,99,198,40,0.20202020202020202,0.05000000000000001,1.0,1.0,1.0,2.0,0.0009105940953364833,0.0004,0.0001,0.0003,100000.0,1.2893928620480726e-05,0.0008105940953364833,0.0005105940953364833,0.0005105940953364833,0.0004977001667160027,9.105940953364833,1.0,2.9999999999999996,0.12893928620480727,4.977001667160026,True,False
2019-01-09,-747922.3512449942,249999999.99999994,124999999.99999994,124999999.99999999,3403.0959947191172,99,99,198,34,0.1717171717171717,0.049999999999999996,0.9999999999999998,0.9999999999999998,0.9999999999999998,1.9999999999999996,-0.0029916894049799767,0.0003999999999999999,9.999999999999998e-05,0.0002999999999999999,99999.99999999997,1.3612383978876469e-05,-0.0030916894049799765,-0.0033916894049799765,-0.0033916894049799765,-0.003405301788958853,-29.916894049799765,0.9999999999999998,2.999999999999999,0.1361238397887647,-34.05301788958853,True,False
2019-01-10,-220990.16464977298,250000000.00000003,125000000.0,124999999.99999999,3493.127317612078,99,99,198,41,0.20707070707070707,0.05,1.0000000000000002,1.0000000000000002,1.0000000000000002,2.0000000000000004,-0.000883960658599092,0.00040000000000000013,0.00010000000000000003,0.00030000000000000003,100000.00000000003,1.3972509270448313e-05,-0.000983960658599092,-0.0012839606585990922,-0.0012839606585990922,-0.0012979331678695406,-8.83960658599092,1.0000000000000002,3.0000000000000004,0.13972509270448313,-12.979331678695406,True,False
2019-01-11,-1171704.8105833055,249999999.99999997,125000000.0,124999999.99999999,3874.3726824063024,98,98,196,33,0.1683673469387755,0.05000000000000001,0.9999999999999999,0.9999999999999999,0.9999999999999999,1.9999999999999998,-0.004686819242333222,0.00039999999999999996,9.999999999999999e-05,0.0002999999999999999,99999.99999999999,1.549749072962521e-05,-0.004786819242333222,-0.005086819242333222,-0.005086819242333222,-0.005102316733062847,-46.86819242333222,0.9999999999999999,2.999999999999999,0.1549749072962521,-51.023167330628475,True,False
2019-01-14,535029.5692700188,249999999.99999997,124999999.99999997,124999999.99999999,3672.4255121002757,98,98,196,34,0.17346938775510204,0.049999999999999996,0.9999999999999999,0.9999999999999999,0.9999999999999999,1.9999999999999998,0.0021401182770800753,0.00039999999999999996,9.999999999999999e-05,0.0002999999999999999,99999.99999999999,1.4689702048401102e-05,0.0020401182770800755,0.0017401182770800756,0.0017401182770800756,0.0017254285750316744,21.401182770800755,0.9999999999999999,2.999999999999999,0.14689702048401101,17.254285750316743,True,False
2019-01-15,-332795.67733797693,249999999.99999997,124999999.99999994,125000000.0,3197.702964747416,97,97,194,27,0.13917525773195877,0.05000000000000001,0.9999999999999999,0.9999999999999999,0.9999999999999999,1.9999999999999998,-0.0013311827093519077,0.00039999999999999996,9.999999999999999e-05,0.0002999999999999999,99999.99999999999,1.2790811858989664e-05,-0.0014311827093519078,-0.0017311827093519077,-0.0017311827093519077,-0.0017439735212108974,-13.311827093519078,0.9999999999999999,2.999999999999999,0.12790811858989665,-17.439735212108975,True,False
2019-01-16,-305249.6061025064,249999999.99999994,124999999.99999999,124999999.99999999,3836.3631806590993,96,96,192,38,0.19791666666666666,0.05000000000000001,0.9999999999999998,0.9999999999999998,0.9999999999999998,1.9999999999999996,-0.0012209984244100256,0.0003999999999999999,9.999999999999998e-05,0.0002999999999999999,99999.99999999997,1.5345452722636397e-05,-0.0013209984244100257,-0.0016209984244100256,-0.0016209984244100256,-0.001636343877132662,-12.209984244100257,0.9999999999999998,2.999999999999999,0.15345452722636396,-16.36343877132662,True,False
2019-01-17,587029.9262359994,249999999.99999994,124999999.99999997,124999999.99999999,3849.5088311834975,96,96,192,58,0.3020833333333333,0.05000000000000001,0.9999999999999998,0.9999999999999998,0.9999999999999998,1.9999999999999996,0.0023481197049439978,0.0003999999999999999,9.999999999999998e-05,0.0002999999999999999,99999.99999999997,1.539803532473399e-05,0.002248119704943998,0.001948119704943998,0.001948119704943998,0.001932721669619264,23.481197049439977,0.9999999999999998,2.999999999999999,0.1539803532473399,19.32721669619264,True,False
2019-01-18,-6810.9730739551,250000000.0,125000000.00000001,125000000.0,4094.8446140693004,97,97,194,43,0.22164948453608246,0.049999999999999996,1.0,1.0,1.0,2.0,-2.72438922958204e-05,0.0004,0.0001,0.0003,100000.0,1.6379378456277202e-05,-0.0001272438922958204,-0.00042724389229582035,-0.00042724389229582035,-0.00044362327075209753,-0.272438922958204,1.0,2.9999999999999996,0.16379378456277202,-4.4362327075209755,True,False
2019-01-22,288238.0334074512,249999999.99999997,125000000.0,124999999.99999997,3581.98138641404,94,94,188,39,0.2074468085106383,0.05,0.9999999999999999,0.9999999999999999,0.9999999999999999,1.9999999999999998,0.0011529521336298048,0.00039999999999999996,9.999999999999999e-05,0.0002999999999999999,99999.99999999999,1.432792554565616e-05,0.0010529521336298047,0.0007529521336298048,0.0007529521336298048,0.0007386242080841487,11.529521336298048,0.9999999999999999,2.999999999999999,0.14327925545656162,7.386242080841487,True,False
2019-01-23,573339.6996779679,249999999.99999997,125000000.0,124999999.99999997,2920.0696065032034,92,92,184,42,0.22826086956521738,0.05000000000000001,0.9999999999999999,0.9999999999999999,0.9999999999999999,1.9999999999999998,0.002293358798711872,0.00039999999999999996,9.999999999999999e-05,0.0002999999999999999,99999.99999999999,1.1680278426012814e-05,0.002193358798711872,0.0018933587987118722,0.0018933587987118722,0.0018816785202858594,22.93358798711872,0.9999999999999999,2.999999999999999,0.11680278426012813,18.816785202858593,True,False
2019-01-24,880020.9998509939,249999999.99999997,125000000.00000001,125000000.0,3147.589666770362,94,94,188,44,0.23404255319148937,0.049999999999999996,0.9999999999999999,0.9999999999999999,0.9999999999999999,1.9999999999999998,0.0035200839994039756,0.00039999999999999996,9.999999999999999e-05,0.0002999999999999999,99999.99999999999,1.2590358667081447e-05,0.003420083999403976,0.003120083999403976,0.003120083999403976,0.0031074936407368943,35.200839994039754,0.9999999999999999,2.999999999999999,0.12590358667081447,31.074936407368945,True,False
2019-01-25,-515449.7270842149,249999999.99999994,124999999.99999997,124999999.99999994,3585.7956461155363,94,94,188,45,0.2393617021276596,0.05000000000000001,0.9999999999999998,0.9999999999999998,0.9999999999999998,1.9999999999999996,-0.00206179890833686,0.0003999999999999999,9.999999999999998e-05,0.0002999999999999999,99999.99999999997,1.4343182584462145e-05,-0.0021617989083368597,-0.0024617989083368596,-0.0024617989083368596,-0.002476142090921322,-20.6179890833686,0.9999999999999998,2.999999999999999,0.14343182584462144,-24.761420909213218,True,False
2019-01-28,-180706.78653541702,249999999.99999997,124999999.99999997,124999999.99999999,4358.51724362271,92,92,184,48,0.2608695652173913,0.05000000000000001,0.9999999999999999,0.9999999999999999,0.9999999999999999,1.9999999999999998,-0.0007228271461416681,0.00039999999999999996,9.999999999999999e-05,0.0002999999999999999,99999.99999999999,1.7434068974490842e-05,-0.0008228271461416681,-0.001122827146141668,-0.001122827146141668,-0.0011402612151161589,-7.228271461416681,0.9999999999999999,2.999999999999999,0.17434068974490843,-11.40261215116159,True,False
2019-01-29,793733.3200785051,249999999.99999997,124999999.99999999,124999999.99999999,3857.45285863992,87,87,174,44,0.25287356321839083,0.049999999999999996,0.9999999999999999,0.9999999999999999,0.9999999999999999,1.9999999999999998,0.0031749332803140203,0.00039999999999999996,9.999999999999999e-05,0.0002999999999999999,99999.99999999999,1.5429811434559682e-05,0.0030749332803140204,0.0027749332803140205,0.0027749332803140205,0.002759503468879461,31.749332803140202,0.9999999999999999,2.999999999999999,0.15429811434559682,27.59503468879461,True,False
2019-01-30,200768.03253765235,250000000.0,124999999.99999999,124999999.99999999,3544.761037973645,87,87,174,38,0.21839080459770116,0.04999999999999999,1.0,1.0,1.0,2.0,0.0008030721301506094,0.0004,0.0001,0.0003,100000.0,1.4179044151894581e-05,0.0007030721301506094,0.0004030721301506094,0.0004030721301506094,0.00038889308599871484,8.030721301506095,1.0,2.9999999999999996,0.14179044151894582,3.8889308599871484,True,False
2019-01-31,-74884.03235947483,249999999.99999997,124999999.99999997,124999999.99999997,3521.422440931416,90,90,180,49,0.2722222222222222,0.049999999999999996,0.9999999999999999,0.9999999999999999,0.9999999999999999,1.9999999999999998,-0.00029953612943789935,0.00039999999999999996,9.999999999999999e-05,0.0002999999999999999,99999.99999999999,1.4085689763725664e-05,-0.00039953612943789934,-0.0006995361294378993,-0.0006995361294378993,-0.0007136218192016249,-2.9953612943789936,0.9999999999999999,2.999999999999999,0.14085689763725665,-7.1362181920162495,True,False
2019-02-01,60908.74624877035,250000000.0,125000000.0,124999999.99999999,4111.965692429773,92,92,184,44,0.2391304347826087,0.05000000000000001,1.0,1.0,1.0,2.0,0.0002436349849950814,0.0004,0.0001,0.0003,100000.0,1.644786276971909e-05,0.0001436349849950814,-0.00015636501500491858,-0.00015636501500491858,-0.00017281287777463767,2.436349849950814,1.0,2.9999999999999996,0.1644786276971909,-1.7281287777463767,True,False
2019-02-04,18007.04965539523,249999999.9999999,124999999.99999999,124999999.99999996,3810.6214513246923,91,91,182,37,0.2032967032967033,0.05000000000000001,0.9999999999999997,0.9999999999999997,0.9999999999999997,1.9999999999999993,7.202819862158092e-05,0.0003999999999999999,9.999999999999998e-05,0.00029999999999999987,99999.99999999997,1.5242485805298769e-05,-2.7971801378419062e-05,-0.00032797180137841895,-0.00032797180137841895,-0.0003432142871837177,0.7202819862158092,0.9999999999999998,2.9999999999999987,0.1524248580529877,-3.4321428718371774,True,False
2019-02-05,220821.76014343346,250000000.00000003,125000000.0,125000000.00000003,4773.398321538237,87,87,174,44,0.25287356321839083,0.05000000000000001,1.0000000000000002,1.0000000000000002,1.0000000000000002,2.0000000000000004,0.0008832870405737339,0.00040000000000000013,0.00010000000000000003,0.00030000000000000003,100000.00000000003,1.9093593286152948e-05,0.0007832870405737338,0.0004832870405737338,0.0004832870405737338,0.0004641934472875809,8.832870405737339,1.0000000000000002,3.0000000000000004,0.1909359328615295,4.641934472875809,True,False
2019-02-06,-206769.49655357763,249999999.99999997,125000000.00000001,124999999.99999994,3476.1902851167197,87,87,174,45,0.25862068965517243,0.049999999999999996,0.9999999999999999,0.9999999999999999,0.9999999999999999,1.9999999999999998,-0.0008270779862143105,0.00039999999999999996,9.999999999999999e-05,0.0002999999999999999,99999.99999999999,1.3904761140466878e-05,-0.0009270779862143104,-0.0012270779862143103,-0.0012270779862143103,-0.0012409827473547773,-8.270779862143105,0.9999999999999999,2.999999999999999,0.13904761140466879,-12.409827473547773,True,False
2019-02-07,-262145.3373269448,249999999.99999997,125000000.00000001,125000000.0,3852.1441444003003,90,90,180,54,0.3,0.05000000000000001,0.9999999999999999,0.9999999999999999,0.9999999999999999,1.9999999999999998,-0.0010485813493077791,0.00039999999999999996,9.999999999999999e-05,0.0002999999999999999,99999.99999999999,1.54085765776012e-05,-0.0011485813493077792,-0.001448581349307779,-0.001448581349307779,-0.0014639899258853803,-10.485813493077792,0.9999999999999999,2.999999999999999,0.15408576577601202,-14.639899258853802,True,False
2019-02-08,305424.7316589106,250000000.00000003,125000000.0,125000000.0,3164.061399650953,93,93,186,50,0.26881720430107525,0.05,1.0000000000000002,1.0000000000000002,1.0000000000000002,2.0000000000000004,0.0012216989266356424,0.00040000000000000013,0.00010000000000000003,0.00030000000000000003,100000.00000000003,1.265624559860381e-05,0.0011216989266356423,0.0008216989266356423,0.0008216989266356423,0.0008090426810370384,12.216989266356423,1.0000000000000002,3.0000000000000004,0.1265624559860381,8.090426810370385,True,False
2019-02-11,426585.34654294275,249999999.99999997,125000000.0,125000000.0,4111.240540698,94,94,188,45,0.2393617021276596,0.05000000000000001,0.9999999999999999,0.9999999999999999,0.9999999999999999,1.9999999999999998,0.0017063413861717709,0.00039999999999999996,9.999999999999999e-05,0.0002999999999999999,99999.99999999999,1.6444962162792e-05,0.0016063413861717708,0.001306341386171771,0.001306341386171771,0.001289896424008979,17.06341386171771,0.9999999999999999,2.999999999999999,0.16444962162791998,12.89896424008979,True,False
2019-02-12,243337.49253232294,250000000.0,125000000.00000001,125000000.00000001,3538.819408142596,89,89,178,64,0.3595505617977528,0.05000000000000001,1.0,1.0,1.0,2.0,0.0009733499701292918,0.0004,0.0001,0.0003,100000.0,1.4155277632570384e-05,0.0008733499701292917,0.0005733499701292917,0.0005733499701292917,0.0005591946924967213,9.733499701292917,1.0,2.9999999999999996,0.14155277632570384,5.591946924967212,True,False
2019-02-13,-99823.7897241736,249999999.99999994,124999999.99999997,124999999.99999994,3494.464978281062,89,89,178,44,0.24719101123595505,0.05,0.9999999999999998,0.9999999999999998,0.9999999999999998,1.9999999999999996,-0.00039929515889669445,0.0003999999999999999,9.999999999999998e-05,0.0002999999999999999,99999.99999999997,1.3977859913124248e-05,-0.0004992951588966944,-0.0007992951588966943,-0.0007992951588966943,-0.0008132730188098186,-3.9929515889669442,0.9999999999999998,2.999999999999999,0.1397785991312425,-8.132730188098186,True,False
2019-02-14,426283.4569283551,249999999.99999997,124999999.99999999,124999999.99999999,4503.923666398136,91,91,182,51,0.2802197802197802,0.05000000000000001,0.9999999999999999,0.9999999999999999,0.9999999999999999,1.9999999999999998,0.0017051338277134203,0.00039999999999999996,9.999999999999999e-05,0.0002999999999999999,99999.99999999999,1.8015694665592545e-05,0.0016051338277134203,0.0013051338277134204,0.0013051338277134204,0.0012871181330478278,17.051338277134203,0.9999999999999999,2.999999999999999,0.18015694665592544,12.871181330478278,True,False
2019-02-15,76353.96818956487,249999999.9999999,124999999.99999996,124999999.99999994,3644.3443446993647,96,96,192,56,0.2916666666666667,0.05,0.9999999999999997,0.9999999999999997,0.9999999999999997,1.9999999999999993,0.00030541587275825945,0.0003999999999999999,9.999999999999998e-05,0.00029999999999999987,99999.99999999997,1.4577377378797458e-05,0.00020541587275825946,-9.45841272417404e-05,-9.45841272417404e-05,-0.00010916150462053787,3.0541587275825943,0.9999999999999998,2.9999999999999987,0.14577377378797457,-1.0916150462053786,True,False
2019-02-19,86605.0050841946,250000000.0,125000000.0,125000000.0,5185.951481774407,93,93,186,72,0.3870967741935484,0.049999999999999996,1.0,1.0,1.0,2.0,0.00034642002033677844,0.0004,0.0001,0.0003,100000.0,2.0743805927097625e-05,0.00024642002033677845,-5.357997966322153e-05,-5.357997966322153e-05,-7.432378559031916e-05,3.4642002033677843,1.0,2.9999999999999996,0.20743805927097625,-0.7432378559031916,True,False
2019-02-20,78832.85740437443,249999999.99999994,124999999.99999997,124999999.99999996,4330.337501971789,90,90,180,64,0.35555555555555557,0.05,0.9999999999999998,0.9999999999999998,0.9999999999999998,1.9999999999999996,0.00031533142961749774,0.0003999999999999999,9.999999999999998e-05,0.0002999999999999999,99999.99999999997,1.7321350007887154e-05,0.00021533142961749775,-8.466857038250217e-05,-8.466857038250217e-05,-0.00010198992039038933,3.1533142961749774,0.9999999999999998,2.999999999999999,0.17321350007887154,-1.0198992039038932,True,False
2019-02-21,301654.0920352545,249999999.99999997,124999999.99999997,124999999.99999997,3959.7845102496217,91,91,182,63,0.34615384615384615,0.05,0.9999999999999999,0.9999999999999999,0.9999999999999999,1.9999999999999998,0.001206616368141018,0.00039999999999999996,9.999999999999999e-05,0.0002999999999999999,99999.99999999999,1.5839138040998488e-05,0.001106616368141018,0.0008066163681410181,0.0008066163681410181,0.0007907772301000197,12.066163681410181,0.9999999999999999,2.999999999999999,0.15839138040998488,7.907772301000197,True,False
2019-02-22,677476.4081256397,249999999.99999997,124999999.99999994,125000000.0,2997.411669362026,93,93,186,39,0.20967741935483872,0.049999999999999996,0.9999999999999999,0.9999999999999999,0.9999999999999999,1.9999999999999998,0.0027099056325025584,0.00039999999999999996,9.999999999999999e-05,0.0002999999999999999,99999.99999999999,1.1989646677448103e-05,0.0026099056325025586,0.0023099056325025587,0.0023099056325025587,0.0022979159858251105,27.099056325025586,0.9999999999999999,2.999999999999999,0.11989646677448103,22.979159858251105,True,False
2019-02-25,-175952.24708609746,250000000.0,125000000.00000001,125000000.0,4919.706480845613,93,93,186,40,0.21505376344086022,0.05000000000000001,1.0,1.0,1.0,2.0,-0.0007038089883443898,0.0004,0.0001,0.0003,100000.0,1.9678825923382455e-05,-0.0008038089883443899,-0.0011038089883443898,-0.0011038089883443898,-0.0011234878142677722,-7.038089883443899,1.0,2.9999999999999996,0.19678825923382454,-11.234878142677722,True,False
2019-02-26,-234704.71791011348,249999999.99999994,124999999.99999994,124999999.99999996,4105.57675040485,91,91,182,31,0.17032967032967034,0.05000000000000001,0.9999999999999998,0.9999999999999998,0.9999999999999998,1.9999999999999996,-0.0009388188716404539,0.0003999999999999999,9.999999999999998e-05,0.0002999999999999999,99999.99999999997,1.64223070016194e-05,-0.001038818871640454,-0.001338818871640454,-0.001338818871640454,-0.0013552411786420732,-9.388188716404539,0.9999999999999998,2.999999999999999,0.16422307001619402,-13.552411786420732,True,False
2019-02-27,-93045.56955644672,249999999.99999994,124999999.99999997,124999999.99999996,4633.032656050791,91,91,182,29,0.15934065934065933,0.05,0.9999999999999998,0.9999999999999998,0.9999999999999998,1.9999999999999996,-0.00037218227822578685,0.0003999999999999999,9.999999999999998e-05,0.0002999999999999999,99999.99999999997,1.8532130624203164e-05,-0.00047218227822578684,-0.0007721822782257868,-0.0007721822782257868,-0.00079071440884999,-3.7218227822578687,0.9999999999999998,2.999999999999999,0.18532130624203164,-7.9071440884999,True,False
2019-02-28,185930.1399524794,249999999.99999997,124999999.99999997,124999999.99999999,5066.49848932497,94,94,188,44,0.23404255319148937,0.05,0.9999999999999999,0.9999999999999999,0.9999999999999999,1.9999999999999998,0.0007437205598099176,0.00039999999999999996,9.999999999999999e-05,0.0002999999999999999,99999.99999999999,2.0265993957299882e-05,0.0006437205598099176,0.00034372055980991766,0.00034372055980991766,0.0003234545658526178,7.437205598099176,0.9999999999999999,2.999999999999999,0.20265993957299883,3.234545658526178,True,False
2019-03-01,234814.2237715633,249999999.99999988,124999999.99999994,124999999.99999993,3795.4065690653765,96,96,192,29,0.15104166666666666,0.05,0.9999999999999996,0.9999999999999996,0.9999999999999996,1.9999999999999991,0.0009392568950862531,0.00039999999999999986,9.999999999999996e-05,0.00029999999999999987,99999.99999999997,1.5181626276261507e-05,0.0008392568950862532,0.0005392568950862533,0.0005392568950862533,0.0005240752688099918,9.39256895086253,0.9999999999999997,2.9999999999999987,0.15181626276261506,5.240752688099918,True,False
2019-03-04,-41118.70313301668,250000000.0,125000000.0,125000000.0,3537.435523569701,98,98,196,36,0.1836734693877551,0.05000000000000001,1.0,1.0,1.0,2.0,-0.0001644748125320667,0.0004,0.0001,0.0003,100000.0,1.4149742094278805e-05,-0.0002644748125320667,-0.0005644748125320667,-0.0005644748125320667,-0.0005786245546263455,-1.644748125320667,1.0,2.9999999999999996,0.14149742094278805,-5.786245546263455,True,False
2019-03-05,-77977.29483130506,250000000.00000003,124999999.99999999,125000000.0,4032.58619022452,97,97,194,57,0.29381443298969073,0.05,1.0000000000000002,1.0000000000000002,1.0000000000000002,2.0000000000000004,-0.0003119091793252202,0.00040000000000000013,0.00010000000000000003,0.00030000000000000003,100000.00000000003,1.613034476089808e-05,-0.00041190917932522027,-0.0007119091793252203,-0.0007119091793252203,-0.0007280395240861183,-3.119091793252202,1.0000000000000002,3.0000000000000004,0.1613034476089808,-7.280395240861184,True,False
2019-03-06,54192.365297189404,250000000.0,125000000.0,125000000.0,3277.5331471056456,97,97,194,44,0.2268041237113402,0.05000000000000001,1.0,1.0,1.0,2.0,0.0002167694611887576,0.0004,0.0001,0.0003,100000.0,1.3110132588422583e-05,0.0001167694611887576,-0.00018323053881124236,-0.00018323053881124236,-0.00019634067139966496,2.167694611887576,1.0,2.9999999999999996,0.13110132588422582,-1.9634067139966496,True,False
2019-03-07,-908822.4471867299,250000000.00000003,125000000.0,125000000.0,2737.7119843274545,98,98,196,27,0.1377551020408163,0.05000000000000001,1.0000000000000002,1.0000000000000002,1.0000000000000002,2.0000000000000004,-0.0036352897887469197,0.00040000000000000013,0.00010000000000000003,0.00030000000000000003,100000.00000000003,1.0950847937309818e-05,-0.0037352897887469195,-0.004035289788746919,-0.004035289788746919,-0.004046240636684229,-36.3528978874692,1.0000000000000002,3.0000000000000004,0.10950847937309817,-40.462406366842295,True,False
2019-03-08,348550.825910564,249999999.99999997,124999999.99999999,125000000.0,3805.915406426507,99,99,198,40,0.20202020202020202,0.049999999999999996,0.9999999999999999,0.9999999999999999,0.9999999999999999,1.9999999999999998,0.001394203303642256,0.00039999999999999996,9.999999999999999e-05,0.0002999999999999999,99999.99999999999,1.5223661625706028e-05,0.001294203303642256,0.000994203303642256,0.000994203303642256,0.00097897964201655,13.94203303642256,0.9999999999999999,2.999999999999999,0.15223661625706028,9.7897964201655,True,False
2019-03-11,99868.90231631673,250000000.0,125000000.0,125000000.0,4679.624201426168,99,99,198,54,0.2727272727272727,0.049999999999999996,1.0,1.0,1.0,2.0,0.0003994756092652669,0.0004,0.0001,0.0003,100000.0,1.871849680570467e-05,0.00029947560926526693,-5.243907347330453e-07,-5.243907347330453e-07,-1.9242887540437716e-05,3.9947560926526693,1.0,2.9999999999999996,0.1871849680570467,-0.19242887540437717,True,False
2019-03-12,66661.54077001219,250000000.0,125000000.00000001,125000000.00000001,4493.916943188971,99,99,198,48,0.24242424242424243,0.049999999999999996,1.0,1.0,1.0,2.0,0.00026664616308004875,0.0004,0.0001,0.0003,100000.0,1.7975667772755884e-05,0.00016664616308004876,-0.0001333538369199512,-0.0001333538369199512,-0.0001513295046927071,2.6664616308004874,1.0,2.9999999999999996,0.17975667772755885,-1.513295046927071,True,False
2019-03-13,-12780.244735628658,249999999.99999997,125000000.0,124999999.99999999,3004.4767186139916,98,98,196,22,0.11224489795918367,0.049999999999999996,0.9999999999999999,0.9999999999999999,0.9999999999999999,1.9999999999999998,-5.112097894251463e-05,0.00039999999999999996,9.999999999999999e-05,0.0002999999999999999,99999.99999999999,1.2017906874455966e-05,-0.00015112097894251462,-0.00045112097894251457,-0.00045112097894251457,-0.00046313888581697054,-0.5112097894251463,0.9999999999999999,2.999999999999999,0.12017906874455966,-4.631388858169705,True,False
2019-03-14,104540.29375764384,250000000.00000003,125000000.0,125000000.00000001,3793.6386813119548,98,98,196,39,0.1989795918367347,0.05000000000000001,1.0000000000000002,1.0000000000000002,1.0000000000000002,2.0000000000000004,0.0004181611750305754,0.00040000000000000013,0.00010000000000000003,0.00030000000000000003,100000.00000000003,1.5174554725247818e-05,0.00031816117503057534,1.816117503057531e-05,1.816117503057531e-05,2.9866203053274924e-06,4.181611750305754,1.0000000000000002,3.0000000000000004,0.15174554725247819,0.029866203053274924,True,False
2019-03-15,87301.4136182326,250000000.00000003,125000000.00000001,125000000.00000001,4083.4103840651587,98,98,196,40,0.20408163265306123,0.05000000000000001,1.0000000000000002,1.0000000000000002,1.0000000000000002,2.0000000000000004,0.00034920565447293044,0.00040000000000000013,0.00010000000000000003,0.00030000000000000003,100000.00000000003,1.6333641536260636e-05,0.0002492056544729304,-5.079434552706963e-05,-5.079434552706963e-05,-6.712798706333026e-05,3.4920565447293046,1.0000000000000002,3.0000000000000004,0.16333641536260635,-0.6712798706333026,True,False
2019-03-18,187679.26211280728,250000000.0,124999999.99999999,124999999.99999997,3831.9480660438426,99,99,198,24,0.12121212121212122,0.05,1.0,1.0,1.0,2.0,0.0007507170484512292,0.0004,0.0001,0.0003,100000.0,1.532779226417537e-05,0.0006507170484512291,0.00035071704845122915,0.00035071704845122915,0.0003353892561870538,7.507170484512292,1.0,2.9999999999999996,0.15327792264175372,3.3538925618705377,True,False
2019-03-19,112846.78013619647,250000000.00000003,125000000.0,125000000.00000001,3792.2007208372906,98,98,196,49,0.25,0.05000000000000001,1.0000000000000002,1.0000000000000002,1.0000000000000002,2.0000000000000004,0.0004513871205447859,0.00040000000000000013,0.00010000000000000003,0.00030000000000000003,100000.00000000003,1.5168802883349163e-05,0.00035138712054478584,5.138712054478581e-05,5.138712054478581e-05,3.621831766143665e-05,4.513871205447859,1.0000000000000002,3.0000000000000004,0.15168802883349164,0.3621831766143665,True,False
2019-03-20,-63697.77859625913,249999999.99999997,125000000.0,124999999.99999997,3428.5436940833733,98,98,196,24,0.12244897959183673,0.049999999999999996,0.9999999999999999,0.9999999999999999,0.9999999999999999,1.9999999999999998,-0.0002547911143850365,0.00039999999999999996,9.999999999999999e-05,0.0002999999999999999,99999.99999999999,1.3714174776333493e-05,-0.0003547911143850365,-0.0006547911143850364,-0.0006547911143850364,-0.0006685052891613699,-2.5479111438503654,0.9999999999999999,2.999999999999999,0.13714174776333493,-6.685052891613699,True,False
2019-03-21,-378774.1031847741,250000000.00000003,125000000.00000003,125000000.00000001,3586.1543172693696,99,99,198,29,0.14646464646464646,0.049999999999999996,1.0000000000000002,1.0000000000000002,1.0000000000000002,2.0000000000000004,-0.0015150964127390964,0.00040000000000000013,0.00010000000000000003,0.00030000000000000003,100000.00000000003,1.4344617269077478e-05,-0.0016150964127390965,-0.0019150964127390966,-0.0019150964127390966,-0.0019294410300081742,-15.150964127390964,1.0000000000000002,3.0000000000000004,0.14344617269077478,-19.29441030008174,True,False
2019-03-22,87592.21569431432,250000000.00000003,125000000.0,125000000.00000001,3978.8394460261293,99,99,198,27,0.13636363636363635,0.05000000000000001,1.0000000000000002,1.0000000000000002,1.0000000000000002,2.0000000000000004,0.0003503688627772573,0.00040000000000000013,0.00010000000000000003,0.00030000000000000003,100000.00000000003,1.5915357784104517e-05,0.00025036886277725724,-4.9631137222742785e-05,-4.9631137222742785e-05,-6.55464950068473e-05,3.503688627772573,1.0000000000000002,3.0000000000000004,0.15915357784104517,-0.655464950068473,True,False
2019-03-25,900032.0333726009,250000000.0,124999999.99999994,125000000.0,3359.8416380784993,99,99,198,25,0.12626262626262627,0.049999999999999996,1.0,1.0,1.0,2.0,0.003600128133490404,0.0004,0.0001,0.0003,100000.0,1.3439366552313997e-05,0.003500128133490404,0.003200128133490404,0.003200128133490404,0.00318668876693809,36.001281334904036,1.0,2.9999999999999996,0.13439366552313997,31.866887669380898,True,False
2019-03-26,58806.00083797597,250000000.0,125000000.00000003,125000000.00000001,4116.249209698362,98,98,196,42,0.21428571428571427,0.05000000000000001,1.0,1.0,1.0,2.0,0.00023522400335190387,0.0004,0.0001,0.0003,100000.0,1.646499683879345e-05,0.00013522400335190386,-0.00016477599664809612,-0.00016477599664809612,-0.00018124099348688956,2.3522400335190388,1.0,2.9999999999999996,0.1646499683879345,-1.8124099348688956,True,False
2019-03-27,239751.23330032275,250000000.0,124999999.99999999,125000000.0,3356.74572748583,98,98,196,47,0.23979591836734693,0.049999999999999996,1.0,1.0,1.0,2.0,0.000959004933201291,0.0004,0.0001,0.0003,100000.0,1.3426982909943319e-05,0.000859004933201291,0.0005590049332012911,0.0005590049332012911,0.0005455779502913478,9.59004933201291,1.0,2.9999999999999996,0.1342698290994332,5.455779502913478,True,False
2019-03-28,394036.8738674082,250000000.0,125000000.0,124999999.99999999,3733.702525859708,98,98,196,47,0.23979591836734693,0.05,1.0,1.0,1.0,2.0,0.0015761474954696327,0.0004,0.0001,0.0003,100000.0,1.4934810103438832e-05,0.0014761474954696327,0.0011761474954696328,0.0011761474954696328,0.001161212685366194,15.761474954696327,1.0,2.9999999999999996,0.1493481010343883,11.61212685366194,True,False
2019-03-29,536458.2303987066,250000000.0,125000000.0,124999999.99999999,3213.223051181281,98,98,196,39,0.1989795918367347,0.049999999999999996,1.0,1.0,1.0,2.0,0.0021458329215948264,0.0004,0.0001,0.0003,100000.0,1.2852892204725124e-05,0.0020458329215948265,0.0017458329215948266,0.0017458329215948266,0.0017329800293901015,21.458329215948265,1.0,2.9999999999999996,0.12852892204725125,17.329800293901016,True,False
2019-04-01,-165055.75072576234,249999999.99999997,125000000.00000001,124999999.99999999,2657.930226969654,99,99,198,28,0.1414141414141414,0.04999999999999999,0.9999999999999999,0.9999999999999999,0.9999999999999999,1.9999999999999998,-0.0006602230029030494,0.00039999999999999996,9.999999999999999e-05,0.0002999999999999999,99999.99999999999,1.0631720907878617e-05,-0.0007602230029030493,-0.0010602230029030492,-0.0010602230029030492,-0.0010708547238109279,-6.602230029030494,0.9999999999999999,2.999999999999999,0.10631720907878617,-10.70854723810928,True,False
2019-04-02,-87530.32823417793,250000000.00000003,125000000.0,124999999.99999999,3278.275131814798,99,99,198,32,0.16161616161616163,0.05,1.0000000000000002,1.0000000000000002,1.0000000000000002,2.0000000000000004,-0.0003501213129367117,0.00040000000000000013,0.00010000000000000003,0.00030000000000000003,100000.00000000003,1.3113100527259192e-05,-0.00045012131293671175,-0.0007501213129367118,-0.0007501213129367118,-0.000763234413463971,-3.501213129367117,1.0000000000000002,3.0000000000000004,0.13113100527259192,-7.63234413463971,True,False
2019-04-03,-228988.81212584433,250000000.00000003,125000000.00000001,125000000.00000001,4024.016992319108,99,99,198,22,0.1111111111111111,0.05,1.0000000000000002,1.0000000000000002,1.0000000000000002,2.0000000000000004,-0.0009159552485033774,0.00040000000000000013,0.00010000000000000003,0.00030000000000000003,100000.00000000003,1.609606796927643e-05,-0.0010159552485033774,-0.0013159552485033773,-0.0013159552485033773,-0.0013320513164726538,-9.159552485033773,1.0000000000000002,3.0000000000000004,0.1609606796927643,-13.320513164726538,True,False
2019-04-04,309887.6073670442,250000000.00000003,125000000.0,125000000.00000001,3396.8374681845244,99,99,198,42,0.21212121212121213,0.05000000000000001,1.0000000000000002,1.0000000000000002,1.0000000000000002,2.0000000000000004,0.0012395504294681768,0.00040000000000000013,0.00010000000000000003,0.00030000000000000003,100000.00000000003,1.3587349872738097e-05,0.0011395504294681768,0.0008395504294681767,0.0008395504294681767,0.0008259630795954386,12.395504294681768,1.0000000000000002,3.0000000000000004,0.13587349872738097,8.259630795954386,True,False
2019-04-05,-107824.61341684517,249999999.99999997,125000000.0,125000000.0,4616.995220593869,99,99,198,42,0.21212121212121213,0.049999999999999996,0.9999999999999999,0.9999999999999999,0.9999999999999999,1.9999999999999998,-0.00043129845366738067,0.00039999999999999996,9.999999999999999e-05,0.0002999999999999999,99999.99999999999,1.8467980882375477e-05,-0.0005312984536673807,-0.0008312984536673806,-0.0008312984536673806,-0.0008497664345497562,-4.312984536673807,0.9999999999999999,2.999999999999999,0.18467980882375476,-8.497664345497562,True,False
2019-04-08,-426040.56732615345,249999999.99999997,125000000.00000001,124999999.99999997,3743.7215393203633,99,99,198,43,0.21717171717171718,0.049999999999999996,0.9999999999999999,0.9999999999999999,0.9999999999999999,1.9999999999999998,-0.0017041622693046137,0.00039999999999999996,9.999999999999999e-05,0.0002999999999999999,99999.99999999999,1.4974886157281453e-05,-0.0018041622693046138,-0.002104162269304614,-0.002104162269304614,-0.002119137155461895,-17.041622693046136,0.9999999999999999,2.999999999999999,0.14974886157281453,-21.191371554618954,True,False
2019-04-09,11352.795526024398,249999999.99999997,125000000.00000001,124999999.99999997,3610.9632178366173,99,99,198,34,0.1717171717171717,0.049999999999999996,0.9999999999999999,0.9999999999999999,0.9999999999999999,1.9999999999999998,4.541118210409759e-05,0.00039999999999999996,9.999999999999999e-05,0.0002999999999999999,99999.99999999999,1.444385287134647e-05,-5.45888178959024e-05,-0.00035458881789590235,-0.00035458881789590235,-0.0003690326707672488,0.4541118210409759,0.9999999999999999,2.999999999999999,0.14443852871346471,-3.690326707672488,True,False
2019-04-10,-134431.10676792622,250000000.0,124999999.99999996,125000000.00000001,4066.6564973290074,98,98,196,22,0.11224489795918367,0.05000000000000001,1.0,1.0,1.0,2.0,-0.0005377244270717049,0.0004,0.0001,0.0003,100000.0,1.626662598931603e-05,-0.0006377244270717049,-0.0009377244270717048,-0.0009377244270717048,-0.0009539910530610209,-5.377244270717049,1.0,2.9999999999999996,0.1626662598931603,-9.539910530610209,True,False
2019-04-11,723783.7129403172,249999999.99999997,124999999.99999994,125000000.0,5181.560252808807,98,98,196,63,0.32142857142857145,0.05000000000000001,0.9999999999999999,0.9999999999999999,0.9999999999999999,1.9999999999999998,0.002895134851761269,0.00039999999999999996,9.999999999999999e-05,0.0002999999999999999,99999.99999999999,2.0726241011235225e-05,0.002795134851761269,0.002495134851761269,0.002495134851761269,0.002474408610750034,28.95134851761269,0.9999999999999999,2.999999999999999,0.20726241011235225,24.74408610750034,True,False
2019-04-12,-45785.1016587704,250000000.0,125000000.00000003,125000000.0,4217.60315220299,98,98,196,36,0.1836734693877551,0.05000000000000001,1.0,1.0,1.0,2.0,-0.0001831404066350816,0.0004,0.0001,0.0003,100000.0,1.6870412608811958e-05,-0.0002831404066350816,-0.0005831404066350815,-0.0005831404066350815,-0.0006000108192438934,-1.831404066350816,1.0,2.9999999999999996,0.16870412608811958,-6.000108192438934,True,False
2019-04-15,388390.4360984909,250000000.00000003,125000000.0,124999999.99999999,5183.835637434753,97,97,194,37,0.19072164948453607,0.05,1.0000000000000002,1.0000000000000002,1.0000000000000002,2.0000000000000004,0.0015535617443939635,0.00040000000000000013,0.00010000000000000003,0.00030000000000000003,100000.00000000003,2.0735342549739012e-05,0.0014535617443939635,0.0011535617443939636,0.0011535617443939636,0.0011328264018442245,15.535617443939636,1.0000000000000002,3.0000000000000004,0.2073534254973901,11.328264018442246,True,False
2019-04-16,446898.0871446454,249999999.99999994,124999999.99999999,124999999.99999999,3818.4540380363464,94,94,188,40,0.2127659574468085,0.05000000000000001,0.9999999999999998,0.9999999999999998,0.9999999999999998,1.9999999999999996,0.0017875923485785815,0.0003999999999999999,9.999999999999998e-05,0.0002999999999999999,99999.99999999997,1.5273816152145386e-05,0.0016875923485785815,0.0013875923485785816,0.0013875923485785816,0.0013723185324264362,17.875923485785815,0.9999999999999998,2.999999999999999,0.15273816152145386,13.723185324264362,True,False
2019-04-17,-278975.6673128671,250000000.0,124999999.99999997,124999999.99999999,4101.064238285471,93,93,186,48,0.25806451612903225,0.049999999999999996,1.0,1.0,1.0,2.0,-0.0011159026692514685,0.0004,0.0001,0.0003,100000.0,1.6404256953141884e-05,-0.0012159026692514685,-0.0015159026692514684,-0.0015159026692514684,-0.0015323069262046104,-11.159026692514685,1.0,2.9999999999999996,0.16404256953141882,-15.323069262046104,True,False
2019-04-18,98695.4822973472,250000000.0,125000000.0,125000000.0,3927.3763055836243,95,95,190,41,0.21578947368421053,0.05000000000000001,1.0,1.0,1.0,2.0,0.0003947819291893888,0.0004,0.0001,0.0003,100000.0,1.5709505222334496e-05,0.0002947819291893888,-5.2180708106111485e-06,-5.2180708106111485e-06,-2.0927576032945645e-05,3.947819291893888,1.0,2.9999999999999996,0.15709505222334497,-0.20927576032945644,True,False
2019-04-22,-27237.363708664285,249999999.99999997,125000000.0,125000000.00000001,3751.6461058985838,90,90,180,40,0.2222222222222222,0.05000000000000001,0.9999999999999999,0.9999999999999999,0.9999999999999999,1.9999999999999998,-0.00010894945483465714,0.00039999999999999996,9.999999999999999e-05,0.0002999999999999999,99999.99999999999,1.5006584423594335e-05,-0.00020894945483465713,-0.000508949454834657,-0.000508949454834657,-0.0005239560392582513,-1.0894945483465714,0.9999999999999999,2.999999999999999,0.15006584423594335,-5.239560392582513,True,False
2019-04-23,43564.49668032078,249999999.99999997,124999999.99999997,124999999.99999999,3384.759177442897,82,82,164,36,0.21951219512195122,0.05,0.9999999999999999,0.9999999999999999,0.9999999999999999,1.9999999999999998,0.0001742579867212831,0.00039999999999999996,9.999999999999999e-05,0.0002999999999999999,99999.99999999999,1.3539036709771587e-05,7.425798672128312e-05,-0.0002257420132787168,-0.0002257420132787168,-0.00023928104998848838,1.7425798672128312,0.9999999999999999,2.999999999999999,0.13539036709771587,-2.3928104998848836,True,False
2019-04-24,608289.4147511809,250000000.0,125000000.0,125000000.0,4174.765959541105,80,80,160,55,0.34375,0.05000000000000001,1.0,1.0,1.0,2.0,0.0024331576590047236,0.0004,0.0001,0.0003,100000.0,1.669906383816442e-05,0.002333157659004724,0.002033157659004724,0.002033157659004724,0.0020164585951665593,24.331576590047238,1.0,2.9999999999999996,0.1669906383816442,20.164585951665593,True,False
2019-04-25,-173915.05707635017,249999999.99999988,124999999.99999991,124999999.99999993,5741.66316466527,85,85,170,52,0.3058823529411765,0.05000000000000001,0.9999999999999996,0.9999999999999996,0.9999999999999996,1.9999999999999991,-0.0006956602283054007,0.00039999999999999986,9.999999999999996e-05,0.00029999999999999987,99999.99999999997,2.296665265866108e-05,-0.0007956602283054006,-0.0010956602283054004,-0.0010956602283054004,-0.0011186268809640614,-6.956602283054007,0.9999999999999997,2.9999999999999987,0.2296665265866108,-11.186268809640614,True,False
2019-04-26,-73156.08717561985,250000000.00000006,125000000.00000003,125000000.00000003,2908.6152937871466,87,87,174,40,0.22988505747126436,0.049999999999999996,1.0000000000000002,1.0000000000000002,1.0000000000000002,2.0000000000000004,-0.0002926243487024794,0.00040000000000000013,0.00010000000000000003,0.00030000000000000003,100000.00000000003,1.1634461175148587e-05,-0.00039262434870247944,-0.0006926243487024794,-0.0006926243487024794,-0.000704258809877628,-2.9262434870247938,1.0000000000000002,3.0000000000000004,0.11634461175148587,-7.04258809877628,True,False
2019-04-29,17518.610441042874,249999999.99999997,124999999.99999997,125000000.0,5247.659948565779,85,85,170,57,0.3352941176470588,0.05000000000000001,0.9999999999999999,0.9999999999999999,0.9999999999999999,1.9999999999999998,7.00744417641715e-05,0.00039999999999999996,9.999999999999999e-05,0.0002999999999999999,99999.99999999999,2.0990639794263115e-05,-2.992555823582849e-05,-0.0003299255582358284,-0.0003299255582358284,-0.0003509161980300915,0.700744417641715,0.9999999999999999,2.999999999999999,0.20990639794263116,-3.5091619803009153,True,False
2019-04-30,-439449.561340627,249999999.99999997,124999999.99999997,125000000.0,4326.126991449659,77,77,154,60,0.38961038961038963,0.05000000000000001,0.9999999999999999,0.9999999999999999,0.9999999999999999,1.9999999999999998,-0.0017577982453625082,0.00039999999999999996,9.999999999999999e-05,0.0002999999999999999,99999.99999999999,1.7304507965798634e-05,-0.0018577982453625082,-0.002157798245362508,-0.002157798245362508,-0.0021751027533283064,-17.577982453625083,0.9999999999999999,2.999999999999999,0.17304507965798635,-21.751027533283064,True,False
2019-05-01,135280.43152126024,250000000.0,124999999.99999999,125000000.00000001,3196.8899692929804,78,78,156,32,0.20512820512820512,0.05000000000000001,1.0,1.0,1.0,2.0,0.0005411217260850409,0.0004,0.0001,0.0003,100000.0,1.2787559877171922e-05,0.00044112172608504094,0.00014112172608504096,0.00014112172608504096,0.00012833416620786905,5.411217260850409,1.0,2.9999999999999996,0.12787559877171922,1.2833416620786906,True,False
2019-05-02,281081.88159907167,249999999.99999994,124999999.99999999,124999999.99999997,4246.75260557332,84,84,168,44,0.2619047619047619,0.05000000000000001,0.9999999999999998,0.9999999999999998,0.9999999999999998,1.9999999999999996,0.0011243275263962866,0.0003999999999999999,9.999999999999998e-05,0.0002999999999999999,99999.99999999997,1.698701042229328e-05,0.0010243275263962866,0.0007243275263962867,0.0007243275263962867,0.0007073405159739934,11.243275263962866,0.9999999999999998,2.999999999999999,0.1698701042229328,7.073405159739934,True,False
2019-05-03,-817921.8935473023,250000000.00000003,125000000.0,125000000.00000001,4931.811202687666,88,88,176,50,0.2840909090909091,0.05000000000000001,1.0000000000000002,1.0000000000000002,1.0000000000000002,2.0000000000000004,-0.0032716875741892093,0.00040000000000000013,0.00010000000000000003,0.00030000000000000003,100000.00000000003,1.9727244810750664e-05,-0.003371687574189209,-0.003671687574189209,-0.003671687574189209,-0.00369141481899996,-32.716875741892096,1.0000000000000002,3.0000000000000004,0.19727244810750663,-36.9141481899996,True,False
2019-05-06,22022.776813304852,249999999.99999994,124999999.99999996,124999999.99999996,4414.264608410282,91,91,182,71,0.3901098901098901,0.05,0.9999999999999998,0.9999999999999998,0.9999999999999998,1.9999999999999996,8.80911072532194e-05,0.0003999999999999999,9.999999999999998e-05,0.0002999999999999999,99999.99999999997,1.7657058433641125e-05,-1.1908892746780576e-05,-0.0003119088927467805,-0.0003119088927467805,-0.0003295659511804216,0.880911072532194,0.9999999999999998,2.999999999999999,0.17657058433641126,-3.2956595118042165,True,False
2019-05-07,-157499.04510193155,250000000.0,125000000.0,125000000.0,4114.922205750438,88,88,176,46,0.26136363636363635,0.05000000000000001,1.0,1.0,1.0,2.0,-0.0006299961804077262,0.0004,0.0001,0.0003,100000.0,1.645968882300175e-05,-0.0007299961804077262,-0.0010299961804077261,-0.0010299961804077261,-0.001046455869230728,-6.299961804077261,1.0,2.9999999999999996,0.1645968882300175,-10.46455869230728,True,False
2019-05-08,-466161.715645521,249999999.99999997,124999999.99999997,124999999.99999999,3933.7970187839896,91,91,182,36,0.1978021978021978,0.05,0.9999999999999999,0.9999999999999999,0.9999999999999999,1.9999999999999998,-0.001864646862582084,0.00039999999999999996,9.999999999999999e-05,0.0002999999999999999,99999.99999999999,1.5735188075135958e-05,-0.001964646862582084,-0.002264646862582084,-0.002264646862582084,-0.00228038205065722,-18.64646862582084,0.9999999999999999,2.999999999999999,0.15735188075135959,-22.803820506572198,True,False
2019-05-09,86350.47651470578,249999999.99999997,124999999.99999999,125000000.00000001,4646.148328248283,94,94,188,28,0.14893617021276595,0.05000000000000001,0.9999999999999999,0.9999999999999999,0.9999999999999999,1.9999999999999998,0.0003454019060588231,0.00039999999999999996,9.999999999999999e-05,0.0002999999999999999,99999.99999999999,1.8584593312993134e-05,0.0002454019060588231,-5.4598093941176826e-05,-5.4598093941176826e-05,-7.318268725416996e-05,3.454019060588231,0.9999999999999999,2.999999999999999,0.18584593312993133,-0.7318268725416996,True,False
2019-05-10,-673228.345548097,249999999.99999997,124999999.99999999,124999999.99999997,4509.264416779787,97,97,194,35,0.18041237113402062,0.049999999999999996,0.9999999999999999,0.9999999999999999,0.9999999999999999,1.9999999999999998,-0.0026929133821923883,0.00039999999999999996,9.999999999999999e-05,0.0002999999999999999,99999.99999999999,1.8037057667119147e-05,-0.002792913382192388,-0.003092913382192388,-0.003092913382192388,-0.0031109504398595072,-26.929133821923884,0.9999999999999999,2.999999999999999,0.18037057667119147,-31.10950439859507,True,False
2019-05-13,614902.6527016627,250000000.0,125000000.0,124999999.99999999,3208.91953536422,99,99,198,23,0.11616161616161616,0.05,1.0,1.0,1.0,2.0,0.002459610610806651,0.0004,0.0001,0.0003,100000.0,1.283567814145688e-05,0.002359610610806651,0.0020596106108066513,0.0020596106108066513,0.0020467749326651945,24.59610610806651,1.0,2.9999999999999996,0.1283567814145688,20.467749326651944,True,False
2019-05-14,-1001073.7053400383,249999999.99999997,124999999.99999996,124999999.99999999,3432.1284255578717,98,98,196,33,0.1683673469387755,0.049999999999999996,0.9999999999999999,0.9999999999999999,0.9999999999999999,1.9999999999999998,-0.004004294821360153,0.00039999999999999996,9.999999999999999e-05,0.0002999999999999999,99999.99999999999,1.3728513702231487e-05,-0.004104294821360153,-0.004404294821360153,-0.004404294821360153,-0.004418023335062384,-40.04294821360153,0.9999999999999999,2.999999999999999,0.13728513702231487,-44.180233350623844,True,False
2019-05-15,-364011.142085613,249999999.99999997,124999999.99999997,124999999.99999999,4270.460975328842,98,98,196,41,0.20918367346938777,0.049999999999999996,0.9999999999999999,0.9999999999999999,0.9999999999999999,1.9999999999999998,-0.001456044568342452,0.00039999999999999996,9.999999999999999e-05,0.0002999999999999999,99999.99999999999,1.708184390131537e-05,-0.001556044568342452,-0.001856044568342452,-0.001856044568342452,-0.0018731264122437672,-14.56044568342452,0.9999999999999999,2.999999999999999,0.1708184390131537,-18.731264122437672,True,False
2019-05-16,-276585.99689215847,250000000.00000003,125000000.0,125000000.0,4632.564919529706,98,98,196,33,0.1683673469387755,0.05,1.0000000000000002,1.0000000000000002,1.0000000000000002,2.0000000000000004,-0.001106343987568634,0.00040000000000000013,0.00010000000000000003,0.00030000000000000003,100000.00000000003,1.853025967811882e-05,-0.001206343987568634,-0.001506343987568634,-0.001506343987568634,-0.0015248742472467526,-11.06343987568634,1.0000000000000002,3.0000000000000004,0.1853025967811882,-15.248742472467526,True,False
2019-05-17,-910736.5814248235,250000000.0,125000000.0,124999999.99999999,3792.8166294355324,98,98,196,45,0.22959183673469388,0.05,1.0,1.0,1.0,2.0,-0.003642946325699294,0.0004,0.0001,0.0003,100000.0,1.517126651774213e-05,-0.003742946325699294,-0.004042946325699294,-0.004042946325699294,-0.004058117592217037,-36.42946325699294,1.0,2.9999999999999996,0.1517126651774213,-40.58117592217037,True,False
2019-05-20,1004172.0344667415,249999999.99999997,125000000.00000001,124999999.99999999,3629.9295280153765,98,98,196,23,0.11734693877551021,0.049999999999999996,0.9999999999999999,0.9999999999999999,0.9999999999999999,1.9999999999999998,0.004016688137866966,0.00039999999999999996,9.999999999999999e-05,0.0002999999999999999,99999.99999999999,1.4519718112061505e-05,0.003916688137866966,0.003616688137866966,0.003616688137866966,0.0036021684197549047,40.166881378669665,0.9999999999999999,2.999999999999999,0.14519718112061505,36.02168419754905,True,False
2019-05-21,-502456.4572258851,249999999.99999994,124999999.99999999,124999999.99999999,3957.4088624252063,97,97,194,49,0.25257731958762886,0.049999999999999996,0.9999999999999998,0.9999999999999998,0.9999999999999998,1.9999999999999996,-0.0020098258289035407,0.0003999999999999999,9.999999999999998e-05,0.0002999999999999999,99999.99999999997,1.5829635449700824e-05,-0.0021098258289035405,-0.0024098258289035404,-0.0024098258289035404,-0.0024256554643532413,-20.098258289035407,0.9999999999999998,2.999999999999999,0.15829635449700824,-24.256554643532414,True,False
2019-05-22,-483904.3480827352,249999999.99999997,125000000.0,124999999.99999999,5056.0564291755645,97,97,194,40,0.20618556701030927,0.049999999999999996,0.9999999999999999,0.9999999999999999,0.9999999999999999,1.9999999999999998,-0.001935617392330941,0.00039999999999999996,9.999999999999999e-05,0.0002999999999999999,99999.99999999999,2.0224225716702258e-05,-0.0020356173923309407,-0.0023356173923309406,-0.0023356173923309406,-0.002355841618047643,-19.35617392330941,0.9999999999999999,2.999999999999999,0.20224225716702257,-23.55841618047643,True,False
2019-05-23,574350.1017284949,249999999.99999997,124999999.99999993,125000000.00000001,5338.733079759405,97,97,194,31,0.15979381443298968,0.05,0.9999999999999999,0.9999999999999999,0.9999999999999999,1.9999999999999998,0.0022974004069139793,0.00039999999999999996,9.999999999999999e-05,0.0002999999999999999,99999.99999999999,2.135493231903762e-05,0.0021974004069139795,0.0018974004069139795,0.0018974004069139795,0.001876045474594942,22.97400406913979,0.9999999999999999,2.999999999999999,0.2135493231903762,18.76045474594942,True,False
2019-05-24,14807.012205418761,250000000.0,125000000.0,125000000.0,2845.051870281495,98,98,196,23,0.11734693877551021,0.05000000000000001,1.0,1.0,1.0,2.0,5.9228048821675045e-05,0.0004,0.0001,0.0003,100000.0,1.138020748112598e-05,-4.077195117832496e-05,-0.0003407719511783249,-0.0003407719511783249,-0.0003521521586594509,0.5922804882167505,1.0,2.9999999999999996,0.1138020748112598,-3.5215215865945093,True,False
2019-05-28,-583485.202038505,249999999.99999997,125000000.0,124999999.99999997,6142.707064315901,98,98,196,58,0.29591836734693877,0.05000000000000001,0.9999999999999999,0.9999999999999999,0.9999999999999999,1.9999999999999998,-0.00233394080815402,0.00039999999999999996,9.999999999999999e-05,0.0002999999999999999,99999.99999999999,2.4570828257263607e-05,-0.0024339408081540197,-0.0027339408081540196,-0.0027339408081540196,-0.0027585116364112834,-23.3394080815402,0.9999999999999999,2.999999999999999,0.24570828257263608,-27.585116364112835,True,False
2019-05-29,-177287.63244004583,249999999.99999997,125000000.0,125000000.0,4026.6356441832777,97,97,194,40,0.20618556701030927,0.05000000000000001,0.9999999999999999,0.9999999999999999,0.9999999999999999,1.9999999999999998,-0.0007091505297601833,0.00039999999999999996,9.999999999999999e-05,0.0002999999999999999,99999.99999999999,1.610654257673311e-05,-0.0008091505297601832,-0.0011091505297601831,-0.0011091505297601831,-0.0011252570723369164,-7.091505297601833,0.9999999999999999,2.999999999999999,0.1610654257673311,-11.252570723369164,True,False
2019-05-30,-357890.55909275025,250000000.0,124999999.99999999,124999999.99999999,4974.068283014601,97,97,194,58,0.29896907216494845,0.05,1.0,1.0,1.0,2.0,-0.001431562236371001,0.0004,0.0001,0.0003,100000.0,1.9896273132058404e-05,-0.001531562236371001,-0.001831562236371001,-0.001831562236371001,-0.0018514585095030594,-14.31562236371001,1.0,2.9999999999999996,0.19896273132058404,-18.514585095030593,True,False
2019-05-31,-10815.570046968951,250000000.0,125000000.0,125000000.0,3376.9059500093254,98,98,196,24,0.12244897959183673,0.05,1.0,1.0,1.0,2.0,-4.3262280187875803e-05,0.0004,0.0001,0.0003,100000.0,1.3507623800037302e-05,-0.00014326228018787582,-0.00044326228018787576,-0.00044326228018787576,-0.00045676990398791305,-0.432622801878758,1.0,2.9999999999999996,0.13507623800037302,-4.56769903987913,True,False
2019-06-03,1010483.0496569355,249999999.99999994,125000000.0,124999999.99999999,4820.915910174734,98,98,196,43,0.2193877551020408,0.05000000000000001,0.9999999999999998,0.9999999999999998,0.9999999999999998,1.9999999999999996,0.004041932198627742,0.0003999999999999999,9.999999999999998e-05,0.0002999999999999999,99999.99999999997,1.9283663640698935e-05,0.003941932198627741,0.0036419321986277415,0.0036419321986277415,0.0036226485349870425,40.41932198627742,0.9999999999999998,2.999999999999999,0.19283663640698936,36.22648534987042,True,False
2019-06-04,606770.8352439268,250000000.0,125000000.0,125000000.0,4342.608128098142,98,98,196,49,0.25,0.049999999999999996,1.0,1.0,1.0,2.0,0.0024270833409757073,0.0004,0.0001,0.0003,100000.0,1.7370432512392568e-05,0.0023270833409757075,0.0020270833409757076,0.0020270833409757076,0.002009712908463315,24.270833409757074,1.0,2.9999999999999996,0.17370432512392567,20.09712908463315,True,False
2019-06-05,124274.34737803703,249999999.99999997,124999999.99999997,124999999.99999997,5850.225506165607,98,98,196,53,0.27040816326530615,0.049999999999999996,0.9999999999999999,0.9999999999999999,0.9999999999999999,1.9999999999999998,0.0004970973895121481,0.00039999999999999996,9.999999999999999e-05,0.0002999999999999999,99999.99999999999,2.340090202466243e-05,0.0003970973895121481,9.709738951214816e-05,9.709738951214816e-05,7.369648748748573e-05,4.970973895121481,0.9999999999999999,2.999999999999999,0.2340090202466243,0.7369648748748573,True,False
2019-06-06,-107701.17026967488,250000000.0,125000000.0,124999999.99999999,4044.7824842407126,98,98,196,22,0.11224489795918367,0.05,1.0,1.0,1.0,2.0,-0.00043080468107869953,0.0004,0.0001,0.0003,100000.0,1.617912993696285e-05,-0.0005308046810786996,-0.0008308046810786996,-0.0008308046810786996,-0.0008469838110156624,-4.308046810786995,1.0,2.9999999999999996,0.1617912993696285,-8.469838110156624,True,False
2019-06-07,649136.0098428865,250000000.00000006,125000000.00000003,125000000.00000003,3973.1530291854815,99,99,198,42,0.21212121212121213,0.049999999999999996,1.0000000000000002,1.0000000000000002,1.0000000000000002,2.0000000000000004,0.002596544039371546,0.00040000000000000013,0.00010000000000000003,0.00030000000000000003,100000.00000000003,1.5892612116741927e-05,0.0024965440393715462,0.0021965440393715463,0.0021965440393715463,0.0021806514272548045,25.96544039371546,1.0000000000000002,3.0000000000000004,0.15892612116741928,21.806514272548046,True,False
2019-06-10,942484.9948645139,250000000.0,125000000.00000001,125000000.0,4454.602727676115,99,99,198,47,0.23737373737373738,0.049999999999999996,1.0,1.0,1.0,2.0,0.0037699399794580554,0.0004,0.0001,0.0003,100000.0,1.781841091070446e-05,0.0036699399794580556,0.0033699399794580556,0.0033699399794580556,0.003352121568547351,37.69939979458055,1.0,2.9999999999999996,0.1781841091070446,33.521215685473514,True,False
2019-06-11,-337326.4317271395,249999999.99999994,124999999.99999999,124999999.99999999,4542.28756120619,99,99,198,54,0.2727272727272727,0.049999999999999996,0.9999999999999998,0.9999999999999998,0.9999999999999998,1.9999999999999996,-0.001349305726908558,0.0003999999999999999,9.999999999999998e-05,0.0002999999999999999,99999.99999999997,1.816915024482476e-05,-0.001449305726908558,-0.001749305726908558,-0.001749305726908558,-0.0017674748771533827,-13.493057269085579,0.9999999999999998,2.999999999999999,0.18169150244824758,-17.674748771533828,True,False
2019-06-12,533187.436815683,250000000.0,124999999.99999997,125000000.00000001,4635.302688129127,99,99,198,45,0.22727272727272727,0.05000000000000001,1.0,1.0,1.0,2.0,0.002132749747262732,0.0004,0.0001,0.0003,100000.0,1.8541210752516507e-05,0.002032749747262732,0.0017327497472627322,0.0017327497472627322,0.0017142085365102156,21.327497472627318,1.0,2.9999999999999996,0.18541210752516507,17.142085365102158,True,False
2019-06-13,-635370.0457698893,250000000.00000003,124999999.99999999,125000000.0,3322.0403066979616,99,99,198,43,0.21717171717171718,0.049999999999999996,1.0000000000000002,1.0000000000000002,1.0000000000000002,2.0000000000000004,-0.002541480183079557,0.00040000000000000013,0.00010000000000000003,0.00030000000000000003,100000.00000000003,1.3288161226791846e-05,-0.002641480183079557,-0.002941480183079557,-0.002941480183079557,-0.0029547683443063486,-25.41480183079557,1.0000000000000002,3.0000000000000004,0.13288161226791845,-29.547683443063487,True,False
2019-06-14,17536.80067847816,250000000.0,125000000.00000003,125000000.0,4935.8858240953405,99,99,198,39,0.19696969696969696,0.049999999999999996,1.0,1.0,1.0,2.0,7.014720271391265e-05,0.0004,0.0001,0.0003,100000.0,1.974354329638136e-05,-2.9852797286087355e-05,-0.00032985279728608736,-0.00032985279728608736,-0.0003495963405824687,0.7014720271391265,1.0,2.9999999999999996,0.1974354329638136,-3.4959634058246873,True,False
2019-06-17,929380.8390530933,250000000.0,125000000.00000001,125000000.0,3803.884340210121,99,99,198,46,0.23232323232323232,0.05000000000000001,1.0,1.0,1.0,2.0,0.0037175233562123733,0.0004,0.0001,0.0003,100000.0,1.5215537360840484e-05,0.0036175233562123735,0.0033175233562123736,0.0033175233562123736,0.003302307818851533,37.175233562123736,1.0,2.9999999999999996,0.15215537360840484,33.02307818851533,True,False
2019-06-18,409018.9448928489,249999999.99999997,124999999.99999996,124999999.99999999,3731.749997597814,98,98,196,43,0.2193877551020408,0.049999999999999996,0.9999999999999999,0.9999999999999999,0.9999999999999999,1.9999999999999998,0.0016360757795713956,0.00039999999999999996,9.999999999999999e-05,0.0002999999999999999,99999.99999999999,1.4926999990391256e-05,0.0015360757795713955,0.0012360757795713956,0.0012360757795713956,0.0012211487795810044,16.360757795713955,0.9999999999999999,2.999999999999999,0.14926999990391257,12.211487795810044,True,False
2019-06-19,371956.19495866,250000000.0,124999999.99999999,124999999.99999999,4690.728143939818,98,98,196,64,0.32653061224489793,0.05,1.0,1.0,1.0,2.0,0.00148782477983464,0.0004,0.0001,0.0003,100000.0,1.8762912575759274e-05,0.00138782477983464,0.00108782477983464,0.00108782477983464,0.0010690618672588809,14.8782477983464,1.0,2.9999999999999996,0.18762912575759275,10.690618672588808,True,False
2019-06-20,-82988.9378382127,250000000.0,125000000.00000001,125000000.0,3215.9659110547077,98,98,196,47,0.23979591836734693,0.05000000000000001,1.0,1.0,1.0,2.0,-0.0003319557513528508,0.0004,0.0001,0.0003,100000.0,1.286386364421883e-05,-0.0004319557513528508,-0.0007319557513528508,-0.0007319557513528508,-0.0007448196149970696,-3.319557513528508,1.0,2.9999999999999996,0.12863863644218831,-7.448196149970697,True,False
2019-06-21,-123051.11676069851,250000000.0,124999999.99999999,124999999.99999999,3900.4602593368672,99,99,198,50,0.25252525252525254,0.05000000000000001,1.0,1.0,1.0,2.0,-0.0004922044670427941,0.0004,0.0001,0.0003,100000.0,1.5601841037347467e-05,-0.0005922044670427941,-0.0008922044670427942,-0.0008922044670427942,-0.0009078063080801416,-4.92204467042794,1.0,2.9999999999999996,0.15601841037347466,-9.078063080801416,True,False
2019-06-24,-266559.07194711635,250000000.0,124999999.99999997,125000000.0,3308.1071608148177,98,98,196,54,0.2755102040816326,0.049999999999999996,1.0,1.0,1.0,2.0,-0.0010662362877884653,0.0004,0.0001,0.0003,100000.0,1.323242864325927e-05,-0.0011662362877884653,-0.0014662362877884653,-0.0014662362877884653,-0.0014794687164317246,-10.662362877884654,1.0,2.9999999999999996,0.1323242864325927,-14.794687164317246,True,False
2019-06-25,1113414.9346939765,250000000.0,124999999.99999999,125000000.0,4074.5505254437435,98,98,196,38,0.19387755102040816,0.05,1.0,1.0,1.0,2.0,0.004453659738775906,0.0004,0.0001,0.0003,100000.0,1.6298202101774974e-05,0.004353659738775906,0.004053659738775906,0.004053659738775906,0.004037361536674131,44.536597387759066,1.0,2.9999999999999996,0.16298202101774975,40.37361536674131,True,False
2019-06-26,174501.99696809833,249999999.99999997,124999999.99999994,125000000.0,4756.96974481122,98,98,196,60,0.30612244897959184,0.049999999999999996,0.9999999999999999,0.9999999999999999,0.9999999999999999,1.9999999999999998,0.0006980079878723933,0.00039999999999999996,9.999999999999999e-05,0.0002999999999999999,99999.99999999999,1.902787897924488e-05,0.0005980079878723933,0.00029800798787239335,0.00029800798787239335,0.0002789801088931485,6.9800798787239335,0.9999999999999999,2.999999999999999,0.1902787897924488,2.7898010889314846,True,False
2019-06-27,72896.59141532192,250000000.0,125000000.0,124999999.99999999,5746.977424150481,98,98,196,60,0.30612244897959184,0.05000000000000001,1.0,1.0,1.0,2.0,0.0002915863656612877,0.0004,0.0001,0.0003,100000.0,2.2987909696601924e-05,0.0001915863656612877,-0.00010841363433871227,-0.00010841363433871227,-0.0001314015440353142,2.915863656612877,1.0,2.9999999999999996,0.22987909696601924,-1.314015440353142,True,False
2019-06-28,1296359.9003560774,249999999.99999997,125000000.0,125000000.00000001,6012.741351052464,99,99,198,73,0.3686868686868687,0.05000000000000001,0.9999999999999999,0.9999999999999999,0.9999999999999999,1.9999999999999998,0.00518543960142431,0.00039999999999999996,9.999999999999999e-05,0.0002999999999999999,99999.99999999999,2.4050965404209857e-05,0.005085439601424309,0.0047854396014243095,0.0047854396014243095,0.0047613886360200995,51.85439601424309,0.9999999999999999,2.999999999999999,0.24050965404209856,47.61388636020099,True,False
2019-07-01,-129325.53451675178,250000000.0,125000000.00000006,125000000.00000001,4257.173209828754,99,99,198,37,0.18686868686868688,0.05000000000000001,1.0,1.0,1.0,2.0,-0.0005173021380670071,0.0004,0.0001,0.0003,100000.0,1.7028692839315017e-05,-0.0006173021380670072,-0.0009173021380670071,-0.0009173021380670071,-0.0009343308309063221,-5.173021380670071,1.0,2.9999999999999996,0.17028692839315016,-9.343308309063222,True,False
2019-07-02,-216909.84791577118,250000000.0,125000000.0,125000000.0,4048.592682134969,99,99,198,34,0.1717171717171717,0.049999999999999996,1.0,1.0,1.0,2.0,-0.0008676393916630847,0.0004,0.0001,0.0003,100000.0,1.6194370728539875e-05,-0.0009676393916630847,-0.0012676393916630847,-0.0012676393916630847,-0.0012838337623916245,-8.676393916630847,1.0,2.9999999999999996,0.16194370728539875,-12.838337623916246,True,False
2019-07-03,31857.231936953343,250000000.00000006,125000000.00000003,125000000.00000003,3511.8158653138207,99,99,198,24,0.12121212121212122,0.05000000000000001,1.0000000000000002,1.0000000000000002,1.0000000000000002,2.0000000000000004,0.00012742892774781337,0.00040000000000000013,0.00010000000000000003,0.00030000000000000003,100000.00000000003,1.4047263461255284e-05,2.7428927747813342e-05,-0.0002725710722521867,-0.0002725710722521867,-0.000286618335713442,1.2742892774781338,1.0000000000000002,3.0000000000000004,0.14047263461255283,-2.86618335713442,True,False
2019-07-05,-352194.04942717694,250000000.00000003,124999999.99999997,125000000.00000001,4079.6894677247274,99,99,198,32,0.16161616161616163,0.049999999999999996,1.0000000000000002,1.0000000000000002,1.0000000000000002,2.0000000000000004,-0.0014087761977087077,0.00040000000000000013,0.00010000000000000003,0.00030000000000000003,100000.00000000003,1.631875787089891e-05,-0.0015087761977087078,-0.0018087761977087077,-0.0018087761977087077,-0.0018250949555796065,-14.087761977087077,1.0000000000000002,3.0000000000000004,0.1631875787089891,-18.250949555796065,True,False
2019-07-08,10271.344494803965,250000000.0,125000000.00000001,125000000.0,5413.031136889252,99,99,198,52,0.26262626262626265,0.049999999999999996,1.0,1.0,1.0,2.0,4.108537797921586e-05,0.0004,0.0001,0.0003,100000.0,2.1652124547557006e-05,-5.891462202078414e-05,-0.0003589146220207841,-0.0003589146220207841,-0.0003805667465683411,0.41085377979215865,1.0,2.9999999999999996,0.21652124547557006,-3.805667465683411,True,False
2019-07-09,355998.0821784024,250000000.0,125000000.00000003,125000000.0,3959.2974594053667,98,98,196,32,0.16326530612244897,0.049999999999999996,1.0,1.0,1.0,2.0,0.0014239923287136095,0.0004,0.0001,0.0003,100000.0,1.5837189837621467e-05,0.0013239923287136095,0.0010239923287136095,0.0010239923287136095,0.0010081551388759881,14.239923287136095,1.0,2.9999999999999996,0.15837189837621468,10.08155138875988,True,False
2019-07-10,293721.98981198634,249999999.99999997,124999999.99999997,125000000.0,4300.307393866449,98,98,196,49,0.25,0.05000000000000001,0.9999999999999999,0.9999999999999999,0.9999999999999999,1.9999999999999998,0.0011748879592479453,0.00039999999999999996,9.999999999999999e-05,0.0002999999999999999,99999.99999999999,1.72012295754658e-05,0.0010748879592479452,0.0007748879592479453,0.0007748879592479453,0.0007576867296724795,11.748879592479453,0.9999999999999999,2.999999999999999,0.17201229575465798,7.576867296724795,True,False
2019-07-11,66718.57517262275,250000000.0,124999999.99999997,125000000.00000001,3380.59551659865,99,99,198,35,0.17676767676767677,0.05000000000000001,1.0,1.0,1.0,2.0,0.00026687430069049096,0.0004,0.0001,0.0003,100000.0,1.3522382066394602e-05,0.00016687430069049097,-0.000133125699309509,-0.000133125699309509,-0.0001466480813759036,2.6687430069049096,1.0,2.9999999999999996,0.135223820663946,-1.4664808137590362,True,False
2019-07-12,4334.731036641967,250000000.0,124999999.99999999,124999999.99999999,3915.9125354009198,98,98,196,47,0.23979591836734693,0.05000000000000001,1.0,1.0,1.0,2.0,1.7338924146567867e-05,0.0004,0.0001,0.0003,100000.0,1.566365014160368e-05,-8.266107585343214e-05,-0.0003826610758534321,-0.0003826610758534321,-0.00039832472599503577,0.17338924146567866,1.0,2.9999999999999996,0.1566365014160368,-3.9832472599503577,True,False
2019-07-15,214253.0483734437,249999999.9999999,124999999.99999994,124999999.99999993,4400.711326353942,96,96,192,35,0.18229166666666666,0.05,0.9999999999999997,0.9999999999999997,0.9999999999999997,1.9999999999999993,0.0008570121934937747,0.0003999999999999999,9.999999999999998e-05,0.00029999999999999987,99999.99999999997,1.7602845305415768e-05,0.0007570121934937748,0.0004570121934937749,0.0004570121934937749,0.00043940934818835915,8.570121934937747,0.9999999999999998,2.9999999999999987,0.17602845305415768,4.3940934818835915,True,False
2019-07-16,-132582.88275385762,250000000.0,124999999.99999999,125000000.0,4171.461457730592,93,93,186,31,0.16666666666666666,0.049999999999999996,1.0,1.0,1.0,2.0,-0.0005303315310154305,0.0004,0.0001,0.0003,100000.0,1.668584583092237e-05,-0.0006303315310154306,-0.0009303315310154306,-0.0009303315310154306,-0.0009470173768463529,-5.303315310154305,1.0,2.9999999999999996,0.1668584583092237,-9.47017376846353,True,False
2019-07-17,-36894.78626242936,249999999.99999997,124999999.99999996,124999999.99999999,3610.7127027464485,92,92,184,44,0.2391304347826087,0.049999999999999996,0.9999999999999999,0.9999999999999999,0.9999999999999999,1.9999999999999998,-0.00014757914504971744,0.00039999999999999996,9.999999999999999e-05,0.0002999999999999999,99999.99999999999,1.4442850810985793e-05,-0.0002475791450497174,-0.0005475791450497173,-0.0005475791450497173,-0.0005620219958607032,-1.4757914504971743,0.9999999999999999,2.999999999999999,0.14442850810985794,-5.620219958607032,True,False
2019-07-18,497880.79864749935,250000000.0,125000000.0,124999999.99999999,3512.4576415613155,93,93,186,53,0.2849462365591398,0.05000000000000001,1.0,1.0,1.0,2.0,0.0019915231945899976,0.0004,0.0001,0.0003,100000.0,1.4049830566245262e-05,0.0018915231945899975,0.0015915231945899976,0.0015915231945899976,0.0015774733640237524,19.915231945899976,1.0,2.9999999999999996,0.1404983056624526,15.774733640237523,True,False
2019-07-19,143578.4258456024,249999999.99999997,124999999.99999999,125000000.0,3681.6346127101965,92,92,184,36,0.1956521739130435,0.05000000000000001,0.9999999999999999,0.9999999999999999,0.9999999999999999,1.9999999999999998,0.0005743137033824096,0.00039999999999999996,9.999999999999999e-05,0.0002999999999999999,99999.99999999999,1.4726538450840787e-05,0.00047431370338240963,0.0001743137033824097,0.0001743137033824097,0.00015958716493156893,5.743137033824096,0.9999999999999999,2.999999999999999,0.14726538450840787,1.5958716493156893,True,False
2019-07-22,48317.52807918914,250000000.0,125000000.0,125000000.0,4300.626207147937,89,89,178,58,0.3258426966292135,0.05000000000000001,1.0,1.0,1.0,2.0,0.00019327011231675656,0.0004,0.0001,0.0003,100000.0,1.7202504828591747e-05,9.327011231675656e-05,-0.00020672988768324343,-0.00020672988768324343,-0.0002239323925118352,1.9327011231675657,1.0,2.9999999999999996,0.17202504828591747,-2.239323925118352,True,False
2019-07-23,-28733.09361862435,249999999.99999997,125000000.00000001,124999999.99999999,4163.673556478496,82,82,164,40,0.24390243902439024,0.049999999999999996,0.9999999999999999,0.9999999999999999,0.9999999999999999,1.9999999999999998,-0.0001149323744744974,0.00039999999999999996,9.999999999999999e-05,0.0002999999999999999,99999.99999999999,1.6654694225913982e-05,-0.0002149323744744974,-0.0005149323744744973,-0.0005149323744744973,-0.0005315870687004113,-1.149323744744974,0.9999999999999999,2.999999999999999,0.16654694225913982,-5.315870687004113,True,False
2019-07-24,-62862.676983411984,249999999.99999997,124999999.99999997,124999999.99999997,4712.370581809495,81,81,162,54,0.3333333333333333,0.05000000000000001,0.9999999999999999,0.9999999999999999,0.9999999999999999,1.9999999999999998,-0.0002514507079336479,0.00039999999999999996,9.999999999999999e-05,0.0002999999999999999,99999.99999999999,1.884948232723798e-05,-0.0003514507079336479,-0.0006514507079336478,-0.0006514507079336478,-0.0006703001902608858,-2.514507079336479,0.9999999999999999,2.999999999999999,0.1884948232723798,-6.703001902608858,True,False
2019-07-25,2566.011961893344,249999999.99999997,124999999.99999997,124999999.99999997,5298.13742542695,86,86,172,75,0.436046511627907,0.05,0.9999999999999999,0.9999999999999999,0.9999999999999999,1.9999999999999998,1.0264047847573377e-05,0.00039999999999999996,9.999999999999999e-05,0.0002999999999999999,99999.99999999999,2.11925497017078e-05,-8.973595215242661e-05,-0.00038973595215242656,-0.00038973595215242656,-0.0004109285018541344,0.10264047847573377,0.9999999999999999,2.999999999999999,0.211925497017078,-4.109285018541344,True,False
2019-07-26,-333575.6910675053,249999999.9999999,124999999.99999994,124999999.99999994,5180.941675063906,86,86,172,43,0.25,0.05000000000000001,0.9999999999999997,0.9999999999999997,0.9999999999999997,1.9999999999999993,-0.001334302764270021,0.0003999999999999999,9.999999999999998e-05,0.00029999999999999987,99999.99999999997,2.0723766700255622e-05,-0.0014343027642700211,-0.001734302764270021,-0.001734302764270021,-0.0017550265309702767,-13.34302764270021,0.9999999999999998,2.9999999999999987,0.20723766700255622,-17.550265309702766,True,False
2019-07-29,-45246.69615910399,249999999.99999994,124999999.99999997,124999999.99999994,5924.981637172379,86,86,172,63,0.36627906976744184,0.05,0.9999999999999998,0.9999999999999998,0.9999999999999998,1.9999999999999996,-0.00018098678463641596,0.0003999999999999999,9.999999999999998e-05,0.0002999999999999999,99999.99999999997,2.3699926548689516e-05,-0.00028098678463641595,-0.0005809867846364159,-0.0005809867846364159,-0.0006046867111851054,-1.8098678463641595,0.9999999999999998,2.999999999999999,0.23699926548689515,-6.0468671118510535,True,False
2019-07-30,-271782.61380622105,249999999.9999999,124999999.99999994,124999999.99999994,5837.7791954230415,76,76,152,44,0.2894736842105263,0.05,0.9999999999999997,0.9999999999999997,0.9999999999999997,1.9999999999999993,-0.0010871304552248842,0.0003999999999999999,9.999999999999998e-05,0.00029999999999999987,99999.99999999997,2.3351116781692166e-05,-0.0011871304552248843,-0.0014871304552248842,-0.0014871304552248842,-0.0015104815720065764,-10.871304552248843,0.9999999999999998,2.9999999999999987,0.23351116781692166,-15.104815720065764,True,False
2019-07-31,-35780.5117573148,249999999.99999997,124999999.99999996,124999999.99999996,6145.532551737148,78,78,156,65,0.4166666666666667,0.05,0.9999999999999999,0.9999999999999999,0.9999999999999999,1.9999999999999998,-0.0001431220470292592,0.00039999999999999996,9.999999999999999e-05,0.0002999999999999999,99999.99999999999,2.4582130206948592e-05,-0.0002431220470292592,-0.0005431220470292591,-0.0005431220470292591,-0.0005677041772362077,-1.4312204702925921,0.9999999999999999,2.999999999999999,0.24582130206948594,-5.677041772362077,True,False
2019-08-01,-754812.0210552993,249999999.99999997,124999999.99999999,124999999.99999999,5153.97963037605,83,83,166,56,0.3373493975903614,0.05000000000000001,0.9999999999999999,0.9999999999999999,0.9999999999999999,1.9999999999999998,-0.0030192480842211973,0.00039999999999999996,9.999999999999999e-05,0.0002999999999999999,99999.99999999999,2.0615918521504202e-05,-0.003119248084221197,-0.003419248084221197,-0.003419248084221197,-0.0034398640027427014,-30.19248084221197,0.9999999999999999,2.999999999999999,0.20615918521504203,-34.398640027427014,True,False
2019-08-02,-1904208.7651832635,249999999.99999997,124999999.99999997,124999999.99999997,4548.086668678538,88,88,176,28,0.1590909090909091,0.05000000000000001,0.9999999999999999,0.9999999999999999,0.9999999999999999,1.9999999999999998,-0.007616835060733054,0.00039999999999999996,9.999999999999999e-05,0.0002999999999999999,99999.99999999999,1.8192346674714155e-05,-0.007716835060733054,-0.008016835060733054,-0.008016835060733054,-0.008035027407407767,-76.16835060733054,0.9999999999999999,2.999999999999999,0.18192346674714155,-80.35027407407767,True,False
2019-08-05,1103375.6660626605,249999999.99999994,124999999.99999997,124999999.99999997,5481.893924134556,90,90,180,32,0.17777777777777778,0.05,0.9999999999999998,0.9999999999999998,0.9999999999999998,1.9999999999999996,0.004413502664250642,0.0003999999999999999,9.999999999999998e-05,0.0002999999999999999,99999.99999999997,2.1927575696538223e-05,0.004313502664250642,0.004013502664250642,0.004013502664250642,0.003991575088554104,44.13502664250642,0.9999999999999998,2.999999999999999,0.21927575696538223,39.91575088554104,True,False
2019-08-06,-515901.5967114513,249999999.99999997,125000000.0,125000000.00000001,4718.650339596417,86,86,172,44,0.2558139534883721,0.05000000000000001,0.9999999999999999,0.9999999999999999,0.9999999999999999,1.9999999999999998,-0.0020636063868458053,0.00039999999999999996,9.999999999999999e-05,0.0002999999999999999,99999.99999999999,1.887460135838567e-05,-0.002163606386845805,-0.002463606386845805,-0.002463606386845805,-0.002482480988204191,-20.636063868458052,0.9999999999999999,2.999999999999999,0.1887460135838567,-24.824809882041908,True,False
2019-08-07,673570.0044889885,249999999.99999994,124999999.99999999,124999999.99999997,4022.4340928457414,89,89,178,24,0.1348314606741573,0.05,0.9999999999999998,0.9999999999999998,0.9999999999999998,1.9999999999999996,0.0026942800179559543,0.0003999999999999999,9.999999999999998e-05,0.0002999999999999999,99999.99999999997,1.6089736371382966e-05,0.0025942800179559545,0.0022942800179559545,0.0022942800179559545,0.0022781902815845714,26.942800179559544,0.9999999999999998,2.999999999999999,0.16089736371382965,22.781902815845715,True,False
2019-08-08,-393414.660781975,249999999.99999997,125000000.0,125000000.0,5215.682232677778,93,93,186,35,0.1881720430107527,0.05000000000000001,0.9999999999999999,0.9999999999999999,0.9999999999999999,1.9999999999999998,-0.0015736586431279,0.00039999999999999996,9.999999999999999e-05,0.0002999999999999999,99999.99999999999,2.0862728930711115e-05,-0.0016736586431279,-0.0019736586431279,-0.0019736586431279,-0.0019945213720586113,-15.736586431279001,0.9999999999999999,2.999999999999999,0.20862728930711114,-19.945213720586114,True,False
2019-08-09,-246631.56261713099,249999999.99999997,124999999.99999994,125000000.0,6114.626863163098,97,97,194,46,0.23711340206185566,0.049999999999999996,0.9999999999999999,0.9999999999999999,0.9999999999999999,1.9999999999999998,-0.000986526250468524,0.00039999999999999996,9.999999999999999e-05,0.0002999999999999999,99999.99999999999,2.4458507452652393e-05,-0.001086526250468524,-0.0013865262504685239,-0.0013865262504685239,-0.0014109847579211762,-9.865262504685239,0.9999999999999999,2.999999999999999,0.24458507452652392,-14.109847579211761,True,False
2019-08-12,-5741.824245704538,250000000.0,125000000.00000003,124999999.99999999,4069.6918567415996,98,98,196,40,0.20408163265306123,0.05000000000000001,1.0,1.0,1.0,2.0,-2.296729698281815e-05,0.0004,0.0001,0.0003,100000.0,1.62787674269664e-05,-0.00012296729698281814,-0.0004229672969828181,-0.0004229672969828181,-0.0004392460644097845,-0.22967296982818153,1.0,2.9999999999999996,0.16278767426966398,-4.392460644097845,True,False
2019-08-13,-1432806.0253865565,249999999.99999997,125000000.0,125000000.0,4181.1759562552625,97,97,194,40,0.20618556701030927,0.049999999999999996,0.9999999999999999,0.9999999999999999,0.9999999999999999,1.9999999999999998,-0.005731224101546226,0.00039999999999999996,9.999999999999999e-05,0.0002999999999999999,99999.99999999999,1.672470382502105e-05,-0.005831224101546227,-0.0061312241015462265,-0.0061312241015462265,-0.006147948805371247,-57.31224101546226,0.9999999999999999,2.999999999999999,0.16724703825021048,-61.47948805371247,True,False
2019-08-14,59685.11437812772,250000000.0,124999999.99999999,125000000.0,3897.2816771928715,97,97,194,34,0.17525773195876287,0.05000000000000001,1.0,1.0,1.0,2.0,0.00023874045751251088,0.0004,0.0001,0.0003,100000.0,1.5589126708771486e-05,0.00013874045751251088,-0.0001612595424874891,-0.0001612595424874891,-0.00017684866919626056,2.387404575125109,1.0,2.9999999999999996,0.15589126708771486,-1.7684866919626057,True,False
2019-08-15,606423.374044432,250000000.0,125000000.0,124999999.99999999,4120.060913112026,97,97,194,56,0.28865979381443296,0.049999999999999996,1.0,1.0,1.0,2.0,0.002425693496177728,0.0004,0.0001,0.0003,100000.0,1.6480243652448106e-05,0.002325693496177728,0.002025693496177728,0.002025693496177728,0.00200921325252528,24.25693496177728,1.0,2.9999999999999996,0.16480243652448107,20.0921325252528,True,False
2019-08-16,1081714.6467444026,250000000.0,125000000.00000001,124999999.99999999,3799.228529538437,97,97,194,27,0.13917525773195877,0.049999999999999996,1.0,1.0,1.0,2.0,0.00432685858697761,0.0004,0.0001,0.0003,100000.0,1.5196914118153749e-05,0.00422685858697761,0.00392685858697761,0.00392685858697761,0.003911661672859456,43.2685858697761,1.0,2.9999999999999996,0.15196914118153748,39.11661672859456,True,False
2019-08-19,266201.6202185242,250000000.0,124999999.99999997,125000000.0,4811.773336126759,97,97,194,59,0.30412371134020616,0.05000000000000001,1.0,1.0,1.0,2.0,0.0010648064808740968,0.0004,0.0001,0.0003,100000.0,1.9247093344507038e-05,0.0009648064808740967,0.0006648064808740968,0.0006648064808740968,0.0006455593875295898,10.648064808740967,1.0,2.9999999999999996,0.19247093344507038,6.4555938752958975,True,False
2019-08-20,677050.9656848101,249999999.99999997,124999999.99999999,124999999.99999999,4061.187878929073,96,96,192,28,0.14583333333333334,0.05000000000000001,0.9999999999999999,0.9999999999999999,0.9999999999999999,1.9999999999999998,0.0027082038627392405,0.00039999999999999996,9.999999999999999e-05,0.0002999999999999999,99999.99999999999,1.624475151571629e-05,0.0026082038627392406,0.0023082038627392407,0.0023082038627392407,0.0022919591112235244,27.082038627392404,0.9999999999999999,2.999999999999999,0.1624475151571629,22.919591112235246,True,False
2019-08-21,227083.70668908118,249999999.99999994,124999999.99999999,124999999.99999997,4141.629382764986,96,96,192,41,0.21354166666666666,0.05000000000000001,0.9999999999999998,0.9999999999999998,0.9999999999999998,1.9999999999999996,0.0009083348267563248,0.0003999999999999999,9.999999999999998e-05,0.0002999999999999999,99999.99999999997,1.6566517531059945e-05,0.0008083348267563248,0.0005083348267563249,0.0005083348267563249,0.0004917683092252649,9.083348267563247,0.9999999999999998,2.999999999999999,0.16566517531059946,4.917683092252649,True,False
2019-08-22,-891636.3298045645,250000000.0,125000000.00000003,125000000.00000001,4146.566401800647,97,97,194,25,0.12886597938144329,0.05000000000000001,1.0,1.0,1.0,2.0,-0.003566545319218258,0.0004,0.0001,0.0003,100000.0,1.658626560720259e-05,-0.003666545319218258,-0.003966545319218258,-0.003966545319218258,-0.003983131584825461,-35.66545319218258,1.0,2.9999999999999996,0.1658626560720259,-39.831315848254604,True,False
2019-08-23,705390.7200809411,250000000.0,124999999.99999996,124999999.99999999,5229.831594687092,98,98,196,20,0.10204081632653061,0.049999999999999996,1.0,1.0,1.0,2.0,0.0028215628803237645,0.0004,0.0001,0.0003,100000.0,2.0919326378748366e-05,0.0027215628803237647,0.0024215628803237648,0.0024215628803237648,0.002400643553945016,28.215628803237646,1.0,2.9999999999999996,0.20919326378748365,24.006435539450163,True,False
2019-08-26,399317.23596094624,250000000.00000003,125000000.0,125000000.00000001,3326.3119748435024,98,98,196,24,0.12244897959183673,0.05,1.0000000000000002,1.0000000000000002,1.0000000000000002,2.0000000000000004,0.001597268943843785,0.00040000000000000013,0.00010000000000000003,0.00030000000000000003,100000.00000000003,1.330524789937401e-05,0.001497268943843785,0.0011972689438437848,0.0011972689438437848,0.001183963695944411,15.97268943843785,1.0000000000000002,3.0000000000000004,0.1330524789937401,11.839636959444109,True,False
2019-08-27,-196281.45680324043,249999999.9999999,124999999.99999996,124999999.99999997,6032.027498332786,96,96,192,41,0.21354166666666666,0.05000000000000001,0.9999999999999997,0.9999999999999997,0.9999999999999997,1.9999999999999993,-0.0007851258272129618,0.0003999999999999999,9.999999999999998e-05,0.00029999999999999987,99999.99999999997,2.4128109993331145e-05,-0.0008851258272129617,-0.0011851258272129615,-0.0011851258272129615,-0.0012092539372062926,-7.851258272129618,0.9999999999999998,2.9999999999999987,0.24128109993331145,-12.092539372062927,True,False
2019-08-28,631922.966080239,249999999.99999994,124999999.99999997,124999999.99999997,3290.8688665321606,96,96,192,19,0.09895833333333333,0.05000000000000001,0.9999999999999998,0.9999999999999998,0.9999999999999998,1.9999999999999996,0.0025276918643209563,0.0003999999999999999,9.999999999999998e-05,0.0002999999999999999,99999.99999999997,1.3163475466128643e-05,0.0024276918643209564,0.0021276918643209565,0.0021276918643209565,0.0021145283888548277,25.276918643209562,0.9999999999999998,2.999999999999999,0.13163475466128643,21.145283888548278,True,False
2019-08-29,53426.611987012046,250000000.0,124999999.99999999,125000000.0,5681.550511869107,97,97,194,61,0.31443298969072164,0.05000000000000001,1.0,1.0,1.0,2.0,0.00021370644794804818,0.0004,0.0001,0.0003,100000.0,2.272620204747643e-05,0.00011370644794804817,-0.00018629355205195181,-0.00018629355205195181,-0.00020901975409942823,2.1370644794804816,1.0,2.9999999999999996,0.2272620204747643,-2.090197540994282,True,False
2019-08-30,-228014.24018147134,250000000.0,124999999.99999999,124999999.99999999,5085.998503563617,98,98,196,67,0.34183673469387754,0.05000000000000001,1.0,1.0,1.0,2.0,-0.0009120569607258853,0.0004,0.0001,0.0003,100000.0,2.034399401425447e-05,-0.0010120569607258852,-0.0013120569607258852,-0.0013120569607258852,-0.0013324009547401397,-9.120569607258853,1.0,2.9999999999999996,0.2034399401425447,-13.324009547401397,True,False
2019-09-03,643772.6936893803,249999999.99999997,124999999.99999996,125000000.0,4793.8540612998895,98,98,196,60,0.30612244897959184,0.049999999999999996,0.9999999999999999,0.9999999999999999,0.9999999999999999,1.9999999999999998,0.002575090774757521,0.00039999999999999996,9.999999999999999e-05,0.0002999999999999999,99999.99999999999,1.9175416245199558e-05,0.0024750907747575213,0.0021750907747575213,0.0021750907747575213,0.002155915358512322,25.750907747575212,0.9999999999999999,2.999999999999999,0.19175416245199559,21.55915358512322,True,False
2019-09-04,1557035.1728837353,250000000.0,125000000.0,125000000.0,5052.291478339879,97,97,194,35,0.18041237113402062,0.05000000000000001,1.0,1.0,1.0,2.0,0.006228140691534941,0.0004,0.0001,0.0003,100000.0,2.0209165913359517e-05,0.006128140691534941,0.005828140691534941,0.005828140691534941,0.0058079315256215815,62.281406915349415,1.0,2.9999999999999996,0.20209165913359517,58.079315256215814,True,False
2019-09-05,-37652.75062354808,249999999.99999994,124999999.99999997,124999999.99999997,4925.88906396377,97,97,194,41,0.211340206185567,0.04999999999999999,0.9999999999999998,0.9999999999999998,0.9999999999999998,1.9999999999999996,-0.00015061100249419234,0.0003999999999999999,9.999999999999998e-05,0.0002999999999999999,99999.99999999997,1.9703556255855082e-05,-0.00025061100249419233,-0.0005506110024941922,-0.0005506110024941922,-0.0005703145587500474,-1.5061100249419235,0.9999999999999998,2.999999999999999,0.19703556255855081,-5.703145587500473,True,False
2019-09-06,1241062.109169839,250000000.00000003,125000000.0,125000000.0,3879.5731730348793,98,98,196,50,0.25510204081632654,0.05,1.0000000000000002,1.0000000000000002,1.0000000000000002,2.0000000000000004,0.004964248436679356,0.00040000000000000013,0.00010000000000000003,0.00030000000000000003,100000.00000000003,1.5518292692139517e-05,0.004864248436679356,0.004564248436679356,0.004564248436679356,0.004548730143987216,49.64248436679356,1.0000000000000002,3.0000000000000004,0.15518292692139518,45.48730143987216,True,False
2019-09-09,-324253.79572378733,249999999.99999997,124999999.99999999,124999999.99999997,4731.245325438819,98,98,196,31,0.15816326530612246,0.05000000000000001,0.9999999999999999,0.9999999999999999,0.9999999999999999,1.9999999999999998,-0.0012970151828951494,0.00039999999999999996,9.999999999999999e-05,0.0002999999999999999,99999.99999999999,1.8924981301755278e-05,-0.0013970151828951495,-0.0016970151828951494,-0.0016970151828951494,-0.0017159401641969048,-12.970151828951494,0.9999999999999999,2.999999999999999,0.18924981301755278,-17.159401641969048,True,False
2019-09-10,150276.2376361262,250000000.0,124999999.99999997,125000000.0,6336.820636757012,98,98,196,66,0.336734693877551,0.05,1.0,1.0,1.0,2.0,0.0006011049505445047,0.0004,0.0001,0.0003,100000.0,2.5347282547028048e-05,0.0005011049505445047,0.00020110495054450472,0.00020110495054450472,0.0001757576679974767,6.0110495054450475,1.0,2.9999999999999996,0.2534728254702805,1.757576679974767,True,False
2019-09-11,-505424.27989259915,250000000.0,124999999.99999997,124999999.99999999,5388.771390793555,98,98,196,53,0.27040816326530615,0.05,1.0,1.0,1.0,2.0,-0.002021697119570397,0.0004,0.0001,0.0003,100000.0,2.155508556317422e-05,-0.0021216971195703966,-0.0024216971195703966,-0.0024216971195703966,-0.0024432522051335706,-20.21697119570397,1.0,2.9999999999999996,0.2155508556317422,-24.432522051335706,True,False
2019-09-12,390491.94395403273,250000000.0,125000000.0,124999999.99999999,5982.096038405802,98,98,196,64,0.32653061224489793,0.05,1.0,1.0,1.0,2.0,0.001561967775816131,0.0004,0.0001,0.0003,100000.0,2.3928384153623207e-05,0.001461967775816131,0.001161967775816131,0.001161967775816131,0.0011380393916625077,15.619677758161309,1.0,2.9999999999999996,0.23928384153623206,11.380393916625078,True,False
2019-09-13,715121.8336934305,250000000.0,124999999.99999999,125000000.0,4873.539977326498,98,98,196,72,0.3673469387755102,0.05000000000000001,1.0,1.0,1.0,2.0,0.0028604873347737223,0.0004,0.0001,0.0003,100000.0,1.949415990930599e-05,0.0027604873347737225,0.0024604873347737225,0.0024604873347737225,0.0024409931748644166,28.60487334773722,1.0,2.9999999999999996,0.19494159909305991,24.409931748644166,True,False
2019-09-16,-320388.6807512977,250000000.0,124999999.99999997,125000000.00000001,4359.318413453179,98,98,196,45,0.22959183673469388,0.05000000000000001,1.0,1.0,1.0,2.0,-0.0012815547230051907,0.0004,0.0001,0.0003,100000.0,1.7437273653812717e-05,-0.0013815547230051908,-0.0016815547230051907,-0.0016815547230051907,-0.0016989919966590033,-12.815547230051907,1.0,2.9999999999999996,0.17437273653812718,-16.989919966590033,True,False
2019-09-17,-218550.86782945666,250000000.0,124999999.99999999,124999999.99999999,5125.157122006552,98,98,196,53,0.27040816326530615,0.05,1.0,1.0,1.0,2.0,-0.0008742034713178266,0.0004,0.0001,0.0003,100000.0,2.0500628488026206e-05,-0.0009742034713178267,-0.0012742034713178266,-0.0012742034713178266,-0.0012947040998058529,-8.742034713178267,1.0,2.9999999999999996,0.20500628488026207,-12.947040998058528,True,False
2019-09-18,353798.94020634226,249999999.99999997,124999999.99999997,124999999.99999999,3676.3092479105508,98,98,196,42,0.21428571428571427,0.05,0.9999999999999999,0.9999999999999999,0.9999999999999999,1.9999999999999998,0.001415195760825369,0.00039999999999999996,9.999999999999999e-05,0.0002999999999999999,99999.99999999999,1.4705236991642203e-05,0.001315195760825369,0.001015195760825369,0.001015195760825369,0.0010004905238337268,14.15195760825369,0.9999999999999999,2.999999999999999,0.14705236991642204,10.004905238337267,True,False
2019-09-19,-256091.05807429014,250000000.0,125000000.00000003,125000000.0,4090.056199437743,99,99,198,47,0.23737373737373738,0.049999999999999996,1.0,1.0,1.0,2.0,-0.0010243642322971605,0.0004,0.0001,0.0003,100000.0,1.6360224797750973e-05,-0.0011243642322971605,-0.0014243642322971605,-0.0014243642322971605,-0.0014407244570949114,-10.243642322971604,1.0,2.9999999999999996,0.16360224797750972,-14.407244570949114,True,False
2019-09-20,-261463.53016708422,249999999.99999997,125000000.0,125000000.0,3540.4970462672836,98,98,196,35,0.17857142857142858,0.049999999999999996,0.9999999999999999,0.9999999999999999,0.9999999999999999,1.9999999999999998,-0.0010458541206683368,0.00039999999999999996,9.999999999999999e-05,0.0002999999999999999,99999.99999999999,1.4161988185069135e-05,-0.0011458541206683368,-0.0014458541206683368,-0.0014458541206683368,-0.0014600161088534059,-10.458541206683368,0.9999999999999999,2.999999999999999,0.14161988185069135,-14.600161088534058,True,False
2019-09-23,-36114.52787497948,249999999.99999997,124999999.99999999,124999999.99999999,5354.1497246758545,98,98,196,41,0.20918367346938777,0.049999999999999996,0.9999999999999999,0.9999999999999999,0.9999999999999999,1.9999999999999998,-0.00014445811149991792,0.00039999999999999996,9.999999999999999e-05,0.0002999999999999999,99999.99999999999,2.141659889870342e-05,-0.00024445811149991794,-0.0005444581114999179,-0.0005444581114999179,-0.0005658747103986213,-1.4445811149991792,0.9999999999999999,2.999999999999999,0.2141659889870342,-5.6587471039862125,True,False
2019-09-24,-108431.3150040327,250000000.00000003,125000000.0,125000000.0,4097.273668196199,98,98,196,44,0.22448979591836735,0.05000000000000001,1.0000000000000002,1.0000000000000002,1.0000000000000002,2.0000000000000004,-0.0004337252600161308,0.00040000000000000013,0.00010000000000000003,0.00030000000000000003,100000.00000000003,1.6389094672784794e-05,-0.0005337252600161308,-0.0008337252600161308,-0.0008337252600161308,-0.0008501143546889156,-4.337252600161308,1.0000000000000002,3.0000000000000004,0.16389094672784793,-8.501143546889157,True,False
2019-09-25,-474582.7489039587,250000000.0,125000000.0,125000000.0,3600.0845834252455,98,98,196,36,0.1836734693877551,0.05000000000000001,1.0,1.0,1.0,2.0,-0.001898330995615835,0.0004,0.0001,0.0003,100000.0,1.4400338333700982e-05,-0.001998330995615835,-0.002298330995615835,-0.002298330995615835,-0.0023127313339495357,-18.98330995615835,1.0,2.9999999999999996,0.14400338333700982,-23.12731333949536,True,False
2019-09-26,-427561.942008803,250000000.0,125000000.00000003,125000000.0,3624.4766531615674,98,98,196,61,0.3112244897959184,0.05000000000000001,1.0,1.0,1.0,2.0,-0.001710247768035212,0.0004,0.0001,0.0003,100000.0,1.449790661264627e-05,-0.001810247768035212,-0.0021102477680352122,-0.0021102477680352122,-0.0021247456746478583,-17.10247768035212,1.0,2.9999999999999996,0.1449790661264627,-21.247456746478584,True,False
2019-09-27,-91062.06006995027,250000000.0,125000000.0,125000000.0,3570.3684200240577,98,98,196,30,0.15306122448979592,0.05000000000000001,1.0,1.0,1.0,2.0,-0.00036424824027980106,0.0004,0.0001,0.0003,100000.0,1.4281473680096231e-05,-0.00046424824027980105,-0.000764248240279801,-0.000764248240279801,-0.0007785297139598972,-3.6424824027980107,1.0,2.9999999999999996,0.14281473680096232,-7.785297139598972,True,False
2019-09-30,33093.895983888295,250000000.0,124999999.99999996,125000000.00000001,3548.2428198431853,98,98,196,17,0.08673469387755102,0.05,1.0,1.0,1.0,2.0,0.00013237558393555318,0.0004,0.0001,0.0003,100000.0,1.4192971279372742e-05,3.237558393555318e-05,-0.0002676244160644468,-0.0002676244160644468,-0.0002818173873438195,1.3237558393555318,1.0,2.9999999999999996,0.14192971279372743,-2.8181738734381954,True,False
2019-10-01,-333829.74162240425,250000000.0,124999999.99999999,125000000.0,3938.5056394761773,98,98,196,34,0.17346938775510204,0.05000000000000001,1.0,1.0,1.0,2.0,-0.0013353189664896171,0.0004,0.0001,0.0003,100000.0,1.575402255790471e-05,-0.0014353189664896172,-0.001735318966489617,-0.001735318966489617,-0.0017510729890475218,-13.35318966489617,1.0,2.9999999999999996,0.1575402255790471,-17.51072989047522,True,False
2019-10-02,-509634.9856364619,250000000.0,125000000.0,124999999.99999999,4389.310180501598,98,98,196,34,0.17346938775510204,0.05,1.0,1.0,1.0,2.0,-0.0020385399425458476,0.0004,0.0001,0.0003,100000.0,1.755724072200639e-05,-0.0021385399425458474,-0.0024385399425458473,-0.0024385399425458473,-0.0024560971832678536,-20.385399425458477,1.0,2.9999999999999996,0.1755724072200639,-24.560971832678536,True,False
2019-10-03,-14359.63399042465,249999999.99999997,124999999.99999994,125000000.0,5251.970063241764,98,98,196,47,0.23979591836734693,0.05000000000000001,0.9999999999999999,0.9999999999999999,0.9999999999999999,1.9999999999999998,-5.74385359616986e-05,0.00039999999999999996,9.999999999999999e-05,0.0002999999999999999,99999.99999999999,2.100788025296706e-05,-0.00015743853596169859,-0.00045743853596169853,-0.00045743853596169853,-0.0004784464162146656,-0.574385359616986,0.9999999999999999,2.999999999999999,0.2100788025296706,-4.784464162146656,True,False
2019-10-04,127883.9181454831,250000000.00000003,125000000.00000001,125000000.00000001,4358.854660319457,98,98,196,30,0.15306122448979592,0.049999999999999996,1.0000000000000002,1.0000000000000002,1.0000000000000002,2.0000000000000004,0.0005115356725819323,0.00040000000000000013,0.00010000000000000003,0.00030000000000000003,100000.00000000003,1.7435418641277828e-05,0.0004115356725819323,0.00011153567258193227,0.00011153567258193227,9.410025394065444e-05,5.115356725819323,1.0000000000000002,3.0000000000000004,0.17435418641277828,0.9410025394065444,True,False
2019-10-07,-324549.63248873194,250000000.0,124999999.99999997,125000000.0,4140.1939625402865,98,98,196,33,0.1683673469387755,0.05000000000000001,1.0,1.0,1.0,2.0,-0.0012981985299549278,0.0004,0.0001,0.0003,100000.0,1.6560775850161146e-05,-0.0013981985299549278,-0.0016981985299549278,-0.0016981985299549278,-0.0017147593058050889,-12.981985299549278,1.0,2.9999999999999996,0.16560775850161147,-17.147593058050887,True,False
2019-10-08,254049.1833457426,249999999.99999997,125000000.00000003,125000000.0,4665.03604592058,98,98,196,47,0.23979591836734693,0.049999999999999996,0.9999999999999999,0.9999999999999999,0.9999999999999999,1.9999999999999998,0.0010161967333829705,0.00039999999999999996,9.999999999999999e-05,0.0002999999999999999,99999.99999999999,1.866014418368232e-05,0.0009161967333829704,0.0006161967333829705,0.0006161967333829705,0.0005975365891992882,10.161967333829704,0.9999999999999999,2.999999999999999,0.18660144183682323,5.975365891992881,True,False
2019-10-09,-339810.60706815706,249999999.99999997,124999999.99999999,125000000.0,4586.591053028752,98,98,196,41,0.20918367346938777,0.05000000000000001,0.9999999999999999,0.9999999999999999,0.9999999999999999,1.9999999999999998,-0.0013592424282726282,0.00039999999999999996,9.999999999999999e-05,0.0002999999999999999,99999.99999999999,1.8346364212115006e-05,-0.0014592424282726282,-0.0017592424282726281,-0.0017592424282726281,-0.001777588792484743,-13.592424282726281,0.9999999999999999,2.999999999999999,0.18346364212115007,-17.77588792484743,True,False
2019-10-10,567262.6531426683,250000000.0,124999999.99999997,125000000.00000003,4616.848022354277,98,98,196,49,0.25,0.05000000000000001,1.0,1.0,1.0,2.0,0.0022690506125706733,0.0004,0.0001,0.0003,100000.0,1.846739208941711e-05,0.0021690506125706735,0.0018690506125706736,0.0018690506125706736,0.0018505832204812566,22.690506125706733,1.0,2.9999999999999996,0.18467392089417112,18.505832204812567,True,False
2019-10-11,-202272.46177666727,250000000.00000003,125000000.0,125000000.00000001,5703.477499566331,98,98,196,42,0.21428571428571427,0.05000000000000001,1.0000000000000002,1.0000000000000002,1.0000000000000002,2.0000000000000004,-0.0008090898471066691,0.00040000000000000013,0.00010000000000000003,0.00030000000000000003,100000.00000000003,2.2813909998265323e-05,-0.0009090898471066692,-0.001209089847106669,-0.001209089847106669,-0.0012319037571049344,-8.09089847106669,1.0000000000000002,3.0000000000000004,0.22813909998265322,-12.319037571049344,True,False
2019-10-14,139230.9952001539,250000000.00000003,125000000.0,125000000.0,5101.283214407626,97,97,194,46,0.23711340206185566,0.05,1.0000000000000002,1.0000000000000002,1.0000000000000002,2.0000000000000004,0.0005569239808006156,0.00040000000000000013,0.00010000000000000003,0.00030000000000000003,100000.00000000003,2.04051328576305e-05,0.00045692398080061556,0.00015692398080061553,0.00015692398080061553,0.00013651884794298503,5.569239808006156,1.0000000000000002,3.0000000000000004,0.204051328576305,1.3651884794298503,True,False
2019-10-15,-521330.6851089471,249999999.99999994,124999999.99999999,124999999.99999999,5513.0140831230265,94,94,188,58,0.30851063829787234,0.049999999999999996,0.9999999999999998,0.9999999999999998,0.9999999999999998,1.9999999999999996,-0.0020853227404357883,0.0003999999999999999,9.999999999999998e-05,0.0002999999999999999,99999.99999999997,2.2052056332492106e-05,-0.002185322740435788,-0.002485322740435788,-0.002485322740435788,-0.00250737479676828,-20.853227404357884,0.9999999999999998,2.999999999999999,0.22052056332492107,-25.0737479676828,True,False
2019-10-16,3878.1898958757265,250000000.0,124999999.99999999,124999999.99999999,4122.7213323803035,93,93,186,50,0.26881720430107525,0.05,1.0,1.0,1.0,2.0,1.5512759583502908e-05,0.0004,0.0001,0.0003,100000.0,1.6490885329521215e-05,-8.44872404164971e-05,-0.0003844872404164971,-0.0003844872404164971,-0.0004009781257460183,0.15512759583502908,1.0,2.9999999999999996,0.16490885329521215,-4.009781257460182,True,False
2019-10-17,-42368.22489950069,249999999.99999997,124999999.99999997,124999999.99999997,6002.454936086534,94,94,188,48,0.2553191489361702,0.05,0.9999999999999999,0.9999999999999999,0.9999999999999999,1.9999999999999998,-0.00016947289959800275,0.00039999999999999996,9.999999999999999e-05,0.0002999999999999999,99999.99999999999,2.4009819744346137e-05,-0.00026947289959800274,-0.0005694728995980027,-0.0005694728995980027,-0.0005934827193423488,-1.6947289959800274,0.9999999999999999,2.999999999999999,0.24009819744346136,-5.934827193423488,True,False
2019-10-18,460559.16753084114,249999999.99999997,124999999.99999999,124999999.99999999,5136.95880047422,93,93,186,51,0.27419354838709675,0.049999999999999996,0.9999999999999999,0.9999999999999999,0.9999999999999999,1.9999999999999998,0.0018422366701233645,0.00039999999999999996,9.999999999999999e-05,0.0002999999999999999,99999.99999999999,2.054783520189688e-05,0.0017422366701233644,0.0014422366701233645,0.0014422366701233645,0.0014216888349214676,18.422366701233646,0.9999999999999999,2.999999999999999,0.20547835201896877,14.216888349214676,True,False
2019-10-21,359239.25790466915,250000000.0,125000000.0,124999999.99999999,7001.04803539458,90,90,180,57,0.31666666666666665,0.05,1.0,1.0,1.0,2.0,0.0014369570316186766,0.0004,0.0001,0.0003,100000.0,2.800419214157832e-05,0.0013369570316186766,0.0010369570316186767,0.0010369570316186767,0.0010089528394770983,14.369570316186767,1.0,2.9999999999999996,0.2800419214157832,10.089528394770984,True,False
2019-10-22,-15531.320831520832,249999999.99999997,125000000.0,125000000.0,5712.2509936284605,83,83,166,54,0.3253012048192771,0.05000000000000001,0.9999999999999999,0.9999999999999999,0.9999999999999999,1.9999999999999998,-6.212528332608333e-05,0.00039999999999999996,9.999999999999999e-05,0.0002999999999999999,99999.99999999999,2.284900397451384e-05,-0.00016212528332608332,-0.00046212528332608327,-0.00046212528332608327,-0.0004849742873005971,-0.6212528332608334,0.9999999999999999,2.999999999999999,0.2284900397451384,-4.849742873005971,True,False
2019-10-23,644542.997283346,249999999.9999999,124999999.99999994,124999999.99999997,6820.790296269093,82,82,164,51,0.31097560975609756,0.05000000000000001,0.9999999999999997,0.9999999999999997,0.9999999999999997,1.9999999999999993,0.002578171989133384,0.0003999999999999999,9.999999999999998e-05,0.00029999999999999987,99999.99999999997,2.7283161185076374e-05,0.002478171989133384,0.002178171989133384,0.002178171989133384,0.0021508888279483077,25.78171989133384,0.9999999999999998,2.9999999999999987,0.2728316118507637,21.508888279483077,True,False
2019-10-24,-951.8639133705346,249999999.99999994,124999999.99999999,125000000.0,6347.304583007529,86,86,172,42,0.2441860465116279,0.05000000000000001,0.9999999999999998,0.9999999999999998,0.9999999999999998,1.9999999999999996,-3.8074556534821387e-06,0.0003999999999999999,9.999999999999998e-05,0.0002999999999999999,99999.99999999997,2.5389218332030115e-05,-0.00010380745565348211,-0.000403807455653482,-0.000403807455653482,-0.0004291966739855121,-0.038074556534821384,0.9999999999999998,2.999999999999999,0.25389218332030117,-4.291966739855121,True,False
2019-10-25,353033.4807721517,249999999.99999997,125000000.00000001,124999999.99999997,5151.935831897785,88,88,176,46,0.26136363636363635,0.049999999999999996,0.9999999999999999,0.9999999999999999,0.9999999999999999,1.9999999999999998,0.001412133923088607,0.00039999999999999996,9.999999999999999e-05,0.0002999999999999999,99999.99999999999,2.0607743327591138e-05,0.001312133923088607,0.001012133923088607,0.001012133923088607,0.000991526179761016,14.12133923088607,0.9999999999999999,2.999999999999999,0.20607743327591138,9.915261797610158,True,False
2019-10-28,-305536.5782440583,249999999.99999997,124999999.99999996,124999999.99999999,6386.375168870456,86,86,172,55,0.31976744186046513,0.05000000000000001,0.9999999999999999,0.9999999999999999,0.9999999999999999,1.9999999999999998,-0.0012221463129762332,0.00039999999999999996,9.999999999999999e-05,0.0002999999999999999,99999.99999999999,2.5545500675481824e-05,-0.0013221463129762332,-0.0016221463129762331,-0.0016221463129762331,-0.001647691813651715,-12.221463129762332,0.9999999999999999,2.999999999999999,0.25545500675481825,-16.47691813651715,True,False
2019-10-29,36627.76169857823,249999999.99999997,125000000.0,125000000.0,5978.9313003294255,76,76,152,66,0.4342105263157895,0.05000000000000001,0.9999999999999999,0.9999999999999999,0.9999999999999999,1.9999999999999998,0.0001465110467943129,0.00039999999999999996,9.999999999999999e-05,0.0002999999999999999,99999.99999999999,2.3915725201317702e-05,4.651104679431292e-05,-0.00025348895320568697,-0.00025348895320568697,-0.0002774046784070047,1.465110467943129,0.9999999999999999,2.999999999999999,0.23915725201317703,-2.774046784070047,True,False
2019-10-30,171611.6022833373,250000000.0,125000000.0,125000000.0,5771.309370710532,77,77,154,59,0.38311688311688313,0.049999999999999996,1.0,1.0,1.0,2.0,0.0006864464091333492,0.0004,0.0001,0.0003,100000.0,2.3085237482842128e-05,0.0005864464091333492,0.0002864464091333492,0.0002864464091333492,0.00026336117165050706,6.864464091333493,1.0,2.9999999999999996,0.23085237482842128,2.6336117165050705,True,False
2019-10-31,497630.7240627538,250000000.00000003,125000000.0,125000000.0,3835.0402712751006,83,83,166,44,0.26506024096385544,0.05,1.0000000000000002,1.0000000000000002,1.0000000000000002,2.0000000000000004,0.001990522896251015,0.00040000000000000013,0.00010000000000000003,0.00030000000000000003,100000.00000000003,1.5340161085100403e-05,0.001890522896251015,0.0015905228962510148,0.0015905228962510148,0.0015751827351659145,19.90522896251015,1.0000000000000002,3.0000000000000004,0.15340161085100404,15.751827351659145,True,False
2019-11-01,538745.0224532554,249999999.99999997,124999999.99999996,124999999.99999999,4155.902021097199,89,89,178,45,0.25280898876404495,0.049999999999999996,0.9999999999999999,0.9999999999999999,0.9999999999999999,1.9999999999999998,0.0021549800898130215,0.00039999999999999996,9.999999999999999e-05,0.0002999999999999999,99999.99999999999,1.6623608084388798e-05,0.0020549800898130217,0.0017549800898130218,0.0017549800898130218,0.001738356481728633,21.549800898130215,0.9999999999999999,2.999999999999999,0.16623608084388797,17.38356481728633,True,False
2019-11-04,-145523.61204680114,249999999.99999997,125000000.0,124999999.99999999,5466.146157356183,88,88,176,53,0.30113636363636365,0.05,0.9999999999999999,0.9999999999999999,0.9999999999999999,1.9999999999999998,-0.0005820944481872046,0.00039999999999999996,9.999999999999999e-05,0.0002999999999999999,99999.99999999999,2.1864584629424732e-05,-0.0006820944481872046,-0.0009820944481872046,-0.0009820944481872046,-0.0010039590328166292,-5.820944481872046,0.9999999999999999,2.999999999999999,0.21864584629424733,-10.039590328166293,True,False
2019-11-05,-55186.68421242952,250000000.0,124999999.99999997,125000000.00000001,6835.914868602053,83,83,166,44,0.26506024096385544,0.05000000000000001,1.0,1.0,1.0,2.0,-0.00022074673684971809,0.0004,0.0001,0.0003,100000.0,2.734365947440821e-05,-0.0003207467368497181,-0.0006207467368497181,-0.0006207467368497181,-0.0006480903963241263,-2.207467368497181,1.0,2.9999999999999996,0.2734365947440821,-6.480903963241263,True,False
2019-11-06,235412.5421823847,249999999.99999994,124999999.99999997,124999999.99999996,5345.285124009046,86,86,172,39,0.22674418604651161,0.05000000000000001,0.9999999999999998,0.9999999999999998,0.9999999999999998,1.9999999999999996,0.0009416501687295388,0.0003999999999999999,9.999999999999998e-05,0.0002999999999999999,99999.99999999997,2.1381140496036182e-05,0.0008416501687295389,0.000541650168729539,0.000541650168729539,0.0005202690282335028,9.416501687295389,0.9999999999999998,2.999999999999999,0.21381140496036183,5.202690282335029,True,False
2019-11-07,-340957.0460248116,249999999.99999997,125000000.0,124999999.99999999,6497.300726381608,90,90,180,45,0.25,0.05000000000000001,0.9999999999999999,0.9999999999999999,0.9999999999999999,1.9999999999999998,-0.0013638281840992466,0.00039999999999999996,9.999999999999999e-05,0.0002999999999999999,99999.99999999999,2.598920290552643e-05,-0.0014638281840992466,-0.0017638281840992465,-0.0017638281840992465,-0.001789817387004773,-13.638281840992466,0.9999999999999999,2.999999999999999,0.2598920290552643,-17.89817387004773,True,False
2019-11-08,-170681.6138705636,249999999.99999994,124999999.99999999,124999999.99999994,6674.263061425592,95,95,190,33,0.1736842105263158,0.05,0.9999999999999998,0.9999999999999998,0.9999999999999998,1.9999999999999996,-0.0006827264554822544,0.0003999999999999999,9.999999999999998e-05,0.0002999999999999999,99999.99999999997,2.6697052245702368e-05,-0.0007827264554822543,-0.0010827264554822543,-0.0010827264554822543,-0.0011094235077279567,-6.827264554822544,0.9999999999999998,2.999999999999999,0.2669705224570237,-11.094235077279567,True,False
2019-11-11,167347.70130129775,250000000.0,125000000.0,125000000.0,4623.974219509253,97,97,194,41,0.211340206185567,0.05000000000000001,1.0,1.0,1.0,2.0,0.000669390805205191,0.0004,0.0001,0.0003,100000.0,1.8495896878037012e-05,0.000569390805205191,0.000269390805205191,0.000269390805205191,0.000250894908327154,6.69390805205191,1.0,2.9999999999999996,0.18495896878037013,2.5089490832715398,True,False
2019-11-12,163790.82423831982,249999999.99999997,125000000.0,125000000.0,3951.4270962856326,97,97,194,42,0.21649484536082475,0.05000000000000001,0.9999999999999999,0.9999999999999999,0.9999999999999999,1.9999999999999998,0.0006551632969532793,0.00039999999999999996,9.999999999999999e-05,0.0002999999999999999,99999.99999999999,1.580570838514253e-05,0.0005551632969532793,0.00025516329695327933,0.00025516329695327933,0.0002393575885681368,6.551632969532793,0.9999999999999999,2.999999999999999,0.15805708385142528,2.393575885681368,True,False
2019-11-13,93860.33693826338,249999999.99999997,124999999.99999994,125000000.0,5264.968973012058,97,97,194,41,0.211340206185567,0.05000000000000001,0.9999999999999999,0.9999999999999999,0.9999999999999999,1.9999999999999998,0.0003754413477530535,0.00039999999999999996,9.999999999999999e-05,0.0002999999999999999,99999.99999999999,2.1059875892048232e-05,0.00027544134775305353,-2.4558652246946385e-05,-2.4558652246946385e-05,-4.561852813899462e-05,3.754413477530535,0.9999999999999999,2.999999999999999,0.21059875892048233,-0.4561852813899462,True,False
2019-11-14,498353.4591173473,250000000.0,124999999.99999997,124999999.99999999,4831.520103123813,98,98,196,40,0.20408163265306123,0.05000000000000001,1.0,1.0,1.0,2.0,0.0019934138364693893,0.0004,0.0001,0.0003,100000.0,1.9326080412495253e-05,0.0018934138364693892,0.0015934138364693893,0.0015934138364693893,0.001574087756056894,19.934138364693894,1.0,2.9999999999999996,0.19326080412495253,15.74087756056894,True,False
2019-11-15,-312852.276123707,250000000.0,124999999.99999999,125000000.0,5234.810960229011,97,97,194,38,0.1958762886597938,0.05000000000000001,1.0,1.0,1.0,2.0,-0.0012514091044948281,0.0004,0.0001,0.0003,100000.0,2.0939243840916043e-05,-0.0013514091044948282,-0.001651409104494828,-0.001651409104494828,-0.001672348348335744,-12.514091044948282,1.0,2.9999999999999996,0.20939243840916044,-16.72348348335744,True,False
2019-11-18,203255.5512905703,250000000.0,125000000.00000001,125000000.00000001,5504.958811621602,97,97,194,28,0.14432989690721648,0.049999999999999996,1.0,1.0,1.0,2.0,0.0008130222051622812,0.0004,0.0001,0.0003,100000.0,2.2019835246486406e-05,0.0007130222051622812,0.0004130222051622812,0.0004130222051622812,0.00039100236991579477,8.130222051622813,1.0,2.9999999999999996,0.22019835246486405,3.910023699157948,True,False
2019-11-19,29994.399452647092,249999999.99999997,124999999.99999994,125000000.0,5369.557011094225,97,97,194,38,0.1958762886597938,0.049999999999999996,0.9999999999999999,0.9999999999999999,0.9999999999999999,1.9999999999999998,0.00011997759781058837,0.00039999999999999996,9.999999999999999e-05,0.0002999999999999999,99999.99999999999,2.14782280443769e-05,1.9977597810588374e-05,-0.00028002240218941155,-0.00028002240218941155,-0.00030150063023378845,1.1997759781058837,0.9999999999999999,2.999999999999999,0.214782280443769,-3.0150063023378846,True,False
2019-11-20,-28955.652843856835,249999999.99999997,124999999.99999999,124999999.99999999,5924.599730219319,97,97,194,50,0.25773195876288657,0.049999999999999996,0.9999999999999999,0.9999999999999999,0.9999999999999999,1.9999999999999998,-0.00011582261137542734,0.00039999999999999996,9.999999999999999e-05,0.0002999999999999999,99999.99999999999,2.3698398920877277e-05,-0.00021582261137542734,-0.0005158226113754273,-0.0005158226113754273,-0.0005395210102963046,-1.1582261137542733,0.9999999999999999,2.999999999999999,0.23698398920877278,-5.395210102963046,True,False
2019-11-21,184498.55428036783,250000000.00000003,125000000.0,125000000.0,4762.252959111784,97,97,194,38,0.1958762886597938,0.05,1.0000000000000002,1.0000000000000002,1.0000000000000002,2.0000000000000004,0.0007379942171214713,0.00040000000000000013,0.00010000000000000003,0.00030000000000000003,100000.00000000003,1.9049011836447136e-05,0.0006379942171214712,0.0003379942171214712,0.0003379942171214712,0.00031894520528502406,7.379942171214712,1.0000000000000002,3.0000000000000004,0.19049011836447136,3.189452052850241,True,False
2019-11-22,164924.88439330563,249999999.99999997,124999999.99999999,124999999.99999999,4576.460762984797,96,96,192,38,0.19791666666666666,0.05000000000000001,0.9999999999999999,0.9999999999999999,0.9999999999999999,1.9999999999999998,0.0006596995375732225,0.00039999999999999996,9.999999999999999e-05,0.0002999999999999999,99999.99999999999,1.8305843051939187e-05,0.0005596995375732226,0.00025969953757322265,0.00025969953757322265,0.00024139369452128346,6.5969953757322255,0.9999999999999999,2.999999999999999,0.18305843051939188,2.4139369452128348,True,False
2019-11-25,45258.97794041345,249999999.99999997,125000000.0,124999999.99999997,4838.298095970444,96,96,192,36,0.1875,0.05,0.9999999999999999,0.9999999999999999,0.9999999999999999,1.9999999999999998,0.00018103591176165382,0.00039999999999999996,9.999999999999999e-05,0.0002999999999999999,99999.99999999999,1.9353192383881774e-05,8.103591176165383e-05,-0.00021896408823834609,-0.00021896408823834609,-0.00023831728062222786,1.8103591176165383,0.9999999999999999,2.999999999999999,0.19353192383881773,-2.383172806222279,True,False
2019-11-26,76394.64916623806,249999999.99999994,124999999.99999996,124999999.99999997,4403.402491339312,96,96,192,52,0.2708333333333333,0.05,0.9999999999999998,0.9999999999999998,0.9999999999999998,1.9999999999999996,0.00030557859666495224,0.0003999999999999999,9.999999999999998e-05,0.0002999999999999999,99999.99999999997,1.7613609965357248e-05,0.00020557859666495224,-9.442140333504768e-05,-9.442140333504768e-05,-0.00011203501330040492,3.0557859666495224,0.9999999999999998,2.999999999999999,0.1761360996535725,-1.1203501330040493,True,False
2019-11-27,-410066.12176517624,249999999.99999997,125000000.00000001,124999999.99999997,5863.978157507765,98,98,196,38,0.19387755102040816,0.049999999999999996,0.9999999999999999,0.9999999999999999,0.9999999999999999,1.9999999999999998,-0.001640264487060705,0.00039999999999999996,9.999999999999999e-05,0.0002999999999999999,99999.99999999999,2.345591263003106e-05,-0.001740264487060705,-0.002040264487060705,-0.002040264487060705,-0.002063720399690736,-16.40264487060705,0.9999999999999999,2.999999999999999,0.23455912630031062,-20.63720399690736,True,False
2019-11-29,167899.7487788247,250000000.0,125000000.0,125000000.0,5296.441476381868,98,98,196,46,0.23469387755102042,0.05000000000000001,1.0,1.0,1.0,2.0,0.0006715989951152988,0.0004,0.0001,0.0003,100000.0,2.118576590552747e-05,0.0005715989951152987,0.00027159899511529877,0.00027159899511529877,0.0002504132292097713,6.715989951152988,1.0,2.9999999999999996,0.2118576590552747,2.504132292097713,True,False
2019-12-02,-813973.5757922735,249999999.99999994,124999999.99999997,124999999.99999996,4978.954463044353,98,98,196,50,0.25510204081632654,0.05,0.9999999999999998,0.9999999999999998,0.9999999999999998,1.9999999999999996,-0.003255894303169094,0.0003999999999999999,9.999999999999998e-05,0.0002999999999999999,99999.99999999997,1.9915817852177412e-05,-0.003355894303169094,-0.003655894303169094,-0.003655894303169094,-0.0036758101210212714,-32.55894303169094,0.9999999999999998,2.999999999999999,0.19915817852177412,-36.758101210212715,True,False
2019-12-03,912532.4559594885,249999999.99999997,124999999.99999999,124999999.99999997,4953.615003267273,97,97,194,37,0.19072164948453607,0.05,0.9999999999999999,0.9999999999999999,0.9999999999999999,1.9999999999999998,0.0036501298238379542,0.00039999999999999996,9.999999999999999e-05,0.0002999999999999999,99999.99999999999,1.9814460013069094e-05,0.0035501298238379544,0.0032501298238379545,0.0032501298238379545,0.0032303153638248852,36.50129823837954,0.9999999999999999,2.999999999999999,0.19814460013069093,32.30315363824885,True,False
2019-12-04,657385.3151656442,249999999.99999994,124999999.99999994,124999999.99999999,5027.728990641882,96,96,192,55,0.2864583333333333,0.05000000000000001,0.9999999999999998,0.9999999999999998,0.9999999999999998,1.9999999999999996,0.0026295412606625766,0.0003999999999999999,9.999999999999998e-05,0.0002999999999999999,99999.99999999997,2.0110915962567528e-05,0.0025295412606625768,0.002229541260662577,0.002229541260662577,0.0022094303447000095,26.295412606625767,0.9999999999999998,2.999999999999999,0.20110915962567527,22.094303447000094,True,False
2019-12-05,406612.77572476474,250000000.0,124999999.99999999,125000000.0,4922.625994480932,97,97,194,45,0.23195876288659795,0.05000000000000001,1.0,1.0,1.0,2.0,0.001626451102899059,0.0004,0.0001,0.0003,100000.0,1.9690503977923728e-05,0.001526451102899059,0.001226451102899059,0.001226451102899059,0.0012067605989211352,16.26451102899059,1.0,2.9999999999999996,0.1969050397792373,12.067605989211351,True,False
2019-12-06,-63674.900871418744,250000000.0,125000000.0,125000000.0,4653.054336858503,97,97,194,48,0.24742268041237114,0.05000000000000001,1.0,1.0,1.0,2.0,-0.000254699603485675,0.0004,0.0001,0.0003,100000.0,1.8612217347434014e-05,-0.000354699603485675,-0.000654699603485675,-0.000654699603485675,-0.000673311820833109,-2.54699603485675,1.0,2.9999999999999996,0.18612217347434012,-6.733118208331089,True,False
2019-12-09,203673.9572138926,250000000.0,125000000.0,124999999.99999999,6628.016401023649,98,98,196,53,0.27040816326530615,0.05,1.0,1.0,1.0,2.0,0.0008146958288555704,0.0004,0.0001,0.0003,100000.0,2.65120656040946e-05,0.0007146958288555703,0.00041469582885557036,0.00041469582885557036,0.00038818376325147575,8.146958288555703,1.0,2.9999999999999996,0.265120656040946,3.8818376325147574,True,False
2019-12-10,-74266.6135531265,250000000.0,125000000.0,125000000.0,6294.018259190649,98,98,196,54,0.2755102040816326,0.05000000000000001,1.0,1.0,1.0,2.0,-0.000297066454212506,0.0004,0.0001,0.0003,100000.0,2.5176073036762596e-05,-0.000397066454212506,-0.000697066454212506,-0.000697066454212506,-0.0007222425272492687,-2.97066454212506,1.0,2.9999999999999996,0.251760730367626,-7.2224252724926865,True,False
2019-12-11,29245.919603078062,249999999.99999997,125000000.0,125000000.0,5943.267068949311,98,98,196,53,0.27040816326530615,0.05,0.9999999999999999,0.9999999999999999,0.9999999999999999,1.9999999999999998,0.00011698367841231225,0.00039999999999999996,9.999999999999999e-05,0.0002999999999999999,99999.99999999999,2.377306827579724e-05,1.698367841231226e-05,-0.00028301632158768766,-0.00028301632158768766,-0.0003067893898634849,1.1698367841231225,0.9999999999999999,2.999999999999999,0.2377306827579724,-3.067893898634849,True,False
2019-12-12,655868.9573900376,250000000.0,124999999.99999996,125000000.0,5640.114751609357,98,98,196,56,0.2857142857142857,0.05000000000000001,1.0,1.0,1.0,2.0,0.0026234758295601503,0.0004,0.0001,0.0003,100000.0,2.2560459006437426e-05,0.0025234758295601505,0.0022234758295601505,0.0022234758295601505,0.002200915370553713,26.2347582956015,1.0,2.9999999999999996,0.22560459006437428,22.00915370553713,True,False
2019-12-13,-441858.47070363146,250000000.0,125000000.0,124999999.99999999,7363.851961392458,98,98,196,58,0.29591836734693877,0.05000000000000001,1.0,1.0,1.0,2.0,-0.0017674338828145258,0.0004,0.0001,0.0003,100000.0,2.9455407845569832e-05,-0.0018674338828145258,-0.0021674338828145258,-0.0021674338828145258,-0.0021968892906600954,-17.67433882814526,1.0,2.9999999999999996,0.2945540784556983,-21.968892906600953,True,False
2019-12-16,268356.5915772443,249999999.99999997,124999999.99999997,124999999.99999997,4225.199692688019,98,98,196,36,0.1836734693877551,0.05000000000000001,0.9999999999999999,0.9999999999999999,0.9999999999999999,1.9999999999999998,0.0010734263663089772,0.00039999999999999996,9.999999999999999e-05,0.0002999999999999999,99999.99999999999,1.6900798770752078e-05,0.0009734263663089772,0.0006734263663089773,0.0006734263663089773,0.0006565255675382252,10.734263663089772,0.9999999999999999,2.999999999999999,0.16900798770752076,6.565255675382252,True,False
2019-12-17,180859.4453823088,250000000.0,125000000.0,124999999.99999999,4799.102453890562,97,97,194,50,0.25773195876288657,0.05,1.0,1.0,1.0,2.0,0.0007234377815292352,0.0004,0.0001,0.0003,100000.0,1.9196409815562247e-05,0.0006234377815292351,0.00032343778152923514,0.00032343778152923514,0.0003042413717136729,7.234377815292351,1.0,2.9999999999999996,0.19196409815562246,3.042413717136729,True,False
2019-12-18,156037.5221099764,250000000.0,125000000.0,124999999.99999999,7080.689190476658,97,97,194,61,0.31443298969072164,0.05,1.0,1.0,1.0,2.0,0.0006241500884399055,0.0004,0.0001,0.0003,100000.0,2.8322756761906633e-05,0.0005241500884399055,0.00022415008843990552,0.00022415008843990552,0.00019582733167799888,6.241500884399056,1.0,2.9999999999999996,0.2832275676190663,1.9582733167799888,True,False
2019-12-19,127157.48457076598,250000000.0,125000000.0,125000000.0,4633.177801176407,98,98,196,49,0.25,0.05000000000000001,1.0,1.0,1.0,2.0,0.0005086299382830639,0.0004,0.0001,0.0003,100000.0,1.853271120470563e-05,0.0004086299382830639,0.00010862993828306394,0.00010862993828306394,9.00972270783583e-05,5.086299382830639,1.0,2.9999999999999996,0.1853271120470563,0.900972270783583,True,False
2019-12-20,221869.4477679665,249999999.99999997,125000000.0,125000000.0,6169.722357747835,98,98,196,50,0.25510204081632654,0.05000000000000001,0.9999999999999999,0.9999999999999999,0.9999999999999999,1.9999999999999998,0.000887477791071866,0.00039999999999999996,9.999999999999999e-05,0.0002999999999999999,99999.99999999999,2.467888943099134e-05,0.000787477791071866,0.00048747779107186605,0.00048747779107186605,0.0004627989016408747,8.87477791071866,0.9999999999999999,2.999999999999999,0.2467888943099134,4.627989016408747,True,False
2019-12-23,78897.94745683562,250000000.00000003,125000000.00000001,125000000.0,5160.367653074812,99,99,198,46,0.23232323232323232,0.049999999999999996,1.0000000000000002,1.0000000000000002,1.0000000000000002,2.0000000000000004,0.0003155917898273425,0.00040000000000000013,0.00010000000000000003,0.00030000000000000003,100000.00000000003,2.0641470612299247e-05,0.00021559178982734248,-8.440821017265755e-05,-8.440821017265755e-05,-0.0001050496807849568,3.155917898273425,1.0000000000000002,3.0000000000000004,0.20641470612299248,-1.050496807849568,True,False
2019-12-24,75428.3790448173,250000000.0,125000000.00000001,124999999.99999999,6106.506004299147,99,99,198,40,0.20202020202020202,0.049999999999999996,1.0,1.0,1.0,2.0,0.0003017135161792692,0.0004,0.0001,0.0003,100000.0,2.442602401719659e-05,0.0002017135161792692,-9.828648382073077e-05,-9.828648382073077e-05,-0.00012271250783792736,3.017135161792692,1.0,2.9999999999999996,0.2442602401719659,-1.2271250783792735,True,False
2019-12-26,117534.78869449653,250000000.0,125000000.0,125000000.0,4256.029620280469,99,99,198,46,0.23232323232323232,0.049999999999999996,1.0,1.0,1.0,2.0,0.0004701391547779861,0.0004,0.0001,0.0003,100000.0,1.7024118481121878e-05,0.0003701391547779861,7.013915477798615e-05,7.013915477798615e-05,5.311503629686427e-05,4.701391547779862,1.0,2.9999999999999996,0.17024118481121878,0.5311503629686427,True,False
2019-12-27,123040.00518404548,250000000.00000006,125000000.0,125000000.00000003,5148.636681979207,99,99,198,42,0.21212121212121213,0.05000000000000001,1.0000000000000002,1.0000000000000002,1.0000000000000002,2.0000000000000004,0.0004921600207361819,0.00040000000000000013,0.00010000000000000003,0.00030000000000000003,100000.00000000003,2.0594546727916828e-05,0.0003921600207361819,9.216002073618185e-05,9.216002073618185e-05,7.156547400826502e-05,4.921600207361819,1.0000000000000002,3.0000000000000004,0.2059454672791683,0.7156547400826502,True,False
2019-12-30,-442812.27063591476,250000000.0,124999999.99999997,125000000.0,4333.679562920349,99,99,198,33,0.16666666666666666,0.049999999999999996,1.0,1.0,1.0,2.0,-0.001771249082543659,0.0004,0.0001,0.0003,100000.0,1.7334718251681394e-05,-0.0018712490825436592,-0.002171249082543659,-0.002171249082543659,-0.0021885838007953407,-17.712490825436593,1.0,2.9999999999999996,0.17334718251681394,-21.885838007953407,True,False
2019-12-31,530431.5222853832,249999999.99999997,125000000.0,125000000.0,3645.546815776136,95,95,190,45,0.23684210526315788,0.05000000000000001,0.9999999999999999,0.9999999999999999,0.9999999999999999,1.9999999999999998,0.0021217260891415327,0.00039999999999999996,9.999999999999999e-05,0.0002999999999999999,99999.99999999999,1.4582187263104544e-05,0.002021726089141533,0.001721726089141533,0.001721726089141533,0.0017071439018784284,21.21726089141533,0.9999999999999999,2.999999999999999,0.14582187263104543,17.071439018784286,True,False
2020-01-02,-107933.24265336672,250000000.0,125000000.0,124999999.99999999,4188.7027590718335,99,99,198,40,0.20202020202020202,0.049999999999999996,1.0,1.0,1.0,2.0,-0.00043173297061346687,0.0004,0.0001,0.0003,100000.0,1.6754811036287333e-05,-0.0005317329706134669,-0.0008317329706134669,-0.0008317329706134669,-0.0008484877816497542,-4.317329706134669,1.0,2.9999999999999996,0.16754811036287334,-8.484877816497542,True,False
2020-01-03,251697.92238448415,249999999.99999994,124999999.99999997,124999999.99999997,3845.836994915931,99,99,198,38,0.1919191919191919,0.049999999999999996,0.9999999999999998,0.9999999999999998,0.9999999999999998,1.9999999999999996,0.0010067916895379367,0.0003999999999999999,9.999999999999998e-05,0.0002999999999999999,99999.99999999997,1.5383347979663725e-05,0.0009067916895379367,0.0006067916895379368,0.0006067916895379368,0.0005914083415582731,10.067916895379367,0.9999999999999998,2.999999999999999,0.15383347979663725,5.914083415582731,True,False
2020-01-06,592622.701611364,250000000.0,125000000.0,124999999.99999999,5195.403325247601,98,98,196,65,0.33163265306122447,0.05,1.0,1.0,1.0,2.0,0.0023704908064454563,0.0004,0.0001,0.0003,100000.0,2.0781613300990403e-05,0.0022704908064454564,0.0019704908064454565,0.0019704908064454565,0.0019497091931444661,23.704908064454564,1.0,2.9999999999999996,0.20781613300990404,19.49709193144466,True,False
2020-01-07,-199192.66541970187,249999999.99999994,124999999.99999996,125000000.0,5055.077043622608,98,98,196,48,0.24489795918367346,0.049999999999999996,0.9999999999999998,0.9999999999999998,0.9999999999999998,1.9999999999999996,-0.0007967706616788075,0.0003999999999999999,9.999999999999998e-05,0.0002999999999999999,99999.99999999997,2.022030817449043e-05,-0.0008967706616788074,-0.0011967706616788074,-0.0011967706616788074,-0.001216990969853298,-7.967706616788075,0.9999999999999998,2.999999999999999,0.20220308174490428,-12.16990969853298,True,False
2020-01-08,382682.2005349215,250000000.0,125000000.00000001,125000000.00000001,4684.262439823469,98,98,196,43,0.2193877551020408,0.05000000000000001,1.0,1.0,1.0,2.0,0.001530728802139686,0.0004,0.0001,0.0003,100000.0,1.8737049759293877e-05,0.0014307288021396859,0.001130728802139686,0.001130728802139686,0.001111991752380392,15.30728802139686,1.0,2.9999999999999996,0.18737049759293878,11.11991752380392,True,False
2020-01-09,-167748.1030072651,250000000.00000003,125000000.0,125000000.00000001,5224.293448139935,99,99,198,53,0.2676767676767677,0.05000000000000001,1.0000000000000002,1.0000000000000002,1.0000000000000002,2.0000000000000004,-0.0006709924120290604,0.00040000000000000013,0.00010000000000000003,0.00030000000000000003,100000.00000000003,2.089717379255974e-05,-0.0007709924120290605,-0.0010709924120290604,-0.0010709924120290604,-0.0010918895858216201,-6.709924120290604,1.0000000000000002,3.0000000000000004,0.2089717379255974,-10.918895858216201,True,False
2020-01-10,191519.07536319576,250000000.0,124999999.99999999,125000000.0,3891.3319815544746,99,99,198,36,0.18181818181818182,0.05000000000000001,1.0,1.0,1.0,2.0,0.0007660763014527831,0.0004,0.0001,0.0003,100000.0,1.55653279262179e-05,0.000666076301452783,0.00036607630145278305,0.00036607630145278305,0.00035051097352656514,7.660763014527831,1.0,2.9999999999999996,0.15565327926217898,3.5051097352656515,True,False
2020-01-13,286804.6868918364,250000000.0,124999999.99999999,125000000.0,6945.932749546994,98,98,196,46,0.23469387755102042,0.05000000000000001,1.0,1.0,1.0,2.0,0.0011472187475673457,0.0004,0.0001,0.0003,100000.0,2.7783730998187977e-05,0.0010472187475673456,0.0007472187475673457,0.0007472187475673457,0.0007194350165691578,11.472187475673456,1.0,2.9999999999999996,0.2778373099818798,7.194350165691578,True,False
2020-01-14,-266083.70947041566,249999999.99999997,125000000.0,125000000.0,6873.667109901696,98,98,196,67,0.34183673469387754,0.05000000000000001,0.9999999999999999,0.9999999999999999,0.9999999999999999,1.9999999999999998,-0.0010643348378816626,0.00039999999999999996,9.999999999999999e-05,0.0002999999999999999,99999.99999999999,2.7494668439606785e-05,-0.0011643348378816626,-0.0014643348378816626,-0.0014643348378816626,-0.0014918295063212693,-10.643348378816626,0.9999999999999999,2.999999999999999,0.27494668439606784,-14.918295063212692,True,False
2020-01-15,65613.29974324789,249999999.99999997,125000000.00000001,124999999.99999999,9140.029049222701,97,97,194,60,0.30927835051546393,0.049999999999999996,0.9999999999999999,0.9999999999999999,0.9999999999999999,1.9999999999999998,0.00026245319897299157,0.00039999999999999996,9.999999999999999e-05,0.0002999999999999999,99999.99999999999,3.65601161968908e-05,0.00016245319897299158,-0.00013754680102700834,-0.00013754680102700834,-0.00017410691722389914,2.6245319897299155,0.9999999999999999,2.999999999999999,0.365601161968908,-1.7410691722389915,True,False
2020-01-16,-41386.30389454036,250000000.00000003,125000000.0,125000000.00000001,8052.4751049658225,97,97,194,52,0.26804123711340205,0.05000000000000001,1.0000000000000002,1.0000000000000002,1.0000000000000002,2.0000000000000004,-0.00016554521557816143,0.00040000000000000013,0.00010000000000000003,0.00030000000000000003,100000.00000000003,3.220990041986329e-05,-0.00026554521557816145,-0.0005655452155781614,-0.0005655452155781614,-0.0005977551159980247,-1.6554521557816142,1.0000000000000002,3.0000000000000004,0.3220990041986329,-5.977551159980247,True,False
2020-01-17,-35851.007826036104,250000000.0,124999999.99999999,125000000.00000001,8784.792979193808,98,98,196,48,0.24489795918367346,0.05000000000000001,1.0,1.0,1.0,2.0,-0.00014340403130414441,0.0004,0.0001,0.0003,100000.0,3.513917191677523e-05,-0.0002434040313041444,-0.0005434040313041443,-0.0005434040313041443,-0.0005785432032209195,-1.434040313041444,1.0,2.9999999999999996,0.3513917191677523,-5.785432032209195,True,False
2020-01-21,196259.23295598963,249999999.9999999,124999999.99999996,124999999.99999997,6571.089661762239,94,94,188,28,0.14893617021276595,0.04999999999999999,0.9999999999999997,0.9999999999999997,0.9999999999999997,1.9999999999999993,0.0007850369318239585,0.0003999999999999999,9.999999999999998e-05,0.00029999999999999987,99999.99999999997,2.6284358647048957e-05,0.0006850369318239586,0.0003850369318239587,0.0003850369318239587,0.00035875257317690974,7.8503693182395855,0.9999999999999998,2.9999999999999987,0.26284358647048955,3.5875257317690976,True,False
2020-01-22,-341427.6531874061,250000000.0,125000000.0,124999999.99999999,7162.146078293889,92,92,184,41,0.22282608695652173,0.05,1.0,1.0,1.0,2.0,-0.0013657106127496243,0.0004,0.0001,0.0003,100000.0,2.8648584313175557e-05,-0.0014657106127496243,-0.0017657106127496242,-0.0017657106127496242,-0.0017943591970627998,-13.657106127496244,1.0,2.9999999999999996,0.28648584313175557,-17.943591970628,True,False
2020-01-23,174200.39576582186,249999999.99999994,124999999.99999997,124999999.99999999,8734.438611104228,94,94,188,58,0.30851063829787234,0.049999999999999996,0.9999999999999998,0.9999999999999998,0.9999999999999998,1.9999999999999996,0.0006968015830632875,0.0003999999999999999,9.999999999999998e-05,0.0002999999999999999,99999.99999999997,3.4937754444416914e-05,0.0005968015830632875,0.0002968015830632876,0.0002968015830632876,0.0002618638286188707,6.968015830632875,0.9999999999999998,2.999999999999999,0.34937754444416913,2.618638286188707,True,False
2020-01-24,-811251.8649520138,249999999.99999997,124999999.99999999,125000000.0,7431.846841343835,95,95,190,45,0.23684210526315788,0.05000000000000001,0.9999999999999999,0.9999999999999999,0.9999999999999999,1.9999999999999998,-0.003245007459808055,0.00039999999999999996,9.999999999999999e-05,0.0002999999999999999,99999.99999999999,2.972738736537534e-05,-0.003345007459808055,-0.003645007459808055,-0.003645007459808055,-0.00367473484717343,-32.450074598080555,0.9999999999999999,2.999999999999999,0.2972738736537534,-36.7473484717343,True,False
2020-01-27,801170.5297414566,249999999.99999997,124999999.99999999,124999999.99999997,8054.161051926224,92,92,184,43,0.23369565217391305,0.05000000000000001,0.9999999999999999,0.9999999999999999,0.9999999999999999,1.9999999999999998,0.0032046821189658263,0.00039999999999999996,9.999999999999999e-05,0.0002999999999999999,99999.99999999999,3.22166442077049e-05,0.0031046821189658264,0.0028046821189658265,0.0028046821189658265,0.0027724654747581217,32.04682118965826,0.9999999999999999,2.999999999999999,0.322166442077049,27.724654747581216,True,False
2020-01-28,393716.3071873756,250000000.00000003,124999999.99999999,124999999.99999999,4913.041891886051,87,87,174,62,0.3563218390804598,0.049999999999999996,1.0000000000000002,1.0000000000000002,1.0000000000000002,2.0000000000000004,0.0015748652287495024,0.00040000000000000013,0.00010000000000000003,0.00030000000000000003,100000.00000000003,1.9652167567544205e-05,0.0014748652287495023,0.0011748652287495022,0.0011748652287495022,0.001155213061181958,15.748652287495023,1.0000000000000002,3.0000000000000004,0.19652167567544204,11.55213061181958,True,False
2020-01-29,-571896.2045713185,249999999.99999994,124999999.99999997,124999999.99999997,4466.525967893124,85,85,170,37,0.21764705882352942,0.05,0.9999999999999998,0.9999999999999998,0.9999999999999998,1.9999999999999996,-0.002287584818285274,0.0003999999999999999,9.999999999999998e-05,0.0002999999999999999,99999.99999999997,1.7866103871572498e-05,-0.0023875848182852736,-0.0026875848182852735,-0.0026875848182852735,-0.002705450922156846,-22.87584818285274,0.9999999999999998,2.999999999999999,0.17866103871572497,-27.05450922156846,True,False
2020-01-30,-427931.6037483913,249999999.99999994,124999999.99999999,124999999.99999999,4241.621322205356,89,89,178,40,0.2247191011235955,0.05000000000000001,0.9999999999999998,0.9999999999999998,0.9999999999999998,1.9999999999999996,-0.0017117264149935653,0.0003999999999999999,9.999999999999998e-05,0.0002999999999999999,99999.99999999997,1.6966485288821423e-05,-0.0018117264149935654,-0.002111726414993565,-0.002111726414993565,-0.0021286929002823866,-17.117264149935654,0.9999999999999998,2.999999999999999,0.16966485288821423,-21.286929002823864,True,False
2020-01-31,-162307.10866851386,249999999.99999997,124999999.99999999,125000000.0,4883.808929561065,90,90,180,54,0.3,0.05000000000000001,0.9999999999999999,0.9999999999999999,0.9999999999999999,1.9999999999999998,-0.0006492284346740554,0.00039999999999999996,9.999999999999999e-05,0.0002999999999999999,99999.99999999999,1.9535235718244262e-05,-0.0007492284346740554,-0.0010492284346740554,-0.0010492284346740554,-0.0010687636703922995,-6.492284346740554,0.9999999999999999,2.999999999999999,0.19535235718244262,-10.687636703922996,True,False
2020-02-03,1623800.0693136365,249999999.9999999,124999999.99999996,124999999.99999997,3568.755740929551,90,90,180,45,0.25,0.05000000000000001,0.9999999999999997,0.9999999999999997,0.9999999999999997,1.9999999999999993,0.006495200277254546,0.0003999999999999999,9.999999999999998e-05,0.00029999999999999987,99999.99999999997,1.4275022963718204e-05,0.006395200277254546,0.006095200277254546,0.006095200277254546,0.006080925254290828,64.95200277254546,0.9999999999999998,2.9999999999999987,0.14275022963718204,60.80925254290828,True,False
2020-02-04,569106.0684837475,249999999.99999994,124999999.99999997,124999999.99999997,4399.394465083563,85,85,170,59,0.34705882352941175,0.05000000000000001,0.9999999999999998,0.9999999999999998,0.9999999999999998,1.9999999999999996,0.00227642427393499,0.0003999999999999999,9.999999999999998e-05,0.0002999999999999999,99999.99999999997,1.759757786033425e-05,0.0021764242739349903,0.0018764242739349904,0.0018764242739349904,0.001858826696074656,22.7642427393499,0.9999999999999998,2.999999999999999,0.17597577860334251,18.588266960746562,True,False
2020-02-05,64280.67887049329,250000000.0,124999999.99999996,125000000.0,4877.619682348315,87,87,174,44,0.25287356321839083,0.049999999999999996,1.0,1.0,1.0,2.0,0.0002571227154819732,0.0004,0.0001,0.0003,100000.0,1.951047872939326e-05,0.0001571227154819732,-0.00014287728451802678,-0.00014287728451802678,-0.00016238776324742005,2.5712271548197316,1.0,2.9999999999999996,0.1951047872939326,-1.6238776324742006,True,False
2020-02-06,-568880.3272178579,249999999.99999997,125000000.00000001,124999999.99999999,4777.663265528434,91,91,182,42,0.23076923076923078,0.05000000000000001,0.9999999999999999,0.9999999999999999,0.9999999999999999,1.9999999999999998,-0.002275521308871432,0.00039999999999999996,9.999999999999999e-05,0.0002999999999999999,99999.99999999999,1.9110653062113734e-05,-0.0023755213088714317,-0.0026755213088714316,-0.0026755213088714316,-0.0026946319619335453,-22.755213088714317,0.9999999999999999,2.999999999999999,0.19110653062113733,-26.94631961933545,True,False
2020-02-07,-283309.32063595334,250000000.00000003,125000000.0,125000000.0,4461.841676448651,93,93,186,26,0.13978494623655913,0.05,1.0000000000000002,1.0000000000000002,1.0000000000000002,2.0000000000000004,-0.0011332372825438133,0.00040000000000000013,0.00010000000000000003,0.00030000000000000003,100000.00000000003,1.7847366705794603e-05,-0.0012332372825438133,-0.0015332372825438132,-0.0015332372825438132,-0.0015510846492496077,-11.332372825438133,1.0000000000000002,3.0000000000000004,0.17847366705794604,-15.510846492496077,True,False
2020-02-10,286429.8266524151,249999999.99999997,125000000.0,124999999.99999997,3010.4144532626365,94,94,188,30,0.1595744680851064,0.05,0.9999999999999999,0.9999999999999999,0.9999999999999999,1.9999999999999998,0.0011457193066096603,0.00039999999999999996,9.999999999999999e-05,0.0002999999999999999,99999.99999999999,1.2041657813050545e-05,0.0010457193066096603,0.0007457193066096603,0.0007457193066096603,0.0007336776487966098,11.457193066096604,0.9999999999999999,2.999999999999999,0.12041657813050545,7.336776487966098,True,False
2020-02-11,861197.1333247384,250000000.0,124999999.99999999,124999999.99999999,5939.268032303013,89,89,178,34,0.19101123595505617,0.05000000000000001,1.0,1.0,1.0,2.0,0.0034447885332989535,0.0004,0.0001,0.0003,100000.0,2.375707212921205e-05,0.0033447885332989536,0.0030447885332989537,0.0030447885332989537,0.0030210314611697417,34.447885332989536,1.0,2.9999999999999996,0.2375707212921205,30.210314611697417,True,False
2020-02-12,-281481.35797873745,250000000.0,125000000.0,124999999.99999999,4136.842392828152,90,90,180,32,0.17777777777777778,0.05000000000000001,1.0,1.0,1.0,2.0,-0.0011259254319149498,0.0004,0.0001,0.0003,100000.0,1.654736957131261e-05,-0.0012259254319149499,-0.0015259254319149498,-0.0015259254319149498,-0.0015424728014862624,-11.259254319149498,1.0,2.9999999999999996,0.1654736957131261,-15.424728014862623,True,False
2020-02-13,165327.15690475138,249999999.9999999,124999999.99999996,124999999.99999999,4586.306050300117,91,91,182,24,0.13186813186813187,0.05000000000000001,0.9999999999999997,0.9999999999999997,0.9999999999999997,1.9999999999999993,0.0006613086276190055,0.0003999999999999999,9.999999999999998e-05,0.00029999999999999987,99999.99999999997,1.8345224201200467e-05,0.0005613086276190055,0.0002613086276190057,0.0002613086276190057,0.0002429634034178052,6.613086276190055,0.9999999999999998,2.9999999999999987,0.18345224201200466,2.429634034178052,True,False
2020-02-14,-339489.64696298516,249999999.99999994,124999999.99999997,124999999.99999997,5162.189243748251,96,96,192,56,0.2916666666666667,0.05,0.9999999999999998,0.9999999999999998,0.9999999999999998,1.9999999999999996,-0.0013579585878519406,0.0003999999999999999,9.999999999999998e-05,0.0002999999999999999,99999.99999999997,2.0648756974993006e-05,-0.0014579585878519406,-0.0017579585878519405,-0.0017579585878519405,-0.0017786073448269335,-13.579585878519406,0.9999999999999998,2.999999999999999,0.20648756974993007,-17.786073448269335,True,False
2020-02-18,533302.334346403,250000000.00000003,125000000.0,125000000.0,4022.822168525359,93,93,186,32,0.17204301075268819,0.049999999999999996,1.0000000000000002,1.0000000000000002,1.0000000000000002,2.0000000000000004,0.002133209337385612,0.00040000000000000013,0.00010000000000000003,0.00030000000000000003,100000.00000000003,1.6091288674101437e-05,0.0020332093373856123,0.0017332093373856124,0.0017332093373856124,0.0017171180487115109,21.33209337385612,1.0000000000000002,3.0000000000000004,0.16091288674101437,17.17118048711511,True,False
2020-02-19,-270906.99786272994,249999999.99999997,125000000.0,124999999.99999999,4984.03072080796,91,91,182,32,0.17582417582417584,0.05,0.9999999999999999,0.9999999999999999,0.9999999999999999,1.9999999999999998,-0.0010836279914509198,0.00039999999999999996,9.999999999999999e-05,0.0002999999999999999,99999.99999999999,1.9936122883231843e-05,-0.0011836279914509199,-0.0014836279914509198,-0.0014836279914509198,-0.0015035641143341517,-10.836279914509198,0.9999999999999999,2.999999999999999,0.19936122883231844,-15.035641143341516,True,False
2020-02-20,-420755.9695550163,250000000.0,124999999.99999999,125000000.0,4427.351647430078,92,92,184,44,0.2391304347826087,0.05,1.0,1.0,1.0,2.0,-0.0016830238782200653,0.0004,0.0001,0.0003,100000.0,1.770940658972031e-05,-0.0017830238782200654,-0.0020830238782200655,-0.0020830238782200655,-0.0021007332848097856,-16.830238782200652,1.0,2.9999999999999996,0.17709406589720308,-21.007332848097857,True,False
2020-02-21,-2858114.019583218,249999999.99999997,124999999.99999999,124999999.99999999,4250.877785929297,93,93,186,51,0.27419354838709675,0.04999999999999999,0.9999999999999999,0.9999999999999999,0.9999999999999999,1.9999999999999998,-0.011432456078332872,0.00039999999999999996,9.999999999999999e-05,0.0002999999999999999,99999.99999999999,1.7003511143717186e-05,-0.011532456078332871,-0.011832456078332871,-0.011832456078332871,-0.011849459589476589,-114.32456078332872,0.9999999999999999,2.999999999999999,0.17003511143717184,-118.4945958947659,True,False
2020-02-24,1229494.3394393628,249999999.99999994,124999999.99999993,125000000.0,3925.9085015165624,93,93,186,18,0.0967741935483871,0.05000000000000001,0.9999999999999998,0.9999999999999998,0.9999999999999998,1.9999999999999996,0.004917977357757451,0.0003999999999999999,9.999999999999998e-05,0.0002999999999999999,99999.99999999997,1.570363400606625e-05,0.004817977357757451,0.004517977357757451,0.004517977357757451,0.0045022737237513846,49.17977357757451,0.9999999999999998,2.999999999999999,0.1570363400606625,45.022737237513844,True,False
2020-02-25,269340.2433094602,249999999.99999997,125000000.00000001,125000000.0,4361.240044878805,90,90,180,45,0.25,0.05000000000000001,0.9999999999999999,0.9999999999999999,0.9999999999999999,1.9999999999999998,0.0010773609732378407,0.00039999999999999996,9.999999999999999e-05,0.0002999999999999999,99999.99999999999,1.744496017951522e-05,0.0009773609732378406,0.0006773609732378407,0.0006773609732378407,0.0006599160130583254,10.773609732378407,0.9999999999999999,2.999999999999999,0.1744496017951522,6.599160130583255,True,False
2020-02-26,-2067682.9475397747,249999999.99999997,124999999.99999996,125000000.0,5168.4844598515,90,90,180,45,0.25,0.05000000000000001,0.9999999999999999,0.9999999999999999,0.9999999999999999,1.9999999999999998,-0.0082707317901591,0.00039999999999999996,9.999999999999999e-05,0.0002999999999999999,99999.99999999999,2.0673937839406e-05,-0.008370731790159099,-0.008670731790159099,-0.008670731790159099,-0.008691405727998504,-82.707317901591,0.9999999999999999,2.999999999999999,0.20673937839406,-86.91405727998504,True,False
2020-02-27,-1428642.0732134383,250000000.0,124999999.99999996,125000000.00000001,3634.4086133188325,92,92,184,37,0.20108695652173914,0.05000000000000001,1.0,1.0,1.0,2.0,-0.005714568292853753,0.0004,0.0001,0.0003,100000.0,1.453763445327533e-05,-0.005814568292853753,-0.006114568292853753,-0.006114568292853753,-0.006129105927307029,-57.14568292853753,1.0,2.9999999999999996,0.1453763445327533,-61.29105927307029,True,False
2020-02-28,775691.4013945202,249999999.99999997,125000000.0,125000000.0,5580.688409932939,96,96,192,37,0.19270833333333334,0.05000000000000001,0.9999999999999999,0.9999999999999999,0.9999999999999999,1.9999999999999998,0.0031027656055780807,0.00039999999999999996,9.999999999999999e-05,0.0002999999999999999,99999.99999999999,2.2322753639731758e-05,0.003002765605578081,0.002702765605578081,0.002702765605578081,0.002680442851938349,31.027656055780806,0.9999999999999999,2.999999999999999,0.22322753639731757,26.804428519383492,True,False
2020-03-02,457999.63184580446,250000000.0,125000000.0,125000000.0,4473.676714097732,97,97,194,33,0.17010309278350516,0.05,1.0,1.0,1.0,2.0,0.0018319985273832179,0.0004,0.0001,0.0003,100000.0,1.7894706856390926e-05,0.0017319985273832178,0.001431998527383218,0.001431998527383218,0.001414103820526827,18.319985273832177,1.0,2.9999999999999996,0.17894706856390927,14.14103820526827,True,False
2020-03-03,462501.4468353119,249999999.99999997,124999999.99999996,125000000.0,4435.639008523045,97,97,194,44,0.2268041237113402,0.05000000000000001,0.9999999999999999,0.9999999999999999,0.9999999999999999,1.9999999999999998,0.0018500057873412476,0.00039999999999999996,9.999999999999999e-05,0.0002999999999999999,99999.99999999999,1.774255603409218e-05,0.0017500057873412475,0.0014500057873412476,0.0014500057873412476,0.0014322632313071555,18.500057873412477,0.9999999999999999,2.999999999999999,0.1774255603409218,14.322632313071555,True,False
2020-03-04,-1082266.6047600792,250000000.00000003,125000000.0,125000000.00000003,4631.2330093158125,97,97,194,31,0.15979381443298968,0.05000000000000001,1.0000000000000002,1.0000000000000002,1.0000000000000002,2.0000000000000004,-0.004329066419040317,0.00040000000000000013,0.00010000000000000003,0.00030000000000000003,100000.00000000003,1.852493203726325e-05,-0.004429066419040317,-0.004729066419040317,-0.004729066419040317,-0.00474759135107758,-43.29066419040317,1.0000000000000002,3.0000000000000004,0.1852493203726325,-47.4759135107758,True,False
2020-03-05,-1011443.4795227314,249999999.99999994,124999999.99999997,124999999.99999997,4749.392401857956,98,98,196,24,0.12244897959183673,0.049999999999999996,0.9999999999999998,0.9999999999999998,0.9999999999999998,1.9999999999999996,-0.004045773918090925,0.0003999999999999999,9.999999999999998e-05,0.0002999999999999999,99999.99999999997,1.8997569607431827e-05,-0.0041457739180909255,-0.004445773918090925,-0.004445773918090925,-0.004464771487698358,-40.45773918090925,0.9999999999999998,2.999999999999999,0.18997569607431827,-44.64771487698358,True,False
2020-03-06,-5186331.48682739,250000000.0,125000000.00000003,124999999.99999999,4668.0477109539315,98,98,196,37,0.18877551020408162,0.049999999999999996,1.0,1.0,1.0,2.0,-0.020745325947309563,0.0004,0.0001,0.0003,100000.0,1.8672190843815726e-05,-0.020845325947309562,-0.021145325947309564,-0.021145325947309564,-0.02116399813815338,-207.4532594730956,1.0,2.9999999999999996,0.18672190843815725,-211.6399813815338,True,False
2020-03-09,2373795.257131898,250000000.0,125000000.00000001,125000000.0,5742.445125251825,99,99,198,47,0.23737373737373738,0.049999999999999996,1.0,1.0,1.0,2.0,0.009495181028527592,0.0004,0.0001,0.0003,100000.0,2.29697805010073e-05,0.009395181028527592,0.009095181028527593,0.009095181028527593,0.009072211248026586,94.95181028527593,1.0,2.9999999999999996,0.229697805010073,90.72211248026585,True,False
2020-03-10,-1013231.7676760787,249999999.99999994,124999999.99999997,124999999.99999994,4976.195966610451,98,98,196,27,0.1377551020408163,0.05,0.9999999999999998,0.9999999999999998,0.9999999999999998,1.9999999999999996,-0.004052927070704315,0.0003999999999999999,9.999999999999998e-05,0.0002999999999999999,99999.99999999997,1.9904783866441806e-05,-0.0041529270707043155,-0.004452927070704315,-0.004452927070704315,-0.004472831854570757,-40.52927070704315,0.9999999999999998,2.999999999999999,0.19904783866441805,-44.72831854570757,True,False
2020-03-11,-3368803.2228136347,250000000.0,125000000.0,124999999.99999999,4037.43615891068,97,97,194,26,0.13402061855670103,0.05000000000000001,1.0,1.0,1.0,2.0,-0.01347521289125454,0.0004,0.0001,0.0003,100000.0,1.6149744635642722e-05,-0.013575212891254539,-0.013875212891254539,-0.013875212891254539,-0.013891362635890182,-134.7521289125454,1.0,2.9999999999999996,0.1614974463564272,-138.9136263589018,True,False
2020-03-12,4528209.330593332,250000000.00000003,125000000.0,124999999.99999999,3778.5836270211403,97,97,194,23,0.11855670103092783,0.05,1.0000000000000002,1.0000000000000002,1.0000000000000002,2.0000000000000004,0.018112837322373326,0.00040000000000000013,0.00010000000000000003,0.00030000000000000003,100000.00000000003,1.5114334508084562e-05,0.018012837322373326,0.017712837322373325,0.017712837322373325,0.01769772298786524,181.12837322373326,1.0000000000000002,3.0000000000000004,0.15114334508084562,176.9772298786524,True,False
2020-03-13,-4699819.139652157,249999999.99999988,124999999.99999994,124999999.99999993,3788.3493993090538,96,96,192,24,0.125,0.05,0.9999999999999996,0.9999999999999996,0.9999999999999996,1.9999999999999991,-0.01879927655860863,0.00039999999999999986,9.999999999999996e-05,0.00029999999999999987,99999.99999999997,1.5153397597236216e-05,-0.018899276558608628,-0.019199276558608626,-0.019199276558608626,-0.019214429956205863,-187.99276558608628,0.9999999999999997,2.9999999999999987,0.15153397597236215,-192.14429956205862,True,False
2020-03-16,260815.32924427523,249999999.99999988,124999999.99999994,124999999.99999993,3180.620710114707,96,96,192,32,0.16666666666666666,0.05,0.9999999999999996,0.9999999999999996,0.9999999999999996,1.9999999999999991,0.001043261316977101,0.00039999999999999986,9.999999999999996e-05,0.00029999999999999987,99999.99999999997,1.2722482840458828e-05,0.0009432613169771011,0.0006432613169771013,0.0006432613169771013,0.0006305388341366424,10.43261316977101,0.9999999999999997,2.9999999999999987,0.12722482840458826,6.305388341366424,True,False
2020-03-17,-2943040.429215792,249999999.99999997,124999999.99999999,124999999.99999999,4479.49401009535,94,94,188,27,0.14361702127659576,0.05,0.9999999999999999,0.9999999999999999,0.9999999999999999,1.9999999999999998,-0.01177216171686317,0.00039999999999999996,9.999999999999999e-05,0.0002999999999999999,99999.99999999999,1.79179760403814e-05,-0.011872161716863169,-0.012172161716863169,-0.012172161716863169,-0.01219007969290355,-117.7216171686317,0.9999999999999999,2.999999999999999,0.179179760403814,-121.9007969290355,True,False
2020-03-18,-397803.88286879496,249999999.99999997,124999999.99999999,125000000.0,3196.006050724521,93,93,186,36,0.1935483870967742,0.049999999999999996,0.9999999999999999,0.9999999999999999,0.9999999999999999,1.9999999999999998,-0.0015912155314751798,0.00039999999999999996,9.999999999999999e-05,0.0002999999999999999,99999.99999999999,1.2784024202898085e-05,-0.0016912155314751799,-0.00199121553147518,-0.00199121553147518,-0.002003999555678078,-15.912155314751798,0.9999999999999999,2.999999999999999,0.12784024202898084,-20.03999555678078,True,False
2020-03-19,2210937.7709054253,249999999.9999999,124999999.99999996,124999999.99999996,3313.6044562008856,91,91,182,17,0.09340659340659341,0.05000000000000001,0.9999999999999997,0.9999999999999997,0.9999999999999997,1.9999999999999993,0.008843751083621702,0.0003999999999999999,9.999999999999998e-05,0.00029999999999999987,99999.99999999997,1.3254417824803543e-05,0.008743751083621703,0.008443751083621703,0.008443751083621703,0.0084304966657969,88.43751083621702,0.9999999999999998,2.9999999999999987,0.13254417824803544,84.30496665796899,True,False
2020-03-20,-361669.41866747616,249999999.99999997,125000000.00000004,125000000.0,4445.375087613818,87,87,174,28,0.16091954022988506,0.04999999999999998,0.9999999999999999,0.9999999999999999,0.9999999999999999,1.9999999999999998,-0.0014466776746699047,0.00039999999999999996,9.999999999999999e-05,0.0002999999999999999,99999.99999999999,1.7781500350455273e-05,-0.0015466776746699048,-0.0018466776746699047,-0.0018466776746699047,-0.00186445917502036,-14.466776746699047,0.9999999999999999,2.999999999999999,0.17781500350455273,-18.6445917502036,True,False
2020-03-23,3770703.341677394,249999999.99999997,125000000.0,124999999.99999999,4049.056902054658,86,86,172,10,0.05813953488372093,0.05,0.9999999999999999,0.9999999999999999,0.9999999999999999,1.9999999999999998,0.015082813366709576,0.00039999999999999996,9.999999999999999e-05,0.0002999999999999999,99999.99999999999,1.619622760821863e-05,0.014982813366709577,0.014682813366709577,0.014682813366709577,0.014666617139101359,150.82813366709576,0.9999999999999999,2.999999999999999,0.1619622760821863,146.6661713910136,True,False
2020-03-24,142283.01559943898,249999999.99999994,124999999.99999997,124999999.99999997,3526.865006737007,85,85,170,15,0.08823529411764706,0.05000000000000001,0.9999999999999998,0.9999999999999998,0.9999999999999998,1.9999999999999996,0.0005691320623977559,0.0003999999999999999,9.999999999999998e-05,0.0002999999999999999,99999.99999999997,1.4107460026948029e-05,0.0004691320623977559,0.00016913206239775597,0.00016913206239775597,0.00015502460237080794,5.691320623977559,0.9999999999999998,2.999999999999999,0.1410746002694803,1.5502460237080793,True,False
2020-03-25,701706.9716385201,249999999.99999988,124999999.99999996,124999999.99999996,2749.845521185918,76,76,152,18,0.11842105263157894,0.05000000000000001,0.9999999999999996,0.9999999999999996,0.9999999999999996,1.9999999999999991,0.0028068278865540806,0.00039999999999999986,9.999999999999996e-05,0.00029999999999999987,99999.99999999997,1.0999382084743672e-05,0.0027068278865540808,0.002406827886554081,0.002406827886554081,0.002395828504469337,28.068278865540805,0.9999999999999997,2.9999999999999987,0.10999382084743672,23.95828504469337,True,False
2020-03-26,-518746.6814418469,249999999.99999997,125000000.0,124999999.99999997,3674.6093920184517,75,75,150,11,0.07333333333333333,0.05,0.9999999999999999,0.9999999999999999,0.9999999999999999,1.9999999999999998,-0.0020749867257673876,0.00039999999999999996,9.999999999999999e-05,0.0002999999999999999,99999.99999999999,1.4698437568073806e-05,-0.0021749867257673874,-0.0024749867257673874,-0.0024749867257673874,-0.002489685163335461,-20.749867257673877,0.9999999999999999,2.999999999999999,0.14698437568073805,-24.89685163335461,True,False
2020-03-27,-1021438.5928946544,249999999.99999994,124999999.99999997,124999999.99999999,2819.5747429091707,73,73,146,19,0.13013698630136986,0.05,0.9999999999999998,0.9999999999999998,0.9999999999999998,1.9999999999999996,-0.004085754371578617,0.0003999999999999999,9.999999999999998e-05,0.0002999999999999999,99999.99999999997,1.1278298971636682e-05,-0.0041857543715786176,-0.0044857543715786175,-0.0044857543715786175,-0.004497032670550254,-40.85754371578617,0.9999999999999998,2.999999999999999,0.11278298971636683,-44.970326705502536,True,False
2020-03-30,95478.5653555448,250000000.0,125000000.0,125000000.0,3147.6911433145524,73,73,146,12,0.0821917808219178,0.05000000000000001,1.0,1.0,1.0,2.0,0.00038191426142217917,0.0004,0.0001,0.0003,100000.0,1.259076457325821e-05,0.0002819142614221792,-1.8085738577820797e-05,-1.8085738577820797e-05,-3.0676503151079004e-05,3.8191426142217915,1.0,2.9999999999999996,0.1259076457325821,-0.30676503151079004,True,False
2020-03-31,-922250.6495723706,249999999.99999997,125000000.0,124999999.99999997,3908.597653375148,73,73,146,10,0.0684931506849315,0.05,0.9999999999999999,0.9999999999999999,0.9999999999999999,1.9999999999999998,-0.0036890025982894824,0.00039999999999999996,9.999999999999999e-05,0.0002999999999999999,99999.99999999999,1.5634390613500593e-05,-0.0037890025982894823,-0.004089002598289482,-0.004089002598289482,-0.004104636988902982,-36.89002598289483,0.9999999999999999,2.999999999999999,0.15634390613500593,-41.04636988902982,True,False
2020-04-01,250105.78789454314,250000000.0,125000000.0,124999999.99999999,3386.9602456764824,73,73,146,28,0.1917808219178082,0.049999999999999996,1.0,1.0,1.0,2.0,0.0010004231515781726,0.0004,0.0001,0.0003,100000.0,1.354784098270593e-05,0.0009004231515781726,0.0006004231515781726,0.0006004231515781726,0.0005868753105954667,10.004231515781726,1.0,2.9999999999999996,0.1354784098270593,5.868753105954667,True,False
2020-04-02,171237.57858512708,250000000.0,124999999.99999997,124999999.99999999,3656.0892066296983,73,73,146,11,0.07534246575342465,0.05000000000000001,1.0,1.0,1.0,2.0,0.0006849503143405083,0.0004,0.0001,0.0003,100000.0,1.4624356826518793e-05,0.0005849503143405083,0.0002849503143405083,0.0002849503143405083,0.0002703259575139895,6.849503143405083,1.0,2.9999999999999996,0.14624356826518795,2.703259575139895,True,False
2020-04-03,2930376.8163048537,249999999.99999997,124999999.99999996,125000000.0,3196.067294885402,73,73,146,13,0.08904109589041095,0.049999999999999996,0.9999999999999999,0.9999999999999999,0.9999999999999999,1.9999999999999998,0.011721507265219415,0.00039999999999999996,9.999999999999999e-05,0.0002999999999999999,99999.99999999999,1.2784269179541609e-05,0.011621507265219416,0.011321507265219416,0.011321507265219416,0.011308722996039874,117.21507265219415,0.9999999999999999,2.999999999999999,0.12784269179541607,113.08722996039874,True,False
2020-04-06,3350850.4935860005,250000000.0,125000000.00000001,125000000.00000001,3181.0281862565985,73,73,146,9,0.06164383561643835,0.05000000000000001,1.0,1.0,1.0,2.0,0.013403401974344002,0.0004,0.0001,0.0003,100000.0,1.2724112745026394e-05,0.013303401974344002,0.013003401974344003,0.013003401974344003,0.012990677861598977,134.03401974344,1.0,2.9999999999999996,0.12724112745026395,129.90677861598977,True,False
2020-04-07,574896.7234048607,249999999.99999997,125000000.0,125000000.0,3600.7772227002342,71,71,142,16,0.11267605633802817,0.05,0.9999999999999999,0.9999999999999999,0.9999999999999999,1.9999999999999998,0.002299586893619443,0.00039999999999999996,9.999999999999999e-05,0.0002999999999999999,99999.99999999999,1.4403108890800937e-05,0.002199586893619443,0.0018995868936194432,0.0018995868936194432,0.0018851837847286422,22.99586893619443,0.9999999999999999,2.999999999999999,0.14403108890800936,18.851837847286422,True,False
2020-04-08,1210152.2603099544,249999999.99999997,125000000.00000004,124999999.99999997,4144.988880088055,71,71,142,11,0.07746478873239436,0.04999999999999999,0.9999999999999999,0.9999999999999999,0.9999999999999999,1.9999999999999998,0.004840609041239818,0.00039999999999999996,9.999999999999999e-05,0.0002999999999999999,99999.99999999999,1.6579955520352222e-05,0.004740609041239818,0.004440609041239818,0.004440609041239818,0.004424029085719466,48.40609041239818,0.9999999999999999,2.999999999999999,0.16579955520352221,44.24029085719466,True,False
2020-04-09,-81875.85587266325,250000000.0,124999999.99999997,125000000.00000001,4038.728174671072,72,72,144,15,0.10416666666666667,0.05000000000000001,1.0,1.0,1.0,2.0,-0.000327503423490653,0.0004,0.0001,0.0003,100000.0,1.6154912698684288e-05,-0.000427503423490653,-0.0007275034234906529,-0.0007275034234906529,-0.0007436583361893372,-3.27503423490653,1.0,2.9999999999999996,0.16154912698684287,-7.436583361893373,True,False
2020-04-13,366795.4286844798,250000000.0,124999999.99999997,125000000.0,3143.4779503843256,75,75,150,21,0.14,0.05000000000000001,1.0,1.0,1.0,2.0,0.0014671817147379192,0.0004,0.0001,0.0003,100000.0,1.2573911801537302e-05,0.001367181714737919,0.0010671817147379192,0.0010671817147379192,0.0010546078029363818,14.671817147379192,1.0,2.9999999999999996,0.12573911801537302,10.546078029363818,True,False
2020-04-14,-1721900.5936459426,249999999.99999997,124999999.99999997,124999999.99999999,4585.192991261015,77,77,154,17,0.11038961038961038,0.05,0.9999999999999999,0.9999999999999999,0.9999999999999999,1.9999999999999998,-0.006887602374583771,0.00039999999999999996,9.999999999999999e-05,0.0002999999999999999,99999.99999999999,1.834077196504406e-05,-0.006987602374583771,-0.007287602374583771,-0.007287602374583771,-0.007305943146548815,-68.87602374583771,0.9999999999999999,2.999999999999999,0.18340771965044061,-73.05943146548815,True,False
2020-04-15,-607546.3139997679,249999999.99999997,125000000.0,124999999.99999997,3150.253204979979,82,82,164,13,0.07926829268292683,0.05,0.9999999999999999,0.9999999999999999,0.9999999999999999,1.9999999999999998,-0.0024301852559990714,0.00039999999999999996,9.999999999999999e-05,0.0002999999999999999,99999.99999999999,1.2601012819919915e-05,-0.0025301852559990712,-0.002830185255999071,-0.002830185255999071,-0.002842786268818991,-24.301852559990714,0.9999999999999999,2.999999999999999,0.12601012819919916,-28.427862688189908,True,False
2020-04-16,1403948.628182287,249999999.99999997,125000000.00000001,124999999.99999999,3899.1252244824127,82,82,164,16,0.0975609756097561,0.05000000000000001,0.9999999999999999,0.9999999999999999,0.9999999999999999,1.9999999999999998,0.0056157945127291485,0.00039999999999999996,9.999999999999999e-05,0.0002999999999999999,99999.99999999999,1.559650089792965e-05,0.005515794512729148,0.005215794512729148,0.005215794512729148,0.005200198011831219,56.157945127291484,0.9999999999999999,2.999999999999999,0.15596500897929652,52.00198011831219,True,False
2020-04-17,-3027578.9640132394,249999999.99999994,124999999.99999996,124999999.99999997,3546.179442627898,85,85,170,17,0.1,0.05,0.9999999999999998,0.9999999999999998,0.9999999999999998,1.9999999999999996,-0.012110315856052958,0.0003999999999999999,9.999999999999998e-05,0.0002999999999999999,99999.99999999997,1.4184717770511592e-05,-0.012210315856052957,-0.012510315856052957,-0.012510315856052957,-0.012524500573823469,-121.10315856052958,0.9999999999999998,2.999999999999999,0.14184717770511593,-125.24500573823468,True,False
2020-04-20,-1489346.270085987,250000000.0,124999999.99999999,125000000.0,3173.5179995933886,86,86,172,33,0.19186046511627908,0.05000000000000001,1.0,1.0,1.0,2.0,-0.005957385080343948,0.0004,0.0001,0.0003,100000.0,1.2694071998373554e-05,-0.006057385080343948,-0.006357385080343948,-0.006357385080343948,-0.006370079152342321,-59.57385080343948,1.0,2.9999999999999996,0.12694071998373554,-63.700791523423206,True,False
2020-04-21,1303767.5505819938,249999999.99999997,125000000.0,124999999.99999999,4101.828409714225,84,84,168,37,0.22023809523809523,0.05000000000000001,0.9999999999999999,0.9999999999999999,0.9999999999999999,1.9999999999999998,0.005215070202327975,0.00039999999999999996,9.999999999999999e-05,0.0002999999999999999,99999.99999999999,1.64073136388569e-05,0.005115070202327975,0.004815070202327975,0.004815070202327975,0.004798662888689118,52.15070202327975,0.9999999999999999,2.999999999999999,0.16407313638856902,47.98662888689118,True,False
2020-04-22,574412.9642553573,249999999.99999994,124999999.99999997,124999999.99999996,3644.3604461794826,85,85,170,50,0.29411764705882354,0.05,0.9999999999999998,0.9999999999999998,0.9999999999999998,1.9999999999999996,0.002297651857021429,0.0003999999999999999,9.999999999999998e-05,0.0002999999999999999,99999.99999999997,1.457744178471793e-05,0.002197651857021429,0.0018976518570214293,0.0018976518570214293,0.0018830744152367113,22.97651857021429,0.9999999999999998,2.999999999999999,0.1457744178471793,18.830744152367114,True,False
2020-04-23,528727.1379583335,249999999.99999997,125000000.00000001,124999999.99999999,3342.6597035615687,90,90,180,29,0.16111111111111112,0.049999999999999996,0.9999999999999999,0.9999999999999999,0.9999999999999999,1.9999999999999998,0.0021149085518333338,0.00039999999999999996,9.999999999999999e-05,0.0002999999999999999,99999.99999999999,1.3370638814246275e-05,0.002014908551833334,0.001714908551833334,0.001714908551833334,0.0017015379130190878,21.149085518333337,0.9999999999999999,2.999999999999999,0.13370638814246275,17.015379130190876,True,False
2020-04-24,149480.51663191777,249999999.99999997,124999999.99999996,124999999.99999999,3727.660669423068,89,89,178,38,0.21348314606741572,0.05,0.9999999999999999,0.9999999999999999,0.9999999999999999,1.9999999999999998,0.000597922066527671,0.00039999999999999996,9.999999999999999e-05,0.0002999999999999999,99999.99999999999,1.4910642677692273e-05,0.000497922066527671,0.00019792206652767107,0.00019792206652767107,0.0001830114238499788,5.979220665276711,0.9999999999999999,2.999999999999999,0.14910642677692273,1.8301142384997882,True,False
2020-04-27,1707882.236721392,249999999.99999997,125000000.0,125000000.0,5040.4059132892,85,85,170,42,0.24705882352941178,0.05000000000000001,0.9999999999999999,0.9999999999999999,0.9999999999999999,1.9999999999999998,0.006831528946885568,0.00039999999999999996,9.999999999999999e-05,0.0002999999999999999,99999.99999999999,2.01616236531568e-05,0.006731528946885568,0.006431528946885568,0.006431528946885568,0.006411367323232411,68.31528946885568,0.9999999999999999,2.999999999999999,0.201616236531568,64.1136732323241,True,False
2020-04-28,2118650.591775422,250000000.0,124999999.99999997,125000000.00000003,6126.640652477894,78,78,156,67,0.42948717948717946,0.05000000000000001,1.0,1.0,1.0,2.0,0.008474602367101687,0.0004,0.0001,0.0003,100000.0,2.4506562609911575e-05,0.008374602367101688,0.008074602367101688,0.008074602367101688,0.008050095804491775,84.74602367101687,1.0,2.9999999999999996,0.24506562609911575,80.50095804491775,True,False
2020-04-29,-742185.0734020734,250000000.0,125000000.0,125000000.00000001,5184.310039237869,78,78,156,44,0.28205128205128205,0.05000000000000001,1.0,1.0,1.0,2.0,-0.0029687402936082936,0.0004,0.0001,0.0003,100000.0,2.0737240156951476e-05,-0.0030687402936082934,-0.0033687402936082933,-0.0033687402936082933,-0.003389477533765245,-29.687402936082936,1.0,2.9999999999999996,0.20737240156951475,-33.89477533765245,True,False
2020-04-30,-1332693.7733975681,250000000.0,124999999.99999999,125000000.0,4350.741680546491,83,83,166,45,0.2710843373493976,0.05000000000000001,1.0,1.0,1.0,2.0,-0.005330775093590273,0.0004,0.0001,0.0003,100000.0,1.7402966722185962e-05,-0.005430775093590273,-0.005730775093590273,-0.005730775093590273,-0.0057481780603124595,-53.30775093590273,1.0,2.9999999999999996,0.1740296672218596,-57.4817806031246,True,False
2020-05-01,-2268675.8089764523,249999999.99999997,125000000.0,124999999.99999997,4236.002811375992,84,84,168,32,0.19047619047619047,0.05000000000000001,0.9999999999999999,0.9999999999999999,0.9999999999999999,1.9999999999999998,-0.009074703235905809,0.00039999999999999996,9.999999999999999e-05,0.0002999999999999999,99999.99999999999,1.6944011245503968e-05,-0.009174703235905808,-0.009474703235905808,-0.009474703235905808,-0.009491647247151312,-90.74703235905808,0.9999999999999999,2.999999999999999,0.16944011245503968,-94.91647247151312,True,False
2020-05-04,2200379.241985822,249999999.99999994,124999999.99999997,124999999.99999997,4099.8380500874,84,84,168,46,0.27380952380952384,0.05000000000000001,0.9999999999999998,0.9999999999999998,0.9999999999999998,1.9999999999999996,0.008801516967943289,0.0003999999999999999,9.999999999999998e-05,0.0002999999999999999,99999.99999999997,1.63993522003496e-05,0.00870151696794329,0.00840151696794329,0.00840151696794329,0.00838511761574294,88.01516967943289,0.9999999999999998,2.999999999999999,0.163993522003496,83.8511761574294,True,False
2020-05-05,30957.05282262402,249999999.99999994,124999999.99999999,124999999.99999999,5008.566662540814,76,76,152,33,0.21710526315789475,0.05000000000000001,0.9999999999999998,0.9999999999999998,0.9999999999999998,1.9999999999999996,0.0001238282112904961,0.0003999999999999999,9.999999999999998e-05,0.0002999999999999999,99999.99999999997,2.0034266650163255e-05,2.3828211290496116e-05,-0.0002761717887095038,-0.0002761717887095038,-0.0002962060553596671,1.238282112904961,0.9999999999999998,2.999999999999999,0.20034266650163254,-2.962060553596671,True,False
2020-05-06,656127.1705031928,249999999.9999999,124999999.99999999,124999999.99999996,3725.6213511616224,76,76,152,23,0.1513157894736842,0.05000000000000001,0.9999999999999997,0.9999999999999997,0.9999999999999997,1.9999999999999993,0.002624508682012771,0.0003999999999999999,9.999999999999998e-05,0.00029999999999999987,99999.99999999997,1.490248540464649e-05,0.0025245086820127713,0.0022245086820127714,0.0022245086820127714,0.002209606196608125,26.24508682012771,0.9999999999999998,2.9999999999999987,0.1490248540464649,22.09606196608125,True,False
2020-05-07,1460896.2887880923,250000000.0,124999999.99999999,125000000.0,4451.763786785912,81,81,162,31,0.19135802469135801,0.05000000000000001,1.0,1.0,1.0,2.0,0.005843585155152369,0.0004,0.0001,0.0003,100000.0,1.7807055147143648e-05,0.005743585155152369,0.005443585155152369,0.005443585155152369,0.0054257781000052255,58.43585155152369,1.0,2.9999999999999996,0.17807055147143647,54.257781000052255,True,False
2020-05-08,-688575.7018676313,250000000.00000003,125000000.0,125000000.00000001,3212.060487274525,88,88,176,38,0.2159090909090909,0.05000000000000001,1.0000000000000002,1.0000000000000002,1.0000000000000002,2.0000000000000004,-0.002754302807470525,0.00040000000000000013,0.00010000000000000003,0.00030000000000000003,100000.00000000003,1.2848241949098099e-05,-0.002854302807470525,-0.003154302807470525,-0.003154302807470525,-0.003167151049419623,-27.54302807470525,1.0000000000000002,3.0000000000000004,0.128482419490981,-31.67151049419623,True,False
2020-05-11,256659.1335655818,249999999.99999994,125000000.0,124999999.99999997,4241.445741765325,96,96,192,35,0.18229166666666666,0.05000000000000001,0.9999999999999998,0.9999999999999998,0.9999999999999998,1.9999999999999996,0.0010266365342623273,0.0003999999999999999,9.999999999999998e-05,0.0002999999999999999,99999.99999999997,1.69657829670613e-05,0.0009266365342623274,0.0006266365342623275,0.0006266365342623275,0.0006096707512952662,10.266365342623274,0.9999999999999998,2.999999999999999,0.16965782967061302,6.096707512952662,True,False
2020-05-12,-781424.2525052667,249999999.9999999,124999999.99999996,124999999.99999997,3480.439561546593,96,96,192,24,0.125,0.05000000000000001,0.9999999999999997,0.9999999999999997,0.9999999999999997,1.9999999999999993,-0.0031256970100210666,0.0003999999999999999,9.999999999999998e-05,0.00029999999999999987,99999.99999999997,1.3921758246186372e-05,-0.0032256970100210665,-0.0035256970100210664,-0.0035256970100210664,-0.003539618768267253,-31.256970100210665,0.9999999999999998,2.9999999999999987,0.13921758246186372,-35.396187682672526,True,False
2020-05-13,-1987901.5221814068,250000000.0,125000000.0,124999999.99999999,3463.9111969167952,98,98,196,18,0.09183673469387756,0.05,1.0,1.0,1.0,2.0,-0.007951606088725627,0.0004,0.0001,0.0003,100000.0,1.3855644787667181e-05,-0.008051606088725627,-0.008351606088725627,-0.008351606088725627,-0.008365461733513295,-79.51606088725627,1.0,2.9999999999999996,0.13855644787667182,-83.65461733513294,True,False
2020-05-14,-1286360.1186145938,250000000.0,125000000.0,124999999.99999999,3616.809876178139,98,98,196,25,0.12755102040816327,0.05000000000000001,1.0,1.0,1.0,2.0,-0.005145440474458375,0.0004,0.0001,0.0003,100000.0,1.4467239504712555e-05,-0.005245440474458375,-0.005545440474458375,-0.005545440474458375,-0.005559907713963088,-51.45440474458375,1.0,2.9999999999999996,0.14467239504712556,-55.59907713963088,True,False
2020-05-15,2324955.884919628,250000000.0,125000000.0,124999999.99999999,3897.595481679849,98,98,196,30,0.15306122448979592,0.05,1.0,1.0,1.0,2.0,0.009299823539678512,0.0004,0.0001,0.0003,100000.0,1.5590381926719395e-05,0.009199823539678513,0.008899823539678513,0.008899823539678513,0.008884233157751794,92.99823539678512,1.0,2.9999999999999996,0.15590381926719396,88.84233157751794,True,False
2020-05-18,-14314.825971091297,250000000.00000003,125000000.0,125000000.00000001,3904.55859794008,97,97,194,28,0.14432989690721648,0.05000000000000001,1.0000000000000002,1.0000000000000002,1.0000000000000002,2.0000000000000004,-5.725930388436519e-05,0.00040000000000000013,0.00010000000000000003,0.00030000000000000003,100000.00000000003,1.561823439176032e-05,-0.00015725930388436521,-0.00045725930388436527,-0.00045725930388436527,-0.00047287753827612557,-0.5725930388436519,1.0000000000000002,3.0000000000000004,0.1561823439176032,-4.728775382761255,True,False
2020-05-19,1127668.2849522892,249999999.99999994,124999999.99999997,124999999.99999997,2789.903417173437,96,96,192,41,0.21354166666666666,0.05000000000000001,0.9999999999999998,0.9999999999999998,0.9999999999999998,1.9999999999999996,0.004510673139809157,0.0003999999999999999,9.999999999999998e-05,0.0002999999999999999,99999.99999999997,1.1159613668693748e-05,0.004410673139809157,0.004110673139809157,0.004110673139809157,0.004099513526140463,45.10673139809157,0.9999999999999998,2.999999999999999,0.11159613668693748,40.99513526140463,True,False
2020-05-20,192791.47193638995,249999999.99999997,125000000.0,124999999.99999997,3802.127570894596,96,96,192,25,0.13020833333333334,0.05,0.9999999999999999,0.9999999999999999,0.9999999999999999,1.9999999999999998,0.0007711658877455598,0.00039999999999999996,9.999999999999999e-05,0.0002999999999999999,99999.99999999999,1.5208510283578383e-05,0.0006711658877455598,0.0003711658877455599,0.0003711658877455599,0.00035595737746198155,7.711658877455598,0.9999999999999999,2.999999999999999,0.15208510283578383,3.5595737746198153,True,False
2020-05-21,300619.2540438415,249999999.9999999,124999999.99999996,124999999.99999996,3034.3015471584117,96,96,192,25,0.13020833333333334,0.05,0.9999999999999997,0.9999999999999997,0.9999999999999997,1.9999999999999993,0.001202477016175366,0.0003999999999999999,9.999999999999998e-05,0.00029999999999999987,99999.99999999997,1.2137206188633647e-05,0.0011024770161753659,0.000802477016175366,0.000802477016175366,0.0007903398099867323,12.02477016175366,0.9999999999999998,2.9999999999999987,0.12137206188633647,7.9033980998673234,True,False
2020-05-22,2493076.1542876125,250000000.0,125000000.00000001,124999999.99999999,4775.036382362682,97,97,194,35,0.18041237113402062,0.049999999999999996,1.0,1.0,1.0,2.0,0.00997230461715045,0.0004,0.0001,0.0003,100000.0,1.9100145529450727e-05,0.00987230461715045,0.00957230461715045,0.00957230461715045,0.009553204471621,99.7230461715045,1.0,2.9999999999999996,0.19100145529450727,95.53204471621,True,False
2020-05-26,4203184.27957438,250000000.0,125000000.0,125000000.00000001,4592.247647899523,97,97,194,21,0.10824742268041238,0.05000000000000001,1.0,1.0,1.0,2.0,0.016812737118297522,0.0004,0.0001,0.0003,100000.0,1.8368990591598093e-05,0.016712737118297523,0.01641273711829752,0.01641273711829752,0.01639436812770592,168.12737118297522,1.0,2.9999999999999996,0.18368990591598092,163.94368127705923,True,False
2020-05-27,-571830.6988936296,249999999.99999994,124999999.99999996,124999999.99999997,3719.0964498014673,96,96,192,30,0.15625,0.05,0.9999999999999998,0.9999999999999998,0.9999999999999998,1.9999999999999996,-0.002287322795574518,0.0003999999999999999,9.999999999999998e-05,0.0002999999999999999,99999.99999999997,1.487638579920587e-05,-0.002387322795574518,-0.002687322795574518,-0.002687322795574518,-0.002702199181373724,-22.873227955745183,0.9999999999999998,2.999999999999999,0.1487638579920587,-27.02199181373724,True,False
2020-05-28,-1193774.5198589356,249999999.99999994,124999999.99999994,124999999.99999999,3518.189267953359,96,96,192,26,0.13541666666666666,0.05000000000000001,0.9999999999999998,0.9999999999999998,0.9999999999999998,1.9999999999999996,-0.004775098079435742,0.0003999999999999999,9.999999999999998e-05,0.0002999999999999999,99999.99999999997,1.4072757071813436e-05,-0.004875098079435742,-0.005175098079435742,-0.005175098079435742,-0.005189170836507556,-47.75098079435742,0.9999999999999998,2.999999999999999,0.14072757071813435,-51.89170836507556,True,False
2020-05-29,629715.6550654251,250000000.0,124999999.99999997,125000000.00000001,3542.6601181287706,97,97,194,12,0.061855670103092786,0.05,1.0,1.0,1.0,2.0,0.0025188626202617003,0.0004,0.0001,0.0003,100000.0,1.4170640472515082e-05,0.0024188626202617004,0.0021188626202617005,0.0021188626202617005,0.0021046919797891852,25.188626202617,1.0,2.9999999999999996,0.1417064047251508,21.046919797891853,True,False
2020-06-01,1317709.0911751585,250000000.0,124999999.99999997,125000000.0,4170.646914756405,98,98,196,22,0.11224489795918367,0.05000000000000001,1.0,1.0,1.0,2.0,0.005270836364700634,0.0004,0.0001,0.0003,100000.0,1.668258765902562e-05,0.005170836364700634,0.004870836364700634,0.004870836364700634,0.004854153777041609,52.708363647006344,1.0,2.9999999999999996,0.1668258765902562,48.54153777041609,True,False
2020-06-02,877776.0874575259,249999999.99999994,124999999.99999997,124999999.99999994,3926.568062906393,98,98,196,33,0.1683673469387755,0.05000000000000001,0.9999999999999998,0.9999999999999998,0.9999999999999998,1.9999999999999996,0.0035111043498301034,0.0003999999999999999,9.999999999999998e-05,0.0002999999999999999,99999.99999999997,1.5706272251625573e-05,0.0034111043498301036,0.0031111043498301036,0.0031111043498301036,0.003095398077578478,35.111043498301036,0.9999999999999998,2.999999999999999,0.15706272251625572,30.953980775784782,True,False
2020-06-03,1604445.6924277323,250000000.0,125000000.0,125000000.0,3051.2418421283473,98,98,196,30,0.15306122448979592,0.049999999999999996,1.0,1.0,1.0,2.0,0.006417782769710929,0.0004,0.0001,0.0003,100000.0,1.2204967368513389e-05,0.006317782769710929,0.006017782769710929,0.006017782769710929,0.006005577802342415,64.1778276971093,1.0,2.9999999999999996,0.12204967368513389,60.05577802342415,True,False
2020-06-04,4374857.629112683,250000000.00000003,125000000.0,125000000.00000003,3434.5013783850504,98,98,196,30,0.15306122448979592,0.05000000000000001,1.0000000000000002,1.0000000000000002,1.0000000000000002,2.0000000000000004,0.017499430516450733,0.00040000000000000013,0.00010000000000000003,0.00030000000000000003,100000.00000000003,1.3738005513540202e-05,0.017399430516450733,0.01709943051645073,0.01709943051645073,0.01708569251093719,174.99430516450732,1.0000000000000002,3.0000000000000004,0.13738005513540202,170.8569251093719,True,False
2020-06-05,3560716.345105208,250000000.0,125000000.0,125000000.0,4869.842642446403,98,98,196,43,0.2193877551020408,0.05000000000000001,1.0,1.0,1.0,2.0,0.014242865380420832,0.0004,0.0001,0.0003,100000.0,1.9479370569785613e-05,0.014142865380420833,0.013842865380420833,0.013842865380420833,0.013823386009851047,142.42865380420832,1.0,2.9999999999999996,0.19479370569785612,138.23386009851046,True,False
2020-06-08,-2935428.5797870685,249999999.99999997,125000000.00000001,124999999.99999999,4197.987577024137,99,99,198,21,0.10606060606060606,0.04999999999999999,0.9999999999999999,0.9999999999999999,0.9999999999999999,1.9999999999999998,-0.011741714319148274,0.00039999999999999996,9.999999999999999e-05,0.0002999999999999999,99999.99999999999,1.6791950308096547e-05,-0.011841714319148273,-0.012141714319148273,-0.012141714319148273,-0.01215850626945637,-117.41714319148274,0.9999999999999999,2.999999999999999,0.16791950308096545,-121.5850626945637,True,False
2020-06-09,-1156512.500735799,250000000.0,124999999.99999999,124999999.99999999,4053.7848998080517,99,99,198,28,0.1414141414141414,0.049999999999999996,1.0,1.0,1.0,2.0,-0.0046260500029431965,0.0004,0.0001,0.0003,100000.0,1.621513959923221e-05,-0.004726050002943197,-0.005026050002943197,-0.005026050002943197,-0.005042265142542429,-46.26050002943197,1.0,2.9999999999999996,0.1621513959923221,-50.42265142542429,True,False
2020-06-10,-6375019.141609679,249999999.99999997,125000000.00000003,124999999.99999999,3659.270366851093,99,99,198,21,0.10606060606060606,0.049999999999999996,0.9999999999999999,0.9999999999999999,0.9999999999999999,1.9999999999999998,-0.025500076566438715,0.00039999999999999996,9.999999999999999e-05,0.0002999999999999999,99999.99999999999,1.4637081467404372e-05,-0.025600076566438715,-0.025900076566438716,-0.025900076566438716,-0.02591471364790612,-255.00076566438716,0.9999999999999999,2.999999999999999,0.14637081467404373,-259.1471364790612,True,False
2020-06-11,5697031.682922852,250000000.0,125000000.0,125000000.0,3353.9058057825396,99,99,198,19,0.09595959595959595,0.049999999999999996,1.0,1.0,1.0,2.0,0.022788126731691408,0.0004,0.0001,0.0003,100000.0,1.3415623223130158e-05,0.02268812673169141,0.022388126731691407,0.022388126731691407,0.022374711108468278,227.8812673169141,1.0,2.9999999999999996,0.13415623223130158,223.74711108468279,True,False
2020-06-12,-3059822.34046043,249999999.99999997,125000000.00000001,124999999.99999997,3771.056081733316,98,98,196,29,0.14795918367346939,0.04999999999999999,0.9999999999999999,0.9999999999999999,0.9999999999999999,1.9999999999999998,-0.01223928936184172,0.00039999999999999996,9.999999999999999e-05,0.0002999999999999999,99999.99999999999,1.5084224326933265e-05,-0.01233928936184172,-0.01263928936184172,-0.01263928936184172,-0.012654373586168654,-122.3928936184172,0.9999999999999999,2.999999999999999,0.15084224326933265,-126.54373586168654,True,False
2020-06-15,4305821.9287399,249999999.99999997,124999999.99999997,124999999.99999999,3569.0460352491073,98,98,196,31,0.15816326530612246,0.05000000000000001,0.9999999999999999,0.9999999999999999,0.9999999999999999,1.9999999999999998,0.0172232877149596,0.00039999999999999996,9.999999999999999e-05,0.0002999999999999999,99999.99999999999,1.4276184140996429e-05,0.0171232877149596,0.016823287714959598,0.016823287714959598,0.0168090115308186,172.232877149596,0.9999999999999999,2.999999999999999,0.14276184140996429,168.090115308186,True,False
2020-06-16,-916262.1179428528,250000000.0,125000000.00000001,125000000.0,4264.00014385949,98,98,196,45,0.22959183673469388,0.05000000000000001,1.0,1.0,1.0,2.0,-0.003665048471771411,0.0004,0.0001,0.0003,100000.0,1.705600057543796e-05,-0.003765048471771411,-0.004065048471771411,-0.004065048471771411,-0.004082104472346849,-36.650484717714114,1.0,2.9999999999999996,0.1705600057543796,-40.82104472346849,True,False
2020-06-17,-1212088.8847870298,250000000.0,125000000.0,125000000.0,2855.865498238942,98,98,196,27,0.1377551020408163,0.05000000000000001,1.0,1.0,1.0,2.0,-0.004848355539148119,0.0004,0.0001,0.0003,100000.0,1.1423461992955768e-05,-0.004948355539148119,-0.005248355539148119,-0.005248355539148119,-0.005259779001141075,-48.48355539148119,1.0,2.9999999999999996,0.11423461992955769,-52.59779001141075,True,False
2020-06-18,1493173.8405302246,250000000.0,125000000.00000001,124999999.99999999,3850.814117745857,98,98,196,21,0.10714285714285714,0.049999999999999996,1.0,1.0,1.0,2.0,0.0059726953621208985,0.0004,0.0001,0.0003,100000.0,1.540325647098343e-05,0.005872695362120898,0.005572695362120898,0.005572695362120898,0.005557292105649915,59.726953621208985,1.0,2.9999999999999996,0.15403256470983429,55.572921056499155,True,False
2020-06-19,-38802.37298582548,250000000.0,125000000.0,124999999.99999999,4178.090499464374,98,98,196,41,0.20918367346938777,0.05,1.0,1.0,1.0,2.0,-0.00015520949194330192,0.0004,0.0001,0.0003,100000.0,1.6712361997857497e-05,-0.0002552094919433019,-0.0005552094919433019,-0.0005552094919433019,-0.0005719218539411594,-1.5520949194330191,1.0,2.9999999999999996,0.16712361997857497,-5.719218539411594,True,False
2020-06-22,842070.2376949955,250000000.00000003,125000000.0,125000000.0,3577.78914018067,98,98,196,21,0.10714285714285714,0.05000000000000001,1.0000000000000002,1.0000000000000002,1.0000000000000002,2.0000000000000004,0.003368280950779982,0.00040000000000000013,0.00010000000000000003,0.00030000000000000003,100000.00000000003,1.431115656072268e-05,0.0032682809507799822,0.0029682809507799823,0.0029682809507799823,0.0029539697942192597,33.68280950779982,1.0000000000000002,3.0000000000000004,0.1431115656072268,29.539697942192596,True,False
2020-06-23,-1107617.804454803,250000000.0,124999999.99999997,125000000.0,3485.0938633421847,98,98,196,31,0.15816326530612246,0.05000000000000001,1.0,1.0,1.0,2.0,-0.004430471217819212,0.0004,0.0001,0.0003,100000.0,1.3940375453368738e-05,-0.004530471217819213,-0.0048304712178192126,-0.0048304712178192126,-0.004844411593272581,-44.304712178192126,1.0,2.9999999999999996,0.1394037545336874,-48.44411593272581,True,False
2020-06-24,-1075157.5374533068,250000000.0,125000000.0,124999999.99999999,3381.5332270402246,98,98,196,34,0.17346938775510204,0.05,1.0,1.0,1.0,2.0,-0.0043006301498132275,0.0004,0.0001,0.0003,100000.0,1.3526132908160898e-05,-0.004400630149813228,-0.004700630149813228,-0.004700630149813228,-0.0047141562827213886,-43.006301498132274,1.0,2.9999999999999996,0.13526132908160898,-47.14156282721389,True,False
2020-06-25,-822314.0115828438,249999999.99999994,124999999.99999997,124999999.99999994,3836.4642437222,98,98,196,22,0.11224489795918367,0.05,0.9999999999999998,0.9999999999999998,0.9999999999999998,1.9999999999999996,-0.0032892560463313753,0.0003999999999999999,9.999999999999998e-05,0.0002999999999999999,99999.99999999997,1.53458569748888e-05,-0.003389256046331375,-0.003689256046331375,-0.003689256046331375,-0.003704601903306264,-32.89256046331376,0.9999999999999998,2.999999999999999,0.153458569748888,-37.04601903306264,True,False
2020-06-26,255211.05165525238,250000000.0,125000000.0,125000000.00000001,3808.6262480907053,98,98,196,38,0.19387755102040816,0.05,1.0,1.0,1.0,2.0,0.0010208442066210095,0.0004,0.0001,0.0003,100000.0,1.523450499236282e-05,0.0009208442066210095,0.0006208442066210095,0.0006208442066210095,0.0006056097016286467,10.208442066210095,1.0,2.9999999999999996,0.1523450499236282,6.056097016286467,True,False
2020-06-29,-937831.2435160863,250000000.0,125000000.00000001,125000000.00000003,3745.6127796541805,98,98,196,24,0.12244897959183673,0.05,1.0,1.0,1.0,2.0,-0.003751324974064345,0.0004,0.0001,0.0003,100000.0,1.4982451118616722e-05,-0.003851324974064345,-0.004151324974064345,-0.004151324974064345,-0.004166307425182962,-37.51324974064345,1.0,2.9999999999999996,0.14982451118616721,-41.66307425182962,True,False
2020-06-30,354069.2280782057,250000000.00000003,125000000.0,125000000.00000001,4513.385635580976,98,98,196,42,0.21428571428571427,0.05,1.0000000000000002,1.0000000000000002,1.0000000000000002,2.0000000000000004,0.001416276912312823,0.00040000000000000013,0.00010000000000000003,0.00030000000000000003,100000.00000000003,1.8053542542323904e-05,0.0013162769123128228,0.001016276912312823,0.001016276912312823,0.000998223369770499,14.162769123128228,1.0000000000000002,3.0000000000000004,0.18053542542323905,9.982233697704991,True,False
2020-07-01,1695188.08226212,249999999.99999997,125000000.0,125000000.0,2889.2987014767596,98,98,196,38,0.19387755102040816,0.05000000000000001,0.9999999999999999,0.9999999999999999,0.9999999999999999,1.9999999999999998,0.00678075232904848,0.00039999999999999996,9.999999999999999e-05,0.0002999999999999999,99999.99999999999,1.1557194805907038e-05,0.006680752329048479,0.006380752329048479,0.006380752329048479,0.006369195134242572,67.8075232904848,0.9999999999999999,2.999999999999999,0.11557194805907038,63.691951342425725,True,False
2020-07-02,1712801.111826132,250000000.0,125000000.0,125000000.0,3803.762700079543,99,99,198,23,0.11616161616161616,0.05000000000000001,1.0,1.0,1.0,2.0,0.006851204447304528,0.0004,0.0001,0.0003,100000.0,1.5215050800318171e-05,0.006751204447304528,0.006451204447304528,0.006451204447304528,0.00643598939650421,68.51204447304528,1.0,2.9999999999999996,0.15215050800318172,64.3598939650421,True,False
2020-07-06,-1306857.9161785266,249999999.99999994,124999999.99999996,124999999.99999997,3840.6567969131384,99,99,198,23,0.11616161616161616,0.04999999999999999,0.9999999999999998,0.9999999999999998,0.9999999999999998,1.9999999999999996,-0.005227431664714106,0.0003999999999999999,9.999999999999998e-05,0.0002999999999999999,99999.99999999997,1.5362627187652555e-05,-0.005327431664714106,-0.005627431664714106,-0.005627431664714106,-0.005642794291901758,-52.27431664714106,0.9999999999999998,2.999999999999999,0.15362627187652556,-56.42794291901758,True,False
2020-07-07,-467362.5965352699,250000000.00000003,125000000.0,125000000.00000001,4314.997987858644,98,98,196,29,0.14795918367346939,0.05000000000000001,1.0000000000000002,1.0000000000000002,1.0000000000000002,2.0000000000000004,-0.0018694503861410798,0.00040000000000000013,0.00010000000000000003,0.00030000000000000003,100000.00000000003,1.7259991951434575e-05,-0.00196945038614108,-0.0022694503861410797,-0.0022694503861410797,-0.0022867103780925143,-18.694503861410798,1.0000000000000002,3.0000000000000004,0.17259991951434575,-22.86710378092514,True,False
2020-07-08,-273250.9844225931,250000000.0,125000000.00000001,125000000.0,3842.096565433895,99,99,198,21,0.10606060606060606,0.05000000000000001,1.0,1.0,1.0,2.0,-0.0010930039376903723,0.0004,0.0001,0.0003,100000.0,1.536838626173558e-05,-0.0011930039376903724,-0.0014930039376903723,-0.0014930039376903723,-0.001508372323952108,-10.930039376903723,1.0,2.9999999999999996,0.1536838626173558,-15.08372323952108,True,False
2020-07-09,-440720.9392363649,250000000.0,124999999.99999999,125000000.0,3923.455515808428,99,99,198,36,0.18181818181818182,0.049999999999999996,1.0,1.0,1.0,2.0,-0.0017628837569454597,0.0004,0.0001,0.0003,100000.0,1.5693822063233712e-05,-0.0018628837569454597,-0.00216288375694546,-0.00216288375694546,-0.0021785775790086935,-17.628837569454596,1.0,2.9999999999999996,0.15693822063233712,-21.785775790086934,True,False
2020-07-10,852241.4572406687,249999999.99999994,124999999.99999994,125000000.0,3217.878279695537,98,98,196,17,0.08673469387755102,0.05000000000000001,0.9999999999999998,0.9999999999999998,0.9999999999999998,1.9999999999999996,0.003408965828962675,0.0003999999999999999,9.999999999999998e-05,0.0002999999999999999,99999.99999999997,1.2871513118782148e-05,0.003308965828962675,0.003008965828962675,0.003008965828962675,0.002996094315843893,34.08965828962675,0.9999999999999998,2.999999999999999,0.1287151311878215,29.96094315843893,True,False
2020-07-13,-417901.3093813676,249999999.99999997,125000000.0,125000000.0,4367.108042580949,98,98,196,40,0.20408163265306123,0.05000000000000001,0.9999999999999999,0.9999999999999999,0.9999999999999999,1.9999999999999998,-0.0016716052375254703,0.00039999999999999996,9.999999999999999e-05,0.0002999999999999999,99999.99999999999,1.7468432170323795e-05,-0.0017716052375254703,-0.0020716052375254704,-0.0020716052375254704,-0.0020890736696957944,-16.7160523752547,0.9999999999999999,2.999999999999999,0.17468432170323794,-20.890736696957944,True,False
2020-07-14,2201829.6404301533,250000000.0,125000000.0,125000000.00000001,3475.7653554957797,97,97,194,26,0.13402061855670103,0.05000000000000001,1.0,1.0,1.0,2.0,0.008807318561720614,0.0004,0.0001,0.0003,100000.0,1.390306142198312e-05,0.008707318561720615,0.008407318561720615,0.008407318561720615,0.008393415500298632,88.07318561720614,1.0,2.9999999999999996,0.1390306142198312,83.93415500298632,True,False
2020-07-15,-1771929.1419807272,249999999.99999997,124999999.99999999,124999999.99999999,4534.84513500285,97,97,194,31,0.15979381443298968,0.049999999999999996,0.9999999999999999,0.9999999999999999,0.9999999999999999,1.9999999999999998,-0.007087716567922909,0.00039999999999999996,9.999999999999999e-05,0.0002999999999999999,99999.99999999999,1.8139380540011398e-05,-0.0071877165679229095,-0.007487716567922909,-0.007487716567922909,-0.007505855948462921,-70.8771656792291,0.9999999999999999,2.999999999999999,0.181393805400114,-75.05855948462921,True,False
2020-07-16,-140046.73655029022,250000000.0,124999999.99999996,125000000.00000001,4214.804488923215,97,97,194,30,0.15463917525773196,0.05000000000000001,1.0,1.0,1.0,2.0,-0.0005601869462011609,0.0004,0.0001,0.0003,100000.0,1.685921795569286e-05,-0.0006601869462011609,-0.0009601869462011609,-0.0009601869462011609,-0.0009770461641568538,-5.601869462011609,1.0,2.9999999999999996,0.1685921795569286,-9.770461641568538,True,False
2020-07-17,-188106.2066724388,249999999.9999999,124999999.99999996,124999999.99999994,4664.488868213887,96,96,192,25,0.13020833333333334,0.05000000000000001,0.9999999999999997,0.9999999999999997,0.9999999999999997,1.9999999999999993,-0.0007524248266897552,0.0003999999999999999,9.999999999999998e-05,0.00029999999999999987,99999.99999999997,1.865795547285555e-05,-0.0008524248266897551,-0.001152424826689755,-0.001152424826689755,-0.0011710827821626107,-7.524248266897552,0.9999999999999998,2.9999999999999987,0.1865795547285555,-11.710827821626106,True,False
2020-07-20,688818.2889219341,249999999.99999997,124999999.99999997,124999999.99999996,3429.7127973914608,94,94,188,39,0.2074468085106383,0.05,0.9999999999999999,0.9999999999999999,0.9999999999999999,1.9999999999999998,0.0027552731556877365,0.00039999999999999996,9.999999999999999e-05,0.0002999999999999999,99999.99999999999,1.3718851189565842e-05,0.0026552731556877367,0.0023552731556877367,0.0023552731556877367,0.002341554304498171,27.552731556877365,0.9999999999999999,2.999999999999999,0.13718851189565842,23.41554304498171,True,False
2020-07-21,-1413326.1690251944,249999999.99999997,124999999.99999999,125000000.00000001,3392.358809989615,89,89,178,39,0.21910112359550563,0.05000000000000001,0.9999999999999999,0.9999999999999999,0.9999999999999999,1.9999999999999998,-0.005653304676100777,0.00039999999999999996,9.999999999999999e-05,0.0002999999999999999,99999.99999999999,1.356943523995846e-05,-0.005753304676100778,-0.006053304676100778,-0.006053304676100778,-0.006066874111340736,-56.533046761007775,0.9999999999999999,2.999999999999999,0.1356943523995846,-60.66874111340736,True,False
2020-07-22,-281833.6340951087,250000000.0,124999999.99999996,125000000.00000001,3928.55774114819,88,88,176,47,0.26704545454545453,0.05000000000000001,1.0,1.0,1.0,2.0,-0.0011273345363804349,0.0004,0.0001,0.0003,100000.0,1.571423096459276e-05,-0.001227334536380435,-0.0015273345363804348,-0.0015273345363804348,-0.0015430487673450276,-11.27334536380435,1.0,2.9999999999999996,0.1571423096459276,-15.430487673450276,True,False
2020-07-23,-926335.1920115072,250000000.0,125000000.0,124999999.99999999,2973.4233591520747,91,91,182,49,0.2692307692307692,0.05000000000000001,1.0,1.0,1.0,2.0,-0.003705340768046029,0.0004,0.0001,0.0003,100000.0,1.1893693436608298e-05,-0.0038053407680460286,-0.0041053407680460285,-0.0041053407680460285,-0.004117234461482637,-37.05340768046029,1.0,2.9999999999999996,0.11893693436608298,-41.172344614826365,True,False
2020-07-24,413411.20148161304,249999999.99999994,124999999.99999996,124999999.99999999,4887.654180695632,91,91,182,53,0.29120879120879123,0.05000000000000001,0.9999999999999998,0.9999999999999998,0.9999999999999998,1.9999999999999996,0.0016536448059264522,0.0003999999999999999,9.999999999999998e-05,0.0002999999999999999,99999.99999999997,1.9550616722782527e-05,0.0015536448059264522,0.0012536448059264522,0.0012536448059264522,0.0012340941892036697,16.536448059264522,0.9999999999999998,2.999999999999999,0.19550616722782527,12.340941892036698,True,False
2020-07-27,-196769.76849317245,249999999.9999999,124999999.99999996,124999999.99999993,3922.7882590670256,86,86,172,27,0.1569767441860465,0.05,0.9999999999999997,0.9999999999999997,0.9999999999999997,1.9999999999999993,-0.0007870790739726898,0.0003999999999999999,9.999999999999998e-05,0.00029999999999999987,99999.99999999997,1.5691153036268102e-05,-0.0008870790739726898,-0.0011870790739726897,-0.0011870790739726897,-0.0012027702270089578,-7.870790739726898,0.9999999999999998,2.9999999999999987,0.15691153036268102,-12.027702270089577,True,False
2020-07-28,205213.1761867777,249999999.99999997,124999999.99999999,125000000.0,5627.4503751275015,78,78,156,56,0.358974358974359,0.05000000000000001,0.9999999999999999,0.9999999999999999,0.9999999999999999,1.9999999999999998,0.0008208527047471109,0.00039999999999999996,9.999999999999999e-05,0.0002999999999999999,99999.99999999999,2.2509801500510005e-05,0.0007208527047471108,0.0004208527047471109,0.0004208527047471109,0.00039834290324660093,8.208527047471108,0.9999999999999999,2.999999999999999,0.22509801500510004,3.983429032466009,True,False
2020-07-29,-400736.30518646876,250000000.0,124999999.99999999,125000000.0,4128.127972276566,75,75,150,54,0.36,0.05000000000000001,1.0,1.0,1.0,2.0,-0.001602945220745875,0.0004,0.0001,0.0003,100000.0,1.6512511889106265e-05,-0.0017029452207458751,-0.002002945220745875,-0.002002945220745875,-0.0020194577326349814,-16.02945220745875,1.0,2.9999999999999996,0.16512511889106266,-20.194577326349815,True,False
2020-07-30,155211.96554204606,249999999.99999997,125000000.0,125000000.00000001,3468.8038877266436,82,82,164,57,0.3475609756097561,0.05000000000000001,0.9999999999999999,0.9999999999999999,0.9999999999999999,1.9999999999999998,0.0006208478621681843,0.00039999999999999996,9.999999999999999e-05,0.0002999999999999999,99999.99999999999,1.3875215550906575e-05,0.0005208478621681843,0.00022084786216818443,0.00022084786216818443,0.00020697264661727785,6.208478621681843,0.9999999999999999,2.999999999999999,0.13875215550906575,2.0697264661727783,True,False
2020-07-31,-699783.3278200652,250000000.0,125000000.00000001,125000000.00000001,4291.95553895873,83,83,166,49,0.29518072289156627,0.05000000000000001,1.0,1.0,1.0,2.0,-0.0027991333112802608,0.0004,0.0001,0.0003,100000.0,1.716782215583492e-05,-0.0028991333112802606,-0.0031991333112802605,-0.0031991333112802605,-0.0032163011334360955,-27.991333112802607,1.0,2.9999999999999996,0.17167822155834922,-32.16301133436095,True,False
2020-08-03,-114700.5086598562,249999999.9999999,124999999.99999996,124999999.99999994,4376.217426427615,85,85,170,40,0.23529411764705882,0.05,0.9999999999999997,0.9999999999999997,0.9999999999999997,1.9999999999999993,-0.0004588020346394248,0.0003999999999999999,9.999999999999998e-05,0.00029999999999999987,99999.99999999997,1.7504869705710458e-05,-0.0005588020346394247,-0.0008588020346394247,-0.0008588020346394247,-0.0008763069043451351,-4.588020346394248,0.9999999999999998,2.9999999999999987,0.17504869705710457,-8.76306904345135,True,False
2020-08-04,897996.9272978457,249999999.99999997,125000000.00000003,124999999.99999999,5168.8343375809945,78,78,156,45,0.28846153846153844,0.049999999999999996,0.9999999999999999,0.9999999999999999,0.9999999999999999,1.9999999999999998,0.0035919877091913827,0.00039999999999999996,9.999999999999999e-05,0.0002999999999999999,99999.99999999999,2.0675337350323977e-05,0.003491987709191383,0.003191987709191383,0.003191987709191383,0.003171312371841059,35.919877091913825,0.9999999999999999,2.999999999999999,0.20675337350323977,31.713123718410593,True,False
2020-08-05,346651.2717097655,249999999.99999997,124999999.99999997,124999999.99999999,6152.455651188214,80,80,160,50,0.3125,0.05000000000000001,0.9999999999999999,0.9999999999999999,0.9999999999999999,1.9999999999999998,0.001386605086839062,0.00039999999999999996,9.999999999999999e-05,0.0002999999999999999,99999.99999999999,2.4609822604752854e-05,0.001286605086839062,0.000986605086839062,0.000986605086839062,0.0009619952642343091,13.86605086839062,0.9999999999999999,2.999999999999999,0.24609822604752854,9.619952642343092,True,False
2020-08-06,-189927.28660346367,249999999.99999997,124999999.99999997,124999999.99999999,3682.2927042695055,86,86,172,46,0.26744186046511625,0.05000000000000001,0.9999999999999999,0.9999999999999999,0.9999999999999999,1.9999999999999998,-0.0007597091464138547,0.00039999999999999996,9.999999999999999e-05,0.0002999999999999999,99999.99999999999,1.4729170817078023e-05,-0.0008597091464138547,-0.0011597091464138547,-0.0011597091464138547,-0.0011744383172309326,-7.597091464138547,0.9999999999999999,2.999999999999999,0.14729170817078022,-11.744383172309325,True,False
2020-08-07,787323.2474031083,249999999.99999997,124999999.99999999,124999999.99999997,4540.4928917030265,92,92,184,38,0.20652173913043478,0.049999999999999996,0.9999999999999999,0.9999999999999999,0.9999999999999999,1.9999999999999998,0.003149292989612433,0.00039999999999999996,9.999999999999999e-05,0.0002999999999999999,99999.99999999999,1.8161971566812108e-05,0.003049292989612433,0.002749292989612433,0.002749292989612433,0.002731131018045621,31.49292989612433,0.9999999999999999,2.999999999999999,0.18161971566812107,27.31131018045621,True,False
2020-08-10,-764128.8089945916,250000000.0,125000000.00000001,125000000.0,4872.770052522514,97,97,194,60,0.30927835051546393,0.049999999999999996,1.0,1.0,1.0,2.0,-0.0030565152359783663,0.0004,0.0001,0.0003,100000.0,1.9491080210090055e-05,-0.003156515235978366,-0.003456515235978366,-0.003456515235978366,-0.0034760063161884563,-30.565152359783664,1.0,2.9999999999999996,0.19491080210090056,-34.76006316188456,True,False
2020-08-11,117234.72983256701,250000000.0,125000000.0,124999999.99999999,4585.1055000261495,97,97,194,41,0.211340206185567,0.05,1.0,1.0,1.0,2.0,0.00046893891933026807,0.0004,0.0001,0.0003,100000.0,1.8340422000104597e-05,0.0003689389193302681,6.89389193302681e-05,6.89389193302681e-05,5.059849733016351e-05,4.689389193302681,1.0,2.9999999999999996,0.18340422000104598,0.505984973301635,True,False
2020-08-12,98565.27579897568,250000000.00000003,125000000.0,125000000.0,4458.989195231052,98,98,196,46,0.23469387755102042,0.05,1.0000000000000002,1.0000000000000002,1.0000000000000002,2.0000000000000004,0.0003942611031959027,0.00040000000000000013,0.00010000000000000003,0.00030000000000000003,100000.00000000003,1.7835956780924207e-05,0.00029426110319590265,-5.738896804097378e-06,-5.738896804097378e-06,-2.3574853585021586e-05,3.942611031959027,1.0000000000000002,3.0000000000000004,0.1783595678092421,-0.23574853585021585,True,False
2020-08-13,-487394.3650169844,250000000.00000003,125000000.00000001,125000000.00000003,4451.156073410911,99,99,198,35,0.17676767676767677,0.05000000000000001,1.0000000000000002,1.0000000000000002,1.0000000000000002,2.0000000000000004,-0.0019495774600679376,0.00040000000000000013,0.00010000000000000003,0.00030000000000000003,100000.00000000003,1.7804624293643644e-05,-0.0020495774600679376,-0.0023495774600679376,-0.0023495774600679376,-0.0023673820843615814,-19.495774600679376,1.0000000000000002,3.0000000000000004,0.17804624293643645,-23.673820843615815,True,False
2020-08-14,101385.41841121764,250000000.0,125000000.00000001,125000000.0,4318.553558878175,98,98,196,30,0.15306122448979592,0.05000000000000001,1.0,1.0,1.0,2.0,0.00040554167364487056,0.0004,0.0001,0.0003,100000.0,1.72742142355127e-05,0.00030554167364487057,5.541673644870592e-06,5.541673644870592e-06,-1.1732540590642108e-05,4.055416736448706,1.0,2.9999999999999996,0.172742142355127,-0.11732540590642107,True,False
2020-08-17,525874.4073444707,250000000.00000003,124999999.99999999,125000000.00000001,4936.570189679073,98,98,196,44,0.22448979591836735,0.05,1.0000000000000002,1.0000000000000002,1.0000000000000002,2.0000000000000004,0.002103497629377883,0.00040000000000000013,0.00010000000000000003,0.00030000000000000003,100000.00000000003,1.9746280758716294e-05,0.002003497629377883,0.0017034976293778831,0.0017034976293778831,0.0016837513486191668,21.03497629377883,1.0000000000000002,3.0000000000000004,0.19746280758716295,16.837513486191668,True,False
2020-08-18,66801.486455758,250000000.0,125000000.0,124999999.99999999,3980.3866444952564,97,97,194,34,0.17525773195876287,0.05,1.0,1.0,1.0,2.0,0.000267205945823032,0.0004,0.0001,0.0003,100000.0,1.5921546577981025e-05,0.000167205945823032,-0.00013279405417696797,-0.00013279405417696797,-0.000148715600754949,2.67205945823032,1.0,2.9999999999999996,0.15921546577981024,-1.4871560075494898,True,False
2020-08-19,-457596.1717194461,249999999.99999994,124999999.99999994,124999999.99999999,4343.505009225546,97,97,194,34,0.17525773195876287,0.049999999999999996,0.9999999999999998,0.9999999999999998,0.9999999999999998,1.9999999999999996,-0.0018303846868777843,0.0003999999999999999,9.999999999999998e-05,0.0002999999999999999,99999.99999999997,1.7374020036902184e-05,-0.0019303846868777843,-0.002230384686877784,-0.002230384686877784,-0.0022477587069146864,-18.303846868777843,0.9999999999999998,2.999999999999999,0.17374020036902185,-22.477587069146864,True,False
2020-08-20,-292427.23661545163,249999999.99999997,125000000.0,124999999.99999999,4568.914992713331,98,98,196,46,0.23469387755102042,0.049999999999999996,0.9999999999999999,0.9999999999999999,0.9999999999999999,1.9999999999999998,-0.0011697089464618065,0.00039999999999999996,9.999999999999999e-05,0.0002999999999999999,99999.99999999999,1.8275659970853324e-05,-0.0012697089464618065,-0.0015697089464618065,-0.0015697089464618065,-0.0015879846064326597,-11.697089464618065,0.9999999999999999,2.999999999999999,0.18275659970853325,-15.879846064326596,True,False
2020-08-21,692160.061837301,249999999.99999997,124999999.99999996,124999999.99999999,4307.212814872411,98,98,196,36,0.1836734693877551,0.049999999999999996,0.9999999999999999,0.9999999999999999,0.9999999999999999,1.9999999999999998,0.002768640247349204,0.00039999999999999996,9.999999999999999e-05,0.0002999999999999999,99999.99999999999,1.7228851259489644e-05,0.0026686402473492044,0.0023686402473492045,0.0023686402473492045,0.0023514113960897147,27.68640247349204,0.9999999999999999,2.999999999999999,0.17228851259489644,23.51411396089715,True,False
2020-08-24,65976.69436310229,250000000.0,125000000.00000001,125000000.0,3352.395190123993,98,98,196,52,0.2653061224489796,0.05000000000000001,1.0,1.0,1.0,2.0,0.00026390677745240915,0.0004,0.0001,0.0003,100000.0,1.3409580760495972e-05,0.00016390677745240916,-0.00013609322254759082,-0.00013609322254759082,-0.00014950280330808678,2.6390677745240914,1.0,2.9999999999999996,0.1340958076049597,-1.4950280330808678,True,False
2020-08-25,384798.70981106063,250000000.0,124999999.99999996,125000000.0,3279.184029340272,97,97,194,54,0.27835051546391754,0.05000000000000001,1.0,1.0,1.0,2.0,0.0015391948392442425,0.0004,0.0001,0.0003,100000.0,1.3116736117361088e-05,0.0014391948392442424,0.0011391948392442425,0.0011391948392442425,0.0011260781031268814,15.391948392442425,1.0,2.9999999999999996,0.13116736117361089,11.260781031268813,True,False
2020-08-26,432545.7885397801,250000000.00000003,125000000.0,125000000.00000001,5072.369461140403,97,97,194,34,0.17525773195876287,0.05000000000000001,1.0000000000000002,1.0000000000000002,1.0000000000000002,2.0000000000000004,0.0017301831541591203,0.00040000000000000013,0.00010000000000000003,0.00030000000000000003,100000.00000000003,2.028947784456161e-05,0.0016301831541591203,0.0013301831541591203,0.0013301831541591203,0.0013098936763145587,17.301831541591202,1.0000000000000002,3.0000000000000004,0.2028947784456161,13.098936763145588,True,False
2020-08-27,550317.2940024605,249999999.99999997,124999999.99999994,125000000.00000001,5025.2044060882945,98,98,196,40,0.20408163265306123,0.05000000000000001,0.9999999999999999,0.9999999999999999,0.9999999999999999,1.9999999999999998,0.002201269176009842,0.00039999999999999996,9.999999999999999e-05,0.0002999999999999999,99999.99999999999,2.0100817624353178e-05,0.0021012691760098423,0.0018012691760098424,0.0018012691760098424,0.0017811683583854893,22.01269176009842,0.9999999999999999,2.999999999999999,0.2010081762435318,17.811683583854894,True,False
2020-08-28,241013.96001557904,249999999.99999994,124999999.99999996,124999999.99999999,3691.2237016466097,98,98,196,45,0.22959183673469388,0.05000000000000001,0.9999999999999998,0.9999999999999998,0.9999999999999998,1.9999999999999996,0.0009640558400623162,0.0003999999999999999,9.999999999999998e-05,0.0002999999999999999,99999.99999999997,1.4764894806586438e-05,0.0008640558400623162,0.0005640558400623163,0.0005640558400623163,0.0005492909452557298,9.640558400623162,0.9999999999999998,2.999999999999999,0.14764894806586437,5.492909452557298,True,False
2020-08-31,193334.38291057877,250000000.00000003,125000000.00000001,125000000.00000001,3691.2783893980027,99,99,198,41,0.20707070707070707,0.05000000000000001,1.0000000000000002,1.0000000000000002,1.0000000000000002,2.0000000000000004,0.000773337531642315,0.00040000000000000013,0.00010000000000000003,0.00030000000000000003,100000.00000000003,1.476511355759201e-05,0.000673337531642315,0.000373337531642315,0.000373337531642315,0.00035857241808472296,7.7333753164231505,1.0000000000000002,3.0000000000000004,0.1476511355759201,3.5857241808472295,True,False
2020-09-01,293118.5226497155,250000000.0,125000000.00000003,124999999.99999999,4320.362449596756,98,98,196,30,0.15306122448979592,0.049999999999999996,1.0,1.0,1.0,2.0,0.001172474090598862,0.0004,0.0001,0.0003,100000.0,1.7281449798387023e-05,0.0010724740905988619,0.000772474090598862,0.000772474090598862,0.000755192640800475,11.72474090598862,1.0,2.9999999999999996,0.17281449798387022,7.55192640800475,True,False
2020-09-02,-525899.3197130915,250000000.0,125000000.0,125000000.0,4750.660536904694,98,98,196,49,0.25,0.05,1.0,1.0,1.0,2.0,-0.0021035972788523657,0.0004,0.0001,0.0003,100000.0,1.9002642147618776e-05,-0.0022035972788523655,-0.0025035972788523654,-0.0025035972788523654,-0.002522599920999984,-21.035972788523658,1.0,2.9999999999999996,0.19002642147618776,-25.22599920999984,True,False
2020-09-03,-234660.09907607836,250000000.0,125000000.0,125000000.0,4061.1241169651407,98,98,196,37,0.18877551020408162,0.05000000000000001,1.0,1.0,1.0,2.0,-0.0009386403963043134,0.0004,0.0001,0.0003,100000.0,1.6244496467860562e-05,-0.0010386403963043133,-0.0013386403963043132,-0.0013386403963043132,-0.0013548848927721739,-9.386403963043135,1.0,2.9999999999999996,0.1624449646786056,-13.548848927721739,True,False
2020-09-04,-2691232.261221939,249999999.99999997,124999999.99999997,124999999.99999999,5341.007666910103,99,99,198,56,0.2828282828282828,0.049999999999999996,0.9999999999999999,0.9999999999999999,0.9999999999999999,1.9999999999999998,-0.010764929044887756,0.00039999999999999996,9.999999999999999e-05,0.0002999999999999999,99999.99999999999,2.136403066764041e-05,-0.010864929044887756,-0.011164929044887755,-0.011164929044887755,-0.011186293075555395,-107.64929044887757,0.9999999999999999,2.999999999999999,0.2136403066764041,-111.86293075555395,True,False
2020-09-08,941121.8459991321,249999999.99999997,124999999.99999994,125000000.00000001,5091.379321372301,99,99,198,46,0.23232323232323232,0.049999999999999996,0.9999999999999999,0.9999999999999999,0.9999999999999999,1.9999999999999998,0.0037644873839965285,0.00039999999999999996,9.999999999999999e-05,0.0002999999999999999,99999.99999999999,2.0365517285489206e-05,0.0036644873839965287,0.003364487383996529,0.003364487383996529,0.0033441218667110396,37.644873839965285,0.9999999999999999,2.999999999999999,0.20365517285489207,33.4412186671104,True,False
2020-09-09,639475.369454171,249999999.99999997,124999999.99999997,125000000.0,5633.155806246405,98,98,196,40,0.20408163265306123,0.04999999999999999,0.9999999999999999,0.9999999999999999,0.9999999999999999,1.9999999999999998,0.0025579014778166842,0.00039999999999999996,9.999999999999999e-05,0.0002999999999999999,99999.99999999999,2.253262322498562e-05,0.0024579014778166844,0.0021579014778166845,0.0021579014778166845,0.002135368854591699,25.579014778166844,0.9999999999999999,2.999999999999999,0.2253262322498562,21.353688545916988,True,False
2020-09-10,335125.40408915083,250000000.0,124999999.99999996,125000000.0,5066.048019205357,99,99,198,45,0.22727272727272727,0.049999999999999996,1.0,1.0,1.0,2.0,0.0013405016163566034,0.0004,0.0001,0.0003,100000.0,2.026419207682143e-05,0.0012405016163566033,0.0009405016163566034,0.0009405016163566034,0.000920237424279782,13.405016163566033,1.0,2.9999999999999996,0.2026419207682143,9.20237424279782,True,False
2020-09-11,753227.255368872,249999999.99999997,124999999.99999996,125000000.0,4395.38652165455,99,99,198,45,0.22727272727272727,0.05000000000000001,0.9999999999999999,0.9999999999999999,0.9999999999999999,1.9999999999999998,0.003012909021475488,0.00039999999999999996,9.999999999999999e-05,0.0002999999999999999,99999.99999999999,1.75815460866182e-05,0.002912909021475488,0.002612909021475488,0.002612909021475488,0.00259532747538887,30.12909021475488,0.9999999999999999,2.999999999999999,0.175815460866182,25.9532747538887,True,False
2020-09-14,905148.7221035487,250000000.00000003,125000000.0,125000000.0,4177.965189965344,99,99,198,39,0.19696969696969696,0.05000000000000001,1.0000000000000002,1.0000000000000002,1.0000000000000002,2.0000000000000004,0.0036205948884141946,0.00040000000000000013,0.00010000000000000003,0.00030000000000000003,100000.00000000003,1.6711860759861374e-05,0.003520594888414195,0.003220594888414195,0.003220594888414195,0.0032038830276543335,36.20594888414195,1.0000000000000002,3.0000000000000004,0.16711860759861374,32.03883027654334,True,False
2020-09-15,-1158.5447525999916,250000000.00000003,124999999.99999999,125000000.00000001,4437.975640819066,99,99,198,49,0.2474747474747475,0.049999999999999996,1.0000000000000002,1.0000000000000002,1.0000000000000002,2.0000000000000004,-4.634179010399967e-06,0.00040000000000000013,0.00010000000000000003,0.00030000000000000003,100000.00000000003,1.7751902563276264e-05,-0.0001046341790104,-0.0004046341790104,-0.0004046341790104,-0.00042238608157367627,-0.04634179010399967,1.0000000000000002,3.0000000000000004,0.17751902563276264,-4.223860815736763,True,False
2020-09-16,-1333917.1433966737,249999999.99999994,124999999.99999994,124999999.99999997,4721.281022574418,99,99,198,42,0.21212121212121213,0.04999999999999999,0.9999999999999998,0.9999999999999998,0.9999999999999998,1.9999999999999996,-0.005335668573586695,0.0003999999999999999,9.999999999999998e-05,0.0002999999999999999,99999.99999999997,1.8885124090297672e-05,-0.005435668573586695,-0.005735668573586695,-0.005735668573586695,-0.0057545536976769925,-53.35668573586695,0.9999999999999998,2.999999999999999,0.18885124090297672,-57.545536976769924,True,False
2020-09-17,648322.0939915929,250000000.0,125000000.00000001,125000000.00000001,4680.538415341938,99,99,198,61,0.30808080808080807,0.05000000000000001,1.0,1.0,1.0,2.0,0.0025932883759663713,0.0004,0.0001,0.0003,100000.0,1.8722153661367753e-05,0.0024932883759663715,0.0021932883759663716,0.0021932883759663716,0.002174566222305004,25.932883759663714,1.0,2.9999999999999996,0.18722153661367755,21.74566222305004,True,False
2020-09-18,-624190.1741466102,250000000.0,125000000.0,125000000.0,4127.831785845727,99,99,198,59,0.29797979797979796,0.049999999999999996,1.0,1.0,1.0,2.0,-0.0024967606965864407,0.0004,0.0001,0.0003,100000.0,1.6511327143382908e-05,-0.0025967606965864405,-0.0028967606965864404,-0.0028967606965864404,-0.0029132720237298234,-24.967606965864405,1.0,2.9999999999999996,0.1651132714338291,-29.132720237298233,True,False
2020-09-21,935390.2217746128,250000000.0,125000000.00000001,124999999.99999999,5347.548946665649,99,99,198,34,0.1717171717171717,0.049999999999999996,1.0,1.0,1.0,2.0,0.0037415608870984512,0.0004,0.0001,0.0003,100000.0,2.1390195786662595e-05,0.0036415608870984514,0.0033415608870984515,0.0033415608870984515,0.003320170691311789,37.415608870984514,1.0,2.9999999999999996,0.21390195786662594,33.20170691311789,True,False
2020-09-22,476292.4225720046,249999999.99999994,124999999.99999997,124999999.99999999,4743.489042328611,98,98,196,32,0.16326530612244897,0.05000000000000001,0.9999999999999998,0.9999999999999998,0.9999999999999998,1.9999999999999996,0.0019051696902880183,0.0003999999999999999,9.999999999999998e-05,0.0002999999999999999,99999.99999999997,1.8973956169314444e-05,0.0018051696902880183,0.0015051696902880184,0.0015051696902880184,0.0014861957341187038,19.051696902880185,0.9999999999999998,2.999999999999999,0.18973956169314443,14.861957341187038,True,False
2020-09-23,-778681.6421146874,250000000.0,125000000.0,124999999.99999999,4981.6283314588845,98,98,196,35,0.17857142857142858,0.05,1.0,1.0,1.0,2.0,-0.0031147265684587496,0.0004,0.0001,0.0003,100000.0,1.992651332583554e-05,-0.0032147265684587495,-0.0035147265684587494,-0.0035147265684587494,-0.0035346530817845848,-31.147265684587495,1.0,2.9999999999999996,0.19926513325835538,-35.346530817845846,True,False
2020-09-24,500828.3072850996,249999999.99999997,124999999.99999999,124999999.99999999,4518.2324688030985,98,98,196,39,0.1989795918367347,0.05000000000000001,0.9999999999999999,0.9999999999999999,0.9999999999999999,1.9999999999999998,0.002003313229140398,0.00039999999999999996,9.999999999999999e-05,0.0002999999999999999,99999.99999999999,1.8072929875212395e-05,0.001903313229140398,0.0016033132291403982,0.0016033132291403982,0.0015852402992651857,20.03313229140398,0.9999999999999999,2.999999999999999,0.18072929875212396,15.852402992651857,True,False
2020-09-25,721270.999301781,250000000.00000003,125000000.0,125000000.0,3807.164896865379,99,99,198,46,0.23232323232323232,0.05,1.0000000000000002,1.0000000000000002,1.0000000000000002,2.0000000000000004,0.002885083997207124,0.00040000000000000013,0.00010000000000000003,0.00030000000000000003,100000.00000000003,1.5228659587461517e-05,0.002785083997207124,0.002485083997207124,0.002485083997207124,0.0024698553376196627,28.85083997207124,1.0000000000000002,3.0000000000000004,0.15228659587461515,24.698553376196628,True,False
2020-09-28,-237529.181628938,250000000.00000003,125000000.00000001,125000000.00000003,3070.5731136870895,99,99,198,34,0.1717171717171717,0.05,1.0000000000000002,1.0000000000000002,1.0000000000000002,2.0000000000000004,-0.000950116726515752,0.00040000000000000013,0.00010000000000000003,0.00030000000000000003,100000.00000000003,1.2282292454748358e-05,-0.001050116726515752,-0.0013501167265157522,-0.0013501167265157522,-0.0013623990189705005,-9.501167265157521,1.0000000000000002,3.0000000000000004,0.12282292454748357,-13.623990189705005,True,False
2020-09-29,-142715.3489195107,250000000.0,125000000.00000001,125000000.0,4017.4102936564545,99,99,198,60,0.30303030303030304,0.05000000000000001,1.0,1.0,1.0,2.0,-0.0005708613956780428,0.0004,0.0001,0.0003,100000.0,1.606964117462582e-05,-0.0006708613956780429,-0.0009708613956780428,-0.0009708613956780428,-0.0009869310368526686,-5.708613956780428,1.0,2.9999999999999996,0.16069641174625818,-9.869310368526687,True,False
2020-09-30,172047.1488565633,250000000.0,125000000.00000001,125000000.0,3863.8938909079957,99,99,198,31,0.15656565656565657,0.049999999999999996,1.0,1.0,1.0,2.0,0.0006881885954262532,0.0004,0.0001,0.0003,100000.0,1.5455575563631983e-05,0.0005881885954262531,0.00028818859542625316,0.00028818859542625316,0.0002727330198626212,6.881885954262532,1.0,2.9999999999999996,0.15455575563631982,2.727330198626212,True,False
2020-10-01,-1781408.3748878955,250000000.0,124999999.99999997,125000000.00000003,3192.249289453291,99,99,198,44,0.2222222222222222,0.05000000000000001,1.0,1.0,1.0,2.0,-0.0071256334995515825,0.0004,0.0001,0.0003,100000.0,1.2768997157813164e-05,-0.007225633499551583,-0.007525633499551583,-0.007525633499551583,-0.007538402496709396,-71.25633499551583,1.0,2.9999999999999996,0.12768997157813164,-75.38402496709396,True,False
2020-10-02,882220.127118697,250000000.0,124999999.99999999,124999999.99999997,4251.454363698697,99,99,198,46,0.23232323232323232,0.05,1.0,1.0,1.0,2.0,0.003528880508474788,0.0004,0.0001,0.0003,100000.0,1.700581745479479e-05,0.0034288805084747884,0.0031288805084747884,0.0031288805084747884,0.0031118746910199935,35.288805084747885,1.0,2.9999999999999996,0.17005817454794792,31.118746910199935,True,False
2020-10-05,-455149.3341860137,250000000.0,125000000.00000001,125000000.0,3543.5947155438134,99,99,198,54,0.2727272727272727,0.049999999999999996,1.0,1.0,1.0,2.0,-0.0018205973367440547,0.0004,0.0001,0.0003,100000.0,1.4174378862175254e-05,-0.0019205973367440547,-0.002220597336744055,-0.002220597336744055,-0.00223477171560623,-18.205973367440546,1.0,2.9999999999999996,0.14174378862175255,-22.347717156062302,True,False
2020-10-06,473499.7916635442,250000000.0,125000000.0,124999999.99999999,3529.8526422682166,98,98,196,50,0.25510204081632654,0.05,1.0,1.0,1.0,2.0,0.0018939991666541767,0.0004,0.0001,0.0003,100000.0,1.4119410569072866e-05,0.0017939991666541767,0.0014939991666541768,0.0014939991666541768,0.001479879756085104,18.93999166654177,1.0,2.9999999999999996,0.14119410569072866,14.798797560851039,True,False
2020-10-07,819001.4237779261,250000000.0,125000000.00000001,125000000.0,3631.0232498166188,99,99,198,43,0.21717171717171718,0.049999999999999996,1.0,1.0,1.0,2.0,0.0032760056951117045,0.0004,0.0001,0.0003,100000.0,1.4524092999266476e-05,0.0031760056951117047,0.002876005695111705,0.002876005695111705,0.0028614816021124384,32.76005695111704,1.0,2.9999999999999996,0.14524092999266475,28.614816021124383,True,False
2020-10-08,279738.8691258675,250000000.00000003,125000000.00000003,125000000.00000001,3980.450100048,99,99,198,36,0.18181818181818182,0.05000000000000001,1.0000000000000002,1.0000000000000002,1.0000000000000002,2.0000000000000004,0.00111895547650347,0.00040000000000000013,0.00010000000000000003,0.00030000000000000003,100000.00000000003,1.5921800400192e-05,0.00101895547650347,0.0007189554765034699,0.0007189554765034699,0.0007030336761032779,11.1895547650347,1.0000000000000002,3.0000000000000004,0.15921800400192,7.030336761032779,True,False
2020-10-09,265597.2902914595,250000000.0,124999999.99999996,125000000.00000001,3874.79812540914,99,99,198,36,0.18181818181818182,0.05,1.0,1.0,1.0,2.0,0.0010623891611658378,0.0004,0.0001,0.0003,100000.0,1.549919250163656e-05,0.0009623891611658377,0.0006623891611658378,0.0006623891611658378,0.0006468899686642013,10.623891611658378,1.0,2.9999999999999996,0.1549919250163656,6.468899686642012,True,False
2020-10-12,-784258.5993975035,249999999.99999994,124999999.99999996,124999999.99999997,4385.567223404245,98,98,196,32,0.16326530612244897,0.049999999999999996,0.9999999999999998,0.9999999999999998,0.9999999999999998,1.9999999999999996,-0.003137034397590014,0.0003999999999999999,9.999999999999998e-05,0.0002999999999999999,99999.99999999997,1.754226889361698e-05,-0.003237034397590014,-0.003537034397590014,-0.003537034397590014,-0.003554576666483631,-31.37034397590014,0.9999999999999998,2.999999999999999,0.1754226889361698,-35.545766664836314,True,False
2020-10-13,509554.48479473795,249999999.99999997,125000000.00000001,124999999.99999999,5322.811123995251,97,97,194,63,0.3247422680412371,0.05000000000000001,0.9999999999999999,0.9999999999999999,0.9999999999999999,1.9999999999999998,0.0020382179391789518,0.00039999999999999996,9.999999999999999e-05,0.0002999999999999999,99999.99999999999,2.1291244495981007e-05,0.0019382179391789517,0.0016382179391789518,0.0016382179391789518,0.0016169266946829707,20.382179391789517,0.9999999999999999,2.999999999999999,0.21291244495981007,16.16926694682971,True,False
2020-10-14,-697984.7780393556,250000000.0,124999999.99999999,125000000.0,4888.279637117195,97,97,194,39,0.20103092783505155,0.05000000000000001,1.0,1.0,1.0,2.0,-0.0027919391121574225,0.0004,0.0001,0.0003,100000.0,1.9553118548468782e-05,-0.0028919391121574223,-0.003191939112157422,-0.003191939112157422,-0.003211492230705891,-27.919391121574225,1.0,2.9999999999999996,0.19553118548468781,-32.11492230705891,True,False
2020-10-15,481064.96719152085,250000000.0,125000000.0,125000000.00000001,3600.31440955447,97,97,194,42,0.21649484536082475,0.05000000000000001,1.0,1.0,1.0,2.0,0.0019242598687660834,0.0004,0.0001,0.0003,100000.0,1.440125763821788e-05,0.0018242598687660833,0.0015242598687660834,0.0015242598687660834,0.0015098586111278655,19.242598687660834,1.0,2.9999999999999996,0.1440125763821788,15.098586111278655,True,False
2020-10-16,115038.76755104793,249999999.9999999,124999999.99999996,124999999.99999997,3999.528844039687,95,95,190,58,0.30526315789473685,0.05000000000000001,0.9999999999999997,0.9999999999999997,0.9999999999999997,1.9999999999999993,0.0004601550702041917,0.0003999999999999999,9.999999999999998e-05,0.00029999999999999987,99999.99999999997,1.599811537615875e-05,0.0003601550702041917,6.015507020419185e-05,6.015507020419185e-05,4.41569548280331e-05,4.601550702041917,0.9999999999999998,2.9999999999999987,0.1599811537615875,0.441569548280331,True,False
2020-10-19,144234.9862468184,249999999.99999997,125000000.00000001,124999999.99999999,4269.312284814566,93,93,186,51,0.27419354838709675,0.049999999999999996,0.9999999999999999,0.9999999999999999,0.9999999999999999,1.9999999999999998,0.0005769399449872735,0.00039999999999999996,9.999999999999999e-05,0.0002999999999999999,99999.99999999999,1.7077249139258265e-05,0.0004769399449872735,0.00017693994498727358,0.00017693994498727358,0.0001598626958480153,5.769399449872735,0.9999999999999999,2.999999999999999,0.17077249139258266,1.5986269584801531,True,False
2020-10-20,-277466.27666018583,249999999.99999994,124999999.99999997,124999999.99999997,5718.913768191698,87,87,174,45,0.25862068965517243,0.04999999999999999,0.9999999999999998,0.9999999999999998,0.9999999999999998,1.9999999999999996,-0.0011098651066407434,0.0003999999999999999,9.999999999999998e-05,0.0002999999999999999,99999.99999999997,2.2875655072766793e-05,-0.0012098651066407434,-0.0015098651066407433,-0.0015098651066407433,-0.00153274076171351,-11.098651066407433,0.9999999999999998,2.999999999999999,0.22875655072766793,-15.327407617135101,True,False
2020-10-21,77345.27403093528,250000000.00000003,125000000.00000001,124999999.99999999,3606.748520089053,87,87,174,57,0.3275862068965517,0.049999999999999996,1.0000000000000002,1.0000000000000002,1.0000000000000002,2.0000000000000004,0.00030938109612374114,0.00040000000000000013,0.00010000000000000003,0.00030000000000000003,100000.00000000003,1.4426994080356211e-05,0.0002093810961237411,-9.061890387625893e-05,-9.061890387625893e-05,-0.00010504589795661515,3.0938109612374114,1.0000000000000002,3.0000000000000004,0.14426994080356212,-1.0504589795661514,True,False
2020-10-22,-12676.587991292652,249999999.99999997,125000000.0,124999999.99999999,6296.2991452363985,90,90,180,51,0.2833333333333333,0.05,0.9999999999999999,0.9999999999999999,0.9999999999999999,1.9999999999999998,-5.070635196517061e-05,0.00039999999999999996,9.999999999999999e-05,0.0002999999999999999,99999.99999999999,2.5185196580945593e-05,-0.0001507063519651706,-0.0004507063519651705,-0.0004507063519651705,-0.00047589154854611607,-0.5070635196517062,0.9999999999999999,2.999999999999999,0.25185196580945596,-4.758915485461161,True,False
2020-10-23,-136839.66976257705,249999999.99999997,125000000.0,124999999.99999999,5433.662189373209,92,92,184,51,0.27717391304347827,0.05000000000000001,0.9999999999999999,0.9999999999999999,0.9999999999999999,1.9999999999999998,-0.0005473586790503082,0.00039999999999999996,9.999999999999999e-05,0.0002999999999999999,99999.99999999999,2.1734648757492835e-05,-0.0006473586790503082,-0.0009473586790503081,-0.0009473586790503081,-0.000969093327807801,-5.473586790503083,0.9999999999999999,2.999999999999999,0.21734648757492836,-9.69093327807801,True,False
2020-10-26,-249156.86449517365,250000000.0,125000000.0,125000000.00000001,4430.1748795625435,88,88,176,48,0.2727272727272727,0.05000000000000001,1.0,1.0,1.0,2.0,-0.0009966274579806945,0.0004,0.0001,0.0003,100000.0,1.7720699518250175e-05,-0.0010966274579806946,-0.0013966274579806945,-0.0013966274579806945,-0.0014143481574989446,-9.966274579806946,1.0,2.9999999999999996,0.17720699518250174,-14.143481574989446,True,False
2020-10-27,-1191690.9824454864,249999999.9999999,124999999.99999993,124999999.99999996,5697.919884737725,76,76,152,50,0.32894736842105265,0.05000000000000001,0.9999999999999997,0.9999999999999997,0.9999999999999997,1.9999999999999993,-0.004766763929781945,0.0003999999999999999,9.999999999999998e-05,0.00029999999999999987,99999.99999999997,2.27916795389509e-05,-0.0048667639297819455,-0.0051667639297819454,-0.0051667639297819454,-0.005189555609320896,-47.667639297819456,0.9999999999999998,2.9999999999999987,0.22791679538950899,-51.89555609320896,True,False
2020-10-28,-47947.06482777572,249999999.99999997,124999999.99999999,124999999.99999999,5357.061646496948,74,74,148,45,0.30405405405405406,0.05000000000000001,0.9999999999999999,0.9999999999999999,0.9999999999999999,1.9999999999999998,-0.0001917882593111029,0.00039999999999999996,9.999999999999999e-05,0.0002999999999999999,99999.99999999999,2.1428246585987793e-05,-0.0002917882593111029,-0.0005917882593111027,-0.0005917882593111027,-0.0006132165058970906,-1.9178825931110288,0.9999999999999999,2.999999999999999,0.21428246585987792,-6.132165058970906,True,False
2020-10-29,-375975.10603103245,249999999.99999994,124999999.99999999,124999999.99999999,5555.942329187797,78,78,156,56,0.358974358974359,0.049999999999999996,0.9999999999999998,0.9999999999999998,0.9999999999999998,1.9999999999999996,-0.0015039004241241298,0.0003999999999999999,9.999999999999998e-05,0.0002999999999999999,99999.99999999997,2.222376931675119e-05,-0.0016039004241241298,-0.0019039004241241297,-0.0019039004241241297,-0.001926124193440881,-15.039004241241297,0.9999999999999998,2.999999999999999,0.2222376931675119,-19.261241934408808,True,False
2020-10-30,-125668.63061760119,249999999.99999997,125000000.0,124999999.99999997,4310.180766534672,85,85,170,56,0.32941176470588235,0.05000000000000001,0.9999999999999999,0.9999999999999999,0.9999999999999999,1.9999999999999998,-0.0005026745224704048,0.00039999999999999996,9.999999999999999e-05,0.0002999999999999999,99999.99999999999,1.724072306613869e-05,-0.0006026745224704047,-0.0009026745224704046,-0.0009026745224704046,-0.0009199152455365433,-5.026745224704047,0.9999999999999999,2.999999999999999,0.17240723066138688,-9.199152455365434,True,False
2020-11-02,-170606.6012502537,249999999.99999997,125000000.0,124999999.99999999,3731.453904307849,90,90,180,54,0.3,0.05000000000000001,0.9999999999999999,0.9999999999999999,0.9999999999999999,1.9999999999999998,-0.0006824264050010148,0.00039999999999999996,9.999999999999999e-05,0.0002999999999999999,99999.99999999999,1.4925815617231396e-05,-0.0007824264050010148,-0.0010824264050010148,-0.0010824264050010148,-0.0010973522206182461,-6.824264050010148,0.9999999999999999,2.999999999999999,0.14925815617231394,-10.97352220618246,True,False
2020-11-03,2988044.1381117646,249999999.99999997,124999999.99999997,125000000.0,3758.978666640476,82,82,164,58,0.35365853658536583,0.05000000000000001,0.9999999999999999,0.9999999999999999,0.9999999999999999,1.9999999999999998,0.011952176552447059,0.00039999999999999996,9.999999999999999e-05,0.0002999999999999999,99999.99999999999,1.5035914666561905e-05,0.01185217655244706,0.01155217655244706,0.01155217655244706,0.011537140637780498,119.52176552447058,0.9999999999999999,2.999999999999999,0.15035914666561906,115.37140637780499,True,False
2020-11-04,24162.31815969039,249999999.99999997,124999999.99999997,124999999.99999997,4786.838270931496,81,81,162,48,0.2962962962962963,0.05,0.9999999999999999,0.9999999999999999,0.9999999999999999,1.9999999999999998,9.664927263876156e-05,0.00039999999999999996,9.999999999999999e-05,0.0002999999999999999,99999.99999999999,1.9147353083725982e-05,-3.3507273612384326e-06,-0.0003033507273612384,-0.0003033507273612384,-0.0003224980804449644,0.9664927263876156,0.9999999999999999,2.999999999999999,0.19147353083725982,-3.2249808044496437,True,False
2020-11-05,23979.165760373904,249999999.99999997,124999999.99999997,125000000.0,3885.9212419240907,82,82,164,41,0.25,0.05000000000000001,0.9999999999999999,0.9999999999999999,0.9999999999999999,1.9999999999999998,9.591666304149562e-05,0.00039999999999999996,9.999999999999999e-05,0.0002999999999999999,99999.99999999999,1.5543684967696363e-05,-4.083336958504374e-06,-0.0003040833369585043,-0.0003040833369585043,-0.00031962702192620066,0.9591666304149562,0.9999999999999999,2.999999999999999,0.15543684967696364,-3.1962702192620065,True,False
2020-11-06,708891.4907260853,249999999.99999997,124999999.99999993,125000000.0,6062.0616665582675,90,90,180,48,0.26666666666666666,0.05000000000000001,0.9999999999999999,0.9999999999999999,0.9999999999999999,1.9999999999999998,0.002835565962904341,0.00039999999999999996,9.999999999999999e-05,0.0002999999999999999,99999.99999999999,2.424824666623307e-05,0.002735565962904341,0.002435565962904341,0.002435565962904341,0.002411317716238108,28.35565962904341,0.9999999999999999,2.999999999999999,0.2424824666623307,24.113177162381078,True,False
2020-11-09,534343.4676740774,250000000.0,124999999.99999999,124999999.99999997,4292.996801502612,97,97,194,30,0.15463917525773196,0.05000000000000001,1.0,1.0,1.0,2.0,0.0021373738706963095,0.0004,0.0001,0.0003,100000.0,1.7171987206010446e-05,0.0020373738706963096,0.0017373738706963097,0.0017373738706963097,0.0017202018834902993,21.373738706963096,1.0,2.9999999999999996,0.17171987206010447,17.202018834902994,True,False
2020-11-10,673987.1687355287,249999999.99999997,125000000.0,124999999.99999999,4890.789653521028,96,96,192,45,0.234375,0.05000000000000001,0.9999999999999999,0.9999999999999999,0.9999999999999999,1.9999999999999998,0.002695948674942115,0.00039999999999999996,9.999999999999999e-05,0.0002999999999999999,99999.99999999999,1.9563158614084112e-05,0.002595948674942115,0.002295948674942115,0.002295948674942115,0.002276385516328031,26.95948674942115,0.9999999999999999,2.999999999999999,0.1956315861408411,22.763855163280308,True,False
2020-11-11,-557977.9290017042,250000000.0,124999999.99999999,125000000.00000001,3926.256732162977,97,97,194,50,0.25773195876288657,0.05000000000000001,1.0,1.0,1.0,2.0,-0.002231911716006817,0.0004,0.0001,0.0003,100000.0,1.5705026928651908e-05,-0.0023319117160068167,-0.0026319117160068166,-0.0026319117160068166,-0.0026476167429354686,-22.319117160068167,1.0,2.9999999999999996,0.15705026928651908,-26.476167429354685,True,False
2020-11-12,685468.1007583846,249999999.99999997,125000000.00000001,124999999.99999999,3394.0052309684743,97,97,194,32,0.16494845360824742,0.049999999999999996,0.9999999999999999,0.9999999999999999,0.9999999999999999,1.9999999999999998,0.002741872403033538,0.00039999999999999996,9.999999999999999e-05,0.0002999999999999999,99999.99999999999,1.3576020923873897e-05,0.0026418724030335384,0.0023418724030335385,0.0023418724030335385,0.0023282963821096648,27.418724030335383,0.9999999999999999,2.999999999999999,0.13576020923873897,23.282963821096647,True,False
2020-11-13,2454147.912659046,250000000.0,125000000.0,124999999.99999999,3313.545813817706,97,97,194,29,0.14948453608247422,0.05000000000000001,1.0,1.0,1.0,2.0,0.009816591650636183,0.0004,0.0001,0.0003,100000.0,1.3254183255270824e-05,0.009716591650636184,0.009416591650636184,0.009416591650636184,0.009403337467380913,98.16591650636184,1.0,2.9999999999999996,0.13254183255270824,94.03337467380913,True,False
2020-11-16,96387.89475537841,250000000.0,125000000.0,124999999.99999999,3971.134388711167,97,97,194,42,0.21649484536082475,0.049999999999999996,1.0,1.0,1.0,2.0,0.00038555157902151366,0.0004,0.0001,0.0003,100000.0,1.5884537554844668e-05,0.00028555157902151367,-1.4448420978486305e-05,-1.4448420978486305e-05,-3.0332958533330972e-05,3.8555157902151365,1.0,2.9999999999999996,0.1588453755484467,-0.3033295853333097,True,False
2020-11-17,190511.2284084828,250000000.00000003,125000000.00000001,125000000.0,4282.159490336792,97,97,194,35,0.18041237113402062,0.05000000000000001,1.0000000000000002,1.0000000000000002,1.0000000000000002,2.0000000000000004,0.0007620449136339312,0.00040000000000000013,0.00010000000000000003,0.00030000000000000003,100000.00000000003,1.712863796134717e-05,0.0006620449136339312,0.00036204491363393116,0.00036204491363393116,0.000344916275672584,7.620449136339312,1.0000000000000002,3.0000000000000004,0.1712863796134717,3.44916275672584,True,False
2020-11-18,-288765.6676036085,249999999.99999997,124999999.99999997,125000000.0,4667.069926190913,97,97,194,41,0.211340206185567,0.049999999999999996,0.9999999999999999,0.9999999999999999,0.9999999999999999,1.9999999999999998,-0.0011550626704144341,0.00039999999999999996,9.999999999999999e-05,0.0002999999999999999,99999.99999999999,1.866827970476365e-05,-0.0012550626704144342,-0.001555062670414434,-0.001555062670414434,-0.0015737309501191977,-11.550626704144342,0.9999999999999999,2.999999999999999,0.18668279704763652,-15.737309501191977,True,False
2020-11-19,148990.63956588414,249999999.99999994,124999999.99999994,124999999.99999997,3892.464218491995,97,97,194,21,0.10824742268041238,0.04999999999999999,0.9999999999999998,0.9999999999999998,0.9999999999999998,1.9999999999999996,0.0005959625582635365,0.0003999999999999999,9.999999999999998e-05,0.0002999999999999999,99999.99999999997,1.556985687396798e-05,0.0004959625582635366,0.00019596255826353668,0.00019596255826353668,0.0001803927013895687,5.959625582635366,0.9999999999999998,2.999999999999999,0.1556985687396798,1.8039270138956869,True,False
2020-11-20,803793.2487220367,250000000.0,125000000.00000003,124999999.99999999,4355.424926126918,97,97,194,23,0.11855670103092783,0.049999999999999996,1.0,1.0,1.0,2.0,0.0032151729948881468,0.0004,0.0001,0.0003,100000.0,1.742169970450767e-05,0.003115172994888147,0.002815172994888147,0.002815172994888147,0.0027977512951836395,32.15172994888147,1.0,2.9999999999999996,0.1742169970450767,27.977512951836395,True,False
2020-11-23,1586731.1673190687,249999999.99999994,124999999.99999994,124999999.99999999,4346.164658313766,97,97,194,51,0.26288659793814434,0.049999999999999996,0.9999999999999998,0.9999999999999998,0.9999999999999998,1.9999999999999996,0.0063469246692762745,0.0003999999999999999,9.999999999999998e-05,0.0002999999999999999,99999.99999999997,1.7384658633255064e-05,0.006246924669276274,0.005946924669276274,0.005946924669276274,0.005929540010643019,63.469246692762745,0.9999999999999998,2.999999999999999,0.17384658633255062,59.29540010643019,True,False
2020-11-24,-457505.83425739914,249999999.99999997,125000000.0,125000000.0,4388.408458247635,97,97,194,42,0.21649484536082475,0.049999999999999996,0.9999999999999999,0.9999999999999999,0.9999999999999999,1.9999999999999998,-0.0018300233370295966,0.00039999999999999996,9.999999999999999e-05,0.0002999999999999999,99999.99999999999,1.755363383299054e-05,-0.0019300233370295966,-0.0022300233370295963,-0.0022300233370295963,-0.0022475769708625868,-18.300233370295967,0.9999999999999999,2.999999999999999,0.17553633832990542,-22.47576970862587,True,False
2020-11-25,197974.00361374413,249999999.99999997,124999999.99999994,125000000.00000001,3898.7123482524944,98,98,196,43,0.2193877551020408,0.05000000000000001,0.9999999999999999,0.9999999999999999,0.9999999999999999,1.9999999999999998,0.0007918960144549765,0.00039999999999999996,9.999999999999999e-05,0.0002999999999999999,99999.99999999999,1.5594849393009978e-05,0.0006918960144549765,0.0003918960144549766,0.0003918960144549766,0.0003763011650619666,7.918960144549765,0.9999999999999999,2.999999999999999,0.15594849393009977,3.763011650619666,True,False
2020-11-27,-41432.395526027336,250000000.0,124999999.99999997,125000000.00000001,4052.3257132386852,99,99,198,22,0.1111111111111111,0.05000000000000001,1.0,1.0,1.0,2.0,-0.00016572958210410934,0.0004,0.0001,0.0003,100000.0,1.620930285295474e-05,-0.00026572958210410936,-0.0005657295821041093,-0.0005657295821041093,-0.0005819388849570641,-1.6572958210410933,1.0,2.9999999999999996,0.1620930285295474,-5.8193888495706405,True,False
2020-11-30,1369550.1463469348,249999999.99999994,125000000.00000001,124999999.99999997,4046.459683151747,98,98,196,34,0.17346938775510204,0.049999999999999996,0.9999999999999998,0.9999999999999998,0.9999999999999998,1.9999999999999996,0.005478200585387739,0.0003999999999999999,9.999999999999998e-05,0.0002999999999999999,99999.99999999997,1.618583873260699e-05,0.005378200585387739,0.005078200585387739,0.005078200585387739,0.005062014746655132,54.78200585387739,0.9999999999999998,2.999999999999999,0.16185838732606989,50.620147466551316,True,False
2020-12-01,-719496.0710669567,249999999.99999997,124999999.99999994,125000000.0,3774.897188859921,97,97,194,24,0.12371134020618557,0.049999999999999996,0.9999999999999999,0.9999999999999999,0.9999999999999999,1.9999999999999998,-0.002877984284267827,0.00039999999999999996,9.999999999999999e-05,0.0002999999999999999,99999.99999999999,1.5099588755439682e-05,-0.0029779842842678267,-0.0032779842842678266,-0.0032779842842678266,-0.003293083873023266,-28.779842842678267,0.9999999999999999,2.999999999999999,0.15099588755439683,-32.93083873023266,True,False
2020-12-02,738878.5044778481,250000000.0,125000000.0,125000000.0,3286.49907204905,97,97,194,31,0.15979381443298968,0.05000000000000001,1.0,1.0,1.0,2.0,0.0029555140179113922,0.0004,0.0001,0.0003,100000.0,1.3145996288196201e-05,0.0028555140179113924,0.0025555140179113925,0.0025555140179113925,0.0025423680216231964,29.555140179113923,1.0,2.9999999999999996,0.13145996288196202,25.423680216231965,True,False
2020-12-03,483940.32510127197,249999999.99999997,125000000.0,124999999.99999999,3815.69521245496,97,97,194,32,0.16494845360824742,0.049999999999999996,0.9999999999999999,0.9999999999999999,0.9999999999999999,1.9999999999999998,0.0019357613004050878,0.00039999999999999996,9.999999999999999e-05,0.0002999999999999999,99999.99999999999,1.526278084981984e-05,0.0018357613004050877,0.0015357613004050878,0.0015357613004050878,0.001520498519555268,19.35761300405088,0.9999999999999999,2.999999999999999,0.1526278084981984,15.20498519555268,True,False
2020-12-04,-193161.12968931883,249999999.99999997,124999999.99999999,124999999.99999997,3859.908340386034,97,97,194,34,0.17525773195876287,0.05000000000000001,0.9999999999999999,0.9999999999999999,0.9999999999999999,1.9999999999999998,-0.0007726445187572753,0.00039999999999999996,9.999999999999999e-05,0.0002999999999999999,99999.99999999999,1.5439633361544135e-05,-0.0008726445187572753,-0.0011726445187572752,-0.0011726445187572752,-0.0011880841521188193,-7.726445187572753,0.9999999999999999,2.999999999999999,0.15439633361544136,-11.880841521188193,True,False
2020-12-07,13260.993203107595,250000000.00000003,125000000.0,124999999.99999999,3856.807846292624,98,98,196,40,0.20408163265306123,0.05,1.0000000000000002,1.0000000000000002,1.0000000000000002,2.0000000000000004,5.304397281243038e-05,0.00040000000000000013,0.00010000000000000003,0.00030000000000000003,100000.00000000003,1.5427231385170498e-05,-4.695602718756965e-05,-0.0003469560271875697,-0.0003469560271875697,-0.0003623832585727402,0.5304397281243038,1.0000000000000002,3.0000000000000004,0.15427231385170498,-3.623832585727402,True,False
2020-12-08,674869.5067842281,250000000.0,125000000.0,125000000.0,4225.610365551169,97,97,194,27,0.13917525773195877,0.049999999999999996,1.0,1.0,1.0,2.0,0.0026994780271369125,0.0004,0.0001,0.0003,100000.0,1.6902441462204675e-05,0.0025994780271369126,0.0022994780271369127,0.0022994780271369127,0.002282575585674708,26.994780271369123,1.0,2.9999999999999996,0.16902441462204673,22.825755856747083,True,False
2020-12-09,-708425.94226746,249999999.99999997,124999999.99999996,125000000.0,4049.521405066488,98,98,196,45,0.22959183673469388,0.05000000000000001,0.9999999999999999,0.9999999999999999,0.9999999999999999,1.9999999999999998,-0.0028337037690698403,0.00039999999999999996,9.999999999999999e-05,0.0002999999999999999,99999.99999999999,1.6198085620265953e-05,-0.00293370376906984,-0.00323370376906984,-0.00323370376906984,-0.003249901854690106,-28.337037690698402,0.9999999999999999,2.999999999999999,0.16198085620265953,-32.49901854690106,True,False
2020-12-10,-99950.89792462614,250000000.0,124999999.99999999,124999999.99999999,4090.321685199392,98,98,196,44,0.22448979591836735,0.05,1.0,1.0,1.0,2.0,-0.0003998035916985046,0.0004,0.0001,0.0003,100000.0,1.6361286740797567e-05,-0.0004998035916985046,-0.0007998035916985046,-0.0007998035916985046,-0.0008161648784393022,-3.998035916985046,1.0,2.9999999999999996,0.16361286740797568,-8.161648784393021,True,False
2020-12-11,301423.3189949778,250000000.00000003,125000000.0,125000000.0,4553.878805230041,99,99,198,47,0.23737373737373738,0.05,1.0000000000000002,1.0000000000000002,1.0000000000000002,2.0000000000000004,0.001205693275979911,0.00040000000000000013,0.00010000000000000003,0.00030000000000000003,100000.00000000003,1.821551522092016e-05,0.001105693275979911,0.000805693275979911,0.000805693275979911,0.0007874777607589908,12.05693275979911,1.0000000000000002,3.0000000000000004,0.18215515220920162,7.874777607589908,True,False
2020-12-14,317449.63928683056,249999999.99999997,124999999.99999997,124999999.99999997,4178.825853165447,99,99,198,44,0.2222222222222222,0.04999999999999999,0.9999999999999999,0.9999999999999999,0.9999999999999999,1.9999999999999998,0.0012697985571473221,0.00039999999999999996,9.999999999999999e-05,0.0002999999999999999,99999.99999999999,1.671530341266179e-05,0.001169798557147322,0.0008697985571473222,0.0008697985571473222,0.0008530832537346604,12.697985571473222,0.9999999999999999,2.999999999999999,0.16715303412661792,8.530832537346603,True,False
2020-12-15,-319540.85526202625,250000000.0,125000000.0,125000000.0,3894.3112823195197,99,99,198,34,0.1717171717171717,0.05,1.0,1.0,1.0,2.0,-0.001278163421048105,0.0004,0.0001,0.0003,100000.0,1.557724512927808e-05,-0.001378163421048105,-0.001678163421048105,-0.001678163421048105,-0.001693740666177383,-12.78163421048105,1.0,2.9999999999999996,0.15577245129278078,-16.93740666177383,True,False
2020-12-16,421484.93285422656,250000000.0,124999999.99999999,125000000.0,3383.678238311854,98,98,196,43,0.2193877551020408,0.049999999999999996,1.0,1.0,1.0,2.0,0.0016859397314169062,0.0004,0.0001,0.0003,100000.0,1.3534712953247415e-05,0.0015859397314169062,0.0012859397314169063,0.0012859397314169063,0.0012724050184636589,16.859397314169062,1.0,2.9999999999999996,0.13534712953247416,12.724050184636589,True,False
2020-12-17,-38275.7155158908,249999999.99999997,125000000.0,124999999.99999997,5099.365763421792,98,98,196,34,0.17346938775510204,0.05000000000000001,0.9999999999999999,0.9999999999999999,0.9999999999999999,1.9999999999999998,-0.0001531028620635632,0.00039999999999999996,9.999999999999999e-05,0.0002999999999999999,99999.99999999999,2.0397463053687165e-05,-0.00025310286206356317,-0.0005531028620635631,-0.0005531028620635631,-0.0005735003251172503,-1.531028620635632,0.9999999999999999,2.999999999999999,0.20397463053687165,-5.735003251172503,True,False
2020-12-18,-1664152.2624133788,250000000.0,125000000.00000003,124999999.99999999,3209.384897061677,99,99,198,40,0.20202020202020202,0.049999999999999996,1.0,1.0,1.0,2.0,-0.006656609049653516,0.0004,0.0001,0.0003,100000.0,1.2837539588246708e-05,-0.006756609049653516,-0.007056609049653516,-0.007056609049653516,-0.007069446589241762,-66.56609049653515,1.0,2.9999999999999996,0.12837539588246707,-70.69446589241763,True,False
2020-12-21,264656.12230690045,250000000.0,124999999.99999999,124999999.99999999,3755.4864838186645,99,99,198,22,0.1111111111111111,0.05,1.0,1.0,1.0,2.0,0.0010586244892276018,0.0004,0.0001,0.0003,100000.0,1.5021945935274658e-05,0.0009586244892276017,0.0006586244892276018,0.0006586244892276018,0.0006436025432923271,10.586244892276017,1.0,2.9999999999999996,0.15021945935274658,6.436025432923271,True,False
2020-12-22,73502.01388079533,249999999.99999997,125000000.00000003,125000000.0,5117.561505097798,99,99,198,38,0.1919191919191919,0.049999999999999996,0.9999999999999999,0.9999999999999999,0.9999999999999999,1.9999999999999998,0.00029400805552318133,0.00039999999999999996,9.999999999999999e-05,0.0002999999999999999,99999.99999999999,2.0470246020391192e-05,0.00019400805552318134,-0.00010599194447681858,-0.00010599194447681858,-0.00012646219049720979,2.9400805552318134,0.9999999999999999,2.999999999999999,0.20470246020391192,-1.264621904972098,True,False
2020-12-23,-19073.535737006565,250000000.0,125000000.0,125000000.0,4161.750882552739,99,99,198,29,0.14646464646464646,0.049999999999999996,1.0,1.0,1.0,2.0,-7.629414294802626e-05,0.0004,0.0001,0.0003,100000.0,1.6647003530210956e-05,-0.00017629414294802626,-0.00047629414294802624,-0.00047629414294802624,-0.0004929411464782372,-0.7629414294802626,1.0,2.9999999999999996,0.16647003530210955,-4.929411464782372,True,False
2020-12-24,343180.9894033772,250000000.0,124999999.99999997,124999999.99999999,4537.656915654372,99,99,198,53,0.2676767676767677,0.049999999999999996,1.0,1.0,1.0,2.0,0.0013727239576135088,0.0004,0.0001,0.0003,100000.0,1.815062766261749e-05,0.0012727239576135088,0.0009727239576135089,0.0009727239576135089,0.0009545733299508914,13.727239576135089,1.0,2.9999999999999996,0.18150627662617488,9.545733299508914,True,False
2020-12-28,273896.3491124711,250000000.00000003,125000000.0,125000000.00000001,2837.8816000260563,99,99,198,33,0.16666666666666666,0.05000000000000001,1.0000000000000002,1.0000000000000002,1.0000000000000002,2.0000000000000004,0.0010955853964498845,0.00040000000000000013,0.00010000000000000003,0.00030000000000000003,100000.00000000003,1.1351526400104225e-05,0.0009955853964498844,0.0006955853964498844,0.0006955853964498844,0.0006842338700497802,10.955853964498845,1.0000000000000002,3.0000000000000004,0.11351526400104224,6.842338700497802,True,False
2020-12-29,217350.46265853726,250000000.00000006,125000000.0,125000000.0,3565.9252881467996,99,99,198,31,0.15656565656565657,0.05,1.0000000000000002,1.0000000000000002,1.0000000000000002,2.0000000000000004,0.0008694018506341491,0.00040000000000000013,0.00010000000000000003,0.00030000000000000003,100000.00000000003,1.4263701152587198e-05,0.000769401850634149,0.000469401850634149,0.000469401850634149,0.0004551381494815618,8.694018506341491,1.0000000000000002,3.0000000000000004,0.142637011525872,4.551381494815618,True,False
2020-12-30,-93374.41857271543,250000000.00000003,125000000.0,125000000.00000001,3292.7542617561876,99,99,198,22,0.1111111111111111,0.05000000000000001,1.0000000000000002,1.0000000000000002,1.0000000000000002,2.0000000000000004,-0.0003734976742908617,0.00040000000000000013,0.00010000000000000003,0.00030000000000000003,100000.00000000003,1.317101704702475e-05,-0.0004734976742908617,-0.0007734976742908618,-0.0007734976742908618,-0.0007866686913378866,-3.734976742908617,1.0000000000000002,3.0000000000000004,0.1317101704702475,-7.8666869133788655,True,False
2020-12-31,222546.96996586348,249999999.99999997,124999999.99999996,124999999.99999999,3375.2237563105955,95,95,190,36,0.18947368421052632,0.05000000000000001,0.9999999999999999,0.9999999999999999,0.9999999999999999,1.9999999999999998,0.0008901878798634539,0.00039999999999999996,9.999999999999999e-05,0.0002999999999999999,99999.99999999999,1.3500895025242383e-05,0.0007901878798634539,0.000490187879863454,0.000490187879863454,0.0004766869848382116,8.901878798634538,0.9999999999999999,2.999999999999999,0.13500895025242382,4.766869848382116,True,False
2021-01-04,91580.07521614069,250000000.00000003,125000000.00000001,125000000.00000003,2065.066444947053,99,99,198,8,0.04040404040404041,0.049999999999999996,1.0000000000000002,1.0000000000000002,1.0000000000000002,2.0000000000000004,0.00036632030086456276,0.00040000000000000013,0.00010000000000000003,0.00030000000000000003,100000.00000000003,8.260265779788212e-06,0.0002663203008645627,-3.3679699135437315e-05,-3.3679699135437315e-05,-4.1939964915225527e-05,3.6632030086456275,1.0000000000000002,3.0000000000000004,0.08260265779788212,-0.41939964915225525,True,False
2021-01-05,363750.20421420183,249999999.99999997,125000000.0,124999999.99999999,1984.126984126984,98,98,196,8,0.04081632653061224,0.049999999999999996,0.9999999999999999,0.9999999999999999,0.9999999999999999,1.9999999999999998,0.0014550008168568074,0.00039999999999999996,9.999999999999999e-05,0.0002999999999999999,99999.99999999999,7.936507936507936e-06,0.0013550008168568073,0.0010550008168568074,0.0010550008168568074,0.0010470643089202994,14.550008168568073,0.9999999999999999,2.999999999999999,0.07936507936507936,10.470643089202994,True,False
2021-01-06,1501907.4073485879,250000000.0,124999999.99999999,125000000.0,2148.027381452432,98,98,196,8,0.04081632653061224,0.05000000000000001,1.0,1.0,1.0,2.0,0.006007629629394351,0.0004,0.0001,0.0003,100000.0,8.592109525809729e-06,0.005907629629394351,0.005607629629394351,0.005607629629394351,0.005599037519868542,60.076296293943514,1.0,2.9999999999999996,0.08592109525809728,55.99037519868542,True,False
2021-01-07,700847.0585773512,249999999.99999997,125000000.00000001,125000000.0,2147.1325772963523,99,99,198,6,0.030303030303030304,0.049999999999999996,0.9999999999999999,0.9999999999999999,0.9999999999999999,1.9999999999999998,0.0028033882343094048,0.00039999999999999996,9.999999999999999e-05,0.0002999999999999999,99999.99999999999,8.58853030918541e-06,0.002703388234309405,0.002403388234309405,0.002403388234309405,0.0023947997040002196,28.033882343094046,0.9999999999999999,2.999999999999999,0.08588530309185409,23.947997040002196,True,False
2021-01-08,-1913646.290406553,249999999.99999997,124999999.99999997,124999999.99999999,2065.027755108399,99,99,198,7,0.03535353535353535,0.04999999999999999,0.9999999999999999,0.9999999999999999,0.9999999999999999,1.9999999999999998,-0.007654585161626213,0.00039999999999999996,9.999999999999999e-05,0.0002999999999999999,99999.99999999999,8.260111020433597e-06,-0.007754585161626213,-0.008054585161626212,-0.008054585161626212,-0.008062845272646646,-76.54585161626213,0.9999999999999999,2.999999999999999,0.08260111020433597,-80.62845272646646,True,False
2021-01-11,1008550.201070776,250000000.0,125000000.00000003,124999999.99999999,2065.0272667753397,99,99,198,6,0.030303030303030304,0.049999999999999996,1.0,1.0,1.0,2.0,0.004034200804283104,0.0004,0.0001,0.0003,100000.0,8.26010906710136e-06,0.003934200804283103,0.0036342008042831034,0.0036342008042831034,0.003625940695216002,40.34200804283103,1.0,2.9999999999999996,0.0826010906710136,36.25940695216002,True,False
2021-01-12,-210935.89303984767,250000000.0,125000000.00000001,125000000.00000001,1984.1269841269843,99,99,198,3,0.015151515151515152,0.04999999999999998,1.0,1.0,1.0,2.0,-0.0008437435721593907,0.0004,0.0001,0.0003,100000.0,7.936507936507938e-06,-0.0009437435721593908,-0.0012437435721593907,-0.0012437435721593907,-0.0012516800800958987,-8.437435721593907,1.0,2.9999999999999996,0.07936507936507937,-12.516800800958986,True,False
2021-01-13,638299.42885008,250000000.00000003,125000000.0,125000000.00000001,1984.1269841269843,99,99,198,3,0.015151515151515152,0.04999999999999999,1.0000000000000002,1.0000000000000002,1.0000000000000002,2.0000000000000004,0.00255319771540032,0.00040000000000000013,0.00010000000000000003,0.00030000000000000003,100000.00000000003,7.936507936507938e-06,0.00245319771540032,0.00215319771540032,0.00215319771540032,0.002145261207463812,25.531977154003197,1.0000000000000002,3.0000000000000004,0.07936507936507937,21.45261207463812,True,False
2021-01-14,-589459.3285383959,249999999.99999997,124999999.99999993,125000000.00000001,2231.7427029067544,98,98,196,8,0.04081632653061224,0.05,0.9999999999999999,0.9999999999999999,0.9999999999999999,1.9999999999999998,-0.0023578373141535836,0.00039999999999999996,9.999999999999999e-05,0.0002999999999999999,99999.99999999999,8.926970811627018e-06,-0.0024578373141535834,-0.0027578373141535833,-0.0027578373141535833,-0.0027667642849652104,-23.578373141535835,0.9999999999999999,2.999999999999999,0.08926970811627018,-27.667642849652104,True,False
2021-01-15,987499.0053708391,249999999.99999997,125000000.00000001,125000000.0,2146.8399996201388,98,98,196,6,0.030612244897959183,0.049999999999999996,0.9999999999999999,0.9999999999999999,0.9999999999999999,1.9999999999999998,0.003949996021483357,0.00039999999999999996,9.999999999999999e-05,0.0002999999999999999,99999.99999999999,8.587359998480556e-06,0.003849996021483357,0.003549996021483357,0.003549996021483357,0.0035414086614848762,39.499960214833564,0.9999999999999999,2.999999999999999,0.08587359998480555,35.41408661484876,True,False
2021-01-19,631557.6400388187,249999999.99999994,124999999.99999997,124999999.99999996,1984.126984126983,96,96,192,9,0.046875,0.05000000000000001,0.9999999999999998,0.9999999999999998,0.9999999999999998,1.9999999999999996,0.002526230560155275,0.0003999999999999999,9.999999999999998e-05,0.0002999999999999999,99999.99999999997,7.936507936507931e-06,0.002426230560155275,0.0021262305601552752,0.0021262305601552752,0.0021182940522187672,25.26230560155275,0.9999999999999998,2.999999999999999,0.0793650793650793,21.18294052218767,True,False
2021-01-20,499416.68207404076,249999999.99999997,125000000.00000001,125000000.00000001,2151.6154711009794,95,95,190,5,0.02631578947368421,0.05,0.9999999999999999,0.9999999999999999,0.9999999999999999,1.9999999999999998,0.001997666728296163,0.00039999999999999996,9.999999999999999e-05,0.0002999999999999999,99999.99999999999,8.606461884403919e-06,0.0018976667282961629,0.001597666728296163,0.001597666728296163,0.001589060266411759,19.97666728296163,0.9999999999999999,2.999999999999999,0.08606461884403918,15.890602664117589,True,False
2021-01-21,-1283016.2469437919,249999999.99999994,124999999.99999997,124999999.99999999,2110.1741929883938,96,96,192,5,0.026041666666666668,0.05,0.9999999999999998,0.9999999999999998,0.9999999999999998,1.9999999999999996,-0.005132064987775168,0.0003999999999999999,9.999999999999998e-05,0.0002999999999999999,99999.99999999997,8.440696771953576e-06,-0.005232064987775168,-0.005532064987775168,-0.005532064987775168,-0.0055405056845471215,-51.32064987775168,0.9999999999999998,2.999999999999999,0.08440696771953576,-55.405056845471215,True,False
2021-01-22,634934.3133821074,249999999.99999997,124999999.99999997,124999999.99999997,2068.469361407867,95,95,190,6,0.031578947368421054,0.05,0.9999999999999999,0.9999999999999999,0.9999999999999999,1.9999999999999998,0.00253973725352843,0.00039999999999999996,9.999999999999999e-05,0.0002999999999999999,99999.99999999999,8.273877445631468e-06,0.00243973725352843,0.00213973725352843,0.00213973725352843,0.0021314633760827987,25.397372535284298,0.9999999999999999,2.999999999999999,0.08273877445631468,21.314633760827988,True,False
2021-01-25,-713555.7392512264,249999999.99999997,125000000.00000001,124999999.99999997,2231.4097365190473,94,94,188,20,0.10638297872340426,0.049999999999999996,0.9999999999999999,0.9999999999999999,0.9999999999999999,1.9999999999999998,-0.002854222957004906,0.00039999999999999996,9.999999999999999e-05,0.0002999999999999999,99999.99999999999,8.92563894607619e-06,-0.0029542229570049057,-0.0032542229570049056,-0.0032542229570049056,-0.0032631485959509817,-28.54222957004906,0.9999999999999999,2.999999999999999,0.0892563894607619,-32.63148595950982,True,False
2021-01-26,-567894.7672218756,249999999.99999997,124999999.99999997,124999999.99999999,3655.922146179179,88,88,176,33,0.1875,0.05,0.9999999999999999,0.9999999999999999,0.9999999999999999,1.9999999999999998,-0.0022715790688875026,0.00039999999999999996,9.999999999999999e-05,0.0002999999999999999,99999.99999999999,1.4623688584716716e-05,-0.0023715790688875024,-0.0026715790688875024,-0.0026715790688875024,-0.002686202757472219,-22.715790688875025,0.9999999999999999,2.999999999999999,0.14623688584716715,-26.86202757472219,True,False
2021-01-27,1770826.3552104426,249999999.99999997,125000000.0,124999999.99999999,4702.645491868756,87,87,174,28,0.16091954022988506,0.049999999999999996,0.9999999999999999,0.9999999999999999,0.9999999999999999,1.9999999999999998,0.00708330542084177,0.00039999999999999996,9.999999999999999e-05,0.0002999999999999999,99999.99999999999,1.8810581967475022e-05,0.00698330542084177,0.00668330542084177,0.00668330542084177,0.006664494838874295,70.8330542084177,0.9999999999999999,2.999999999999999,0.18810581967475024,66.64494838874295,True,False
2021-01-28,618557.9251848006,249999999.99999997,124999999.99999997,124999999.99999996,1984.1269841269836,89,89,178,8,0.0449438202247191,0.05000000000000001,0.9999999999999999,0.9999999999999999,0.9999999999999999,1.9999999999999998,0.0024742317007392027,0.00039999999999999996,9.999999999999999e-05,0.0002999999999999999,99999.99999999999,7.936507936507934e-06,0.002374231700739203,0.002074231700739203,0.002074231700739203,0.002066295192802695,24.742317007392028,0.9999999999999999,2.999999999999999,0.07936507936507935,20.66295192802695,True,False
2021-01-29,1187646.3246515326,250000000.0,125000000.0,125000000.0,1984.126984126984,92,92,184,4,0.021739130434782608,0.05,1.0,1.0,1.0,2.0,0.00475058529860613,0.0004,0.0001,0.0003,100000.0,7.936507936507936e-06,0.00465058529860613,0.00435058529860613,0.00435058529860613,0.004342648790669622,47.5058529860613,1.0,2.9999999999999996,0.07936507936507936,43.42648790669622,True,False
2021-02-01,931095.8871450364,249999999.99999997,125000000.0,125000000.0,1984.126984126984,92,92,184,5,0.02717391304347826,0.05,0.9999999999999999,0.9999999999999999,0.9999999999999999,1.9999999999999998,0.0037243835485801457,0.00039999999999999996,9.999999999999999e-05,0.0002999999999999999,99999.99999999999,7.936507936507936e-06,0.003624383548580146,0.003324383548580146,0.003324383548580146,0.003316447040643638,37.243835485801455,0.9999999999999999,2.999999999999999,0.07936507936507936,33.16447040643638,True,False
2021-02-02,697563.2483622262,249999999.99999997,125000000.0,124999999.99999999,1984.1269841269839,86,86,172,2,0.011627906976744186,0.05,0.9999999999999999,0.9999999999999999,0.9999999999999999,1.9999999999999998,0.0027902529934489047,0.00039999999999999996,9.999999999999999e-05,0.0002999999999999999,99999.99999999999,7.936507936507936e-06,0.002690252993448905,0.002390252993448905,0.002390252993448905,0.002382316485512397,27.90252993448905,0.9999999999999999,2.999999999999999,0.07936507936507936,23.82316485512397,True,False
2021-02-03,476596.59856736084,249999999.99999997,125000000.0,124999999.99999999,1984.1269841269839,86,86,172,2,0.011627906976744186,0.05,0.9999999999999999,0.9999999999999999,0.9999999999999999,1.9999999999999998,0.0019063863942694434,0.00039999999999999996,9.999999999999999e-05,0.0002999999999999999,99999.99999999999,7.936507936507936e-06,0.0018063863942694434,0.0015063863942694434,0.0015063863942694434,0.0014984498863329354,19.063863942694436,0.9999999999999999,2.999999999999999,0.07936507936507936,14.984498863329355,True,False
2021-02-04,641529.7368806474,249999999.99999997,125000000.00000003,124999999.99999997,1984.1269841269836,88,88,176,4,0.022727272727272728,0.049999999999999996,0.9999999999999999,0.9999999999999999,0.9999999999999999,1.9999999999999998,0.0025661189475225895,0.00039999999999999996,9.999999999999999e-05,0.0002999999999999999,99999.99999999999,7.936507936507934e-06,0.0024661189475225897,0.0021661189475225898,0.0021661189475225898,0.0021581824395860818,25.661189475225896,0.9999999999999999,2.999999999999999,0.07936507936507935,21.581824395860817,True,False
2021-02-05,953738.4227169354,249999999.9999999,124999999.99999994,124999999.99999994,1984.1269841269832,91,91,182,6,0.03296703296703297,0.05000000000000001,0.9999999999999997,0.9999999999999997,0.9999999999999997,1.9999999999999993,0.0038149536908677418,0.0003999999999999999,9.999999999999998e-05,0.00029999999999999987,99999.99999999997,7.936507936507933e-06,0.003714953690867742,0.003414953690867742,0.003414953690867742,0.003407017182931234,38.14953690867742,0.9999999999999998,2.9999999999999987,0.07936507936507933,34.07017182931234,True,False
2021-02-08,-397012.4739860232,249999999.99999997,124999999.99999997,125000000.0,1984.1269841269839,92,92,184,5,0.02717391304347826,0.05,0.9999999999999999,0.9999999999999999,0.9999999999999999,1.9999999999999998,-0.0015880498959440928,0.00039999999999999996,9.999999999999999e-05,0.0002999999999999999,99999.99999999999,7.936507936507936e-06,-0.0016880498959440928,-0.0019880498959440928,-0.0019880498959440928,-0.0019959864038806008,-15.880498959440928,0.9999999999999999,2.999999999999999,0.07936507936507936,-19.959864038806007,True,False
2021-02-09,216208.97507206383,250000000.0,125000000.00000004,125000000.0,1984.1269841269839,87,87,174,7,0.040229885057471264,0.049999999999999975,1.0,1.0,1.0,2.0,0.0008648359002882553,0.0004,0.0001,0.0003,100000.0,7.936507936507936e-06,0.0007648359002882552,0.00046483590028825527,0.00046483590028825527,0.0004568993923517473,8.648359002882552,1.0,2.9999999999999996,0.07936507936507936,4.568993923517473,True,False
2021-02-10,354637.56986793655,250000000.0,124999999.99999999,124999999.99999999,1984.126984126984,88,88,176,6,0.03409090909090909,0.049999999999999996,1.0,1.0,1.0,2.0,0.0014185502794717463,0.0004,0.0001,0.0003,100000.0,7.936507936507936e-06,0.0013185502794717462,0.0010185502794717463,0.0010185502794717463,0.0010106137715352383,14.185502794717463,1.0,2.9999999999999996,0.07936507936507936,10.106137715352384,True,False
2021-02-11,-322494.4952011633,250000000.00000003,125000000.0,125000000.00000001,1984.1269841269843,90,90,180,2,0.011111111111111112,0.05,1.0000000000000002,1.0000000000000002,1.0000000000000002,2.0000000000000004,-0.001289977980804653,0.00040000000000000013,0.00010000000000000003,0.00030000000000000003,100000.00000000003,7.936507936507938e-06,-0.0013899779808046531,-0.0016899779808046533,-0.0016899779808046533,-0.0016979144887411613,-12.899779808046532,1.0000000000000002,3.0000000000000004,0.07936507936507937,-16.979144887411614,True,False
2021-02-12,1295129.803770509,249999999.9999999,124999999.99999997,124999999.99999991,1984.1269841269827,95,95,190,2,0.010526315789473684,0.04999999999999996,0.9999999999999997,0.9999999999999997,0.9999999999999997,1.9999999999999993,0.005180519215082036,0.0003999999999999999,9.999999999999998e-05,0.00029999999999999987,99999.99999999997,7.936507936507931e-06,0.005080519215082036,0.004780519215082036,0.004780519215082036,0.004772582707145528,51.80519215082036,0.9999999999999998,2.9999999999999987,0.0793650793650793,47.72582707145528,True,False
2021-02-16,-596403.7294117135,250000000.0,125000000.0,124999999.99999999,1984.1269841269839,93,93,186,6,0.03225806451612903,0.04999999999999999,1.0,1.0,1.0,2.0,-0.002385614917646854,0.0004,0.0001,0.0003,100000.0,7.936507936507936e-06,-0.002485614917646854,-0.002785614917646854,-0.002785614917646854,-0.002793551425583362,-23.85614917646854,1.0,2.9999999999999996,0.07936507936507936,-27.93551425583362,True,False
2021-02-17,-1065785.8910329554,250000000.00000003,125000000.0,125000000.00000001,1984.1269841269843,90,90,180,4,0.022222222222222223,0.05000000000000001,1.0000000000000002,1.0000000000000002,1.0000000000000002,2.0000000000000004,-0.004263143564131822,0.00040000000000000013,0.00010000000000000003,0.00030000000000000003,100000.00000000003,7.936507936507938e-06,-0.004363143564131822,-0.004663143564131822,-0.004663143564131822,-0.00467108007206833,-42.63143564131822,1.0000000000000002,3.0000000000000004,0.07936507936507937,-46.710800720683295,True,False
2021-02-18,1204858.224664992,250000000.00000003,125000000.0,125000000.0,1984.1269841269843,92,92,184,4,0.021739130434782608,0.05,1.0000000000000002,1.0000000000000002,1.0000000000000002,2.0000000000000004,0.004819432898659968,0.00040000000000000013,0.00010000000000000003,0.00030000000000000003,100000.00000000003,7.936507936507938e-06,0.004719432898659968,0.004419432898659968,0.004419432898659968,0.00441149639072346,48.19432898659968,1.0000000000000002,3.0000000000000004,0.07936507936507937,44.114963907234596,True,False
2021-02-19,-355014.2112975952,250000000.00000003,125000000.00000003,125000000.00000003,1984.1269841269846,93,93,186,6,0.03225806451612903,0.05,1.0000000000000002,1.0000000000000002,1.0000000000000002,2.0000000000000004,-0.0014200568451903806,0.00040000000000000013,0.00010000000000000003,0.00030000000000000003,100000.00000000003,7.936507936507938e-06,-0.0015200568451903807,-0.0018200568451903808,-0.0018200568451903808,-0.0018279933531268888,-14.200568451903806,1.0000000000000002,3.0000000000000004,0.07936507936507937,-18.279933531268888,True,False
2021-02-22,-2291950.434745226,249999999.99999997,125000000.0,124999999.99999999,1984.1269841269839,92,92,184,4,0.021739130434782608,0.049999999999999996,0.9999999999999999,0.9999999999999999,0.9999999999999999,1.9999999999999998,-0.009167801738980904,0.00039999999999999996,9.999999999999999e-05,0.0002999999999999999,99999.99999999999,7.936507936507936e-06,-0.009267801738980903,-0.009567801738980903,-0.009567801738980903,-0.00957573824691741,-91.67801738980904,0.9999999999999999,2.999999999999999,0.07936507936507936,-95.7573824691741,True,False
2021-02-23,204825.67732868707,250000000.0,125000000.00000001,125000000.00000001,1984.126984126984,87,87,174,8,0.04597701149425287,0.04999999999999999,1.0,1.0,1.0,2.0,0.0008193027093147483,0.0004,0.0001,0.0003,100000.0,7.936507936507936e-06,0.0007193027093147482,0.00041930270931474825,0.00041930270931474825,0.0004113662013782403,8.193027093147483,1.0,2.9999999999999996,0.07936507936507936,4.1136620137824025,True,False
2021-02-24,242292.08082005463,249999999.99999997,125000000.0,124999999.99999999,1984.1269841269839,86,86,172,6,0.03488372093023256,0.05000000000000001,0.9999999999999999,0.9999999999999999,0.9999999999999999,1.9999999999999998,0.0009691683232802185,0.00039999999999999996,9.999999999999999e-05,0.0002999999999999999,99999.99999999999,7.936507936507936e-06,0.0008691683232802186,0.0005691683232802187,0.0005691683232802187,0.0005612318153437108,9.691683232802186,0.9999999999999999,2.999999999999999,0.07936507936507936,5.612318153437108,True,False
2021-02-25,62107.69011925436,249999999.99999997,124999999.99999994,125000000.0,1984.126984126984,88,88,176,4,0.022727272727272728,0.049999999999999996,0.9999999999999999,0.9999999999999999,0.9999999999999999,1.9999999999999998,0.0002484307604770174,0.00039999999999999996,9.999999999999999e-05,0.0002999999999999999,99999.99999999999,7.936507936507936e-06,0.00014843076047701742,-0.0001515692395229825,-0.0001515692395229825,-0.00015950574745949043,2.484307604770174,0.9999999999999999,2.999999999999999,0.07936507936507936,-1.5950574745949042,True,False
2021-02-26,1568449.6325826733,250000000.00000003,124999999.99999999,125000000.0,1984.126984126984,93,93,186,6,0.03225806451612903,0.05,1.0000000000000002,1.0000000000000002,1.0000000000000002,2.0000000000000004,0.006273798530330693,0.00040000000000000013,0.00010000000000000003,0.00030000000000000003,100000.00000000003,7.936507936507936e-06,0.006173798530330693,0.005873798530330693,0.005873798530330693,0.005865862022394185,62.73798530330693,1.0000000000000002,3.0000000000000004,0.07936507936507936,58.65862022394185,True,False
2021-03-01,245561.08774653327,249999999.99999994,124999999.99999994,124999999.99999997,2376.3514298365244,97,97,194,10,0.05154639175257732,0.04999999999999999,0.9999999999999998,0.9999999999999998,0.9999999999999998,1.9999999999999996,0.0009822443509861331,0.0003999999999999999,9.999999999999998e-05,0.0002999999999999999,99999.99999999997,9.505405719346097e-06,0.0008822443509861332,0.0005822443509861333,0.0005822443509861333,0.0005727389452667872,9.822443509861332,0.9999999999999998,2.999999999999999,0.09505405719346098,5.727389452667872,True,False
2021-03-02,773269.2777615039,249999999.99999997,125000000.00000003,124999999.99999997,1984.1269841269839,97,97,194,10,0.05154639175257732,0.049999999999999996,0.9999999999999999,0.9999999999999999,0.9999999999999999,1.9999999999999998,0.0030930771110460158,0.00039999999999999996,9.999999999999999e-05,0.0002999999999999999,99999.99999999999,7.936507936507936e-06,0.002993077111046016,0.002693077111046016,0.002693077111046016,0.002685140603109508,30.930771110460157,0.9999999999999999,2.999999999999999,0.07936507936507936,26.85140603109508,True,False
2021-03-03,-703419.8203176149,249999999.99999997,124999999.99999996,125000000.0,1984.1269841269843,97,97,194,7,0.03608247422680412,0.049999999999999996,0.9999999999999999,0.9999999999999999,0.9999999999999999,1.9999999999999998,-0.00281367928127046,0.00039999999999999996,9.999999999999999e-05,0.0002999999999999999,99999.99999999999,7.936507936507938e-06,-0.00291367928127046,-0.0032136792812704597,-0.0032136792812704597,-0.0032216157892069677,-28.1367928127046,0.9999999999999999,2.999999999999999,0.07936507936507937,-32.216157892069674,True,False
2021-03-04,1264988.5812051336,250000000.00000003,125000000.0,125000000.00000001,1984.1269841269843,98,98,196,8,0.04081632653061224,0.05,1.0000000000000002,1.0000000000000002,1.0000000000000002,2.0000000000000004,0.005059954324820534,0.00040000000000000013,0.00010000000000000003,0.00030000000000000003,100000.00000000003,7.936507936507938e-06,0.004959954324820534,0.004659954324820534,0.004659954324820534,0.004652017816884026,50.59954324820534,1.0000000000000002,3.0000000000000004,0.07936507936507937,46.52017816884026,True,False
2021-03-05,40719.91900274412,249999999.99999997,124999999.99999997,124999999.99999997,1984.1269841269834,98,98,196,8,0.04081632653061224,0.05,0.9999999999999999,0.9999999999999999,0.9999999999999999,1.9999999999999998,0.0001628796760109765,0.00039999999999999996,9.999999999999999e-05,0.0002999999999999999,99999.99999999999,7.936507936507934e-06,6.28796760109765e-05,-0.00023712032398902341,-0.00023712032398902341,-0.00024505683192553135,1.628796760109765,0.9999999999999999,2.999999999999999,0.07936507936507935,-2.4505683192553134,True,False
2021-03-08,2835309.6057685483,249999999.99999997,125000000.00000001,125000000.0,1984.126984126984,99,99,198,6,0.030303030303030304,0.04999999999999999,0.9999999999999999,0.9999999999999999,0.9999999999999999,1.9999999999999998,0.011341238423074194,0.00039999999999999996,9.999999999999999e-05,0.0002999999999999999,99999.99999999999,7.936507936507936e-06,0.011241238423074194,0.010941238423074194,0.010941238423074194,0.010933301915137687,113.41238423074194,0.9999999999999999,2.999999999999999,0.07936507936507936,109.33301915137687,True,False
2021-03-09,1563356.3039489714,250000000.00000003,125000000.0,125000000.00000003,1984.1269841269846,98,98,196,7,0.03571428571428571,0.05000000000000001,1.0000000000000002,1.0000000000000002,1.0000000000000002,2.0000000000000004,0.0062534252157958855,0.00040000000000000013,0.00010000000000000003,0.00030000000000000003,100000.00000000003,7.936507936507938e-06,0.006153425215795885,0.005853425215795885,0.005853425215795885,0.005845488707859377,62.53425215795885,1.0000000000000002,3.0000000000000004,0.07936507936507937,58.45488707859377,True,False
2021-03-10,2919204.817175006,249999999.99999994,124999999.99999999,124999999.99999997,1984.1269841269839,98,98,196,7,0.03571428571428571,0.04999999999999999,0.9999999999999998,0.9999999999999998,0.9999999999999998,1.9999999999999996,0.011676819268700024,0.0003999999999999999,9.999999999999998e-05,0.0002999999999999999,99999.99999999997,7.936507936507936e-06,0.011576819268700024,0.011276819268700024,0.011276819268700024,0.011268882760763517,116.76819268700024,0.9999999999999998,2.999999999999999,0.07936507936507936,112.68882760763518,True,False
2021-03-11,-2216696.350611764,249999999.99999997,124999999.99999999,125000000.0,1984.126984126984,98,98,196,8,0.04081632653061224,0.05,0.9999999999999999,0.9999999999999999,0.9999999999999999,1.9999999999999998,-0.008866785402447057,0.00039999999999999996,9.999999999999999e-05,0.0002999999999999999,99999.99999999999,7.936507936507936e-06,-0.008966785402447056,-0.009266785402447056,-0.009266785402447056,-0.009274721910383563,-88.66785402447057,0.9999999999999999,2.999999999999999,0.07936507936507936,-92.74721910383563,True,False
2021-03-12,490471.38615169394,250000000.0,125000000.00000003,125000000.0,1984.126984126984,99,99,198,9,0.045454545454545456,0.04999999999999998,1.0,1.0,1.0,2.0,0.001961885544606776,0.0004,0.0001,0.0003,100000.0,7.936507936507936e-06,0.0018618855446067759,0.001561885544606776,0.001561885544606776,0.001553949036670268,19.61885544606776,1.0,2.9999999999999996,0.07936507936507936,15.53949036670268,True,False
2021-03-15,282935.23087263346,250000000.00000006,125000000.00000003,125000000.00000004,1984.1269841269848,99,99,198,9,0.045454545454545456,0.05,1.0000000000000002,1.0000000000000002,1.0000000000000002,2.0000000000000004,0.0011317409234905338,0.00040000000000000013,0.00010000000000000003,0.00030000000000000003,100000.00000000003,7.93650793650794e-06,0.0010317409234905338,0.0007317409234905338,0.0007317409234905338,0.0007238044155540259,11.317409234905337,1.0000000000000002,3.0000000000000004,0.0793650793650794,7.238044155540258,True,False
2021-03-16,-2056287.0655256477,250000000.0,124999999.99999999,125000000.00000001,1984.1269841269846,98,98,196,6,0.030612244897959183,0.05,1.0,1.0,1.0,2.0,-0.008225148262102591,0.0004,0.0001,0.0003,100000.0,7.936507936507938e-06,-0.00832514826210259,-0.00862514826210259,-0.00862514826210259,-0.008633084770039098,-82.25148262102591,1.0,2.9999999999999996,0.07936507936507937,-86.33084770039098,True,False
2021-03-17,-1298462.2552721652,249999999.99999997,124999999.99999997,124999999.99999996,1984.1269841269836,98,98,196,6,0.030612244897959183,0.05,0.9999999999999999,0.9999999999999999,0.9999999999999999,1.9999999999999998,-0.005193849021088661,0.00039999999999999996,9.999999999999999e-05,0.0002999999999999999,99999.99999999999,7.936507936507934e-06,-0.005293849021088661,-0.005593849021088661,-0.005593849021088661,-0.005601785529025169,-51.938490210886606,0.9999999999999999,2.999999999999999,0.07936507936507935,-56.01785529025169,True,False
2021-03-18,332848.9369204882,249999999.99999997,124999999.99999994,125000000.0,1984.1269841269843,98,98,196,4,0.02040816326530612,0.05000000000000001,0.9999999999999999,0.9999999999999999,0.9999999999999999,1.9999999999999998,0.0013313957476819528,0.00039999999999999996,9.999999999999999e-05,0.0002999999999999999,99999.99999999999,7.936507936507938e-06,0.0012313957476819527,0.0009313957476819528,0.0009313957476819528,0.0009234592397454449,13.313957476819528,0.9999999999999999,2.999999999999999,0.07936507936507937,9.234592397454449,True,False
2021-03-19,663825.1342814191,250000000.00000003,125000000.00000003,125000000.00000003,1984.1269841269846,99,99,198,5,0.025252525252525252,0.049999999999999996,1.0000000000000002,1.0000000000000002,1.0000000000000002,2.0000000000000004,0.0026553005371256766,0.00040000000000000013,0.00010000000000000003,0.00030000000000000003,100000.00000000003,7.936507936507938e-06,0.0025553005371256768,0.002255300537125677,0.002255300537125677,0.002247364029189169,26.553005371256766,1.0000000000000002,3.0000000000000004,0.07936507936507937,22.473640291891687,True,False
2021-03-22,-818773.4810958231,250000000.0,124999999.99999997,125000000.0,1984.126984126984,99,99,198,5,0.025252525252525252,0.04999999999999999,1.0,1.0,1.0,2.0,-0.0032750939243832923,0.0004,0.0001,0.0003,100000.0,7.936507936507936e-06,-0.003375093924383292,-0.003675093924383292,-0.003675093924383292,-0.0036830304323198,-32.750939243832924,1.0,2.9999999999999996,0.07936507936507936,-36.830304323198,True,False
2021-03-23,1655137.4950484529,249999999.99999997,124999999.99999997,124999999.99999997,1984.1269841269836,98,98,196,5,0.025510204081632654,0.05,0.9999999999999999,0.9999999999999999,0.9999999999999999,1.9999999999999998,0.006620549980193811,0.00039999999999999996,9.999999999999999e-05,0.0002999999999999999,99999.99999999999,7.936507936507934e-06,0.006520549980193811,0.006220549980193811,0.006220549980193811,0.006212613472257303,66.20549980193812,0.9999999999999999,2.999999999999999,0.07936507936507935,62.126134722573035,True,False
2021-03-24,-2963116.2358842506,249999999.99999997,124999999.99999997,124999999.99999999,1984.1269841269839,98,98,196,5,0.025510204081632654,0.05,0.9999999999999999,0.9999999999999999,0.9999999999999999,1.9999999999999998,-0.011852464943537002,0.00039999999999999996,9.999999999999999e-05,0.0002999999999999999,99999.99999999999,7.936507936507936e-06,-0.011952464943537001,-0.012252464943537001,-0.012252464943537001,-0.012260401451473509,-118.52464943537002,0.9999999999999999,2.999999999999999,0.07936507936507936,-122.60401451473508,True,False
2021-03-25,798818.6742812317,250000000.00000006,125000000.0,125000000.0,1984.1269841269843,99,99,198,4,0.020202020202020204,0.05,1.0000000000000002,1.0000000000000002,1.0000000000000002,2.0000000000000004,0.003195274697124927,0.00040000000000000013,0.00010000000000000003,0.00030000000000000003,100000.00000000003,7.936507936507938e-06,0.003095274697124927,0.002795274697124927,0.002795274697124927,0.002787338189188419,31.95274697124927,1.0000000000000002,3.0000000000000004,0.07936507936507937,27.87338189188419,True,False
2021-03-26,-172696.7643146105,250000000.00000003,125000000.0,125000000.00000003,1984.1269841269843,99,99,198,4,0.020202020202020204,0.049999999999999996,1.0000000000000002,1.0000000000000002,1.0000000000000002,2.0000000000000004,-0.000690787057258442,0.00040000000000000013,0.00010000000000000003,0.00030000000000000003,100000.00000000003,7.936507936507938e-06,-0.0007907870572584421,-0.001090787057258442,-0.001090787057258442,-0.00109872356519495,-6.90787057258442,1.0000000000000002,3.0000000000000004,0.07936507936507937,-10.9872356519495,True,False
2021-03-29,-164348.2159754545,249999999.99999997,125000000.0,124999999.99999996,1984.1269841269836,98,98,196,6,0.030612244897959183,0.049999999999999996,0.9999999999999999,0.9999999999999999,0.9999999999999999,1.9999999999999998,-0.000657392863901818,0.00039999999999999996,9.999999999999999e-05,0.0002999999999999999,99999.99999999999,7.936507936507934e-06,-0.0007573928639018181,-0.001057392863901818,-0.001057392863901818,-0.001065329371838326,-6.57392863901818,0.9999999999999999,2.999999999999999,0.07936507936507935,-10.65329371838326,True,False
2021-03-30,1248591.9619735775,250000000.0,125000000.0,125000000.0,1984.126984126984,98,98,196,4,0.02040816326530612,0.049999999999999996,1.0,1.0,1.0,2.0,0.00499436784789431,0.0004,0.0001,0.0003,100000.0,7.936507936507936e-06,0.00489436784789431,0.00459436784789431,0.00459436784789431,0.004586431339957802,49.9436784789431,1.0,2.9999999999999996,0.07936507936507936,45.864313399578016,True,False
2021-03-31,1569093.9738880976,250000000.0,125000000.0,125000000.00000001,1984.1269841269846,98,98,196,3,0.015306122448979591,0.05,1.0,1.0,1.0,2.0,0.00627637589555239,0.0004,0.0001,0.0003,100000.0,7.936507936507938e-06,0.00617637589555239,0.00587637589555239,0.00587637589555239,0.005868439387615882,62.7637589555239,1.0,2.9999999999999996,0.07936507936507937,58.684393876158815,True,False
2021-04-01,1180727.820399808,250000000.00000003,125000000.00000001,125000000.00000001,2065.13647253995,99,99,198,6,0.030303030303030304,0.049999999999999996,1.0000000000000002,1.0000000000000002,1.0000000000000002,2.0000000000000004,0.004722911281599232,0.00040000000000000013,0.00010000000000000003,0.00030000000000000003,100000.00000000003,8.260545890159799e-06,0.004622911281599232,0.004322911281599232,0.004322911281599232,0.004314650735709072,47.22911281599232,1.0000000000000002,3.0000000000000004,0.08260545890159798,43.14650735709073,True,False
2021-04-05,332443.668847953,250000000.00000003,125000000.00000003,125000000.00000004,1984.126984126985,99,99,198,4,0.020202020202020204,0.05,1.0000000000000002,1.0000000000000002,1.0000000000000002,2.0000000000000004,0.001329774675391812,0.00040000000000000013,0.00010000000000000003,0.00030000000000000003,100000.00000000003,7.93650793650794e-06,0.001229774675391812,0.000929774675391812,0.000929774675391812,0.0009218381674553041,13.29774675391812,1.0000000000000002,3.0000000000000004,0.0793650793650794,9.21838167455304,True,False
2021-04-06,32397.877376371373,250000000.0,125000000.00000001,125000000.0,1984.126984126984,98,98,196,3,0.015306122448979591,0.049999999999999996,1.0,1.0,1.0,2.0,0.0001295915095054855,0.0004,0.0001,0.0003,100000.0,7.936507936507936e-06,2.9591509505485486e-05,-0.0002704084904945145,-0.0002704084904945145,-0.00027834499843102246,1.2959150950548548,1.0,2.9999999999999996,0.07936507936507936,-2.7834499843102245,True,False
2021-04-07,524072.73472161085,250000000.00000003,124999999.99999999,125000000.0,1984.126984126984,98,98,196,3,0.015306122448979591,0.05,1.0000000000000002,1.0000000000000002,1.0000000000000002,2.0000000000000004,0.002096290938886443,0.00040000000000000013,0.00010000000000000003,0.00030000000000000003,100000.00000000003,7.936507936507936e-06,0.0019962909388864434,0.0016962909388864435,0.0016962909388864435,0.0016883544309499354,20.962909388864432,1.0000000000000002,3.0000000000000004,0.07936507936507936,16.883544309499353,True,False
2021-04-08,-714365.5748071217,250000000.00000006,125000000.0,125000000.00000003,1984.1269841269848,99,99,198,3,0.015151515151515152,0.05,1.0000000000000002,1.0000000000000002,1.0000000000000002,2.0000000000000004,-0.0028574622992284865,0.00040000000000000013,0.00010000000000000003,0.00030000000000000003,100000.00000000003,7.93650793650794e-06,-0.0029574622992284863,-0.003257462299228486,-0.003257462299228486,-0.003265398807164994,-28.574622992284866,1.0000000000000002,3.0000000000000004,0.0793650793650794,-32.65398807164994,True,False
2021-04-09,-316667.13250625075,249999999.99999997,125000000.00000003,124999999.99999997,1984.1269841269836,99,99,198,4,0.020202020202020204,0.04999999999999998,0.9999999999999999,0.9999999999999999,0.9999999999999999,1.9999999999999998,-0.001266668530025003,0.00039999999999999996,9.999999999999999e-05,0.0002999999999999999,99999.99999999999,7.936507936507934e-06,-0.001366668530025003,-0.001666668530025003,-0.001666668530025003,-0.001674605037961511,-12.666685300250029,0.9999999999999999,2.999999999999999,0.07936507936507935,-16.74605037961511,True,False
2021-04-12,448678.56104164146,250000000.00000003,125000000.0,124999999.99999999,1984.126984126984,99,99,198,6,0.030303030303030304,0.05,1.0000000000000002,1.0000000000000002,1.0000000000000002,2.0000000000000004,0.0017947142441665659,0.00040000000000000013,0.00010000000000000003,0.00030000000000000003,100000.00000000003,7.936507936507936e-06,0.0016947142441665658,0.001394714244166566,0.001394714244166566,0.0013867777362300579,17.947142441665658,1.0000000000000002,3.0000000000000004,0.07936507936507936,13.86777736230058,True,False
2021-04-13,718795.1255216608,249999999.99999997,124999999.99999997,124999999.99999997,1984.1269841269836,98,98,196,7,0.03571428571428571,0.05,0.9999999999999999,0.9999999999999999,0.9999999999999999,1.9999999999999998,0.0028751805020866433,0.00039999999999999996,9.999999999999999e-05,0.0002999999999999999,99999.99999999999,7.936507936507934e-06,0.0027751805020866434,0.0024751805020866435,0.0024751805020866435,0.0024672439941501355,28.75180502086643,0.9999999999999999,2.999999999999999,0.07936507936507935,24.672439941501356,True,False
2021-04-14,1082688.908671732,250000000.00000003,125000000.00000001,125000000.00000001,1984.126984126984,97,97,194,6,0.030927835051546393,0.05,1.0000000000000002,1.0000000000000002,1.0000000000000002,2.0000000000000004,0.004330755634686928,0.00040000000000000013,0.00010000000000000003,0.00030000000000000003,100000.00000000003,7.936507936507936e-06,0.004230755634686928,0.003930755634686928,0.003930755634686928,0.00392281912675042,43.30755634686928,1.0000000000000002,3.0000000000000004,0.07936507936507936,39.2281912675042,True,False
2021-04-15,-266774.3970766263,249999999.99999997,124999999.99999997,124999999.99999999,2067.23948509468,97,97,194,7,0.03608247422680412,0.04999999999999999,0.9999999999999999,0.9999999999999999,0.9999999999999999,1.9999999999999998,-0.0010670975883065052,0.00039999999999999996,9.999999999999999e-05,0.0002999999999999999,99999.99999999999,8.26895794037872e-06,-0.0011670975883065053,-0.0014670975883065052,-0.0014670975883065052,-0.001475366546246884,-10.670975883065053,0.9999999999999999,2.999999999999999,0.0826895794037872,-14.75366546246884,True,False
2021-04-16,-735930.3406144251,249999999.99999997,124999999.99999997,125000000.0,1984.1269841269843,95,95,190,6,0.031578947368421054,0.05,0.9999999999999999,0.9999999999999999,0.9999999999999999,1.9999999999999998,-0.0029437213624577004,0.00039999999999999996,9.999999999999999e-05,0.0002999999999999999,99999.99999999999,7.936507936507938e-06,-0.0030437213624577002,-0.0033437213624577,-0.0033437213624577,-0.003351657870394208,-29.437213624577005,0.9999999999999999,2.999999999999999,0.07936507936507937,-33.51657870394208,True,False
2021-04-19,-188823.75367571178,249999999.9999999,124999999.99999993,125000000.0,1984.1269841269843,95,95,190,8,0.042105263157894736,0.05,0.9999999999999997,0.9999999999999997,0.9999999999999997,1.9999999999999993,-0.0007552950147028471,0.0003999999999999999,9.999999999999998e-05,0.00029999999999999987,99999.99999999997,7.936507936507938e-06,-0.0008552950147028471,-0.001155295014702847,-0.001155295014702847,-0.001163231522639355,-7.552950147028471,0.9999999999999998,2.9999999999999987,0.07936507936507937,-11.63231522639355,True,False
2021-04-20,-953672.8519243192,250000000.0,124999999.99999997,124999999.99999999,1984.126984126984,90,90,180,8,0.044444444444444446,0.05000000000000001,1.0,1.0,1.0,2.0,-0.003814691407697277,0.0004,0.0001,0.0003,100000.0,7.936507936507936e-06,-0.003914691407697277,-0.0042146914076972766,-0.0042146914076972766,-0.004222627915633785,-38.14691407697277,1.0,2.9999999999999996,0.07936507936507936,-42.226279156337846,True,False
2021-04-21,382961.95337459235,249999999.99999997,124999999.99999996,124999999.99999999,1984.126984126984,90,90,180,7,0.03888888888888889,0.049999999999999996,0.9999999999999999,0.9999999999999999,0.9999999999999999,1.9999999999999998,0.0015318478134983694,0.00039999999999999996,9.999999999999999e-05,0.0002999999999999999,99999.99999999999,7.936507936507936e-06,0.0014318478134983693,0.0011318478134983694,0.0011318478134983694,0.0011239113055618614,15.318478134983694,0.9999999999999999,2.999999999999999,0.07936507936507936,11.239113055618613,True,False
2021-04-22,743830.162945455,249999999.99999997,125000000.0,124999999.99999999,1984.126984126984,92,92,184,12,0.06521739130434782,0.049999999999999996,0.9999999999999999,0.9999999999999999,0.9999999999999999,1.9999999999999998,0.0029753206517818204,0.00039999999999999996,9.999999999999999e-05,0.0002999999999999999,99999.99999999999,7.936507936507936e-06,0.0028753206517818206,0.0025753206517818207,0.0025753206517818207,0.0025673841438453126,29.753206517818203,0.9999999999999999,2.999999999999999,0.07936507936507936,25.673841438453127,True,False
2021-04-23,537755.1767376694,249999999.99999997,124999999.99999997,125000000.0,1984.126984126984,92,92,184,9,0.04891304347826087,0.05,0.9999999999999999,0.9999999999999999,0.9999999999999999,1.9999999999999998,0.0021510207069506777,0.00039999999999999996,9.999999999999999e-05,0.0002999999999999999,99999.99999999999,7.936507936507936e-06,0.002051020706950678,0.001751020706950678,0.001751020706950678,0.00174308419901417,21.510207069506777,0.9999999999999999,2.999999999999999,0.07936507936507936,17.4308419901417,True,False
2021-04-26,474998.18224302976,250000000.0,125000000.0,124999999.99999999,1984.1269841269839,87,87,174,12,0.06896551724137931,0.049999999999999996,1.0,1.0,1.0,2.0,0.001899992728972119,0.0004,0.0001,0.0003,100000.0,7.936507936507936e-06,0.001799992728972119,0.0014999927289721191,0.0014999927289721191,0.001492056221035611,18.999927289721192,1.0,2.9999999999999996,0.07936507936507936,14.920562210356112,True,False
2021-04-27,-486502.2104587322,249999999.99999985,124999999.99999988,124999999.99999996,1984.1269841269834,76,76,152,17,0.1118421052631579,0.05,0.9999999999999994,0.9999999999999994,0.9999999999999994,1.999999999999999,-0.0019460088418349287,0.0003999999999999998,9.999999999999995e-05,0.0002999999999999998,99999.99999999996,7.936507936507934e-06,-0.002046008841834929,-0.0023460088418349287,-0.0023460088418349287,-0.0023539453497714367,-19.460088418349287,0.9999999999999996,2.9999999999999982,0.07936507936507935,-23.539453497714366,True,False
2021-04-28,828107.5885624139,249999999.99999988,124999999.99999994,124999999.99999996,1984.1269841269836,74,74,148,20,0.13513513513513514,0.05000000000000001,0.9999999999999996,0.9999999999999996,0.9999999999999996,1.9999999999999991,0.0033124303542496555,0.00039999999999999986,9.999999999999996e-05,0.00029999999999999987,99999.99999999997,7.936507936507934e-06,0.0032124303542496557,0.002912430354249656,0.002912430354249656,0.0029044938463131478,33.124303542496556,0.9999999999999997,2.9999999999999987,0.07936507936507935,29.044938463131476,True,False
2021-04-29,-1116986.2384974558,250000000.00000003,125000000.0,125000000.00000001,1984.1269841269843,81,81,162,18,0.1111111111111111,0.05000000000000001,1.0000000000000002,1.0000000000000002,1.0000000000000002,2.0000000000000004,-0.0044679449539898235,0.00040000000000000013,0.00010000000000000003,0.00030000000000000003,100000.00000000003,7.936507936507938e-06,-0.004567944953989824,-0.004867944953989824,-0.004867944953989824,-0.004875881461926332,-44.679449539898236,1.0000000000000002,3.0000000000000004,0.07936507936507937,-48.75881461926332,True,False
2021-04-30,504090.0930920337,249999999.99999997,124999999.99999997,124999999.99999999,1984.126984126984,86,86,172,11,0.06395348837209303,0.05,0.9999999999999999,0.9999999999999999,0.9999999999999999,1.9999999999999998,0.0020163603723681346,0.00039999999999999996,9.999999999999999e-05,0.0002999999999999999,99999.99999999999,7.936507936507936e-06,0.0019163603723681346,0.0016163603723681347,0.0016163603723681347,0.0016084238644316266,20.163603723681348,0.9999999999999999,2.999999999999999,0.07936507936507936,16.084238644316265,True,False
2021-05-03,-581848.2604799214,249999999.99999994,124999999.99999997,124999999.99999999,1984.1269841269839,86,86,172,13,0.0755813953488372,0.05,0.9999999999999998,0.9999999999999998,0.9999999999999998,1.9999999999999996,-0.0023273930419196853,0.0003999999999999999,9.999999999999998e-05,0.0002999999999999999,99999.99999999997,7.936507936507936e-06,-0.002427393041919685,-0.002727393041919685,-0.002727393041919685,-0.002735329549856193,-23.27393041919685,0.9999999999999998,2.999999999999999,0.07936507936507936,-27.35329549856193,True,False
2021-05-04,1025827.1262852667,250000000.0,125000000.0,124999999.99999999,1984.1269841269839,77,77,154,17,0.11038961038961038,0.05,1.0,1.0,1.0,2.0,0.004103308505141067,0.0004,0.0001,0.0003,100000.0,7.936507936507936e-06,0.004003308505141067,0.0037033085051410668,0.0037033085051410668,0.0036953719972045588,41.03308505141067,1.0,2.9999999999999996,0.07936507936507936,36.95371997204559,True,False
2021-05-05,-507492.0414532526,250000000.0,124999999.99999999,124999999.99999999,1984.1269841269839,77,77,154,11,0.07142857142857142,0.05,1.0,1.0,1.0,2.0,-0.0020299681658130105,0.0004,0.0001,0.0003,100000.0,7.936507936507936e-06,-0.0021299681658130103,-0.0024299681658130103,-0.0024299681658130103,-0.0024379046737495183,-20.299681658130105,1.0,2.9999999999999996,0.07936507936507936,-24.379046737495184,True,False
2021-05-06,536112.6148832077,249999999.99999994,124999999.99999994,124999999.99999999,1984.1269841269839,82,82,164,16,0.0975609756097561,0.05,0.9999999999999998,0.9999999999999998,0.9999999999999998,1.9999999999999996,0.002144450459532831,0.0003999999999999999,9.999999999999998e-05,0.0002999999999999999,99999.99999999997,7.936507936507936e-06,0.0020444504595328312,0.0017444504595328313,0.0017444504595328313,0.0017365139515963233,21.44450459532831,0.9999999999999998,2.999999999999999,0.07936507936507936,17.365139515963232,True,False
2021-05-07,-569202.7349214436,250000000.0,124999999.99999997,124999999.99999999,1984.1269841269843,90,90,180,11,0.06111111111111111,0.05,1.0,1.0,1.0,2.0,-0.0022768109396857747,0.0004,0.0001,0.0003,100000.0,7.936507936507938e-06,-0.0023768109396857745,-0.0026768109396857745,-0.0026768109396857745,-0.0026847474476222825,-22.768109396857746,1.0,2.9999999999999996,0.07936507936507937,-26.847474476222825,True,False
2021-05-10,-3130641.0098044313,249999999.99999988,124999999.99999988,124999999.99999997,1984.1269841269836,96,96,192,12,0.0625,0.05000000000000001,0.9999999999999996,0.9999999999999996,0.9999999999999996,1.9999999999999991,-0.012522564039217726,0.00039999999999999986,9.999999999999996e-05,0.00029999999999999987,99999.99999999997,7.936507936507934e-06,-0.012622564039217726,-0.012922564039217726,-0.012922564039217726,-0.012930500547154233,-125.22564039217727,0.9999999999999997,2.9999999999999987,0.07936507936507935,-129.30500547154233,True,False
2021-05-11,-1526610.7328093871,249999999.99999994,124999999.99999997,124999999.99999999,1984.1269841269839,96,96,192,9,0.046875,0.05000000000000001,0.9999999999999998,0.9999999999999998,0.9999999999999998,1.9999999999999996,-0.006106442931237549,0.0003999999999999999,9.999999999999998e-05,0.0002999999999999999,99999.99999999997,7.936507936507936e-06,-0.006206442931237549,-0.006506442931237549,-0.006506442931237549,-0.006514379439174057,-61.06442931237549,0.9999999999999998,2.999999999999999,0.07936507936507936,-65.14379439174057,True,False
2021-05-12,824708.1164282998,250000000.0,124999999.99999996,125000000.0,1984.1269841269843,98,98,196,8,0.04081632653061224,0.05,1.0,1.0,1.0,2.0,0.003298832465713199,0.0004,0.0001,0.0003,100000.0,7.936507936507938e-06,0.0031988324657131993,0.0028988324657131994,0.0028988324657131994,0.0028908959577766914,32.98832465713199,1.0,2.9999999999999996,0.07936507936507937,28.908959577766915,True,False
2021-05-13,955463.9698528267,249999999.99999997,125000000.00000003,125000000.0,1984.126984126984,99,99,198,7,0.03535353535353535,0.049999999999999996,0.9999999999999999,0.9999999999999999,0.9999999999999999,1.9999999999999998,0.0038218558794113067,0.00039999999999999996,9.999999999999999e-05,0.0002999999999999999,99999.99999999999,7.936507936507936e-06,0.003721855879411307,0.003421855879411307,0.003421855879411307,0.003413919371474799,38.218558794113065,0.9999999999999999,2.999999999999999,0.07936507936507936,34.13919371474799,True,False
2021-05-14,-461574.6535382309,250000000.00000003,125000000.0,125000000.0,1984.126984126984,99,99,198,5,0.025252525252525252,0.05,1.0000000000000002,1.0000000000000002,1.0000000000000002,2.0000000000000004,-0.0018462986141529237,0.00040000000000000013,0.00010000000000000003,0.00030000000000000003,100000.00000000003,7.936507936507936e-06,-0.0019462986141529238,-0.0022462986141529237,-0.0022462986141529237,-0.0022542351220894317,-18.46298614152924,1.0000000000000002,3.0000000000000004,0.07936507936507936,-22.542351220894318,True,False
2021-05-17,833831.4388136019,250000000.0,124999999.99999994,125000000.00000001,1984.1269841269846,98,98,196,6,0.030612244897959183,0.05,1.0,1.0,1.0,2.0,0.0033353257552544073,0.0004,0.0001,0.0003,100000.0,7.936507936507938e-06,0.0032353257552544075,0.0029353257552544075,0.0029353257552544075,0.0029273892473178995,33.35325755254407,1.0,2.9999999999999996,0.07936507936507937,29.273892473178996,True,False
2021-05-18,-2359365.8843970057,250000000.0,124999999.99999999,124999999.99999999,1984.1269841269836,98,98,196,5,0.025510204081632654,0.05000000000000001,1.0,1.0,1.0,2.0,-0.009437463537588023,0.0004,0.0001,0.0003,100000.0,7.936507936507934e-06,-0.009537463537588022,-0.009837463537588022,-0.009837463537588022,-0.00984540004552453,-94.37463537588023,1.0,2.9999999999999996,0.07936507936507935,-98.45400045524529,True,False
2021-05-19,847679.2849372943,250000000.00000003,125000000.00000001,125000000.00000001,2041.8772439722225,97,97,194,7,0.03608247422680412,0.049999999999999996,1.0000000000000002,1.0000000000000002,1.0000000000000002,2.0000000000000004,0.003390717139749177,0.00040000000000000013,0.00010000000000000003,0.00030000000000000003,100000.00000000003,8.16750897588889e-06,0.0032907171397491774,0.0029907171397491774,0.0029907171397491774,0.0029825496307732888,33.90717139749177,1.0000000000000002,3.0000000000000004,0.08167508975888889,29.825496307732887,True,False
2021-05-20,815637.4833984228,249999999.99999997,125000000.00000001,124999999.99999999,1984.1269841269836,97,97,194,5,0.02577319587628866,0.049999999999999996,0.9999999999999999,0.9999999999999999,0.9999999999999999,1.9999999999999998,0.0032625499335936915,0.00039999999999999996,9.999999999999999e-05,0.0002999999999999999,99999.99999999999,7.936507936507934e-06,0.0031625499335936917,0.0028625499335936918,0.0028625499335936918,0.0028546134256571837,32.625499335936915,0.9999999999999999,2.999999999999999,0.07936507936507935,28.546134256571836,True,False
2021-05-21,450174.68598963995,249999999.99999997,125000000.00000003,124999999.99999999,1984.1269841269839,98,98,196,3,0.015306122448979591,0.04999999999999999,0.9999999999999999,0.9999999999999999,0.9999999999999999,1.9999999999999998,0.0018006987439585598,0.00039999999999999996,9.999999999999999e-05,0.0002999999999999999,99999.99999999999,7.936507936507936e-06,0.0017006987439585597,0.0014006987439585598,0.0014006987439585598,0.0013927622360220518,18.006987439585597,0.9999999999999999,2.999999999999999,0.07936507936507936,13.927622360220518,True,False
2021-05-24,682892.4321765705,249999999.99999997,124999999.99999994,125000000.0,1984.1269841269839,98,98,196,5,0.025510204081632654,0.04999999999999999,0.9999999999999999,0.9999999999999999,0.9999999999999999,1.9999999999999998,0.002731569728706282,0.00039999999999999996,9.999999999999999e-05,0.0002999999999999999,99999.99999999999,7.936507936507936e-06,0.0026315697287062822,0.0023315697287062823,0.0023315697287062823,0.0023236332207697743,27.31569728706282,0.9999999999999999,2.999999999999999,0.07936507936507936,23.236332207697743,True,False
2021-05-25,281337.4303322582,250000000.00000003,125000000.0,125000000.00000001,1984.1269841269846,97,97,194,6,0.030927835051546393,0.05,1.0000000000000002,1.0000000000000002,1.0000000000000002,2.0000000000000004,0.0011253497213290328,0.00040000000000000013,0.00010000000000000003,0.00030000000000000003,100000.00000000003,7.936507936507938e-06,0.0010253497213290328,0.0007253497213290328,0.0007253497213290328,0.0007174132133925249,11.253497213290329,1.0000000000000002,3.0000000000000004,0.07936507936507937,7.174132133925249,True,False
2021-05-26,169230.97869755916,249999999.99999994,125000000.0,124999999.99999997,2067.928975704365,96,96,192,7,0.036458333333333336,0.05000000000000001,0.9999999999999998,0.9999999999999998,0.9999999999999998,1.9999999999999996,0.0006769239147902366,0.0003999999999999999,9.999999999999998e-05,0.0002999999999999999,99999.99999999997,8.27171590281746e-06,0.0005769239147902366,0.0002769239147902367,0.0002769239147902367,0.00026865219888741926,6.769239147902366,0.9999999999999998,2.999999999999999,0.0827171590281746,2.6865219888741927,True,False
2021-05-27,49251.86136850189,250000000.0,125000000.0,124999999.99999997,2149.2681639732664,97,97,194,4,0.020618556701030927,0.05,1.0,1.0,1.0,2.0,0.00019700744547400758,0.0004,0.0001,0.0003,100000.0,8.597072655893066e-06,9.700744547400758e-05,-0.00020299255452599238,-0.00020299255452599238,-0.00021158962718188546,1.970074454740076,1.0,2.9999999999999996,0.08597072655893066,-2.1158962718188548,True,False
2021-05-28,982810.6596185862,249999999.99999994,125000000.00000001,124999999.99999997,2064.5984719501125,99,99,198,3,0.015151515151515152,0.04999999999999999,0.9999999999999998,0.9999999999999998,0.9999999999999998,1.9999999999999996,0.003931242638474345,0.0003999999999999999,9.999999999999998e-05,0.0002999999999999999,99999.99999999997,8.25839388780045e-06,0.0038312426384743453,0.0035312426384743454,0.0035312426384743454,0.003522984244586545,39.31242638474345,0.9999999999999998,2.999999999999999,0.0825839388780045,35.22984244586545,True,False
2021-06-01,-143994.33911509847,250000000.0,125000000.0,125000000.0,1984.1269841269843,98,98,196,3,0.015306122448979591,0.05,1.0,1.0,1.0,2.0,-0.0005759773564603938,0.0004,0.0001,0.0003,100000.0,7.936507936507938e-06,-0.0006759773564603939,-0.0009759773564603938,-0.0009759773564603938,-0.0009839138643969018,-5.759773564603939,1.0,2.9999999999999996,0.07936507936507937,-9.839138643969019,True,False
2021-06-02,-834657.3382443709,250000000.0,125000000.00000003,125000000.0,2146.429659417989,98,98,196,3,0.015306122448979591,0.049999999999999996,1.0,1.0,1.0,2.0,-0.0033386293529774837,0.0004,0.0001,0.0003,100000.0,8.585718637671957e-06,-0.0034386293529774835,-0.0037386293529774834,-0.0037386293529774834,-0.0037472150716151556,-33.38629352977484,1.0,2.9999999999999996,0.08585718637671956,-37.47215071615155,True,False
2021-06-03,485929.36834041704,249999999.99999997,125000000.0,124999999.99999999,2065.2979494874335,98,98,196,5,0.025510204081632654,0.049999999999999996,0.9999999999999999,0.9999999999999999,0.9999999999999999,1.9999999999999998,0.0019437174733616682,0.00039999999999999996,9.999999999999999e-05,0.0002999999999999999,99999.99999999999,8.261191797949734e-06,0.0018437174733616681,0.0015437174733616682,0.0015437174733616682,0.0015354562815637185,19.437174733616683,0.9999999999999999,2.999999999999999,0.08261191797949734,15.354562815637184,True,False
2021-06-04,-95600.30566217894,250000000.0,124999999.99999997,125000000.0,2065.3448744279103,98,98,196,4,0.02040816326530612,0.05,1.0,1.0,1.0,2.0,-0.00038240122264871575,0.0004,0.0001,0.0003,100000.0,8.261379497711641e-06,-0.00048240122264871574,-0.0007824012226487157,-0.0007824012226487157,-0.0007906626021464274,-3.8240122264871577,1.0,2.9999999999999996,0.08261379497711642,-7.906626021464274,True,False
2021-06-07,504001.84010629467,249999999.99999997,125000000.00000003,124999999.99999999,2064.4792671624937,99,99,198,6,0.030303030303030304,0.04999999999999999,0.9999999999999999,0.9999999999999999,0.9999999999999999,1.9999999999999998,0.0020160073604251786,0.00039999999999999996,9.999999999999999e-05,0.0002999999999999999,99999.99999999999,8.257917068649975e-06,0.0019160073604251786,0.0016160073604251787,0.0016160073604251787,0.0016077494433565287,20.160073604251785,0.9999999999999999,2.999999999999999,0.08257917068649975,16.07749443356529,True,False
2021-06-08,414940.5473885538,249999999.99999997,124999999.99999996,125000000.0,2064.9200510543023,99,99,198,6,0.030303030303030304,0.049999999999999996,0.9999999999999999,0.9999999999999999,0.9999999999999999,1.9999999999999998,0.0016597621895542152,0.00039999999999999996,9.999999999999999e-05,0.0002999999999999999,99999.99999999999,8.25968020421721e-06,0.0015597621895542151,0.0012597621895542152,0.0012597621895542152,0.001251502509349998,16.59762189554215,0.9999999999999999,2.999999999999999,0.0825968020421721,12.51502509349998,True,False
2021-06-09,63625.83931476517,250000000.0,125000000.00000001,125000000.0,2145.7990994994257,99,99,198,7,0.03535353535353535,0.04999999999999999,1.0,1.0,1.0,2.0,0.0002545033572590607,0.0004,0.0001,0.0003,100000.0,8.583196397997702e-06,0.00015450335725906072,-0.00014549664274093925,-0.00014549664274093925,-0.00015407983913893697,2.545033572590607,1.0,2.9999999999999996,0.08583196397997703,-1.5407983913893697,True,False
2021-06-10,437183.5452695731,249999999.99999997,125000000.00000003,124999999.99999997,1984.1269841269834,99,99,198,7,0.03535353535353535,0.049999999999999996,0.9999999999999999,0.9999999999999999,0.9999999999999999,1.9999999999999998,0.0017487341810782924,0.00039999999999999996,9.999999999999999e-05,0.0002999999999999999,99999.99999999999,7.936507936507934e-06,0.0016487341810782923,0.0013487341810782924,0.0013487341810782924,0.0013407976731417844,17.487341810782922,0.9999999999999999,2.999999999999999,0.07936507936507935,13.407976731417843,True,False
2021-06-11,350740.36970782257,249999999.99999997,124999999.99999996,125000000.0,1984.126984126984,99,99,198,7,0.03535353535353535,0.04999999999999999,0.9999999999999999,0.9999999999999999,0.9999999999999999,1.9999999999999998,0.0014029614788312903,0.00039999999999999996,9.999999999999999e-05,0.0002999999999999999,99999.99999999999,7.936507936507936e-06,0.0013029614788312902,0.0010029614788312903,0.0010029614788312903,0.0009950249708947823,14.029614788312902,0.9999999999999999,2.999999999999999,0.07936507936507936,9.950249708947823,True,False
2021-06-14,-206785.49348032713,250000000.0,125000000.00000001,125000000.0,1984.1269841269839,99,99,198,7,0.03535353535353535,0.04999999999999999,1.0,1.0,1.0,2.0,-0.0008271419739213085,0.0004,0.0001,0.0003,100000.0,7.936507936507936e-06,-0.0009271419739213085,-0.0012271419739213086,-0.0012271419739213086,-0.0012350784818578166,-8.271419739213085,1.0,2.9999999999999996,0.07936507936507936,-12.350784818578166,True,False
2021-06-15,-454352.63683505496,249999999.99999994,124999999.99999996,124999999.99999996,1984.1269841269836,99,99,198,13,0.06565656565656566,0.04999999999999999,0.9999999999999998,0.9999999999999998,0.9999999999999998,1.9999999999999996,-0.0018174105473402198,0.0003999999999999999,9.999999999999998e-05,0.0002999999999999999,99999.99999999997,7.936507936507934e-06,-0.0019174105473402198,-0.0022174105473402195,-0.0022174105473402195,-0.0022253470552767276,-18.174105473402197,0.9999999999999998,2.999999999999999,0.07936507936507935,-22.253470552767276,True,False
2021-06-16,-357946.14087426825,250000000.00000003,124999999.99999999,125000000.00000001,1984.1269841269846,99,99,198,11,0.05555555555555555,0.049999999999999996,1.0000000000000002,1.0000000000000002,1.0000000000000002,2.0000000000000004,-0.001431784563497073,0.00040000000000000013,0.00010000000000000003,0.00030000000000000003,100000.00000000003,7.936507936507938e-06,-0.001531784563497073,-0.0018317845634970732,-0.0018317845634970732,-0.0018397210714335812,-14.31784563497073,1.0000000000000002,3.0000000000000004,0.07936507936507937,-18.397210714335813,True,False
2021-06-17,-271667.1078135057,250000000.0,125000000.00000003,125000000.0,1984.1269841269846,99,99,198,13,0.06565656565656566,0.049999999999999996,1.0,1.0,1.0,2.0,-0.0010866684312540228,0.0004,0.0001,0.0003,100000.0,7.936507936507938e-06,-0.0011866684312540228,-0.0014866684312540227,-0.0014866684312540227,-0.0014946049391905308,-10.866684312540228,1.0,2.9999999999999996,0.07936507936507937,-14.946049391905307,True,False
2021-06-18,-285168.22197856836,249999999.99999994,125000000.00000001,124999999.99999997,1984.1269841269836,99,99,198,17,0.08585858585858586,0.04999999999999999,0.9999999999999998,0.9999999999999998,0.9999999999999998,1.9999999999999996,-0.0011406728879142735,0.0003999999999999999,9.999999999999998e-05,0.0002999999999999999,99999.99999999997,7.936507936507934e-06,-0.0012406728879142735,-0.0015406728879142734,-0.0015406728879142734,-0.0015486093958507815,-11.406728879142735,0.9999999999999998,2.999999999999999,0.07936507936507935,-15.486093958507814,True,False
2021-06-21,-196195.90694381265,250000000.00000003,125000000.0,125000000.0,1984.126984126984,99,99,198,13,0.06565656565656566,0.049999999999999996,1.0000000000000002,1.0000000000000002,1.0000000000000002,2.0000000000000004,-0.0007847836277752506,0.00040000000000000013,0.00010000000000000003,0.00030000000000000003,100000.00000000003,7.936507936507936e-06,-0.0008847836277752506,-0.0011847836277752506,-0.0011847836277752506,-0.0011927201357117586,-7.8478362777525055,1.0000000000000002,3.0000000000000004,0.07936507936507936,-11.927201357117587,True,False
2021-06-22,884559.3690501766,250000000.0,125000000.0,125000000.0,1984.1269841269843,99,99,198,12,0.06060606060606061,0.049999999999999996,1.0,1.0,1.0,2.0,0.0035382374762007065,0.0004,0.0001,0.0003,100000.0,7.936507936507938e-06,0.0034382374762007067,0.003138237476200707,0.003138237476200707,0.0031303009682641988,35.38237476200707,1.0,2.9999999999999996,0.07936507936507937,31.30300968264199,True,False
2021-06-23,511310.5877214437,250000000.00000006,124999999.99999999,125000000.00000001,1984.1269841269846,99,99,198,10,0.050505050505050504,0.05,1.0000000000000002,1.0000000000000002,1.0000000000000002,2.0000000000000004,0.0020452423508857745,0.00040000000000000013,0.00010000000000000003,0.00030000000000000003,100000.00000000003,7.936507936507938e-06,0.0019452423508857745,0.0016452423508857743,0.0016452423508857743,0.0016373058429492663,20.452423508857745,1.0000000000000002,3.0000000000000004,0.07936507936507937,16.373058429492662,True,False
2021-06-24,616167.9342222404,250000000.00000003,125000000.00000001,125000000.00000003,1984.1269841269848,99,99,198,11,0.05555555555555555,0.05,1.0000000000000002,1.0000000000000002,1.0000000000000002,2.0000000000000004,0.002464671736888961,0.00040000000000000013,0.00010000000000000003,0.00030000000000000003,100000.00000000003,7.93650793650794e-06,0.0023646717368889614,0.0020646717368889614,0.0020646717368889614,0.0020567352289524534,24.64671736888961,1.0000000000000002,3.0000000000000004,0.0793650793650794,20.567352289524536,True,False
2021-06-25,87235.41063001401,250000000.00000006,125000000.00000003,125000000.00000004,1984.1269841269846,99,99,198,12,0.06060606060606061,0.05,1.0000000000000002,1.0000000000000002,1.0000000000000002,2.0000000000000004,0.00034894164252005606,0.00040000000000000013,0.00010000000000000003,0.00030000000000000003,100000.00000000003,7.936507936507938e-06,0.000248941642520056,-5.1058357479944014e-05,-5.1058357479944014e-05,-5.899486541645195e-05,3.4894164252005604,1.0000000000000002,3.0000000000000004,0.07936507936507937,-0.5899486541645195,True,False
2021-06-28,484377.8867967966,250000000.00000003,125000000.00000003,125000000.00000003,1984.1269841269848,99,99,198,13,0.06565656565656566,0.049999999999999996,1.0000000000000002,1.0000000000000002,1.0000000000000002,2.0000000000000004,0.0019375115471871862,0.00040000000000000013,0.00010000000000000003,0.00030000000000000003,100000.00000000003,7.93650793650794e-06,0.0018375115471871862,0.0015375115471871863,0.0015375115471871863,0.0015295750392506783,19.37511547187186,1.0000000000000002,3.0000000000000004,0.0793650793650794,15.295750392506783,True,False
2021-06-29,-117166.48110836693,250000000.00000003,125000000.0,125000000.0,1984.126984126984,98,98,196,6,0.030612244897959183,0.05,1.0000000000000002,1.0000000000000002,1.0000000000000002,2.0000000000000004,-0.0004686659244334677,0.00040000000000000013,0.00010000000000000003,0.00030000000000000003,100000.00000000003,7.936507936507936e-06,-0.0005686659244334677,-0.0008686659244334677,-0.0008686659244334677,-0.0008766024323699756,-4.6866592443346775,1.0000000000000002,3.0000000000000004,0.07936507936507936,-8.766024323699757,True,False
2021-06-30,763313.8991998316,250000000.0,125000000.00000001,125000000.0,1984.1269841269843,98,98,196,7,0.03571428571428571,0.049999999999999996,1.0,1.0,1.0,2.0,0.0030532555967993265,0.0004,0.0001,0.0003,100000.0,7.936507936507938e-06,0.0029532555967993267,0.0026532555967993267,0.0026532555967993267,0.0026453190888628187,30.532555967993265,1.0,2.9999999999999996,0.07936507936507937,26.453190888628185,True,False
2021-07-01,-25425.027482969454,249999999.99999994,124999999.99999996,124999999.99999996,1984.1269841269834,99,99,198,7,0.03535353535353535,0.04999999999999998,0.9999999999999998,0.9999999999999998,0.9999999999999998,1.9999999999999996,-0.00010170010993187782,0.0003999999999999999,9.999999999999998e-05,0.0002999999999999999,99999.99999999997,7.936507936507934e-06,-0.0002017001099318778,-0.0005017001099318777,-0.0005017001099318777,-0.0005096366178683856,-1.0170010993187781,0.9999999999999998,2.999999999999999,0.07936507936507935,-5.096366178683856,True,False
2021-07-02,5928.988100991302,249999999.99999994,124999999.99999999,124999999.99999996,1984.1269841269832,99,99,198,9,0.045454545454545456,0.049999999999999996,0.9999999999999998,0.9999999999999998,0.9999999999999998,1.9999999999999996,2.3715952403965208e-05,0.0003999999999999999,9.999999999999998e-05,0.0002999999999999999,99999.99999999997,7.936507936507933e-06,-7.628404759603477e-05,-0.0003762840475960347,-0.0003762840475960347,-0.00038422055553254266,0.23715952403965207,0.9999999999999998,2.999999999999999,0.07936507936507933,-3.8422055553254264,True,False
2021-07-06,46893.34864151464,250000000.0,125000000.00000001,124999999.99999999,2025.9689584126982,99,99,198,10,0.050505050505050504,0.049999999999999996,1.0,1.0,1.0,2.0,0.00018757339456605855,0.0004,0.0001,0.0003,100000.0,8.103875833650793e-06,8.757339456605855e-05,-0.0002124266054339414,-0.0002124266054339414,-0.00022053048126759222,1.8757339456605855,1.0,2.9999999999999996,0.08103875833650792,-2.205304812675922,True,False
2021-07-07,-2109779.8763564727,249999999.99999997,124999999.99999999,125000000.0,1984.1269841269843,99,99,198,8,0.04040404040404041,0.049999999999999996,0.9999999999999999,0.9999999999999999,0.9999999999999999,1.9999999999999998,-0.00843911950542589,0.00039999999999999996,9.999999999999999e-05,0.0002999999999999999,99999.99999999999,7.936507936507938e-06,-0.00853911950542589,-0.00883911950542589,-0.00883911950542589,-0.008847056013362397,-84.3911950542589,0.9999999999999999,2.999999999999999,0.07936507936507937,-88.47056013362398,True,False
2021-07-08,919507.966999498,250000000.0,125000000.00000001,124999999.99999999,1984.126984126984,99,99,198,6,0.030303030303030304,0.04999999999999999,1.0,1.0,1.0,2.0,0.003678031867997992,0.0004,0.0001,0.0003,100000.0,7.936507936507936e-06,0.0035780318679979922,0.0032780318679979923,0.0032780318679979923,0.0032700953600614843,36.78031867997992,1.0,2.9999999999999996,0.07936507936507936,32.700953600614845,True,False
2021-07-09,-602866.1358154474,250000000.00000003,124999999.99999999,125000000.0,1984.126984126984,99,99,198,7,0.03535353535353535,0.05,1.0000000000000002,1.0000000000000002,1.0000000000000002,2.0000000000000004,-0.0024114645432617896,0.00040000000000000013,0.00010000000000000003,0.00030000000000000003,100000.00000000003,7.936507936507936e-06,-0.0025114645432617894,-0.0028114645432617894,-0.0028114645432617894,-0.0028194010511982974,-24.114645432617895,1.0000000000000002,3.0000000000000004,0.07936507936507936,-28.194010511982974,True,False
2021-07-12,-518320.8624693463,249999999.99999997,125000000.00000001,124999999.99999997,1984.1269841269839,98,98,196,10,0.05102040816326531,0.049999999999999996,0.9999999999999999,0.9999999999999999,0.9999999999999999,1.9999999999999998,-0.0020732834498773853,0.00039999999999999996,9.999999999999999e-05,0.0002999999999999999,99999.99999999999,7.936507936507936e-06,-0.002173283449877385,-0.002473283449877385,-0.002473283449877385,-0.002481219957813893,-20.732834498773855,0.9999999999999999,2.999999999999999,0.07936507936507936,-24.81219957813893,True,False
2021-07-13,461993.0443353252,249999999.99999997,125000000.0,125000000.00000001,2065.20463924288,98,98,196,4,0.02040816326530612,0.05,0.9999999999999999,0.9999999999999999,0.9999999999999999,1.9999999999999998,0.0018479721773413007,0.00039999999999999996,9.999999999999999e-05,0.0002999999999999999,99999.99999999999,8.26081855697152e-06,0.0017479721773413007,0.0014479721773413008,0.0014479721773413008,0.0014397113587843293,18.479721773413008,0.9999999999999999,2.999999999999999,0.0826081855697152,14.397113587843293,True,False
2021-07-14,-494356.38459268864,249999999.99999994,124999999.99999997,124999999.99999996,1984.1269841269834,98,98,196,8,0.04081632653061224,0.05,0.9999999999999998,0.9999999999999998,0.9999999999999998,1.9999999999999996,-0.0019774255383707548,0.0003999999999999999,9.999999999999998e-05,0.0002999999999999999,99999.99999999997,7.936507936507934e-06,-0.0020774255383707546,-0.0023774255383707545,-0.0023774255383707545,-0.0023853620463072625,-19.774255383707548,0.9999999999999998,2.999999999999999,0.07936507936507935,-23.853620463072627,True,False
2021-07-15,714708.750543166,250000000.0,125000000.0,125000000.00000001,1984.1269841269846,98,98,196,7,0.03571428571428571,0.05,1.0,1.0,1.0,2.0,0.0028588350021726636,0.0004,0.0001,0.0003,100000.0,7.936507936507938e-06,0.002758835002172664,0.002458835002172664,0.002458835002172664,0.002450898494236156,28.588350021726637,1.0,2.9999999999999996,0.07936507936507937,24.508984942361558,True,False
2021-07-16,-2656217.330518927,250000000.0,125000000.00000001,125000000.0,1984.126984126984,97,97,194,7,0.03608247422680412,0.04999999999999999,1.0,1.0,1.0,2.0,-0.010624869322075708,0.0004,0.0001,0.0003,100000.0,7.936507936507936e-06,-0.010724869322075708,-0.011024869322075708,-0.011024869322075708,-0.011032805830012215,-106.24869322075709,1.0,2.9999999999999996,0.07936507936507936,-110.32805830012215,True,False
2021-07-19,-217449.9844846599,249999999.99999994,124999999.99999997,125000000.0,1984.126984126984,95,95,190,5,0.02631578947368421,0.049999999999999996,0.9999999999999998,0.9999999999999998,0.9999999999999998,1.9999999999999996,-0.0008697999379386395,0.0003999999999999999,9.999999999999998e-05,0.0002999999999999999,99999.99999999997,7.936507936507936e-06,-0.0009697999379386394,-0.0012697999379386394,-0.0012697999379386394,-0.0012777364458751474,-8.697999379386395,0.9999999999999998,2.999999999999999,0.07936507936507936,-12.777364458751475,True,False
2021-07-20,790210.8014324963,249999999.99999997,125000000.0,124999999.99999999,1984.126984126984,89,89,178,8,0.0449438202247191,0.05000000000000001,0.9999999999999999,0.9999999999999999,0.9999999999999999,1.9999999999999998,0.003160843205729985,0.00039999999999999996,9.999999999999999e-05,0.0002999999999999999,99999.99999999999,7.936507936507936e-06,0.0030608432057299853,0.0027608432057299854,0.0027608432057299854,0.0027529066977934774,31.60843205729985,0.9999999999999999,2.999999999999999,0.07936507936507936,27.529066977934775,True,False
2021-07-21,-195307.7281652113,249999999.9999999,124999999.99999991,124999999.99999999,1984.1269841269839,89,89,178,8,0.0449438202247191,0.05,0.9999999999999997,0.9999999999999997,0.9999999999999997,1.9999999999999993,-0.0007812309126608452,0.0003999999999999999,9.999999999999998e-05,0.00029999999999999987,99999.99999999997,7.936507936507936e-06,-0.0008812309126608451,-0.001181230912660845,-0.001181230912660845,-0.001189167420597353,-7.812309126608452,0.9999999999999998,2.9999999999999987,0.07936507936507936,-11.89167420597353,True,False
2021-07-22,323834.73235840665,249999999.99999997,124999999.99999999,124999999.99999997,2071.784754132275,91,91,182,6,0.03296703296703297,0.05000000000000001,0.9999999999999999,0.9999999999999999,0.9999999999999999,1.9999999999999998,0.0012953389294336267,0.00039999999999999996,9.999999999999999e-05,0.0002999999999999999,99999.99999999999,8.2871390165291e-06,0.0011953389294336266,0.0008953389294336267,0.0008953389294336267,0.0008870517904170976,12.953389294336267,0.9999999999999999,2.999999999999999,0.08287139016529099,8.870517904170976,True,False
2021-07-23,350662.59578278183,249999999.99999994,124999999.99999994,125000000.0,1984.1269841269843,92,92,184,5,0.02717391304347826,0.05,0.9999999999999998,0.9999999999999998,0.9999999999999998,1.9999999999999996,0.0014026503831311274,0.0003999999999999999,9.999999999999998e-05,0.0002999999999999999,99999.99999999997,7.936507936507938e-06,0.0013026503831311273,0.0010026503831311274,0.0010026503831311274,0.0009947138751946194,14.026503831311274,0.9999999999999998,2.999999999999999,0.07936507936507937,9.947138751946195,True,False
2021-07-26,-960958.0867973355,249999999.99999997,124999999.99999994,124999999.99999999,1984.1269841269839,86,86,172,11,0.06395348837209303,0.05,0.9999999999999999,0.9999999999999999,0.9999999999999999,1.9999999999999998,-0.003843832347189342,0.00039999999999999996,9.999999999999999e-05,0.0002999999999999999,99999.99999999999,7.936507936507936e-06,-0.003943832347189342,-0.004243832347189342,-0.004243832347189342,-0.00425176885512585,-38.43832347189342,0.9999999999999999,2.999999999999999,0.07936507936507936,-42.5176885512585,True,False
2021-07-27,708842.8419362133,249999999.99999988,124999999.9999999,124999999.99999996,1984.1269841269836,76,76,152,13,0.08552631578947369,0.05,0.9999999999999996,0.9999999999999996,0.9999999999999996,1.9999999999999991,0.0028353713677448534,0.00039999999999999986,9.999999999999996e-05,0.00029999999999999987,99999.99999999997,7.936507936507934e-06,0.0027353713677448536,0.0024353713677448536,0.0024353713677448536,0.0024274348598083456,28.353713677448535,0.9999999999999997,2.9999999999999987,0.07936507936507935,24.274348598083456,True,False
2021-07-28,-680918.2183596896,249999999.99999994,124999999.99999996,124999999.99999999,2457.1083970593213,74,74,148,23,0.1554054054054054,0.05000000000000001,0.9999999999999998,0.9999999999999998,0.9999999999999998,1.9999999999999996,-0.0027236728734387583,0.0003999999999999999,9.999999999999998e-05,0.0002999999999999999,99999.99999999997,9.828433588237284e-06,-0.002823672873438758,-0.003123672873438758,-0.003123672873438758,-0.0031335013070269953,-27.236728734387583,0.9999999999999998,2.999999999999999,0.09828433588237284,-31.33501307026995,True,False
2021-07-29,-1023899.8065105216,249999999.99999997,124999999.99999996,124999999.99999999,2223.391404087301,81,81,162,9,0.05555555555555555,0.04999999999999999,0.9999999999999999,0.9999999999999999,0.9999999999999999,1.9999999999999998,-0.004095599226042086,0.00039999999999999996,9.999999999999999e-05,0.0002999999999999999,99999.99999999999,8.893565616349204e-06,-0.0041955992260420865,-0.004495599226042086,-0.004495599226042086,-0.0045044927916584356,-40.955992260420864,0.9999999999999999,2.999999999999999,0.08893565616349204,-45.044927916584356,True,False
2021-07-30,399342.4599216485,249999999.99999997,124999999.99999997,124999999.99999999,2026.1236658730156,85,85,170,13,0.07647058823529412,0.05000000000000001,0.9999999999999999,0.9999999999999999,0.9999999999999999,1.9999999999999998,0.0015973698396865939,0.00039999999999999996,9.999999999999999e-05,0.0002999999999999999,99999.99999999999,8.104494663492063e-06,0.0014973698396865938,0.001197369839686594,0.001197369839686594,0.0011892653450231018,15.973698396865938,0.9999999999999999,2.999999999999999,0.08104494663492064,11.892653450231018,True,False
2021-08-02,627874.0225140246,249999999.99999994,124999999.99999994,124999999.99999999,1984.1269841269839,86,86,172,10,0.05813953488372093,0.05000000000000001,0.9999999999999998,0.9999999999999998,0.9999999999999998,1.9999999999999996,0.0025114960900560986,0.0003999999999999999,9.999999999999998e-05,0.0002999999999999999,99999.99999999997,7.936507936507936e-06,0.002411496090056099,0.002111496090056099,0.002111496090056099,0.002103559582119591,25.114960900560988,0.9999999999999998,2.999999999999999,0.07936507936507936,21.03559582119591,True,False
2021-08-03,803199.1241247428,250000000.0,125000000.0,125000000.0,2594.9843802657006,77,77,154,32,0.2077922077922078,0.05000000000000001,1.0,1.0,1.0,2.0,0.0032127964964989712,0.0004,0.0001,0.0003,100000.0,1.0379937521062802e-05,0.0031127964964989714,0.0028127964964989715,0.0028127964964989715,0.0028024165589779085,32.127964964989715,1.0,2.9999999999999996,0.10379937521062801,28.024165589779084,True,False
2021-08-04,-236550.73693190241,249999999.99999997,125000000.0,125000000.00000001,1984.1269841269843,77,77,154,4,0.025974025974025976,0.04999999999999998,0.9999999999999999,0.9999999999999999,0.9999999999999999,1.9999999999999998,-0.0009462029477276097,0.00039999999999999996,9.999999999999999e-05,0.0002999999999999999,99999.99999999999,7.936507936507938e-06,-0.0010462029477276097,-0.0013462029477276096,-0.0013462029477276096,-0.0013541394556641176,-9.462029477276097,0.9999999999999999,2.999999999999999,0.07936507936507937,-13.541394556641176,True,False
2021-08-05,699348.6809844532,249999999.99999997,124999999.99999997,124999999.99999999,1984.126984126984,82,82,164,5,0.03048780487804878,0.05,0.9999999999999999,0.9999999999999999,0.9999999999999999,1.9999999999999998,0.002797394723937813,0.00039999999999999996,9.999999999999999e-05,0.0002999999999999999,99999.99999999999,7.936507936507936e-06,0.002697394723937813,0.002397394723937813,0.002397394723937813,0.002389458216001305,27.973947239378127,0.9999999999999999,2.999999999999999,0.07936507936507936,23.89458216001305,True,False
2021-08-06,-684038.8174514017,250000000.0,125000000.0,124999999.99999997,1984.1269841269836,90,90,180,7,0.03888888888888889,0.05,1.0,1.0,1.0,2.0,-0.0027361552698056068,0.0004,0.0001,0.0003,100000.0,7.936507936507934e-06,-0.0028361552698056066,-0.0031361552698056065,-0.0031361552698056065,-0.0031440917777421145,-27.36155269805607,1.0,2.9999999999999996,0.07936507936507935,-31.440917777421145,True,False
2021-08-09,185194.1561071768,249999999.99999994,124999999.99999994,124999999.99999996,2096.6382257058417,96,96,192,9,0.046875,0.05000000000000001,0.9999999999999998,0.9999999999999998,0.9999999999999998,1.9999999999999996,0.0007407766244287072,0.0003999999999999999,9.999999999999998e-05,0.0002999999999999999,99999.99999999997,8.386552902823368e-06,0.0006407766244287072,0.0003407766244287073,0.0003407766244287073,0.0003323900715258839,7.407766244287072,0.9999999999999998,2.999999999999999,0.08386552902823367,3.323900715258839,True,False
2021-08-10,-412567.35376153607,249999999.9999999,124999999.9999999,124999999.99999997,2013.455588412698,96,96,192,8,0.041666666666666664,0.05,0.9999999999999997,0.9999999999999997,0.9999999999999997,1.9999999999999993,-0.0016502694150461444,0.0003999999999999999,9.999999999999998e-05,0.00029999999999999987,99999.99999999997,8.053822353650791e-06,-0.0017502694150461444,-0.002050269415046144,-0.002050269415046144,-0.002058323237399795,-16.502694150461444,0.9999999999999998,2.9999999999999987,0.08053822353650791,-20.58323237399795,True,False
2021-08-11,-213787.95216626837,250000000.0,125000000.0,125000000.0,2258.1122039136903,98,98,196,9,0.04591836734693878,0.049999999999999996,1.0,1.0,1.0,2.0,-0.0008551518086650734,0.0004,0.0001,0.0003,100000.0,9.03244881565476e-06,-0.0009551518086650735,-0.0012551518086650734,-0.0012551518086650734,-0.0012641842574807282,-8.551518086650734,1.0,2.9999999999999996,0.0903244881565476,-12.641842574807281,True,False
2021-08-12,-74443.06548367093,250000000.0,125000000.0,124999999.99999997,2262.0142019358173,98,98,196,10,0.05102040816326531,0.05000000000000001,1.0,1.0,1.0,2.0,-0.0002977722619346837,0.0004,0.0001,0.0003,100000.0,9.048056807743268e-06,-0.0003977722619346837,-0.0006977722619346837,-0.0006977722619346837,-0.000706820318742427,-2.977722619346837,1.0,2.9999999999999996,0.09048056807743268,-7.06820318742427,True,False
2021-08-13,-914413.5743302708,250000000.0,125000000.00000003,125000000.0,2257.582705211696,99,99,198,8,0.04040404040404041,0.049999999999999996,1.0,1.0,1.0,2.0,-0.003657654297321083,0.0004,0.0001,0.0003,100000.0,9.030330820846784e-06,-0.0037576542973210827,-0.004057654297321083,-0.004057654297321083,-0.004066684628141929,-36.57654297321083,1.0,2.9999999999999996,0.09030330820846784,-40.66684628141929,True,False
2021-08-16,-1145072.6556782397,250000000.00000003,124999999.99999999,125000000.00000001,2342.507846582609,98,98,196,10,0.05102040816326531,0.05000000000000001,1.0000000000000002,1.0000000000000002,1.0000000000000002,2.0000000000000004,-0.004580290622712958,0.00040000000000000013,0.00010000000000000003,0.00030000000000000003,100000.00000000003,9.370031386330436e-06,-0.004680290622712959,-0.0049802906227129585,-0.0049802906227129585,-0.0049896606540992886,-45.80290622712958,1.0000000000000002,3.0000000000000004,0.09370031386330437,-49.896606540992885,True,False
2021-08-17,188610.53910377983,250000000.0,125000000.00000003,124999999.99999997,2262.962052860714,97,97,194,11,0.05670103092783505,0.049999999999999996,1.0,1.0,1.0,2.0,0.0007544421564151193,0.0004,0.0001,0.0003,100000.0,9.051848211442856e-06,0.0006544421564151192,0.00035444215641511925,0.00035444215641511925,0.0003453903082036764,7.544421564151193,1.0,2.9999999999999996,0.09051848211442856,3.453903082036764,True,False
2021-08-18,-1185459.0508312937,250000000.0,125000000.0,125000000.00000001,2261.5968995859216,97,97,194,13,0.06701030927835051,0.049999999999999996,1.0,1.0,1.0,2.0,-0.0047418362033251745,0.0004,0.0001,0.0003,100000.0,9.046387598343686e-06,-0.004841836203325175,-0.005141836203325175,-0.005141836203325175,-0.005150882590923518,-47.418362033251746,1.0,2.9999999999999996,0.09046387598343686,-51.508825909235185,True,False
2021-08-19,-193974.01659890506,249999999.99999997,124999999.99999997,124999999.99999997,2175.238408853046,98,98,196,13,0.0663265306122449,0.049999999999999996,0.9999999999999999,0.9999999999999999,0.9999999999999999,1.9999999999999998,-0.0007758960663956202,0.00039999999999999996,9.999999999999999e-05,0.0002999999999999999,99999.99999999999,8.700953635412184e-06,-0.0008758960663956203,-0.0011758960663956202,-0.0011758960663956202,-0.0011845970200310323,-7.758960663956202,0.9999999999999999,2.999999999999999,0.08700953635412184,-11.845970200310322,True,False
2021-08-20,1411865.7295280807,249999999.99999994,124999999.99999999,124999999.99999994,2176.224385525879,99,99,198,13,0.06565656565656566,0.05,0.9999999999999998,0.9999999999999998,0.9999999999999998,1.9999999999999996,0.005647462918112323,0.0003999999999999999,9.999999999999998e-05,0.0002999999999999999,99999.99999999997,8.704897542103516e-06,0.005547462918112323,0.005247462918112323,0.005247462918112323,0.00523875802057022,56.47462918112323,0.9999999999999998,2.999999999999999,0.08704897542103517,52.38758020570219,True,False
2021-08-23,992864.8591930021,250000000.00000003,125000000.0,125000000.00000001,2094.573935849086,99,99,198,14,0.0707070707070707,0.049999999999999996,1.0000000000000002,1.0000000000000002,1.0000000000000002,2.0000000000000004,0.003971459436772008,0.00040000000000000013,0.00010000000000000003,0.00030000000000000003,100000.00000000003,8.378295743396344e-06,0.0038714594367720086,0.0035714594367720087,0.0035714594367720087,0.0035630811410286125,39.71459436772008,1.0000000000000002,3.0000000000000004,0.08378295743396344,35.63081141028612,True,False
2021-08-24,42072.22301314372,249999999.99999997,125000000.00000001,124999999.99999997,2149.8968116803417,97,97,194,15,0.07731958762886598,0.049999999999999996,0.9999999999999999,0.9999999999999999,0.9999999999999999,1.9999999999999998,0.00016828889205257487,0.00039999999999999996,9.999999999999999e-05,0.0002999999999999999,99999.99999999999,8.599587246721367e-06,6.828889205257488e-05,-0.00023171110794742504,-0.00023171110794742504,-0.0002403106951941464,1.6828889205257487,0.9999999999999999,2.999999999999999,0.08599587246721367,-2.403106951941464,True,False
2021-08-25,-490835.93340915005,249999999.99999997,125000000.00000001,125000000.0,2067.0814380853726,97,97,194,13,0.06701030927835051,0.049999999999999996,0.9999999999999999,0.9999999999999999,0.9999999999999999,1.9999999999999998,-0.0019633437336366,0.00039999999999999996,9.999999999999999e-05,0.0002999999999999999,99999.99999999999,8.268325752341491e-06,-0.0020633437336366,-0.0023633437336365998,-0.0023633437336365998,-0.002371612059388941,-19.633437336366,0.9999999999999999,2.999999999999999,0.0826832575234149,-23.71612059388941,True,False
2021-08-26,171376.41389776333,249999999.99999994,124999999.99999996,124999999.99999999,5649.1154859191465,97,97,194,36,0.18556701030927836,0.05000000000000001,0.9999999999999998,0.9999999999999998,0.9999999999999998,1.9999999999999996,0.0006855056555910533,0.0003999999999999999,9.999999999999998e-05,0.0002999999999999999,99999.99999999997,2.2596461943676587e-05,0.0005855056555910534,0.0002855056555910535,0.0002855056555910535,0.00026290919364737686,6.855056555910533,0.9999999999999998,2.999999999999999,0.22596461943676588,2.6290919364737686,True,False
2021-08-27,362256.2439351847,250000000.00000003,125000000.00000001,125000000.00000001,6379.119700763047,99,99,198,28,0.1414141414141414,0.049999999999999996,1.0000000000000002,1.0000000000000002,1.0000000000000002,2.0000000000000004,0.001449024975740739,0.00040000000000000013,0.00010000000000000003,0.00030000000000000003,100000.00000000003,2.551647880305219e-05,0.001349024975740739,0.001049024975740739,0.001049024975740739,0.0010235084969376868,14.49024975740739,1.0000000000000002,3.0000000000000004,0.2551647880305219,10.235084969376867,True,False
2021-08-30,103125.63347361308,250000000.00000003,125000000.00000001,125000000.0,6872.5866337670295,99,99,198,74,0.37373737373737376,0.049999999999999996,1.0000000000000002,1.0000000000000002,1.0000000000000002,2.0000000000000004,0.00041250253389445233,0.00040000000000000013,0.00010000000000000003,0.00030000000000000003,100000.00000000003,2.7490346535068117e-05,0.0003125025338944523,1.2502533894452258e-05,1.2502533894452258e-05,-1.4987812640615858e-05,4.125025338944523,1.0000000000000002,3.0000000000000004,0.27490346535068116,-0.14987812640615858,True,False
2021-08-31,252566.99314026645,249999999.99999997,124999999.99999997,124999999.99999999,5348.758226302624,98,98,196,30,0.15306122448979592,0.049999999999999996,0.9999999999999999,0.9999999999999999,0.9999999999999999,1.9999999999999998,0.0010102679725610658,0.00039999999999999996,9.999999999999999e-05,0.0002999999999999999,99999.99999999999,2.1395032905210496e-05,0.0009102679725610657,0.0006102679725610658,0.0006102679725610658,0.0005888729396558553,10.102679725610658,0.9999999999999999,2.999999999999999,0.21395032905210495,5.888729396558554,True,False
2021-09-01,211572.1673382645,250000000.0,125000000.00000001,124999999.99999999,6346.823141556384,97,97,194,49,0.25257731958762886,0.049999999999999996,1.0,1.0,1.0,2.0,0.000846288669353058,0.0004,0.0001,0.0003,100000.0,2.5387292566225538e-05,0.0007462886693530579,0.00044628866935305793,0.00044628866935305793,0.0004209013767868324,8.46288669353058,1.0,2.9999999999999996,0.2538729256622554,4.209013767868324,True,False
2021-09-02,45450.99666500925,250000000.0,125000000.0,125000000.0,5496.2642340078955,98,98,196,38,0.19387755102040816,0.05000000000000001,1.0,1.0,1.0,2.0,0.00018180398666003698,0.0004,0.0001,0.0003,100000.0,2.1985056936031584e-05,8.180398666003697e-05,-0.00021819601333996301,-0.00021819601333996301,-0.0002401810702759946,1.8180398666003699,1.0,2.9999999999999996,0.21985056936031583,-2.401810702759946,True,False
2021-09-03,249072.60330435977,249999999.99999997,124999999.99999997,125000000.0,5889.79494876377,99,99,198,39,0.19696969696969696,0.049999999999999996,0.9999999999999999,0.9999999999999999,0.9999999999999999,1.9999999999999998,0.0009962904132174392,0.00039999999999999996,9.999999999999999e-05,0.0002999999999999999,99999.99999999999,2.3559179795055078e-05,0.0008962904132174391,0.0005962904132174392,0.0005962904132174392,0.0005727312334223841,9.962904132174392,0.9999999999999999,2.999999999999999,0.23559179795055077,5.727312334223841,True,False
2021-09-07,336902.1698983135,250000000.00000003,125000000.0,125000000.0,5455.867896988617,99,99,198,34,0.1717171717171717,0.05,1.0000000000000002,1.0000000000000002,1.0000000000000002,2.0000000000000004,0.0013476086795932542,0.00040000000000000013,0.00010000000000000003,0.00030000000000000003,100000.00000000003,2.182347158795447e-05,0.0012476086795932542,0.0009476086795932541,0.0009476086795932541,0.0009257852080052997,13.476086795932542,1.0000000000000002,3.0000000000000004,0.21823471587954468,9.257852080052997,True,False
2021-09-08,50775.44741727718,250000000.00000003,125000000.00000001,125000000.00000001,6364.502098846673,99,99,198,39,0.19696969696969696,0.049999999999999996,1.0000000000000002,1.0000000000000002,1.0000000000000002,2.0000000000000004,0.00020310178966910871,0.00040000000000000013,0.00010000000000000003,0.00030000000000000003,100000.00000000003,2.5458008395386694e-05,0.00010310178966910868,-0.00019689821033089136,-0.00019689821033089136,-0.00022235621872627805,2.031017896691087,1.0000000000000002,3.0000000000000004,0.25458008395386694,-2.2235621872627807,True,False
2021-09-09,787562.6389782665,250000000.0,124999999.99999996,124999999.99999999,6570.042823552606,99,99,198,42,0.21212121212121213,0.04999999999999999,1.0,1.0,1.0,2.0,0.003150250555913066,0.0004,0.0001,0.0003,100000.0,2.6280171294210423e-05,0.003050250555913066,0.002750250555913066,0.002750250555913066,0.002723970384618856,31.502505559130658,1.0,2.9999999999999996,0.26280171294210425,27.239703846188558,True,False
2021-09-10,-276370.47145593836,249999999.99999997,124999999.99999994,125000000.00000003,5932.950027080224,99,99,198,48,0.24242424242424243,0.05000000000000001,0.9999999999999999,0.9999999999999999,0.9999999999999999,1.9999999999999998,-0.0011054818858237535,0.00039999999999999996,9.999999999999999e-05,0.0002999999999999999,99999.99999999999,2.3731800108320896e-05,-0.0012054818858237535,-0.0015054818858237535,-0.0015054818858237535,-0.0015292136859320743,-11.054818858237535,0.9999999999999999,2.999999999999999,0.23731800108320897,-15.292136859320744,True,False
2021-09-13,-209226.0652537004,250000000.0,125000000.00000001,125000000.0,4687.754519657161,99,99,198,48,0.24242424242424243,0.05,1.0,1.0,1.0,2.0,-0.0008369042610148015,0.0004,0.0001,0.0003,100000.0,1.8751018078628645e-05,-0.0009369042610148016,-0.0012369042610148016,-0.0012369042610148016,-0.0012556552790934303,-8.369042610148016,1.0,2.9999999999999996,0.18751018078628645,-12.556552790934303,True,False
2021-09-14,256370.019203368,250000000.0,125000000.00000001,124999999.99999999,2022.8971463492062,99,99,198,13,0.06565656565656566,0.049999999999999996,1.0,1.0,1.0,2.0,0.0010254800768134719,0.0004,0.0001,0.0003,100000.0,8.091588585396824e-06,0.0009254800768134718,0.0006254800768134719,0.0006254800768134719,0.0006173884882280751,10.254800768134718,1.0,2.9999999999999996,0.08091588585396824,6.173884882280751,True,False
2021-09-15,-497829.7508218207,249999999.9999999,124999999.99999996,124999999.99999996,1984.1269841269834,99,99,198,11,0.05555555555555555,0.04999999999999998,0.9999999999999997,0.9999999999999997,0.9999999999999997,1.9999999999999993,-0.001991319003287283,0.0003999999999999999,9.999999999999998e-05,0.00029999999999999987,99999.99999999997,7.936507936507934e-06,-0.0020913190032872827,-0.0023913190032872826,-0.0023913190032872826,-0.0023992555112237906,-19.91319003287283,0.9999999999999998,2.9999999999999987,0.07936507936507935,-23.992555112237905,True,False
2021-09-16,315695.53114710987,250000000.0,125000000.00000001,125000000.00000001,1984.1269841269843,99,99,198,12,0.06060606060606061,0.049999999999999996,1.0,1.0,1.0,2.0,0.0012627821245884394,0.0004,0.0001,0.0003,100000.0,7.936507936507938e-06,0.0011627821245884394,0.0008627821245884395,0.0008627821245884395,0.0008548456166519316,12.627821245884395,1.0,2.9999999999999996,0.07936507936507937,8.548456166519316,True,False
2021-09-17,-2068450.0209405334,249999999.9999999,124999999.99999997,124999999.99999997,1984.1269841269834,99,99,198,11,0.05555555555555555,0.049999999999999975,0.9999999999999997,0.9999999999999997,0.9999999999999997,1.9999999999999993,-0.008273800083762134,0.0003999999999999999,9.999999999999998e-05,0.00029999999999999987,99999.99999999997,7.936507936507934e-06,-0.008373800083762133,-0.008673800083762133,-0.008673800083762133,-0.00868173659169864,-82.73800083762134,0.9999999999999998,2.9999999999999987,0.07936507936507935,-86.8173659169864,True,False
2021-09-20,561997.7762631632,249999999.99999997,124999999.99999997,124999999.99999999,1984.1269841269839,99,99,198,4,0.020202020202020204,0.04999999999999999,0.9999999999999999,0.9999999999999999,0.9999999999999999,1.9999999999999998,0.0022479911050526527,0.00039999999999999996,9.999999999999999e-05,0.0002999999999999999,99999.99999999999,7.936507936507936e-06,0.002147991105052653,0.001847991105052653,0.001847991105052653,0.001840054597116145,22.47991105052653,0.9999999999999999,2.999999999999999,0.07936507936507936,18.40054597116145,True,False
2021-09-21,384607.95989600365,250000000.00000003,125000000.0,125000000.00000001,1984.1269841269846,98,98,196,7,0.03571428571428571,0.05000000000000001,1.0000000000000002,1.0000000000000002,1.0000000000000002,2.0000000000000004,0.0015384318395840146,0.00040000000000000013,0.00010000000000000003,0.00030000000000000003,100000.00000000003,7.936507936507938e-06,0.0014384318395840145,0.0011384318395840144,0.0011384318395840144,0.0011304953316475064,15.384318395840145,1.0000000000000002,3.0000000000000004,0.07936507936507937,11.304953316475064,True,False
2021-09-22,360770.65617366036,250000000.0,124999999.99999996,125000000.0,1984.1269841269843,98,98,196,8,0.04081632653061224,0.049999999999999996,1.0,1.0,1.0,2.0,0.0014430826246946415,0.0004,0.0001,0.0003,100000.0,7.936507936507938e-06,0.0013430826246946415,0.0010430826246946416,0.0010430826246946416,0.0010351461167581336,14.430826246946415,1.0,2.9999999999999996,0.07936507936507937,10.351461167581336,True,False
2021-09-23,-709989.9344903016,250000000.00000006,125000000.0,125000000.00000001,1984.1269841269846,99,99,198,6,0.030303030303030304,0.05,1.0000000000000002,1.0000000000000002,1.0000000000000002,2.0000000000000004,-0.0028399597379612064,0.00040000000000000013,0.00010000000000000003,0.00030000000000000003,100000.00000000003,7.936507936507938e-06,-0.0029399597379612063,-0.003239959737961206,-0.003239959737961206,-0.003247896245897714,-28.399597379612064,1.0000000000000002,3.0000000000000004,0.07936507936507937,-32.47896245897714,True,False
2021-09-24,1179642.8324957301,250000000.0,125000000.00000001,125000000.0,1984.1269841269843,99,99,198,4,0.020202020202020204,0.049999999999999996,1.0,1.0,1.0,2.0,0.004718571329982921,0.0004,0.0001,0.0003,100000.0,7.936507936507938e-06,0.0046185713299829205,0.0043185713299829205,0.0043185713299829205,0.0043106348220464125,47.18571329982921,1.0,2.9999999999999996,0.07936507936507937,43.10634822046413,True,False
2021-09-27,415547.41136332887,249999999.99999997,125000000.0,124999999.99999996,1984.1269841269834,99,99,198,5,0.025252525252525252,0.049999999999999996,0.9999999999999999,0.9999999999999999,0.9999999999999999,1.9999999999999998,0.0016621896454533155,0.00039999999999999996,9.999999999999999e-05,0.0002999999999999999,99999.99999999999,7.936507936507934e-06,0.0015621896454533154,0.0012621896454533155,0.0012621896454533155,0.0012542531375168075,16.621896454533154,0.9999999999999999,2.999999999999999,0.07936507936507935,12.542531375168075,True,False
2021-09-28,405292.05327872344,249999999.99999994,124999999.99999996,124999999.99999999,1984.126984126984,99,99,198,5,0.025252525252525252,0.04999999999999998,0.9999999999999998,0.9999999999999998,0.9999999999999998,1.9999999999999996,0.0016211682131148937,0.0003999999999999999,9.999999999999998e-05,0.0002999999999999999,99999.99999999997,7.936507936507936e-06,0.0015211682131148936,0.0012211682131148937,0.0012211682131148937,0.0012132317051783857,16.211682131148937,0.9999999999999998,2.999999999999999,0.07936507936507936,12.132317051783858,True,False
2021-09-29,-84015.71082857656,250000000.0,125000000.00000001,125000000.00000003,1984.1269841269846,99,99,198,5,0.025252525252525252,0.05,1.0,1.0,1.0,2.0,-0.0003360628433143062,0.0004,0.0001,0.0003,100000.0,7.936507936507938e-06,-0.0004360628433143062,-0.0007360628433143062,-0.0007360628433143062,-0.0007439993512508141,-3.3606284331430625,1.0,2.9999999999999996,0.07936507936507937,-7.439993512508141,True,False
2021-09-30,407728.46053336334,250000000.0,124999999.99999999,124999999.99999999,1984.126984126984,99,99,198,6,0.030303030303030304,0.05000000000000001,1.0,1.0,1.0,2.0,0.0016309138421334534,0.0004,0.0001,0.0003,100000.0,7.936507936507936e-06,0.0015309138421334533,0.0012309138421334534,0.0012309138421334534,0.0012229773341969454,16.309138421334534,1.0,2.9999999999999996,0.07936507936507936,12.229773341969453,True,False
2021-10-01,-118215.95522944466,250000000.0,125000000.0,124999999.99999999,1984.1269841269839,99,99,198,6,0.030303030303030304,0.05,1.0,1.0,1.0,2.0,-0.00047286382091777865,0.0004,0.0001,0.0003,100000.0,7.936507936507936e-06,-0.0005728638209177787,-0.0008728638209177786,-0.0008728638209177786,-0.0008808003288542865,-4.728638209177786,1.0,2.9999999999999996,0.07936507936507936,-8.808003288542865,True,False
2021-10-04,625430.5105304447,250000000.00000006,125000000.0,125000000.00000001,1984.1269841269846,99,99,198,6,0.030303030303030304,0.05,1.0000000000000002,1.0000000000000002,1.0000000000000002,2.0000000000000004,0.0025017220421217788,0.00040000000000000013,0.00010000000000000003,0.00030000000000000003,100000.00000000003,7.936507936507938e-06,0.002401722042121779,0.002101722042121779,0.002101722042121779,0.002093785534185271,25.01722042121779,1.0000000000000002,3.0000000000000004,0.07936507936507937,20.93785534185271,True,False
2021-10-05,-1349359.183721434,250000000.0,124999999.99999999,125000000.0,1984.126984126984,99,99,198,6,0.030303030303030304,0.049999999999999996,1.0,1.0,1.0,2.0,-0.005397436734885737,0.0004,0.0001,0.0003,100000.0,7.936507936507936e-06,-0.005497436734885737,-0.005797436734885737,-0.005797436734885737,-0.005805373242822245,-53.97436734885737,1.0,2.9999999999999996,0.07936507936507936,-58.053732428222446,True,False
2021-10-06,898563.3358412316,249999999.99999997,125000000.00000003,124999999.99999997,1984.1269841269836,99,99,198,5,0.025252525252525252,0.04999999999999999,0.9999999999999999,0.9999999999999999,0.9999999999999999,1.9999999999999998,0.0035942533433649267,0.00039999999999999996,9.999999999999999e-05,0.0002999999999999999,99999.99999999999,7.936507936507934e-06,0.003494253343364927,0.003194253343364927,0.003194253343364927,0.003186316835428419,35.94253343364927,0.9999999999999999,2.999999999999999,0.07936507936507935,31.86316835428419,True,False
2021-10-07,364785.0833096435,250000000.00000003,125000000.00000001,125000000.00000003,1984.1269841269846,99,99,198,7,0.03535353535353535,0.05,1.0000000000000002,1.0000000000000002,1.0000000000000002,2.0000000000000004,0.001459140333238574,0.00040000000000000013,0.00010000000000000003,0.00030000000000000003,100000.00000000003,7.936507936507938e-06,0.0013591403332385739,0.001059140333238574,0.001059140333238574,0.001051203825302066,14.59140333238574,1.0000000000000002,3.0000000000000004,0.07936507936507937,10.512038253020659,True,False
2021-10-08,357151.84480963077,250000000.00000003,125000000.0,125000000.0,1984.126984126984,99,99,198,9,0.045454545454545456,0.05000000000000001,1.0000000000000002,1.0000000000000002,1.0000000000000002,2.0000000000000004,0.001428607379238523,0.00040000000000000013,0.00010000000000000003,0.00030000000000000003,100000.00000000003,7.936507936507936e-06,0.001328607379238523,0.001028607379238523,0.001028607379238523,0.001020670871302015,14.286073792385231,1.0000000000000002,3.0000000000000004,0.07936507936507936,10.206708713020149,True,False
2021-10-11,144828.32801579408,249999999.99999997,124999999.99999997,124999999.99999999,1984.1269841269839,99,99,198,7,0.03535353535353535,0.04999999999999999,0.9999999999999999,0.9999999999999999,0.9999999999999999,1.9999999999999998,0.0005793133120631763,0.00039999999999999996,9.999999999999999e-05,0.0002999999999999999,99999.99999999999,7.936507936507936e-06,0.00047931331206317634,0.00017931331206317642,0.00017931331206317642,0.00017137680412666848,5.793133120631763,0.9999999999999999,2.999999999999999,0.07936507936507936,1.713768041266685,True,False
2021-10-12,179269.9528053474,249999999.99999994,125000000.0,124999999.99999997,1984.1269841269836,98,98,196,9,0.04591836734693878,0.049999999999999996,0.9999999999999998,0.9999999999999998,0.9999999999999998,1.9999999999999996,0.0007170798112213896,0.0003999999999999999,9.999999999999998e-05,0.0002999999999999999,99999.99999999997,7.936507936507934e-06,0.0006170798112213896,0.0003170798112213897,0.0003170798112213897,0.00030914330328488175,7.1707981122138955,0.9999999999999998,2.999999999999999,0.07936507936507935,3.0914330328488173,True,False
2021-10-13,1003806.3570641335,250000000.0,125000000.0,124999999.99999999,1984.1269841269839,98,98,196,10,0.05102040816326531,0.05,1.0,1.0,1.0,2.0,0.004015225428256534,0.0004,0.0001,0.0003,100000.0,7.936507936507936e-06,0.003915225428256534,0.003615225428256534,0.003615225428256534,0.003607288920320026,40.152254282565345,1.0,2.9999999999999996,0.07936507936507936,36.07288920320026,True,False
2021-10-14,740529.0038184706,249999999.99999997,124999999.99999999,124999999.99999996,1984.1269841269836,98,98,196,11,0.05612244897959184,0.05,0.9999999999999999,0.9999999999999999,0.9999999999999999,1.9999999999999998,0.0029621160152738827,0.00039999999999999996,9.999999999999999e-05,0.0002999999999999999,99999.99999999999,7.936507936507934e-06,0.002862116015273883,0.002562116015273883,0.002562116015273883,0.002554179507337375,29.621160152738828,0.9999999999999999,2.999999999999999,0.07936507936507935,25.54179507337375,True,False
2021-10-15,12439.307393991212,249999999.99999997,124999999.99999997,125000000.0,1984.126984126984,97,97,194,10,0.05154639175257732,0.04999999999999999,0.9999999999999999,0.9999999999999999,0.9999999999999999,1.9999999999999998,4.9757229575964845e-05,0.00039999999999999996,9.999999999999999e-05,0.0002999999999999999,99999.99999999999,7.936507936507936e-06,-5.0242770424035147e-05,-0.00035024277042403507,-0.00035024277042403507,-0.00035817927836054303,0.49757229575964845,0.9999999999999999,2.999999999999999,0.07936507936507936,-3.5817927836054304,True,False
2021-10-18,-18511.615263042542,249999999.9999999,124999999.99999997,124999999.99999991,1984.1269841269825,95,95,190,11,0.05789473684210526,0.05,0.9999999999999997,0.9999999999999997,0.9999999999999997,1.9999999999999993,-7.404646105217017e-05,0.0003999999999999999,9.999999999999998e-05,0.00029999999999999987,99999.99999999997,7.93650793650793e-06,-0.00017404646105217015,-0.00047404646105217,-0.00047404646105217,-0.0004819829689886779,-0.7404646105217018,0.9999999999999998,2.9999999999999987,0.07936507936507929,-4.819829689886779,True,False
2021-10-19,-115597.27364384392,250000000.0,125000000.0,125000000.0,1984.1269841269843,90,90,180,11,0.06111111111111111,0.05000000000000001,1.0,1.0,1.0,2.0,-0.00046238909457537564,0.0004,0.0001,0.0003,100000.0,7.936507936507938e-06,-0.0005623890945753757,-0.0008623890945753756,-0.0008623890945753756,-0.0008703256025118835,-4.6238909457537565,1.0,2.9999999999999996,0.07936507936507937,-8.703256025118835,True,False
2021-10-20,-247430.65486289668,249999999.99999994,124999999.99999996,124999999.99999999,1984.126984126984,89,89,178,12,0.06741573033707865,0.05000000000000001,0.9999999999999998,0.9999999999999998,0.9999999999999998,1.9999999999999996,-0.0009897226194515868,0.0003999999999999999,9.999999999999998e-05,0.0002999999999999999,99999.99999999997,7.936507936507936e-06,-0.0010897226194515868,-0.0013897226194515867,-0.0013897226194515867,-0.0013976591273880947,-9.897226194515868,0.9999999999999998,2.999999999999999,0.07936507936507936,-13.976591273880947,True,False
2021-10-21,-149783.31048882124,250000000.0,125000000.0,125000000.0,1984.126984126984,91,91,182,14,0.07692307692307693,0.05,1.0,1.0,1.0,2.0,-0.000599133241955285,0.0004,0.0001,0.0003,100000.0,7.936507936507936e-06,-0.000699133241955285,-0.000999133241955285,-0.000999133241955285,-0.001007069749891793,-5.99133241955285,1.0,2.9999999999999996,0.07936507936507936,-10.07069749891793,True,False
2021-10-22,432828.9546825002,249999999.99999997,125000000.0,124999999.99999999,1984.1269841269836,92,92,184,14,0.07608695652173914,0.05000000000000001,0.9999999999999999,0.9999999999999999,0.9999999999999999,1.9999999999999998,0.0017313158187300009,0.00039999999999999996,9.999999999999999e-05,0.0002999999999999999,99999.99999999999,7.936507936507934e-06,0.0016313158187300008,0.001331315818730001,0.001331315818730001,0.001323379310793493,17.313158187300008,0.9999999999999999,2.999999999999999,0.07936507936507935,13.233793107934929,True,False
2021-10-25,836676.6959012978,250000000.0000001,125000000.00000003,125000000.00000004,1984.126984126985,87,87,174,16,0.09195402298850575,0.049999999999999996,1.0000000000000004,1.0000000000000004,1.0000000000000004,2.000000000000001,0.0033467067836051912,0.0004000000000000002,0.00010000000000000005,0.0003000000000000001,100000.00000000004,7.93650793650794e-06,0.0032467067836051914,0.0029467067836051915,0.0029467067836051915,0.0029387702756686835,33.46706783605191,1.0000000000000004,3.000000000000001,0.0793650793650794,29.387702756686835,True,False
2021-10-26,-162053.56787348993,250000000.0,124999999.99999999,125000000.0,2016.155368222222,77,77,154,18,0.11688311688311688,0.05000000000000001,1.0,1.0,1.0,2.0,-0.0006482142714939597,0.0004,0.0001,0.0003,100000.0,8.064621472888889e-06,-0.0007482142714939598,-0.0010482142714939597,-0.0010482142714939597,-0.0010562788929668486,-6.482142714939597,1.0,2.9999999999999996,0.08064621472888889,-10.562788929668486,True,False
2021-10-27,349369.5832681973,249999999.99999997,125000000.0,125000000.0,2106.275534508476,75,75,150,20,0.13333333333333333,0.05000000000000001,0.9999999999999999,0.9999999999999999,0.9999999999999999,1.9999999999999998,0.0013974783330727891,0.00039999999999999996,9.999999999999999e-05,0.0002999999999999999,99999.99999999999,8.425102138033904e-06,0.001297478333072789,0.0009974783330727892,0.0009974783330727892,0.0009890532309347552,13.974783330727892,0.9999999999999999,2.999999999999999,0.08425102138033905,9.890532309347552,True,False
2021-10-28,-3180.071850693952,250000000.00000003,125000000.0,124999999.99999999,6469.488690033034,81,81,162,43,0.2654320987654321,0.05000000000000001,1.0000000000000002,1.0000000000000002,1.0000000000000002,2.0000000000000004,-1.2720287402775808e-05,0.00040000000000000013,0.00010000000000000003,0.00030000000000000003,100000.00000000003,2.5877954760132137e-05,-0.00011272028740277585,-0.0004127202874027759,-0.0004127202874027759,-0.000438598242162908,-0.1272028740277581,1.0000000000000002,3.0000000000000004,0.2587795476013214,-4.38598242162908,True,False
2021-10-29,170540.76326190223,249999999.99999994,124999999.99999997,124999999.99999996,7482.004907680252,86,86,172,49,0.28488372093023256,0.05000000000000001,0.9999999999999998,0.9999999999999998,0.9999999999999998,1.9999999999999996,0.0006821630530476089,0.0003999999999999999,9.999999999999998e-05,0.0002999999999999999,99999.99999999997,2.9928019630721008e-05,0.000582163053047609,0.00028216305304760905,0.00028216305304760905,0.00025223503341688803,6.821630530476089,0.9999999999999998,2.999999999999999,0.2992801963072101,2.5223503341688804,True,False
2021-11-01,-620587.5592076617,249999999.99999997,125000000.0,124999999.99999999,6250.7244392075145,85,85,170,46,0.27058823529411763,0.05000000000000001,0.9999999999999999,0.9999999999999999,0.9999999999999999,1.9999999999999998,-0.0024823502368306466,0.00039999999999999996,9.999999999999999e-05,0.0002999999999999999,99999.99999999999,2.5002897756830057e-05,-0.0025823502368306464,-0.0028823502368306463,-0.0028823502368306463,-0.0029073531345874763,-24.823502368306468,0.9999999999999999,2.999999999999999,0.25002897756830056,-29.073531345874763,True,False
2021-11-02,268791.9907982417,249999999.99999988,124999999.99999994,124999999.99999994,5444.59578068378,76,76,152,43,0.28289473684210525,0.05000000000000001,0.9999999999999996,0.9999999999999996,0.9999999999999996,1.9999999999999991,0.0010751679631929667,0.00039999999999999986,9.999999999999996e-05,0.00029999999999999987,99999.99999999997,2.177838312273512e-05,0.0009751679631929668,0.000675167963192967,0.000675167963192967,0.0006533895800702319,10.751679631929667,0.9999999999999997,2.9999999999999987,0.2177838312273512,6.533895800702319,True,False
2021-11-03,624277.6521254478,249999999.9999999,124999999.99999997,124999999.99999997,2060.15179031746,76,76,152,15,0.09868421052631579,0.05000000000000001,0.9999999999999997,0.9999999999999997,0.9999999999999997,1.9999999999999993,0.002497110608501791,0.0003999999999999999,9.999999999999998e-05,0.00029999999999999987,99999.99999999997,8.24060716126984e-06,0.002397110608501791,0.002097110608501791,0.002097110608501791,0.0020888700013405215,24.971106085017908,0.9999999999999998,2.9999999999999987,0.0824060716126984,20.888700013405217,True,False
2021-11-04,573669.5652076128,249999999.99999997,125000000.0,125000000.0,2636.6057827672103,82,82,164,16,0.0975609756097561,0.05000000000000001,0.9999999999999999,0.9999999999999999,0.9999999999999999,1.9999999999999998,0.002294678260830451,0.00039999999999999996,9.999999999999999e-05,0.0002999999999999999,99999.99999999999,1.054642313106884e-05,0.0021946782608304512,0.0018946782608304513,0.0018946782608304513,0.0018841318376993826,22.94678260830451,0.9999999999999999,2.999999999999999,0.10546423131068841,18.841318376993826,True,False
2021-11-05,409235.3491441978,249999999.99999994,124999999.99999997,124999999.99999996,1984.1269841269834,90,90,180,7,0.03888888888888889,0.05000000000000001,0.9999999999999998,0.9999999999999998,0.9999999999999998,1.9999999999999996,0.0016369413965767912,0.0003999999999999999,9.999999999999998e-05,0.0002999999999999999,99999.99999999997,7.936507936507934e-06,0.0015369413965767912,0.0012369413965767912,0.0012369413965767912,0.0012290048886402832,16.36941396576791,0.9999999999999998,2.999999999999999,0.07936507936507935,12.290048886402833,True,False
2021-11-08,265563.80885516474,249999999.99999994,124999999.99999993,125000000.0,6022.892517537309,95,95,190,48,0.25263157894736843,0.05000000000000001,0.9999999999999998,0.9999999999999998,0.9999999999999998,1.9999999999999996,0.001062255235420659,0.0003999999999999999,9.999999999999998e-05,0.0002999999999999999,99999.99999999997,2.4091570070149235e-05,0.000962255235420659,0.000662255235420659,0.000662255235420659,0.0006381636653505098,10.622552354206588,0.9999999999999998,2.999999999999999,0.24091570070149235,6.381636653505098,True,False
2021-11-09,-890468.2131796477,249999999.99999997,124999999.99999999,124999999.99999997,6175.494126805526,95,95,190,28,0.14736842105263157,0.05000000000000001,0.9999999999999999,0.9999999999999999,0.9999999999999999,1.9999999999999998,-0.003561872852718591,0.00039999999999999996,9.999999999999999e-05,0.0002999999999999999,99999.99999999999,2.4701976507222105e-05,-0.0036618728527185907,-0.00396187285271859,-0.00396187285271859,-0.003986574829225812,-35.61872852718591,0.9999999999999999,2.999999999999999,0.24701976507222106,-39.86574829225812,True,False
2021-11-10,849998.4870053651,249999999.99999997,125000000.0,124999999.99999999,4213.372952179159,97,97,194,36,0.18556701030927836,0.049999999999999996,0.9999999999999999,0.9999999999999999,0.9999999999999999,1.9999999999999998,0.0033999939480214604,0.00039999999999999996,9.999999999999999e-05,0.0002999999999999999,99999.99999999999,1.685349180871664e-05,0.0032999939480214606,0.0029999939480214607,0.0029999939480214607,0.002983140456212744,33.99993948021461,0.9999999999999999,2.999999999999999,0.1685349180871664,29.83140456212744,True,False
2021-11-11,-90323.7853939311,249999999.99999997,125000000.0,124999999.99999999,1984.1269841269839,98,98,196,9,0.04591836734693878,0.049999999999999996,0.9999999999999999,0.9999999999999999,0.9999999999999999,1.9999999999999998,-0.0003612951415757244,0.00039999999999999996,9.999999999999999e-05,0.0002999999999999999,99999.99999999999,7.936507936507936e-06,-0.0004612951415757244,-0.0007612951415757244,-0.0007612951415757244,-0.0007692316495122323,-3.6129514157572444,0.9999999999999999,2.999999999999999,0.07936507936507936,-7.692316495122323,True,False
2021-11-12,-210455.18074330056,250000000.0,124999999.99999999,124999999.99999997,1984.1269841269836,98,98,196,10,0.05102040816326531,0.05,1.0,1.0,1.0,2.0,-0.0008418207229732022,0.0004,0.0001,0.0003,100000.0,7.936507936507934e-06,-0.0009418207229732023,-0.0012418207229732022,-0.0012418207229732022,-0.0012497572309097102,-8.418207229732023,1.0,2.9999999999999996,0.07936507936507935,-12.497572309097102,True,False
2021-11-15,-298766.14118196996,249999999.99999997,125000000.0,125000000.0,1984.1269841269843,98,98,196,8,0.04081632653061224,0.049999999999999996,0.9999999999999999,0.9999999999999999,0.9999999999999999,1.9999999999999998,-0.00119506456472788,0.00039999999999999996,9.999999999999999e-05,0.0002999999999999999,99999.99999999999,7.936507936507938e-06,-0.00129506456472788,-0.00159506456472788,-0.00159506456472788,-0.001603001072664388,-11.9506456472788,0.9999999999999999,2.999999999999999,0.07936507936507937,-16.03001072664388,True,False
2021-11-16,-91441.00485382302,250000000.0,124999999.99999999,124999999.99999997,1984.1269841269839,97,97,194,11,0.05670103092783505,0.05,1.0,1.0,1.0,2.0,-0.00036576401941529205,0.0004,0.0001,0.0003,100000.0,7.936507936507936e-06,-0.00046576401941529204,-0.000765764019415292,-0.000765764019415292,-0.0007737005273517999,-3.6576401941529206,1.0,2.9999999999999996,0.07936507936507936,-7.737005273517999,True,False
2021-11-17,670341.4625317929,250000000.00000006,125000000.0,125000000.00000003,1984.1269841269848,97,97,194,10,0.05154639175257732,0.05000000000000001,1.0000000000000002,1.0000000000000002,1.0000000000000002,2.0000000000000004,0.0026813658501271716,0.00040000000000000013,0.00010000000000000003,0.00030000000000000003,100000.00000000003,7.93650793650794e-06,0.0025813658501271717,0.002281365850127172,0.002281365850127172,0.002273429342190664,26.813658501271714,1.0000000000000002,3.0000000000000004,0.0793650793650794,22.73429342190664,True,False
2021-11-18,-446685.2735925969,249999999.99999997,125000000.00000003,124999999.99999999,1984.126984126984,97,97,194,9,0.04639175257731959,0.049999999999999996,0.9999999999999999,0.9999999999999999,0.9999999999999999,1.9999999999999998,-0.0017867410943703875,0.00039999999999999996,9.999999999999999e-05,0.0002999999999999999,99999.99999999999,7.936507936507936e-06,-0.0018867410943703875,-0.0021867410943703872,-0.0021867410943703872,-0.0021946776023068952,-17.867410943703874,0.9999999999999999,2.999999999999999,0.07936507936507936,-21.946776023068953,True,False
2021-11-19,377668.9947009436,250000000.00000003,125000000.0,125000000.0,2066.410062502533,97,97,194,9,0.04639175257731959,0.05,1.0000000000000002,1.0000000000000002,1.0000000000000002,2.0000000000000004,0.0015106759788037743,0.00040000000000000013,0.00010000000000000003,0.00030000000000000003,100000.00000000003,8.265640250010132e-06,0.0014106759788037743,0.0011106759788037743,0.0011106759788037743,0.0011024103385537643,15.106759788037744,1.0000000000000002,3.0000000000000004,0.08265640250010131,11.024103385537643,True,False
2021-11-22,-394650.2157367537,250000000.0,125000000.00000001,125000000.0,1984.1269841269843,97,97,194,11,0.05670103092783505,0.049999999999999996,1.0,1.0,1.0,2.0,-0.001578600862947015,0.0004,0.0001,0.0003,100000.0,7.936507936507938e-06,-0.001678600862947015,-0.001978600862947015,-0.001978600862947015,-0.001986537370883523,-15.78600862947015,1.0,2.9999999999999996,0.07936507936507937,-19.865373708835232,True,False
2021-11-23,-833649.3615687519,250000000.00000003,125000000.00000001,125000000.00000003,1984.1269841269843,97,97,194,9,0.04639175257731959,0.05,1.0000000000000002,1.0000000000000002,1.0000000000000002,2.0000000000000004,-0.0033345974462750073,0.00040000000000000013,0.00010000000000000003,0.00030000000000000003,100000.00000000003,7.936507936507938e-06,-0.003434597446275007,-0.003734597446275007,-0.003734597446275007,-0.003742533954211515,-33.34597446275007,1.0000000000000002,3.0000000000000004,0.07936507936507937,-37.425339542115154,True,False
2021-11-24,-2142485.1710323985,250000000.00000006,125000000.0,125000000.00000004,1984.126984126985,99,99,198,7,0.03535353535353535,0.05,1.0000000000000002,1.0000000000000002,1.0000000000000002,2.0000000000000004,-0.008569940684129593,0.00040000000000000013,0.00010000000000000003,0.00030000000000000003,100000.00000000003,7.93650793650794e-06,-0.008669940684129592,-0.008969940684129592,-0.008969940684129592,-0.0089778771920661,-85.69940684129593,1.0000000000000002,3.0000000000000004,0.0793650793650794,-89.778771920661,True,False
2021-11-26,1312728.4271540958,249999999.99999997,125000000.00000003,124999999.99999999,1984.1269841269839,99,99,198,8,0.04040404040404041,0.04999999999999999,0.9999999999999999,0.9999999999999999,0.9999999999999999,1.9999999999999998,0.005250913708616384,0.00039999999999999996,9.999999999999999e-05,0.0002999999999999999,99999.99999999999,7.936507936507936e-06,0.0051509137086163835,0.0048509137086163836,0.0048509137086163836,0.0048429772006798755,52.50913708616384,0.9999999999999999,2.999999999999999,0.07936507936507936,48.42977200679876,True,False
2021-11-29,-419743.7151068548,249999999.99999997,125000000.0,124999999.99999997,1984.1269841269834,99,99,198,5,0.025252525252525252,0.04999999999999998,0.9999999999999999,0.9999999999999999,0.9999999999999999,1.9999999999999998,-0.0016789748604274192,0.00039999999999999996,9.999999999999999e-05,0.0002999999999999999,99999.99999999999,7.936507936507934e-06,-0.0017789748604274192,-0.0020789748604274193,-0.0020789748604274193,-0.0020869113683639274,-16.78974860427419,0.9999999999999999,2.999999999999999,0.07936507936507935,-20.869113683639274,True,False
2021-11-30,1115023.5178444048,249999999.99999994,124999999.99999996,124999999.99999997,1984.1269841269836,98,98,196,5,0.025510204081632654,0.04999999999999998,0.9999999999999998,0.9999999999999998,0.9999999999999998,1.9999999999999996,0.0044600940713776195,0.0003999999999999999,9.999999999999998e-05,0.0002999999999999999,99999.99999999997,7.936507936507934e-06,0.004360094071377619,0.004060094071377619,0.004060094071377619,0.004052157563441111,44.6009407137762,0.9999999999999998,2.999999999999999,0.07936507936507935,40.521575634411114,True,False
2021-12-01,-276825.3289456567,250000000.00000003,125000000.0,125000000.0,1984.1269841269843,98,98,196,8,0.04081632653061224,0.05000000000000001,1.0000000000000002,1.0000000000000002,1.0000000000000002,2.0000000000000004,-0.0011073013157826268,0.00040000000000000013,0.00010000000000000003,0.00030000000000000003,100000.00000000003,7.936507936507938e-06,-0.0012073013157826269,-0.001507301315782627,-0.001507301315782627,-0.001515237823719135,-11.073013157826269,1.0000000000000002,3.0000000000000004,0.07936507936507937,-15.15237823719135,True,False
2021-12-02,-167461.3595248017,250000000.0,125000000.0,124999999.99999999,1984.1269841269839,98,98,196,9,0.04591836734693878,0.05000000000000001,1.0,1.0,1.0,2.0,-0.0006698454380992067,0.0004,0.0001,0.0003,100000.0,7.936507936507936e-06,-0.0007698454380992068,-0.0010698454380992067,-0.0010698454380992067,-0.0010777819460357147,-6.698454380992067,1.0,2.9999999999999996,0.07936507936507936,-10.777819460357147,True,False
2021-12-03,-373269.61679714633,250000000.00000003,125000000.0,125000000.0,1984.126984126984,98,98,196,7,0.03571428571428571,0.05,1.0000000000000002,1.0000000000000002,1.0000000000000002,2.0000000000000004,-0.0014930784671885852,0.00040000000000000013,0.00010000000000000003,0.00030000000000000003,100000.00000000003,7.936507936507936e-06,-0.0015930784671885853,-0.0018930784671885854,-0.0018930784671885854,-0.0019010149751250934,-14.930784671885853,1.0000000000000002,3.0000000000000004,0.07936507936507936,-19.010149751250935,True,False
2021-12-06,2162215.9312065304,249999999.99999994,124999999.99999999,124999999.99999994,1984.1269841269832,98,98,196,8,0.04081632653061224,0.05,0.9999999999999998,0.9999999999999998,0.9999999999999998,1.9999999999999996,0.008648863724826122,0.0003999999999999999,9.999999999999998e-05,0.0002999999999999999,99999.99999999997,7.936507936507933e-06,0.008548863724826123,0.008248863724826123,0.008248863724826123,0.008240927216889616,86.48863724826123,0.9999999999999998,2.999999999999999,0.07936507936507933,82.40927216889617,True,False
2021-12-07,233003.8908350985,250000000.0,124999999.99999997,125000000.0,1984.1269841269843,98,98,196,8,0.04081632653061224,0.05,1.0,1.0,1.0,2.0,0.000932015563340394,0.0004,0.0001,0.0003,100000.0,7.936507936507938e-06,0.0008320155633403939,0.0005320155633403939,0.0005320155633403939,0.000524079055403886,9.32015563340394,1.0,2.9999999999999996,0.07936507936507937,5.24079055403886,True,False
2021-12-08,-654619.4192108919,250000000.00000003,125000000.0,125000000.0,1984.1269841269843,98,98,196,9,0.04591836734693878,0.05,1.0000000000000002,1.0000000000000002,1.0000000000000002,2.0000000000000004,-0.002618477676843568,0.00040000000000000013,0.00010000000000000003,0.00030000000000000003,100000.00000000003,7.936507936507938e-06,-0.0027184776768435677,-0.0030184776768435676,-0.0030184776768435676,-0.0030264141847800756,-26.18477676843568,1.0000000000000002,3.0000000000000004,0.07936507936507937,-30.264141847800758,True,False
2021-12-09,187541.86087700987,250000000.0,125000000.0,124999999.99999997,1984.1269841269839,98,98,196,8,0.04081632653061224,0.05,1.0,1.0,1.0,2.0,0.0007501674435080395,0.0004,0.0001,0.0003,100000.0,7.936507936507936e-06,0.0006501674435080394,0.00035016744350803945,0.00035016744350803945,0.0003422309355715315,7.501674435080394,1.0,2.9999999999999996,0.07936507936507936,3.422309355715315,True,False
2021-12-10,-656743.9776540207,249999999.99999994,124999999.99999996,124999999.99999999,1984.1269841269836,98,98,196,9,0.04591836734693878,0.049999999999999996,0.9999999999999998,0.9999999999999998,0.9999999999999998,1.9999999999999996,-0.0026269759106160827,0.0003999999999999999,9.999999999999998e-05,0.0002999999999999999,99999.99999999997,7.936507936507934e-06,-0.0027269759106160825,-0.0030269759106160824,-0.0030269759106160824,-0.0030349124185525904,-26.269759106160826,0.9999999999999998,2.999999999999999,0.07936507936507935,-30.349124185525906,True,False
2021-12-13,-1433904.1844973154,249999999.99999997,125000000.00000003,125000000.0,1984.126984126984,99,99,198,5,0.025252525252525252,0.04999999999999999,0.9999999999999999,0.9999999999999999,0.9999999999999999,1.9999999999999998,-0.0057356167379892615,0.00039999999999999996,9.999999999999999e-05,0.0002999999999999999,99999.99999999999,7.936507936507936e-06,-0.005835616737989262,-0.006135616737989262,-0.006135616737989262,-0.00614355324592577,-57.35616737989262,0.9999999999999999,2.999999999999999,0.07936507936507936,-61.4355324592577,True,False
2021-12-14,-614392.1067017488,250000000.0,125000000.0,124999999.99999999,1984.1269841269839,98,98,196,6,0.030612244897959183,0.05,1.0,1.0,1.0,2.0,-0.0024575684268069954,0.0004,0.0001,0.0003,100000.0,7.936507936507936e-06,-0.002557568426806995,-0.002857568426806995,-0.002857568426806995,-0.002865504934743503,-24.575684268069953,1.0,2.9999999999999996,0.07936507936507936,-28.655049347435032,True,False
2021-12-15,1024262.983931013,250000000.00000003,125000000.0,125000000.00000001,1984.1269841269848,98,98,196,7,0.03571428571428571,0.05,1.0000000000000002,1.0000000000000002,1.0000000000000002,2.0000000000000004,0.004097051935724052,0.00040000000000000013,0.00010000000000000003,0.00030000000000000003,100000.00000000003,7.93650793650794e-06,0.003997051935724052,0.003697051935724052,0.003697051935724052,0.003689115427787544,40.97051935724052,1.0000000000000002,3.0000000000000004,0.0793650793650794,36.89115427787544,True,False
2021-12-16,-778335.4091751884,250000000.0,124999999.99999997,125000000.00000003,1984.1269841269843,98,98,196,6,0.030612244897959183,0.05000000000000001,1.0,1.0,1.0,2.0,-0.0031133416367007537,0.0004,0.0001,0.0003,100000.0,7.936507936507938e-06,-0.0032133416367007535,-0.0035133416367007534,-0.0035133416367007534,-0.0035212781446372615,-31.133416367007538,1.0,2.9999999999999996,0.07936507936507937,-35.21278144637262,True,False
2021-12-17,-1842459.2444602384,250000000.0,125000000.00000001,125000000.00000001,1984.1269841269843,99,99,198,5,0.025252525252525252,0.049999999999999996,1.0,1.0,1.0,2.0,-0.0073698369778409534,0.0004,0.0001,0.0003,100000.0,7.936507936507938e-06,-0.007469836977840954,-0.007769836977840954,-0.007769836977840954,-0.007777773485777462,-73.69836977840953,1.0,2.9999999999999996,0.07936507936507937,-77.77773485777462,True,False
2021-12-20,1011437.0119991704,249999999.99999997,125000000.0,124999999.99999999,1984.1269841269843,98,98,196,6,0.030612244897959183,0.049999999999999996,0.9999999999999999,0.9999999999999999,0.9999999999999999,1.9999999999999998,0.004045748047996681,0.00039999999999999996,9.999999999999999e-05,0.0002999999999999999,99999.99999999999,7.936507936507938e-06,0.003945748047996681,0.003645748047996681,0.003645748047996681,0.003637811540060173,40.45748047996681,0.9999999999999999,2.999999999999999,0.07936507936507937,36.37811540060173,True,False
2021-12-21,-246151.25897320258,250000000.0,124999999.99999999,125000000.0,1984.126984126984,98,98,196,8,0.04081632653061224,0.05000000000000001,1.0,1.0,1.0,2.0,-0.0009846050358928104,0.0004,0.0001,0.0003,100000.0,7.936507936507936e-06,-0.0010846050358928104,-0.0013846050358928103,-0.0013846050358928103,-0.0013925415438293183,-9.846050358928103,1.0,2.9999999999999996,0.07936507936507936,-13.925415438293184,True,False
2021-12-22,377382.319395207,249999999.99999994,125000000.00000003,124999999.99999997,1984.1269841269839,99,99,198,6,0.030303030303030304,0.049999999999999975,0.9999999999999998,0.9999999999999998,0.9999999999999998,1.9999999999999996,0.001509529277580828,0.0003999999999999999,9.999999999999998e-05,0.0002999999999999999,99999.99999999997,7.936507936507936e-06,0.001409529277580828,0.001109529277580828,0.001109529277580828,0.00110159276964432,15.09529277580828,0.9999999999999998,2.999999999999999,0.07936507936507936,11.0159276964432,True,False
2021-12-23,-623832.3914349445,250000000.0,125000000.00000001,124999999.99999999,1984.1269841269836,99,99,198,5,0.025252525252525252,0.049999999999999996,1.0,1.0,1.0,2.0,-0.002495329565739778,0.0004,0.0001,0.0003,100000.0,7.936507936507934e-06,-0.002595329565739778,-0.002895329565739778,-0.002895329565739778,-0.002903266073676286,-24.95329565739778,1.0,2.9999999999999996,0.07936507936507935,-29.032660736762857,True,False
2021-12-27,-176734.34414593334,250000000.00000006,125000000.0,125000000.00000001,1984.1269841269843,99,99,198,5,0.025252525252525252,0.05,1.0000000000000002,1.0000000000000002,1.0000000000000002,2.0000000000000004,-0.0007069373765837333,0.00040000000000000013,0.00010000000000000003,0.00030000000000000003,100000.00000000003,7.936507936507938e-06,-0.0008069373765837334,-0.0011069373765837335,-0.0011069373765837335,-0.0011148738845202415,-7.069373765837333,1.0000000000000002,3.0000000000000004,0.07936507936507937,-11.148738845202415,True,False
2021-12-28,-311493.6532707089,250000000.00000006,125000000.00000003,125000000.00000004,2064.8246801989862,99,99,198,4,0.020202020202020204,0.05,1.0000000000000002,1.0000000000000002,1.0000000000000002,2.0000000000000004,-0.0012459746130828358,0.00040000000000000013,0.00010000000000000003,0.00030000000000000003,100000.00000000003,8.259298720795944e-06,-0.0013459746130828358,-0.001645974613082836,-0.001645974613082836,-0.001654233911803632,-12.459746130828357,1.0000000000000002,3.0000000000000004,0.08259298720795945,-16.54233911803632,True,False
2021-12-29,-449320.6904515119,250000000.00000003,125000000.0,125000000.00000001,1984.1269841269846,99,99,198,10,0.050505050505050504,0.049999999999999996,1.0000000000000002,1.0000000000000002,1.0000000000000002,2.0000000000000004,-0.0017972827618060476,0.00040000000000000013,0.00010000000000000003,0.00030000000000000003,100000.00000000003,7.936507936507938e-06,-0.0018972827618060476,-0.0021972827618060476,-0.0021972827618060476,-0.0022052192697425556,-17.972827618060474,1.0000000000000002,3.0000000000000004,0.07936507936507937,-22.052192697425557,True,False
2021-12-30,-157728.46863300793,250000000.00000003,125000000.00000003,125000000.00000001,1984.1269841269846,99,99,198,9,0.045454545454545456,0.049999999999999996,1.0000000000000002,1.0000000000000002,1.0000000000000002,2.0000000000000004,-0.0006309138745320317,0.00040000000000000013,0.00010000000000000003,0.00030000000000000003,100000.00000000003,7.936507936507938e-06,-0.0007309138745320318,-0.001030913874532032,-0.001030913874532032,-0.00103885038246854,-6.309138745320317,1.0000000000000002,3.0000000000000004,0.07936507936507937,-10.3885038246854,True,False
2021-12-31,997558.7917871096,249999999.99999997,125000000.0,124999999.99999996,1984.1269841269839,95,95,190,7,0.03684210526315789,0.05,0.9999999999999999,0.9999999999999999,0.9999999999999999,1.9999999999999998,0.003990235167148438,0.00039999999999999996,9.999999999999999e-05,0.0002999999999999999,99999.99999999999,7.936507936507936e-06,0.0038902351671484385,0.0035902351671484385,0.0035902351671484385,0.0035822986592119305,39.90235167148438,0.9999999999999999,2.999999999999999,0.07936507936507936,35.82298659211931,True,False
2022-01-03,384284.08888841874,250000000.00000003,125000000.00000003,125000000.00000003,1984.1269841269846,99,99,198,6,0.030303030303030304,0.05000000000000001,1.0000000000000002,1.0000000000000002,1.0000000000000002,2.0000000000000004,0.001537136355553675,0.00040000000000000013,0.00010000000000000003,0.00030000000000000003,100000.00000000003,7.936507936507938e-06,0.001437136355553675,0.001137136355553675,0.001137136355553675,0.001129199847617167,15.37136355553675,1.0000000000000002,3.0000000000000004,0.07936507936507937,11.29199847617167,True,False
2022-01-04,-620500.1736524403,249999999.99999997,124999999.99999996,124999999.99999999,1984.126984126984,99,99,198,7,0.03535353535353535,0.04999999999999998,0.9999999999999999,0.9999999999999999,0.9999999999999999,1.9999999999999998,-0.002482000694609761,0.00039999999999999996,9.999999999999999e-05,0.0002999999999999999,99999.99999999999,7.936507936507936e-06,-0.002582000694609761,-0.0028820006946097608,-0.0028820006946097608,-0.002889937202546269,-24.82000694609761,0.9999999999999999,2.999999999999999,0.07936507936507936,-28.89937202546269,True,False
2022-01-05,301554.42191171844,250000000.00000006,124999999.99999999,125000000.00000003,2004.5711409936512,99,99,198,8,0.04040404040404041,0.049999999999999996,1.0000000000000002,1.0000000000000002,1.0000000000000002,2.0000000000000004,0.0012062176876468738,0.00040000000000000013,0.00010000000000000003,0.00030000000000000003,100000.00000000003,8.018284563974605e-06,0.0011062176876468737,0.0008062176876468737,0.0008062176876468737,0.0007981994030828991,12.062176876468738,1.0000000000000002,3.0000000000000004,0.08018284563974605,7.98199403082899,True,False
2022-01-06,363838.02385900094,250000000.0,124999999.99999999,124999999.99999999,1984.1269841269839,99,99,198,10,0.050505050505050504,0.04999999999999999,1.0,1.0,1.0,2.0,0.0014553520954360038,0.0004,0.0001,0.0003,100000.0,7.936507936507936e-06,0.0013553520954360037,0.0010553520954360038,0.0010553520954360038,0.0010474155874994958,14.553520954360037,1.0,2.9999999999999996,0.07936507936507936,10.474155874994958,True,False
2022-01-07,-1528524.5343977169,250000000.0,124999999.99999997,125000000.0,1984.126984126984,99,99,198,9,0.045454545454545456,0.049999999999999996,1.0,1.0,1.0,2.0,-0.006114098137590868,0.0004,0.0001,0.0003,100000.0,7.936507936507936e-06,-0.006214098137590868,-0.006514098137590868,-0.006514098137590868,-0.006522034645527376,-61.14098137590867,1.0,2.9999999999999996,0.07936507936507936,-65.22034645527376,True,False
2022-01-10,-218315.4617057444,250000000.00000003,124999999.99999999,125000000.0,1984.1269841269843,99,99,198,10,0.050505050505050504,0.049999999999999996,1.0000000000000002,1.0000000000000002,1.0000000000000002,2.0000000000000004,-0.0008732618468229777,0.00040000000000000013,0.00010000000000000003,0.00030000000000000003,100000.00000000003,7.936507936507938e-06,-0.0009732618468229777,-0.0012732618468229778,-0.0012732618468229778,-0.0012811983547594858,-8.732618468229777,1.0000000000000002,3.0000000000000004,0.07936507936507937,-12.811983547594858,True,False
2022-01-11,1074834.5962613502,250000000.0,125000000.00000001,124999999.99999999,1984.1269841269839,99,99,198,8,0.04040404040404041,0.04999999999999998,1.0,1.0,1.0,2.0,0.004299338385045401,0.0004,0.0001,0.0003,100000.0,7.936507936507936e-06,0.0041993383850454005,0.0038993383850454005,0.0038993383850454005,0.0038914018771088925,42.99338385045401,1.0,2.9999999999999996,0.07936507936507936,38.91401877108893,True,False
2022-01-12,649667.9529818125,250000000.0,125000000.00000004,124999999.99999999,1984.1269841269839,99,99,198,11,0.05555555555555555,0.04999999999999998,1.0,1.0,1.0,2.0,0.00259867181192725,0.0004,0.0001,0.0003,100000.0,7.936507936507936e-06,0.0024986718119272503,0.0021986718119272504,0.0021986718119272504,0.0021907353039907424,25.986718119272503,1.0,2.9999999999999996,0.07936507936507936,21.907353039907424,True,False
2022-01-13,-668870.2800980358,249999999.99999997,124999999.99999999,124999999.99999997,1984.1269841269836,98,98,196,9,0.04591836734693878,0.04999999999999999,0.9999999999999999,0.9999999999999999,0.9999999999999999,1.9999999999999998,-0.0026754811203921433,0.00039999999999999996,9.999999999999999e-05,0.0002999999999999999,99999.99999999999,7.936507936507934e-06,-0.002775481120392143,-0.003075481120392143,-0.003075481120392143,-0.003083417628328651,-26.75481120392143,0.9999999999999999,2.999999999999999,0.07936507936507935,-30.83417628328651,True,False
2022-01-14,-1411528.3718859393,250000000.0,124999999.99999996,125000000.00000001,1984.1269841269843,99,99,198,10,0.050505050505050504,0.049999999999999996,1.0,1.0,1.0,2.0,-0.0056461134875437574,0.0004,0.0001,0.0003,100000.0,7.936507936507938e-06,-0.005746113487543758,-0.006046113487543758,-0.006046113487543758,-0.006054049995480266,-56.46113487543757,1.0,2.9999999999999996,0.07936507936507937,-60.540499954802655,True,False
2022-01-18,746854.7969395355,249999999.9999999,124999999.99999997,124999999.99999994,1984.1269841269832,96,96,192,13,0.06770833333333333,0.05,0.9999999999999997,0.9999999999999997,0.9999999999999997,1.9999999999999993,0.002987419187758142,0.0003999999999999999,9.999999999999998e-05,0.00029999999999999987,99999.99999999997,7.936507936507933e-06,0.0028874191877581424,0.0025874191877581425,0.0025874191877581425,0.0025794826798216344,29.87419187758142,0.9999999999999998,2.9999999999999987,0.07936507936507933,25.794826798216345,True,False
2022-01-19,1023198.8043984367,249999999.99999988,124999999.99999993,124999999.99999994,1984.1269841269834,95,95,190,13,0.06842105263157895,0.04999999999999999,0.9999999999999996,0.9999999999999996,0.9999999999999996,1.9999999999999991,0.004092795217593747,0.00039999999999999986,9.999999999999996e-05,0.00029999999999999987,99999.99999999997,7.936507936507934e-06,0.003992795217593746,0.0036927952175937464,0.0036927952175937464,0.0036848587096572384,40.92795217593746,0.9999999999999997,2.9999999999999987,0.07936507936507935,36.84858709657239,True,False
2022-01-20,-1923283.5300789317,249999999.99999997,125000000.0,124999999.99999997,1984.1269841269836,97,97,194,15,0.07731958762886598,0.049999999999999996,0.9999999999999999,0.9999999999999999,0.9999999999999999,1.9999999999999998,-0.007693134120315727,0.00039999999999999996,9.999999999999999e-05,0.0002999999999999999,99999.99999999999,7.936507936507934e-06,-0.007793134120315727,-0.008093134120315728,-0.008093134120315728,-0.008101070628252235,-76.93134120315727,0.9999999999999999,2.999999999999999,0.07936507936507935,-81.01070628252235,True,False
2022-01-21,-2810636.9546156013,249999999.99999997,125000000.00000001,124999999.99999999,1984.1269841269843,97,97,194,19,0.0979381443298969,0.049999999999999996,0.9999999999999999,0.9999999999999999,0.9999999999999999,1.9999999999999998,-0.011242547818462406,0.00039999999999999996,9.999999999999999e-05,0.0002999999999999999,99999.99999999999,7.936507936507938e-06,-0.011342547818462405,-0.011642547818462405,-0.011642547818462405,-0.011650484326398912,-112.42547818462405,0.9999999999999999,2.999999999999999,0.07936507936507937,-116.50484326398912,True,False
2022-01-24,-1307202.5208068152,249999999.99999994,124999999.99999994,124999999.99999994,1984.1269841269832,95,95,190,15,0.07894736842105263,0.05,0.9999999999999998,0.9999999999999998,0.9999999999999998,1.9999999999999996,-0.0052288100832272606,0.0003999999999999999,9.999999999999998e-05,0.0002999999999999999,99999.99999999997,7.936507936507933e-06,-0.005328810083227261,-0.005628810083227261,-0.005628810083227261,-0.005636746591163769,-52.288100832272605,0.9999999999999998,2.999999999999999,0.07936507936507933,-56.36746591163769,True,False
2022-01-25,3083227.923042061,249999999.99999994,124999999.99999993,124999999.99999999,1984.1269841269839,89,89,178,17,0.09550561797752809,0.05,0.9999999999999998,0.9999999999999998,0.9999999999999998,1.9999999999999996,0.012332911692168243,0.0003999999999999999,9.999999999999998e-05,0.0002999999999999999,99999.99999999997,7.936507936507936e-06,0.012232911692168244,0.011932911692168244,0.011932911692168244,0.011924975184231737,123.32911692168243,0.9999999999999998,2.999999999999999,0.07936507936507936,119.24975184231737,True,False
2022-01-26,1366922.8509625013,250000000.0,124999999.99999997,124999999.99999999,1984.126984126984,88,88,176,17,0.09659090909090909,0.05000000000000001,1.0,1.0,1.0,2.0,0.005467691403850005,0.0004,0.0001,0.0003,100000.0,7.936507936507936e-06,0.005367691403850005,0.005067691403850005,0.005067691403850005,0.005059754895913497,54.67691403850005,1.0,2.9999999999999996,0.07936507936507936,50.59754895913497,True,False
2022-01-27,816132.5056241342,249999999.99999997,125000000.00000001,124999999.99999997,1984.1269841269836,90,90,180,14,0.07777777777777778,0.049999999999999996,0.9999999999999999,0.9999999999999999,0.9999999999999999,1.9999999999999998,0.003264530022496537,0.00039999999999999996,9.999999999999999e-05,0.0002999999999999999,99999.99999999999,7.936507936507934e-06,0.0031645300224965372,0.0028645300224965373,0.0028645300224965373,0.0028565935145600293,32.64530022496537,0.9999999999999999,2.999999999999999,0.07936507936507935,28.565935145600292,True,False
2022-01-28,1066717.055405522,249999999.99999997,125000000.00000001,124999999.99999997,1984.1269841269836,94,94,188,12,0.06382978723404255,0.049999999999999996,0.9999999999999999,0.9999999999999999,0.9999999999999999,1.9999999999999998,0.004266868221622088,0.00039999999999999996,9.999999999999999e-05,0.0002999999999999999,99999.99999999999,7.936507936507934e-06,0.004166868221622088,0.0038668682216220877,0.0038668682216220877,0.0038589317136855797,42.66868221622088,0.9999999999999999,2.999999999999999,0.07936507936507935,38.5893171368558,True,False
2022-01-31,938647.3605404829,249999999.99999997,125000000.0,124999999.99999997,1984.1269841269839,93,93,186,11,0.05913978494623656,0.049999999999999996,0.9999999999999999,0.9999999999999999,0.9999999999999999,1.9999999999999998,0.0037545894421619317,0.00039999999999999996,9.999999999999999e-05,0.0002999999999999999,99999.99999999999,7.936507936507936e-06,0.003654589442161932,0.003354589442161932,0.003354589442161932,0.003346652934225424,37.545894421619316,0.9999999999999999,2.999999999999999,0.07936507936507936,33.46652934225424,True,False
2022-02-01,534780.7587197124,249999999.9999999,124999999.99999994,124999999.99999993,1984.1269841269832,86,86,172,12,0.06976744186046512,0.05,0.9999999999999997,0.9999999999999997,0.9999999999999997,1.9999999999999993,0.0021391230348788495,0.0003999999999999999,9.999999999999998e-05,0.00029999999999999987,99999.99999999997,7.936507936507933e-06,0.0020391230348788497,0.0017391230348788498,0.0017391230348788498,0.0017311865269423418,21.391230348788497,0.9999999999999998,2.9999999999999987,0.07936507936507933,17.311865269423418,True,False
2022-02-02,-2300948.091909191,249999999.99999994,124999999.99999996,124999999.99999996,1984.1269841269834,85,85,170,12,0.07058823529411765,0.049999999999999996,0.9999999999999998,0.9999999999999998,0.9999999999999998,1.9999999999999996,-0.009203792367636764,0.0003999999999999999,9.999999999999998e-05,0.0002999999999999999,99999.99999999997,7.936507936507934e-06,-0.009303792367636763,-0.009603792367636763,-0.009603792367636763,-0.00961172887557327,-92.03792367636764,0.9999999999999998,2.999999999999999,0.07936507936507935,-96.1172887557327,True,False
2022-02-03,1100980.2549710332,250000000.0,124999999.99999997,125000000.0,1984.126984126984,88,88,176,11,0.0625,0.049999999999999996,1.0,1.0,1.0,2.0,0.004403921019884132,0.0004,0.0001,0.0003,100000.0,7.936507936507936e-06,0.004303921019884132,0.004003921019884132,0.004003921019884132,0.003995984511947624,44.039210198841324,1.0,2.9999999999999996,0.07936507936507936,39.95984511947624,True,False
2022-02-04,-148415.16201339595,250000000.0,125000000.0,124999999.99999999,1984.1269841269839,92,92,184,13,0.07065217391304347,0.05000000000000001,1.0,1.0,1.0,2.0,-0.0005936606480535838,0.0004,0.0001,0.0003,100000.0,7.936507936507936e-06,-0.0006936606480535838,-0.0009936606480535838,-0.0009936606480535838,-0.0010015971559900918,-5.936606480535837,1.0,2.9999999999999996,0.07936507936507936,-10.015971559900919,True,False
2022-02-07,-866608.0073411384,250000000.0,125000000.0,124999999.99999999,1984.126984126984,92,92,184,12,0.06521739130434782,0.05,1.0,1.0,1.0,2.0,-0.003466432029364554,0.0004,0.0001,0.0003,100000.0,7.936507936507936e-06,-0.0035664320293645538,-0.0038664320293645537,-0.0038664320293645537,-0.0038743685373010617,-34.66432029364554,1.0,2.9999999999999996,0.07936507936507936,-38.743685373010614,True,False
2022-02-08,1300135.5608726502,250000000.00000012,125000000.0,125000000.00000006,1984.126984126985,87,87,174,13,0.07471264367816093,0.05000000000000001,1.0000000000000004,1.0000000000000004,1.0000000000000004,2.000000000000001,0.005200542243490601,0.0004000000000000002,0.00010000000000000005,0.0003000000000000001,100000.00000000004,7.93650793650794e-06,0.0051005422434906005,0.004800542243490601,0.004800542243490601,0.004792605735554093,52.00542243490601,1.0000000000000004,3.000000000000001,0.0793650793650794,47.92605735554093,True,False
2022-02-09,-2006683.5534702004,250000000.00000003,124999999.99999999,125000000.00000004,2078.312221614122,87,87,174,11,0.06321839080459771,0.049999999999999996,1.0000000000000002,1.0000000000000002,1.0000000000000002,2.0000000000000004,-0.008026734213880801,0.00040000000000000013,0.00010000000000000003,0.00030000000000000003,100000.00000000003,8.313248886456488e-06,-0.0081267342138808,-0.0084267342138808,-0.0084267342138808,-0.008435047462767256,-80.267342138808,1.0000000000000002,3.0000000000000004,0.08313248886456488,-84.35047462767257,True,False
2022-02-10,-314376.3194401381,250000000.0,124999999.99999997,124999999.99999999,2074.2134165207685,90,90,180,8,0.044444444444444446,0.05,1.0,1.0,1.0,2.0,-0.0012575052777605525,0.0004,0.0001,0.0003,100000.0,8.296853666083074e-06,-0.0013575052777605526,-0.0016575052777605525,-0.0016575052777605525,-0.0016658021314266355,-12.575052777605526,1.0,2.9999999999999996,0.08296853666083075,-16.658021314266357,True,False
2022-02-11,-277839.6935917133,250000000.00000003,124999999.99999999,125000000.00000003,1984.1269841269846,93,93,186,9,0.04838709677419355,0.05000000000000001,1.0000000000000002,1.0000000000000002,1.0000000000000002,2.0000000000000004,-0.0011113587743668532,0.00040000000000000013,0.00010000000000000003,0.00030000000000000003,100000.00000000003,7.936507936507938e-06,-0.0012113587743668532,-0.0015113587743668532,-0.0015113587743668532,-0.0015192952823033612,-11.113587743668532,1.0000000000000002,3.0000000000000004,0.07936507936507937,-15.192952823033611,True,False
2022-02-14,1205550.094007058,249999999.99999994,125000000.0,125000000.0,2069.3446545117963,94,94,188,6,0.031914893617021274,0.05000000000000001,0.9999999999999998,0.9999999999999998,0.9999999999999998,1.9999999999999996,0.0048222003760282324,0.0003999999999999999,9.999999999999998e-05,0.0002999999999999999,99999.99999999997,8.277378618047185e-06,0.004722200376028232,0.004422200376028232,0.004422200376028232,0.004413922997410185,48.22200376028233,0.9999999999999998,2.999999999999999,0.08277378618047185,44.139229974101845,True,False
2022-02-15,-1064451.6496026767,250000000.0,125000000.0,125000000.0,2073.496373414043,90,90,180,9,0.05,0.05000000000000001,1.0,1.0,1.0,2.0,-0.004257806598410707,0.0004,0.0001,0.0003,100000.0,8.293985493656171e-06,-0.004357806598410707,-0.004657806598410707,-0.004657806598410707,-0.004666100583904363,-42.57806598410707,1.0,2.9999999999999996,0.08293985493656171,-46.661005839043625,True,False
2022-02-16,-986859.2044376528,250000000.0,125000000.0,125000000.0,2073.7670336863566,90,90,180,9,0.05,0.05,1.0,1.0,1.0,2.0,-0.0039474368177506115,0.0004,0.0001,0.0003,100000.0,8.295068134745427e-06,-0.004047436817750612,-0.004347436817750612,-0.004347436817750612,-0.004355731885885357,-39.474368177506115,1.0,2.9999999999999996,0.08295068134745427,-43.55731885885357,True,False
2022-02-17,326034.6503429481,250000000.0,125000000.0,125000000.0,2158.7506653138057,92,92,184,6,0.03260869565217391,0.049999999999999996,1.0,1.0,1.0,2.0,0.0013041386013717925,0.0004,0.0001,0.0003,100000.0,8.635002661255223e-06,0.0012041386013717924,0.0009041386013717925,0.0009041386013717925,0.0008955035987105373,13.041386013717924,1.0,2.9999999999999996,0.08635002661255223,8.955035987105372,True,False
2022-02-18,-1379746.1038679504,249999999.99999994,124999999.99999994,124999999.99999997,1984.1269841269836,96,96,192,5,0.026041666666666668,0.049999999999999996,0.9999999999999998,0.9999999999999998,0.9999999999999998,1.9999999999999996,-0.005518984415471801,0.0003999999999999999,9.999999999999998e-05,0.0002999999999999999,99999.99999999997,7.936507936507934e-06,-0.0056189844154718015,-0.0059189844154718015,-0.0059189844154718015,-0.0059269209234083095,-55.18984415471801,0.9999999999999998,2.999999999999999,0.07936507936507935,-59.26920923408309,True,False
2022-02-22,806123.0212643748,249999999.99999997,125000000.0,124999999.99999997,1984.1269841269839,90,90,180,6,0.03333333333333333,0.04999999999999999,0.9999999999999999,0.9999999999999999,0.9999999999999999,1.9999999999999998,0.0032244920850574995,0.00039999999999999996,9.999999999999999e-05,0.0002999999999999999,99999.99999999999,7.936507936507936e-06,0.0031244920850574997,0.0028244920850574997,0.0028244920850574997,0.0028165555771209917,32.24492085057499,0.9999999999999999,2.999999999999999,0.07936507936507936,28.165555771209917,True,False
2022-02-23,-3557398.4640276795,249999999.99999994,125000000.0,124999999.99999999,1984.1269841269839,86,86,172,9,0.05232558139534884,0.05000000000000001,0.9999999999999998,0.9999999999999998,0.9999999999999998,1.9999999999999996,-0.014229593856110717,0.0003999999999999999,9.999999999999998e-05,0.0002999999999999999,99999.99999999997,7.936507936507936e-06,-0.014329593856110717,-0.014629593856110717,-0.014629593856110717,-0.014637530364047224,-142.29593856110716,0.9999999999999998,2.999999999999999,0.07936507936507936,-146.37530364047225,True,False
2022-02-24,-687844.3895039954,250000000.0,124999999.99999997,124999999.99999999,1984.1269841269836,89,89,178,8,0.0449438202247191,0.05,1.0,1.0,1.0,2.0,-0.0027513775580159817,0.0004,0.0001,0.0003,100000.0,7.936507936507934e-06,-0.0028513775580159815,-0.0031513775580159814,-0.0031513775580159814,-0.0031593140659524894,-27.513775580159816,1.0,2.9999999999999996,0.07936507936507935,-31.593140659524895,True,False
2022-02-25,759272.2165901796,249999999.99999994,124999999.99999997,124999999.99999999,2073.0851004679052,91,91,182,10,0.054945054945054944,0.05000000000000001,0.9999999999999998,0.9999999999999998,0.9999999999999998,1.9999999999999996,0.0030370888663607183,0.0003999999999999999,9.999999999999998e-05,0.0002999999999999999,99999.99999999997,8.29234040187162e-06,0.0029370888663607184,0.0026370888663607185,0.0026370888663607185,0.002628796525958847,30.370888663607182,0.9999999999999998,2.999999999999999,0.0829234040187162,26.287965259588468,True,False
2022-02-28,333427.855999233,249999999.99999997,124999999.99999997,124999999.99999999,2068.8228814830563,95,95,190,9,0.04736842105263158,0.05,0.9999999999999999,0.9999999999999999,0.9999999999999999,1.9999999999999998,0.0013337114239969322,0.00039999999999999996,9.999999999999999e-05,0.0002999999999999999,99999.99999999999,8.275291525932226e-06,0.0012337114239969321,0.0009337114239969322,0.0009337114239969322,0.000925436132471,13.337114239969322,0.9999999999999999,2.999999999999999,0.08275291525932225,9.254361324709999,True,False
2022-03-01,514138.08424111985,249999999.99999997,125000000.00000001,124999999.99999997,2119.111202208982,94,94,188,9,0.047872340425531915,0.049999999999999996,0.9999999999999999,0.9999999999999999,0.9999999999999999,1.9999999999999998,0.0020565523369644794,0.00039999999999999996,9.999999999999999e-05,0.0002999999999999999,99999.99999999999,8.476444808835928e-06,0.0019565523369644796,0.0016565523369644797,0.0016565523369644797,0.0016480758921556438,20.565523369644794,0.9999999999999999,2.999999999999999,0.08476444808835928,16.480758921556436,True,False
2022-03-02,-412206.8075378342,249999999.99999994,124999999.99999997,124999999.99999996,2111.0227879197605,96,96,192,8,0.041666666666666664,0.05,0.9999999999999998,0.9999999999999998,0.9999999999999998,1.9999999999999996,-0.0016488272301513369,0.0003999999999999999,9.999999999999998e-05,0.0002999999999999999,99999.99999999997,8.444091151679042e-06,-0.001748827230151337,-0.002048827230151337,-0.002048827230151337,-0.0020572713213030157,-16.48827230151337,0.9999999999999998,2.999999999999999,0.08444091151679042,-20.572713213030156,True,False
2022-03-03,229163.17929170752,250000000.0,124999999.99999996,125000000.00000003,2067.632807860871,97,97,194,9,0.04639175257731959,0.05000000000000001,1.0,1.0,1.0,2.0,0.00091665271716683,0.0004,0.0001,0.0003,100000.0,8.270531231443484e-06,0.00081665271716683,0.0005166527171668301,0.0005166527171668301,0.0005083821859353866,9.166527171668301,1.0,2.9999999999999996,0.08270531231443484,5.083821859353866,True,False
2022-03-04,834582.6477766724,249999999.99999997,125000000.0,124999999.99999999,2066.1606283491888,98,98,196,7,0.03571428571428571,0.049999999999999996,0.9999999999999999,0.9999999999999999,0.9999999999999999,1.9999999999999998,0.0033383305911066897,0.00039999999999999996,9.999999999999999e-05,0.0002999999999999999,99999.99999999999,8.264642513396754e-06,0.00323833059110669,0.00293833059110669,0.00293833059110669,0.0029300659485932933,33.3833059110669,0.9999999999999999,2.999999999999999,0.08264642513396754,29.300659485932933,True,False
2022-03-07,269651.11215731193,249999999.99999997,124999999.99999997,125000000.00000001,2066.7605446697016,98,98,196,8,0.04081632653061224,0.05,0.9999999999999999,0.9999999999999999,0.9999999999999999,1.9999999999999998,0.0010786044486292476,0.00039999999999999996,9.999999999999999e-05,0.0002999999999999999,99999.99999999999,8.267042178678807e-06,0.0009786044486292476,0.0006786044486292477,0.0006786044486292477,0.0006703374064505689,10.786044486292477,0.9999999999999999,2.999999999999999,0.08267042178678807,6.703374064505689,True,False
2022-03-08,2162005.482077628,250000000.0,124999999.99999999,124999999.99999999,2065.96077074313,98,98,196,5,0.025510204081632654,0.049999999999999996,1.0,1.0,1.0,2.0,0.008648021928310512,0.0004,0.0001,0.0003,100000.0,8.26384308297252e-06,0.008548021928310513,0.008248021928310513,0.008248021928310513,0.00823975808522754,86.48021928310513,1.0,2.9999999999999996,0.0826384308297252,82.3975808522754,True,False
2022-03-09,-1254699.902622715,249999999.99999997,124999999.99999999,125000000.0,1984.126984126984,98,98,196,3,0.015306122448979591,0.05,0.9999999999999999,0.9999999999999999,0.9999999999999999,1.9999999999999998,-0.00501879961049086,0.00039999999999999996,9.999999999999999e-05,0.0002999999999999999,99999.99999999999,7.936507936507936e-06,-0.00511879961049086,-0.00541879961049086,-0.00541879961049086,-0.005426736118427368,-50.1879961049086,0.9999999999999999,2.999999999999999,0.07936507936507936,-54.26736118427368,True,False
2022-03-10,831649.6479148491,250000000.0,124999999.99999999,125000000.0,2064.695454068882,99,99,198,6,0.030303030303030304,0.049999999999999996,1.0,1.0,1.0,2.0,0.0033265985916593964,0.0004,0.0001,0.0003,100000.0,8.258781816275529e-06,0.0032265985916593966,0.0029265985916593967,0.0029265985916593967,0.002918339809843121,33.26598591659396,1.0,2.9999999999999996,0.08258781816275529,29.183398098431212,True,False
2022-03-11,-1341769.7613179083,250000000.00000003,124999999.99999999,125000000.00000003,2064.6167683383437,99,99,198,4,0.020202020202020204,0.05,1.0000000000000002,1.0000000000000002,1.0000000000000002,2.0000000000000004,-0.005367079045271633,0.00040000000000000013,0.00010000000000000003,0.00030000000000000003,100000.00000000003,8.258467073353375e-06,-0.005467079045271633,-0.005767079045271633,-0.005767079045271633,-0.005775337512344987,-53.67079045271633,1.0000000000000002,3.0000000000000004,0.08258467073353376,-57.75337512344987,True,False
2022-03-14,-105690.76989015716,250000000.00000006,124999999.99999999,125000000.00000003,2064.5565335601073,99,99,198,1,0.005050505050505051,0.049999999999999996,1.0000000000000002,1.0000000000000002,1.0000000000000002,2.0000000000000004,-0.00042276307956062864,0.00040000000000000013,0.00010000000000000003,0.00030000000000000003,100000.00000000003,8.258226134240429e-06,-0.0005227630795606287,-0.0008227630795606287,-0.0008227630795606287,-0.0008310213056948691,-4.227630795606286,1.0000000000000002,3.0000000000000004,0.08258226134240429,-8.31021305694869,True,False
2022-03-15,2083040.5150842597,250000000.0,124999999.99999999,125000000.0,2065.2574422900134,98,98,196,2,0.01020408163265306,0.049999999999999996,1.0,1.0,1.0,2.0,0.008332162060337038,0.0004,0.0001,0.0003,100000.0,8.261029769160054e-06,0.008232162060337039,0.007932162060337039,0.007932162060337039,0.007923901030567879,83.32162060337038,1.0,2.9999999999999996,0.08261029769160054,79.23901030567879,True,False
2022-03-16,-865831.833743269,250000000.00000006,125000000.0,125000000.00000003,2066.466708058883,98,98,196,6,0.030612244897959183,0.05,1.0000000000000002,1.0000000000000002,1.0000000000000002,2.0000000000000004,-0.0034633273349730757,0.00040000000000000013,0.00010000000000000003,0.00030000000000000003,100000.00000000003,8.265866832235531e-06,-0.0035633273349730756,-0.0038633273349730755,-0.0038633273349730755,-0.003871593201805311,-34.63327334973076,1.0000000000000002,3.0000000000000004,0.08265866832235531,-38.71593201805311,True,False
2022-03-17,-626069.3806711308,250000000.0,125000000.00000001,124999999.99999999,2065.7106728732942,98,98,196,3,0.015306122448979591,0.049999999999999996,1.0,1.0,1.0,2.0,-0.0025042775226845233,0.0004,0.0001,0.0003,100000.0,8.262842691493176e-06,-0.002604277522684523,-0.002904277522684523,-0.002904277522684523,-0.0029125403653760163,-25.042775226845233,1.0,2.9999999999999996,0.08262842691493176,-29.125403653760163,True,False
2022-03-18,-536048.3818735577,249999999.99999997,125000000.00000003,124999999.99999997,2065.185971727645,99,99,198,5,0.025252525252525252,0.04999999999999999,0.9999999999999999,0.9999999999999999,0.9999999999999999,1.9999999999999998,-0.002144193527494231,0.00039999999999999996,9.999999999999999e-05,0.0002999999999999999,99999.99999999999,8.26074388691058e-06,-0.002244193527494231,-0.0025441935274942307,-0.0025441935274942307,-0.0025524542713811415,-21.44193527494231,0.9999999999999999,2.999999999999999,0.0826074388691058,-25.524542713811414,True,False
2022-03-21,-197543.67658008798,250000000.00000003,125000000.00000003,125000000.00000001,2064.293730960398,99,99,198,3,0.015151515151515152,0.049999999999999996,1.0000000000000002,1.0000000000000002,1.0000000000000002,2.0000000000000004,-0.000790174706320352,0.00040000000000000013,0.00010000000000000003,0.00030000000000000003,100000.00000000003,8.257174923841592e-06,-0.000890174706320352,-0.001190174706320352,-0.001190174706320352,-0.0011984318812441937,-7.90174706320352,1.0000000000000002,3.0000000000000004,0.08257174923841591,-11.984318812441938,True,False
2022-03-22,-756953.7920479637,250000000.00000003,124999999.99999999,125000000.00000003,2065.9540130456357,98,98,196,2,0.01020408163265306,0.05,1.0000000000000002,1.0000000000000002,1.0000000000000002,2.0000000000000004,-0.0030278151681918546,0.00040000000000000013,0.00010000000000000003,0.00030000000000000003,100000.00000000003,8.263816052182543e-06,-0.0031278151681918545,-0.0034278151681918544,-0.0034278151681918544,-0.003436078984244037,-30.278151681918548,1.0000000000000002,3.0000000000000004,0.08263816052182543,-34.36078984244037,True,False
2022-03-23,445679.21652932634,250000000.0,124999999.99999999,125000000.0,2065.11175898931,98,98,196,0,0.0,0.046990687370615056,1.0,1.0,1.0,2.0,0.0017827168661173054,0.0004,0.0001,0.0003,100000.0,8.26044703595724e-06,0.0016827168661173054,0.0013827168661173055,0.0013827168661173055,0.0013744564190813482,17.827168661173054,1.0,2.9999999999999996,0.0826044703595724,13.744564190813483,True,False
2022-03-24,-439471.4024187133,250000000.00000003,124999999.99999999,125000000.00000001,1984.1269841269843,99,99,198,2,0.010101010101010102,0.049999999999999996,1.0000000000000002,1.0000000000000002,1.0000000000000002,2.0000000000000004,-0.0017578856096748532,0.00040000000000000013,0.00010000000000000003,0.00030000000000000003,100000.00000000003,7.936507936507938e-06,-0.0018578856096748532,-0.002157885609674853,-0.002157885609674853,-0.002165822117611361,-17.57885609674853,1.0000000000000002,3.0000000000000004,0.07936507936507937,-21.65822117611361,True,False
2022-03-25,-349081.6933070387,250000000.00000003,124999999.99999997,125000000.00000003,2064.6811951071845,99,99,198,4,0.020202020202020204,0.05,1.0000000000000002,1.0000000000000002,1.0000000000000002,2.0000000000000004,-0.0013963267732281547,0.00040000000000000013,0.00010000000000000003,0.00030000000000000003,100000.00000000003,8.258724780428737e-06,-0.0014963267732281548,-0.0017963267732281547,-0.0017963267732281547,-0.0018045854980085834,-13.963267732281547,1.0000000000000002,3.0000000000000004,0.08258724780428738,-18.045854980085835,True,False
2022-03-28,990437.0290158804,250000000.00000003,124999999.99999999,125000000.00000001,2147.2080396611113,98,98,196,2,0.01020408163265306,0.05,1.0000000000000002,1.0000000000000002,1.0000000000000002,2.0000000000000004,0.003961748116063522,0.00040000000000000013,0.00010000000000000003,0.00030000000000000003,100000.00000000003,8.588832158644445e-06,0.003861748116063522,0.003561748116063522,0.003561748116063522,0.0035531592839048777,39.617481160635215,1.0000000000000002,3.0000000000000004,0.08588832158644445,35.53159283904878,True,False
2022-03-29,-571799.598410702,250000000.0,125000000.0,125000000.00000001,2065.3255542025695,98,98,196,2,0.01020408163265306,0.05,1.0,1.0,1.0,2.0,-0.002287198393642808,0.0004,0.0001,0.0003,100000.0,8.261302216810277e-06,-0.0023871983936428077,-0.0026871983936428076,-0.0026871983936428076,-0.002695459695859618,-22.87198393642808,1.0,2.9999999999999996,0.08261302216810278,-26.95459695859618,True,False
2022-03-30,-214324.65223240555,250000000.00000003,125000000.0,125000000.00000001,2065.3542085612835,98,98,196,2,0.01020408163265306,0.05,1.0000000000000002,1.0000000000000002,1.0000000000000002,2.0000000000000004,-0.0008572986089296223,0.00040000000000000013,0.00010000000000000003,0.00030000000000000003,100000.00000000003,8.261416834245134e-06,-0.0009572986089296223,-0.0012572986089296224,-0.0012572986089296224,-0.0012655600257638676,-8.572986089296222,1.0000000000000002,3.0000000000000004,0.08261416834245133,-12.655600257638676,True,False
2022-03-31,497676.77591560717,250000000.00000003,124999999.99999999,125000000.0,1984.126984126984,99,99,198,2,0.010101010101010102,0.049999999999999996,1.0000000000000002,1.0000000000000002,1.0000000000000002,2.0000000000000004,0.001990707103662429,0.00040000000000000013,0.00010000000000000003,0.00030000000000000003,100000.00000000003,7.936507936507936e-06,0.0018907071036624288,0.0015907071036624287,0.0015907071036624287,0.0015827705957259207,19.907071036624288,1.0000000000000002,3.0000000000000004,0.07936507936507936,15.827705957259207,True,False
2022-04-01,638351.6748997452,250000000.00000003,124999999.99999999,125000000.0,1984.1269841269843,99,99,198,3,0.015151515151515152,0.04999999999999998,1.0000000000000002,1.0000000000000002,1.0000000000000002,2.0000000000000004,0.0025534066995989806,0.00040000000000000013,0.00010000000000000003,0.00030000000000000003,100000.00000000003,7.936507936507938e-06,0.0024534066995989807,0.002153406699598981,0.002153406699598981,0.002145470191662473,25.534066995989807,1.0000000000000002,3.0000000000000004,0.07936507936507937,21.454701916624728,True,False
2022-04-04,14247.826256142524,250000000.00000003,124999999.99999999,125000000.00000003,1984.1269841269846,99,99,198,4,0.020202020202020204,0.049999999999999996,1.0000000000000002,1.0000000000000002,1.0000000000000002,2.0000000000000004,5.699130502457009e-05,0.00040000000000000013,0.00010000000000000003,0.00030000000000000003,100000.00000000003,7.936507936507938e-06,-4.300869497542994e-05,-0.00034300869497542997,-0.00034300869497542997,-0.0003509452029119379,0.5699130502457009,1.0000000000000002,3.0000000000000004,0.07936507936507937,-3.5094520291193794,True,False
2022-04-05,-2116997.5342294946,249999999.99999997,124999999.99999999,125000000.0,2007.8944307285713,98,98,196,3,0.015306122448979591,0.05,0.9999999999999999,0.9999999999999999,0.9999999999999999,1.9999999999999998,-0.008467990136917979,0.00039999999999999996,9.999999999999999e-05,0.0002999999999999999,99999.99999999999,8.031577722914285e-06,-0.008567990136917978,-0.008867990136917978,-0.008867990136917978,-0.008876021714640893,-84.67990136917979,0.9999999999999999,2.999999999999999,0.08031577722914285,-88.76021714640893,True,False
2022-04-06,65384.73412910788,250000000.00000003,124999999.99999999,125000000.00000001,2065.04550806217,99,99,198,3,0.015151515151515152,0.049999999999999996,1.0000000000000002,1.0000000000000002,1.0000000000000002,2.0000000000000004,0.00026153893651643153,0.00040000000000000013,0.00010000000000000003,0.00030000000000000003,100000.00000000003,8.26018203224868e-06,0.00016153893651643149,-0.00013846106348356854,-0.00013846106348356854,-0.00014672124551581722,2.615389365164315,1.0000000000000002,3.0000000000000004,0.08260182032248681,-1.4672124551581722,True,False
2022-04-07,-903192.6556740178,250000000.00000003,124999999.99999999,125000000.0,2064.585940396825,99,99,198,1,0.005050505050505051,0.04999999999999998,1.0000000000000002,1.0000000000000002,1.0000000000000002,2.0000000000000004,-0.0036127706226960713,0.00040000000000000013,0.00010000000000000003,0.00030000000000000003,100000.00000000003,8.2583437615873e-06,-0.003712770622696071,-0.0040127706226960715,-0.0040127706226960715,-0.004021028966457659,-36.12770622696071,1.0000000000000002,3.0000000000000004,0.082583437615873,-40.21028966457659,True,False
2022-04-08,-1803375.5502935806,250000000.0,124999999.99999999,124999999.99999999,2064.8957175371625,99,99,198,2,0.010101010101010102,0.04999999999999998,1.0,1.0,1.0,2.0,-0.007213502201174322,0.0004,0.0001,0.0003,100000.0,8.25958287014865e-06,-0.007313502201174322,-0.007613502201174322,-0.007613502201174322,-0.007621761784044471,-72.13502201174322,1.0,2.9999999999999996,0.08259582870148649,-76.21761784044472,True,False
2022-04-11,2138751.891351855,250000000.0,124999999.99999999,125000000.0,2065.770524332548,98,98,196,3,0.015306122448979591,0.04999999999999999,1.0,1.0,1.0,2.0,0.00855500756540742,0.0004,0.0001,0.0003,100000.0,8.263082097330192e-06,0.008455007565407421,0.008155007565407421,0.008155007565407421,0.00814674448331009,85.5500756540742,1.0,2.9999999999999996,0.08263082097330192,81.46744483310091,True,False
2022-04-12,451386.42911105667,249999999.99999997,125000000.00000001,124999999.99999997,2065.7161657423935,98,98,196,3,0.015306122448979591,0.04999999999999999,0.9999999999999999,0.9999999999999999,0.9999999999999999,1.9999999999999998,0.0018055457164442266,0.00039999999999999996,9.999999999999999e-05,0.0002999999999999999,99999.99999999999,8.262864662969574e-06,0.0017055457164442266,0.0014055457164442267,0.0014055457164442267,0.001397282851781257,18.055457164442267,0.9999999999999999,2.999999999999999,0.08262864662969574,13.97282851781257,True,False
2022-04-13,-214747.29932459618,250000000.0,124999999.99999997,125000000.00000001,2180.855162207185,98,98,196,4,0.02040816326530612,0.05,1.0,1.0,1.0,2.0,-0.0008589891972983848,0.0004,0.0001,0.0003,100000.0,8.72342064882874e-06,-0.0009589891972983848,-0.0012589891972983847,-0.0012589891972983847,-0.0012677126179472134,-8.589891972983848,1.0,2.9999999999999996,0.0872342064882874,-12.677126179472134,True,False
2022-04-14,-412225.4713571852,250000000.0,125000000.0,124999999.99999997,2181.667427510976,98,98,196,5,0.025510204081632654,0.049999999999999996,1.0,1.0,1.0,2.0,-0.0016489018854287409,0.0004,0.0001,0.0003,100000.0,8.726669710043904e-06,-0.001748901885428741,-0.002048901885428741,-0.002048901885428741,-0.002057628555138785,-16.48901885428741,1.0,2.9999999999999996,0.08726669710043904,-20.576285551387848,True,False
2022-04-18,-85839.03033398927,249999999.99999994,124999999.99999994,124999999.99999997,2151.8035819744646,96,96,192,4,0.020833333333333332,0.049999999999999996,0.9999999999999998,0.9999999999999998,0.9999999999999998,1.9999999999999996,-0.0003433561213359571,0.0003999999999999999,9.999999999999998e-05,0.0002999999999999999,99999.99999999997,8.607214327897858e-06,-0.00044335612133595707,-0.000743356121335957,-0.000743356121335957,-0.0007519633356638549,-3.433561213359571,0.9999999999999998,2.999999999999999,0.08607214327897858,-7.51963335663855,True,False
2022-04-19,158005.34109476028,249999999.99999994,124999999.99999997,124999999.99999999,2250.580735269841,91,91,182,5,0.027472527472527472,0.05000000000000001,0.9999999999999998,0.9999999999999998,0.9999999999999998,1.9999999999999996,0.0006320213643790411,0.0003999999999999999,9.999999999999998e-05,0.0002999999999999999,99999.99999999997,9.002322941079365e-06,0.0005320213643790412,0.00023202136437904127,0.00023202136437904127,0.0002230190414379619,6.320213643790411,0.9999999999999998,2.999999999999999,0.09002322941079365,2.230190414379619,True,False
2022-04-20,1620104.4967627234,249999999.99999994,125000000.0,124999999.99999996,2248.4842198033903,91,91,182,4,0.02197802197802198,0.05,0.9999999999999998,0.9999999999999998,0.9999999999999998,1.9999999999999996,0.006480417987050894,0.0003999999999999999,9.999999999999998e-05,0.0002999999999999999,99999.99999999997,8.99393687921356e-06,0.0063804179870508935,0.0060804179870508936,0.0060804179870508936,0.00607142405017168,64.80417987050893,0.9999999999999998,2.999999999999999,0.08993936879213561,60.7142405017168,True,False
2022-04-21,-147381.8227291513,249999999.99999994,124999999.99999997,124999999.99999999,2160.1240528047247,92,92,184,8,0.043478260869565216,0.049999999999999996,0.9999999999999998,0.9999999999999998,0.9999999999999998,1.9999999999999996,-0.0005895272909166051,0.0003999999999999999,9.999999999999998e-05,0.0002999999999999999,99999.99999999997,8.6404962112189e-06,-0.000689527290916605,-0.000989527290916605,-0.000989527290916605,-0.000998167787127824,-5.895272909166051,0.9999999999999998,2.999999999999999,0.086404962112189,-9.98167787127824,True,False
2022-04-22,-1104628.2788007555,250000000.0,125000000.0,124999999.99999999,2245.5232114569085,92,92,184,4,0.021739130434782608,0.05,1.0,1.0,1.0,2.0,-0.004418513115203022,0.0004,0.0001,0.0003,100000.0,8.982092845827634e-06,-0.0045185131152030225,-0.004818513115203022,-0.004818513115203022,-0.00482749520804885,-44.18513115203022,1.0,2.9999999999999996,0.08982092845827634,-48.274952080488504,True,False
2022-04-25,-443384.0014409219,249999999.99999994,124999999.99999999,125000000.0,2076.569749875106,87,87,174,7,0.040229885057471264,0.04999999999999998,0.9999999999999998,0.9999999999999998,0.9999999999999998,1.9999999999999996,-0.0017735360057636877,0.0003999999999999999,9.999999999999998e-05,0.0002999999999999999,99999.99999999997,8.306278999500425e-06,-0.0018735360057636878,-0.0021735360057636875,-0.0021735360057636875,-0.002181842284763188,-17.73536005763688,0.9999999999999998,2.999999999999999,0.08306278999500424,-21.81842284763188,True,False
2022-04-26,-90909.32127422123,249999999.99999988,124999999.99999994,124999999.99999991,2235.7288207231877,76,76,152,14,0.09210526315789473,0.05,0.9999999999999996,0.9999999999999996,0.9999999999999996,1.9999999999999991,-0.00036363728509688494,0.00039999999999999986,9.999999999999996e-05,0.00029999999999999987,99999.99999999997,8.942915282892751e-06,-0.00046363728509688494,-0.0007636372850968849,-0.0007636372850968849,-0.0007725802003797776,-3.6363728509688493,0.9999999999999997,2.9999999999999987,0.08942915282892751,-7.725802003797776,True,False
2022-04-27,1230558.046449599,250000000.0,124999999.99999997,125000000.00000001,2095.1760289204203,75,75,150,12,0.08,0.05000000000000001,1.0,1.0,1.0,2.0,0.004922232185798396,0.0004,0.0001,0.0003,100000.0,8.380704115681682e-06,0.004822232185798396,0.004522232185798396,0.004522232185798396,0.004513851481682714,49.222321857983964,1.0,2.9999999999999996,0.08380704115681682,45.13851481682714,True,False
2022-04-28,-165339.93482030169,250000000.00000003,124999999.99999999,125000000.00000001,2085.6976559372474,81,81,162,11,0.06790123456790123,0.05000000000000001,1.0000000000000002,1.0000000000000002,1.0000000000000002,2.0000000000000004,-0.0006613597392812067,0.00040000000000000013,0.00010000000000000003,0.00030000000000000003,100000.00000000003,8.34279062374899e-06,-0.0007613597392812068,-0.0010613597392812068,-0.0010613597392812068,-0.0010697025299049557,-6.613597392812067,1.0000000000000002,3.0000000000000004,0.0834279062374899,-10.697025299049557,True,False
2022-04-29,-1125527.6675137547,249999999.9999999,124999999.99999994,124999999.99999999,2080.015574233534,85,85,170,9,0.052941176470588235,0.05,0.9999999999999997,0.9999999999999997,0.9999999999999997,1.9999999999999993,-0.0045021106700550186,0.0003999999999999999,9.999999999999998e-05,0.00029999999999999987,99999.99999999997,8.320062296934137e-06,-0.004602110670055019,-0.004902110670055019,-0.004902110670055019,-0.004910430732351953,-45.021106700550185,0.9999999999999998,2.9999999999999987,0.08320062296934136,-49.10430732351953,True,False
2022-05-02,-718671.0270404572,249999999.99999988,124999999.99999991,124999999.99999997,2080.868681179833,84,84,168,6,0.03571428571428571,0.05,0.9999999999999996,0.9999999999999996,0.9999999999999996,1.9999999999999991,-0.002874684108161829,0.00039999999999999986,9.999999999999996e-05,0.00029999999999999987,99999.99999999997,8.323474724719331e-06,-0.002974684108161829,-0.003274684108161829,-0.003274684108161829,-0.003283007582886548,-28.746841081618292,0.9999999999999997,2.9999999999999987,0.0832347472471933,-32.83007582886548,True,False
2022-05-03,-120894.81378639539,249999999.99999994,124999999.99999997,124999999.99999997,2203.41772030505,75,75,150,15,0.1,0.04999999999999999,0.9999999999999998,0.9999999999999998,0.9999999999999998,1.9999999999999996,-0.00048357925514558157,0.0003999999999999999,9.999999999999998e-05,0.0002999999999999999,99999.99999999997,8.8136708812202e-06,-0.0005835792551455815,-0.0008835792551455814,-0.0008835792551455814,-0.0008923929260268017,-4.835792551455816,0.9999999999999998,2.999999999999999,0.088136708812202,-8.923929260268016,True,False
2022-05-04,-1206180.2438639621,249999999.9999999,124999999.99999994,124999999.99999994,2203.767783849865,76,76,152,13,0.08552631578947369,0.05,0.9999999999999997,0.9999999999999997,0.9999999999999997,1.9999999999999993,-0.004824720975455848,0.0003999999999999999,9.999999999999998e-05,0.00029999999999999987,99999.99999999997,8.815071135399459e-06,-0.0049247209754558485,-0.0052247209754558484,-0.0052247209754558484,-0.005233536046591248,-48.24720975455848,0.9999999999999998,2.9999999999999987,0.08815071135399459,-52.33536046591248,True,False
2022-05-05,-327925.23649137735,249999999.99999994,124999999.99999997,124999999.99999999,2316.177207235116,82,82,164,12,0.07317073170731707,0.05,0.9999999999999998,0.9999999999999998,0.9999999999999998,1.9999999999999996,-0.0013117009459655093,0.0003999999999999999,9.999999999999998e-05,0.0002999999999999999,99999.99999999997,9.264708828940464e-06,-0.0014117009459655094,-0.0017117009459655093,-0.0017117009459655093,-0.0017209656547944499,-13.117009459655094,0.9999999999999998,2.999999999999999,0.09264708828940464,-17.209656547944498,True,False
2022-05-06,-2129737.3941580374,249999999.99999997,125000000.0,124999999.99999999,1984.1269841269836,89,89,178,11,0.06179775280898876,0.05,0.9999999999999999,0.9999999999999999,0.9999999999999999,1.9999999999999998,-0.00851894957663215,0.00039999999999999996,9.999999999999999e-05,0.0002999999999999999,99999.99999999999,7.936507936507934e-06,-0.008618949576632149,-0.008918949576632149,-0.008918949576632149,-0.008926886084568656,-85.1894957663215,0.9999999999999999,2.999999999999999,0.07936507936507935,-89.26886084568656,True,False
2022-05-09,2893236.2554635196,250000000.0,125000000.00000001,124999999.99999997,2070.2015085308,93,93,186,5,0.026881720430107527,0.049999999999999996,1.0,1.0,1.0,2.0,0.011572945021854079,0.0004,0.0001,0.0003,100000.0,8.2808060341232e-06,0.01147294502185408,0.01117294502185408,0.01117294502185408,0.011164664215819957,115.72945021854079,1.0,2.9999999999999996,0.082808060341232,111.64664215819957,True,False
2022-05-10,-366394.61011874746,250000000.00000003,125000000.0,125000000.0,1984.126984126984,93,93,186,10,0.053763440860215055,0.05,1.0000000000000002,1.0000000000000002,1.0000000000000002,2.0000000000000004,-0.0014655784404749897,0.00040000000000000013,0.00010000000000000003,0.00030000000000000003,100000.00000000003,7.936507936507936e-06,-0.0015655784404749898,-0.00186557844047499,-0.00186557844047499,-0.001873514948411498,-14.655784404749898,1.0000000000000002,3.0000000000000004,0.07936507936507936,-18.73514948411498,True,False
2022-05-11,-1916911.8500658881,249999999.99999997,125000000.00000001,124999999.99999997,2067.451468661573,97,97,194,8,0.041237113402061855,0.049999999999999996,0.9999999999999999,0.9999999999999999,0.9999999999999999,1.9999999999999998,-0.007667647400263553,0.00039999999999999996,9.999999999999999e-05,0.0002999999999999999,99999.99999999999,8.269805874646293e-06,-0.007767647400263553,-0.008067647400263552,-0.008067647400263552,-0.008075917206138199,-76.67647400263553,0.9999999999999999,2.999999999999999,0.08269805874646292,-80.75917206138199,True,False
2022-05-12,2669299.7119313967,250000000.00000003,124999999.99999999,125000000.00000001,2065.5070889451276,99,99,198,6,0.030303030303030304,0.049999999999999996,1.0000000000000002,1.0000000000000002,1.0000000000000002,2.0000000000000004,0.010677198847725587,0.00040000000000000013,0.00010000000000000003,0.00030000000000000003,100000.00000000003,8.26202835578051e-06,0.010577198847725587,0.010277198847725587,0.010277198847725587,0.010268936819369807,106.77198847725586,1.0000000000000002,3.0000000000000004,0.08262028355780511,102.68936819369807,True,False
2022-05-13,-1088367.2265058565,249999999.99999997,124999999.99999996,125000000.00000001,2065.0188020575606,99,99,198,9,0.045454545454545456,0.049999999999999996,0.9999999999999999,0.9999999999999999,0.9999999999999999,1.9999999999999998,-0.004353468906023426,0.00039999999999999996,9.999999999999999e-05,0.0002999999999999999,99999.99999999999,8.260075208230242e-06,-0.004453468906023426,-0.004753468906023426,-0.004753468906023426,-0.0047617289812316565,-43.53468906023426,0.9999999999999999,2.999999999999999,0.08260075208230241,-47.617289812316564,True,False
2022-05-16,2939900.433229713,250000000.0,125000000.0,125000000.0,2066.3909317555554,98,98,196,10,0.05102040816326531,0.05,1.0,1.0,1.0,2.0,0.01175960173291885,0.0004,0.0001,0.0003,100000.0,8.265563727022222e-06,0.011659601732918851,0.011359601732918851,0.011359601732918851,0.011351336169191829,117.5960173291885,1.0,2.9999999999999996,0.08265563727022222,113.51336169191829,True,False
2022-05-17,-1611524.2750227782,250000000.00000003,125000000.0,125000000.00000001,2067.5184078008115,97,97,194,8,0.041237113402061855,0.05000000000000001,1.0000000000000002,1.0000000000000002,1.0000000000000002,2.0000000000000004,-0.006446097100091113,0.00040000000000000013,0.00010000000000000003,0.00030000000000000003,100000.00000000003,8.270073631203245e-06,-0.006546097100091113,-0.006846097100091113,-0.006846097100091113,-0.006854367173722316,-64.46097100091113,1.0000000000000002,3.0000000000000004,0.08270073631203245,-68.54367173722316,True,False
2022-05-18,64800.72820831142,249999999.99999997,124999999.99999996,125000000.00000001,2067.351916748896,97,97,194,7,0.03608247422680412,0.049999999999999996,0.9999999999999999,0.9999999999999999,0.9999999999999999,1.9999999999999998,0.00025920291283324567,0.00039999999999999996,9.999999999999999e-05,0.0002999999999999999,99999.99999999999,8.269407666995584e-06,0.00015920291283324568,-0.00014079708716675424,-0.00014079708716675424,-0.00014906649483374982,2.592029128332457,0.9999999999999999,2.999999999999999,0.08269407666995585,-1.4906649483374983,True,False
2022-05-19,1760567.4795700312,250000000.00000003,124999999.99999996,125000000.00000003,2068.6980598351174,97,97,194,9,0.04639175257731959,0.05,1.0000000000000002,1.0000000000000002,1.0000000000000002,2.0000000000000004,0.007042269918280125,0.00040000000000000013,0.00010000000000000003,0.00030000000000000003,100000.00000000003,8.27479223934047e-06,0.006942269918280125,0.006642269918280125,0.006642269918280125,0.006633995126040785,70.42269918280125,1.0000000000000002,3.0000000000000004,0.0827479223934047,66.33995126040784,True,False
2022-05-20,-1156136.5126352124,249999999.99999994,124999999.99999994,124999999.99999999,1984.126984126984,98,98,196,11,0.05612244897959184,0.049999999999999996,0.9999999999999998,0.9999999999999998,0.9999999999999998,1.9999999999999996,-0.0046245460505408495,0.0003999999999999999,9.999999999999998e-05,0.0002999999999999999,99999.99999999997,7.936507936507936e-06,-0.00472454605054085,-0.00502454605054085,-0.00502454605054085,-0.005032482558477358,-46.245460505408495,0.9999999999999998,2.999999999999999,0.07936507936507936,-50.32482558477358,True,False
2022-05-23,-2103664.699672535,250000000.0,125000000.0,125000000.00000001,1984.126984126984,98,98,196,9,0.04591836734693878,0.05,1.0,1.0,1.0,2.0,-0.00841465879869014,0.0004,0.0001,0.0003,100000.0,7.936507936507936e-06,-0.00851465879869014,-0.00881465879869014,-0.00881465879869014,-0.008822595306626647,-84.14658798690141,1.0,2.9999999999999996,0.07936507936507936,-88.22595306626647,True,False
2022-05-24,-325642.1996653365,250000000.0,124999999.99999996,125000000.00000001,2067.423899911739,97,97,194,7,0.03608247422680412,0.049999999999999996,1.0,1.0,1.0,2.0,-0.001302568798661346,0.0004,0.0001,0.0003,100000.0,8.269695599646957e-06,-0.0014025687986613461,-0.001702568798661346,-0.001702568798661346,-0.001710838494260993,-13.02568798661346,1.0,2.9999999999999996,0.08269695599646958,-17.10838494260993,True,False
2022-05-25,-725400.2312315789,249999999.99999994,124999999.99999994,124999999.99999999,1984.1269841269839,96,96,192,12,0.0625,0.05,0.9999999999999998,0.9999999999999998,0.9999999999999998,1.9999999999999996,-0.0029016009249263155,0.0003999999999999999,9.999999999999998e-05,0.0002999999999999999,99999.99999999997,7.936507936507936e-06,-0.0030016009249263153,-0.0033016009249263152,-0.0033016009249263152,-0.0033095374328628233,-29.016009249263156,0.9999999999999998,2.999999999999999,0.07936507936507936,-33.09537432862823,True,False
2022-05-26,1256876.7306336593,250000000.00000003,124999999.99999999,125000000.00000001,1984.1269841269843,97,97,194,10,0.05154639175257732,0.05,1.0000000000000002,1.0000000000000002,1.0000000000000002,2.0000000000000004,0.005027506922534637,0.00040000000000000013,0.00010000000000000003,0.00030000000000000003,100000.00000000003,7.936507936507938e-06,0.004927506922534637,0.004627506922534637,0.004627506922534637,0.004619570414598129,50.27506922534637,1.0000000000000002,3.0000000000000004,0.07936507936507937,46.19570414598129,True,False
2022-05-27,1035669.1010576234,250000000.0,124999999.99999994,125000000.00000001,1984.1269841269846,98,98,196,13,0.0663265306122449,0.05,1.0,1.0,1.0,2.0,0.004142676404230493,0.0004,0.0001,0.0003,100000.0,7.936507936507938e-06,0.004042676404230493,0.003742676404230493,0.003742676404230493,0.003734739896293985,41.42676404230493,1.0,2.9999999999999996,0.07936507936507937,37.34739896293985,True,False
2022-05-31,843595.1124860798,249999999.99999997,124999999.99999996,125000000.0,1984.1269841269843,98,98,196,15,0.07653061224489796,0.05,0.9999999999999999,0.9999999999999999,0.9999999999999999,1.9999999999999998,0.0033743804499443194,0.00039999999999999996,9.999999999999999e-05,0.0002999999999999999,99999.99999999999,7.936507936507938e-06,0.0032743804499443196,0.0029743804499443196,0.0029743804499443196,0.0029664439420078116,33.74380449944319,0.9999999999999999,2.999999999999999,0.07936507936507937,29.664439420078118,True,False
2022-06-01,-296897.4469399005,250000000.00000003,125000000.00000001,125000000.00000003,2024.9086139682547,97,97,194,13,0.06701030927835051,0.05000000000000001,1.0000000000000002,1.0000000000000002,1.0000000000000002,2.0000000000000004,-0.001187589787759602,0.00040000000000000013,0.00010000000000000003,0.00030000000000000003,100000.00000000003,8.09963445587302e-06,-0.0012875897877596021,-0.0015875897877596023,-0.0015875897877596023,-0.0015956894222154752,-11.875897877596021,1.0000000000000002,3.0000000000000004,0.0809963445587302,-15.956894222154752,True,False
2022-06-02,-1631692.6583651868,250000000.0,124999999.99999996,125000000.00000003,2024.6269028571433,97,97,194,14,0.07216494845360824,0.05000000000000001,1.0,1.0,1.0,2.0,-0.006526770633460747,0.0004,0.0001,0.0003,100000.0,8.098507611428573e-06,-0.006626770633460747,-0.006926770633460747,-0.006926770633460747,-0.006934869141072175,-65.26770633460747,1.0,2.9999999999999996,0.08098507611428572,-69.34869141072176,True,False
2022-06-03,1624327.3517191822,249999999.99999997,124999999.99999999,124999999.99999997,2024.2551449206342,98,98,196,16,0.08163265306122448,0.05,0.9999999999999999,0.9999999999999999,0.9999999999999999,1.9999999999999998,0.006497309406876729,0.00039999999999999996,9.999999999999999e-05,0.0002999999999999999,99999.99999999999,8.097020579682537e-06,0.006397309406876729,0.006097309406876729,0.006097309406876729,0.0060892123862970465,64.9730940687673,0.9999999999999999,2.999999999999999,0.08097020579682537,60.892123862970465,True,False
2022-06-06,-1512998.2337212916,250000000.0,124999999.99999999,125000000.0,1984.126984126984,98,98,196,12,0.061224489795918366,0.049999999999999996,1.0,1.0,1.0,2.0,-0.006051992934885167,0.0004,0.0001,0.0003,100000.0,7.936507936507936e-06,-0.006151992934885167,-0.006451992934885167,-0.006451992934885167,-0.006459929442821675,-60.51992934885167,1.0,2.9999999999999996,0.07936507936507936,-64.59929442821675,True,False
2022-06-07,-61235.80101059475,249999999.99999994,124999999.99999999,124999999.99999996,2022.960201587301,98,98,196,14,0.07142857142857142,0.04999999999999999,0.9999999999999998,0.9999999999999998,0.9999999999999998,1.9999999999999996,-0.000244943204042379,0.0003999999999999999,9.999999999999998e-05,0.0002999999999999999,99999.99999999997,8.091840806349205e-06,-0.000344943204042379,-0.000644943204042379,-0.000644943204042379,-0.0006530350448487282,-2.44943204042379,0.9999999999999998,2.999999999999999,0.08091840806349204,-6.530350448487282,True,False
2022-06-08,-894692.7804278187,250000000.0,124999999.99999999,125000000.0,1984.1269841269843,98,98,196,16,0.08163265306122448,0.05,1.0,1.0,1.0,2.0,-0.0035787711217112744,0.0004,0.0001,0.0003,100000.0,7.936507936507938e-06,-0.0036787711217112743,-0.003978771121711275,-0.003978771121711275,-0.003986707629647783,-35.787711217112744,1.0,2.9999999999999996,0.07936507936507937,-39.867076296477826,True,False
2022-06-09,-1259697.1087361341,249999999.9999999,124999999.99999997,124999999.99999997,1984.1269841269839,99,99,198,14,0.0707070707070707,0.04999999999999998,0.9999999999999997,0.9999999999999997,0.9999999999999997,1.9999999999999993,-0.005038788434944537,0.0003999999999999999,9.999999999999998e-05,0.00029999999999999987,99999.99999999997,7.936507936507936e-06,-0.005138788434944537,-0.005438788434944537,-0.005438788434944537,-0.005446724942881045,-50.387884349445365,0.9999999999999998,2.9999999999999987,0.07936507936507936,-54.46724942881045,True,False
2022-06-10,-3345453.200647826,250000000.00000003,124999999.99999999,125000000.0,1984.1269841269843,99,99,198,12,0.06060606060606061,0.049999999999999996,1.0000000000000002,1.0000000000000002,1.0000000000000002,2.0000000000000004,-0.013381812802591304,0.00040000000000000013,0.00010000000000000003,0.00030000000000000003,100000.00000000003,7.936507936507938e-06,-0.013481812802591303,-0.013781812802591303,-0.013781812802591303,-0.01378974931052781,-133.81812802591304,1.0000000000000002,3.0000000000000004,0.07936507936507937,-137.8974931052781,True,False
2022-06-13,826230.3497761335,250000000.00000003,124999999.99999999,125000000.00000001,2050.7632517460324,99,99,198,13,0.06565656565656566,0.049999999999999996,1.0000000000000002,1.0000000000000002,1.0000000000000002,2.0000000000000004,0.0033049213991045343,0.00040000000000000013,0.00010000000000000003,0.00030000000000000003,100000.00000000003,8.20305300698413e-06,0.0032049213991045345,0.0029049213991045346,0.0029049213991045346,0.0028967183460975503,33.04921399104534,1.0000000000000002,3.0000000000000004,0.0820305300698413,28.9671834609755,True,False
2022-06-14,655282.4652326887,249999999.99999997,125000000.00000003,124999999.99999996,2094.3490928571423,99,99,198,17,0.08585858585858586,0.04999999999999999,0.9999999999999999,0.9999999999999999,0.9999999999999999,1.9999999999999998,0.002621129860930755,0.00039999999999999996,9.999999999999999e-05,0.0002999999999999999,99999.99999999999,8.37739637142857e-06,0.002521129860930755,0.002221129860930755,0.002221129860930755,0.0022127524645593265,26.211298609307548,0.9999999999999999,2.999999999999999,0.08377396371428569,22.127524645593265,True,False
2022-06-15,-2472002.086255393,250000000.00000003,124999999.99999999,125000000.0,2175.8764430506612,99,99,198,15,0.07575757575757576,0.049999999999999996,1.0000000000000002,1.0000000000000002,1.0000000000000002,2.0000000000000004,-0.009888008345021572,0.00040000000000000013,0.00010000000000000003,0.00030000000000000003,100000.00000000003,8.703505772202644e-06,-0.009988008345021572,-0.010288008345021572,-0.010288008345021572,-0.010296711850793774,-98.88008345021572,1.0000000000000002,3.0000000000000004,0.08703505772202644,-102.96711850793774,True,False
2022-06-16,553621.5963472215,250000000.0,125000000.0,124999999.99999999,2143.3267403257983,98,98,196,19,0.09693877551020408,0.05,1.0,1.0,1.0,2.0,0.002214486385388886,0.0004,0.0001,0.0003,100000.0,8.573306961303194e-06,0.0021144863853888862,0.0018144863853888863,0.0018144863853888863,0.0018059130784275831,22.14486385388886,1.0,2.9999999999999996,0.08573306961303194,18.05913078427583,True,False
2022-06-17,1235049.208357829,250000000.00000003,124999999.99999999,125000000.0,2019.8105971428574,99,99,198,17,0.08585858585858586,0.049999999999999996,1.0000000000000002,1.0000000000000002,1.0000000000000002,2.0000000000000004,0.004940196833431315,0.00040000000000000013,0.00010000000000000003,0.00030000000000000003,100000.00000000003,8.07924238857143e-06,0.004840196833431315,0.004540196833431315,0.004540196833431315,0.004532117591042744,49.40196833431315,1.0000000000000002,3.0000000000000004,0.0807924238857143,45.321175910427435,True,False
2022-06-21,-1764819.2663741733,249999999.99999997,125000000.00000001,125000000.0,2102.116590753545,99,99,198,11,0.05555555555555555,0.04999999999999999,0.9999999999999999,0.9999999999999999,0.9999999999999999,1.9999999999999998,-0.007059277065496693,0.00039999999999999996,9.999999999999999e-05,0.0002999999999999999,99999.99999999999,8.40846636301418e-06,-0.0071592770654966935,-0.007459277065496693,-0.007459277065496693,-0.007467685531859707,-70.59277065496693,0.9999999999999999,2.999999999999999,0.0840846636301418,-74.67685531859708,True,False
2022-06-22,365354.1063119437,249999999.99999994,124999999.99999994,125000000.0,2179.210751062083,98,98,196,10,0.05102040816326531,0.05,0.9999999999999998,0.9999999999999998,0.9999999999999998,1.9999999999999996,0.0014614164252477746,0.0003999999999999999,9.999999999999998e-05,0.0002999999999999999,99999.99999999997,8.716843004248333e-06,0.0013614164252477746,0.0010614164252477746,0.0010614164252477746,0.0010526995822435262,14.614164252477746,0.9999999999999998,2.999999999999999,0.08716843004248333,10.526995822435262,True,False
2022-06-23,784576.7558503768,250000000.00000003,125000000.0,125000000.00000001,2186.6985126600653,98,98,196,13,0.0663265306122449,0.05,1.0000000000000002,1.0000000000000002,1.0000000000000002,2.0000000000000004,0.003138307023401507,0.00040000000000000013,0.00010000000000000003,0.00030000000000000003,100000.00000000003,8.74679405064026e-06,0.0030383070234015074,0.0027383070234015074,0.0027383070234015074,0.002729560229350867,31.383070234015072,1.0000000000000002,3.0000000000000004,0.08746794050640261,27.295602293508672,True,False
2022-06-24,731332.437421099,249999999.99999997,125000000.0,124999999.99999999,2234.101492831425,98,98,196,13,0.0663265306122449,0.049999999999999996,0.9999999999999999,0.9999999999999999,0.9999999999999999,1.9999999999999998,0.002925329749684396,0.00039999999999999996,9.999999999999999e-05,0.0002999999999999999,99999.99999999999,8.9364059713257e-06,0.0028253297496843963,0.0025253297496843964,0.0025253297496843964,0.0025163933437130706,29.25329749684396,0.9999999999999999,2.999999999999999,0.08936405971325699,25.163933437130705,True,False
2022-06-27,553047.0302511281,249999999.99999997,125000000.00000001,125000000.00000001,2231.2154005620105,98,98,196,10,0.05102040816326531,0.05,0.9999999999999999,0.9999999999999999,0.9999999999999999,1.9999999999999998,0.0022121881210045127,0.00039999999999999996,9.999999999999999e-05,0.0002999999999999999,99999.99999999999,8.924861602248042e-06,0.002112188121004513,0.001812188121004513,0.001812188121004513,0.001803263259402265,22.121881210045128,0.9999999999999999,2.999999999999999,0.08924861602248042,18.032632594022648,True,False
2022-06-28,-739361.5014841948,249999999.99999997,124999999.99999999,124999999.99999999,1984.1269841269836,98,98,196,6,0.030612244897959183,0.04999999999999999,0.9999999999999999,0.9999999999999999,0.9999999999999999,1.9999999999999998,-0.002957446005936779,0.00039999999999999996,9.999999999999999e-05,0.0002999999999999999,99999.99999999999,7.936507936507934e-06,-0.003057446005936779,-0.003357446005936779,-0.003357446005936779,-0.003365382513873287,-29.57446005936779,0.9999999999999999,2.999999999999999,0.07936507936507935,-33.65382513873287,True,False
2022-06-29,-1571973.0529801275,250000000.00000003,124999999.99999999,125000000.00000001,1984.1269841269843,98,98,196,4,0.02040816326530612,0.05000000000000001,1.0000000000000002,1.0000000000000002,1.0000000000000002,2.0000000000000004,-0.0062878922119205104,0.00040000000000000013,0.00010000000000000003,0.00030000000000000003,100000.00000000003,7.936507936507938e-06,-0.006387892211920511,-0.006687892211920511,-0.006687892211920511,-0.006695828719857019,-62.87892211920511,1.0000000000000002,3.0000000000000004,0.07936507936507937,-66.95828719857019,True,False
2022-06-30,-296133.63567764,250000000.00000003,124999999.99999999,125000000.00000001,1984.1269841269846,99,99,198,4,0.020202020202020204,0.05000000000000001,1.0000000000000002,1.0000000000000002,1.0000000000000002,2.0000000000000004,-0.00118453454271056,0.00040000000000000013,0.00010000000000000003,0.00030000000000000003,100000.00000000003,7.936507936507938e-06,-0.00128453454271056,-0.00158453454271056,-0.00158453454271056,-0.001592471050647068,-11.845345427105599,1.0000000000000002,3.0000000000000004,0.07936507936507937,-15.92471050647068,True,False
2022-07-01,-1639965.2211593098,250000000.0,124999999.99999999,124999999.99999996,1984.1269841269834,99,99,198,6,0.030303030303030304,0.05,1.0,1.0,1.0,2.0,-0.006559860884637239,0.0004,0.0001,0.0003,100000.0,7.936507936507934e-06,-0.006659860884637239,-0.006959860884637239,-0.006959860884637239,-0.006967797392573747,-65.59860884637239,1.0,2.9999999999999996,0.07936507936507935,-69.67797392573748,True,False
2022-07-05,-839134.2554083021,250000000.00000003,124999999.99999997,125000000.00000003,2065.315483051329,99,99,198,6,0.030303030303030304,0.05,1.0000000000000002,1.0000000000000002,1.0000000000000002,2.0000000000000004,-0.0033565370216332084,0.00040000000000000013,0.00010000000000000003,0.00030000000000000003,100000.00000000003,8.261261932205315e-06,-0.0034565370216332082,-0.003756537021633208,-0.003756537021633208,-0.0037647982835654135,-33.565370216332084,1.0000000000000002,3.0000000000000004,0.08261261932205315,-37.64798283565413,True,False
2022-07-06,1647868.4687566145,250000000.0,125000000.00000001,125000000.00000003,2065.65132631828,99,99,198,7,0.03535353535353535,0.049999999999999996,1.0,1.0,1.0,2.0,0.006591473875026458,0.0004,0.0001,0.0003,100000.0,8.26260530527312e-06,0.006491473875026458,0.006191473875026458,0.006191473875026458,0.006183211269721185,65.91473875026458,1.0,2.9999999999999996,0.0826260530527312,61.83211269721185,True,False
2022-07-07,-683437.8298872103,250000000.0,124999999.99999996,125000000.0,2066.1101787845982,99,99,198,9,0.045454545454545456,0.04999999999999999,1.0,1.0,1.0,2.0,-0.002733751319548841,0.0004,0.0001,0.0003,100000.0,8.264440715138394e-06,-0.0028337513195488408,-0.0031337513195488407,-0.0031337513195488407,-0.003142015760263979,-27.33751319548841,1.0,2.9999999999999996,0.08264440715138394,-31.42015760263979,True,False
2022-07-08,-1132958.5827854492,250000000.00000003,124999999.99999999,125000000.00000001,2066.7475456735915,99,99,198,8,0.04040404040404041,0.04999999999999999,1.0000000000000002,1.0000000000000002,1.0000000000000002,2.0000000000000004,-0.0045318343311417965,0.00040000000000000013,0.00010000000000000003,0.00030000000000000003,100000.00000000003,8.266990182694366e-06,-0.004631834331141797,-0.004931834331141797,-0.004931834331141797,-0.004940101321324491,-45.31834331141796,1.0000000000000002,3.0000000000000004,0.08266990182694366,-49.40101321324491,True,False
2022-07-11,-425500.48889547004,250000000.0,124999999.99999999,125000000.00000001,1984.1269841269843,99,99,198,8,0.04040404040404041,0.049999999999999996,1.0,1.0,1.0,2.0,-0.0017020019555818802,0.0004,0.0001,0.0003,100000.0,7.936507936507938e-06,-0.0018020019555818802,-0.00210200195558188,-0.00210200195558188,-0.002109938463518388,-17.020019555818802,1.0,2.9999999999999996,0.07936507936507937,-21.09938463518388,True,False
2022-07-12,-1777529.0428970642,250000000.0,124999999.99999996,125000000.0,2067.6882256203703,98,98,196,10,0.05102040816326531,0.05,1.0,1.0,1.0,2.0,-0.007110116171588257,0.0004,0.0001,0.0003,100000.0,8.270752902481482e-06,-0.007210116171588257,-0.007510116171588257,-0.007510116171588257,-0.0075183869244907385,-71.10116171588257,1.0,2.9999999999999996,0.08270752902481482,-75.18386924490738,True,False
2022-07-13,-607147.9415773989,249999999.99999997,125000000.0,124999999.99999997,2260.0737727995897,98,98,196,6,0.030612244897959183,0.05,0.9999999999999999,0.9999999999999999,0.9999999999999999,1.9999999999999998,-0.0024285917663095955,0.00039999999999999996,9.999999999999999e-05,0.0002999999999999999,99999.99999999999,9.040295091198359e-06,-0.0025285917663095954,-0.0028285917663095953,-0.0028285917663095953,-0.002837632061400794,-24.285917663095955,0.9999999999999999,2.999999999999999,0.09040295091198358,-28.376320614007938,True,False
2022-07-14,323054.6259108797,250000000.00000003,125000000.0,125000000.00000001,2447.1160766612197,98,98,196,11,0.05612244897959184,0.05,1.0000000000000002,1.0000000000000002,1.0000000000000002,2.0000000000000004,0.0012922185036435187,0.00040000000000000013,0.00010000000000000003,0.00030000000000000003,100000.00000000003,9.78846430664488e-06,0.0011922185036435187,0.0008922185036435187,0.0008922185036435187,0.0008824300393368738,12.922185036435188,1.0000000000000002,3.0000000000000004,0.0978846430664488,8.824300393368738,True,False
2022-07-15,2215058.990835613,249999999.99999997,124999999.99999997,124999999.99999997,2068.417235601984,97,97,194,11,0.05670103092783505,0.04999999999999998,0.9999999999999999,0.9999999999999999,0.9999999999999999,1.9999999999999998,0.008860235963342452,0.00039999999999999996,9.999999999999999e-05,0.0002999999999999999,99999.99999999999,8.273668942407936e-06,0.008760235963342453,0.008460235963342453,0.008460235963342453,0.008451962294400045,88.60235963342451,0.9999999999999999,2.999999999999999,0.08273668942407937,84.51962294400045,True,False
2022-07-18,922214.3820613313,249999999.99999994,124999999.99999997,124999999.99999999,2068.3693998139715,96,96,192,6,0.03125,0.05000000000000001,0.9999999999999998,0.9999999999999998,0.9999999999999998,1.9999999999999996,0.0036888575282453253,0.0003999999999999999,9.999999999999998e-05,0.0002999999999999999,99999.99999999997,8.273477599255886e-06,0.0035888575282453255,0.0032888575282453256,0.0032888575282453256,0.00328058405064607,36.88857528245325,0.9999999999999998,2.999999999999999,0.08273477599255886,32.8058405064607,True,False
2022-07-19,-207550.78769589713,249999999.99999997,124999999.99999997,124999999.99999999,1984.1269841269839,91,91,182,5,0.027472527472527472,0.049999999999999996,0.9999999999999999,0.9999999999999999,0.9999999999999999,1.9999999999999998,-0.0008302031507835885,0.00039999999999999996,9.999999999999999e-05,0.0002999999999999999,99999.99999999999,7.936507936507936e-06,-0.0009302031507835884,-0.0012302031507835883,-0.0012302031507835883,-0.0012381396587200963,-8.302031507835885,0.9999999999999999,2.999999999999999,0.07936507936507936,-12.381396587200964,True,False
2022-07-20,-1276391.7675670322,249999999.99999997,124999999.99999997,124999999.99999999,1984.126984126984,90,90,180,12,0.06666666666666667,0.05,0.9999999999999999,0.9999999999999999,0.9999999999999999,1.9999999999999998,-0.005105567070268129,0.00039999999999999996,9.999999999999999e-05,0.0002999999999999999,99999.99999999999,7.936507936507936e-06,-0.005205567070268129,-0.005505567070268129,-0.005505567070268129,-0.005513503578204637,-51.05567070268129,0.9999999999999999,2.999999999999999,0.07936507936507936,-55.13503578204637,True,False
2022-07-21,-577873.3880166248,249999999.9999999,124999999.99999994,124999999.99999997,1984.1269841269834,91,91,182,9,0.04945054945054945,0.05000000000000001,0.9999999999999997,0.9999999999999997,0.9999999999999997,1.9999999999999993,-0.0023114935520664993,0.0003999999999999999,9.999999999999998e-05,0.00029999999999999987,99999.99999999997,7.936507936507934e-06,-0.002411493552066499,-0.002711493552066499,-0.002711493552066499,-0.002719430060003007,-23.114935520664993,0.9999999999999998,2.9999999999999987,0.07936507936507935,-27.19430060003007,True,False
2022-07-22,57600.1459232817,249999999.99999997,124999999.99999993,125000000.0,2062.925882044063,92,92,184,9,0.04891304347826087,0.05000000000000001,0.9999999999999999,0.9999999999999999,0.9999999999999999,1.9999999999999998,0.0002304005836931268,0.00039999999999999996,9.999999999999999e-05,0.0002999999999999999,99999.99999999999,8.251703528176253e-06,0.00013040058369312682,-0.0001695994163068731,-0.0001695994163068731,-0.00017785111983504936,2.304005836931268,0.9999999999999999,2.999999999999999,0.08251703528176253,-1.7785111983504935,True,False
2022-07-25,-758747.5314354232,250000000.0,125000000.00000003,124999999.99999999,2160.598287342201,87,87,174,15,0.08620689655172414,0.04999999999999998,1.0,1.0,1.0,2.0,-0.0030349901257416927,0.0004,0.0001,0.0003,100000.0,8.642393149368803e-06,-0.0031349901257416925,-0.0034349901257416924,-0.0034349901257416924,-0.003443632518891061,-30.349901257416928,1.0,2.9999999999999996,0.08642393149368803,-34.43632518891061,True,False
2022-07-26,2320995.1321089105,250000000.0,125000000.0,124999999.99999999,2061.8421800484443,75,75,150,17,0.11333333333333333,0.05,1.0,1.0,1.0,2.0,0.009283980528435641,0.0004,0.0001,0.0003,100000.0,8.247368720193777e-06,0.009183980528435642,0.008883980528435642,0.008883980528435642,0.008875733159715448,92.83980528435642,1.0,2.9999999999999996,0.08247368720193778,88.75733159715448,True,False
2022-07-27,350909.8991157248,249999999.9999999,124999999.99999997,124999999.99999994,2445.149403897923,74,74,148,23,0.1554054054054054,0.05,0.9999999999999997,0.9999999999999997,0.9999999999999997,1.9999999999999993,0.0014036395964628992,0.0003999999999999999,9.999999999999998e-05,0.00029999999999999987,99999.99999999997,9.780597615591692e-06,0.0013036395964628991,0.0010036395964628992,0.0010036395964628992,0.0009938589988473076,14.036395964628992,0.9999999999999998,2.9999999999999987,0.09780597615591692,9.938589988473076,True,False
2022-07-28,150290.46160055706,250000000.00000003,124999999.99999999,125000000.00000001,2314.563531299007,81,81,162,20,0.12345679012345678,0.05000000000000001,1.0000000000000002,1.0000000000000002,1.0000000000000002,2.0000000000000004,0.0006011618464022283,0.00040000000000000013,0.00010000000000000003,0.00030000000000000003,100000.00000000003,9.258254125196028e-06,0.0005011618464022282,0.0002011618464022282,0.0002011618464022282,0.00019190359227703216,6.011618464022282,1.0000000000000002,3.0000000000000004,0.09258254125196028,1.9190359227703215,True,False
2022-07-29,-983103.5786105403,250000000.0,124999999.99999996,124999999.99999999,2287.793015544391,87,87,174,16,0.09195402298850575,0.049999999999999975,1.0,1.0,1.0,2.0,-0.003932414314442161,0.0004,0.0001,0.0003,100000.0,9.151172062177565e-06,-0.004032414314442161,-0.004332414314442161,-0.004332414314442161,-0.004341565486504339,-39.32414314442161,1.0,2.9999999999999996,0.09151172062177565,-43.415654865043386,True,False
2022-08-01,-1036672.5884341414,249999999.99999994,124999999.99999994,124999999.99999999,2485.7001176663175,86,86,172,18,0.10465116279069768,0.05000000000000001,0.9999999999999998,0.9999999999999998,0.9999999999999998,1.9999999999999996,-0.004146690353736566,0.0003999999999999999,9.999999999999998e-05,0.0002999999999999999,99999.99999999997,9.94280047066527e-06,-0.004246690353736566,-0.004546690353736566,-0.004546690353736566,-0.004556633154207231,-41.46690353736566,0.9999999999999998,2.999999999999999,0.09942800470665271,-45.56633154207231,True,False
2022-08-02,1024557.206816513,250000000.0,125000000.00000001,125000000.00000001,2316.644426554678,75,75,150,21,0.14,0.05000000000000001,1.0,1.0,1.0,2.0,0.004098228827266052,0.0004,0.0001,0.0003,100000.0,9.266577706218711e-06,0.003998228827266052,0.003698228827266052,0.003698228827266052,0.0036889622495598334,40.982288272660526,1.0,2.9999999999999996,0.09266577706218711,36.88962249559833,True,False
2022-08-03,-415086.0274076973,249999999.99999997,125000000.00000001,124999999.99999997,2281.5400591651446,75,75,150,20,0.13333333333333333,0.049999999999999996,0.9999999999999999,0.9999999999999999,0.9999999999999999,1.9999999999999998,-0.001660344109630789,0.00039999999999999996,9.999999999999999e-05,0.0002999999999999999,99999.99999999999,9.126160236660578e-06,-0.001760344109630789,-0.0020603441096307892,-0.0020603441096307892,-0.00206947026986745,-16.60344109630789,0.9999999999999999,2.999999999999999,0.09126160236660578,-20.694702698674497,True,False
2022-08-04,-1262884.0716638118,250000000.0,124999999.99999999,125000000.0,2262.4200419141926,80,80,160,13,0.08125,0.05000000000000001,1.0,1.0,1.0,2.0,-0.005051536286655247,0.0004,0.0001,0.0003,100000.0,9.04968016765677e-06,-0.005151536286655247,-0.005451536286655247,-0.005451536286655247,-0.005460585966822904,-50.51536286655247,1.0,2.9999999999999996,0.09049680167656769,-54.605859668229044,True,False
2022-08-05,226225.0826902097,249999999.99999994,124999999.99999991,125000000.0,2392.6993202714802,88,88,176,11,0.0625,0.05000000000000001,0.9999999999999998,0.9999999999999998,0.9999999999999998,1.9999999999999996,0.0009049003307608388,0.0003999999999999999,9.999999999999998e-05,0.0002999999999999999,99999.99999999997,9.57079728108592e-06,0.0008049003307608389,0.0005049003307608389,0.0005049003307608389,0.000495329533479753,9.049003307608388,0.9999999999999998,2.999999999999999,0.0957079728108592,4.95329533479753,True,False
2022-08-08,-1362848.9257419417,250000000.0,125000000.0,124999999.99999999,2383.331063445665,92,92,184,16,0.08695652173913043,0.05000000000000001,1.0,1.0,1.0,2.0,-0.005451395702967767,0.0004,0.0001,0.0003,100000.0,9.533324253782661e-06,-0.005551395702967767,-0.005851395702967767,-0.005851395702967767,-0.00586092902722155,-54.51395702967767,1.0,2.9999999999999996,0.09533324253782662,-58.609290272215496,True,False
2022-08-09,3218750.692527762,249999999.99999997,124999999.99999994,125000000.0,2327.536255712637,92,92,184,20,0.10869565217391304,0.05000000000000001,0.9999999999999999,0.9999999999999999,0.9999999999999999,1.9999999999999998,0.012875002770111048,0.00039999999999999996,9.999999999999999e-05,0.0002999999999999999,99999.99999999999,9.310145022850547e-06,0.012775002770111048,0.012475002770111049,0.012475002770111049,0.012465692625088199,128.75002770111047,0.9999999999999999,2.999999999999999,0.09310145022850547,124.65692625088198,True,False
2022-08-10,1917455.9084703699,249999999.9999999,124999999.99999996,124999999.99999999,2193.3454240742262,95,95,190,16,0.08421052631578947,0.049999999999999996,0.9999999999999997,0.9999999999999997,0.9999999999999997,1.9999999999999993,0.0076698236338814795,0.0003999999999999999,9.999999999999998e-05,0.00029999999999999987,99999.99999999997,8.773381696296905e-06,0.007569823633881479,0.007269823633881479,0.007269823633881479,0.007261050252185182,76.6982363388148,0.9999999999999998,2.9999999999999987,0.08773381696296904,72.61050252185183,True,False
2022-08-11,558036.7203141702,250000000.0,124999999.99999997,125000000.00000001,2188.281530598727,98,98,196,15,0.07653061224489796,0.05000000000000001,1.0,1.0,1.0,2.0,0.002232146881256681,0.0004,0.0001,0.0003,100000.0,8.753126122394908e-06,0.002132146881256681,0.0018321468812566811,0.0018321468812566811,0.0018233937551342862,22.32146881256681,1.0,2.9999999999999996,0.08753126122394908,18.233937551342862,True,False
2022-08-12,-1475037.4995579568,250000000.0,124999999.99999994,125000000.00000001,2186.0487346106074,98,98,196,14,0.07142857142857142,0.05,1.0,1.0,1.0,2.0,-0.005900149998231827,0.0004,0.0001,0.0003,100000.0,8.74419493844243e-06,-0.006000149998231828,-0.006300149998231828,-0.006300149998231828,-0.00630889419317027,-59.00149998231827,1.0,2.9999999999999996,0.08744194938442429,-63.088941931702706,True,False
2022-08-15,-478622.76301577355,249999999.99999997,124999999.99999999,124999999.99999997,2186.141143787301,98,98,196,12,0.061224489795918366,0.05,0.9999999999999999,0.9999999999999999,0.9999999999999999,1.9999999999999998,-0.0019144910520630942,0.00039999999999999996,9.999999999999999e-05,0.0002999999999999999,99999.99999999999,8.744564575149204e-06,-0.002014491052063094,-0.002314491052063094,-0.002314491052063094,-0.0023232356166382434,-19.144910520630944,0.9999999999999999,2.999999999999999,0.08744564575149204,-23.232356166382434,True,False
2022-08-16,-1420226.9894370013,249999999.99999997,125000000.0,125000000.0,2228.637353216153,97,97,194,14,0.07216494845360824,0.049999999999999996,0.9999999999999999,0.9999999999999999,0.9999999999999999,1.9999999999999998,-0.005680907957748005,0.00039999999999999996,9.999999999999999e-05,0.0002999999999999999,99999.99999999999,8.91454941286461e-06,-0.005780907957748005,-0.006080907957748005,-0.006080907957748005,-0.00608982250716087,-56.80907957748005,0.9999999999999999,2.999999999999999,0.0891454941286461,-60.8982250716087,True,False
2022-08-17,-25139.63822471406,250000000.0,124999999.99999996,125000000.00000001,2193.3739674966578,97,97,194,12,0.061855670103092786,0.049999999999999996,1.0,1.0,1.0,2.0,-0.00010055855289885624,0.0004,0.0001,0.0003,100000.0,8.773495869986632e-06,-0.00020055855289885624,-0.0005005585528988562,-0.0005005585528988562,-0.0005093320487688428,-1.0055855289885625,1.0,2.9999999999999996,0.08773495869986632,-5.093320487688429,True,False
2022-08-18,-1919720.080481731,249999999.99999997,124999999.99999996,124999999.99999997,2187.7328389540266,97,97,194,18,0.09278350515463918,0.04999999999999999,0.9999999999999999,0.9999999999999999,0.9999999999999999,1.9999999999999998,-0.007678880321926924,0.00039999999999999996,9.999999999999999e-05,0.0002999999999999999,99999.99999999999,8.750931355816106e-06,-0.0077788803219269245,-0.008078880321926924,-0.008078880321926924,-0.00808763125328274,-76.78880321926924,0.9999999999999999,2.999999999999999,0.08750931355816106,-80.8763125328274,True,False
2022-08-19,-1922348.4231706124,249999999.99999997,124999999.99999994,125000000.0,2185.653199330047,98,98,196,15,0.07653061224489796,0.049999999999999996,0.9999999999999999,0.9999999999999999,0.9999999999999999,1.9999999999999998,-0.00768939369268245,0.00039999999999999996,9.999999999999999e-05,0.0002999999999999999,99999.99999999999,8.742612797320187e-06,-0.00778939369268245,-0.00808939369268245,-0.00808939369268245,-0.00809813630547977,-76.8939369268245,0.9999999999999999,2.999999999999999,0.08742612797320187,-80.98136305479771,True,False
2022-08-22,855769.5265589037,249999999.99999997,125000000.0,124999999.99999996,2187.3593046358083,98,98,196,16,0.08163265306122448,0.05,0.9999999999999999,0.9999999999999999,0.9999999999999999,1.9999999999999998,0.003423078106235615,0.00039999999999999996,9.999999999999999e-05,0.0002999999999999999,99999.99999999999,8.749437218543232e-06,0.003323078106235615,0.003023078106235615,0.003023078106235615,0.003014328669017072,34.23078106235615,0.9999999999999999,2.999999999999999,0.08749437218543232,30.14328669017072,True,False
2022-08-23,-36201.76442737713,249999999.99999994,124999999.99999996,124999999.99999997,2189.3168291838715,97,97,194,16,0.08247422680412371,0.04999999999999999,0.9999999999999998,0.9999999999999998,0.9999999999999998,1.9999999999999996,-0.00014480705770950853,0.0003999999999999999,9.999999999999998e-05,0.0002999999999999999,99999.99999999997,8.757267316735487e-06,-0.0002448070577095085,-0.0005448070577095084,-0.0005448070577095084,-0.0005535643250262439,-1.4480705770950852,0.9999999999999998,2.999999999999999,0.08757267316735487,-5.535643250262439,True,False
2022-08-24,968178.6753031184,250000000.0,124999999.99999996,125000000.00000001,2188.5544778287986,97,97,194,15,0.07731958762886598,0.049999999999999996,1.0,1.0,1.0,2.0,0.0038727147012124737,0.0004,0.0001,0.0003,100000.0,8.754217911315194e-06,0.003772714701212474,0.003472714701212474,0.003472714701212474,0.003463960483301159,38.72714701212474,1.0,2.9999999999999996,0.08754217911315194,34.63960483301159,True,False
2022-08-25,942.1471967679413,250000000.0,125000000.00000001,125000000.00000001,2255.8363700779505,97,97,194,15,0.07731958762886598,0.05000000000000001,1.0,1.0,1.0,2.0,3.768588787071765e-06,0.0004,0.0001,0.0003,100000.0,9.023345480311802e-06,-9.623141121292825e-05,-0.0003962314112129282,-0.0003962314112129282,-0.00040525475669324004,0.03768588787071765,1.0,2.9999999999999996,0.09023345480311802,-4.0525475669324,True,False
2022-08-26,-916311.1520986935,249999999.99999994,125000000.0,124999999.99999999,2215.4660786936684,98,98,196,14,0.07142857142857142,0.049999999999999996,0.9999999999999998,0.9999999999999998,0.9999999999999998,1.9999999999999996,-0.003665244608394774,0.0003999999999999999,9.999999999999998e-05,0.0002999999999999999,99999.99999999997,8.861864314774674e-06,-0.003765244608394774,-0.004065244608394774,-0.004065244608394774,-0.004074106472709549,-36.65244608394774,0.9999999999999998,2.999999999999999,0.08861864314774674,-40.741064727095484,True,False
2022-08-29,781989.0765020059,249999999.99999997,124999999.99999994,124999999.99999999,2214.4082389551677,98,98,196,12,0.061224489795918366,0.049999999999999996,0.9999999999999999,0.9999999999999999,0.9999999999999999,1.9999999999999998,0.0031279563060080235,0.00039999999999999996,9.999999999999999e-05,0.0002999999999999999,99999.99999999999,8.85763295582067e-06,0.0030279563060080237,0.0027279563060080237,0.0027279563060080237,0.002719098673052203,31.279563060080235,0.9999999999999999,2.999999999999999,0.08857632955820671,27.19098673052203,True,False
2022-08-30,518355.7927772656,250000000.0,124999999.99999997,125000000.0,2244.9420417167134,97,97,194,15,0.07731958762886598,0.049999999999999996,1.0,1.0,1.0,2.0,0.0020734231711090623,0.0004,0.0001,0.0003,100000.0,8.979768166866853e-06,0.0019734231711090624,0.0016734231711090625,0.0016734231711090625,0.0016644434029421957,20.734231711090622,1.0,2.9999999999999996,0.08979768166866853,16.64443402942196,True,False
2022-08-31,-2156755.1306004818,249999999.99999997,124999999.99999999,124999999.99999997,2131.533564417386,97,97,194,13,0.06701030927835051,0.05000000000000001,0.9999999999999999,0.9999999999999999,0.9999999999999999,1.9999999999999998,-0.008627020522401926,0.00039999999999999996,9.999999999999999e-05,0.0002999999999999999,99999.99999999999,8.526134257669544e-06,-0.008727020522401926,-0.009027020522401926,-0.009027020522401926,-0.009035546656659595,-86.27020522401926,0.9999999999999999,2.999999999999999,0.08526134257669545,-90.35546656659595,True,False
2022-09-01,1533985.6415998414,249999999.99999997,124999999.99999999,124999999.99999997,2197.793073554724,98,98,196,17,0.08673469387755102,0.049999999999999996,0.9999999999999999,0.9999999999999999,0.9999999999999999,1.9999999999999998,0.006135942566399366,0.00039999999999999996,9.999999999999999e-05,0.0002999999999999999,99999.99999999999,8.791172294218895e-06,0.006035942566399366,0.005735942566399366,0.005735942566399366,0.005727151394105147,61.35942566399366,0.9999999999999999,2.999999999999999,0.08791172294218895,57.27151394105147,True,False
2022-09-02,-88726.08718861223,249999999.99999997,124999999.99999996,124999999.99999997,2280.1755477571783,99,99,198,13,0.06565656565656566,0.04999999999999998,0.9999999999999999,0.9999999999999999,0.9999999999999999,1.9999999999999998,-0.00035490434875444895,0.00039999999999999996,9.999999999999999e-05,0.0002999999999999999,99999.99999999999,9.120702191028712e-06,-0.00045490434875444894,-0.0007549043487544489,-0.0007549043487544489,-0.0007640250509454775,-3.5490434875444894,0.9999999999999999,2.999999999999999,0.09120702191028712,-7.640250509454775,True,False
2022-09-06,-880028.9373216841,249999999.99999997,125000000.00000001,125000000.0,2156.238685346388,99,99,198,13,0.06565656565656566,0.04999999999999999,0.9999999999999999,0.9999999999999999,0.9999999999999999,1.9999999999999998,-0.0035201157492867363,0.00039999999999999996,9.999999999999999e-05,0.0002999999999999999,99999.99999999999,8.624954741385552e-06,-0.003620115749286736,-0.003920115749286736,-0.003920115749286736,-0.003928740704028121,-35.20115749286736,0.9999999999999999,2.999999999999999,0.08624954741385552,-39.28740704028122,True,False
2022-09-07,-802518.6669087443,250000000.0,124999999.99999997,125000000.00000001,2157.8913088186887,98,98,196,17,0.08673469387755102,0.05000000000000001,1.0,1.0,1.0,2.0,-0.003210074667634977,0.0004,0.0001,0.0003,100000.0,8.631565235274754e-06,-0.003310074667634977,-0.003610074667634977,-0.003610074667634977,-0.0036187062328702515,-32.10074667634977,1.0,2.9999999999999996,0.08631565235274755,-36.18706232870252,True,False
2022-09-08,1309570.506741553,250000000.0,124999999.99999997,124999999.99999999,2240.83739288867,98,98,196,15,0.07653061224489796,0.05000000000000001,1.0,1.0,1.0,2.0,0.005238282026966213,0.0004,0.0001,0.0003,100000.0,8.96334957155468e-06,0.005138282026966212,0.004838282026966212,0.004838282026966212,0.004829318677394658,52.382820269662126,1.0,2.9999999999999996,0.0896334957155468,48.29318677394658,True,False
2022-09-09,593674.4030586646,250000000.00000003,124999999.99999997,125000000.00000001,2322.026893965025,99,99,198,17,0.08585858585858586,0.049999999999999996,1.0000000000000002,1.0000000000000002,1.0000000000000002,2.0000000000000004,0.0023746976122346586,0.00040000000000000013,0.00010000000000000003,0.00030000000000000003,100000.00000000003,9.2881075758601e-06,0.002274697612234659,0.001974697612234659,0.001974697612234659,0.0019654095046587987,23.746976122346588,1.0000000000000002,3.0000000000000004,0.09288107575860101,19.654095046587987,True,False
2022-09-12,-3843686.2387979543,250000000.00000003,125000000.00000001,125000000.00000003,2237.4252555380413,99,99,198,17,0.08585858585858586,0.05,1.0000000000000002,1.0000000000000002,1.0000000000000002,2.0000000000000004,-0.015374744955191817,0.00040000000000000013,0.00010000000000000003,0.00030000000000000003,100000.00000000003,8.949701022152166e-06,-0.015474744955191817,-0.01577474495519182,-0.01577474495519182,-0.01578369465621397,-153.74744955191818,1.0000000000000002,3.0000000000000004,0.08949701022152166,-157.8369465621397,True,False
2022-09-13,157436.6936361144,250000000.0,125000000.00000001,125000000.0,2149.9413091109327,99,99,198,14,0.0707070707070707,0.049999999999999996,1.0,1.0,1.0,2.0,0.0006297467745444576,0.0004,0.0001,0.0003,100000.0,8.59976523644373e-06,0.0005297467745444575,0.00022974677454445756,0.00022974677454445756,0.00022114700930801382,6.2974677454445755,1.0,2.9999999999999996,0.08599765236443731,2.211470093080138,True,False
2022-09-14,-1117880.9134680612,250000000.0,124999999.99999994,125000000.00000003,2222.1660098007046,99,99,198,13,0.06565656565656566,0.049999999999999996,1.0,1.0,1.0,2.0,-0.004471523653872245,0.0004,0.0001,0.0003,100000.0,8.88866403920282e-06,-0.0045715236538722455,-0.004871523653872245,-0.004871523653872245,-0.004880412317911448,-44.71523653872245,1.0,2.9999999999999996,0.08888664039202819,-48.80412317911448,True,False
2022-09-15,-1723608.852178248,250000000.00000003,124999999.99999999,125000000.0,2150.761881051051,99,99,198,12,0.06060606060606061,0.04999999999999999,1.0000000000000002,1.0000000000000002,1.0000000000000002,2.0000000000000004,-0.006894435408712992,0.00040000000000000013,0.00010000000000000003,0.00030000000000000003,100000.00000000003,8.603047524204204e-06,-0.0069944354087129925,-0.007294435408712992,-0.007294435408712992,-0.007303038456237197,-68.94435408712992,1.0000000000000002,3.0000000000000004,0.08603047524204203,-73.03038456237196,True,False
2022-09-16,-1230467.5482862869,250000000.00000003,125000000.0,125000000.00000003,2067.5219621642386,99,99,198,13,0.06565656565656566,0.05,1.0000000000000002,1.0000000000000002,1.0000000000000002,2.0000000000000004,-0.0049218701931451475,0.00040000000000000013,0.00010000000000000003,0.00030000000000000003,100000.00000000003,8.270087848656955e-06,-0.005021870193145148,-0.005321870193145148,-0.005321870193145148,-0.005330140280993804,-49.21870193145148,1.0000000000000002,3.0000000000000004,0.08270087848656955,-53.30140280993804,True,False
2022-09-19,-614424.5264582109,250000000.0,125000000.00000001,125000000.0,2067.827128781281,99,99,198,13,0.06565656565656566,0.04999999999999999,1.0,1.0,1.0,2.0,-0.0024576981058328437,0.0004,0.0001,0.0003,100000.0,8.271308515125123e-06,-0.0025576981058328435,-0.0028576981058328435,-0.0028576981058328435,-0.0028659694143479686,-24.576981058328435,1.0,2.9999999999999996,0.08271308515125124,-28.659694143479687,True,False
2022-09-20,-31939.61596369558,250000000.0,125000000.00000003,125000000.0,2148.3538021883082,99,99,198,13,0.06565656565656566,0.049999999999999996,1.0,1.0,1.0,2.0,-0.00012775846385478234,0.0004,0.0001,0.0003,100000.0,8.593415208753232e-06,-0.00022775846385478233,-0.0005277584638547823,-0.0005277584638547823,-0.0005363518790635355,-1.2775846385478233,1.0,2.9999999999999996,0.08593415208753233,-5.363518790635355,True,False
2022-09-21,-146903.2115406988,250000000.0,125000000.0,124999999.99999997,2067.0760675658516,99,99,198,15,0.07575757575757576,0.05,1.0,1.0,1.0,2.0,-0.0005876128461627952,0.0004,0.0001,0.0003,100000.0,8.268304270263407e-06,-0.0006876128461627952,-0.0009876128461627951,-0.0009876128461627951,-0.0009958811504330585,-5.876128461627951,1.0,2.9999999999999996,0.08268304270263406,-9.958811504330585,True,False
2022-09-22,-1759142.7876685932,250000000.00000006,125000000.0,125000000.00000001,2147.9262170171,99,99,198,19,0.09595959595959595,0.05,1.0000000000000002,1.0000000000000002,1.0000000000000002,2.0000000000000004,-0.007036571150674373,0.00040000000000000013,0.00010000000000000003,0.00030000000000000003,100000.00000000003,8.591704868068401e-06,-0.0071365711506743736,-0.0074365711506743735,-0.0074365711506743735,-0.0074451628555424415,-70.36571150674374,1.0000000000000002,3.0000000000000004,0.085917048680684,-74.45162855542442,True,False
2022-09-23,134209.53306132683,250000000.00000003,124999999.99999999,125000000.00000001,2315.9646764537806,99,99,198,14,0.0707070707070707,0.049999999999999996,1.0000000000000002,1.0000000000000002,1.0000000000000002,2.0000000000000004,0.0005368381322453074,0.00040000000000000013,0.00010000000000000003,0.00030000000000000003,100000.00000000003,9.263858705815123e-06,0.0004368381322453073,0.00013683813224530728,0.00013683813224530728,0.00012757427353949215,5.368381322453073,1.0000000000000002,3.0000000000000004,0.09263858705815123,1.2757427353949216,True,False
2022-09-26,2035586.55463064,249999999.99999997,124999999.99999999,124999999.99999996,2149.321075087048,99,99,198,12,0.06060606060606061,0.05,0.9999999999999999,0.9999999999999999,0.9999999999999999,1.9999999999999998,0.00814234621852256,0.00039999999999999996,9.999999999999999e-05,0.0002999999999999999,99999.99999999999,8.597284300348192e-06,0.00804234621852256,0.00774234621852256,0.00774234621852256,0.007733748934222212,81.42346218522559,0.9999999999999999,2.999999999999999,0.08597284300348193,77.33748934222213,True,False
2022-09-27,-269398.60741471226,249999999.99999997,125000000.0,124999999.99999999,2028.3939420634917,98,98,196,14,0.07142857142857142,0.049999999999999996,0.9999999999999999,0.9999999999999999,0.9999999999999999,1.9999999999999998,-0.001077594429658849,0.00039999999999999996,9.999999999999999e-05,0.0002999999999999999,99999.99999999999,8.113575768253967e-06,-0.001177594429658849,-0.001477594429658849,-0.001477594429658849,-0.0014857080054271029,-10.77594429658849,0.9999999999999999,2.999999999999999,0.08113575768253967,-14.857080054271028,True,False
2022-09-28,-1600752.1880859297,249999999.99999994,124999999.99999996,124999999.99999996,2029.0945636507927,98,98,196,15,0.07653061224489796,0.04999999999999999,0.9999999999999998,0.9999999999999998,0.9999999999999998,1.9999999999999996,-0.0064030087523437185,0.0003999999999999999,9.999999999999998e-05,0.0002999999999999999,99999.99999999997,8.116378254603171e-06,-0.006503008752343719,-0.006803008752343719,-0.006803008752343719,-0.0068111251305983216,-64.03008752343719,0.9999999999999998,2.999999999999999,0.08116378254603171,-68.11125130598322,True,False
2022-09-29,-1073148.8690823265,250000000.00000003,125000000.00000001,125000000.00000003,2029.6636065079372,99,99,198,13,0.06565656565656566,0.05,1.0000000000000002,1.0000000000000002,1.0000000000000002,2.0000000000000004,-0.0042925954763293065,0.00040000000000000013,0.00010000000000000003,0.00030000000000000003,100000.00000000003,8.118654426031748e-06,-0.004392595476329307,-0.004692595476329307,-0.004692595476329307,-0.004700714130755339,-42.92595476329306,1.0000000000000002,3.0000000000000004,0.08118654426031748,-47.00714130755339,True,False
2022-09-30,929036.8488427527,250000000.0,125000000.00000003,124999999.99999996,2027.6484268253962,99,99,198,13,0.06565656565656566,0.049999999999999996,1.0,1.0,1.0,2.0,0.003716147395371011,0.0004,0.0001,0.0003,100000.0,8.110593707301585e-06,0.003616147395371011,0.0033161473953710113,0.0033161473953710113,0.0033080368016637097,37.16147395371011,1.0,2.9999999999999996,0.08110593707301585,33.080368016637095,True,False
2022-10-03,2503017.790843117,250000000.0,124999999.99999997,125000000.00000003,2027.4025420634925,99,99,198,15,0.07575757575757576,0.049999999999999996,1.0,1.0,1.0,2.0,0.010012071163372467,0.0004,0.0001,0.0003,100000.0,8.10961016825397e-06,0.009912071163372468,0.009612071163372468,0.009612071163372468,0.009603961553204214,100.12071163372468,1.0,2.9999999999999996,0.08109610168253971,96.03961553204215,True,False
2022-10-04,-1551295.5382647312,249999999.99999997,125000000.00000001,124999999.99999999,2027.030636031746,99,99,198,9,0.045454545454545456,0.049999999999999996,0.9999999999999999,0.9999999999999999,0.9999999999999999,1.9999999999999998,-0.006205182153058925,0.00039999999999999996,9.999999999999999e-05,0.0002999999999999999,99999.99999999999,8.108122544126984e-06,-0.006305182153058925,-0.006605182153058925,-0.006605182153058925,-0.0066132902756030525,-62.05182153058925,0.9999999999999999,2.999999999999999,0.08108122544126983,-66.13290275603053,True,False
2022-10-05,-279399.48705270805,250000000.00000006,125000000.0,125000000.00000003,2026.1518836507942,99,99,198,12,0.06060606060606061,0.05,1.0000000000000002,1.0000000000000002,1.0000000000000002,2.0000000000000004,-0.0011175979482108322,0.00040000000000000013,0.00010000000000000003,0.00030000000000000003,100000.00000000003,8.104607534603177e-06,-0.0012175979482108323,-0.0015175979482108322,-0.0015175979482108322,-0.0015257025557454354,-11.175979482108323,1.0000000000000002,3.0000000000000004,0.08104607534603177,-15.257025557454355,True,False
2022-10-06,-1263209.1055803234,250000000.00000003,124999999.99999999,125000000.0,2108.5099924291467,99,99,198,8,0.04040404040404041,0.049999999999999996,1.0000000000000002,1.0000000000000002,1.0000000000000002,2.0000000000000004,-0.005052836422321293,0.00040000000000000013,0.00010000000000000003,0.00030000000000000003,100000.00000000003,8.434039969716587e-06,-0.0051528364223212934,-0.005452836422321293,-0.005452836422321293,-0.00546127046229101,-50.52836422321293,1.0000000000000002,3.0000000000000004,0.08434039969716586,-54.6127046229101,True,False
2022-10-07,-238966.85762081732,250000000.0,124999999.99999996,125000000.00000001,2027.8792658730163,99,99,198,9,0.045454545454545456,0.049999999999999996,1.0,1.0,1.0,2.0,-0.0009558674304832693,0.0004,0.0001,0.0003,100000.0,8.111517063492065e-06,-0.0010558674304832693,-0.0013558674304832692,-0.0013558674304832692,-0.0013639789475467614,-9.558674304832692,1.0,2.9999999999999996,0.08111517063492064,-13.639789475467614,True,False
2022-10-10,-917162.1778257518,249999999.99999994,124999999.99999997,124999999.99999997,2028.8741501587297,99,99,198,10,0.050505050505050504,0.04999999999999998,0.9999999999999998,0.9999999999999998,0.9999999999999998,1.9999999999999996,-0.0036686487113030074,0.0003999999999999999,9.999999999999998e-05,0.0002999999999999999,99999.99999999997,8.115496600634918e-06,-0.0037686487113030073,-0.004068648711303007,-0.004068648711303007,-0.004076764207903642,-36.686487113030076,0.9999999999999998,2.999999999999999,0.08115496600634918,-40.76764207903642,True,False
2022-10-11,-148305.93017005548,250000000.00000003,125000000.0,124999999.99999999,2028.619225079365,99,99,198,8,0.04040404040404041,0.05,1.0000000000000002,1.0000000000000002,1.0000000000000002,2.0000000000000004,-0.0005932237206802219,0.00040000000000000013,0.00010000000000000003,0.00030000000000000003,100000.00000000003,8.11447690031746e-06,-0.000693223720680222,-0.000993223720680222,-0.000993223720680222,-0.0010013381975805394,-5.9322372068022196,1.0000000000000002,3.0000000000000004,0.0811447690031746,-10.013381975805395,True,False
2022-10-12,-2410599.0936834053,250000000.0,125000000.00000001,125000000.0,1984.1269841269846,98,98,196,10,0.05102040816326531,0.049999999999999996,1.0,1.0,1.0,2.0,-0.009642396374733622,0.0004,0.0001,0.0003,100000.0,7.936507936507938e-06,-0.009742396374733621,-0.010042396374733621,-0.010042396374733621,-0.010050332882670128,-96.42396374733622,1.0,2.9999999999999996,0.07936507936507937,-100.50332882670128,True,False
2022-10-13,300929.3630369099,250000000.0,125000000.0,125000000.0,1984.1269841269843,98,98,196,7,0.03571428571428571,0.049999999999999996,1.0,1.0,1.0,2.0,0.0012037174521476396,0.0004,0.0001,0.0003,100000.0,7.936507936507938e-06,0.0011037174521476396,0.0008037174521476397,0.0008037174521476397,0.0007957809442111318,12.037174521476397,1.0,2.9999999999999996,0.07936507936507937,7.9578094421113175,True,False
2022-10-14,1725537.3950063423,250000000.0,125000000.0,125000000.00000001,1984.1269841269846,97,97,194,8,0.041237113402061855,0.049999999999999996,1.0,1.0,1.0,2.0,0.0069021495800253695,0.0004,0.0001,0.0003,100000.0,7.936507936507938e-06,0.006802149580025369,0.006502149580025369,0.006502149580025369,0.006494213072088861,69.02149580025369,1.0,2.9999999999999996,0.07936507936507937,64.94213072088861,True,False
2022-10-17,1480899.653735575,249999999.99999994,124999999.99999996,124999999.99999994,1984.1269841269832,95,95,190,12,0.06315789473684211,0.05,0.9999999999999998,0.9999999999999998,0.9999999999999998,1.9999999999999996,0.0059235986149423,0.0003999999999999999,9.999999999999998e-05,0.0002999999999999999,99999.99999999997,7.936507936507933e-06,0.0058235986149422995,0.0055235986149422996,0.0055235986149422996,0.0055156621070057915,59.235986149423,0.9999999999999998,2.999999999999999,0.07936507936507933,55.156621070057916,True,False
2022-10-18,-1214244.7203550173,249999999.9999999,124999999.99999996,124999999.99999994,1984.1269841269832,91,91,182,19,0.1043956043956044,0.05,0.9999999999999997,0.9999999999999997,0.9999999999999997,1.9999999999999993,-0.004856978881420069,0.0003999999999999999,9.999999999999998e-05,0.00029999999999999987,99999.99999999997,7.936507936507933e-06,-0.00495697888142007,-0.00525697888142007,-0.00525697888142007,-0.005264915389356578,-48.56978881420069,0.9999999999999998,2.9999999999999987,0.07936507936507933,-52.649153893565774,True,False
2022-10-19,432451.6105589583,249999999.99999997,124999999.99999999,124999999.99999999,2024.529212857143,90,90,180,14,0.07777777777777778,0.05000000000000001,0.9999999999999999,0.9999999999999999,0.9999999999999999,1.9999999999999998,0.0017298064422358332,0.00039999999999999996,9.999999999999999e-05,0.0002999999999999999,99999.99999999999,8.098116851428572e-06,0.0016298064422358332,0.0013298064422358332,0.0013298064422358332,0.0013217083253844047,17.298064422358333,0.9999999999999999,2.999999999999999,0.08098116851428572,13.217083253844047,True,False
2022-10-20,-104656.64929974073,250000000.00000003,124999999.99999999,125000000.0,1984.126984126984,93,93,186,10,0.053763440860215055,0.05000000000000001,1.0000000000000002,1.0000000000000002,1.0000000000000002,2.0000000000000004,-0.00041862659719896293,0.00040000000000000013,0.00010000000000000003,0.00030000000000000003,100000.00000000003,7.936507936507936e-06,-0.0005186265971989629,-0.000818626597198963,-0.000818626597198963,-0.0008265631051354709,-4.186265971989629,1.0000000000000002,3.0000000000000004,0.07936507936507936,-8.265631051354708,True,False
2022-10-21,-1113620.7174098797,249999999.99999997,124999999.99999997,124999999.99999996,1984.1269841269836,92,92,184,7,0.03804347826086957,0.05,0.9999999999999999,0.9999999999999999,0.9999999999999999,1.9999999999999998,-0.0044544828696395184,0.00039999999999999996,9.999999999999999e-05,0.0002999999999999999,99999.99999999999,7.936507936507934e-06,-0.004554482869639519,-0.004854482869639519,-0.004854482869639519,-0.004862419377576027,-44.544828696395186,0.9999999999999999,2.999999999999999,0.07936507936507935,-48.62419377576027,True,False
2022-10-24,354726.2317438129,250000000.00000003,125000000.00000003,125000000.0,1984.126984126984,87,87,174,10,0.05747126436781609,0.049999999999999996,1.0000000000000002,1.0000000000000002,1.0000000000000002,2.0000000000000004,0.0014189049269752517,0.00040000000000000013,0.00010000000000000003,0.00030000000000000003,100000.00000000003,7.936507936507936e-06,0.0013189049269752516,0.0010189049269752515,0.0010189049269752515,0.0010109684190387435,14.189049269752516,1.0000000000000002,3.0000000000000004,0.07936507936507936,10.109684190387435,True,False
2022-10-25,-1179200.9472037295,250000000.00000003,124999999.99999999,125000000.00000001,1984.1269841269843,77,77,154,19,0.12337662337662338,0.05000000000000001,1.0000000000000002,1.0000000000000002,1.0000000000000002,2.0000000000000004,-0.004716803788814918,0.00040000000000000013,0.00010000000000000003,0.00030000000000000003,100000.00000000003,7.936507936507938e-06,-0.0048168037888149185,-0.005116803788814918,-0.005116803788814918,-0.005124740296751426,-47.16803788814918,1.0000000000000002,3.0000000000000004,0.07936507936507937,-51.24740296751426,True,False
2022-10-26,1031773.4502001355,249999999.99999994,124999999.99999993,124999999.99999999,2095.581421234946,75,75,150,21,0.14,0.05,0.9999999999999998,0.9999999999999998,0.9999999999999998,1.9999999999999996,0.004127093800800542,0.0003999999999999999,9.999999999999998e-05,0.0002999999999999999,99999.99999999997,8.382325684939784e-06,0.004027093800800542,0.003727093800800542,0.003727093800800542,0.0037187114751156022,41.27093800800542,0.9999999999999998,2.999999999999999,0.08382325684939784,37.187114751156024,True,False
2022-10-27,-770642.2244428562,249999999.99999994,124999999.99999994,124999999.99999999,2085.729241040266,82,82,164,18,0.10975609756097561,0.05000000000000001,0.9999999999999998,0.9999999999999998,0.9999999999999998,1.9999999999999996,-0.0030825688977714244,0.0003999999999999999,9.999999999999998e-05,0.0002999999999999999,99999.99999999997,8.342916964161064e-06,-0.0031825688977714242,-0.003482568897771424,-0.003482568897771424,-0.003490911814735585,-30.825688977714243,0.9999999999999998,2.999999999999999,0.08342916964161065,-34.909118147355855,True,False
2022-10-28,31958.012207072785,249999999.99999997,124999999.99999999,124999999.99999997,1984.1269841269836,86,86,172,14,0.08139534883720931,0.05,0.9999999999999999,0.9999999999999999,0.9999999999999999,1.9999999999999998,0.00012783204882829113,0.00039999999999999996,9.999999999999999e-05,0.0002999999999999999,99999.99999999999,7.936507936507934e-06,2.7832048828291142e-05,-0.0002721679511717088,-0.0002721679511717088,-0.00028010445910821676,1.2783204882829113,0.9999999999999999,2.999999999999999,0.07936507936507935,-2.8010445910821677,True,False
2022-10-31,2757085.8158985283,249999999.9999999,124999999.99999993,124999999.99999991,2071.891715714284,85,85,170,14,0.08235294117647059,0.05,0.9999999999999997,0.9999999999999997,0.9999999999999997,1.9999999999999993,0.011028343263594113,0.0003999999999999999,9.999999999999998e-05,0.00029999999999999987,99999.99999999997,8.287566862857136e-06,0.010928343263594114,0.010628343263594114,0.010628343263594114,0.010620055696731256,110.28343263594112,0.9999999999999998,2.9999999999999987,0.08287566862857136,106.20055696731256,True,False
2022-11-01,755392.3269303653,249999999.99999988,124999999.99999997,124999999.99999993,1984.1269841269827,76,76,152,17,0.1118421052631579,0.05000000000000001,0.9999999999999996,0.9999999999999996,0.9999999999999996,1.9999999999999991,0.003021569307721461,0.00039999999999999986,9.999999999999996e-05,0.00029999999999999987,99999.99999999997,7.936507936507931e-06,0.0029215693077214613,0.0026215693077214614,0.0026215693077214614,0.0026136327997849534,30.21569307721461,0.9999999999999997,2.9999999999999987,0.0793650793650793,26.136327997849534,True,False
2022-11-02,-768164.0847498626,249999999.99999988,124999999.99999994,124999999.99999993,1984.126984126983,76,76,152,15,0.09868421052631579,0.05000000000000001,0.9999999999999996,0.9999999999999996,0.9999999999999996,1.9999999999999991,-0.00307265633899945,0.00039999999999999986,9.999999999999996e-05,0.00029999999999999987,99999.99999999997,7.936507936507931e-06,-0.00317265633899945,-0.00347265633899945,-0.00347265633899945,-0.003480592846935958,-30.7265633899945,0.9999999999999997,2.9999999999999987,0.0793650793650793,-34.80592846935958,True,False
2022-11-03,1932561.1626086072,250000000.0,125000000.00000003,125000000.0,2086.799346620842,81,81,162,14,0.08641975308641975,0.049999999999999996,1.0,1.0,1.0,2.0,0.007730244650434429,0.0004,0.0001,0.0003,100000.0,8.347197386483367e-06,0.007630244650434429,0.007330244650434429,0.007330244650434429,0.0073218974530479455,77.30244650434429,1.0,2.9999999999999996,0.08347197386483367,73.21897453047946,True,False
2022-11-04,708905.0166571633,250000000.0,124999999.99999997,125000000.0,1984.126984126984,88,88,176,14,0.07954545454545454,0.05000000000000001,1.0,1.0,1.0,2.0,0.002835620066628653,0.0004,0.0001,0.0003,100000.0,7.936507936507936e-06,0.0027356200666286534,0.0024356200666286534,0.0024356200666286534,0.0024276835586921454,28.356200666286533,1.0,2.9999999999999996,0.07936507936507936,24.276835586921454,True,False
2022-11-07,663083.938663254,249999999.99999994,124999999.99999999,124999999.99999997,1984.1269841269834,92,92,184,8,0.043478260869565216,0.05,0.9999999999999998,0.9999999999999998,0.9999999999999998,1.9999999999999996,0.0026523357546530163,0.0003999999999999999,9.999999999999998e-05,0.0002999999999999999,99999.99999999997,7.936507936507934e-06,0.0025523357546530165,0.0022523357546530166,0.0022523357546530166,0.0022443992467165086,26.523357546530164,0.9999999999999998,2.999999999999999,0.07936507936507935,22.443992467165085,True,False
2022-11-08,-1304165.672944941,249999999.99999997,124999999.99999994,124999999.99999999,1984.1269841269839,91,91,182,9,0.04945054945054945,0.05,0.9999999999999999,0.9999999999999999,0.9999999999999999,1.9999999999999998,-0.005216662691779764,0.00039999999999999996,9.999999999999999e-05,0.0002999999999999999,99999.99999999999,7.936507936507936e-06,-0.005316662691779764,-0.005616662691779764,-0.005616662691779764,-0.005624599199716272,-52.16662691779764,0.9999999999999999,2.999999999999999,0.07936507936507936,-56.245991997162726,True,False
2022-11-09,4257194.948401955,249999999.99999997,125000000.0,124999999.99999997,1984.1269841269839,94,94,188,8,0.0425531914893617,0.05000000000000001,0.9999999999999999,0.9999999999999999,0.9999999999999999,1.9999999999999998,0.01702877979360782,0.00039999999999999996,9.999999999999999e-05,0.0002999999999999999,99999.99999999999,7.936507936507936e-06,0.01692877979360782,0.01662877979360782,0.01662877979360782,0.016620843285671313,170.2877979360782,0.9999999999999999,2.999999999999999,0.07936507936507936,166.20843285671313,True,False
2022-11-10,455683.98706687643,249999999.99999997,124999999.99999997,124999999.99999999,1984.1269841269839,97,97,194,5,0.02577319587628866,0.04999999999999999,0.9999999999999999,0.9999999999999999,0.9999999999999999,1.9999999999999998,0.0018227359482675058,0.00039999999999999996,9.999999999999999e-05,0.0002999999999999999,99999.99999999999,7.936507936507936e-06,0.0017227359482675057,0.0014227359482675058,0.0014227359482675058,0.0014147994403309978,18.22735948267506,0.9999999999999999,2.999999999999999,0.07936507936507936,14.147994403309978,True,False
2022-11-11,-1213303.933965448,249999999.99999997,125000000.00000003,124999999.99999999,1984.1269841269839,98,98,196,9,0.04591836734693878,0.049999999999999996,0.9999999999999999,0.9999999999999999,0.9999999999999999,1.9999999999999998,-0.004853215735861793,0.00039999999999999996,9.999999999999999e-05,0.0002999999999999999,99999.99999999999,7.936507936507936e-06,-0.004953215735861793,-0.005253215735861793,-0.005253215735861793,-0.005261152243798301,-48.53215735861793,0.9999999999999999,2.999999999999999,0.07936507936507936,-52.611522437983005,True,False
2022-11-14,3214797.1382831116,250000000.0,124999999.99999997,124999999.99999999,1984.126984126984,98,98,196,6,0.030612244897959183,0.05,1.0,1.0,1.0,2.0,0.012859188553132447,0.0004,0.0001,0.0003,100000.0,7.936507936507936e-06,0.012759188553132447,0.012459188553132447,0.012459188553132447,0.01245125204519594,128.59188553132446,1.0,2.9999999999999996,0.07936507936507936,124.5125204519594,True,False
2022-11-15,-2145522.5385852307,249999999.99999997,125000000.0,124999999.99999999,1984.1269841269836,97,97,194,2,0.010309278350515464,0.049999999999999996,0.9999999999999999,0.9999999999999999,0.9999999999999999,1.9999999999999998,-0.008582090154340923,0.00039999999999999996,9.999999999999999e-05,0.0002999999999999999,99999.99999999999,7.936507936507934e-06,-0.008682090154340922,-0.008982090154340922,-0.008982090154340922,-0.008990026662277429,-85.82090154340922,0.9999999999999999,2.999999999999999,0.07936507936507935,-89.9002666227743,True,False
2022-11-16,-2250837.9587321496,250000000.0,125000000.00000001,125000000.0,1984.126984126984,97,97,194,5,0.02577319587628866,0.04999999999999999,1.0,1.0,1.0,2.0,-0.009003351834928598,0.0004,0.0001,0.0003,100000.0,7.936507936507936e-06,-0.009103351834928598,-0.009403351834928598,-0.009403351834928598,-0.009411288342865105,-90.03351834928598,1.0,2.9999999999999996,0.07936507936507936,-94.11288342865105,True,False
2022-11-17,1007541.8726954401,250000000.00000003,125000000.00000001,125000000.0,1984.1269841269843,97,97,194,3,0.015463917525773196,0.049999999999999996,1.0000000000000002,1.0000000000000002,1.0000000000000002,2.0000000000000004,0.00403016749078176,0.00040000000000000013,0.00010000000000000003,0.00030000000000000003,100000.00000000003,7.936507936507938e-06,0.00393016749078176,0.00363016749078176,0.00363016749078176,0.003622230982845252,40.3016749078176,1.0000000000000002,3.0000000000000004,0.07936507936507937,36.22230982845252,True,False
2022-11-18,-1532760.5772739246,250000000.00000006,125000000.0,125000000.00000003,1984.1269841269848,97,97,194,2,0.010309278350515464,0.05,1.0000000000000002,1.0000000000000002,1.0000000000000002,2.0000000000000004,-0.006131042309095698,0.00040000000000000013,0.00010000000000000003,0.00030000000000000003,100000.00000000003,7.93650793650794e-06,-0.006231042309095699,-0.006531042309095699,-0.006531042309095699,-0.006538978817032207,-61.31042309095699,1.0000000000000002,3.0000000000000004,0.0793650793650794,-65.38978817032206,True,False
2022-11-21,-192461.64465462827,250000000.0,125000000.0,125000000.00000001,1984.1269841269846,97,97,194,4,0.020618556701030927,0.049999999999999996,1.0,1.0,1.0,2.0,-0.000769846578618513,0.0004,0.0001,0.0003,100000.0,7.936507936507938e-06,-0.0008698465786185131,-0.0011698465786185131,-0.0011698465786185131,-0.0011777830865550211,-7.698465786185131,1.0,2.9999999999999996,0.07936507936507937,-11.77783086555021,True,False
2022-11-22,95248.32514004166,249999999.99999994,125000000.00000001,124999999.99999996,1984.1269841269834,97,97,194,3,0.015463917525773196,0.04999999999999999,0.9999999999999998,0.9999999999999998,0.9999999999999998,1.9999999999999996,0.00038099330056016664,0.0003999999999999999,9.999999999999998e-05,0.0002999999999999999,99999.99999999997,7.936507936507934e-06,0.00028099330056016665,-1.900669943983327e-05,-1.900669943983327e-05,-2.6943207376341203e-05,3.8099330056016663,0.9999999999999998,2.999999999999999,0.07936507936507935,-0.26943207376341205,True,False
2022-11-23,-880494.0922143202,250000000.00000003,125000000.00000003,125000000.0,1984.126984126984,99,99,198,5,0.025252525252525252,0.049999999999999996,1.0000000000000002,1.0000000000000002,1.0000000000000002,2.0000000000000004,-0.0035219763688572807,0.00040000000000000013,0.00010000000000000003,0.00030000000000000003,100000.00000000003,7.936507936507936e-06,-0.0036219763688572805,-0.00392197636885728,-0.00392197636885728,-0.003929912876793788,-35.219763688572804,1.0000000000000002,3.0000000000000004,0.07936507936507936,-39.29912876793789,True,False
2022-11-25,-473120.19656852155,249999999.99999997,124999999.99999997,124999999.99999996,1984.1269841269839,99,99,198,9,0.045454545454545456,0.04999999999999998,0.9999999999999999,0.9999999999999999,0.9999999999999999,1.9999999999999998,-0.0018924807862740862,0.00039999999999999996,9.999999999999999e-05,0.0002999999999999999,99999.99999999999,7.936507936507936e-06,-0.0019924807862740862,-0.002292480786274086,-0.002292480786274086,-0.002300417294210594,-18.924807862740863,0.9999999999999999,2.999999999999999,0.07936507936507936,-23.004172942105942,True,False
2022-11-28,688393.5386863921,250000000.00000003,124999999.99999999,125000000.00000001,2066.231646142139,98,98,196,5,0.025510204081632654,0.05,1.0000000000000002,1.0000000000000002,1.0000000000000002,2.0000000000000004,0.0027535741547455683,0.00040000000000000013,0.00010000000000000003,0.00030000000000000003,100000.00000000003,8.264926584568557e-06,0.0026535741547455685,0.0023535741547455686,0.0023535741547455686,0.002345309228161,27.535741547455682,1.0000000000000002,3.0000000000000004,0.08264926584568558,23.45309228161,True,False
2022-11-29,386544.0554342481,250000000.0,125000000.0,125000000.00000001,1984.1269841269843,97,97,194,8,0.041237113402061855,0.049999999999999996,1.0,1.0,1.0,2.0,0.0015461762217369925,0.0004,0.0001,0.0003,100000.0,7.936507936507938e-06,0.0014461762217369925,0.0011461762217369925,0.0011461762217369925,0.0011382397138004845,15.461762217369925,1.0,2.9999999999999996,0.07936507936507937,11.382397138004846,True,False
2022-11-30,-480288.8872465457,250000000.00000003,125000000.0,125000000.00000001,1984.1269841269846,97,97,194,8,0.041237113402061855,0.049999999999999996,1.0000000000000002,1.0000000000000002,1.0000000000000002,2.0000000000000004,-0.0019211555489861828,0.00040000000000000013,0.00010000000000000003,0.00030000000000000003,100000.00000000003,7.936507936507938e-06,-0.0020211555489861826,-0.0023211555489861826,-0.0023211555489861826,-0.0023290920569226906,-19.211555489861826,1.0000000000000002,3.0000000000000004,0.07936507936507937,-23.290920569226905,True,False
2022-12-01,-1696892.650496008,250000000.0,125000000.0,125000000.0,1984.1269841269843,98,98,196,8,0.04081632653061224,0.05000000000000001,1.0,1.0,1.0,2.0,-0.006787570601984033,0.0004,0.0001,0.0003,100000.0,7.936507936507938e-06,-0.006887570601984033,-0.007187570601984033,-0.007187570601984033,-0.007195507109920541,-67.87570601984032,1.0,2.9999999999999996,0.07936507936507937,-71.95507109920541,True,False
2022-12-02,75392.45804746466,250000000.0,125000000.00000004,124999999.99999999,1984.1269841269839,99,99,198,11,0.05555555555555555,0.04999999999999999,1.0,1.0,1.0,2.0,0.00030156983218985865,0.0004,0.0001,0.0003,100000.0,7.936507936507936e-06,0.00020156983218985866,-9.843016781014132e-05,-9.843016781014132e-05,-0.00010636667574664925,3.0156983218985864,1.0,2.9999999999999996,0.07936507936507936,-1.0636667574664924,True,False
2022-12-05,-84732.55859457963,249999999.99999994,125000000.00000003,124999999.99999996,1984.1269841269836,98,98,196,12,0.061224489795918366,0.049999999999999996,0.9999999999999998,0.9999999999999998,0.9999999999999998,1.9999999999999996,-0.00033893023437831855,0.0003999999999999999,9.999999999999998e-05,0.0002999999999999999,99999.99999999997,7.936507936507934e-06,-0.00043893023437831854,-0.0007389302343783185,-0.0007389302343783185,-0.0007468667423148264,-3.3893023437831853,0.9999999999999998,2.999999999999999,0.07936507936507935,-7.468667423148264,True,False
2022-12-06,-388184.5145153807,250000000.0,125000000.00000003,125000000.00000001,1984.1269841269846,98,98,196,12,0.061224489795918366,0.05,1.0,1.0,1.0,2.0,-0.001552738058061523,0.0004,0.0001,0.0003,100000.0,7.936507936507938e-06,-0.001652738058061523,-0.001952738058061523,-0.001952738058061523,-0.001960674565998031,-15.52738058061523,1.0,2.9999999999999996,0.07936507936507937,-19.60674565998031,True,False
2022-12-07,771303.307450659,249999999.99999994,125000000.00000001,124999999.99999999,1984.1269841269839,97,97,194,9,0.04639175257731959,0.04999999999999999,0.9999999999999998,0.9999999999999998,0.9999999999999998,1.9999999999999996,0.003085213229802636,0.0003999999999999999,9.999999999999998e-05,0.0002999999999999999,99999.99999999997,7.936507936507936e-06,0.002985213229802636,0.0026852132298026362,0.0026852132298026362,0.002677276721866128,30.85213229802636,0.9999999999999998,2.999999999999999,0.07936507936507936,26.772767218661283,True,False
2022-12-08,-536525.2648698943,250000000.0,125000000.0,125000000.0,2066.2102161729654,98,98,196,8,0.04081632653061224,0.049999999999999996,1.0,1.0,1.0,2.0,-0.002146101059479577,0.0004,0.0001,0.0003,100000.0,8.264840864691862e-06,-0.002246101059479577,-0.002546101059479577,-0.002546101059479577,-0.0025543659003442686,-21.46101059479577,1.0,2.9999999999999996,0.08264840864691862,-25.543659003442688,True,False
2022-12-09,-395880.40256215056,250000000.0,124999999.99999999,125000000.00000003,2026.4003431746034,98,98,196,10,0.05102040816326531,0.05,1.0,1.0,1.0,2.0,-0.0015835216102486021,0.0004,0.0001,0.0003,100000.0,8.105601372698414e-06,-0.0016835216102486022,-0.0019835216102486023,-0.0019835216102486023,-0.001991627211621301,-15.835216102486022,1.0,2.9999999999999996,0.08105601372698414,-19.91627211621301,True,False
2022-12-12,4211564.91773546,250000000.0,124999999.99999997,125000000.00000003,2024.2609798412702,99,99,198,11,0.05555555555555555,0.05000000000000001,1.0,1.0,1.0,2.0,0.01684625967094184,0.0004,0.0001,0.0003,100000.0,8.097043919365082e-06,0.01674625967094184,0.016446259670941838,0.016446259670941838,0.01643816262702247,168.4625967094184,1.0,2.9999999999999996,0.08097043919365082,164.3816262702247,True,False
2022-12-13,-435225.25518621044,250000000.0,124999999.99999997,124999999.99999997,2022.6323950793644,99,99,198,12,0.06060606060606061,0.05,1.0,1.0,1.0,2.0,-0.0017409010207448418,0.0004,0.0001,0.0003,100000.0,8.090529580317457e-06,-0.0018409010207448419,-0.002140901020744842,-0.002140901020744842,-0.0021489915503251594,-17.409010207448418,1.0,2.9999999999999996,0.08090529580317457,-21.489915503251595,True,False
2022-12-14,-1355621.1004885104,249999999.99999994,124999999.99999996,125000000.0,2023.8526912698412,99,99,198,15,0.07575757575757576,0.04999999999999999,0.9999999999999998,0.9999999999999998,0.9999999999999998,1.9999999999999996,-0.005422484401954042,0.0003999999999999999,9.999999999999998e-05,0.0002999999999999999,99999.99999999997,8.095410765079365e-06,-0.005522484401954042,-0.005822484401954042,-0.005822484401954042,-0.005830579812719122,-54.22484401954042,0.9999999999999998,2.999999999999999,0.08095410765079365,-58.30579812719122,True,False
2022-12-15,-305498.40724297555,250000000.00000003,125000000.00000001,125000000.00000001,2022.4463731746037,99,99,198,15,0.07575757575757576,0.05000000000000001,1.0000000000000002,1.0000000000000002,1.0000000000000002,2.0000000000000004,-0.0012219936289719021,0.00040000000000000013,0.00010000000000000003,0.00030000000000000003,100000.00000000003,8.089785492698415e-06,-0.0013219936289719022,-0.0016219936289719023,-0.0016219936289719023,-0.0016300834144646007,-12.219936289719021,1.0000000000000002,3.0000000000000004,0.08089785492698415,-16.300834144646007,True,False
2022-12-16,134529.23428046703,250000000.0,124999999.99999996,125000000.00000001,2105.275434032228,99,99,198,13,0.06565656565656566,0.05,1.0,1.0,1.0,2.0,0.0005381169371218681,0.0004,0.0001,0.0003,100000.0,8.421101736128912e-06,0.0004381169371218681,0.00013811693712186815,0.00013811693712186815,0.00012969583538573925,5.381169371218681,1.0,2.9999999999999996,0.08421101736128912,1.2969583538573926,True,False
2022-12-19,-904687.4632466249,250000000.0,125000000.0,125000000.0,2105.7120220902666,99,99,198,10,0.050505050505050504,0.049999999999999996,1.0,1.0,1.0,2.0,-0.0036187498529864997,0.0004,0.0001,0.0003,100000.0,8.422848088361066e-06,-0.0037187498529864995,-0.004018749852986499,-0.004018749852986499,-0.00402717270107486,-36.187498529864996,1.0,2.9999999999999996,0.08422848088361065,-40.271727010748606,True,False
2022-12-20,188270.65470787167,249999999.99999997,124999999.99999996,125000000.0,2024.7917914285715,98,98,196,10,0.05102040816326531,0.05,0.9999999999999999,0.9999999999999999,0.9999999999999999,1.9999999999999998,0.0007530826188314867,0.00039999999999999996,9.999999999999999e-05,0.0002999999999999999,99999.99999999999,8.099167165714286e-06,0.0006530826188314866,0.0003530826188314867,0.0003530826188314867,0.0003449834516657724,7.530826188314867,0.9999999999999999,2.999999999999999,0.08099167165714287,3.4498345166577242,True,False
2022-12-21,-1237770.412766955,250000000.0,124999999.99999999,125000000.00000003,2025.107348571429,99,99,198,11,0.05555555555555555,0.049999999999999996,1.0,1.0,1.0,2.0,-0.004951081651067821,0.0004,0.0001,0.0003,100000.0,8.100429394285716e-06,-0.005051081651067821,-0.005351081651067821,-0.005351081651067821,-0.005359182080462106,-49.510816510678204,1.0,2.9999999999999996,0.08100429394285716,-53.591820804621065,True,False
2022-12-22,-257656.62823111963,250000000.00000003,124999999.99999997,125000000.00000001,2023.2604192063495,99,99,198,9,0.045454545454545456,0.049999999999999996,1.0000000000000002,1.0000000000000002,1.0000000000000002,2.0000000000000004,-0.0010306265129244785,0.00040000000000000013,0.00010000000000000003,0.00030000000000000003,100000.00000000003,8.093041676825397e-06,-0.0011306265129244785,-0.0014306265129244784,-0.0014306265129244784,-0.0014387195546013039,-10.306265129244785,1.0000000000000002,3.0000000000000004,0.08093041676825398,-14.38719554601304,True,False
2022-12-23,-672165.7708762493,250000000.0,124999999.99999994,125000000.00000003,2103.796956352448,99,99,198,5,0.025252525252525252,0.05,1.0,1.0,1.0,2.0,-0.002688663083504997,0.0004,0.0001,0.0003,100000.0,8.415187825409792e-06,-0.002788663083504997,-0.003088663083504997,-0.003088663083504997,-0.0030970782713304066,-26.88663083504997,1.0,2.9999999999999996,0.08415187825409792,-30.970782713304065,True,False
2022-12-27,-664456.3940331482,250000000.0,125000000.00000001,125000000.00000003,2022.759455555556,99,99,198,7,0.03535353535353535,0.049999999999999996,1.0,1.0,1.0,2.0,-0.0026578255761325925,0.0004,0.0001,0.0003,100000.0,8.091037822222224e-06,-0.0027578255761325924,-0.0030578255761325923,-0.0030578255761325923,-0.0030659166139548146,-26.578255761325924,1.0,2.9999999999999996,0.08091037822222225,-30.659166139548148,True,False
2022-12-28,923348.3156943629,250000000.00000006,124999999.99999999,125000000.00000003,1984.1269841269846,99,99,198,9,0.045454545454545456,0.049999999999999996,1.0000000000000002,1.0000000000000002,1.0000000000000002,2.0000000000000004,0.0036933932627774514,0.00040000000000000013,0.00010000000000000003,0.00030000000000000003,100000.00000000003,7.936507936507938e-06,0.0035933932627774516,0.0032933932627774516,0.0032933932627774516,0.0032854567548409436,36.93393262777452,1.0000000000000002,3.0000000000000004,0.07936507936507937,32.854567548409435,True,False
2022-12-29,-1499713.4388192615,250000000.0,125000000.00000003,125000000.0,1984.1269841269843,99,99,198,6,0.030303030303030304,0.04999999999999999,1.0,1.0,1.0,2.0,-0.005998853755277046,0.0004,0.0001,0.0003,100000.0,7.936507936507938e-06,-0.006098853755277046,-0.006398853755277046,-0.006398853755277046,-0.006406790263213554,-59.98853755277046,1.0,2.9999999999999996,0.07936507936507937,-64.06790263213554,True,False
2022-12-30,1831397.7226710392,249999999.99999997,125000000.00000001,124999999.99999999,1984.126984126984,94,94,188,10,0.05319148936170213,0.049999999999999996,0.9999999999999999,0.9999999999999999,0.9999999999999999,1.9999999999999998,0.0073255908906841565,0.00039999999999999996,9.999999999999999e-05,0.0002999999999999999,99999.99999999999,7.936507936507936e-06,0.007225590890684156,0.006925590890684156,0.006925590890684156,0.006917654382747648,73.25590890684157,0.9999999999999999,2.999999999999999,0.07936507936507936,69.17654382747648,True,False
2023-01-03,-95649.16549543192,250000000.00000003,125000000.0,125000000.0,4333.671121685127,98,98,196,24,0.12244897959183673,0.05000000000000001,1.0000000000000002,1.0000000000000002,1.0000000000000002,2.0000000000000004,-0.0003825966619817277,0.00040000000000000013,0.00010000000000000003,0.00030000000000000003,100000.00000000003,1.733468448674051e-05,-0.00048259666198172775,-0.0007825966619817278,-0.0007825966619817278,-0.0007999313464684683,-3.825966619817277,1.0000000000000002,3.0000000000000004,0.1733468448674051,-7.9993134646846835,True,False
2023-01-04,-504424.76308024424,250000000.0,124999999.99999999,125000000.00000001,2697.4405429992753,98,98,196,22,0.11224489795918367,0.05000000000000001,1.0,1.0,1.0,2.0,-0.002017699052320977,0.0004,0.0001,0.0003,100000.0,1.0789762171997101e-05,-0.0021176990523209768,-0.0024176990523209767,-0.0024176990523209767,-0.002428488814492974,-20.17699052320977,1.0,2.9999999999999996,0.10789762171997101,-24.284888144929738,True,False
2023-01-05,-222106.87943096674,249999999.99999997,124999999.99999999,124999999.99999999,3174.7257201768252,98,98,196,13,0.0663265306122449,0.049999999999999996,0.9999999999999999,0.9999999999999999,0.9999999999999999,1.9999999999999998,-0.0008884275177238669,0.00039999999999999996,9.999999999999999e-05,0.0002999999999999999,99999.99999999999,1.2698902880707301e-05,-0.0009884275177238669,-0.0012884275177238668,-0.0012884275177238668,-0.001301126420604574,-8.884275177238669,0.9999999999999999,2.999999999999999,0.12698902880707302,-13.011264206045741,True,False
2023-01-06,1180687.91915789,250000000.00000003,124999999.99999999,125000000.00000001,3717.294435331206,99,99,198,16,0.08080808080808081,0.049999999999999996,1.0000000000000002,1.0000000000000002,1.0000000000000002,2.0000000000000004,0.00472275167663156,0.00040000000000000013,0.00010000000000000003,0.00030000000000000003,100000.00000000003,1.4869177741324823e-05,0.004622751676631559,0.0043227516766315595,0.0043227516766315595,0.0043078824988902345,47.227516766315595,1.0000000000000002,3.0000000000000004,0.14869177741324824,43.07882498890235,True,False
2023-01-09,-198552.6097474391,250000000.0,124999999.99999999,125000000.0,3317.572923039397,99,99,198,34,0.1717171717171717,0.049999999999999996,1.0,1.0,1.0,2.0,-0.0007942104389897564,0.0004,0.0001,0.0003,100000.0,1.3270291692157589e-05,-0.0008942104389897564,-0.0011942104389897565,-0.0011942104389897565,-0.001207480730681914,-7.942104389897564,1.0,2.9999999999999996,0.13270291692157588,-12.07480730681914,True,False
2023-01-10,198436.97705819993,250000000.0,124999999.99999997,125000000.0,4040.1212535079367,99,99,198,13,0.06565656565656566,0.04999999999999999,1.0,1.0,1.0,2.0,0.0007937479082327998,0.0004,0.0001,0.0003,100000.0,1.6160485014031746e-05,0.0006937479082327997,0.00039374790823279974,0.00039374790823279974,0.000377587423218768,7.9374790823279975,1.0,2.9999999999999996,0.16160485014031745,3.77587423218768,True,False
2023-01-11,327668.6321649465,250000000.0,125000000.00000004,125000000.0,3371.880974841129,99,99,198,19,0.09595959595959595,0.049999999999999996,1.0,1.0,1.0,2.0,0.001310674528659786,0.0004,0.0001,0.0003,100000.0,1.3487523899364517e-05,0.001210674528659786,0.0009106745286597861,0.0009106745286597861,0.0008971870047604216,13.10674528659786,1.0,2.9999999999999996,0.13487523899364517,8.971870047604217,True,False
2023-01-12,-549616.6576353135,250000000.0,124999999.99999999,124999999.99999999,3675.869978035575,98,98,196,14,0.07142857142857142,0.05,1.0,1.0,1.0,2.0,-0.002198466630541254,0.0004,0.0001,0.0003,100000.0,1.47034799121423e-05,-0.0022984666305412536,-0.0025984666305412536,-0.0025984666305412536,-0.0026131701104533957,-21.98466630541254,1.0,2.9999999999999996,0.147034799121423,-26.131701104533956,True,False
2023-01-13,137873.22089458664,250000000.0,125000000.00000001,125000000.0,2868.1657629635347,98,98,196,25,0.12755102040816327,0.05000000000000001,1.0,1.0,1.0,2.0,0.0005514928835783466,0.0004,0.0001,0.0003,100000.0,1.1472663051854139e-05,0.00045149288357834656,0.0001514928835783466,0.0001514928835783466,0.00014002022052649244,5.514928835783466,1.0,2.9999999999999996,0.11472663051854139,1.4002022052649243,True,False
2023-01-17,1087814.9679128914,249999999.99999997,124999999.99999997,124999999.99999997,2709.1866796803247,97,97,194,12,0.061855670103092786,0.04999999999999998,0.9999999999999999,0.9999999999999999,0.9999999999999999,1.9999999999999998,0.004351259871651566,0.00039999999999999996,9.999999999999999e-05,0.0002999999999999999,99999.99999999999,1.08367467187213e-05,0.0042512598716515655,0.0039512598716515655,0.0039512598716515655,0.003940423124932845,43.512598716515654,0.9999999999999999,2.999999999999999,0.10836746718721299,39.40423124932845,True,False
2023-01-18,-779315.3055572129,249999999.99999988,124999999.99999994,124999999.99999993,3224.2787429315,96,96,192,19,0.09895833333333333,0.05,0.9999999999999996,0.9999999999999996,0.9999999999999996,1.9999999999999991,-0.0031172612222288517,0.00039999999999999986,9.999999999999996e-05,0.00029999999999999987,99999.99999999997,1.2897114971726e-05,-0.0032172612222288515,-0.0035172612222288515,-0.0035172612222288515,-0.0035301583372005776,-31.172612222288517,0.9999999999999997,2.9999999999999987,0.12897114971726,-35.30158337200577,True,False
2023-01-19,422142.00575305574,249999999.99999994,124999999.99999996,124999999.99999994,3133.56089400238,96,96,192,30,0.15625,0.05,0.9999999999999998,0.9999999999999998,0.9999999999999998,1.9999999999999996,0.0016885680230122229,0.0003999999999999999,9.999999999999998e-05,0.0002999999999999999,99999.99999999997,1.253424357600952e-05,0.0015885680230122228,0.001288568023012223,0.001288568023012223,0.0012760337794362135,16.88568023012223,0.9999999999999998,2.999999999999999,0.12534243576009518,12.760337794362135,True,False
2023-01-20,561467.3582317325,249999999.99999994,125000000.0,124999999.99999997,3173.2841190705926,96,96,192,21,0.109375,0.05000000000000001,0.9999999999999998,0.9999999999999998,0.9999999999999998,1.9999999999999996,0.00224586943292693,0.0003999999999999999,9.999999999999998e-05,0.0002999999999999999,99999.99999999997,1.269313647628237e-05,0.0021458694329269303,0.0018458694329269304,0.0018458694329269304,0.001833176296450648,22.458694329269303,0.9999999999999998,2.999999999999999,0.12693136476282368,18.33176296450648,True,False
2023-01-23,-586880.7662696673,249999999.9999999,124999999.99999996,124999999.99999997,3607.7385128658184,95,95,190,17,0.08947368421052632,0.04999999999999999,0.9999999999999997,0.9999999999999997,0.9999999999999997,1.9999999999999993,-0.0023475230650786692,0.0003999999999999999,9.999999999999998e-05,0.00029999999999999987,99999.99999999997,1.4430954051463274e-05,-0.002447523065078669,-0.002747523065078669,-0.002747523065078669,-0.0027619540191301324,-23.475230650786692,0.9999999999999998,2.9999999999999987,0.14430954051463274,-27.619540191301326,True,False
2023-01-24,-1186262.9266370963,249999999.99999997,124999999.99999997,124999999.99999999,3037.8088427817456,90,90,180,25,0.1388888888888889,0.04999999999999999,0.9999999999999999,0.9999999999999999,0.9999999999999999,1.9999999999999998,-0.004745051706548385,0.00039999999999999996,9.999999999999999e-05,0.0002999999999999999,99999.99999999999,1.2151235371126983e-05,-0.004845051706548385,-0.005145051706548385,-0.005145051706548385,-0.0051572029419195125,-47.45051706548385,0.9999999999999999,2.999999999999999,0.12151235371126984,-51.572029419195125,True,False
2023-01-25,1313570.4838007146,249999999.99999994,124999999.99999991,124999999.99999999,3408.4537350076266,89,89,178,25,0.1404494382022472,0.05,0.9999999999999998,0.9999999999999998,0.9999999999999998,1.9999999999999996,0.005254281935202858,0.0003999999999999999,9.999999999999998e-05,0.0002999999999999999,99999.99999999997,1.3633814940030507e-05,0.005154281935202858,0.004854281935202858,0.004854281935202858,0.004840648120262828,52.54281935202858,0.9999999999999998,2.999999999999999,0.13633814940030506,48.40648120262828,True,False
2023-01-26,-342436.0810605472,249999999.99999994,124999999.99999994,124999999.99999996,3025.052437909579,92,92,184,30,0.16304347826086957,0.05,0.9999999999999998,0.9999999999999998,0.9999999999999998,1.9999999999999996,-0.0013697443242421889,0.0003999999999999999,9.999999999999998e-05,0.0002999999999999999,99999.99999999997,1.2100209751638316e-05,-0.001469744324242189,-0.0017697443242421888,-0.0017697443242421888,-0.0017818445339938271,-13.697443242421889,0.9999999999999998,2.999999999999999,0.12100209751638316,-17.818445339938272,True,False
2023-01-27,-1040366.3244364368,249999999.99999997,124999999.99999999,124999999.99999996,3334.8651957309744,93,93,186,18,0.0967741935483871,0.04999999999999999,0.9999999999999999,0.9999999999999999,0.9999999999999999,1.9999999999999998,-0.004161465297745747,0.00039999999999999996,9.999999999999999e-05,0.0002999999999999999,99999.99999999999,1.3339460782923897e-05,-0.004261465297745747,-0.004561465297745747,-0.004561465297745747,-0.004574804758528671,-41.61465297745747,0.9999999999999999,2.999999999999999,0.13339460782923898,-45.74804758528671,True,False
2023-01-30,10196.960848728286,250000000.00000003,124999999.99999999,125000000.00000003,3626.341838360852,93,93,186,23,0.12365591397849462,0.049999999999999996,1.0000000000000002,1.0000000000000002,1.0000000000000002,2.0000000000000004,4.078784339491314e-05,0.00040000000000000013,0.00010000000000000003,0.00030000000000000003,100000.00000000003,1.4505367353443408e-05,-5.921215660508689e-05,-0.0003592121566050869,-0.0003592121566050869,-0.0003737175239585303,0.4078784339491314,1.0000000000000002,3.0000000000000004,0.14505367353443407,-3.737175239585303,True,False
2023-01-31,27256.61996098722,249999999.99999994,124999999.99999997,124999999.99999999,2892.3212669301492,86,86,172,35,0.20348837209302326,0.05,0.9999999999999998,0.9999999999999998,0.9999999999999998,1.9999999999999996,0.00010902647984394889,0.0003999999999999999,9.999999999999998e-05,0.0002999999999999999,99999.99999999997,1.1569285067720598e-05,9.026479843948909e-06,-0.000290973520156051,-0.000290973520156051,-0.0003025428052237716,1.0902647984394889,0.9999999999999998,2.999999999999999,0.11569285067720597,-3.025428052237716,True,False
2023-02-01,1242412.18258612,249999999.99999994,124999999.99999996,124999999.99999994,3103.4155337240272,86,86,172,30,0.1744186046511628,0.05000000000000001,0.9999999999999998,0.9999999999999998,0.9999999999999998,1.9999999999999996,0.00496964873034448,0.0003999999999999999,9.999999999999998e-05,0.0002999999999999999,99999.99999999997,1.241366213489611e-05,0.00486964873034448,0.00456964873034448,0.00456964873034448,0.0045572350682095844,49.696487303444805,0.9999999999999998,2.999999999999999,0.1241366213489611,45.572350682095845,True,False
2023-02-02,-1178590.4341352556,249999999.99999997,124999999.99999997,124999999.99999997,3558.9839947253436,88,88,176,29,0.16477272727272727,0.05000000000000001,0.9999999999999999,0.9999999999999999,0.9999999999999999,1.9999999999999998,-0.004714361736541023,0.00039999999999999996,9.999999999999999e-05,0.0002999999999999999,99999.99999999999,1.4235935978901374e-05,-0.004814361736541023,-0.005114361736541023,-0.005114361736541023,-0.005128597672519925,-47.14361736541023,0.9999999999999999,2.999999999999999,0.14235935978901373,-51.28597672519925,True,False
2023-02-03,-954836.719398793,250000000.0,124999999.99999999,125000000.0,2868.9624117631224,90,90,180,31,0.17222222222222222,0.05000000000000001,1.0,1.0,1.0,2.0,-0.003819346877595172,0.0004,0.0001,0.0003,100000.0,1.147584964705249e-05,-0.003919346877595172,-0.004219346877595172,-0.004219346877595172,-0.004230822727242224,-38.19346877595172,1.0,2.9999999999999996,0.1147584964705249,-42.30822727242224,True,False
2023-02-06,532034.9318692477,250000000.0,124999999.99999999,125000000.00000001,3090.605316886065,89,89,178,30,0.16853932584269662,0.05000000000000001,1.0,1.0,1.0,2.0,0.002128139727476991,0.0004,0.0001,0.0003,100000.0,1.236242126754426e-05,0.002028139727476991,0.001728139727476991,0.001728139727476991,0.0017157773062094468,21.28139727476991,1.0,2.9999999999999996,0.1236242126754426,17.157773062094467,True,False
2023-02-07,-131210.51907600887,249999999.99999994,124999999.99999997,124999999.99999999,3127.9217903642734,84,84,168,20,0.11904761904761904,0.05000000000000001,0.9999999999999998,0.9999999999999998,0.9999999999999998,1.9999999999999996,-0.0005248420763040355,0.0003999999999999999,9.999999999999998e-05,0.0002999999999999999,99999.99999999997,1.2511687161457094e-05,-0.0006248420763040355,-0.0009248420763040354,-0.0009248420763040354,-0.0009373537634654925,-5.248420763040356,0.9999999999999998,2.999999999999999,0.12511687161457094,-9.373537634654925,True,False
2023-02-08,848356.6832477759,249999999.99999994,124999999.99999996,124999999.99999996,3532.701377433224,85,85,170,31,0.18235294117647058,0.05,0.9999999999999998,0.9999999999999998,0.9999999999999998,1.9999999999999996,0.0033934267329911037,0.0003999999999999999,9.999999999999998e-05,0.0002999999999999999,99999.99999999997,1.4130805509732897e-05,0.003293426732991104,0.002993426732991104,0.002993426732991104,0.002979295927481371,33.93426732991104,0.9999999999999998,2.999999999999999,0.14130805509732897,29.79295927481371,True,False
2023-02-09,-962716.4971697436,250000000.0,125000000.0,124999999.99999999,3289.6499298258746,90,90,180,23,0.12777777777777777,0.05,1.0,1.0,1.0,2.0,-0.0038508659886789744,0.0004,0.0001,0.0003,100000.0,1.3158599719303498e-05,-0.003950865988678974,-0.004250865988678974,-0.004250865988678974,-0.004264024588398278,-38.508659886789744,1.0,2.9999999999999996,0.131585997193035,-42.64024588398278,True,False
2023-02-10,57934.771705087456,250000000.0,125000000.00000003,124999999.99999999,2569.1179036796257,93,93,186,21,0.11290322580645161,0.049999999999999996,1.0,1.0,1.0,2.0,0.00023173908682034983,0.0004,0.0001,0.0003,100000.0,1.0276471614718503e-05,0.0001317390868203498,-0.00016826091317965016,-0.00016826091317965016,-0.00017853738479436867,2.3173908682034985,1.0,2.9999999999999996,0.10276471614718503,-1.7853738479436867,True,False
2023-02-13,-675762.3103006567,249999999.99999994,125000000.0,124999999.99999999,2899.8172347795894,94,94,188,28,0.14893617021276595,0.05000000000000001,0.9999999999999998,0.9999999999999998,0.9999999999999998,1.9999999999999996,-0.002703049241202627,0.0003999999999999999,9.999999999999998e-05,0.0002999999999999999,99999.99999999997,1.1599268939118358e-05,-0.0028030492412026266,-0.0031030492412026265,-0.0031030492412026265,-0.003114648510141745,-27.030492412026266,0.9999999999999998,2.999999999999999,0.11599268939118358,-31.14648510141745,True,False
2023-02-14,37655.97426262246,249999999.99999997,124999999.99999997,124999999.99999999,2808.485816809975,88,88,176,19,0.10795454545454546,0.049999999999999996,0.9999999999999999,0.9999999999999999,0.9999999999999999,1.9999999999999998,0.00015062389705048984,0.00039999999999999996,9.999999999999999e-05,0.0002999999999999999,99999.99999999999,1.12339432672399e-05,5.0623897050489845e-05,-0.0002493761029495101,-0.0002493761029495101,-0.00026061004621675,1.5062389705048984,0.9999999999999999,2.999999999999999,0.112339432672399,-2.6061004621675,True,False
2023-02-15,-330390.9247093288,249999999.99999997,124999999.99999999,124999999.99999999,2964.702275956245,89,89,178,21,0.11797752808988764,0.05000000000000001,0.9999999999999999,0.9999999999999999,0.9999999999999999,1.9999999999999998,-0.0013215636988373153,0.00039999999999999996,9.999999999999999e-05,0.0002999999999999999,99999.99999999999,1.185880910382498e-05,-0.0014215636988373153,-0.0017215636988373152,-0.0017215636988373152,-0.0017334225079411402,-13.215636988373152,0.9999999999999999,2.999999999999999,0.11858809103824981,-17.334225079411404,True,False
2023-02-16,-734709.8602839025,250000000.0,125000000.0,125000000.0,5455.6028361671715,90,90,180,25,0.1388888888888889,0.05,1.0,1.0,1.0,2.0,-0.00293883944113561,0.0004,0.0001,0.0003,100000.0,2.1822411344668687e-05,-0.00303883944113561,-0.00333883944113561,-0.00333883944113561,-0.0033606618524802787,-29.388394411356103,1.0,2.9999999999999996,0.21822411344668688,-33.606618524802784,True,False
2023-02-17,-69681.6111677544,249999999.99999988,124999999.99999994,124999999.99999993,5032.071457025817,96,96,192,22,0.11458333333333333,0.049999999999999996,0.9999999999999996,0.9999999999999996,0.9999999999999996,1.9999999999999991,-0.0002787264446710176,0.00039999999999999986,9.999999999999996e-05,0.00029999999999999987,99999.99999999997,2.012828582810327e-05,-0.0003787264446710176,-0.0006787264446710174,-0.0006787264446710174,-0.0006988547304991207,-2.787264446710176,0.9999999999999997,2.9999999999999987,0.2012828582810327,-6.988547304991207,True,False
2023-02-21,60787.889139591534,250000000.0,124999999.99999999,125000000.0,5615.683532398308,90,90,180,25,0.1388888888888889,0.05000000000000001,1.0,1.0,1.0,2.0,0.00024315155655836614,0.0004,0.0001,0.0003,100000.0,2.246273412959323e-05,0.00014315155655836612,-0.00015684844344163385,-0.00015684844344163385,-0.00017931117757122707,2.4315155655836613,1.0,2.9999999999999996,0.2246273412959323,-1.7931117757122708,True,False
2023-02-22,783778.8522501139,250000000.00000006,125000000.00000003,125000000.00000004,5679.951140688473,87,87,174,25,0.14367816091954022,0.049999999999999996,1.0000000000000002,1.0000000000000002,1.0000000000000002,2.0000000000000004,0.0031351154090004554,0.00040000000000000013,0.00010000000000000003,0.00030000000000000003,100000.00000000003,2.271980456275389e-05,0.0030351154090004556,0.0027351154090004557,0.0027351154090004557,0.002712395604437702,31.351154090004552,1.0000000000000002,3.0000000000000004,0.2271980456275389,27.12395604437702,True,False
2023-02-23,-746756.948515066,249999999.99999997,124999999.99999994,125000000.00000001,5620.576376771289,90,90,180,23,0.12777777777777777,0.05,0.9999999999999999,0.9999999999999999,0.9999999999999999,1.9999999999999998,-0.002987027794060264,0.00039999999999999996,9.999999999999999e-05,0.0002999999999999999,99999.99999999999,2.2482305507085154e-05,-0.0030870277940602637,-0.0033870277940602636,-0.0033870277940602636,-0.003409510099567349,-29.870277940602637,0.9999999999999999,2.999999999999999,0.22482305507085154,-34.09510099567349,True,False
2023-02-24,686795.1473791422,250000000.00000003,125000000.0,125000000.00000001,5120.484896574763,92,92,184,17,0.09239130434782608,0.05000000000000001,1.0000000000000002,1.0000000000000002,1.0000000000000002,2.0000000000000004,0.002747180589516569,0.00040000000000000013,0.00010000000000000003,0.00030000000000000003,100000.00000000003,2.0481939586299053e-05,0.002647180589516569,0.002347180589516569,0.002347180589516569,0.00232669864993027,27.47180589516569,1.0000000000000002,3.0000000000000004,0.20481939586299053,23.2669864993027,True,False
2023-02-27,85900.77081244337,250000000.00000003,124999999.99999999,125000000.00000001,2714.259129788509,93,93,186,33,0.1774193548387097,0.049999999999999996,1.0000000000000002,1.0000000000000002,1.0000000000000002,2.0000000000000004,0.0003436030832497735,0.00040000000000000013,0.00010000000000000003,0.00030000000000000003,100000.00000000003,1.0857036519154037e-05,0.00024360308324977345,-5.6396916750226574e-05,-5.6396916750226574e-05,-6.725395326938062e-05,3.436030832497735,1.0000000000000002,3.0000000000000004,0.10857036519154037,-0.6725395326938062,True,False
2023-02-28,366395.58667475847,249999999.99999997,125000000.0,124999999.99999997,5295.397960371026,92,92,184,17,0.09239130434782608,0.049999999999999996,0.9999999999999999,0.9999999999999999,0.9999999999999999,1.9999999999999998,0.0014655823466990338,0.00039999999999999996,9.999999999999999e-05,0.0002999999999999999,99999.99999999999,2.1181591841484105e-05,0.0013655823466990338,0.0010655823466990339,0.0010655823466990339,0.0010444007548575497,14.655823466990338,0.9999999999999999,2.999999999999999,0.21181591841484104,10.444007548575497,True,False
2023-03-01,-1002221.8282775435,250000000.0,125000000.00000001,124999999.99999999,2874.1896574547713,94,94,188,11,0.05851063829787234,0.05000000000000001,1.0,1.0,1.0,2.0,-0.004008887313110174,0.0004,0.0001,0.0003,100000.0,1.1496758629819085e-05,-0.004108887313110174,-0.004408887313110174,-0.004408887313110174,-0.004420384071739994,-40.08887313110174,1.0,2.9999999999999996,0.11496758629819084,-44.203840717399935,True,False
2023-03-02,-17588.763823151476,249999999.99999997,124999999.99999996,125000000.0,2923.3569891908583,97,97,194,16,0.08247422680412371,0.049999999999999996,0.9999999999999999,0.9999999999999999,0.9999999999999999,1.9999999999999998,-7.03550552926059e-05,0.00039999999999999996,9.999999999999999e-05,0.0002999999999999999,99999.99999999999,1.1693427956763432e-05,-0.0001703550552926059,-0.0004703550552926058,-0.0004703550552926058,-0.00048204848324936924,-0.7035505529260591,0.9999999999999999,2.999999999999999,0.11693427956763433,-4.820484832493692,True,False
2023-03-03,-424075.09125581605,250000000.00000003,125000000.0,125000000.00000001,2705.1527700291363,98,98,196,9,0.04591836734693878,0.05,1.0000000000000002,1.0000000000000002,1.0000000000000002,2.0000000000000004,-0.0016963003650232642,0.00040000000000000013,0.00010000000000000003,0.00030000000000000003,100000.00000000003,1.0820611080116545e-05,-0.0017963003650232642,-0.0020963003650232644,-0.0020963003650232644,-0.002107120976103381,-16.963003650232643,1.0000000000000002,3.0000000000000004,0.10820611080116545,-21.07120976103381,True,False
2023-03-06,-173805.72601285196,249999999.99999994,124999999.99999999,124999999.99999994,2283.882364911276,98,98,196,14,0.07142857142857142,0.05,0.9999999999999998,0.9999999999999998,0.9999999999999998,1.9999999999999996,-0.0006952229040514079,0.0003999999999999999,9.999999999999998e-05,0.0002999999999999999,99999.99999999997,9.135529459645104e-06,-0.0007952229040514078,-0.0010952229040514078,-0.0010952229040514078,-0.001104358433511053,-6.952229040514078,0.9999999999999998,2.999999999999999,0.09135529459645104,-11.043584335110529,True,False
2023-03-07,-326063.79978680384,250000000.0,124999999.99999999,125000000.0,2904.1831769002906,98,98,196,16,0.08163265306122448,0.05,1.0,1.0,1.0,2.0,-0.0013042551991472153,0.0004,0.0001,0.0003,100000.0,1.1616732707601162e-05,-0.0014042551991472153,-0.0017042551991472152,-0.0017042551991472152,-0.0017158719318548163,-13.042551991472152,1.0,2.9999999999999996,0.11616732707601163,-17.15871931854816,True,False
2023-03-08,-378639.0562571259,250000000.0,125000000.0,124999999.99999999,3456.7081980668004,98,98,196,28,0.14285714285714285,0.049999999999999996,1.0,1.0,1.0,2.0,-0.0015145562250285037,0.0004,0.0001,0.0003,100000.0,1.3826832792267202e-05,-0.0016145562250285037,-0.0019145562250285036,-0.0019145562250285036,-0.0019283830578207708,-15.145562250285037,1.0,2.9999999999999996,0.13826832792267202,-19.28383057820771,True,False
2023-03-09,5890.083614785453,250000000.0,124999999.99999999,125000000.00000001,2981.536601580875,98,98,196,16,0.08163265306122448,0.05,1.0,1.0,1.0,2.0,2.3560334459141814e-05,0.0004,0.0001,0.0003,100000.0,1.19261464063235e-05,-7.643966554085819e-05,-0.00037643966554085816,-0.00037643966554085816,-0.0003883658119471817,0.23560334459141813,1.0,2.9999999999999996,0.11926146406323501,-3.883658119471817,True,False
2023-03-10,-914810.0112673155,250000000.00000003,125000000.0,125000000.0,2997.080589257401,99,99,198,21,0.10606060606060606,0.05,1.0000000000000002,1.0000000000000002,1.0000000000000002,2.0000000000000004,-0.003659240045069262,0.00040000000000000013,0.00010000000000000003,0.00030000000000000003,100000.00000000003,1.1988322357029604e-05,-0.0037592400450692618,-0.004059240045069262,-0.004059240045069262,-0.004071228367426291,-36.59240045069262,1.0000000000000002,3.0000000000000004,0.11988322357029603,-40.71228367426291,True,False
2023-03-13,747044.9547006505,250000000.00000003,125000000.00000003,125000000.0,2817.619045218864,99,99,198,31,0.15656565656565657,0.049999999999999996,1.0000000000000002,1.0000000000000002,1.0000000000000002,2.0000000000000004,0.002988179818802602,0.00040000000000000013,0.00010000000000000003,0.00030000000000000003,100000.00000000003,1.1270476180875455e-05,0.0028881798188026024,0.0025881798188026025,0.0025881798188026025,0.002576909342621727,29.88179818802602,1.0000000000000002,3.0000000000000004,0.11270476180875455,25.76909342621727,True,False
2023-03-14,-1326077.1894293227,250000000.0,124999999.99999999,125000000.0,2978.264639668498,98,98,196,20,0.10204081632653061,0.05,1.0,1.0,1.0,2.0,-0.005304308757717291,0.0004,0.0001,0.0003,100000.0,1.1913058558673992e-05,-0.005404308757717291,-0.005704308757717291,-0.005704308757717291,-0.005716221816275965,-53.043087577172905,1.0,2.9999999999999996,0.11913058558673992,-57.16221816275965,True,False
2023-03-15,-519498.0813558457,250000000.0,125000000.00000003,124999999.99999999,2799.4317297372404,98,98,196,21,0.10714285714285714,0.049999999999999996,1.0,1.0,1.0,2.0,-0.0020779923254233825,0.0004,0.0001,0.0003,100000.0,1.1197726918948962e-05,-0.0021779923254233824,-0.0024779923254233823,-0.0024779923254233823,-0.002489190052342331,-20.779923254233825,1.0,2.9999999999999996,0.11197726918948962,-24.89190052342331,True,False
2023-03-16,-349712.19512585993,250000000.00000003,125000000.0,125000000.00000001,3479.159435621588,98,98,196,19,0.09693877551020408,0.05000000000000001,1.0000000000000002,1.0000000000000002,1.0000000000000002,2.0000000000000004,-0.0013988487805034397,0.00040000000000000013,0.00010000000000000003,0.00030000000000000003,100000.00000000003,1.3916637742486352e-05,-0.0014988487805034398,-0.0017988487805034397,-0.0017988487805034397,-0.001812765418245926,-13.988487805034397,1.0000000000000002,3.0000000000000004,0.1391663774248635,-18.12765418245926,True,False
2023-03-17,298545.9051583551,250000000.0,124999999.99999999,124999999.99999999,2810.117147186237,99,99,198,14,0.0707070707070707,0.04999999999999999,1.0,1.0,1.0,2.0,0.0011941836206334202,0.0004,0.0001,0.0003,100000.0,1.1240468588744949e-05,0.0010941836206334202,0.0007941836206334203,0.0007941836206334203,0.0007829431520446753,11.941836206334202,1.0,2.9999999999999996,0.1124046858874495,7.829431520446753,True,False
2023-03-20,2147730.8381310776,250000000.00000003,125000000.00000003,125000000.00000003,2470.891349174811,99,99,198,8,0.04040404040404041,0.05,1.0000000000000002,1.0000000000000002,1.0000000000000002,2.0000000000000004,0.00859092335252431,0.00040000000000000013,0.00010000000000000003,0.00030000000000000003,100000.00000000003,9.883565396699243e-06,0.008490923352524311,0.008190923352524311,0.008190923352524311,0.008181039787127612,85.90923352524311,1.0000000000000002,3.0000000000000004,0.09883565396699244,81.81039787127612,True,False
2023-03-21,-6565.686090779683,250000000.0,124999999.99999999,125000000.0,2870.718387370766,98,98,196,7,0.03571428571428571,0.05000000000000001,1.0,1.0,1.0,2.0,-2.626274436311873e-05,0.0004,0.0001,0.0003,100000.0,1.1482873549483064e-05,-0.00012626274436311873,-0.00042626274436311873,-0.00042626274436311873,-0.0004377456179126018,-0.2626274436311873,1.0,2.9999999999999996,0.11482873549483064,-4.377456179126018,True,False
2023-03-22,404550.67375004845,250000000.0,124999999.99999999,125000000.0,2638.5618068922663,98,98,196,4,0.02040816326530612,0.049999999999999996,1.0,1.0,1.0,2.0,0.0016182026950001937,0.0004,0.0001,0.0003,100000.0,1.0554247227569066e-05,0.0015182026950001936,0.0012182026950001937,0.0012182026950001937,0.0012076484477726247,16.182026950001937,1.0,2.9999999999999996,0.10554247227569065,12.076484477726247,True,False
2023-03-23,-1489488.766147049,249999999.99999997,124999999.99999999,124999999.99999996,2796.916301452934,98,98,196,12,0.061224489795918366,0.04999999999999999,0.9999999999999999,0.9999999999999999,0.9999999999999999,1.9999999999999998,-0.005957955064588196,0.00039999999999999996,9.999999999999999e-05,0.0002999999999999999,99999.99999999999,1.1187665205811736e-05,-0.006057955064588196,-0.006357955064588196,-0.006357955064588196,-0.006369142729794008,-59.57955064588196,0.9999999999999999,2.999999999999999,0.11187665205811735,-63.69142729794008,True,False
2023-03-24,1632396.6113662315,250000000.00000003,124999999.99999999,125000000.0,3052.241030927823,99,99,198,10,0.050505050505050504,0.049999999999999996,1.0000000000000002,1.0000000000000002,1.0000000000000002,2.0000000000000004,0.006529586445464926,0.00040000000000000013,0.00010000000000000003,0.00030000000000000003,100000.00000000003,1.2208964123711292e-05,0.0064295864454649255,0.006129586445464926,0.006129586445464926,0.0061173774813412145,65.29586445464926,1.0000000000000002,3.0000000000000004,0.12208964123711293,61.173774813412145,True,False
2023-03-27,47129.39486811452,250000000.0,124999999.99999999,125000000.00000001,2407.539570762312,98,98,196,20,0.10204081632653061,0.05000000000000001,1.0,1.0,1.0,2.0,0.00018851757947245808,0.0004,0.0001,0.0003,100000.0,9.630158283049247e-06,8.851757947245807e-05,-0.0002114824205275419,-0.0002114824205275419,-0.00022111257881059115,1.8851757947245809,1.0,2.9999999999999996,0.09630158283049248,-2.2111257881059116,True,False
2023-03-28,663519.5220267685,250000000.0,124999999.99999997,124999999.99999999,6171.658660295159,98,98,196,8,0.04081632653061224,0.05,1.0,1.0,1.0,2.0,0.002654078088107074,0.0004,0.0001,0.0003,100000.0,2.4686634641180636e-05,0.002554078088107074,0.0022540780881070742,0.0022540780881070742,0.0022293914534658936,26.540780881070738,1.0,2.9999999999999996,0.24686634641180635,22.293914534658935,True,False
2023-03-29,380280.4915508153,250000000.0,124999999.99999999,125000000.0,6061.206353166667,98,98,196,8,0.04081632653061224,0.049999999999999996,1.0,1.0,1.0,2.0,0.0015211219662032611,0.0004,0.0001,0.0003,100000.0,2.424482541266667e-05,0.001421121966203261,0.0011211219662032612,0.0011211219662032612,0.0010968771407905945,15.211219662032612,1.0,2.9999999999999996,0.2424482541266667,10.968771407905944,True,False
2023-03-30,151275.37173885063,249999999.99999997,124999999.99999996,125000000.00000001,5716.629846125018,99,99,198,9,0.045454545454545456,0.049999999999999996,0.9999999999999999,0.9999999999999999,0.9999999999999999,1.9999999999999998,0.0006051014869554026,0.00039999999999999996,9.999999999999999e-05,0.0002999999999999999,99999.99999999999,2.2866519384500073e-05,0.0005051014869554026,0.00020510148695540272,0.00020510148695540272,0.00018223496757090263,6.051014869554026,0.9999999999999999,2.999999999999999,0.22866519384500072,1.8223496757090263,True,False
2023-03-31,1044600.820806803,249999999.99999997,125000000.00000001,124999999.99999997,5852.613840262359,99,99,198,12,0.06060606060606061,0.04999999999999999,0.9999999999999999,0.9999999999999999,0.9999999999999999,1.9999999999999998,0.0041784032832272115,0.00039999999999999996,9.999999999999999e-05,0.0002999999999999999,99999.99999999999,2.3410455361049436e-05,0.004078403283227211,0.0037784032832272113,0.0037784032832272113,0.003754992827866162,41.78403283227212,0.9999999999999999,2.999999999999999,0.23410455361049437,37.54992827866162,True,False
2023-04-03,218386.54756197624,250000000.0,125000000.00000003,125000000.0,6113.34050340784,99,99,198,10,0.050505050505050504,0.04999999999999999,1.0,1.0,1.0,2.0,0.000873546190247905,0.0004,0.0001,0.0003,100000.0,2.4453362013631357e-05,0.000773546190247905,0.000473546190247905,0.000473546190247905,0.0004490928282342736,8.73546190247905,1.0,2.9999999999999996,0.24453362013631358,4.490928282342736,True,False
2023-04-04,-761934.2525841316,250000000.00000003,125000000.0,125000000.00000001,6009.922118821408,98,98,196,7,0.03571428571428571,0.05,1.0000000000000002,1.0000000000000002,1.0000000000000002,2.0000000000000004,-0.0030477370103365264,0.00040000000000000013,0.00010000000000000003,0.00030000000000000003,100000.00000000003,2.403968847528563e-05,-0.003147737010336526,-0.003447737010336526,-0.003447737010336526,-0.0034717766988118116,-30.477370103365264,1.0000000000000002,3.0000000000000004,0.2403968847528563,-34.717766988118115,True,False
2023-04-05,-211521.43482340852,250000000.00000003,124999999.99999999,125000000.00000001,5595.863954658916,99,99,198,11,0.05555555555555555,0.049999999999999996,1.0000000000000002,1.0000000000000002,1.0000000000000002,2.0000000000000004,-0.0008460857392936341,0.00040000000000000013,0.00010000000000000003,0.00030000000000000003,100000.00000000003,2.2383455818635663e-05,-0.0009460857392936342,-0.0012460857392936342,-0.0012460857392936342,-0.0012684691951122698,-8.460857392936342,1.0000000000000002,3.0000000000000004,0.22383455818635664,-12.684691951122698,True,False
2023-04-06,-368854.4908011847,250000000.0,124999999.99999996,125000000.00000003,5867.098130905953,97,97,194,11,0.05670103092783505,0.05,1.0,1.0,1.0,2.0,-0.0014754179632047388,0.0004,0.0001,0.0003,100000.0,2.3468392523623813e-05,-0.0015754179632047388,-0.0018754179632047387,-0.0018754179632047387,-0.0018988863557283626,-14.754179632047387,1.0,2.9999999999999996,0.23468392523623813,-18.988863557283626,True,False
2023-04-10,142125.51858135263,250000000.00000006,124999999.99999999,125000000.00000003,6069.448200429048,99,99,198,7,0.03535353535353535,0.049999999999999996,1.0000000000000002,1.0000000000000002,1.0000000000000002,2.0000000000000004,0.0005685020743254105,0.00040000000000000013,0.00010000000000000003,0.00030000000000000003,100000.00000000003,2.427779280171619e-05,0.0004685020743254105,0.00016850207432541047,0.00016850207432541047,0.00014422428152369428,5.685020743254105,1.0000000000000002,3.0000000000000004,0.24277792801716191,1.4422428152369429,True,False
2023-04-11,341054.8868771682,250000000.0,125000000.00000001,124999999.99999999,5970.872899359468,99,99,198,9,0.045454545454545456,0.049999999999999996,1.0,1.0,1.0,2.0,0.0013642195475086728,0.0004,0.0001,0.0003,100000.0,2.3883491597437872e-05,0.0012642195475086728,0.0009642195475086728,0.0009642195475086728,0.000940336055911235,13.642195475086728,1.0,2.9999999999999996,0.23883491597437873,9.40336055911235,True,False
2023-04-12,-177338.0253627425,249999999.99999997,125000000.00000001,124999999.99999999,5976.5503672828645,99,99,198,7,0.03535353535353535,0.04999999999999999,0.9999999999999999,0.9999999999999999,0.9999999999999999,1.9999999999999998,-0.00070935210145097,0.00039999999999999996,9.999999999999999e-05,0.0002999999999999999,99999.99999999999,2.390620146913146e-05,-0.00080935210145097,-0.0011093521014509699,-0.0011093521014509699,-0.0011332583029201014,-7.0935210145097,0.9999999999999999,2.999999999999999,0.23906201469131458,-11.332583029201015,True,False
2023-04-13,181075.56845587472,250000000.00000003,124999999.99999999,125000000.00000003,5355.950359709032,98,98,196,11,0.05612244897959184,0.05000000000000001,1.0000000000000002,1.0000000000000002,1.0000000000000002,2.0000000000000004,0.0007243022738234988,0.00040000000000000013,0.00010000000000000003,0.00030000000000000003,100000.00000000003,2.142380143883613e-05,0.0006243022738234988,0.00032430227382349876,0.00032430227382349876,0.0003028784723846626,7.2430227382349885,1.0000000000000002,3.0000000000000004,0.21423801438836132,3.028784723846626,True,False
2023-04-14,-415615.76478868746,250000000.00000006,125000000.00000001,125000000.00000003,2664.446841732587,97,97,194,13,0.06701030927835051,0.05000000000000001,1.0000000000000002,1.0000000000000002,1.0000000000000002,2.0000000000000004,-0.0016624630591547498,0.00040000000000000013,0.00010000000000000003,0.00030000000000000003,100000.00000000003,1.0657787366930349e-05,-0.0017624630591547498,-0.0020624630591547497,-0.0020624630591547497,-0.00207312084652168,-16.624630591547497,1.0000000000000002,3.0000000000000004,0.10657787366930349,-20.7312084652168,True,False
2023-04-17,-45104.89157499887,249999999.99999994,124999999.99999999,124999999.99999996,2810.0457493368094,96,96,192,14,0.07291666666666667,0.05,0.9999999999999998,0.9999999999999998,0.9999999999999998,1.9999999999999996,-0.00018041956629999547,0.0003999999999999999,9.999999999999998e-05,0.0002999999999999999,99999.99999999997,1.1240182997347238e-05,-0.00028041956629999546,-0.0005804195662999954,-0.0005804195662999954,-0.0005916597492973426,-1.8041956629999547,0.9999999999999998,2.999999999999999,0.11240182997347238,-5.916597492973426,True,False
2023-04-18,-1151616.9829710382,249999999.99999994,124999999.99999996,125000000.0,2704.514372699096,92,92,184,22,0.11956521739130435,0.05000000000000001,0.9999999999999998,0.9999999999999998,0.9999999999999998,1.9999999999999996,-0.004606467931884153,0.0003999999999999999,9.999999999999998e-05,0.0002999999999999999,99999.99999999997,1.0818057490796383e-05,-0.004706467931884153,-0.005006467931884153,-0.005006467931884153,-0.005017285989374949,-46.06467931884153,0.9999999999999998,2.999999999999999,0.10818057490796383,-50.17285989374949,True,False
2023-04-19,-1026607.7358513345,249999999.99999994,124999999.99999996,124999999.99999997,3074.977886898401,91,91,182,22,0.12087912087912088,0.05000000000000001,0.9999999999999998,0.9999999999999998,0.9999999999999998,1.9999999999999996,-0.004106430943405338,0.0003999999999999999,9.999999999999998e-05,0.0002999999999999999,99999.99999999997,1.2299911547593603e-05,-0.004206430943405338,-0.004506430943405338,-0.004506430943405338,-0.004518730854952932,-41.06430943405338,0.9999999999999998,2.999999999999999,0.12299911547593603,-45.18730854952932,True,False
2023-04-20,-373615.35856011626,250000000.0,124999999.99999997,125000000.00000003,2811.2938812672655,93,93,186,26,0.13978494623655913,0.05000000000000001,1.0,1.0,1.0,2.0,-0.001494461434240465,0.0004,0.0001,0.0003,100000.0,1.1245175525069062e-05,-0.0015944614342404651,-0.001894461434240465,-0.001894461434240465,-0.0019057066097655341,-14.94461434240465,1.0,2.9999999999999996,0.11245175525069062,-19.05706609765534,True,False
2023-04-21,-226679.6555558955,250000000.0,125000000.00000003,125000000.0,3549.010293726466,93,93,186,22,0.11827956989247312,0.049999999999999996,1.0,1.0,1.0,2.0,-0.000906718622223582,0.0004,0.0001,0.0003,100000.0,1.4196041174905864e-05,-0.001006718622223582,-0.001306718622223582,-0.001306718622223582,-0.001320914663398488,-9.06718622223582,1.0,2.9999999999999996,0.14196041174905863,-13.20914663398488,True,False
2023-04-24,-819402.8496589123,249999999.99999997,124999999.99999997,124999999.99999996,2879.692824719267,88,88,176,26,0.14772727272727273,0.05,0.9999999999999999,0.9999999999999999,0.9999999999999999,1.9999999999999998,-0.003277611398635649,0.00039999999999999996,9.999999999999999e-05,0.0002999999999999999,99999.99999999999,1.1518771298877067e-05,-0.0033776113986356488,-0.0036776113986356487,-0.0036776113986356487,-0.0036891301699345258,-32.77611398635649,0.9999999999999999,2.999999999999999,0.11518771298877067,-36.891301699345256,True,False
2023-04-25,1190970.1459178797,249999999.99999988,124999999.99999994,124999999.99999993,3340.9672278578705,76,76,152,21,0.13815789473684212,0.05000000000000001,0.9999999999999996,0.9999999999999996,0.9999999999999996,1.9999999999999991,0.004763880583671519,0.00039999999999999986,9.999999999999996e-05,0.00029999999999999987,99999.99999999997,1.3363868911431482e-05,0.004663880583671519,0.004363880583671519,0.004363880583671519,0.0043505167147600875,47.63880583671519,0.9999999999999997,2.9999999999999987,0.1336386891143148,43.50516714760087,True,False
2023-04-26,415930.32394849864,249999999.99999997,125000000.0,124999999.99999999,2930.0285842088842,75,75,150,30,0.2,0.05,0.9999999999999999,0.9999999999999999,0.9999999999999999,1.9999999999999998,0.0016637212957939945,0.00039999999999999996,9.999999999999999e-05,0.0002999999999999999,99999.99999999999,1.1720114336835536e-05,0.0015637212957939945,0.0012637212957939945,0.0012637212957939945,0.001252001181457159,16.637212957939944,0.9999999999999999,2.999999999999999,0.11720114336835537,12.520011814571589,True,False
2023-04-27,-479612.8081693362,250000000.0,125000000.0,125000000.0,3476.328119791663,80,80,160,21,0.13125,0.05000000000000001,1.0,1.0,1.0,2.0,-0.0019184512326773447,0.0004,0.0001,0.0003,100000.0,1.3905312479166652e-05,-0.0020184512326773445,-0.0023184512326773444,-0.0023184512326773444,-0.002332356545156511,-19.184512326773447,1.0,2.9999999999999996,0.1390531247916665,-23.32356545156511,True,False
2023-04-28,-276155.5043760549,249999999.99999994,124999999.99999994,124999999.99999999,3467.6753778391635,86,86,172,22,0.12790697674418605,0.05000000000000001,0.9999999999999998,0.9999999999999998,0.9999999999999998,1.9999999999999996,-0.0011046220175042196,0.0003999999999999999,9.999999999999998e-05,0.0002999999999999999,99999.99999999997,1.3870701511356653e-05,-0.0012046220175042197,-0.0015046220175042196,-0.0015046220175042196,-0.0015184927190155762,-11.046220175042196,0.9999999999999998,2.999999999999999,0.13870701511356653,-15.184927190155761,True,False
2023-05-01,-97703.88275396508,249999999.99999985,124999999.99999988,124999999.99999997,2259.7641266075375,85,85,170,22,0.12941176470588237,0.05000000000000001,0.9999999999999994,0.9999999999999994,0.9999999999999994,1.999999999999999,-0.00039081553101586033,0.0003999999999999998,9.999999999999995e-05,0.0002999999999999998,99999.99999999996,9.03905650643015e-06,-0.0004908155310158603,-0.0007908155310158601,-0.0007908155310158601,-0.0007998545875222903,-3.9081553101586035,0.9999999999999996,2.9999999999999982,0.0903905650643015,-7.998545875222903,True,False
2023-05-02,-45770.53324230506,249999999.99999997,125000000.0,124999999.99999997,3294.5617782304757,75,75,150,26,0.17333333333333334,0.049999999999999996,0.9999999999999999,0.9999999999999999,0.9999999999999999,1.9999999999999998,-0.00018308213296922024,0.00039999999999999996,9.999999999999999e-05,0.0002999999999999999,99999.99999999999,1.3178247112921903e-05,-0.0002830821329692202,-0.0005830821329692201,-0.0005830821329692201,-0.000596260380082142,-1.8308213296922025,0.9999999999999999,2.999999999999999,0.13178247112921904,-5.96260380082142,True,False
2023-05-03,-1034022.5975230117,249999999.99999997,124999999.99999997,125000000.0,2858.6969006788154,75,75,150,24,0.16,0.049999999999999996,0.9999999999999999,0.9999999999999999,0.9999999999999999,1.9999999999999998,-0.004136090390092047,0.00039999999999999996,9.999999999999999e-05,0.0002999999999999999,99999.99999999999,1.143478760271526e-05,-0.004236090390092047,-0.004536090390092047,-0.004536090390092047,-0.004547525177694762,-41.36090390092047,0.9999999999999999,2.999999999999999,0.11434787602715261,-45.475251776947616,True,False
2023-05-04,2942670.006718035,249999999.99999994,124999999.99999996,124999999.99999999,3811.255331356948,81,81,162,34,0.20987654320987653,0.049999999999999996,0.9999999999999998,0.9999999999999998,0.9999999999999998,1.9999999999999996,0.011770680026872139,0.0003999999999999999,9.999999999999998e-05,0.0002999999999999999,99999.99999999997,1.5245021325427791e-05,0.01167068002687214,0.01137068002687214,0.01137068002687214,0.011355435005546711,117.70680026872138,0.9999999999999998,2.999999999999999,0.1524502132542779,113.55435005546711,True,False
2023-05-05,1418252.3389565113,250000000.0000001,124999999.99999999,125000000.00000004,2678.950041819232,87,87,174,23,0.13218390804597702,0.049999999999999996,1.0000000000000004,1.0000000000000004,1.0000000000000004,2.000000000000001,0.005673009355826045,0.0004000000000000002,0.00010000000000000005,0.0003000000000000001,100000.00000000004,1.0715800167276928e-05,0.005573009355826045,0.005273009355826045,0.005273009355826045,0.0052622935556587685,56.73009355826046,1.0000000000000004,3.000000000000001,0.10715800167276929,52.622935556587684,True,False
2023-05-08,-503918.324965106,249999999.99999997,124999999.99999994,125000000.0,3606.9746148629806,91,91,182,18,0.0989010989010989,0.05000000000000001,0.9999999999999999,0.9999999999999999,0.9999999999999999,1.9999999999999998,-0.0020156732998604238,0.00039999999999999996,9.999999999999999e-05,0.0002999999999999999,99999.99999999999,1.4427898459451922e-05,-0.0021156732998604236,-0.0024156732998604235,-0.0024156732998604235,-0.0024301011983198753,-20.156732998604237,0.9999999999999999,2.999999999999999,0.1442789845945192,-24.30101198319875,True,False
2023-05-09,1111864.5845577202,249999999.99999997,124999999.99999996,124999999.99999999,2740.336334815807,89,89,178,24,0.1348314606741573,0.049999999999999996,0.9999999999999999,0.9999999999999999,0.9999999999999999,1.9999999999999998,0.004447458338230881,0.00039999999999999996,9.999999999999999e-05,0.0002999999999999999,99999.99999999999,1.0961345339263227e-05,0.004347458338230881,0.004047458338230881,0.004047458338230881,0.0040364969928916175,44.474583382308815,0.9999999999999999,2.999999999999999,0.10961345339263227,40.364969928916175,True,False
2023-05-10,-446321.1682220979,250000000.0,124999999.99999997,124999999.99999999,2223.6151421288573,93,93,186,17,0.0913978494623656,0.05,1.0,1.0,1.0,2.0,-0.0017852846728883918,0.0004,0.0001,0.0003,100000.0,8.894460568515429e-06,-0.0018852846728883918,-0.0021852846728883917,-0.0021852846728883917,-0.002194179133456907,-17.852846728883918,1.0,2.9999999999999996,0.08894460568515429,-21.94179133456907,True,False
2023-05-11,825886.5507762338,249999999.99999997,124999999.99999999,124999999.99999996,2358.3662237436206,97,97,194,18,0.09278350515463918,0.04999999999999999,0.9999999999999999,0.9999999999999999,0.9999999999999999,1.9999999999999998,0.0033035462031049353,0.00039999999999999996,9.999999999999999e-05,0.0002999999999999999,99999.99999999999,9.433464894974482e-06,0.0032035462031049355,0.0029035462031049356,0.0029035462031049356,0.002894112738209961,33.035462031049356,0.9999999999999999,2.999999999999999,0.09433464894974482,28.94112738209961,True,False
2023-05-12,166303.95404606048,250000000.0,124999999.99999996,125000000.0,2807.7415758824277,99,99,198,17,0.08585858585858586,0.049999999999999996,1.0,1.0,1.0,2.0,0.0006652158161842419,0.0004,0.0001,0.0003,100000.0,1.1230966303529712e-05,0.0005652158161842418,0.00026521581618424184,0.00026521581618424184,0.00025398484988071215,6.652158161842419,1.0,2.9999999999999996,0.11230966303529712,2.5398484988071215,True,False
2023-05-15,-236950.29742771576,250000000.0,125000000.00000001,124999999.99999997,2713.432315769206,99,99,198,31,0.15656565656565657,0.04999999999999999,1.0,1.0,1.0,2.0,-0.0009478011897108631,0.0004,0.0001,0.0003,100000.0,1.0853729263076824e-05,-0.001047801189710863,-0.001347801189710863,-0.001347801189710863,-0.0013586549189739399,-9.478011897108631,1.0,2.9999999999999996,0.10853729263076824,-13.586549189739399,True,False
2023-05-16,608422.0410809328,250000000.0,125000000.0,124999999.99999999,3197.098296780797,98,98,196,18,0.09183673469387756,0.05,1.0,1.0,1.0,2.0,0.0024336881643237315,0.0004,0.0001,0.0003,100000.0,1.2788393187123188e-05,0.0023336881643237317,0.0020336881643237318,0.0020336881643237318,0.0020208997711366086,24.336881643237316,1.0,2.9999999999999996,0.12788393187123187,20.208997711366084,True,False
2023-05-17,140044.26648913295,250000000.0,124999999.99999996,125000000.0,3342.903783683069,97,97,194,25,0.12886597938144329,0.049999999999999996,1.0,1.0,1.0,2.0,0.0005601770659565318,0.0004,0.0001,0.0003,100000.0,1.3371615134732276e-05,0.00046017706595653183,0.00016017706595653186,0.00016017706595653186,0.00014680545082179958,5.601770659565318,1.0,2.9999999999999996,0.13371615134732276,1.4680545082179959,True,False
2023-05-18,210800.52919464326,250000000.00000003,125000000.0,125000000.0,3097.2918900248806,98,98,196,18,0.09183673469387756,0.05,1.0000000000000002,1.0000000000000002,1.0000000000000002,2.0000000000000004,0.0008432021167785731,0.00040000000000000013,0.00010000000000000003,0.00030000000000000003,100000.00000000003,1.2389167560099523e-05,0.000743202116778573,0.000443202116778573,0.000443202116778573,0.0004308129492184735,8.43202116778573,1.0000000000000002,3.0000000000000004,0.12389167560099523,4.308129492184735,True,False
2023-05-19,202795.56044966387,249999999.99999994,124999999.99999999,124999999.99999994,3043.1432854395703,98,98,196,14,0.07142857142857142,0.05000000000000001,0.9999999999999998,0.9999999999999998,0.9999999999999998,1.9999999999999996,0.0008111822417986555,0.0003999999999999999,9.999999999999998e-05,0.0002999999999999999,99999.99999999997,1.2172573141758281e-05,0.0007111822417986555,0.0004111822417986556,0.0004111822417986556,0.0003990096686568973,8.111822417986554,0.9999999999999998,2.999999999999999,0.1217257314175828,3.990096686568973,True,False
2023-05-22,211302.36397707136,249999999.99999997,124999999.99999997,125000000.0,2937.3833333444445,98,98,196,25,0.12755102040816327,0.05,0.9999999999999999,0.9999999999999999,0.9999999999999999,1.9999999999999998,0.0008452094559082855,0.00039999999999999996,9.999999999999999e-05,0.0002999999999999999,99999.99999999999,1.1749533333377779e-05,0.0007452094559082854,0.00044520945590828553,0.00044520945590828553,0.00043345992257490777,8.452094559082855,0.9999999999999999,2.999999999999999,0.11749533333377779,4.334599225749078,True,False
2023-05-23,-748559.9467223115,249999999.99999997,124999999.99999996,124999999.99999999,2880.6033862098743,97,97,194,15,0.07731958762886598,0.04999999999999999,0.9999999999999999,0.9999999999999999,0.9999999999999999,1.9999999999999998,-0.002994239786889246,0.00039999999999999996,9.999999999999999e-05,0.0002999999999999999,99999.99999999999,1.1522413544839497e-05,-0.003094239786889246,-0.003394239786889246,-0.003394239786889246,-0.0034057622004340852,-29.94239786889246,0.9999999999999999,2.999999999999999,0.11522413544839497,-34.05762200434085,True,False
2023-05-24,1033479.6342754136,250000000.00000003,125000000.0,125000000.00000001,3231.709063316388,97,97,194,26,0.13402061855670103,0.05000000000000001,1.0000000000000002,1.0000000000000002,1.0000000000000002,2.0000000000000004,0.004133918537101654,0.00040000000000000013,0.00010000000000000003,0.00030000000000000003,100000.00000000003,1.2926836253265551e-05,0.004033918537101654,0.003733918537101654,0.003733918537101654,0.0037209917008483883,41.33918537101654,1.0000000000000002,3.0000000000000004,0.1292683625326555,37.209917008483885,True,False
2023-05-25,310695.63724562415,250000000.0,124999999.99999996,125000000.0,3351.255335298449,97,97,194,9,0.04639175257731959,0.05,1.0,1.0,1.0,2.0,0.0012427825489824966,0.0004,0.0001,0.0003,100000.0,1.3405021341193796e-05,0.0011427825489824966,0.0008427825489824967,0.0008427825489824967,0.0008293775276413029,12.427825489824967,1.0,2.9999999999999996,0.13405021341193796,8.29377527641303,True,False
2023-05-26,888640.3297105937,250000000.0,125000000.0,124999999.99999996,2777.656339432984,98,98,196,17,0.08673469387755102,0.05,1.0,1.0,1.0,2.0,0.0035545613188423747,0.0004,0.0001,0.0003,100000.0,1.1110625357731936e-05,0.003454561318842375,0.003154561318842375,0.003154561318842375,0.003143450693484643,35.54561318842375,1.0,2.9999999999999996,0.11110625357731936,31.43450693484643,True,False
2023-05-30,-843591.5984986719,250000000.0,125000000.00000003,125000000.00000003,3323.7080313192723,98,98,196,14,0.07142857142857142,0.05000000000000001,1.0,1.0,1.0,2.0,-0.0033743663939946877,0.0004,0.0001,0.0003,100000.0,1.3294832125277089e-05,-0.0034743663939946876,-0.0037743663939946875,-0.0037743663939946875,-0.0037876612261199647,-33.74366393994688,1.0,2.9999999999999996,0.1329483212527709,-37.87661226119965,True,False
2023-05-31,-210234.48081366706,250000000.00000003,125000000.0,124999999.99999999,3729.7842680966796,97,97,194,16,0.08247422680412371,0.05,1.0000000000000002,1.0000000000000002,1.0000000000000002,2.0000000000000004,-0.0008409379232546683,0.00040000000000000013,0.00010000000000000003,0.00030000000000000003,100000.00000000003,1.4919137072386718e-05,-0.0009409379232546683,-0.0012409379232546684,-0.0012409379232546684,-0.0012558570603270552,-8.409379232546684,1.0000000000000002,3.0000000000000004,0.14919137072386718,-12.558570603270551,True,False
2023-06-01,1633536.9051442884,250000000.0,125000000.00000001,124999999.99999999,3008.7636474472215,97,97,194,23,0.11855670103092783,0.049999999999999996,1.0,1.0,1.0,2.0,0.006534147620577154,0.0004,0.0001,0.0003,100000.0,1.2035054589788886e-05,0.006434147620577153,0.006134147620577153,0.006134147620577153,0.0061221125659873645,65.34147620577154,1.0,2.9999999999999996,0.12035054589788885,61.22112565987364,True,False
2023-06-02,403006.53895665484,250000000.0,124999999.99999999,125000000.0,3104.618279370456,98,98,196,18,0.09183673469387756,0.05000000000000001,1.0,1.0,1.0,2.0,0.0016120261558266193,0.0004,0.0001,0.0003,100000.0,1.2418473117481824e-05,0.0015120261558266193,0.0012120261558266193,0.0012120261558266193,0.0011996076827091376,16.120261558266193,1.0,2.9999999999999996,0.12418473117481824,11.996076827091375,True,False
2023-06-05,-842624.4018859831,250000000.0,125000000.0,125000000.00000001,3406.8097912274175,98,98,196,23,0.11734693877551021,0.05,1.0,1.0,1.0,2.0,-0.0033704976075439323,0.0004,0.0001,0.0003,100000.0,1.362723916490967e-05,-0.003470497607543932,-0.003770497607543932,-0.003770497607543932,-0.0037841248467088417,-33.704976075439326,1.0,2.9999999999999996,0.1362723916490967,-37.84124846708842,True,False
2023-06-06,960716.2412465761,249999999.99999997,125000000.00000003,124999999.99999999,2887.442877987794,98,98,196,15,0.07653061224489796,0.049999999999999996,0.9999999999999999,0.9999999999999999,0.9999999999999999,1.9999999999999998,0.0038428649649863045,0.00039999999999999996,9.999999999999999e-05,0.0002999999999999999,99999.99999999999,1.1549771511951175e-05,0.0037428649649863047,0.0034428649649863047,0.0034428649649863047,0.0034313151934743536,38.42864964986305,0.9999999999999999,2.999999999999999,0.11549771511951175,34.31315193474354,True,False
2023-06-07,-225492.45801915033,249999999.99999994,124999999.99999999,124999999.99999999,3615.3364516557867,98,98,196,23,0.11734693877551021,0.049999999999999996,0.9999999999999998,0.9999999999999998,0.9999999999999998,1.9999999999999996,-0.0009019698320766014,0.0003999999999999999,9.999999999999998e-05,0.0002999999999999999,99999.99999999997,1.4461345806623146e-05,-0.0010019698320766013,-0.0013019698320766012,-0.0013019698320766012,-0.0013164311778832245,-9.019698320766015,0.9999999999999998,2.999999999999999,0.14461345806623147,-13.164311778832245,True,False
2023-06-08,851630.3192917613,250000000.0,124999999.99999996,125000000.00000001,3509.1121790917664,99,99,198,17,0.08585858585858586,0.049999999999999996,1.0,1.0,1.0,2.0,0.003406521277167045,0.0004,0.0001,0.0003,100000.0,1.4036448716367066e-05,0.003306521277167045,0.0030065212771670452,0.0030065212771670452,0.002992484828450678,34.06521277167045,1.0,2.9999999999999996,0.14036448716367067,29.92484828450678,True,False
2023-06-09,296023.0351177395,249999999.99999994,124999999.99999999,124999999.99999994,3021.3338192808837,99,99,198,7,0.03535353535353535,0.049999999999999996,0.9999999999999998,0.9999999999999998,0.9999999999999998,1.9999999999999996,0.001184092140470958,0.0003999999999999999,9.999999999999998e-05,0.0002999999999999999,99999.99999999997,1.2085335277123536e-05,0.001084092140470958,0.0007840921404709581,0.0007840921404709581,0.0007720068051938346,11.840921404709581,0.9999999999999998,2.999999999999999,0.12085335277123535,7.7200680519383456,True,False
2023-06-12,1193346.2017778063,250000000.0,125000000.0,125000000.00000003,2705.07762701341,99,99,198,14,0.0707070707070707,0.05000000000000001,1.0,1.0,1.0,2.0,0.004773384807111225,0.0004,0.0001,0.0003,100000.0,1.0820310508053641e-05,0.004673384807111225,0.004373384807111225,0.004373384807111225,0.004362564496603172,47.733848071112256,1.0,2.9999999999999996,0.1082031050805364,43.62564496603172,True,False
2023-06-13,-50238.15632001336,250000000.0,125000000.0,125000000.0,2837.2110325891995,99,99,198,9,0.045454545454545456,0.049999999999999996,1.0,1.0,1.0,2.0,-0.00020095262528005344,0.0004,0.0001,0.0003,100000.0,1.1348844130356798e-05,-0.00030095262528005343,-0.0006009526252800534,-0.0006009526252800534,-0.0006123014694104102,-2.0095262528005344,1.0,2.9999999999999996,0.11348844130356797,-6.123014694104102,True,False
2023-06-14,-742662.2581520077,250000000.00000006,124999999.99999999,125000000.00000003,3191.9778324669046,99,99,198,12,0.06060606060606061,0.049999999999999996,1.0000000000000002,1.0000000000000002,1.0000000000000002,2.0000000000000004,-0.002970649032608031,0.00040000000000000013,0.00010000000000000003,0.00030000000000000003,100000.00000000003,1.2767911329867618e-05,-0.003070649032608031,-0.0033706490326080307,-0.0033706490326080307,-0.0033834169439378985,-29.70649032608031,1.0000000000000002,3.0000000000000004,0.12767911329867618,-33.83416943937898,True,False
2023-06-15,186304.1447471775,249999999.99999994,124999999.99999997,124999999.99999996,2479.375314998923,99,99,198,13,0.06565656565656566,0.04999999999999999,0.9999999999999998,0.9999999999999998,0.9999999999999998,1.9999999999999996,0.00074521657898871,0.0003999999999999999,9.999999999999998e-05,0.0002999999999999999,99999.99999999997,9.917501259995691e-06,0.0006452165789887101,0.00034521657898871014,0.00034521657898871014,0.0003352990777287144,7.4521657898871,0.9999999999999998,2.999999999999999,0.09917501259995691,3.352990777287144,True,False
2023-06-16,-82544.45711720541,249999999.99999994,124999999.99999996,124999999.99999999,3505.4043453323147,99,99,198,17,0.08585858585858586,0.04999999999999998,0.9999999999999998,0.9999999999999998,0.9999999999999998,1.9999999999999996,-0.00033017782846882167,0.0003999999999999999,9.999999999999998e-05,0.0002999999999999999,99999.99999999997,1.4021617381329259e-05,-0.00043017782846882166,-0.0007301778284688216,-0.0007301778284688216,-0.0007441994458501508,-3.3017782846882167,0.9999999999999998,2.999999999999999,0.1402161738132926,-7.441994458501508,True,False
2023-06-20,-179892.39344920334,250000000.0,124999999.99999999,125000000.0,3280.9244034604167,99,99,198,11,0.05555555555555555,0.04999999999999999,1.0,1.0,1.0,2.0,-0.0007195695737968134,0.0004,0.0001,0.0003,100000.0,1.3123697613841666e-05,-0.0008195695737968135,-0.0011195695737968134,-0.0011195695737968134,-0.001132693271410655,-7.195695737968134,1.0,2.9999999999999996,0.13123697613841667,-11.32693271410655,True,False
2023-06-21,-397842.3794319562,250000000.00000006,125000000.0,125000000.00000001,2991.5361938501374,99,99,198,14,0.0707070707070707,0.05,1.0000000000000002,1.0000000000000002,1.0000000000000002,2.0000000000000004,-0.0015913695177278248,0.00040000000000000013,0.00010000000000000003,0.00030000000000000003,100000.00000000003,1.196614477540055e-05,-0.0016913695177278249,-0.001991369517727825,-0.001991369517727825,-0.002003335662503225,-15.913695177278248,1.0000000000000002,3.0000000000000004,0.11966144775400549,-20.03335662503225,True,False
2023-06-22,-1077570.8308301754,250000000.0,124999999.99999999,125000000.00000001,2965.389922596118,99,99,198,17,0.08585858585858586,0.05000000000000001,1.0,1.0,1.0,2.0,-0.004310283323320702,0.0004,0.0001,0.0003,100000.0,1.1861559690384473e-05,-0.004410283323320702,-0.004710283323320702,-0.004710283323320702,-0.004722144883011086,-43.102833233207015,1.0,2.9999999999999996,0.11861559690384472,-47.221448830110866,True,False
2023-06-23,210460.5075462393,249999999.99999997,125000000.00000003,125000000.0,2906.3292014540775,99,99,198,15,0.07575757575757576,0.049999999999999996,0.9999999999999999,0.9999999999999999,0.9999999999999999,1.9999999999999998,0.0008418420301849572,0.00039999999999999996,9.999999999999999e-05,0.0002999999999999999,99999.99999999999,1.162531680581631e-05,0.0007418420301849571,0.0004418420301849572,0.0004418420301849572,0.0004302167133791409,8.418420301849572,0.9999999999999999,2.999999999999999,0.11625316805816309,4.302167133791409,True,False
2023-06-26,-16411.572141743443,250000000.0,124999999.99999999,125000000.0,2724.2317065054785,98,98,196,5,0.025510204081632654,0.05,1.0,1.0,1.0,2.0,-6.564628856697377e-05,0.0004,0.0001,0.0003,100000.0,1.0896926826021914e-05,-0.0001656462885669738,-0.00046564628856697376,-0.00046564628856697376,-0.00047654321539299566,-0.6564628856697378,1.0,2.9999999999999996,0.10896926826021915,-4.7654321539299564,True,False
2023-06-27,-397342.9063992519,250000000.0,124999999.99999999,125000000.0,3191.581142643593,98,98,196,9,0.04591836734693878,0.049999999999999996,1.0,1.0,1.0,2.0,-0.0015893716255970076,0.0004,0.0001,0.0003,100000.0,1.2766324570574372e-05,-0.0016893716255970076,-0.0019893716255970076,-0.0019893716255970076,-0.002002137950167582,-15.893716255970077,1.0,2.9999999999999996,0.12766324570574372,-20.02137950167582,True,False
2023-06-28,256662.16059794498,249999999.99999997,124999999.99999994,125000000.00000001,3573.25530748848,98,98,196,6,0.030612244897959183,0.05,0.9999999999999999,0.9999999999999999,0.9999999999999999,1.9999999999999998,0.00102664864239178,0.00039999999999999996,9.999999999999999e-05,0.0002999999999999999,99999.99999999999,1.429302122995392e-05,0.0009266486423917799,0.00062664864239178,0.00062664864239178,0.000612355621161826,10.266486423917799,0.9999999999999999,2.999999999999999,0.1429302122995392,6.1235562116182605,True,False
2023-06-29,194611.3344368478,250000000.00000003,125000000.0,125000000.0,5350.599118685322,98,98,196,9,0.04591836734693878,0.05,1.0000000000000002,1.0000000000000002,1.0000000000000002,2.0000000000000004,0.0007784453377473911,0.00040000000000000013,0.00010000000000000003,0.00030000000000000003,100000.00000000003,2.1402396474741285e-05,0.0006784453377473911,0.0003784453377473911,0.0003784453377473911,0.0003570429412726498,7.784453377473912,1.0000000000000002,3.0000000000000004,0.21402396474741286,3.5704294127264977,True,False
2023-06-30,364852.23700981046,250000000.00000003,124999999.99999999,125000000.0,5647.07006554942,99,99,198,10,0.050505050505050504,0.04999999999999999,1.0000000000000002,1.0000000000000002,1.0000000000000002,2.0000000000000004,0.0014594089480392419,0.00040000000000000013,0.00010000000000000003,0.00030000000000000003,100000.00000000003,2.258828026219768e-05,0.0013594089480392418,0.0010594089480392417,0.0010594089480392417,0.001036820667777044,14.59408948039242,1.0000000000000002,3.0000000000000004,0.2258828026219768,10.368206677770441,True,False
2023-07-03,-567291.11308437,250000000.0,124999999.99999997,125000000.00000001,5374.794146083875,99,99,198,15,0.07575757575757576,0.049999999999999996,1.0,1.0,1.0,2.0,-0.00226916445233748,0.0004,0.0001,0.0003,100000.0,2.1499176584335498e-05,-0.00236916445233748,-0.00266916445233748,-0.00266916445233748,-0.0026906636289218155,-22.6916445233748,1.0,2.9999999999999996,0.21499176584335497,-26.906636289218156,True,False
2023-07-05,-361569.261891248,250000000.0,125000000.00000001,125000000.0,5618.686443615923,99,99,198,6,0.030303030303030304,0.049999999999999996,1.0,1.0,1.0,2.0,-0.001446277047564992,0.0004,0.0001,0.0003,100000.0,2.247474577446369e-05,-0.001546277047564992,-0.001846277047564992,-0.001846277047564992,-0.0018687517933394556,-14.46277047564992,1.0,2.9999999999999996,0.22474745774463692,-18.687517933394556,True,False
2023-07-06,424575.0073553332,250000000.00000003,125000000.0,125000000.00000003,5950.974298620791,99,99,198,11,0.05555555555555555,0.05000000000000001,1.0000000000000002,1.0000000000000002,1.0000000000000002,2.0000000000000004,0.0016983000294213328,0.00040000000000000013,0.00010000000000000003,0.00030000000000000003,100000.00000000003,2.3803897194483165e-05,0.0015983000294213328,0.0012983000294213326,0.0012983000294213326,0.0012744961322268494,16.983000294213326,1.0000000000000002,3.0000000000000004,0.23803897194483165,12.744961322268495,True,False
2023-07-07,-126177.07072562656,250000000.00000003,125000000.0,125000000.0,6175.260212138945,99,99,198,10,0.050505050505050504,0.049999999999999996,1.0000000000000002,1.0000000000000002,1.0000000000000002,2.0000000000000004,-0.0005047082829025062,0.00040000000000000013,0.00010000000000000003,0.00030000000000000003,100000.00000000003,2.470104084855578e-05,-0.0006047082829025062,-0.0009047082829025063,-0.0009047082829025063,-0.0009294093237510621,-5.047082829025062,1.0000000000000002,3.0000000000000004,0.2470104084855578,-9.294093237510621,True,False
2023-07-10,104313.75592085638,250000000.0,124999999.99999996,125000000.00000003,5589.43521356352,99,99,198,8,0.04040404040404041,0.05,1.0,1.0,1.0,2.0,0.0004172550236834255,0.0004,0.0001,0.0003,100000.0,2.235774085425408e-05,0.0003172550236834255,1.7255023683425538e-05,1.7255023683425538e-05,-5.102717170828542e-06,4.172550236834255,1.0,2.9999999999999996,0.2235774085425408,-0.05102717170828542,True,False
2023-07-11,92797.11320126268,250000000.0,124999999.99999999,124999999.99999999,4872.367518053183,99,99,198,13,0.06565656565656566,0.049999999999999996,1.0,1.0,1.0,2.0,0.0003711884528050507,0.0004,0.0001,0.0003,100000.0,1.948947007221273e-05,0.00027118845280505073,-2.8811547194949243e-05,-2.8811547194949243e-05,-4.8301017267161974e-05,3.7118845280505073,1.0,2.9999999999999996,0.1948947007221273,-0.4830101726716197,True,False
2023-07-12,582322.2955922105,249999999.99999997,124999999.99999997,124999999.99999999,5199.300309544934,98,98,196,10,0.05102040816326531,0.049999999999999996,0.9999999999999999,0.9999999999999999,0.9999999999999999,1.9999999999999998,0.002329289182368842,0.00039999999999999996,9.999999999999999e-05,0.0002999999999999999,99999.99999999999,2.0797201238179736e-05,0.002229289182368842,0.001929289182368842,0.001929289182368842,0.0019084919811306624,23.292891823688418,0.9999999999999999,2.999999999999999,0.20797201238179736,19.084919811306623,True,False
2023-07-13,383503.7049736004,249999999.99999997,125000000.0,124999999.99999996,6122.689637084125,98,98,196,11,0.05612244897959184,0.049999999999999996,0.9999999999999999,0.9999999999999999,0.9999999999999999,1.9999999999999998,0.0015340148198944015,0.00039999999999999996,9.999999999999999e-05,0.0002999999999999999,99999.99999999999,2.44907585483365e-05,0.0014340148198944015,0.0011340148198944015,0.0011340148198944015,0.0011095240613460651,15.340148198944014,0.9999999999999999,2.999999999999999,0.244907585483365,11.095240613460652,True,False
2023-07-14,145027.09032944194,249999999.99999997,124999999.99999996,124999999.99999997,2486.570613381854,98,98,196,11,0.05612244897959184,0.049999999999999996,0.9999999999999999,0.9999999999999999,0.9999999999999999,1.9999999999999998,0.0005801083613177678,0.00039999999999999996,9.999999999999999e-05,0.0002999999999999999,99999.99999999999,9.946282453527416e-06,0.0004801083613177678,0.00018010836131776786,0.00018010836131776786,0.00017016207886424046,5.801083613177678,0.9999999999999999,2.999999999999999,0.09946282453527416,1.7016207886424046,True,False
2023-07-17,242309.49741277218,249999999.99999997,124999999.99999997,124999999.99999999,2802.8640783792907,96,96,192,11,0.057291666666666664,0.05,0.9999999999999999,0.9999999999999999,0.9999999999999999,1.9999999999999998,0.0009692379896510887,0.00039999999999999996,9.999999999999999e-05,0.0002999999999999999,99999.99999999999,1.1211456313517162e-05,0.0008692379896510886,0.0005692379896510887,0.0005692379896510887,0.0005580265333375716,9.692379896510888,0.9999999999999999,2.999999999999999,0.11211456313517162,5.580265333375716,True,False
2023-07-18,498665.53995974676,249999999.99999994,124999999.99999997,124999999.99999997,2693.3786248422757,93,93,186,12,0.06451612903225806,0.04999999999999999,0.9999999999999998,0.9999999999999998,0.9999999999999998,1.9999999999999996,0.001994662159838987,0.0003999999999999999,9.999999999999998e-05,0.0002999999999999999,99999.99999999997,1.0773514499369104e-05,0.001894662159838987,0.001594662159838987,0.001594662159838987,0.001583888645339618,19.94662159838987,0.9999999999999998,2.999999999999999,0.10773514499369104,15.83888645339618,True,False
2023-07-19,-888700.9052365032,249999999.99999997,125000000.0,124999999.99999999,2669.343739324705,91,91,182,18,0.0989010989010989,0.05000000000000001,0.9999999999999999,0.9999999999999999,0.9999999999999999,1.9999999999999998,-0.003554803620946013,0.00039999999999999996,9.999999999999999e-05,0.0002999999999999999,99999.99999999999,1.067737495729882e-05,-0.003654803620946013,-0.003954803620946013,-0.003954803620946013,-0.003965480995903312,-35.54803620946013,0.9999999999999999,2.999999999999999,0.1067737495729882,-39.654809959033116,True,False
2023-07-20,399889.30544788943,250000000.00000003,124999999.99999999,125000000.00000001,2858.3224716687832,93,93,186,12,0.06451612903225806,0.049999999999999996,1.0000000000000002,1.0000000000000002,1.0000000000000002,2.0000000000000004,0.0015995572217915577,0.00040000000000000013,0.00010000000000000003,0.00030000000000000003,100000.00000000003,1.1433289886675134e-05,0.0014995572217915577,0.0011995572217915577,0.0011995572217915577,0.0011881239319048826,15.995572217915576,1.0000000000000002,3.0000000000000004,0.11433289886675134,11.881239319048825,True,False
2023-07-21,-35026.89997379165,250000000.0,125000000.0,125000000.0,2838.3857770438417,92,92,184,13,0.07065217391304347,0.049999999999999996,1.0,1.0,1.0,2.0,-0.0001401075998951666,0.0004,0.0001,0.0003,100000.0,1.1353543108175367e-05,-0.00024010759989516662,-0.0005401075998951666,-0.0005401075998951666,-0.000551461143003342,-1.4010759989516661,1.0,2.9999999999999996,0.11353543108175367,-5.51461143003342,True,False
2023-07-24,734128.3824925538,249999999.99999997,125000000.0,124999999.99999997,2677.6282136954696,88,88,176,7,0.03977272727272727,0.05,0.9999999999999999,0.9999999999999999,0.9999999999999999,1.9999999999999998,0.0029365135299702153,0.00039999999999999996,9.999999999999999e-05,0.0002999999999999999,99999.99999999999,1.0710512854781879e-05,0.0028365135299702154,0.0025365135299702155,0.0025365135299702155,0.0025258030171154337,29.365135299702153,0.9999999999999999,2.999999999999999,0.10710512854781878,25.25803017115434,True,False
2023-07-25,-242742.07609436824,249999999.99999994,124999999.99999996,124999999.99999993,2577.8384623959737,77,77,154,24,0.15584415584415584,0.05000000000000001,0.9999999999999998,0.9999999999999998,0.9999999999999998,1.9999999999999996,-0.000970968304377473,0.0003999999999999999,9.999999999999998e-05,0.0002999999999999999,99999.99999999997,1.0311353849583894e-05,-0.001070968304377473,-0.0013709683043774728,-0.0013709683043774728,-0.0013812796582270566,-9.70968304377473,0.9999999999999998,2.999999999999999,0.10311353849583894,-13.812796582270567,True,False
2023-07-26,1208795.3489355997,249999999.99999997,124999999.99999996,125000000.0,3112.995178051782,75,75,150,23,0.15333333333333332,0.05000000000000001,0.9999999999999999,0.9999999999999999,0.9999999999999999,1.9999999999999998,0.004835181395742399,0.00039999999999999996,9.999999999999999e-05,0.0002999999999999999,99999.99999999999,1.2451980712207129e-05,0.004735181395742399,0.004435181395742399,0.004435181395742399,0.004422729415030192,48.35181395742399,0.9999999999999999,2.999999999999999,0.1245198071220713,44.227294150301915,True,False
2023-07-27,507265.78503873246,249999999.99999997,125000000.0,124999999.99999999,3170.4082446578454,80,80,160,20,0.125,0.05,0.9999999999999999,0.9999999999999999,0.9999999999999999,1.9999999999999998,0.00202906314015493,0.00039999999999999996,9.999999999999999e-05,0.0002999999999999999,99999.99999999999,1.2681632978631382e-05,0.00192906314015493,0.00162906314015493,0.00162906314015493,0.0016163815071762986,20.290631401549298,0.9999999999999999,2.999999999999999,0.12681632978631383,16.163815071762986,True,False
2023-07-28,328525.7490222312,249999999.99999994,124999999.99999994,124999999.99999999,3015.9943862768437,85,85,170,17,0.1,0.05,0.9999999999999998,0.9999999999999998,0.9999999999999998,1.9999999999999996,0.0013141029960889248,0.0003999999999999999,9.999999999999998e-05,0.0002999999999999999,99999.99999999997,1.2063977545107374e-05,0.0012141029960889248,0.0009141029960889249,0.0009141029960889249,0.0009020390185438175,13.141029960889249,0.9999999999999998,2.999999999999999,0.12063977545107374,9.020390185438176,True,False
2023-07-31,-676706.2440798697,249999999.99999997,125000000.0,124999999.99999999,3078.8521377334264,84,84,168,16,0.09523809523809523,0.05,0.9999999999999999,0.9999999999999999,0.9999999999999999,1.9999999999999998,-0.002706824976319479,0.00039999999999999996,9.999999999999999e-05,0.0002999999999999999,99999.99999999999,1.2315408550933706e-05,-0.0028068249763194787,-0.0031068249763194786,-0.0031068249763194786,-0.0031191403848704123,-27.06824976319479,0.9999999999999999,2.999999999999999,0.12315408550933706,-31.191403848704123,True,False
2023-08-01,-1332892.542556936,249999999.99999997,124999999.99999997,124999999.99999996,2813.267676780595,73,73,146,25,0.17123287671232876,0.05,0.9999999999999999,0.9999999999999999,0.9999999999999999,1.9999999999999998,-0.005331570170227744,0.00039999999999999996,9.999999999999999e-05,0.0002999999999999999,99999.99999999999,1.125307070712238e-05,-0.005431570170227744,-0.005731570170227744,-0.005731570170227744,-0.005742823240934867,-53.315701702277444,0.9999999999999999,2.999999999999999,0.1125307070712238,-57.42823240934867,True,False
2023-08-02,-297468.99216462695,249999999.99999997,124999999.99999999,124999999.99999997,2889.9525821453194,73,73,146,17,0.11643835616438356,0.05,0.9999999999999999,0.9999999999999999,0.9999999999999999,1.9999999999999998,-0.0011898759686585077,0.00039999999999999996,9.999999999999999e-05,0.0002999999999999999,99999.99999999999,1.1559810328581278e-05,-0.0012898759686585078,-0.0015898759686585077,-0.0015898759686585077,-0.001601435778987089,-11.898759686585077,0.9999999999999999,2.999999999999999,0.11559810328581278,-16.01435778987089,True,False
2023-08-03,94373.95265996132,249999999.99999997,124999999.99999997,124999999.99999997,2882.788477039241,80,80,160,27,0.16875,0.049999999999999996,0.9999999999999999,0.9999999999999999,0.9999999999999999,1.9999999999999998,0.0003774958106398453,0.00039999999999999996,9.999999999999999e-05,0.0002999999999999999,99999.99999999999,1.1531153908156964e-05,0.0002774958106398453,-2.2504189360154632e-05,-2.2504189360154632e-05,-3.40353432683116e-05,3.774958106398453,0.9999999999999999,2.999999999999999,0.11531153908156964,-0.34035343268311596,True,False
2023-08-04,-17725.619393161985,250000000.00000003,124999999.99999996,125000000.00000001,3229.8545545584057,87,87,174,15,0.08620689655172414,0.04999999999999999,1.0000000000000002,1.0000000000000002,1.0000000000000002,2.0000000000000004,-7.090247757264794e-05,0.00040000000000000013,0.00010000000000000003,0.00030000000000000003,100000.00000000003,1.2919418218233622e-05,-0.00017090247757264797,-0.000470902477572648,-0.000470902477572648,-0.00048382189579088163,-0.7090247757264794,1.0000000000000002,3.0000000000000004,0.12919418218233622,-4.838218957908817,True,False
2023-08-07,-615812.2236919095,249999999.99999997,124999999.99999999,125000000.0,3575.7521123378233,90,90,180,17,0.09444444444444444,0.05000000000000001,0.9999999999999999,0.9999999999999999,0.9999999999999999,1.9999999999999998,-0.002463248894767638,0.00039999999999999996,9.999999999999999e-05,0.0002999999999999999,99999.99999999999,1.4303008449351294e-05,-0.0025632488947676378,-0.0028632488947676377,-0.0028632488947676377,-0.002877551903216989,-24.63248894767638,0.9999999999999999,2.999999999999999,0.14303008449351293,-28.77551903216989,True,False
2023-08-08,124547.55255706825,249999999.99999997,124999999.99999999,124999999.99999999,3401.3421200168705,89,89,178,18,0.10112359550561797,0.05000000000000001,0.9999999999999999,0.9999999999999999,0.9999999999999999,1.9999999999999998,0.000498190210228273,0.00039999999999999996,9.999999999999999e-05,0.0002999999999999999,99999.99999999999,1.3605368480067482e-05,0.000398190210228273,9.819021022827306e-05,9.819021022827306e-05,8.458484174820558e-05,4.98190210228273,0.9999999999999999,2.999999999999999,0.1360536848006748,0.8458484174820557,True,False
2023-08-09,447507.89479723305,250000000.0,125000000.00000001,125000000.0,2792.162086455535,94,94,188,17,0.09042553191489362,0.05,1.0,1.0,1.0,2.0,0.0017900315791889321,0.0004,0.0001,0.0003,100000.0,1.1168648345822139e-05,0.001690031579188932,0.0013900315791889322,0.0013900315791889322,0.00137886293084311,17.900315791889323,1.0,2.9999999999999996,0.1116864834582214,13.788629308431101,True,False
2023-08-10,-958698.7351103659,250000000.0,124999999.99999996,125000000.00000003,2485.5044529365086,97,97,194,9,0.04639175257731959,0.05000000000000001,1.0,1.0,1.0,2.0,-0.0038347949404414637,0.0004,0.0001,0.0003,100000.0,9.942017811746035e-06,-0.0039347949404414636,-0.0042347949404414635,-0.0042347949404414635,-0.004244736958253209,-38.347949404414635,1.0,2.9999999999999996,0.09942017811746034,-42.44736958253209,True,False
2023-08-11,173983.71998044307,250000000.00000003,125000000.0,125000000.00000001,6436.141145080916,98,98,196,14,0.07142857142857142,0.05000000000000001,1.0000000000000002,1.0000000000000002,1.0000000000000002,2.0000000000000004,0.0006959348799217723,0.00040000000000000013,0.00010000000000000003,0.00030000000000000003,100000.00000000003,2.5744564580323667e-05,0.0005959348799217723,0.00029593487992177225,0.00029593487992177225,0.0002701903153414486,6.959348799217723,1.0000000000000002,3.0000000000000004,0.25744564580323664,2.701903153414486,True,False
2023-08-14,127347.22274773559,250000000.0,125000000.0,125000000.0,6734.941706976154,98,98,196,12,0.061224489795918366,0.05000000000000001,1.0,1.0,1.0,2.0,0.0005093888909909423,0.0004,0.0001,0.0003,100000.0,2.6939766827904615e-05,0.0004093888909909423,0.00010938889099094235,0.00010938889099094235,8.244912416303774e-05,5.093888909909423,1.0,2.9999999999999996,0.26939766827904615,0.8244912416303775,True,False
2023-08-15,-142367.15484867743,249999999.99999997,124999999.99999997,124999999.99999997,6630.257597681601,97,97,194,11,0.05670103092783505,0.04999999999999999,0.9999999999999999,0.9999999999999999,0.9999999999999999,1.9999999999999998,-0.0005694686193947097,0.00039999999999999996,9.999999999999999e-05,0.0002999999999999999,99999.99999999999,2.6521030390726403e-05,-0.0006694686193947097,-0.0009694686193947096,-0.0009694686193947096,-0.000995989649785436,-5.694686193947097,0.9999999999999999,2.999999999999999,0.265210303907264,-9.959896497854361,True,False
2023-08-16,-21061.270753981073,249999999.99999997,125000000.00000001,124999999.99999997,6511.964532343815,97,97,194,12,0.061855670103092786,0.04999999999999999,0.9999999999999999,0.9999999999999999,0.9999999999999999,1.9999999999999998,-8.424508301592428e-05,0.00039999999999999996,9.999999999999999e-05,0.0002999999999999999,99999.99999999999,2.604785812937526e-05,-0.00018424508301592428,-0.0004842450830159242,-0.0004842450830159242,-0.0005102929411452995,-0.8424508301592428,0.9999999999999999,2.999999999999999,0.2604785812937526,-5.102929411452995,True,False
2023-08-17,-512864.93888620863,249999999.99999997,124999999.99999996,124999999.99999999,6615.122163473407,97,97,194,20,0.10309278350515463,0.049999999999999996,0.9999999999999999,0.9999999999999999,0.9999999999999999,1.9999999999999998,-0.0020514597555448344,0.00039999999999999996,9.999999999999999e-05,0.0002999999999999999,99999.99999999999,2.646048865389363e-05,-0.0021514597555448343,-0.002451459755544834,-0.002451459755544834,-0.002477920244198728,-20.514597555448344,0.9999999999999999,2.999999999999999,0.26460488653893627,-24.77920244198728,True,False
2023-08-18,245135.35360581378,250000000.0,124999999.99999996,125000000.00000001,6469.044549980683,97,97,194,15,0.07731958762886598,0.05000000000000001,1.0,1.0,1.0,2.0,0.0009805414144232552,0.0004,0.0001,0.0003,100000.0,2.587617819992273e-05,0.0008805414144232551,0.0005805414144232552,0.0005805414144232552,0.0005546652362233325,9.805414144232552,1.0,2.9999999999999996,0.25876178199922734,5.546652362233325,True,False
2023-08-21,-37821.91373346639,250000000.0,125000000.0,124999999.99999999,6894.384431781321,97,97,194,12,0.061855670103092786,0.049999999999999996,1.0,1.0,1.0,2.0,-0.00015128765493386555,0.0004,0.0001,0.0003,100000.0,2.7577537727125282e-05,-0.00025128765493386554,-0.0005512876549338655,-0.0005512876549338655,-0.0005788651926609908,-1.5128765493386556,1.0,2.9999999999999996,0.27577537727125284,-5.788651926609908,True,False
2023-08-22,172281.83491447975,250000000.00000003,124999999.99999999,125000000.00000003,6775.342932408139,97,97,194,19,0.0979381443298969,0.05,1.0000000000000002,1.0000000000000002,1.0000000000000002,2.0000000000000004,0.000689127339657919,0.00040000000000000013,0.00010000000000000003,0.00030000000000000003,100000.00000000003,2.7101371729632556e-05,0.0005891273396579189,0.0002891273396579189,0.0002891273396579189,0.00026202596792828634,6.89127339657919,1.0000000000000002,3.0000000000000004,0.27101371729632556,2.620259679282863,True,False
2023-08-23,717894.9324812633,249999999.99999997,124999999.99999996,124999999.99999999,6606.249483456148,97,97,194,14,0.07216494845360824,0.04999999999999999,0.9999999999999999,0.9999999999999999,0.9999999999999999,1.9999999999999998,0.002871579729925053,0.00039999999999999996,9.999999999999999e-05,0.0002999999999999999,99999.99999999999,2.6424997933824592e-05,0.0027715797299250533,0.0024715797299250533,0.0024715797299250533,0.0024451547319912286,28.715797299250532,0.9999999999999999,2.999999999999999,0.2642499793382459,24.451547319912287,True,False
2023-08-24,-229398.17322701137,249999999.99999997,125000000.0,124999999.99999999,6936.612737232804,98,98,196,21,0.10714285714285714,0.05,0.9999999999999999,0.9999999999999999,0.9999999999999999,1.9999999999999998,-0.0009175926929080455,0.00039999999999999996,9.999999999999999e-05,0.0002999999999999999,99999.99999999999,2.7746450948931213e-05,-0.0010175926929080455,-0.0013175926929080454,-0.0013175926929080454,-0.0013453391438569765,-9.175926929080454,0.9999999999999999,2.999999999999999,0.2774645094893121,-13.453391438569765,True,False
2023-08-25,161388.59586900382,250000000.0,124999999.99999999,124999999.99999999,7196.507246517982,98,98,196,19,0.09693877551020408,0.049999999999999996,1.0,1.0,1.0,2.0,0.0006455543834760153,0.0004,0.0001,0.0003,100000.0,2.8786028986071927e-05,0.0005455543834760152,0.00024555438347601525,0.00024555438347601525,0.00021676835448994334,6.455543834760153,1.0,2.9999999999999996,0.28786028986071927,2.1676835448994334,True,False
2023-08-28,50317.30292081969,249999999.99999997,125000000.0,124999999.99999997,3317.3154371085166,98,98,196,17,0.08673469387755102,0.05,0.9999999999999999,0.9999999999999999,0.9999999999999999,1.9999999999999998,0.00020126921168327875,0.00039999999999999996,9.999999999999999e-05,0.0002999999999999999,99999.99999999999,1.3269261748434067e-05,0.00010126921168327876,-0.00019873078831672116,-0.00019873078831672116,-0.00021200005006515523,2.0126921168327874,0.9999999999999999,2.999999999999999,0.13269261748434066,-2.1200005006515523,True,False
2023-08-29,-31482.378372067033,250000000.00000003,125000000.0,125000000.0,3568.7613727325215,97,97,194,29,0.14948453608247422,0.05,1.0000000000000002,1.0000000000000002,1.0000000000000002,2.0000000000000004,-0.00012592951348826812,0.00040000000000000013,0.00010000000000000003,0.00030000000000000003,100000.00000000003,1.4275045490930086e-05,-0.00022592951348826817,-0.0005259295134882682,-0.0005259295134882682,-0.0005402045589791983,-1.2592951348826813,1.0000000000000002,3.0000000000000004,0.14275045490930086,-5.402045589791983,True,False
2023-08-30,206123.39678960893,249999999.99999997,125000000.0,124999999.99999996,4040.0874933778155,97,97,194,18,0.09278350515463918,0.05,0.9999999999999999,0.9999999999999999,0.9999999999999999,1.9999999999999998,0.0008244935871584357,0.00039999999999999996,9.999999999999999e-05,0.0002999999999999999,99999.99999999999,1.6160349973511262e-05,0.0007244935871584357,0.00042449358715843577,0.00042449358715843577,0.0004083332371849245,8.244935871584357,0.9999999999999999,2.999999999999999,0.16160349973511262,4.083332371849245,True,False
2023-08-31,123852.46598335187,250000000.0,125000000.00000003,125000000.00000001,3537.6224907834926,97,97,194,24,0.12371134020618557,0.05,1.0,1.0,1.0,2.0,0.0004954098639334075,0.0004,0.0001,0.0003,100000.0,1.415048996313397e-05,0.0003954098639334075,9.540986393340753e-05,9.540986393340753e-05,8.125937397027356e-05,4.954098639334075,1.0,2.9999999999999996,0.1415048996313397,0.8125937397027356,True,False
2023-09-01,-469315.90219560894,250000000.0,125000000.0,124999999.99999999,3970.696058737716,98,98,196,35,0.17857142857142858,0.05000000000000001,1.0,1.0,1.0,2.0,-0.0018772636087824358,0.0004,0.0001,0.0003,100000.0,1.5882784234950866e-05,-0.001977263608782436,-0.0022772636087824358,-0.0022772636087824358,-0.0022931463930173867,-18.77263608782436,1.0,2.9999999999999996,0.15882784234950867,-22.931463930173866,True,False
2023-09-05,-105712.83567436029,250000000.0,124999999.99999997,125000000.00000001,3551.569467339942,98,98,196,36,0.1836734693877551,0.05000000000000001,1.0,1.0,1.0,2.0,-0.0004228513426974412,0.0004,0.0001,0.0003,100000.0,1.4206277869359769e-05,-0.0005228513426974412,-0.0008228513426974413,-0.0008228513426974413,-0.0008370576205668011,-4.228513426974412,1.0,2.9999999999999996,0.14206277869359768,-8.37057620566801,True,False
2023-09-06,-1122617.8491818467,249999999.99999997,125000000.0,124999999.99999997,3588.0310677246503,98,98,196,21,0.10714285714285714,0.05,0.9999999999999999,0.9999999999999999,0.9999999999999999,1.9999999999999998,-0.004490471396727387,0.00039999999999999996,9.999999999999999e-05,0.0002999999999999999,99999.99999999999,1.43521242708986e-05,-0.0045904713967273875,-0.0048904713967273875,-0.0048904713967273875,-0.004904823520998286,-44.90471396727387,0.9999999999999999,2.999999999999999,0.143521242708986,-49.04823520998286,True,False
2023-09-07,-309231.15818440734,249999999.99999997,124999999.99999993,125000000.0,2941.0795060027967,98,98,196,16,0.08163265306122448,0.05,0.9999999999999999,0.9999999999999999,0.9999999999999999,1.9999999999999998,-0.0012369246327376294,0.00039999999999999996,9.999999999999999e-05,0.0002999999999999999,99999.99999999999,1.1764318024011186e-05,-0.0013369246327376294,-0.0016369246327376293,-0.0016369246327376293,-0.0016486889507616406,-12.369246327376294,0.9999999999999999,2.999999999999999,0.11764318024011186,-16.486889507616407,True,False
2023-09-08,664226.769455439,250000000.00000003,125000000.0,125000000.0,3004.240122742973,98,98,196,17,0.08673469387755102,0.05,1.0000000000000002,1.0000000000000002,1.0000000000000002,2.0000000000000004,0.0026569070778217556,0.00040000000000000013,0.00010000000000000003,0.00030000000000000003,100000.00000000003,1.2016960490971893e-05,0.0025569070778217557,0.002256907077821756,0.002256907077821756,0.002244890117330784,26.569070778217554,1.0000000000000002,3.0000000000000004,0.12016960490971894,22.44890117330784,True,False
2023-09-11,-611624.9795726946,250000000.0,124999999.99999999,124999999.99999997,3579.6989123312655,99,99,198,19,0.09595959595959595,0.04999999999999999,1.0,1.0,1.0,2.0,-0.0024464999182907785,0.0004,0.0001,0.0003,100000.0,1.4318795649325061e-05,-0.0025464999182907783,-0.0028464999182907782,-0.0028464999182907782,-0.0028608187139401034,-24.464999182907786,1.0,2.9999999999999996,0.1431879564932506,-28.608187139401036,True,False
2023-09-12,116158.48726102471,250000000.0,124999999.99999999,124999999.99999999,3035.057863393764,99,99,198,15,0.07575757575757576,0.049999999999999996,1.0,1.0,1.0,2.0,0.00046463394904409884,0.0004,0.0001,0.0003,100000.0,1.2140231453575055e-05,0.00036463394904409885,6.463394904409887e-05,6.463394904409887e-05,5.2493717590523814e-05,4.6463394904409885,1.0,2.9999999999999996,0.12140231453575055,0.5249371759052381,True,False
2023-09-13,197845.8344767714,249999999.99999994,124999999.99999997,124999999.99999997,3539.6726702559754,99,99,198,26,0.13131313131313133,0.04999999999999999,0.9999999999999998,0.9999999999999998,0.9999999999999998,1.9999999999999996,0.0007913833379070856,0.0003999999999999999,9.999999999999998e-05,0.0002999999999999999,99999.99999999997,1.4158690681023902e-05,0.0006913833379070856,0.0003913833379070857,0.0003913833379070857,0.0003772246472260618,7.913833379070856,0.9999999999999998,2.999999999999999,0.14158690681023903,3.772246472260618,True,False
2023-09-14,-433826.05987313023,250000000.00000003,125000000.00000003,125000000.00000001,2918.165765004052,99,99,198,24,0.12121212121212122,0.049999999999999996,1.0000000000000002,1.0000000000000002,1.0000000000000002,2.0000000000000004,-0.0017353042394925209,0.00040000000000000013,0.00010000000000000003,0.00030000000000000003,100000.00000000003,1.1672663060016207e-05,-0.001835304239492521,-0.002135304239492521,-0.002135304239492521,-0.002146976902552537,-17.353042394925208,1.0000000000000002,3.0000000000000004,0.11672663060016207,-21.46976902552537,True,False
2023-09-15,-507503.84715767443,250000000.0,125000000.00000003,125000000.00000001,3883.757026077712,99,99,198,19,0.09595959595959595,0.049999999999999996,1.0,1.0,1.0,2.0,-0.0020300153886306975,0.0004,0.0001,0.0003,100000.0,1.5535028104310846e-05,-0.0021300153886306974,-0.0024300153886306973,-0.0024300153886306973,-0.002445550416735008,-20.300153886306976,1.0,2.9999999999999996,0.15535028104310847,-24.455504167350078,True,False
2023-09-18,-281556.46301466814,249999999.99999997,125000000.0,125000000.0,3251.2648105375533,99,99,198,20,0.10101010101010101,0.04999999999999999,0.9999999999999999,0.9999999999999999,0.9999999999999999,1.9999999999999998,-0.0011262258520586725,0.00039999999999999996,9.999999999999999e-05,0.0002999999999999999,99999.99999999999,1.3005059242150214e-05,-0.0012262258520586726,-0.0015262258520586725,-0.0015262258520586725,-0.0015392309113008227,-11.262258520586725,0.9999999999999999,2.999999999999999,0.13005059242150213,-15.392309113008228,True,False
2023-09-19,124639.27509030967,250000000.00000006,125000000.00000003,125000000.00000004,2693.311823478837,99,99,198,13,0.06565656565656566,0.05,1.0000000000000002,1.0000000000000002,1.0000000000000002,2.0000000000000004,0.0004985571003612387,0.00040000000000000013,0.00010000000000000003,0.00030000000000000003,100000.00000000003,1.0773247293915348e-05,0.00039855710036123865,9.855710036123862e-05,9.855710036123862e-05,8.778385306732327e-05,4.985571003612387,1.0000000000000002,3.0000000000000004,0.10773247293915347,0.8778385306732327,True,False
2023-09-20,-589364.3685588093,250000000.0,125000000.00000001,124999999.99999999,3163.664670409668,99,99,198,12,0.06060606060606061,0.049999999999999996,1.0,1.0,1.0,2.0,-0.0023574574742352373,0.0004,0.0001,0.0003,100000.0,1.2654658681638671e-05,-0.002457457474235237,-0.002757457474235237,-0.002757457474235237,-0.0027701121329168758,-23.57457474235237,1.0,2.9999999999999996,0.1265465868163867,-27.701121329168757,True,False
2023-09-21,771457.8038949004,250000000.0,124999999.99999996,125000000.00000001,3044.3936118237552,99,99,198,13,0.06565656565656566,0.049999999999999996,1.0,1.0,1.0,2.0,0.0030858312155796013,0.0004,0.0001,0.0003,100000.0,1.217757444729502e-05,0.0029858312155796015,0.0026858312155796015,0.0026858312155796015,0.0026736536411323063,30.858312155796014,1.0,2.9999999999999996,0.1217757444729502,26.736536411323062,True,False
2023-09-22,-332456.7529194805,249999999.99999997,124999999.99999993,125000000.00000001,3151.350990337148,99,99,198,23,0.11616161616161616,0.05000000000000001,0.9999999999999999,0.9999999999999999,0.9999999999999999,1.9999999999999998,-0.001329827011677922,0.00039999999999999996,9.999999999999999e-05,0.0002999999999999999,99999.99999999999,1.2605403961348591e-05,-0.0014298270116779221,-0.001729827011677922,-0.001729827011677922,-0.0017424324156392708,-13.298270116779221,0.9999999999999999,2.999999999999999,0.1260540396134859,-17.424324156392707,True,False
2023-09-25,-515549.498753491,250000000.00000003,125000000.0,125000000.0,3287.733445566228,99,99,198,14,0.0707070707070707,0.05,1.0000000000000002,1.0000000000000002,1.0000000000000002,2.0000000000000004,-0.002062197995013964,0.00040000000000000013,0.00010000000000000003,0.00030000000000000003,100000.00000000003,1.3150933782264912e-05,-0.002162197995013964,-0.0024621979950139638,-0.0024621979950139638,-0.0024753489287962288,-20.62197995013964,1.0000000000000002,3.0000000000000004,0.13150933782264912,-24.75348928796229,True,False
2023-09-26,348166.0383122868,249999999.99999994,125000000.0,124999999.99999999,3178.099186830335,98,98,196,19,0.09693877551020408,0.049999999999999996,0.9999999999999998,0.9999999999999998,0.9999999999999998,1.9999999999999996,0.0013926641532491472,0.0003999999999999999,9.999999999999998e-05,0.0002999999999999999,99999.99999999997,1.271239674732134e-05,0.001292664153249147,0.0009926641532491472,0.0009926641532491472,0.0009799517565018258,13.926641532491471,0.9999999999999998,2.999999999999999,0.1271239674732134,9.799517565018258,True,False
2023-09-27,-167341.38834410452,249999999.99999994,124999999.99999997,124999999.99999999,2440.7450113641266,98,98,196,20,0.10204081632653061,0.049999999999999996,0.9999999999999998,0.9999999999999998,0.9999999999999998,1.9999999999999996,-0.000669365553376418,0.0003999999999999999,9.999999999999998e-05,0.0002999999999999999,99999.99999999997,9.762980045456506e-06,-0.000769365553376418,-0.001069365553376418,-0.001069365553376418,-0.0010791285334218743,-6.69365553376418,0.9999999999999998,2.999999999999999,0.09762980045456505,-10.791285334218744,True,False
2023-09-28,553835.7751105875,250000000.00000003,125000000.0,125000000.00000001,3498.04694342111,98,98,196,17,0.08673469387755102,0.05,1.0000000000000002,1.0000000000000002,1.0000000000000002,2.0000000000000004,0.00221534310044235,0.00040000000000000013,0.00010000000000000003,0.00030000000000000003,100000.00000000003,1.399218777368444e-05,0.00211534310044235,0.0018153431004423503,0.0018153431004423503,0.0018013509126686659,22.1534310044235,1.0000000000000002,3.0000000000000004,0.1399218777368444,18.01350912668666,True,False
2023-09-29,163612.53469382695,250000000.0,124999999.99999996,125000000.00000001,3307.0803187426363,99,99,198,21,0.10606060606060606,0.05000000000000001,1.0,1.0,1.0,2.0,0.0006544501387753078,0.0004,0.0001,0.0003,100000.0,1.3228321274970545e-05,0.0005544501387753077,0.00025445013877530774,0.00025445013877530774,0.00024122181750033719,6.544501387753078,1.0,2.9999999999999996,0.13228321274970545,2.412218175003372,True,False
2023-10-02,-526568.5417298321,250000000.0,125000000.00000003,125000000.0,3381.45340699569,99,99,198,21,0.10606060606060606,0.049999999999999996,1.0,1.0,1.0,2.0,-0.002106274166919328,0.0004,0.0001,0.0003,100000.0,1.3525813627982759e-05,-0.002206274166919328,-0.002506274166919328,-0.002506274166919328,-0.0025197999805473105,-21.062741669193283,1.0,2.9999999999999996,0.13525813627982758,-25.197999805473106,True,False
2023-10-03,14549.835049224943,250000000.00000003,125000000.00000001,125000000.0,2614.4973846826647,99,99,198,12,0.06060606060606061,0.049999999999999996,1.0000000000000002,1.0000000000000002,1.0000000000000002,2.0000000000000004,5.8199340196899774e-05,0.00040000000000000013,0.00010000000000000003,0.00030000000000000003,100000.00000000003,1.045798953873066e-05,-4.180065980310026e-05,-0.0003418006598031003,-0.0003418006598031003,-0.00035225864934183094,0.5819934019689977,1.0000000000000002,3.0000000000000004,0.1045798953873066,-3.5225864934183093,True,False
2023-10-04,-375832.6826996914,250000000.00000003,125000000.0,125000000.0,2785.3648170889846,98,98,196,18,0.09183673469387756,0.05000000000000001,1.0000000000000002,1.0000000000000002,1.0000000000000002,2.0000000000000004,-0.0015033307307987655,0.00040000000000000013,0.00010000000000000003,0.00030000000000000003,100000.00000000003,1.114145926835594e-05,-0.0016033307307987655,-0.0019033307307987656,-0.0019033307307987656,-0.0019144721900671215,-15.033307307987654,1.0000000000000002,3.0000000000000004,0.1114145926835594,-19.144721900671215,True,False
2023-10-05,-325699.5887681509,250000000.0,124999999.99999999,125000000.00000001,3165.9870619686844,99,99,198,17,0.08585858585858586,0.049999999999999996,1.0,1.0,1.0,2.0,-0.0013027983550726035,0.0004,0.0001,0.0003,100000.0,1.2663948247874738e-05,-0.0014027983550726035,-0.0017027983550726034,-0.0017027983550726034,-0.0017154623033204782,-13.027983550726034,1.0,2.9999999999999996,0.12663948247874737,-17.154623033204782,True,False
2023-10-06,-341364.28540835745,250000000.0,124999999.99999999,124999999.99999997,2609.636019826376,99,99,198,19,0.09595959595959595,0.05,1.0,1.0,1.0,2.0,-0.0013654571416334299,0.0004,0.0001,0.0003,100000.0,1.0438544079305505e-05,-0.00146545714163343,-0.0017654571416334298,-0.0017654571416334298,-0.0017758956857127353,-13.6545714163343,1.0,2.9999999999999996,0.10438544079305505,-17.75895685712735,True,False
2023-10-09,263405.51328086236,250000000.00000003,124999999.99999996,125000000.00000004,2709.4043419823165,99,99,198,15,0.07575757575757576,0.05,1.0000000000000002,1.0000000000000002,1.0000000000000002,2.0000000000000004,0.0010536220531234494,0.00040000000000000013,0.00010000000000000003,0.00030000000000000003,100000.00000000003,1.0837617367929267e-05,0.0009536220531234493,0.0006536220531234493,0.0006536220531234493,0.0006427844357555201,10.536220531234493,1.0000000000000002,3.0000000000000004,0.10837617367929267,6.427844357555201,True,False
2023-10-10,-191927.00196658986,250000000.00000003,125000000.0,125000000.00000001,3030.7973789582256,98,98,196,13,0.0663265306122449,0.05,1.0000000000000002,1.0000000000000002,1.0000000000000002,2.0000000000000004,-0.0007677080078663594,0.00040000000000000013,0.00010000000000000003,0.00030000000000000003,100000.00000000003,1.2123189515832903e-05,-0.0008677080078663595,-0.0011677080078663594,-0.0011677080078663594,-0.0011798311973821923,-7.677080078663595,1.0000000000000002,3.0000000000000004,0.12123189515832904,-11.798311973821923,True,False
2023-10-11,377564.1294194505,250000000.0,125000000.0,125000000.0,3992.8467717078906,98,98,196,14,0.07142857142857142,0.05000000000000001,1.0,1.0,1.0,2.0,0.0015102565176778019,0.0004,0.0001,0.0003,100000.0,1.5971387086831562e-05,0.0014102565176778018,0.0011102565176778019,0.0011102565176778019,0.0010942851305909703,15.102565176778018,1.0,2.9999999999999996,0.15971387086831562,10.942851305909702,True,False
2023-10-12,210576.66829141,250000000.0,124999999.99999999,125000000.00000001,2613.9082633152166,98,98,196,11,0.05612244897959184,0.05,1.0,1.0,1.0,2.0,0.00084230667316564,0.0004,0.0001,0.0003,100000.0,1.0455633053260866e-05,0.00074230667316564,0.00044230667316564,0.00044230667316564,0.0004318510401123791,8.4230667316564,1.0,2.9999999999999996,0.10455633053260867,4.318510401123791,True,False
2023-10-13,71020.3794777085,250000000.00000003,124999999.99999999,125000000.0,3129.4371627766536,98,98,196,16,0.08163265306122448,0.05,1.0000000000000002,1.0000000000000002,1.0000000000000002,2.0000000000000004,0.000284081517910834,0.00040000000000000013,0.00010000000000000003,0.00030000000000000003,100000.00000000003,1.2517748651106615e-05,0.00018408151791083396,-0.00011591848208916607,-0.00011591848208916607,-0.00012843623074027267,2.8408151791083402,1.0000000000000002,3.0000000000000004,0.12517748651106614,-1.2843623074027268,True,False
2023-10-16,-823226.8374263989,249999999.99999994,124999999.99999993,124999999.99999999,2739.258253908941,96,96,192,17,0.08854166666666667,0.05000000000000001,0.9999999999999998,0.9999999999999998,0.9999999999999998,1.9999999999999996,-0.0032929073497055955,0.0003999999999999999,9.999999999999998e-05,0.0002999999999999999,99999.99999999997,1.0957033015635763e-05,-0.0033929073497055953,-0.0036929073497055953,-0.0036929073497055953,-0.003703864382721231,-32.92907349705595,0.9999999999999998,2.999999999999999,0.10957033015635763,-37.03864382721231,True,False
2023-10-17,-133523.130926749,249999999.99999997,124999999.99999997,124999999.99999999,2396.6299781639905,92,92,184,25,0.1358695652173913,0.049999999999999996,0.9999999999999999,0.9999999999999999,0.9999999999999999,1.9999999999999998,-0.000534092523706996,0.00039999999999999996,9.999999999999999e-05,0.0002999999999999999,99999.99999999999,9.586519912655962e-06,-0.0006340925237069959,-0.0009340925237069958,-0.0009340925237069958,-0.0009436790436196517,-5.34092523706996,0.9999999999999999,2.999999999999999,0.09586519912655962,-9.436790436196517,True,False
2023-10-18,-39694.73023256492,249999999.99999997,125000000.0,124999999.99999999,2964.7284885333693,92,92,184,17,0.09239130434782608,0.049999999999999996,0.9999999999999999,0.9999999999999999,0.9999999999999999,1.9999999999999998,-0.0001587789209302597,0.00039999999999999996,9.999999999999999e-05,0.0002999999999999999,99999.99999999999,1.1858913954133477e-05,-0.00025877892093025966,-0.0005587789209302596,-0.0005587789209302596,-0.0005706378348843931,-1.587789209302597,0.9999999999999999,2.999999999999999,0.11858913954133476,-5.706378348843931,True,False
2023-10-19,-1184756.4341003648,249999999.99999994,124999999.99999994,124999999.99999997,3194.0896999021084,94,94,188,23,0.12234042553191489,0.05,0.9999999999999998,0.9999999999999998,0.9999999999999998,1.9999999999999996,-0.004739025736401459,0.0003999999999999999,9.999999999999998e-05,0.0002999999999999999,99999.99999999997,1.2776358799608433e-05,-0.004839025736401459,-0.005139025736401459,-0.005139025736401459,-0.005151802095201067,-47.39025736401459,0.9999999999999998,2.999999999999999,0.12776358799608434,-51.51802095201067,True,False
2023-10-20,-659904.4169372979,250000000.00000003,124999999.99999999,125000000.0,2431.0395522607896,93,93,186,19,0.10215053763440861,0.049999999999999996,1.0000000000000002,1.0000000000000002,1.0000000000000002,2.0000000000000004,-0.002639617667749192,0.00040000000000000013,0.00010000000000000003,0.00030000000000000003,100000.00000000003,9.724158209043158e-06,-0.0027396176677491916,-0.0030396176677491915,-0.0030396176677491915,-0.0030493418259582347,-26.39617667749192,1.0000000000000002,3.0000000000000004,0.09724158209043159,-30.493418259582345,True,False
2023-10-23,577908.4120527916,249999999.99999997,125000000.0,124999999.99999999,3166.9265408215274,89,89,178,20,0.11235955056179775,0.05000000000000001,0.9999999999999999,0.9999999999999999,0.9999999999999999,1.9999999999999998,0.002311633648211166,0.00039999999999999996,9.999999999999999e-05,0.0002999999999999999,99999.99999999999,1.266770616328611e-05,0.0022116336482111663,0.0019116336482111664,0.0019116336482111664,0.0018989659420478803,23.116336482111663,0.9999999999999999,2.999999999999999,0.1266770616328611,18.9896594204788,True,False
2023-10-24,-382094.5849636099,249999999.99999997,124999999.99999993,125000000.0,3072.8822841267856,78,78,156,18,0.11538461538461539,0.04999999999999999,0.9999999999999999,0.9999999999999999,0.9999999999999999,1.9999999999999998,-0.0015283783398544395,0.00039999999999999996,9.999999999999999e-05,0.0002999999999999999,99999.99999999999,1.2291529136507142e-05,-0.0016283783398544395,-0.0019283783398544394,-0.0019283783398544394,-0.0019406698689909466,-15.283783398544395,0.9999999999999999,2.999999999999999,0.12291529136507143,-19.406698689909465,True,False
2023-10-25,-15385.36714525646,249999999.9999999,124999999.99999996,124999999.99999994,2632.538582493438,76,76,152,18,0.11842105263157894,0.05,0.9999999999999997,0.9999999999999997,0.9999999999999997,1.9999999999999993,-6.154146858102584e-05,0.0003999999999999999,9.999999999999998e-05,0.00029999999999999987,99999.99999999997,1.0530154329973752e-05,-0.00016154146858102583,-0.0004615414685810257,-0.0004615414685810257,-0.00047207162291099943,-0.6154146858102584,0.9999999999999998,2.9999999999999987,0.10530154329973752,-4.720716229109994,True,False
2023-10-26,790445.0036696431,250000000.0,124999999.99999999,125000000.0,2705.4091473612643,81,81,162,26,0.16049382716049382,0.05000000000000001,1.0,1.0,1.0,2.0,0.0031617800146785725,0.0004,0.0001,0.0003,100000.0,1.0821636589445058e-05,0.0030617800146785727,0.0027617800146785727,0.0027617800146785727,0.0027509583780891277,31.617800146785726,1.0,2.9999999999999996,0.10821636589445058,27.509583780891276,True,False
2023-10-27,478301.27411846333,249999999.99999994,124999999.99999996,124999999.99999997,3607.1841875213586,86,86,172,18,0.10465116279069768,0.05,0.9999999999999998,0.9999999999999998,0.9999999999999998,1.9999999999999996,0.0019132050964738533,0.0003999999999999999,9.999999999999998e-05,0.0002999999999999999,99999.99999999997,1.4428736750085434e-05,0.0018132050964738532,0.0015132050964738533,0.0015132050964738533,0.001498776359723768,19.132050964738532,0.9999999999999998,2.999999999999999,0.14428736750085433,14.987763597237679,True,False
2023-10-30,115999.19004435562,250000000.0000001,124999999.99999997,125000000.00000006,2621.5500090055457,87,87,174,16,0.09195402298850575,0.05000000000000001,1.0000000000000004,1.0000000000000004,1.0000000000000004,2.000000000000001,0.00046399676017742247,0.0004000000000000002,0.00010000000000000005,0.0003000000000000001,100000.00000000004,1.0486200036022183e-05,0.0003639967601774224,6.399676017742234e-05,6.399676017742234e-05,5.3510560141400156e-05,4.639967601774225,1.0000000000000004,3.000000000000001,0.10486200036022184,0.5351056014140015,True,False
2023-10-31,-45619.47253441128,249999999.99999994,124999999.99999999,124999999.99999999,2689.925100790754,74,74,148,21,0.14189189189189189,0.05000000000000001,0.9999999999999998,0.9999999999999998,0.9999999999999998,1.9999999999999996,-0.00018247789013764513,0.0003999999999999999,9.999999999999998e-05,0.0002999999999999999,99999.99999999997,1.0759700403163017e-05,-0.0002824778901376451,-0.0005824778901376451,-0.0005824778901376451,-0.0005932375905408081,-1.8247789013764513,0.9999999999999998,2.999999999999999,0.10759700403163017,-5.932375905408081,True,False
2023-11-01,846131.3894621566,249999999.99999994,124999999.99999994,124999999.99999997,2793.8540573525074,74,74,148,26,0.17567567567567569,0.05000000000000001,0.9999999999999998,0.9999999999999998,0.9999999999999998,1.9999999999999996,0.0033845255578486264,0.0003999999999999999,9.999999999999998e-05,0.0002999999999999999,99999.99999999997,1.117541622941003e-05,0.0032845255578486266,0.0029845255578486267,0.0029845255578486267,0.002973350141619217,33.84525557848627,0.9999999999999998,2.999999999999999,0.11175416229410029,29.73350141619217,True,False
2023-11-02,166613.8149246723,249999999.99999997,124999999.99999997,125000000.0,2665.0621331279212,79,79,158,20,0.12658227848101267,0.05000000000000001,0.9999999999999999,0.9999999999999999,0.9999999999999999,1.9999999999999998,0.0006664552596986892,0.00039999999999999996,9.999999999999999e-05,0.0002999999999999999,99999.99999999999,1.0660248532511685e-05,0.0005664552596986892,0.0002664552596986893,0.0002664552596986893,0.0002557950111661776,6.664552596986892,0.9999999999999999,2.999999999999999,0.10660248532511685,2.5579501116617758,True,False
2023-11-03,117940.46108453195,249999999.99999997,124999999.99999996,124999999.99999997,2576.151696283668,89,89,178,23,0.12921348314606743,0.05000000000000001,0.9999999999999999,0.9999999999999999,0.9999999999999999,1.9999999999999998,0.0004717618443381278,0.00039999999999999996,9.999999999999999e-05,0.0002999999999999999,99999.99999999999,1.0304606785134672e-05,0.0003717618443381278,7.176184433812789e-05,7.176184433812789e-05,6.145723755299322e-05,4.717618443381278,0.9999999999999999,2.999999999999999,0.10304606785134672,0.6145723755299322,True,False
2023-11-06,-57827.068331161274,249999999.99999997,125000000.0,124999999.99999999,2723.738792702564,89,89,178,14,0.07865168539325842,0.05000000000000001,0.9999999999999999,0.9999999999999999,0.9999999999999999,1.9999999999999998,-0.0002313082733246451,0.00039999999999999996,9.999999999999999e-05,0.0002999999999999999,99999.99999999999,1.0894955170810255e-05,-0.0003313082733246451,-0.000631308273324645,-0.000631308273324645,-0.0006422032284954552,-2.3130827332464508,0.9999999999999999,2.999999999999999,0.10894955170810255,-6.422032284954552,True,False
2023-11-07,-203821.9989737235,249999999.99999997,124999999.99999997,124999999.99999997,2662.5843518621073,86,86,172,18,0.10465116279069768,0.05,0.9999999999999999,0.9999999999999999,0.9999999999999999,1.9999999999999998,-0.000815287995894894,0.00039999999999999996,9.999999999999999e-05,0.0002999999999999999,99999.99999999999,1.065033740744843e-05,-0.000915287995894894,-0.001215287995894894,-0.001215287995894894,-0.0012259383333023423,-8.15287995894894,0.9999999999999999,2.999999999999999,0.10650337407448429,-12.259383333023424,True,False
2023-11-08,421743.16087809793,249999999.99999997,124999999.99999997,124999999.99999999,2732.9711154234515,89,89,178,10,0.056179775280898875,0.05,0.9999999999999999,0.9999999999999999,0.9999999999999999,1.9999999999999998,0.0016869726435123917,0.00039999999999999996,9.999999999999999e-05,0.0002999999999999999,99999.99999999999,1.0931884461693806e-05,0.0015869726435123917,0.0012869726435123918,0.0012869726435123918,0.001276040759050698,16.869726435123916,0.9999999999999999,2.999999999999999,0.10931884461693805,12.76040759050698,True,False
2023-11-09,-214509.038416952,249999999.99999994,124999999.99999997,124999999.99999994,2593.054207382856,94,94,188,12,0.06382978723404255,0.05,0.9999999999999998,0.9999999999999998,0.9999999999999998,1.9999999999999996,-0.000858036153667808,0.0003999999999999999,9.999999999999998e-05,0.0002999999999999999,99999.99999999997,1.0372216829531425e-05,-0.000958036153667808,-0.0012580361536678078,-0.0012580361536678078,-0.0012684083704973391,-8.58036153667808,0.9999999999999998,2.999999999999999,0.10372216829531425,-12.684083704973391,True,False
2023-11-10,-552185.8526987026,250000000.00000003,124999999.99999999,125000000.00000001,2260.0349207750573,97,97,194,14,0.07216494845360824,0.05000000000000001,1.0000000000000002,1.0000000000000002,1.0000000000000002,2.0000000000000004,-0.0022087434107948105,0.00040000000000000013,0.00010000000000000003,0.00030000000000000003,100000.00000000003,9.040139683100229e-06,-0.0023087434107948103,-0.0026087434107948102,-0.0026087434107948102,-0.0026177835504779105,-22.087434107948106,1.0000000000000002,3.0000000000000004,0.09040139683100229,-26.177835504779104,True,False
2023-11-13,336053.48901303735,250000000.0,124999999.99999999,125000000.0,4884.2994701396,98,98,196,17,0.08673469387755102,0.05,1.0,1.0,1.0,2.0,0.0013442139560521495,0.0004,0.0001,0.0003,100000.0,1.95371978805584e-05,0.0012442139560521494,0.0009442139560521495,0.0009442139560521495,0.0009246767581715911,13.442139560521495,1.0,2.9999999999999996,0.19537197880558402,9.246767581715911,True,False
2023-11-14,226962.09041360824,250000000.00000003,125000000.0,125000000.00000001,6220.074075298413,97,97,194,18,0.09278350515463918,0.049999999999999996,1.0000000000000002,1.0000000000000002,1.0000000000000002,2.0000000000000004,0.0009078483616544329,0.00040000000000000013,0.00010000000000000003,0.00030000000000000003,100000.00000000003,2.4880296301193653e-05,0.0008078483616544329,0.0005078483616544328,0.0005078483616544328,0.00048296806535323917,9.078483616544329,1.0000000000000002,3.0000000000000004,0.24880296301193652,4.8296806535323915,True,False
2023-11-15,32952.932288902855,249999999.99999997,124999999.99999996,125000000.0,4923.013833872014,97,97,194,13,0.06701030927835051,0.049999999999999996,0.9999999999999999,0.9999999999999999,0.9999999999999999,1.9999999999999998,0.00013181172915561142,0.00039999999999999996,9.999999999999999e-05,0.0002999999999999999,99999.99999999999,1.9692055335488057e-05,3.181172915561143e-05,-0.0002681882708443885,-0.0002681882708443885,-0.0002878803261798766,1.3181172915561141,0.9999999999999999,2.999999999999999,0.19692055335488057,-2.878803261798766,True,False
2023-11-16,1130.7627205547706,250000000.00000006,125000000.0,125000000.00000003,4904.1066535107975,97,97,194,13,0.06701030927835051,0.05,1.0000000000000002,1.0000000000000002,1.0000000000000002,2.0000000000000004,4.523050882219082e-06,0.00040000000000000013,0.00010000000000000003,0.00030000000000000003,100000.00000000003,1.961642661404319e-05,-9.547694911778096e-05,-0.00039547694911778097,-0.00039547694911778097,-0.0004150933757318242,0.04523050882219082,1.0000000000000002,3.0000000000000004,0.19616426614043192,-4.150933757318242,True,False
2023-11-17,124164.63584588011,249999999.99999997,124999999.99999997,125000000.0,2955.8007872808603,97,97,194,13,0.06701030927835051,0.04999999999999999,0.9999999999999999,0.9999999999999999,0.9999999999999999,1.9999999999999998,0.0004966585433835204,0.00039999999999999996,9.999999999999999e-05,0.0002999999999999999,99999.99999999999,1.182320314912344e-05,0.00039665854338352045,9.665854338352053e-05,9.665854338352053e-05,8.483534023439709e-05,4.9665854338352045,0.9999999999999999,2.999999999999999,0.1182320314912344,0.8483534023439709,True,False
2023-11-20,-267702.90936536225,250000000.0,124999999.99999999,125000000.0,2594.268213381926,97,97,194,10,0.05154639175257732,0.049999999999999996,1.0,1.0,1.0,2.0,-0.001070811637461449,0.0004,0.0001,0.0003,100000.0,1.0377072853527706e-05,-0.001170811637461449,-0.001470811637461449,-0.001470811637461449,-0.0014811887103149766,-10.70811637461449,1.0,2.9999999999999996,0.10377072853527705,-14.811887103149767,True,False
2023-11-21,220891.47829720797,250000000.00000003,125000000.0,125000000.0,2575.494310478793,97,97,194,12,0.061855670103092786,0.05,1.0000000000000002,1.0000000000000002,1.0000000000000002,2.0000000000000004,0.0008835659131888318,0.00040000000000000013,0.00010000000000000003,0.00030000000000000003,100000.00000000003,1.0301977241915172e-05,0.0007835659131888318,0.00048356591318883177,0.00048356591318883177,0.0004732639359469166,8.835659131888319,1.0000000000000002,3.0000000000000004,0.10301977241915172,4.732639359469166,True,False
2023-11-22,-248364.0852535885,250000000.00000003,125000000.0,125000000.0,2607.5508210848466,99,99,198,17,0.08585858585858586,0.05,1.0000000000000002,1.0000000000000002,1.0000000000000002,2.0000000000000004,-0.000993456341014354,0.00040000000000000013,0.00010000000000000003,0.00030000000000000003,100000.00000000003,1.0430203284339386e-05,-0.0010934563410143542,-0.0013934563410143543,-0.0013934563410143543,-0.0014038865442986936,-9.934563410143541,1.0000000000000002,3.0000000000000004,0.10430203284339386,-14.038865442986936,True,False
2023-11-24,-134533.53236647556,250000000.0,125000000.00000004,125000000.0,2610.5071929332594,99,99,198,16,0.08080808080808081,0.049999999999999996,1.0,1.0,1.0,2.0,-0.0005381341294659022,0.0004,0.0001,0.0003,100000.0,1.0442028771733037e-05,-0.0006381341294659022,-0.0009381341294659022,-0.0009381341294659022,-0.0009485761582376353,-5.381341294659022,1.0,2.9999999999999996,0.10442028771733038,-9.485761582376352,True,False
2023-11-27,-349366.07244116825,249999999.99999997,125000000.0,125000000.0,5714.669854233079,98,98,196,22,0.11224489795918367,0.05000000000000001,0.9999999999999999,0.9999999999999999,0.9999999999999999,1.9999999999999998,-0.001397464289764673,0.00039999999999999996,9.999999999999999e-05,0.0002999999999999999,99999.99999999999,2.2858679416932315e-05,-0.001497464289764673,-0.001797464289764673,-0.001797464289764673,-0.0018203229691816053,-13.97464289764673,0.9999999999999999,2.999999999999999,0.22858679416932315,-18.203229691816052,True,False
2023-11-28,3900.7006110645793,250000000.0,125000000.00000001,125000000.0,5145.465447183976,97,97,194,14,0.07216494845360824,0.049999999999999996,1.0,1.0,1.0,2.0,1.5602802444258316e-05,0.0004,0.0001,0.0003,100000.0,2.0581861788735905e-05,-8.439719755574169e-05,-0.00038439719755574165,-0.00038439719755574165,-0.00040497905934447755,0.15602802444258315,1.0,2.9999999999999996,0.20581861788735906,-4.049790593444776,True,False
2023-11-29,427176.3231545447,249999999.99999997,124999999.99999996,125000000.0,2761.9639128641775,97,97,194,9,0.04639175257731959,0.049999999999999996,0.9999999999999999,0.9999999999999999,0.9999999999999999,1.9999999999999998,0.0017087052926181789,0.00039999999999999996,9.999999999999999e-05,0.0002999999999999999,99999.99999999999,1.104785565145671e-05,0.0016087052926181788,0.0013087052926181789,0.0013087052926181789,0.0012976574369667222,17.087052926181787,0.9999999999999999,2.999999999999999,0.1104785565145671,12.976574369667222,True,False
2023-11-30,-179541.04685285164,250000000.00000003,125000000.00000001,125000000.00000003,2951.838487967666,98,98,196,6,0.030612244897959183,0.05,1.0000000000000002,1.0000000000000002,1.0000000000000002,2.0000000000000004,-0.0007181641874114066,0.00040000000000000013,0.00010000000000000003,0.00030000000000000003,100000.00000000003,1.1807353951870664e-05,-0.0008181641874114066,-0.0011181641874114068,-0.0011181641874114068,-0.0011299715413632774,-7.1816418741140655,1.0000000000000002,3.0000000000000004,0.11807353951870664,-11.299715413632773,True,False
2023-12-01,-251664.71571460785,249999999.99999997,124999999.99999997,125000000.0,2656.545866756947,98,98,196,10,0.05102040816326531,0.05000000000000001,0.9999999999999999,0.9999999999999999,0.9999999999999999,1.9999999999999998,-0.0010066588628584313,0.00039999999999999996,9.999999999999999e-05,0.0002999999999999999,99999.99999999999,1.0626183467027787e-05,-0.0011066588628584314,-0.0014066588628584313,-0.0014066588628584313,-0.001417285046325459,-10.066588628584313,0.9999999999999999,2.999999999999999,0.10626183467027787,-14.17285046325459,True,False
2023-12-04,-385576.1909597555,250000000.00000003,125000000.0,125000000.00000001,3111.432255066117,98,98,196,7,0.03571428571428571,0.05000000000000001,1.0000000000000002,1.0000000000000002,1.0000000000000002,2.0000000000000004,-0.001542304763839022,0.00040000000000000013,0.00010000000000000003,0.00030000000000000003,100000.00000000003,1.2445729020264466e-05,-0.001642304763839022,-0.0019423047638390221,-0.0019423047638390221,-0.0019547504928592867,-15.42304763839022,1.0000000000000002,3.0000000000000004,0.12445729020264466,-19.54750492859287,True,False
2023-12-05,828679.097031138,250000000.0,125000000.0,125000000.00000001,2655.873546403342,98,98,196,25,0.12755102040816327,0.05000000000000001,1.0,1.0,1.0,2.0,0.003314716388124552,0.0004,0.0001,0.0003,100000.0,1.0623494185613368e-05,0.0032147163881245523,0.0029147163881245524,0.0029147163881245524,0.002904092893938939,33.14716388124552,1.0,2.9999999999999996,0.10623494185613368,29.04092893938939,True,False
2023-12-06,33457.622148273316,250000000.0,125000000.00000001,125000000.0,2780.194814520434,97,97,194,12,0.061855670103092786,0.049999999999999996,1.0,1.0,1.0,2.0,0.00013383048859309327,0.0004,0.0001,0.0003,100000.0,1.1120779258081736e-05,3.3830488593093264e-05,-0.0002661695114069067,-0.0002661695114069067,-0.0002772902906649884,1.3383048859309328,1.0,2.9999999999999996,0.11120779258081737,-2.7729029066498843,True,False
2023-12-07,-73489.25211513606,249999999.99999997,125000000.0,124999999.99999996,2405.3335407679733,98,98,196,15,0.07653061224489796,0.05,0.9999999999999999,0.9999999999999999,0.9999999999999999,1.9999999999999998,-0.00029395700846054424,0.00039999999999999996,9.999999999999999e-05,0.0002999999999999999,99999.99999999999,9.621334163071893e-06,-0.00039395700846054423,-0.0006939570084605442,-0.0006939570084605442,-0.0007035783426236161,-2.9395700846054424,0.9999999999999999,2.999999999999999,0.09621334163071893,-7.0357834262361605,True,False
2023-12-08,-184903.37903049463,249999999.99999997,124999999.99999999,124999999.99999999,2860.0911191877813,98,98,196,14,0.07142857142857142,0.05,0.9999999999999999,0.9999999999999999,0.9999999999999999,1.9999999999999998,-0.0007396135161219786,0.00039999999999999996,9.999999999999999e-05,0.0002999999999999999,99999.99999999999,1.1440364476751125e-05,-0.0008396135161219786,-0.0011396135161219785,-0.0011396135161219785,-0.0011510538805987298,-7.396135161219785,0.9999999999999999,2.999999999999999,0.11440364476751125,-11.510538805987297,True,False
2023-12-11,-578839.2548430655,249999999.99999997,124999999.99999997,125000000.00000003,2553.517205735029,99,99,198,13,0.06565656565656566,0.05,0.9999999999999999,0.9999999999999999,0.9999999999999999,1.9999999999999998,-0.002315357019372262,0.00039999999999999996,9.999999999999999e-05,0.0002999999999999999,99999.99999999999,1.0214068822940117e-05,-0.002415357019372262,-0.002715357019372262,-0.002715357019372262,-0.002725571088195202,-23.153570193722622,0.9999999999999999,2.999999999999999,0.10214068822940117,-27.25571088195202,True,False
2023-12-12,-221344.1099652764,250000000.0,124999999.99999997,124999999.99999999,2227.662434657475,98,98,196,15,0.07653061224489796,0.05000000000000001,1.0,1.0,1.0,2.0,-0.0008853764398611057,0.0004,0.0001,0.0003,100000.0,8.910649738629899e-06,-0.0009853764398611057,-0.0012853764398611056,-0.0012853764398611056,-0.0012942870895997355,-8.853764398611057,1.0,2.9999999999999996,0.08910649738629899,-12.942870895997356,True,False
2023-12-13,1508601.879571476,250000000.0,125000000.00000001,125000000.00000001,2446.2784739406165,98,98,196,14,0.07142857142857142,0.05000000000000001,1.0,1.0,1.0,2.0,0.006034407518285904,0.0004,0.0001,0.0003,100000.0,9.785113895762466e-06,0.005934407518285904,0.005634407518285904,0.005634407518285904,0.005624622404390141,60.344075182859044,1.0,2.9999999999999996,0.09785113895762466,56.246224043901414,True,False
2023-12-14,531985.0146599134,250000000.0,124999999.99999999,124999999.99999999,2987.141138178883,98,98,196,26,0.1326530612244898,0.05,1.0,1.0,1.0,2.0,0.0021279400586396535,0.0004,0.0001,0.0003,100000.0,1.1948564552715531e-05,0.0020279400586396537,0.0017279400586396538,0.0017279400586396538,0.0017159914940869383,21.279400586396534,1.0,2.9999999999999996,0.11948564552715532,17.15991494086938,True,False
2023-12-15,-436657.9453754355,250000000.00000003,125000000.00000004,125000000.00000003,3299.5511197336473,99,99,198,19,0.09595959595959595,0.05000000000000001,1.0000000000000002,1.0000000000000002,1.0000000000000002,2.0000000000000004,-0.001746631781501742,0.00040000000000000013,0.00010000000000000003,0.00030000000000000003,100000.00000000003,1.319820447893459e-05,-0.001846631781501742,-0.002146631781501742,-0.002146631781501742,-0.0021598299859806767,-17.46631781501742,1.0000000000000002,3.0000000000000004,0.1319820447893459,-21.59829985980677,True,False
2023-12-18,301290.95828330854,250000000.00000003,124999999.99999999,125000000.00000001,2720.2956894039685,99,99,198,9,0.045454545454545456,0.049999999999999996,1.0000000000000002,1.0000000000000002,1.0000000000000002,2.0000000000000004,0.0012051638331332343,0.00040000000000000013,0.00010000000000000003,0.00030000000000000003,100000.00000000003,1.0881182757615874e-05,0.0011051638331332342,0.0008051638331332342,0.0008051638331332342,0.0007942826503756183,12.051638331332343,1.0000000000000002,3.0000000000000004,0.10881182757615875,7.942826503756183,True,False
2023-12-19,-237892.38778730057,250000000.00000003,125000000.0,125000000.00000003,2721.1505376642594,98,98,196,12,0.061224489795918366,0.05000000000000001,1.0000000000000002,1.0000000000000002,1.0000000000000002,2.0000000000000004,-0.0009515695511492023,0.00040000000000000013,0.00010000000000000003,0.00030000000000000003,100000.00000000003,1.0884602150657037e-05,-0.0010515695511492023,-0.0013515695511492022,-0.0013515695511492022,-0.0013624541532998593,-9.515695511492023,1.0000000000000002,3.0000000000000004,0.10884602150657037,-13.624541532998593,True,False
2023-12-20,727543.919776785,249999999.99999997,125000000.0,125000000.0,3147.989815287252,98,98,196,19,0.09693877551020408,0.05,0.9999999999999999,0.9999999999999999,0.9999999999999999,1.9999999999999998,0.00291017567910714,0.00039999999999999996,9.999999999999999e-05,0.0002999999999999999,99999.99999999999,1.2591959261149008e-05,0.00281017567910714,0.0025101756791071402,0.0025101756791071402,0.0024975837198459912,29.1017567910714,0.9999999999999999,2.999999999999999,0.12591959261149008,24.975837198459914,True,False
2023-12-21,-147825.60949264368,249999999.99999997,125000000.0,125000000.0,2536.3453477484422,98,98,196,18,0.09183673469387756,0.05000000000000001,0.9999999999999999,0.9999999999999999,0.9999999999999999,1.9999999999999998,-0.0005913024379705747,0.00039999999999999996,9.999999999999999e-05,0.0002999999999999999,99999.99999999999,1.0145381390993769e-05,-0.0006913024379705747,-0.0009913024379705746,-0.0009913024379705746,-0.0010014478193615683,-5.913024379705747,0.9999999999999999,2.999999999999999,0.10145381390993768,-10.014478193615684,True,False
2023-12-22,114115.5132031375,250000000.0,124999999.99999999,124999999.99999999,3044.4141774209234,99,99,198,11,0.05555555555555555,0.04999999999999999,1.0,1.0,1.0,2.0,0.00045646205281255,0.0004,0.0001,0.0003,100000.0,1.2177656709683694e-05,0.00035646205281255,5.646205281255003e-05,5.646205281255003e-05,4.428439610286634e-05,4.5646205281255,1.0,2.9999999999999996,0.12177656709683693,0.4428439610286634,True,False
2023-12-26,217546.8893237588,249999999.99999997,125000000.00000001,124999999.99999999,2526.6157681979867,99,99,198,18,0.09090909090909091,0.04999999999999999,0.9999999999999999,0.9999999999999999,0.9999999999999999,1.9999999999999998,0.0008701875572950352,0.00039999999999999996,9.999999999999999e-05,0.0002999999999999999,99999.99999999999,1.0106463072791947e-05,0.0007701875572950353,0.00047018755729503537,0.00047018755729503537,0.00046008109422224344,8.701875572950351,0.9999999999999999,2.999999999999999,0.10106463072791948,4.600810942222434,True,False
2023-12-27,-114592.89779766495,250000000.00000003,124999999.99999999,125000000.0,2882.7904139472907,99,99,198,12,0.06060606060606061,0.049999999999999996,1.0000000000000002,1.0000000000000002,1.0000000000000002,2.0000000000000004,-0.0004583715911906598,0.00040000000000000013,0.00010000000000000003,0.00030000000000000003,100000.00000000003,1.1531161655789163e-05,-0.0005583715911906598,-0.0008583715911906598,-0.0008583715911906598,-0.000869902752846449,-4.583715911906598,1.0000000000000002,3.0000000000000004,0.11531161655789163,-8.699027528464491,True,False
2023-12-28,-106994.69716239008,249999999.99999997,124999999.99999997,125000000.0,2783.6173844298546,99,99,198,10,0.050505050505050504,0.049999999999999996,0.9999999999999999,0.9999999999999999,0.9999999999999999,1.9999999999999998,-0.0004279787886495603,0.00039999999999999996,9.999999999999999e-05,0.0002999999999999999,99999.99999999999,1.1134469537719419e-05,-0.0005279787886495603,-0.0008279787886495602,-0.0008279787886495602,-0.0008391132581872797,-4.279787886495603,0.9999999999999999,2.999999999999999,0.11134469537719419,-8.391132581872796,True,False
2023-12-29,-320102.0448532222,250000000.0,124999999.99999999,124999999.99999999,5333.345920038641,93,93,186,16,0.08602150537634409,0.04999999999999999,1.0,1.0,1.0,2.0,-0.0012804081794128889,0.0004,0.0001,0.0003,100000.0,2.1333383680154566e-05,-0.001380408179412889,-0.0016804081794128888,-0.0016804081794128888,-0.0017017415630930434,-12.804081794128889,1.0,2.9999999999999996,0.21333383680154566,-17.017415630930433,True,False
2024-01-02,-343544.1511226907,249999999.99999997,125000000.00000004,124999999.99999997,5063.071410652291,99,99,198,12,0.06060606060606061,0.04999999999999998,0.9999999999999999,0.9999999999999999,0.9999999999999999,1.9999999999999998,-0.0013741766044907627,0.00039999999999999996,9.999999999999999e-05,0.0002999999999999999,99999.99999999999,2.0252285642609163e-05,-0.0014741766044907628,-0.0017741766044907627,-0.0017741766044907627,-0.0017944288901333718,-13.741766044907628,0.9999999999999999,2.999999999999999,0.20252285642609164,-17.944288901333717,True,False
2024-01-03,-423312.4561708708,250000000.0,124999999.99999999,124999999.99999999,5066.197155473461,99,99,198,8,0.04040404040404041,0.04999999999999999,1.0,1.0,1.0,2.0,-0.0016932498246834831,0.0004,0.0001,0.0003,100000.0,2.0264788621893843e-05,-0.0017932498246834832,-0.002093249824683483,-0.002093249824683483,-0.002113514613305377,-16.932498246834832,1.0,2.9999999999999996,0.20264788621893842,-21.13514613305377,True,False
2024-01-04,-343608.2148716362,249999999.99999994,124999999.99999994,125000000.0,5235.661272834338,98,98,196,10,0.05102040816326531,0.05,0.9999999999999998,0.9999999999999998,0.9999999999999998,1.9999999999999996,-0.0013744328594865447,0.0003999999999999999,9.999999999999998e-05,0.0002999999999999999,99999.99999999997,2.0942645091337353e-05,-0.0014744328594865448,-0.0017744328594865447,-0.0017744328594865447,-0.001795375504577882,-13.744328594865447,0.9999999999999998,2.999999999999999,0.20942645091337353,-17.95375504577882,True,False
2024-01-05,133931.8338846934,250000000.0,124999999.99999999,125000000.0,4942.30288986013,98,98,196,7,0.03571428571428571,0.05000000000000001,1.0,1.0,1.0,2.0,0.0005357273355387736,0.0004,0.0001,0.0003,100000.0,1.976921155944052e-05,0.0004357273355387736,0.00013572733553877362,0.00013572733553877362,0.0001159581239793331,5.357273355387735,1.0,2.9999999999999996,0.1976921155944052,1.159581239793331,True,False
2024-01-08,63495.4271183479,249999999.99999997,124999999.99999997,124999999.99999996,4780.033164066942,98,98,196,10,0.05102040816326531,0.05,0.9999999999999999,0.9999999999999999,0.9999999999999999,1.9999999999999998,0.00025398170847339157,0.00039999999999999996,9.999999999999999e-05,0.0002999999999999999,99999.99999999999,1.912013265626777e-05,0.00015398170847339158,-0.00014601829152660834,-0.00014601829152660834,-0.0001651384241828761,2.5398170847339157,0.9999999999999999,2.999999999999999,0.1912013265626777,-1.6513842418287612,True,False
2024-01-09,-129327.23804625533,249999999.99999994,124999999.99999997,124999999.99999997,4891.579867686106,98,98,196,11,0.05612244897959184,0.04999999999999998,0.9999999999999998,0.9999999999999998,0.9999999999999998,1.9999999999999996,-0.0005173089521850213,0.0003999999999999999,9.999999999999998e-05,0.0002999999999999999,99999.99999999997,1.9566319470744423e-05,-0.0006173089521850213,-0.0009173089521850212,-0.0009173089521850212,-0.0009368752716557656,-5.173089521850213,0.9999999999999998,2.999999999999999,0.19566319470744423,-9.368752716557657,True,False
2024-01-10,127937.62306785397,249999999.99999997,124999999.99999999,124999999.99999999,4605.261132538512,98,98,196,4,0.02040816326530612,0.05,0.9999999999999999,0.9999999999999999,0.9999999999999999,1.9999999999999998,0.0005117504922714158,0.00039999999999999996,9.999999999999999e-05,0.0002999999999999999,99999.99999999999,1.8421044530154048e-05,0.00041175049227141586,0.00011175049227141594,0.00011175049227141594,9.332944774126189e-05,5.117504922714159,0.9999999999999999,2.999999999999999,0.1842104453015405,0.9332944774126188,True,False
2024-01-11,-298252.62173058663,250000000.0,124999999.99999999,125000000.0,4329.903717326272,98,98,196,11,0.05612244897959184,0.05000000000000001,1.0,1.0,1.0,2.0,-0.0011930104869223466,0.0004,0.0001,0.0003,100000.0,1.731961486930509e-05,-0.0012930104869223467,-0.0015930104869223466,-0.0015930104869223466,-0.0016103301017916516,-11.930104869223467,1.0,2.9999999999999996,0.1731961486930509,-16.103301017916515,True,False
2024-01-12,-446861.40820229845,249999999.99999997,124999999.99999994,125000000.00000003,2633.736398743526,98,98,196,5,0.025510204081632654,0.05,0.9999999999999999,0.9999999999999999,0.9999999999999999,1.9999999999999998,-0.0017874456328091939,0.00039999999999999996,9.999999999999999e-05,0.0002999999999999999,99999.99999999999,1.0534945594974104e-05,-0.001887445632809194,-0.0021874456328091936,-0.0021874456328091936,-0.002197980578404168,-17.874456328091938,0.9999999999999999,2.999999999999999,0.10534945594974103,-21.97980578404168,True,False
2024-01-16,-1153291.7877421654,250000000.00000006,125000000.0,125000000.00000003,2399.1255382319428,97,97,194,9,0.04639175257731959,0.05,1.0000000000000002,1.0000000000000002,1.0000000000000002,2.0000000000000004,-0.004613167150968662,0.00040000000000000013,0.00010000000000000003,0.00030000000000000003,100000.00000000003,9.596502152927771e-06,-0.004713167150968662,-0.005013167150968662,-0.005013167150968662,-0.005022763653121589,-46.13167150968662,1.0000000000000002,3.0000000000000004,0.09596502152927772,-50.22763653121589,True,False
2024-01-17,864725.0689637501,249999999.99999997,124999999.99999999,124999999.99999997,2452.576079227144,96,96,192,8,0.041666666666666664,0.05,0.9999999999999999,0.9999999999999999,0.9999999999999999,1.9999999999999998,0.0034589002758550007,0.00039999999999999996,9.999999999999999e-05,0.0002999999999999999,99999.99999999999,9.810304316908576e-06,0.003358900275855001,0.003058900275855001,0.003058900275855001,0.003049089971538092,34.58900275855001,0.9999999999999999,2.999999999999999,0.09810304316908576,30.490899715380923,True,False
2024-01-18,203502.33193732842,249999999.9999999,124999999.99999994,124999999.99999994,2877.8730422823714,96,96,192,21,0.109375,0.05,0.9999999999999997,0.9999999999999997,0.9999999999999997,1.9999999999999993,0.0008140093277493137,0.0003999999999999999,9.999999999999998e-05,0.00029999999999999987,99999.99999999997,1.1511492169129486e-05,0.0007140093277493137,0.00041400932774931387,0.00041400932774931387,0.0004024978355801844,8.140093277493136,0.9999999999999998,2.9999999999999987,0.11511492169129485,4.024978355801844,True,False
2024-01-19,566732.0826167257,249999999.99999994,124999999.99999994,124999999.99999997,2835.3020508337145,96,96,192,17,0.08854166666666667,0.05000000000000001,0.9999999999999998,0.9999999999999998,0.9999999999999998,1.9999999999999996,0.0022669283304669026,0.0003999999999999999,9.999999999999998e-05,0.0002999999999999999,99999.99999999997,1.1341208203334858e-05,0.002166928330466903,0.0018669283304669029,0.0018669283304669029,0.001855587122263568,22.669283304669026,0.9999999999999998,2.999999999999999,0.11341208203334857,18.55587122263568,True,False
2024-01-22,384293.59603084973,249999999.99999994,124999999.99999994,124999999.99999997,3039.074005028746,96,96,192,15,0.078125,0.05,0.9999999999999998,0.9999999999999998,0.9999999999999998,1.9999999999999996,0.001537174384123399,0.0003999999999999999,9.999999999999998e-05,0.0002999999999999999,99999.99999999997,1.2156296020114984e-05,0.001437174384123399,0.001137174384123399,0.001137174384123399,0.001125018088103284,15.37174384123399,0.9999999999999998,2.999999999999999,0.12156296020114984,11.25018088103284,True,False
2024-01-23,810303.5958257183,249999999.99999994,124999999.99999996,124999999.99999999,2860.544152170094,91,91,182,23,0.12637362637362637,0.05000000000000001,0.9999999999999998,0.9999999999999998,0.9999999999999998,1.9999999999999996,0.003241214383302873,0.0003999999999999999,9.999999999999998e-05,0.0002999999999999999,99999.99999999997,1.1442176608680376e-05,0.003141214383302873,0.0028412143833028733,0.0028412143833028733,0.002829772206694193,32.41214383302873,0.9999999999999998,2.999999999999999,0.11442176608680377,28.29772206694193,True,False
2024-01-24,807357.0518574071,249999999.9999999,124999999.9999999,124999999.99999999,2673.922354547222,91,91,182,14,0.07692307692307693,0.05,0.9999999999999997,0.9999999999999997,0.9999999999999997,1.9999999999999993,0.0032294282074296285,0.0003999999999999999,9.999999999999998e-05,0.00029999999999999987,99999.99999999997,1.0695689418188887e-05,0.0031294282074296287,0.0028294282074296287,0.0028294282074296287,0.0028187325180114397,32.294282074296284,0.9999999999999998,2.9999999999999987,0.10695689418188888,28.187325180114396,True,False
2024-01-25,-80782.71257796303,250000000.00000003,125000000.0,125000000.00000001,2749.530226745501,92,92,184,19,0.10326086956521739,0.05000000000000001,1.0000000000000002,1.0000000000000002,1.0000000000000002,2.0000000000000004,-0.0003231308503118521,0.00040000000000000013,0.00010000000000000003,0.00030000000000000003,100000.00000000003,1.0998120906982003e-05,-0.00042313085031185215,-0.0007231308503118522,-0.0007231308503118522,-0.0007341289712188342,-3.231308503118521,1.0000000000000002,3.0000000000000004,0.10998120906982002,-7.341289712188342,True,False
2024-01-26,307283.65926754265,249999999.99999988,124999999.99999988,125000000.0,2406.616234088833,94,94,188,9,0.047872340425531915,0.05000000000000001,0.9999999999999996,0.9999999999999996,0.9999999999999996,1.9999999999999991,0.0012291346370701707,0.00039999999999999986,9.999999999999996e-05,0.00029999999999999987,99999.99999999997,9.626464936355333e-06,0.0011291346370701707,0.0008291346370701707,0.0008291346370701707,0.0008195081721338154,12.291346370701707,0.9999999999999997,2.9999999999999987,0.09626464936355333,8.195081721338154,True,False
2024-01-29,-177794.87076202504,249999999.99999994,124999999.99999994,125000000.0,2334.10164978431,92,92,184,16,0.08695652173913043,0.05000000000000001,0.9999999999999998,0.9999999999999998,0.9999999999999998,1.9999999999999996,-0.0007111794830481002,0.0003999999999999999,9.999999999999998e-05,0.0002999999999999999,99999.99999999997,9.336406599137241e-06,-0.0008111794830481001,-0.0011111794830481001,-0.0011111794830481001,-0.0011205158896472373,-7.111794830481002,0.9999999999999998,2.999999999999999,0.09336406599137241,-11.205158896472373,True,False
2024-01-30,-804729.0506537278,250000000.0,124999999.99999996,124999999.99999997,2569.5766824124184,87,87,174,19,0.10919540229885058,0.04999999999999998,1.0,1.0,1.0,2.0,-0.0032189162026149114,0.0004,0.0001,0.0003,100000.0,1.0278306729649674e-05,-0.0033189162026149113,-0.003618916202614911,-0.003618916202614911,-0.003629194509344561,-32.18916202614911,1.0,2.9999999999999996,0.10278306729649674,-36.29194509344561,True,False
2024-01-31,494603.13465800195,249999999.9999999,124999999.99999994,125000000.0,2719.828915054257,86,86,172,21,0.12209302325581395,0.05000000000000001,0.9999999999999997,0.9999999999999997,0.9999999999999997,1.9999999999999993,0.0019784125386320076,0.0003999999999999999,9.999999999999998e-05,0.00029999999999999987,99999.99999999997,1.0879315660217027e-05,0.0018784125386320076,0.0015784125386320077,0.0015784125386320077,0.0015675332229717906,19.784125386320078,0.9999999999999998,2.9999999999999987,0.10879315660217027,15.675332229717906,True,False
2024-02-01,-537535.7465335246,250000000.0,124999999.99999999,124999999.99999999,2503.690332787548,90,90,180,10,0.05555555555555555,0.05,1.0,1.0,1.0,2.0,-0.0021501429861340983,0.0004,0.0001,0.0003,100000.0,1.0014761331150191e-05,-0.002250142986134098,-0.002550142986134098,-0.002550142986134098,-0.002560157747465248,-21.501429861340984,1.0,2.9999999999999996,0.10014761331150192,-25.60157747465248,True,False
2024-02-02,-164821.09432523677,249999999.99999997,124999999.99999997,125000000.0,2588.270891726819,91,91,182,14,0.07692307692307693,0.05000000000000001,0.9999999999999999,0.9999999999999999,0.9999999999999999,1.9999999999999998,-0.0006592843773009471,0.00039999999999999996,9.999999999999999e-05,0.0002999999999999999,99999.99999999999,1.0353083566907277e-05,-0.000759284377300947,-0.001059284377300947,-0.001059284377300947,-0.0010696374608678543,-6.592843773009471,0.9999999999999999,2.999999999999999,0.10353083566907277,-10.696374608678543,True,False
2024-02-05,202010.03386657115,249999999.99999994,124999999.99999997,124999999.99999996,2673.551792845304,88,88,176,17,0.09659090909090909,0.04999999999999998,0.9999999999999998,0.9999999999999998,0.9999999999999998,1.9999999999999996,0.0008080401354662846,0.0003999999999999999,9.999999999999998e-05,0.0002999999999999999,99999.99999999997,1.0694207171381217e-05,0.0007080401354662846,0.0004080401354662847,0.0004080401354662847,0.00039734592829490347,8.080401354662845,0.9999999999999998,2.999999999999999,0.10694207171381218,3.9734592829490345,True,False
2024-02-06,281658.4026812931,250000000.0,124999999.99999996,125000000.0,2618.6777382668483,81,81,162,12,0.07407407407407407,0.049999999999999996,1.0,1.0,1.0,2.0,0.0011266336107251724,0.0004,0.0001,0.0003,100000.0,1.0474710953067393e-05,0.0010266336107251724,0.0007266336107251724,0.0007266336107251724,0.0007161588997721051,11.266336107251725,1.0,2.9999999999999996,0.10474710953067394,7.161588997721051,True,False
2024-02-07,252106.743017275,249999999.99999997,124999999.99999999,124999999.99999997,2458.174564446344,83,83,166,13,0.0783132530120482,0.05,0.9999999999999999,0.9999999999999999,0.9999999999999999,1.9999999999999998,0.0010084269720691001,0.00039999999999999996,9.999999999999999e-05,0.0002999999999999999,99999.99999999999,9.832698257785376e-06,0.0009084269720691001,0.0006084269720691001,0.0006084269720691001,0.0005985942738113148,10.084269720691001,0.9999999999999999,2.999999999999999,0.09832698257785376,5.985942738113148,True,False
2024-02-08,490796.4311965449,249999999.99999994,124999999.99999994,125000000.0,3519.6247018844206,88,88,176,13,0.07386363636363637,0.05000000000000001,0.9999999999999998,0.9999999999999998,0.9999999999999998,1.9999999999999996,0.0019631857247861795,0.0003999999999999999,9.999999999999998e-05,0.0002999999999999999,99999.99999999997,1.4078498807537682e-05,0.0018631857247861795,0.0015631857247861796,0.0015631857247861796,0.001549107225978642,19.631857247861795,0.9999999999999998,2.999999999999999,0.14078498807537682,15.491072259786419,True,False
2024-02-09,113661.42154562756,250000000.00000003,124999999.99999999,125000000.00000001,3203.7010699526254,93,93,186,11,0.05913978494623656,0.05000000000000001,1.0000000000000002,1.0000000000000002,1.0000000000000002,2.0000000000000004,0.0004546456861825102,0.00040000000000000013,0.00010000000000000003,0.00030000000000000003,100000.00000000003,1.2814804279810501e-05,0.0003546456861825102,5.464568618251015e-05,5.464568618251015e-05,4.183088190269965e-05,4.546456861825102,1.0000000000000002,3.0000000000000004,0.12814804279810502,0.41830881902699646,True,False
2024-02-12,-1636525.1554431883,249999999.99999994,124999999.99999994,124999999.99999999,2791.5609018006444,91,91,182,14,0.07692307692307693,0.05,0.9999999999999998,0.9999999999999998,0.9999999999999998,1.9999999999999996,-0.006546100621772753,0.0003999999999999999,9.999999999999998e-05,0.0002999999999999999,99999.99999999997,1.1166243607202577e-05,-0.006646100621772753,-0.006946100621772753,-0.006946100621772753,-0.006957266865379956,-65.46100621772753,0.9999999999999998,2.999999999999999,0.11166243607202578,-69.57266865379957,True,False
2024-02-13,597234.489809105,249999999.99999997,124999999.99999996,124999999.99999996,3980.200096982457,87,87,174,11,0.06321839080459771,0.04999999999999996,0.9999999999999999,0.9999999999999999,0.9999999999999999,1.9999999999999998,0.00238893795923642,0.00039999999999999996,9.999999999999999e-05,0.0002999999999999999,99999.99999999999,1.592080038792983e-05,0.0022889379592364203,0.0019889379592364204,0.0019889379592364204,0.0019730171588484904,23.8893795923642,0.9999999999999999,2.999999999999999,0.1592080038792983,19.730171588484904,True,False
2024-02-14,117885.16815627836,249999999.99999997,125000000.0,125000000.0,4509.267993968996,89,89,178,9,0.05056179775280899,0.05000000000000001,0.9999999999999999,0.9999999999999999,0.9999999999999999,1.9999999999999998,0.00047154067262511343,0.00039999999999999996,9.999999999999999e-05,0.0002999999999999999,99999.99999999999,1.8037071975875984e-05,0.00037154067262511344,7.154067262511352e-05,7.154067262511352e-05,5.3503600649237534e-05,4.7154067262511346,0.9999999999999999,2.999999999999999,0.18037071975875985,0.5350360064923754,True,False
2024-02-15,222331.49765413566,249999999.99999997,124999999.99999997,125000000.0,4325.015140762376,91,91,182,9,0.04945054945054945,0.05000000000000001,0.9999999999999999,0.9999999999999999,0.9999999999999999,1.9999999999999998,0.0008893259906165426,0.00039999999999999996,9.999999999999999e-05,0.0002999999999999999,99999.99999999999,1.7300060563049503e-05,0.0007893259906165426,0.0004893259906165427,0.0004893259906165427,0.00047202593005349314,8.893259906165426,0.9999999999999999,2.999999999999999,0.17300060563049502,4.720259300534932,True,False
2024-02-16,-135746.90447365493,249999999.99999994,124999999.99999994,124999999.99999997,3535.541917568401,96,96,192,9,0.046875,0.05,0.9999999999999998,0.9999999999999998,0.9999999999999998,1.9999999999999996,-0.0005429876178946197,0.0003999999999999999,9.999999999999998e-05,0.0002999999999999999,99999.99999999997,1.4142167670273603e-05,-0.0006429876178946196,-0.0009429876178946195,-0.0009429876178946195,-0.0009571297855648931,-5.429876178946197,0.9999999999999998,2.999999999999999,0.14142167670273603,-9.57129785564893,True,False
2024-02-20,-991210.1835105178,249999999.99999997,124999999.99999999,125000000.0,4441.70568699235,92,92,184,12,0.06521739130434782,0.05,0.9999999999999999,0.9999999999999999,0.9999999999999999,1.9999999999999998,-0.003964840734042071,0.00039999999999999996,9.999999999999999e-05,0.0002999999999999999,99999.99999999999,1.77668227479694e-05,-0.004064840734042071,-0.004364840734042071,-0.004364840734042071,-0.0043826075567900405,-39.64840734042071,0.9999999999999999,2.999999999999999,0.177668227479694,-43.8260755679004,True,False
2024-02-21,1495705.9195588734,249999999.99999997,125000000.0,125000000.0,4429.951654488353,89,89,178,15,0.08426966292134831,0.05000000000000001,0.9999999999999999,0.9999999999999999,0.9999999999999999,1.9999999999999998,0.005982823678235494,0.00039999999999999996,9.999999999999999e-05,0.0002999999999999999,99999.99999999999,1.771980661795341e-05,0.0058828236782354935,0.005582823678235494,0.005582823678235494,0.00556510387161754,59.828236782354935,0.9999999999999999,2.999999999999999,0.1771980661795341,55.65103871617541,True,False
2024-02-22,4485.292968176873,249999999.99999994,124999999.99999996,124999999.99999997,4545.569522720521,91,91,182,11,0.06043956043956044,0.05000000000000001,0.9999999999999998,0.9999999999999998,0.9999999999999998,1.9999999999999996,1.7941171872707493e-05,0.0003999999999999999,9.999999999999998e-05,0.0002999999999999999,99999.99999999997,1.8182278090882082e-05,-8.205882812729248e-05,-0.0003820588281272924,-0.0003820588281272924,-0.00040024110621817447,0.17941171872707493,0.9999999999999998,2.999999999999999,0.1818227809088208,-4.002411062181745,True,False
2024-02-23,196716.65363211572,250000000.0,125000000.00000003,124999999.99999999,4728.245562493585,93,93,186,12,0.06451612903225806,0.04999999999999999,1.0,1.0,1.0,2.0,0.0007868666145284628,0.0004,0.0001,0.0003,100000.0,1.8912982249974338e-05,0.0006868666145284628,0.0003868666145284628,0.0003868666145284628,0.0003679536322784885,7.868666145284628,1.0,2.9999999999999996,0.1891298224997434,3.6795363227848847,True,False
2024-02-26,207294.75096093438,250000000.00000003,125000000.0,125000000.00000001,4389.711216819154,92,92,184,9,0.04891304347826087,0.05000000000000001,1.0000000000000002,1.0000000000000002,1.0000000000000002,2.0000000000000004,0.0008291790038437375,0.00040000000000000013,0.00010000000000000003,0.00030000000000000003,100000.00000000003,1.7558844867276617e-05,0.0007291790038437374,0.0004291790038437374,0.0004291790038437374,0.0004116201589764608,8.291790038437375,1.0000000000000002,3.0000000000000004,0.17558844867276616,4.116201589764608,True,False
2024-02-27,-310519.43082555826,250000000.00000003,125000000.0,125000000.00000001,5092.315378786332,90,90,180,9,0.05,0.05,1.0000000000000002,1.0000000000000002,1.0000000000000002,2.0000000000000004,-0.001242077723302233,0.00040000000000000013,0.00010000000000000003,0.00030000000000000003,100000.00000000003,2.0369261515145328e-05,-0.0013420777233022331,-0.0016420777233022332,-0.0016420777233022332,-0.0016624469848173786,-12.420777233022331,1.0000000000000002,3.0000000000000004,0.2036926151514533,-16.624469848173785,True,False
2024-02-28,181811.456431475,249999999.99999994,124999999.99999997,124999999.99999996,4538.725677220775,91,91,182,4,0.02197802197802198,0.05,0.9999999999999998,0.9999999999999998,0.9999999999999998,1.9999999999999996,0.0007272458257259,0.0003999999999999999,9.999999999999998e-05,0.0002999999999999999,99999.99999999997,1.81549027088831e-05,0.0006272458257259001,0.0003272458257259002,0.0003272458257259002,0.0003090909230170171,7.272458257259,0.9999999999999998,2.999999999999999,0.181549027088831,3.090909230170171,True,False
2024-02-29,379762.36537294614,249999999.99999994,124999999.99999994,124999999.99999999,4130.326397052734,95,95,190,4,0.021052631578947368,0.05,0.9999999999999998,0.9999999999999998,0.9999999999999998,1.9999999999999996,0.0015190494614917846,0.0003999999999999999,9.999999999999998e-05,0.0002999999999999999,99999.99999999997,1.6521305588210935e-05,0.0014190494614917846,0.0011190494614917847,0.0011190494614917847,0.0011025281559035737,15.190494614917846,0.9999999999999998,2.999999999999999,0.16521305588210936,11.025281559035736,True,False
2024-03-01,853981.1141438779,249999999.99999997,124999999.99999999,125000000.0,4449.93640414155,98,98,196,9,0.04591836734693878,0.05,0.9999999999999999,0.9999999999999999,0.9999999999999999,1.9999999999999998,0.0034159244565755116,0.00039999999999999996,9.999999999999999e-05,0.0002999999999999999,99999.99999999999,1.77997456165662e-05,0.003315924456575512,0.003015924456575512,0.003015924456575512,0.002998124710958946,34.15924456575512,0.9999999999999999,2.999999999999999,0.177997456165662,29.981247109589457,True,False
2024-03-04,-563561.7650350932,250000000.0,124999999.99999999,125000000.0,4703.716029963933,98,98,196,7,0.03571428571428571,0.049999999999999996,1.0,1.0,1.0,2.0,-0.0022542470601403727,0.0004,0.0001,0.0003,100000.0,1.881486411985573e-05,-0.0023542470601403726,-0.0026542470601403725,-0.0026542470601403725,-0.0026730619242602283,-22.54247060140373,1.0,2.9999999999999996,0.18814864119855731,-26.730619242602284,True,False
2024-03-05,868473.7800029772,249999999.99999997,124999999.99999996,125000000.0,4731.642588810395,97,97,194,5,0.02577319587628866,0.049999999999999996,0.9999999999999999,0.9999999999999999,0.9999999999999999,1.9999999999999998,0.003473895120011909,0.00039999999999999996,9.999999999999999e-05,0.0002999999999999999,99999.99999999999,1.892657035524158e-05,0.0033738951200119093,0.0030738951200119094,0.0030738951200119094,0.0030549685496566678,34.73895120011909,0.9999999999999999,2.999999999999999,0.1892657035524158,30.549685496566678,True,False
2024-03-06,299294.92816679185,249999999.99999997,124999999.99999996,124999999.99999997,6102.378070414777,97,97,194,11,0.05670103092783505,0.04999999999999999,0.9999999999999999,0.9999999999999999,0.9999999999999999,1.9999999999999998,0.0011971797126671675,0.00039999999999999996,9.999999999999999e-05,0.0002999999999999999,99999.99999999999,2.4409512281659106e-05,0.0010971797126671675,0.0007971797126671675,0.0007971797126671675,0.0007727702003855084,11.971797126671675,0.9999999999999999,2.999999999999999,0.24409512281659107,7.727702003855084,True,False
2024-03-07,142712.527039078,249999999.99999997,124999999.99999996,124999999.99999999,4534.781985506452,97,97,194,4,0.020618556701030927,0.04999999999999998,0.9999999999999999,0.9999999999999999,0.9999999999999999,1.9999999999999998,0.0005708501081563121,0.00039999999999999996,9.999999999999999e-05,0.0002999999999999999,99999.99999999999,1.8139127942025806e-05,0.00047085010815631207,0.00017085010815631215,0.00017085010815631215,0.00015271098021428633,5.708501081563121,0.9999999999999999,2.999999999999999,0.18139127942025807,1.5271098021428633,True,False
2024-03-08,-275542.4301352895,249999999.99999997,124999999.99999999,124999999.99999997,4754.244737664225,98,98,196,5,0.025510204081632654,0.049999999999999996,0.9999999999999999,0.9999999999999999,0.9999999999999999,1.9999999999999998,-0.001102169720541158,0.00039999999999999996,9.999999999999999e-05,0.0002999999999999999,99999.99999999999,1.90169789506569e-05,-0.001202169720541158,-0.001502169720541158,-0.001502169720541158,-0.0015211866994918148,-11.02169720541158,0.9999999999999999,2.999999999999999,0.190169789506569,-15.211866994918148,True,False
2024-03-11,519459.66671851324,249999999.99999997,124999999.99999997,124999999.99999997,4641.925181736577,98,98,196,7,0.03571428571428571,0.049999999999999996,0.9999999999999999,0.9999999999999999,0.9999999999999999,1.9999999999999998,0.0020778386668740528,0.00039999999999999996,9.999999999999999e-05,0.0002999999999999999,99999.99999999999,1.8567700726946306e-05,0.001977838666874053,0.001677838666874053,0.001677838666874053,0.0016592709661471068,20.778386668740527,0.9999999999999999,2.999999999999999,0.18567700726946307,16.59270966147107,True,False
2024-03-12,-683107.8976373319,250000000.0,124999999.99999999,125000000.0,4520.689083723565,98,98,196,7,0.03571428571428571,0.049999999999999996,1.0,1.0,1.0,2.0,-0.0027324315905493273,0.0004,0.0001,0.0003,100000.0,1.808275633489426e-05,-0.002832431590549327,-0.003132431590549327,-0.003132431590549327,-0.0031505143468842215,-27.324315905493272,1.0,2.9999999999999996,0.18082756334894262,-31.505143468842217,True,False
2024-03-13,-306985.45276377996,250000000.0,124999999.99999999,124999999.99999999,5389.343789394014,98,98,196,11,0.05612244897959184,0.049999999999999996,1.0,1.0,1.0,2.0,-0.00122794181105512,0.0004,0.0001,0.0003,100000.0,2.1557375157576053e-05,-0.00132794181105512,-0.00162794181105512,-0.00162794181105512,-0.0016494991862126959,-12.2794181105512,1.0,2.9999999999999996,0.21557375157576053,-16.49499186212696,True,False
2024-03-14,-300567.1568306649,250000000.0,124999999.99999999,125000000.0,4276.5757873252915,98,98,196,8,0.04081632653061224,0.05,1.0,1.0,1.0,2.0,-0.0012022686273226596,0.0004,0.0001,0.0003,100000.0,1.7106303149301165e-05,-0.0013022686273226596,-0.0016022686273226595,-0.0016022686273226595,-0.0016193749304719608,-12.022686273226595,1.0,2.9999999999999996,0.17106303149301166,-16.193749304719606,True,False
2024-03-15,414083.55084340536,250000000.00000003,124999999.99999999,125000000.0,4169.7204110156545,99,99,198,12,0.06060606060606061,0.04999999999999999,1.0000000000000002,1.0000000000000002,1.0000000000000002,2.0000000000000004,0.0016563342033736215,0.00040000000000000013,0.00010000000000000003,0.00030000000000000003,100000.00000000003,1.6678881644062618e-05,0.0015563342033736215,0.0012563342033736213,0.0012563342033736213,0.0012396553217295587,16.563342033736216,1.0000000000000002,3.0000000000000004,0.16678881644062618,12.396553217295587,True,False
2024-03-18,-935029.6854064568,249999999.99999997,124999999.99999999,124999999.99999999,4696.415058638593,98,98,196,12,0.061224489795918366,0.049999999999999996,0.9999999999999999,0.9999999999999999,0.9999999999999999,1.9999999999999998,-0.0037401187416258273,0.00039999999999999996,9.999999999999999e-05,0.0002999999999999999,99999.99999999999,1.8785660234554373e-05,-0.003840118741625827,-0.004140118741625827,-0.004140118741625827,-0.004158904401860381,-37.401187416258274,0.9999999999999999,2.999999999999999,0.18785660234554372,-41.58904401860381,True,False
2024-03-19,161069.07433838438,250000000.0,125000000.0,124999999.99999999,4677.807628805659,98,98,196,7,0.03571428571428571,0.05,1.0,1.0,1.0,2.0,0.0006442762973535376,0.0004,0.0001,0.0003,100000.0,1.8711230515222637e-05,0.0005442762973535375,0.00024427629735353755,0.00024427629735353755,0.0002255650668383149,6.442762973535376,1.0,2.9999999999999996,0.18711230515222638,2.255650668383149,True,False
2024-03-20,696461.1037565087,250000000.0,124999999.99999996,125000000.0,4599.704387126155,97,97,194,7,0.03608247422680412,0.04999999999999999,1.0,1.0,1.0,2.0,0.002785844415026035,0.0004,0.0001,0.0003,100000.0,1.839881754850462e-05,0.002685844415026035,0.002385844415026035,0.002385844415026035,0.0023674455974775303,27.858444150260347,1.0,2.9999999999999996,0.18398817548504617,23.674455974775302,True,False
2024-03-21,-226059.32074490332,250000000.0,124999999.99999999,124999999.99999999,5170.695324726677,98,98,196,15,0.07653061224489796,0.049999999999999996,1.0,1.0,1.0,2.0,-0.0009042372829796133,0.0004,0.0001,0.0003,100000.0,2.0682781298906708e-05,-0.0010042372829796133,-0.0013042372829796132,-0.0013042372829796132,-0.00132492006427852,-9.042372829796133,1.0,2.9999999999999996,0.20682781298906708,-13.249200642785201,True,False
2024-03-22,-335114.15452396503,250000000.00000003,124999999.99999999,125000000.00000001,4211.413400659433,99,99,198,4,0.020202020202020204,0.04999999999999999,1.0000000000000002,1.0000000000000002,1.0000000000000002,2.0000000000000004,-0.0013404566180958602,0.00040000000000000013,0.00010000000000000003,0.00030000000000000003,100000.00000000003,1.6845653602637733e-05,-0.0014404566180958602,-0.0017404566180958601,-0.0017404566180958601,-0.0017573022716984978,-13.404566180958602,1.0000000000000002,3.0000000000000004,0.16845653602637733,-17.573022716984976,True,False
2024-03-25,281916.7297115697,250000000.00000003,124999999.99999999,125000000.00000001,5047.910776085715,99,99,198,12,0.06060606060606061,0.05000000000000001,1.0000000000000002,1.0000000000000002,1.0000000000000002,2.0000000000000004,0.0011276669188462786,0.00040000000000000013,0.00010000000000000003,0.00030000000000000003,100000.00000000003,2.019164310434286e-05,0.0010276669188462786,0.0007276669188462785,0.0007276669188462785,0.0007074752757419357,11.276669188462787,1.0000000000000002,3.0000000000000004,0.2019164310434286,7.074752757419358,True,False
2024-03-26,334325.49772143544,250000000.0,125000000.0,124999999.99999997,5814.608244478337,98,98,196,15,0.07653061224489796,0.05,1.0,1.0,1.0,2.0,0.0013373019908857417,0.0004,0.0001,0.0003,100000.0,2.325843297791335e-05,0.0012373019908857416,0.0009373019908857417,0.0009373019908857417,0.0009140435579078284,13.373019908857417,1.0,2.9999999999999996,0.2325843297791335,9.140435579078284,True,False
2024-03-27,13810.791259710246,250000000.0,124999999.99999999,125000000.0,4763.411329535304,98,98,196,11,0.05612244897959184,0.049999999999999996,1.0,1.0,1.0,2.0,5.5243165038840985e-05,0.0004,0.0001,0.0003,100000.0,1.9053645318141214e-05,-4.475683496115902e-05,-0.000344756834961159,-0.000344756834961159,-0.0003638104802793002,0.5524316503884098,1.0,2.9999999999999996,0.19053645318141213,-3.638104802793002,True,False
2024-03-28,19969.75594680583,250000000.00000003,124999999.99999999,125000000.0,4194.829961229078,99,99,198,5,0.025252525252525252,0.04999999999999999,1.0000000000000002,1.0000000000000002,1.0000000000000002,2.0000000000000004,7.987902378722333e-05,0.00040000000000000013,0.00010000000000000003,0.00030000000000000003,100000.00000000003,1.6779319844916313e-05,-2.0120976212776703e-05,-0.00032012097621277676,-0.00032012097621277676,-0.00033690029605769307,0.7987902378722332,1.0000000000000002,3.0000000000000004,0.16779319844916313,-3.3690029605769305,True,False
2024-04-01,-1081685.6464373935,250000000.0,124999999.99999999,125000000.0,3840.731094146032,99,99,198,8,0.04040404040404041,0.04999999999999999,1.0,1.0,1.0,2.0,-0.004326742585749574,0.0004,0.0001,0.0003,100000.0,1.5362924376584127e-05,-0.004426742585749574,-0.004726742585749574,-0.004726742585749574,-0.004742105510126158,-43.26742585749574,1.0,2.9999999999999996,0.15362924376584128,-47.42105510126158,True,False
2024-04-02,-276076.6597395179,250000000.00000003,125000000.0,125000000.00000001,4481.5747258021765,98,98,196,10,0.05102040816326531,0.05,1.0000000000000002,1.0000000000000002,1.0000000000000002,2.0000000000000004,-0.0011043066389580716,0.00040000000000000013,0.00010000000000000003,0.00030000000000000003,100000.00000000003,1.7926298903208707e-05,-0.0012043066389580716,-0.0015043066389580717,-0.0015043066389580717,-0.0015222329378612805,-11.043066389580716,1.0000000000000002,3.0000000000000004,0.17926298903208707,-15.222329378612805,True,False
2024-04-03,462678.2130960836,250000000.0,124999999.99999996,125000000.0,4561.127818888944,99,99,198,14,0.0707070707070707,0.049999999999999996,1.0,1.0,1.0,2.0,0.0018507128523843344,0.0004,0.0001,0.0003,100000.0,1.8244511275555774e-05,0.0017507128523843343,0.0014507128523843344,0.0014507128523843344,0.0014324683411087787,18.507128523843342,1.0,2.9999999999999996,0.18244511275555775,14.324683411087786,True,False
2024-04-04,-83653.07806674442,250000000.00000003,124999999.99999999,125000000.0,4051.3291721604087,99,99,198,13,0.06565656565656566,0.049999999999999996,1.0000000000000002,1.0000000000000002,1.0000000000000002,2.0000000000000004,-0.00033461231226697766,0.00040000000000000013,0.00010000000000000003,0.00030000000000000003,100000.00000000003,1.6205316688641634e-05,-0.0004346123122669777,-0.0007346123122669777,-0.0007346123122669777,-0.0007508176289556193,-3.3461231226697765,1.0000000000000002,3.0000000000000004,0.16205316688641636,-7.508176289556193,True,False
2024-04-05,514483.49455843563,250000000.00000006,124999999.99999999,125000000.00000003,4861.976380744347,99,99,198,7,0.03535353535353535,0.05,1.0000000000000002,1.0000000000000002,1.0000000000000002,2.0000000000000004,0.0020579339782337423,0.00040000000000000013,0.00010000000000000003,0.00030000000000000003,100000.00000000003,1.9447905522977387e-05,0.0019579339782337425,0.0016579339782337426,0.0016579339782337426,0.0016384860727107651,20.579339782337424,1.0000000000000002,3.0000000000000004,0.19447905522977388,16.38486072710765,True,False
2024-04-08,-14138.351241002387,250000000.0,124999999.99999999,124999999.99999999,3841.420611888416,99,99,198,5,0.025252525252525252,0.049999999999999975,1.0,1.0,1.0,2.0,-5.655340496400955e-05,0.0004,0.0001,0.0003,100000.0,1.5365682447553664e-05,-0.00015655340496400957,-0.00045655340496400954,-0.00045655340496400954,-0.0004719190874115632,-0.5655340496400955,1.0,2.9999999999999996,0.15365682447553664,-4.719190874115632,True,False
2024-04-09,-195559.35025552908,250000000.00000006,124999999.99999999,125000000.00000004,3995.2874602756906,99,99,198,4,0.020202020202020204,0.05,1.0000000000000002,1.0000000000000002,1.0000000000000002,2.0000000000000004,-0.0007822374010221163,0.00040000000000000013,0.00010000000000000003,0.00030000000000000003,100000.00000000003,1.5981149841102764e-05,-0.0008822374010221164,-0.0011822374010221164,-0.0011822374010221164,-0.0011982185508632192,-7.822374010221163,1.0000000000000002,3.0000000000000004,0.15981149841102762,-11.982185508632192,True,False
2024-04-10,-1085.035089337507,250000000.0,124999999.99999999,125000000.0,3860.058521281406,98,98,196,14,0.07142857142857142,0.049999999999999996,1.0,1.0,1.0,2.0,-4.340140357350029e-06,0.0004,0.0001,0.0003,100000.0,1.5440234085125623e-05,-0.00010434014035735003,-0.00040434014035735,-0.00040434014035735,-0.0004197803744424756,-0.04340140357350029,1.0,2.9999999999999996,0.15440234085125623,-4.197803744424756,True,False
2024-04-11,-820858.6518017424,249999999.99999997,124999999.99999996,125000000.0,4736.331429101588,98,98,196,10,0.05102040816326531,0.049999999999999996,0.9999999999999999,0.9999999999999999,0.9999999999999999,1.9999999999999998,-0.0032834346072069696,0.00039999999999999996,9.999999999999999e-05,0.0002999999999999999,99999.99999999999,1.894532571640635e-05,-0.0033834346072069694,-0.0036834346072069694,-0.0036834346072069694,-0.0037023799329233757,-32.8343460720697,0.9999999999999999,2.999999999999999,0.1894532571640635,-37.02379932923375,True,False
2024-04-12,38626.83974118214,249999999.99999997,124999999.99999999,124999999.99999999,4713.785721206349,98,98,196,18,0.09183673469387756,0.049999999999999996,0.9999999999999999,0.9999999999999999,0.9999999999999999,1.9999999999999998,0.00015450735896472856,0.00039999999999999996,9.999999999999999e-05,0.0002999999999999999,99999.99999999999,1.8855142884825396e-05,5.450735896472857e-05,-0.00024549264103527135,-0.00024549264103527135,-0.00026434778392009676,1.5450735896472856,0.9999999999999999,2.999999999999999,0.18855142884825396,-2.6434778392009677,True,False
2024-04-15,18262.577730374054,249999999.99999997,124999999.99999996,125000000.0,4674.298674463949,97,97,194,11,0.05670103092783505,0.04999999999999999,0.9999999999999999,0.9999999999999999,0.9999999999999999,1.9999999999999998,7.305031092149622e-05,0.00039999999999999996,9.999999999999999e-05,0.0002999999999999999,99999.99999999999,1.8697194697855796e-05,-2.6949689078503773e-05,-0.00032694968907850367,-0.00032694968907850367,-0.00034564688377635946,0.7305031092149622,0.9999999999999999,2.999999999999999,0.18697194697855796,-3.4564688377635946,True,False
2024-04-16,289540.7896000516,249999999.99999994,125000000.0,124999999.99999999,4382.618772063195,94,94,188,19,0.10106382978723404,0.05000000000000001,0.9999999999999998,0.9999999999999998,0.9999999999999998,1.9999999999999996,0.0011581631584002064,0.0003999999999999999,9.999999999999998e-05,0.0002999999999999999,99999.99999999997,1.7530475088252782e-05,0.0010581631584002063,0.0007581631584002064,0.0007581631584002064,0.0007406326833119536,11.581631584002064,0.9999999999999998,2.999999999999999,0.1753047508825278,7.406326833119536,True,False
2024-04-17,49873.74814614376,249999999.99999994,124999999.99999994,124999999.99999997,4461.470085342774,94,94,188,18,0.09574468085106383,0.049999999999999996,0.9999999999999998,0.9999999999999998,0.9999999999999998,1.9999999999999996,0.00019949499258457504,0.0003999999999999999,9.999999999999998e-05,0.0002999999999999999,99999.99999999997,1.7845880341371096e-05,9.949499258457506e-05,-0.00020050500741542485,-0.00020050500741542485,-0.00021835088775679594,1.9949499258457504,0.9999999999999998,2.999999999999999,0.17845880341371095,-2.1835088775679594,True,False
2024-04-18,-662315.7907187012,249999999.99999997,124999999.99999996,124999999.99999999,4771.594587326795,95,95,190,11,0.05789473684210526,0.05000000000000001,0.9999999999999999,0.9999999999999999,0.9999999999999999,1.9999999999999998,-0.002649263162874805,0.00039999999999999996,9.999999999999999e-05,0.0002999999999999999,99999.99999999999,1.908637834930718e-05,-0.002749263162874805,-0.0030492631628748048,-0.0030492631628748048,-0.003068349541224112,-26.49263162874805,0.9999999999999999,2.999999999999999,0.1908637834930718,-30.683495412241122,True,False
2024-04-19,555047.5349150568,249999999.99999997,124999999.99999999,125000000.0,3479.8988683570224,93,93,186,15,0.08064516129032258,0.05000000000000001,0.9999999999999999,0.9999999999999999,0.9999999999999999,1.9999999999999998,0.0022201901396602273,0.00039999999999999996,9.999999999999999e-05,0.0002999999999999999,99999.99999999999,1.391959547342809e-05,0.0021201901396602275,0.0018201901396602276,0.0018201901396602276,0.0018062705441867996,22.201901396602274,0.9999999999999999,2.999999999999999,0.1391959547342809,18.062705441867998,True,False
2024-04-22,450567.330754189,249999999.99999997,124999999.99999997,125000000.0,3519.6515101205405,89,89,178,23,0.12921348314606743,0.05,0.9999999999999999,0.9999999999999999,0.9999999999999999,1.9999999999999998,0.001802269323016756,0.00039999999999999996,9.999999999999999e-05,0.0002999999999999999,99999.99999999999,1.4078606040482162e-05,0.0017022693230167559,0.001402269323016756,0.001402269323016756,0.0013881907169762738,18.022693230167558,0.9999999999999999,2.999999999999999,0.1407860604048216,13.881907169762737,True,False
2024-04-23,824198.6503413881,249999999.99999997,124999999.99999997,124999999.99999997,3654.9377952401715,80,80,160,15,0.09375,0.05000000000000001,0.9999999999999999,0.9999999999999999,0.9999999999999999,1.9999999999999998,0.0032967946013655524,0.00039999999999999996,9.999999999999999e-05,0.0002999999999999999,99999.99999999999,1.4619751180960686e-05,0.0031967946013655526,0.0028967946013655527,0.0028967946013655527,0.002882174850184592,32.96794601365553,0.9999999999999999,2.999999999999999,0.14619751180960686,28.82174850184592,True,False
2024-04-24,-718928.0475047957,249999999.99999994,124999999.99999999,124999999.99999997,2982.440272203703,77,77,154,15,0.09740259740259741,0.049999999999999996,0.9999999999999998,0.9999999999999998,0.9999999999999998,1.9999999999999996,-0.002875712190019183,0.0003999999999999999,9.999999999999998e-05,0.0002999999999999999,99999.99999999997,1.1929761088814812e-05,-0.002975712190019183,-0.0032757121900191827,-0.0032757121900191827,-0.0032876419511079975,-28.75712190019183,0.9999999999999998,2.999999999999999,0.11929761088814812,-32.87641951107997,True,False
2024-04-25,751058.9246196176,250000000.0,125000000.0,125000000.0,2583.545173216417,82,82,164,14,0.08536585365853659,0.05,1.0,1.0,1.0,2.0,0.0030042356984784704,0.0004,0.0001,0.0003,100000.0,1.0334180692865668e-05,0.0029042356984784706,0.0026042356984784707,0.0026042356984784707,0.002593901517785605,30.042356984784703,1.0,2.9999999999999996,0.10334180692865669,25.939015177856053,True,False
2024-04-26,282450.82105178153,249999999.99999997,124999999.99999997,124999999.99999996,2371.5598016920203,86,86,172,12,0.06976744186046512,0.05,0.9999999999999999,0.9999999999999999,0.9999999999999999,1.9999999999999998,0.0011298032842071261,0.00039999999999999996,9.999999999999999e-05,0.0002999999999999999,99999.99999999999,9.486239206768082e-06,0.001029803284207126,0.0007298032842071262,0.0007298032842071262,0.0007203170450003581,11.298032842071262,0.9999999999999999,2.999999999999999,0.09486239206768082,7.203170450003581,True,False
2024-04-29,-814280.6861859957,249999999.9999999,124999999.99999994,124999999.99999997,2706.1414148509216,85,85,170,11,0.06470588235294118,0.05000000000000001,0.9999999999999997,0.9999999999999997,0.9999999999999997,1.9999999999999993,-0.003257122744743983,0.0003999999999999999,9.999999999999998e-05,0.00029999999999999987,99999.99999999997,1.0824565659403686e-05,-0.0033571227447439828,-0.0036571227447439827,-0.0036571227447439827,-0.0036679473104033865,-32.57122744743983,0.9999999999999998,2.9999999999999987,0.10824565659403686,-36.67947310403387,True,False
2024-04-30,-238175.83229227958,250000000.0,124999999.99999996,125000000.00000001,3175.5056217296983,73,73,146,16,0.1095890410958904,0.05,1.0,1.0,1.0,2.0,-0.0009527033291691183,0.0004,0.0001,0.0003,100000.0,1.2702022486918794e-05,-0.0010527033291691183,-0.0013527033291691182,-0.0013527033291691182,-0.001365405351656037,-9.527033291691183,1.0,2.9999999999999996,0.12702022486918793,-13.65405351656037,True,False
2024-05-01,896533.2903698883,250000000.0,125000000.0,125000000.0,2846.7394985651345,73,73,146,14,0.0958904109589041,0.05,1.0,1.0,1.0,2.0,0.0035861331614795533,0.0004,0.0001,0.0003,100000.0,1.1386957994260538e-05,0.0034861331614795535,0.0031861331614795535,0.0031861331614795535,0.003174746203485293,35.86133161479553,1.0,2.9999999999999996,0.11386957994260538,31.74746203485293,True,False
2024-05-02,805754.3577799496,249999999.99999997,125000000.0,125000000.0,3998.299409626618,80,80,160,18,0.1125,0.05000000000000001,0.9999999999999999,0.9999999999999999,0.9999999999999999,1.9999999999999998,0.003223017431119798,0.00039999999999999996,9.999999999999999e-05,0.0002999999999999999,99999.99999999999,1.5993197638506473e-05,0.0031230174311197983,0.0028230174311197984,0.0028230174311197984,0.002807024233481292,32.230174311197985,0.9999999999999999,2.999999999999999,0.15993197638506473,28.07024233481292,True,False
2024-05-03,283839.08365382487,249999999.99999997,124999999.99999999,124999999.99999996,3686.994004207447,87,87,174,10,0.05747126436781609,0.04999999999999999,0.9999999999999999,0.9999999999999999,0.9999999999999999,1.9999999999999998,0.0011353563346152996,0.00039999999999999996,9.999999999999999e-05,0.0002999999999999999,99999.99999999999,1.4747976016829787e-05,0.0010353563346152995,0.0007353563346152996,0.0007353563346152996,0.0007206083585984698,11.353563346152995,0.9999999999999999,2.999999999999999,0.14747976016829786,7.206083585984698,True,False
2024-05-06,-280718.6362060514,249999999.99999997,124999999.99999997,124999999.99999997,4915.053410118749,88,88,176,8,0.045454545454545456,0.04999999999999999,0.9999999999999999,0.9999999999999999,0.9999999999999999,1.9999999999999998,-0.0011228745448242055,0.00039999999999999996,9.999999999999999e-05,0.0002999999999999999,99999.99999999999,1.9660213640474995e-05,-0.0012228745448242056,-0.0015228745448242055,-0.0015228745448242055,-0.0015425347584646805,-11.228745448242055,0.9999999999999999,2.999999999999999,0.19660213640474997,-15.425347584646806,True,False
2024-05-07,-474511.5214985714,249999999.99999997,124999999.99999997,125000000.0,5351.722127433454,83,83,166,12,0.07228915662650602,0.049999999999999996,0.9999999999999999,0.9999999999999999,0.9999999999999999,1.9999999999999998,-0.0018980460859942855,0.00039999999999999996,9.999999999999999e-05,0.0002999999999999999,99999.99999999999,2.1406888509733817e-05,-0.0019980460859942853,-0.0022980460859942852,-0.0022980460859942852,-0.002319452974504019,-18.980460859942855,0.9999999999999999,2.999999999999999,0.21406888509733815,-23.194529745040192,True,False
2024-05-08,-252184.53047101773,249999999.99999997,125000000.0,124999999.99999996,5463.116912596485,87,87,174,20,0.11494252873563218,0.04999999999999998,0.9999999999999999,0.9999999999999999,0.9999999999999999,1.9999999999999998,-0.0010087381218840709,0.00039999999999999996,9.999999999999999e-05,0.0002999999999999999,99999.99999999999,2.1852467650385942e-05,-0.001108738121884071,-0.0014087381218840709,-0.0014087381218840709,-0.0014305905895344569,-10.08738121884071,0.9999999999999999,2.999999999999999,0.21852467650385943,-14.30590589534457,True,False
2024-05-09,286864.4526773966,250000000.0,125000000.00000003,125000000.0,4436.051654547885,93,93,186,12,0.06451612903225806,0.049999999999999996,1.0,1.0,1.0,2.0,0.0011474578107095864,0.0004,0.0001,0.0003,100000.0,1.7744206618191538e-05,0.0010474578107095864,0.0007474578107095865,0.0007474578107095865,0.000729713604091395,11.474578107095864,1.0,2.9999999999999996,0.17744206618191538,7.29713604091395,True,False
2024-05-10,-682423.4916990849,250000000.0,125000000.0,124999999.99999997,4271.230051746193,98,98,196,12,0.061224489795918366,0.05,1.0,1.0,1.0,2.0,-0.0027296939667963396,0.0004,0.0001,0.0003,100000.0,1.708492020698477e-05,-0.0028296939667963395,-0.0031296939667963394,-0.0031296939667963394,-0.0031467788870033243,-27.296939667963397,1.0,2.9999999999999996,0.1708492020698477,-31.467788870033242,True,False
2024-05-13,-560180.6321397076,250000000.00000003,124999999.99999999,125000000.00000001,5101.401062631635,99,99,198,7,0.03535353535353535,0.049999999999999996,1.0000000000000002,1.0000000000000002,1.0000000000000002,2.0000000000000004,-0.00224072252855883,0.00040000000000000013,0.00010000000000000003,0.00030000000000000003,100000.00000000003,2.040560425052654e-05,-0.00234072252855883,-0.00264072252855883,-0.00264072252855883,-0.0026611281328093564,-22.4072252855883,1.0000000000000002,3.0000000000000004,0.2040560425052654,-26.611281328093565,True,False
2024-05-14,576603.3804527828,249999999.99999997,125000000.0,125000000.0,4810.8151292618795,99,99,198,11,0.05555555555555555,0.04999999999999999,0.9999999999999999,0.9999999999999999,0.9999999999999999,1.9999999999999998,0.0023064135218111314,0.00039999999999999996,9.999999999999999e-05,0.0002999999999999999,99999.99999999999,1.924326051704752e-05,0.0022064135218111316,0.0019064135218111317,0.0019064135218111317,0.001887170261294084,23.064135218111314,0.9999999999999999,2.999999999999999,0.1924326051704752,18.87170261294084,True,False
2024-05-15,-201393.31714021394,250000000.0,124999999.99999997,125000000.00000001,4620.745805189736,98,98,196,10,0.05102040816326531,0.05000000000000001,1.0,1.0,1.0,2.0,-0.0008055732685608558,0.0004,0.0001,0.0003,100000.0,1.8482983220758944e-05,-0.0009055732685608559,-0.0012055732685608558,-0.0012055732685608558,-0.0012240562517816147,-8.055732685608557,1.0,2.9999999999999996,0.18482983220758945,-12.240562517816148,True,False
2024-05-16,244619.50895847453,250000000.0,124999999.99999999,124999999.99999999,5059.675161723751,98,98,196,8,0.04081632653061224,0.049999999999999996,1.0,1.0,1.0,2.0,0.0009784780358338982,0.0004,0.0001,0.0003,100000.0,2.0238700646895006e-05,0.0008784780358338982,0.0005784780358338982,0.0005784780358338982,0.0005582393351870032,9.784780358338981,1.0,2.9999999999999996,0.20238700646895005,5.582393351870032,True,False
2024-05-17,291567.92146732594,250000000.0,125000000.0,125000000.0,4380.092531924702,98,98,196,14,0.07142857142857142,0.05000000000000001,1.0,1.0,1.0,2.0,0.0011662716858693038,0.0004,0.0001,0.0003,100000.0,1.7520370127698806e-05,0.0010662716858693038,0.0007662716858693039,0.0007662716858693039,0.000748751315741605,11.662716858693038,1.0,2.9999999999999996,0.17520370127698806,7.487513157416051,True,False
2024-05-20,-271537.121220608,250000000.0,125000000.00000003,125000000.0,5470.2924392900795,98,98,196,12,0.061224489795918366,0.049999999999999996,1.0,1.0,1.0,2.0,-0.001086148484882432,0.0004,0.0001,0.0003,100000.0,2.1881169757160317e-05,-0.001186148484882432,-0.001486148484882432,-0.001486148484882432,-0.0015080296546395922,-10.86148484882432,1.0,2.9999999999999996,0.21881169757160318,-15.080296546395923,True,False
2024-05-21,271617.8595178189,250000000.00000003,124999999.99999997,125000000.00000003,4883.043479463244,97,97,194,16,0.08247422680412371,0.05000000000000001,1.0000000000000002,1.0000000000000002,1.0000000000000002,2.0000000000000004,0.0010864714380712755,0.00040000000000000013,0.00010000000000000003,0.00030000000000000003,100000.00000000003,1.9532173917852974e-05,0.0009864714380712755,0.0006864714380712755,0.0006864714380712755,0.0006669392641534225,10.864714380712755,1.0000000000000002,3.0000000000000004,0.19532173917852974,6.669392641534225,True,False
2024-05-22,791650.7890307005,250000000.0,125000000.00000001,125000000.00000001,4278.8945611565805,97,97,194,13,0.06701030927835051,0.049999999999999996,1.0,1.0,1.0,2.0,0.003166603156122802,0.0004,0.0001,0.0003,100000.0,1.7115578244626323e-05,0.003066603156122802,0.002766603156122802,0.002766603156122802,0.0027494875778781755,31.666031561228017,1.0,2.9999999999999996,0.17115578244626323,27.494875778781754,True,False
2024-05-23,143944.3386627799,249999999.99999997,125000000.0,124999999.99999997,5000.658839023861,98,98,196,10,0.05102040816326531,0.049999999999999996,0.9999999999999999,0.9999999999999999,0.9999999999999999,1.9999999999999998,0.0005757773546511195,0.00039999999999999996,9.999999999999999e-05,0.0002999999999999999,99999.99999999999,2.0002635356095446e-05,0.00047577735465111954,0.00017577735465111962,0.00017577735465111962,0.00015577471929502417,5.757773546511196,0.9999999999999999,2.999999999999999,0.20002635356095447,1.5577471929502418,True,False
2024-05-24,393909.1740117797,250000000.0,125000000.00000003,124999999.99999999,4621.260220465832,99,99,198,10,0.050505050505050504,0.049999999999999996,1.0,1.0,1.0,2.0,0.0015756366960471189,0.0004,0.0001,0.0003,100000.0,1.848504088186333e-05,0.0014756366960471188,0.001175636696047119,0.001175636696047119,0.0011571516551652555,15.756366960471189,1.0,2.9999999999999996,0.18485040881863332,11.571516551652556,True,False
2024-05-28,-236063.38765275464,250000000.0,124999999.99999996,125000000.0,5554.194727968035,97,97,194,11,0.05670103092783505,0.049999999999999996,1.0,1.0,1.0,2.0,-0.0009442535506110185,0.0004,0.0001,0.0003,100000.0,2.221677891187214e-05,-0.0010442535506110186,-0.0013442535506110185,-0.0013442535506110185,-0.0013664703295228906,-9.442535506110184,1.0,2.9999999999999996,0.2221677891187214,-13.664703295228906,True,False
2024-05-29,-123308.43983793097,249999999.99999994,124999999.99999994,124999999.99999997,2841.1899967712898,96,96,192,4,0.020833333333333332,0.05,0.9999999999999998,0.9999999999999998,0.9999999999999998,1.9999999999999996,-0.0004932337593517239,0.0003999999999999999,9.999999999999998e-05,0.0002999999999999999,99999.99999999997,1.1364759987085159e-05,-0.0005932337593517238,-0.0008932337593517238,-0.0008932337593517238,-0.0009045985193388089,-4.932337593517239,0.9999999999999998,2.999999999999999,0.11364759987085159,-9.04598519338809,True,False
2024-05-30,-53378.08604793499,249999999.99999997,124999999.99999996,124999999.99999999,2780.024868893919,97,97,194,11,0.05670103092783505,0.04999999999999999,0.9999999999999999,0.9999999999999999,0.9999999999999999,1.9999999999999998,-0.00021351234419173995,0.00039999999999999996,9.999999999999999e-05,0.0002999999999999999,99999.99999999999,1.1120099475575677e-05,-0.00031351234419173995,-0.0006135123441917399,-0.0006135123441917399,-0.0006246324436673155,-2.1351234419173997,0.9999999999999999,2.999999999999999,0.11120099475575677,-6.246324436673155,True,False
2024-05-31,721485.5502779147,250000000.0,124999999.99999999,125000000.0,3429.431072859332,98,98,196,11,0.05612244897959184,0.049999999999999996,1.0,1.0,1.0,2.0,0.002885942201111659,0.0004,0.0001,0.0003,100000.0,1.3717724291437327e-05,0.002785942201111659,0.002485942201111659,0.002485942201111659,0.0024722244768202216,28.85942201111659,1.0,2.9999999999999996,0.13717724291437328,24.722244768202216,True,False
2024-06-03,90214.25720733737,249999999.99999997,125000000.0,124999999.99999997,3006.9323477112766,98,98,196,13,0.0663265306122449,0.04999999999999999,0.9999999999999999,0.9999999999999999,0.9999999999999999,1.9999999999999998,0.0003608570288293495,0.00039999999999999996,9.999999999999999e-05,0.0002999999999999999,99999.99999999999,1.2027729390845106e-05,0.0002608570288293495,-3.9142971170650395e-05,-3.9142971170650395e-05,-5.11707005614955e-05,3.608570288293495,0.9999999999999999,2.999999999999999,0.12027729390845106,-0.511707005614955,True,False
2024-06-04,600994.2398375736,249999999.99999997,125000000.00000001,124999999.99999997,2929.9185891897373,97,97,194,12,0.061855670103092786,0.049999999999999996,0.9999999999999999,0.9999999999999999,0.9999999999999999,1.9999999999999998,0.0024039769593502945,0.00039999999999999996,9.999999999999999e-05,0.0002999999999999999,99999.99999999999,1.1719674356758949e-05,0.0023039769593502946,0.0020039769593502947,0.0020039769593502947,0.0019922572849935356,24.039769593502946,0.9999999999999999,2.999999999999999,0.11719674356758948,19.922572849935356,True,False
2024-06-05,24047.58524825789,250000000.0,125000000.00000001,125000000.0,2359.861049288378,97,97,194,12,0.061855670103092786,0.049999999999999996,1.0,1.0,1.0,2.0,9.619034099303155e-05,0.0004,0.0001,0.0003,100000.0,9.439444197153512e-06,-3.8096590069684516e-06,-0.0003038096590069684,-0.0003038096590069684,-0.00031324910320412193,0.9619034099303155,1.0,2.9999999999999996,0.09439444197153513,-3.1324910320412194,True,False
2024-06-06,-374866.7819839165,250000000.0,124999999.99999999,125000000.00000001,3145.295816630712,98,98,196,14,0.07142857142857142,0.05,1.0,1.0,1.0,2.0,-0.001499467127935666,0.0004,0.0001,0.0003,100000.0,1.2581183266522848e-05,-0.001599467127935666,-0.001899467127935666,-0.001899467127935666,-0.0019120483112021888,-14.994671279356659,1.0,2.9999999999999996,0.12581183266522847,-19.120483112021887,True,False
2024-06-07,28417.79996329447,250000000.0,125000000.0,125000000.00000001,2756.4137868033936,99,99,198,14,0.0707070707070707,0.049999999999999996,1.0,1.0,1.0,2.0,0.00011367119985317789,0.0004,0.0001,0.0003,100000.0,1.1025655147213574e-05,1.3671199853177883e-05,-0.0002863288001468221,-0.0002863288001468221,-0.00029735445529403565,1.1367119985317788,1.0,2.9999999999999996,0.11025655147213574,-2.9735445529403566,True,False
2024-06-10,-203215.7452636409,250000000.00000003,125000000.00000003,125000000.0,3570.519101137642,99,99,198,16,0.08080808080808081,0.049999999999999996,1.0000000000000002,1.0000000000000002,1.0000000000000002,2.0000000000000004,-0.0008128629810545637,0.00040000000000000013,0.00010000000000000003,0.00030000000000000003,100000.00000000003,1.4282076404550567e-05,-0.0009128629810545637,-0.0012128629810545639,-0.0012128629810545639,-0.0012271450574591145,-8.128629810545636,1.0000000000000002,3.0000000000000004,0.14282076404550567,-12.271450574591146,True,False
2024-06-11,338035.76240324555,249999999.99999997,125000000.00000001,124999999.99999997,2906.504358318189,99,99,198,13,0.06565656565656566,0.049999999999999996,0.9999999999999999,0.9999999999999999,0.9999999999999999,1.9999999999999998,0.0013521430496129822,0.00039999999999999996,9.999999999999999e-05,0.0002999999999999999,99999.99999999999,1.1626017433272757e-05,0.0012521430496129822,0.0009521430496129823,0.0009521430496129823,0.0009405170321797095,13.521430496129822,0.9999999999999999,2.999999999999999,0.11626017433272756,9.405170321797096,True,False
2024-06-12,165871.84009912657,250000000.00000003,124999999.99999999,125000000.0,2631.538267873651,99,99,198,19,0.09595959595959595,0.04999999999999999,1.0000000000000002,1.0000000000000002,1.0000000000000002,2.0000000000000004,0.0006634873603965063,0.00040000000000000013,0.00010000000000000003,0.00030000000000000003,100000.00000000003,1.0526153071494604e-05,0.0005634873603965063,0.0002634873603965062,0.0002634873603965062,0.0002529612073250116,6.634873603965063,1.0000000000000002,3.0000000000000004,0.10526153071494604,2.529612073250116,True,False
2024-06-13,258877.84478267896,250000000.00000003,125000000.00000001,125000000.00000003,2913.3832825070945,99,99,198,11,0.05555555555555555,0.05000000000000001,1.0000000000000002,1.0000000000000002,1.0000000000000002,2.0000000000000004,0.0010355113791307158,0.00040000000000000013,0.00010000000000000003,0.00030000000000000003,100000.00000000003,1.1653533130028378e-05,0.0009355113791307157,0.0006355113791307157,0.0006355113791307157,0.0006238578460006874,10.355113791307158,1.0000000000000002,3.0000000000000004,0.11653533130028378,6.238578460006874,True,False
2024-06-14,-14561.436149856267,250000000.0,124999999.99999999,124999999.99999997,3040.140969965489,99,99,198,10,0.050505050505050504,0.04999999999999999,1.0,1.0,1.0,2.0,-5.824574459942507e-05,0.0004,0.0001,0.0003,100000.0,1.2160563879861956e-05,-0.0001582457445994251,-0.00045824574459942506,-0.00045824574459942506,-0.000470406308479287,-0.5824574459942506,1.0,2.9999999999999996,0.12160563879861956,-4.70406308479287,True,False
2024-06-17,-238917.7200012949,250000000.0,124999999.99999997,125000000.0,2875.471831929031,98,98,196,23,0.11734693877551021,0.049999999999999996,1.0,1.0,1.0,2.0,-0.0009556708800051796,0.0004,0.0001,0.0003,100000.0,1.1501887327716124e-05,-0.0010556708800051795,-0.0013556708800051794,-0.0013556708800051794,-0.0013671727673328956,-9.556708800051796,1.0,2.9999999999999996,0.11501887327716125,-13.671727673328956,True,False
2024-06-18,399388.31247863703,249999999.99999997,124999999.99999999,124999999.99999997,3264.994335175246,98,98,196,24,0.12244897959183673,0.049999999999999996,0.9999999999999999,0.9999999999999999,0.9999999999999999,1.9999999999999998,0.001597553249914548,0.00039999999999999996,9.999999999999999e-05,0.0002999999999999999,99999.99999999999,1.3059977340700984e-05,0.001497553249914548,0.0011975532499145481,0.0011975532499145481,0.0011844932725738472,15.97553249914548,0.9999999999999999,2.999999999999999,0.13059977340700984,11.844932725738472,True,False
2024-06-20,-119355.04246706476,250000000.0,125000000.00000001,125000000.00000001,3014.9415104689256,99,99,198,19,0.09595959595959595,0.049999999999999996,1.0,1.0,1.0,2.0,-0.00047742016986825905,0.0004,0.0001,0.0003,100000.0,1.2059766041875703e-05,-0.000577420169868259,-0.0008774201698682591,-0.0008774201698682591,-0.0008894799359101348,-4.774201698682591,1.0,2.9999999999999996,0.12059766041875702,-8.894799359101347,True,False
2024-06-21,-668929.0328140532,250000000.00000006,124999999.99999999,125000000.00000003,2951.168897640268,99,99,198,23,0.11616161616161616,0.05000000000000001,1.0000000000000002,1.0000000000000002,1.0000000000000002,2.0000000000000004,-0.002675716131256213,0.00040000000000000013,0.00010000000000000003,0.00030000000000000003,100000.00000000003,1.1804675590561072e-05,-0.0027757161312562126,-0.0030757161312562125,-0.0030757161312562125,-0.0030875208068467737,-26.75716131256213,1.0000000000000002,3.0000000000000004,0.11804675590561071,-30.87520806846774,True,False
2024-06-24,308774.12268456834,250000000.00000003,124999999.99999999,125000000.00000001,3502.5144577575497,99,99,198,17,0.08585858585858586,0.049999999999999996,1.0000000000000002,1.0000000000000002,1.0000000000000002,2.0000000000000004,0.0012350964907382733,0.00040000000000000013,0.00010000000000000003,0.00030000000000000003,100000.00000000003,1.4010057831030198e-05,0.0011350964907382733,0.0008350964907382733,0.0008350964907382733,0.0008210864329072431,12.350964907382734,1.0000000000000002,3.0000000000000004,0.14010057831030198,8.21086432907243,True,False
2024-06-25,121425.38663516582,250000000.0,124999999.99999999,124999999.99999999,2962.3004936832767,98,98,196,14,0.07142857142857142,0.049999999999999996,1.0,1.0,1.0,2.0,0.00048570154654066326,0.0004,0.0001,0.0003,100000.0,1.1849201974733108e-05,0.00038570154654066327,8.57015465406633e-05,8.57015465406633e-05,7.385234456593019e-05,4.857015465406633,1.0,2.9999999999999996,0.11849201974733108,0.7385234456593018,True,False
2024-06-26,-297125.2061280895,250000000.0,124999999.99999999,125000000.0,3002.155598936508,98,98,196,12,0.061224489795918366,0.049999999999999996,1.0,1.0,1.0,2.0,-0.001188500824512358,0.0004,0.0001,0.0003,100000.0,1.2008622395746032e-05,-0.001288500824512358,-0.001588500824512358,-0.001588500824512358,-0.001600509446908104,-11.885008245123581,1.0,2.9999999999999996,0.12008622395746031,-16.00509446908104,True,False
2024-06-27,-316191.68879849947,249999999.99999997,124999999.99999999,125000000.0,2932.908906949357,98,98,196,11,0.05612244897959184,0.05,0.9999999999999999,0.9999999999999999,0.9999999999999999,1.9999999999999998,-0.001264766755193998,0.00039999999999999996,9.999999999999999e-05,0.0002999999999999999,99999.99999999999,1.1731635627797428e-05,-0.001364766755193998,-0.0016647667551939979,-0.0016647667551939979,-0.0016764983908217953,-12.647667551939978,0.9999999999999999,2.999999999999999,0.11731635627797428,-16.764983908217953,True,False
2024-06-28,435461.374777788,250000000.0,124999999.99999999,124999999.99999997,3130.608281375745,99,99,198,17,0.08585858585858586,0.04999999999999999,1.0,1.0,1.0,2.0,0.001741845499111152,0.0004,0.0001,0.0003,100000.0,1.2522433125502979e-05,0.001641845499111152,0.001341845499111152,0.001341845499111152,0.0013293230659856491,17.41845499111152,1.0,2.9999999999999996,0.1252243312550298,13.29323065985649,True,False
2024-07-01,-170780.935894972,250000000.00000003,124999999.99999999,125000000.00000001,3146.758619204036,99,99,198,11,0.05555555555555555,0.049999999999999996,1.0000000000000002,1.0000000000000002,1.0000000000000002,2.0000000000000004,-0.000683123743579888,0.00040000000000000013,0.00010000000000000003,0.00030000000000000003,100000.00000000003,1.2587034476816145e-05,-0.000783123743579888,-0.001083123743579888,-0.001083123743579888,-0.0010957107780567043,-6.831237435798879,1.0000000000000002,3.0000000000000004,0.12587034476816145,-10.957107780567043,True,False
2024-07-02,286415.1010466851,250000000.00000003,124999999.99999999,125000000.00000001,3185.5438063498427,99,99,198,11,0.05555555555555555,0.049999999999999996,1.0000000000000002,1.0000000000000002,1.0000000000000002,2.0000000000000004,0.0011456604041867402,0.00040000000000000013,0.00010000000000000003,0.00030000000000000003,100000.00000000003,1.274217522539937e-05,0.0010456604041867402,0.0007456604041867402,0.0007456604041867402,0.0007329182289613408,11.456604041867402,1.0000000000000002,3.0000000000000004,0.12742175225399371,7.329182289613408,True,False
2024-07-03,-86867.66085644571,250000000.00000003,125000000.00000003,125000000.00000001,2677.0965542015147,99,99,198,13,0.06565656565656566,0.049999999999999996,1.0000000000000002,1.0000000000000002,1.0000000000000002,2.0000000000000004,-0.0003474706434257829,0.00040000000000000013,0.00010000000000000003,0.00030000000000000003,100000.00000000003,1.070838621680606e-05,-0.0004474706434257829,-0.000747470643425783,-0.000747470643425783,-0.000758179029642589,-3.4747064342578287,1.0000000000000002,3.0000000000000004,0.1070838621680606,-7.581790296425891,True,False
2024-07-05,210786.35104491474,250000000.00000003,124999999.99999997,124999999.99999999,3246.333261965079,99,99,198,11,0.05555555555555555,0.05,1.0000000000000002,1.0000000000000002,1.0000000000000002,2.0000000000000004,0.0008431454041796589,0.00040000000000000013,0.00010000000000000003,0.00030000000000000003,100000.00000000003,1.2985333047860317e-05,0.0007431454041796589,0.00044314540417965886,0.00044314540417965886,0.00043016007113179855,8.43145404179659,1.0000000000000002,3.0000000000000004,0.12985333047860317,4.3016007113179855,True,False
2024-07-08,-156493.65252125272,250000000.00000003,124999999.99999999,125000000.00000001,2515.815003361211,99,99,198,3,0.015151515151515152,0.05,1.0000000000000002,1.0000000000000002,1.0000000000000002,2.0000000000000004,-0.0006259746100850109,0.00040000000000000013,0.00010000000000000003,0.00030000000000000003,100000.00000000003,1.0063260013444843e-05,-0.0007259746100850109,-0.001025974610085011,-0.001025974610085011,-0.0010360378700984558,-6.2597461008501085,1.0000000000000002,3.0000000000000004,0.10063260013444844,-10.360378700984558,True,False
2024-07-09,384084.43620700383,250000000.00000003,124999999.99999999,125000000.0,2370.547512547602,99,99,198,6,0.030303030303030304,0.04999999999999999,1.0000000000000002,1.0000000000000002,1.0000000000000002,2.0000000000000004,0.0015363377448280153,0.00040000000000000013,0.00010000000000000003,0.00030000000000000003,100000.00000000003,9.482190050190407e-06,0.0014363377448280152,0.001136337744828015,0.001136337744828015,0.0011268555547778248,15.363377448280152,1.0000000000000002,3.0000000000000004,0.09482190050190407,11.268555547778247,True,False
2024-07-10,453786.9368427748,250000000.0,125000000.0,125000000.00000001,2833.452764899279,99,99,198,13,0.06565656565656566,0.05,1.0,1.0,1.0,2.0,0.0018151477473710993,0.0004,0.0001,0.0003,100000.0,1.1333811059597116e-05,0.0017151477473710992,0.0014151477473710993,0.0014151477473710993,0.0014038139363115021,18.151477473710994,1.0,2.9999999999999996,0.11333811059597117,14.038139363115022,True,False
2024-07-11,-391577.0203579936,249999999.99999997,125000000.0,125000000.0,2835.699892709667,98,98,196,10,0.05102040816326531,0.05000000000000001,0.9999999999999999,0.9999999999999999,0.9999999999999999,1.9999999999999998,-0.0015663080814319744,0.00039999999999999996,9.999999999999999e-05,0.0002999999999999999,99999.99999999999,1.1342799570838668e-05,-0.0016663080814319745,-0.0019663080814319744,-0.0019663080814319744,-0.001977650881002813,-15.663080814319745,0.9999999999999999,2.999999999999999,0.11342799570838667,-19.77650881002813,True,False
2024-07-12,272024.89723118045,250000000.0,124999999.99999999,125000000.0,3004.55991942514,98,98,196,13,0.0663265306122449,0.049999999999999996,1.0,1.0,1.0,2.0,0.0010880995889247218,0.0004,0.0001,0.0003,100000.0,1.201823967770056e-05,0.0009880995889247218,0.0006880995889247219,0.0006880995889247219,0.0006760813492470213,10.880995889247218,1.0,2.9999999999999996,0.1201823967770056,6.760813492470213,True,False
2024-07-15,332066.69990394433,250000000.0,125000000.00000003,124999999.99999999,2673.5325154467628,97,97,194,9,0.04639175257731959,0.04999999999999999,1.0,1.0,1.0,2.0,0.0013282667996157773,0.0004,0.0001,0.0003,100000.0,1.069413006178705e-05,0.0012282667996157772,0.0009282667996157773,0.0009282667996157773,0.0009175726695539902,13.282667996157773,1.0,2.9999999999999996,0.10694130061787051,9.175726695539902,True,False
2024-07-16,-1846416.9334314896,249999999.99999997,124999999.99999996,125000000.0,3126.836772146724,95,95,190,10,0.05263157894736842,0.05000000000000001,0.9999999999999999,0.9999999999999999,0.9999999999999999,1.9999999999999998,-0.007385667733725959,0.00039999999999999996,9.999999999999999e-05,0.0002999999999999999,99999.99999999999,1.2507347088586895e-05,-0.007485667733725959,-0.007785667733725959,-0.007785667733725959,-0.007798175080814546,-73.85667733725958,0.9999999999999999,2.999999999999999,0.12507347088586895,-77.98175080814546,True,False
2024-07-17,1164248.798759421,249999999.99999997,124999999.99999997,125000000.00000003,2825.459941808828,93,93,186,12,0.06451612903225806,0.05000000000000001,0.9999999999999999,0.9999999999999999,0.9999999999999999,1.9999999999999998,0.0046569951950376845,0.00039999999999999996,9.999999999999999e-05,0.0002999999999999999,99999.99999999999,1.130183976723531e-05,0.004556995195037684,0.004256995195037684,0.004256995195037684,0.004245693355270449,46.56995195037685,0.9999999999999999,2.999999999999999,0.11301839767235311,42.45693355270449,True,False
2024-07-18,-163085.03872748304,249999999.99999997,124999999.99999997,124999999.99999997,2320.699729407042,95,95,190,8,0.042105263157894736,0.049999999999999996,0.9999999999999999,0.9999999999999999,0.9999999999999999,1.9999999999999998,-0.0006523401549099322,0.00039999999999999996,9.999999999999999e-05,0.0002999999999999999,99999.99999999999,9.282798917628168e-06,-0.0007523401549099321,-0.001052340154909932,-0.001052340154909932,-0.0010616229538275603,-6.523401549099321,0.9999999999999999,2.999999999999999,0.09282798917628168,-10.616229538275602,True,False
2024-07-19,872191.7687548994,250000000.0,124999999.99999999,124999999.99999997,2210.4891187629873,93,93,186,8,0.043010752688172046,0.04999999999999999,1.0,1.0,1.0,2.0,0.0034887670750195976,0.0004,0.0001,0.0003,100000.0,8.84195647505195e-06,0.0033887670750195977,0.003088767075019598,0.003088767075019598,0.003079925118544546,34.88767075019597,1.0,2.9999999999999996,0.0884195647505195,30.79925118544546,True,False
2024-07-22,-670324.2680823917,250000000.0,124999999.99999999,125000000.0,2307.5240921655895,90,90,180,6,0.03333333333333333,0.05000000000000001,1.0,1.0,1.0,2.0,-0.002681297072329567,0.0004,0.0001,0.0003,100000.0,9.230096368662358e-06,-0.0027812970723295667,-0.0030812970723295666,-0.0030812970723295666,-0.003090527168698229,-26.812970723295667,1.0,2.9999999999999996,0.09230096368662358,-30.90527168698229,True,False
2024-07-23,-697424.2156109269,250000000.00000003,125000000.0,125000000.0,2273.4209688713895,81,81,162,15,0.09259259259259259,0.05,1.0000000000000002,1.0000000000000002,1.0000000000000002,2.0000000000000004,-0.0027896968624437075,0.00040000000000000013,0.00010000000000000003,0.00030000000000000003,100000.00000000003,9.093683875485557e-06,-0.0028896968624437074,-0.0031896968624437073,-0.0031896968624437073,-0.003198790546319193,-27.896968624437076,1.0000000000000002,3.0000000000000004,0.09093683875485557,-31.98790546319193,True,False
2024-07-24,-884631.1588367529,250000000.0,124999999.99999996,125000000.00000001,3141.5795930210456,81,81,162,16,0.09876543209876543,0.05000000000000001,1.0,1.0,1.0,2.0,-0.0035385246353470115,0.0004,0.0001,0.0003,100000.0,1.2566318372084182e-05,-0.0036385246353470113,-0.003938524635347012,-0.003938524635347012,-0.003951090953719096,-35.385246353470116,1.0,2.9999999999999996,0.12566318372084181,-39.51090953719096,True,False
2024-07-25,2087038.7631891363,249999999.9999999,124999999.99999994,124999999.99999997,2907.0017210413175,85,85,170,12,0.07058823529411765,0.05000000000000001,0.9999999999999997,0.9999999999999997,0.9999999999999997,1.9999999999999993,0.008348155052756545,0.0003999999999999999,9.999999999999998e-05,0.00029999999999999987,99999.99999999997,1.162800688416527e-05,0.008248155052756546,0.007948155052756546,0.007948155052756546,0.007936527045872381,83.48155052756545,0.9999999999999998,2.9999999999999987,0.1162800688416527,79.36527045872381,True,False
2024-07-26,695003.8399816311,249999999.99999994,124999999.99999999,124999999.99999999,2742.6847485714284,89,89,178,5,0.028089887640449437,0.05,0.9999999999999998,0.9999999999999998,0.9999999999999998,1.9999999999999996,0.0027800153599265246,0.0003999999999999999,9.999999999999998e-05,0.0002999999999999999,99999.99999999997,1.0970738994285714e-05,0.002680015359926525,0.002380015359926525,0.002380015359926525,0.002369044620932239,27.800153599265247,0.9999999999999998,2.999999999999999,0.10970738994285714,23.690446209322392,True,False
2024-07-29,227945.49372734386,249999999.99999997,125000000.0,124999999.99999999,2428.827290523809,86,86,172,6,0.03488372093023256,0.049999999999999996,0.9999999999999999,0.9999999999999999,0.9999999999999999,1.9999999999999998,0.0009117819749093754,0.00039999999999999996,9.999999999999999e-05,0.0002999999999999999,99999.99999999999,9.715309162095236e-06,0.0008117819749093754,0.0005117819749093754,0.0005117819749093754,0.0005020666657472802,9.117819749093755,0.9999999999999999,2.999999999999999,0.09715309162095236,5.020666657472803,True,False
2024-07-30,2180321.1986453305,249999999.99999997,124999999.99999999,124999999.99999999,3129.619109581938,75,75,150,11,0.07333333333333333,0.05,0.9999999999999999,0.9999999999999999,0.9999999999999999,1.9999999999999998,0.008721284794581322,0.00039999999999999996,9.999999999999999e-05,0.0002999999999999999,99999.99999999999,1.2518476438327753e-05,0.008621284794581323,0.008321284794581323,0.008321284794581323,0.008308766318142995,87.21284794581322,0.9999999999999999,2.999999999999999,0.12518476438327752,83.08766318142995,True,False
2024-07-31,-636022.672209148,250000000.0,125000000.0,125000000.0,2760.0840295246167,73,73,146,14,0.0958904109589041,0.05,1.0,1.0,1.0,2.0,-0.0025440906888365917,0.0004,0.0001,0.0003,100000.0,1.1040336118098467e-05,-0.0026440906888365915,-0.0029440906888365914,-0.0029440906888365914,-0.00295513102495469,-25.440906888365916,1.0,2.9999999999999996,0.11040336118098466,-29.551310249546898,True,False
2024-08-01,-2017115.2128156312,249999999.99999997,124999999.99999999,125000000.0,2582.1076645794587,80,80,160,12,0.075,0.05000000000000001,0.9999999999999999,0.9999999999999999,0.9999999999999999,1.9999999999999998,-0.008068460851262525,0.00039999999999999996,9.999999999999999e-05,0.0002999999999999999,99999.99999999999,1.0328430658317835e-05,-0.008168460851262525,-0.008468460851262525,-0.008468460851262525,-0.008478789281920843,-80.68460851262525,0.9999999999999999,2.999999999999999,0.10328430658317835,-84.78789281920844,True,False
2024-08-02,-6454427.10128904,249999999.99999997,125000000.0,124999999.99999999,2213.45230607135,84,84,168,11,0.06547619047619048,0.05000000000000001,0.9999999999999999,0.9999999999999999,0.9999999999999999,1.9999999999999998,-0.02581770840515616,0.00039999999999999996,9.999999999999999e-05,0.0002999999999999999,99999.99999999999,8.8538092242854e-06,-0.02591770840515616,-0.026217708405156158,-0.026217708405156158,-0.026226562214380442,-258.1770840515616,0.9999999999999999,2.999999999999999,0.088538092242854,-262.2656221438044,True,False
2024-08-05,700765.7792724579,249999999.99999997,124999999.99999997,124999999.99999999,2678.7245552305817,86,86,172,13,0.0755813953488372,0.05000000000000001,0.9999999999999999,0.9999999999999999,0.9999999999999999,1.9999999999999998,0.002803063117089832,0.00039999999999999996,9.999999999999999e-05,0.0002999999999999999,99999.99999999999,1.0714898220922326e-05,0.002703063117089832,0.002403063117089832,0.002403063117089832,0.00239234821886891,28.03063117089832,0.9999999999999999,2.999999999999999,0.10714898220922327,23.9234821886891,True,False
2024-08-06,1179342.6311865197,249999999.99999997,125000000.0,125000000.0,3380.9644969232345,80,80,160,12,0.075,0.05000000000000001,0.9999999999999999,0.9999999999999999,0.9999999999999999,1.9999999999999998,0.004717370524746079,0.00039999999999999996,9.999999999999999e-05,0.0002999999999999999,99999.99999999999,1.3523857987692938e-05,0.004617370524746079,0.004317370524746079,0.004317370524746079,0.004303846666758386,47.173705247460795,0.9999999999999999,2.999999999999999,0.1352385798769294,43.03846666758386,True,False
2024-08-07,1081260.2198482354,249999999.9999999,124999999.99999994,124999999.99999997,4316.617885372313,85,85,170,9,0.052941176470588235,0.05,0.9999999999999997,0.9999999999999997,0.9999999999999997,1.9999999999999993,0.004325040879392942,0.0003999999999999999,9.999999999999998e-05,0.00029999999999999987,99999.99999999997,1.7266471541489253e-05,0.0042250408793929415,0.003925040879392942,0.003925040879392942,0.003907774407851452,43.25040879392942,0.9999999999999998,2.9999999999999987,0.17266471541489253,39.07774407851453,True,False
2024-08-08,-362832.4737191016,249999999.9999999,124999999.99999997,124999999.99999997,2482.0845655459,91,91,182,8,0.04395604395604396,0.05,0.9999999999999997,0.9999999999999997,0.9999999999999997,1.9999999999999993,-0.0014513298948764064,0.0003999999999999999,9.999999999999998e-05,0.00029999999999999987,99999.99999999997,9.9283382621836e-06,-0.0015513298948764064,-0.0018513298948764063,-0.0018513298948764063,-0.00186125823313859,-14.513298948764064,0.9999999999999998,2.9999999999999987,0.099283382621836,-18.6125823313859,True,False
2024-08-09,366306.0428415942,249999999.99999994,124999999.99999996,124999999.99999997,2558.7582715844305,97,97,194,3,0.015463917525773196,0.04999999999999999,0.9999999999999998,0.9999999999999998,0.9999999999999998,1.9999999999999996,0.0014652241713663768,0.0003999999999999999,9.999999999999998e-05,0.0002999999999999999,99999.99999999997,1.0235033086337722e-05,0.0013652241713663768,0.0010652241713663768,0.0010652241713663768,0.0010549891382800392,14.652241713663768,0.9999999999999998,2.999999999999999,0.10235033086337722,10.549891382800393,True,False
2024-08-12,572798.5084356349,250000000.0,124999999.99999999,125000000.00000001,2335.2992294729825,99,99,198,6,0.030303030303030304,0.049999999999999996,1.0,1.0,1.0,2.0,0.0022911940337425394,0.0004,0.0001,0.0003,100000.0,9.34119691789193e-06,0.0021911940337425396,0.0018911940337425397,0.0018911940337425397,0.0018818528368246478,22.911940337425396,1.0,2.9999999999999996,0.0934119691789193,18.81852836824648,True,False
2024-08-13,429645.05467452103,250000000.00000003,124999999.99999999,125000000.0,5267.24445876673,99,99,198,4,0.020202020202020204,0.049999999999999996,1.0000000000000002,1.0000000000000002,1.0000000000000002,2.0000000000000004,0.001718580218698084,0.00040000000000000013,0.00010000000000000003,0.00030000000000000003,100000.00000000003,2.1068977835066918e-05,0.001618580218698084,0.0013185802186980841,0.0013185802186980841,0.0012975112408630171,17.18580218698084,1.0000000000000002,3.0000000000000004,0.21068977835066918,12.97511240863017,True,False
2024-08-14,1017998.0648956856,249999999.99999997,125000000.0,124999999.99999997,4784.746325048695,98,98,196,5,0.025510204081632654,0.049999999999999996,0.9999999999999999,0.9999999999999999,0.9999999999999999,1.9999999999999998,0.004071992259582742,0.00039999999999999996,9.999999999999999e-05,0.0002999999999999999,99999.99999999999,1.913898530019478e-05,0.003971992259582742,0.0036719922595827422,0.0036719922595827422,0.0036528532742825474,40.71992259582743,0.9999999999999999,2.999999999999999,0.19138985300194783,36.528532742825476,True,False
2024-08-15,-549462.1362891325,249999999.99999997,124999999.99999999,124999999.99999997,4949.03720405572,98,98,196,5,0.025510204081632654,0.04999999999999999,0.9999999999999999,0.9999999999999999,0.9999999999999999,1.9999999999999998,-0.0021978485451565302,0.00039999999999999996,9.999999999999999e-05,0.0002999999999999999,99999.99999999999,1.9796148816222882e-05,-0.00229784854515653,-0.00259784854515653,-0.00259784854515653,-0.0026176446939727527,-21.9784854515653,0.9999999999999999,2.999999999999999,0.19796148816222883,-26.176446939727526,True,False
2024-08-16,-110829.39664526124,250000000.0,124999999.99999999,124999999.99999999,4148.335908447864,98,98,196,2,0.01020408163265306,0.04999999999999999,1.0,1.0,1.0,2.0,-0.00044331758658104495,0.0004,0.0001,0.0003,100000.0,1.6593343633791458e-05,-0.000543317586581045,-0.0008433175865810449,-0.0008433175865810449,-0.0008599109302148363,-4.433175865810449,1.0,2.9999999999999996,0.16593343633791457,-8.599109302148364,True,False
2024-08-19,143563.2707489057,250000000.00000003,124999999.99999999,125000000.00000001,4308.731599390428,98,98,196,2,0.01020408163265306,0.05,1.0000000000000002,1.0000000000000002,1.0000000000000002,2.0000000000000004,0.0005742530829956228,0.00040000000000000013,0.00010000000000000003,0.00030000000000000003,100000.00000000003,1.723492639756171e-05,0.00047425308299562275,0.00017425308299562272,0.00017425308299562272,0.000157018156598061,5.742530829956228,1.0000000000000002,3.0000000000000004,0.17234926397561712,1.57018156598061,True,False
2024-08-20,64221.530048864595,250000000.0,125000000.0,124999999.99999997,4759.511915258484,98,98,196,7,0.03571428571428571,0.05,1.0,1.0,1.0,2.0,0.00025688612019545836,0.0004,0.0001,0.0003,100000.0,1.9038047661033936e-05,0.00015688612019545837,-0.0001431138798045416,-0.0001431138798045416,-0.00016215192746557556,2.568861201954584,1.0,2.9999999999999996,0.19038047661033936,-1.6215192746557556,True,False
2024-08-21,152405.26321739645,250000000.0,124999999.99999999,124999999.99999999,4756.84537158966,98,98,196,6,0.030612244897959183,0.049999999999999996,1.0,1.0,1.0,2.0,0.0006096210528695858,0.0004,0.0001,0.0003,100000.0,1.9027381486358642e-05,0.0005096210528695858,0.00020962105286958583,0.00020962105286958583,0.0001905936713832272,6.096210528695859,1.0,2.9999999999999996,0.1902738148635864,1.905936713832272,True,False
2024-08-22,421987.0916662097,250000000.0,124999999.99999999,125000000.0,4942.453693837647,98,98,196,5,0.025510204081632654,0.049999999999999996,1.0,1.0,1.0,2.0,0.0016879483666648388,0.0004,0.0001,0.0003,100000.0,1.976981477535059e-05,0.0015879483666648387,0.0012879483666648388,0.0012879483666648388,0.0012681785518894881,16.879483666648387,1.0,2.9999999999999996,0.1976981477535059,12.68178551889488,True,False
2024-08-23,-885087.2499827193,250000000.0,124999999.99999999,124999999.99999999,4973.926615952473,99,99,198,10,0.050505050505050504,0.04999999999999998,1.0,1.0,1.0,2.0,-0.0035403489999308773,0.0004,0.0001,0.0003,100000.0,1.989570646380989e-05,-0.003640348999930877,-0.0039403489999308774,-0.0039403489999308774,-0.0039602447063946875,-35.403489999308775,1.0,2.9999999999999996,0.19895706463809892,-39.602447063946876,True,False
2024-08-26,-207521.03936059136,250000000.00000003,124999999.99999999,125000000.00000001,4945.0887722456,99,99,198,9,0.045454545454545456,0.049999999999999996,1.0000000000000002,1.0000000000000002,1.0000000000000002,2.0000000000000004,-0.0008300841574423654,0.00040000000000000013,0.00010000000000000003,0.00030000000000000003,100000.00000000003,1.97803550889824e-05,-0.0009300841574423654,-0.0012300841574423653,-0.0012300841574423653,-0.0012498645125313477,-8.300841574423654,1.0000000000000002,3.0000000000000004,0.19780355088982401,-12.498645125313477,True,False
2024-08-27,-430426.43723163696,250000000.0,125000000.00000001,125000000.0,5359.94088238652,97,97,194,4,0.020618556701030927,0.049999999999999996,1.0,1.0,1.0,2.0,-0.0017217057489265478,0.0004,0.0001,0.0003,100000.0,2.143976352954608e-05,-0.0018217057489265478,-0.0021217057489265477,-0.0021217057489265477,-0.002143145512456094,-17.21705748926548,1.0,2.9999999999999996,0.2143976352954608,-21.43145512456094,True,False
2024-08-28,659269.5630995462,249999999.99999997,124999999.99999996,124999999.99999997,3355.256867344461,97,97,194,5,0.02577319587628866,0.04999999999999999,0.9999999999999999,0.9999999999999999,0.9999999999999999,1.9999999999999998,0.002637078252398185,0.00039999999999999996,9.999999999999999e-05,0.0002999999999999999,99999.99999999999,1.3421027469377844e-05,0.002537078252398185,0.0022370782523981852,0.0022370782523981852,0.0022236572249288073,26.37078252398185,0.9999999999999999,2.999999999999999,0.13421027469377844,22.236572249288074,True,False
2024-08-29,1060752.0198982928,249999999.99999997,124999999.99999996,124999999.99999999,3425.292630439463,97,97,194,10,0.05154639175257732,0.049999999999999996,0.9999999999999999,0.9999999999999999,0.9999999999999999,1.9999999999999998,0.004243008079593171,0.00039999999999999996,9.999999999999999e-05,0.0002999999999999999,99999.99999999999,1.3701170521757853e-05,0.004143008079593171,0.003843008079593171,0.003843008079593171,0.003829306909071413,42.43008079593171,0.9999999999999999,2.999999999999999,0.13701170521757852,38.29306909071413,True,False
2024-08-30,-919143.3851234344,250000000.00000006,124999999.99999999,125000000.00000003,3419.251934647354,99,99,198,12,0.06060606060606061,0.049999999999999996,1.0000000000000002,1.0000000000000002,1.0000000000000002,2.0000000000000004,-0.0036765735404937373,0.00040000000000000013,0.00010000000000000003,0.00030000000000000003,100000.00000000003,1.3677007738589417e-05,-0.003776573540493737,-0.0040765735404937374,-0.0040765735404937374,-0.004090250548232327,-36.765735404937374,1.0000000000000002,3.0000000000000004,0.13677007738589417,-40.90250548232327,True,False
2024-09-03,-872407.9178650201,250000000.0,124999999.99999999,125000000.00000001,3167.727339918339,98,98,196,18,0.09183673469387756,0.05000000000000001,1.0,1.0,1.0,2.0,-0.0034896316714600802,0.0004,0.0001,0.0003,100000.0,1.2670909359673356e-05,-0.00358963167146008,-0.00388963167146008,-0.00388963167146008,-0.0039023025808197533,-34.8963167146008,1.0,2.9999999999999996,0.12670909359673357,-39.02302580819753,True,False
2024-09-04,-1218640.7137734792,249999999.99999997,124999999.99999999,124999999.99999996,3188.7257088675997,98,98,196,13,0.0663265306122449,0.04999999999999998,0.9999999999999999,0.9999999999999999,0.9999999999999999,1.9999999999999998,-0.0048745628550939165,0.00039999999999999996,9.999999999999999e-05,0.0002999999999999999,99999.99999999999,1.2754902835470398e-05,-0.004974562855093917,-0.005274562855093917,-0.005274562855093917,-0.005287317757929387,-48.745628550939166,0.9999999999999999,2.999999999999999,0.12754902835470397,-52.87317757929387,True,False
2024-09-05,35753.55671064247,250000000.00000003,124999999.99999999,125000000.0,3555.0302437888695,99,99,198,16,0.08080808080808081,0.04999999999999999,1.0000000000000002,1.0000000000000002,1.0000000000000002,2.0000000000000004,0.00014301422684256988,0.00040000000000000013,0.00010000000000000003,0.00030000000000000003,100000.00000000003,1.4220120975155477e-05,4.301422684256985e-05,-0.00025698577315743016,-0.00025698577315743016,-0.00027120589413258563,1.4301422684256988,1.0000000000000002,3.0000000000000004,0.14220120975155476,-2.7120589413258562,True,False
2024-09-06,927845.0381721708,250000000.00000003,124999999.99999999,125000000.00000001,3710.123888373201,99,99,198,13,0.06565656565656566,0.049999999999999996,1.0000000000000002,1.0000000000000002,1.0000000000000002,2.0000000000000004,0.003711380152688683,0.00040000000000000013,0.00010000000000000003,0.00030000000000000003,100000.00000000003,1.4840495553492805e-05,0.0036113801526886833,0.0033113801526886834,0.0033113801526886834,0.0032965396571351907,37.11380152688683,1.0000000000000002,3.0000000000000004,0.14840495553492805,32.96539657135191,True,False
2024-09-09,-15565.563036104964,250000000.00000003,124999999.99999999,125000000.0,3798.7782087083574,99,99,198,13,0.06565656565656566,0.049999999999999996,1.0000000000000002,1.0000000000000002,1.0000000000000002,2.0000000000000004,-6.226225214441985e-05,0.00040000000000000013,0.00010000000000000003,0.00030000000000000003,100000.00000000003,1.5195112834833429e-05,-0.00016226225214441989,-0.0004622622521444199,-0.0004622622521444199,-0.00047745736497925334,-0.6226225214441985,1.0000000000000002,3.0000000000000004,0.1519511283483343,-4.774573649792534,True,False
2024-09-10,818691.9678069353,250000000.00000003,124999999.99999999,125000000.0,3320.5301270522627,99,99,198,12,0.06060606060606061,0.04999999999999999,1.0000000000000002,1.0000000000000002,1.0000000000000002,2.0000000000000004,0.003274767871227741,0.00040000000000000013,0.00010000000000000003,0.00030000000000000003,100000.00000000003,1.328212050820905e-05,0.003174767871227741,0.0028747678712277413,0.0028747678712277413,0.002861485750719532,32.74767871227741,1.0000000000000002,3.0000000000000004,0.1328212050820905,28.61485750719532,True,False
2024-09-11,100089.03541373838,250000000.00000003,124999999.99999999,125000000.0,3330.27589063375,99,99,198,19,0.09595959595959595,0.04999999999999999,1.0000000000000002,1.0000000000000002,1.0000000000000002,2.0000000000000004,0.00040035614165495354,0.00040000000000000013,0.00010000000000000003,0.00030000000000000003,100000.00000000003,1.3321103562534999e-05,0.0003003561416549535,3.561416549534681e-07,3.561416549534681e-07,-1.296496190758153e-05,4.003561416549536,1.0000000000000002,3.0000000000000004,0.13321103562535,-0.12964961907581532,True,False
2024-09-12,551447.1224984165,250000000.0,124999999.99999997,125000000.00000001,2799.4510323637955,99,99,198,11,0.05555555555555555,0.049999999999999996,1.0,1.0,1.0,2.0,0.0022057884899936656,0.0004,0.0001,0.0003,100000.0,1.1197804129455182e-05,0.002105788489993666,0.0018057884899936659,0.0018057884899936659,0.0017945906858642107,22.057884899936656,1.0,2.9999999999999996,0.11197804129455181,17.945906858642108,True,False
2024-09-13,-1261261.3115196247,249999999.99999997,124999999.99999997,125000000.00000001,3716.1382949033446,99,99,198,17,0.08585858585858586,0.049999999999999996,0.9999999999999999,0.9999999999999999,0.9999999999999999,1.9999999999999998,-0.0050450452460784985,0.00039999999999999996,9.999999999999999e-05,0.0002999999999999999,99999.99999999999,1.4864553179613379e-05,-0.005145045246078499,-0.005445045246078499,-0.005445045246078499,-0.005459909799258112,-50.45045246078499,0.9999999999999999,2.999999999999999,0.1486455317961338,-54.599097992581115,True,False
2024-09-16,607519.656254522,250000000.00000003,125000000.00000001,125000000.00000003,3553.6410633267037,99,99,198,20,0.10101010101010101,0.05000000000000001,1.0000000000000002,1.0000000000000002,1.0000000000000002,2.0000000000000004,0.002430078625018088,0.00040000000000000013,0.00010000000000000003,0.00030000000000000003,100000.00000000003,1.4214564253306815e-05,0.0023300786250180883,0.0020300786250180883,0.0020300786250180883,0.0020158640607647817,24.30078625018088,1.0000000000000002,3.0000000000000004,0.14214564253306816,20.15864060764782,True,False
2024-09-17,288018.9083634853,250000000.00000003,125000000.0,125000000.00000001,2656.312043010906,99,99,198,16,0.08080808080808081,0.05000000000000001,1.0000000000000002,1.0000000000000002,1.0000000000000002,2.0000000000000004,0.0011520756334539412,0.00040000000000000013,0.00010000000000000003,0.00030000000000000003,100000.00000000003,1.0625248172043624e-05,0.0010520756334539412,0.0007520756334539412,0.0007520756334539412,0.0007414503852818976,11.520756334539412,1.0000000000000002,3.0000000000000004,0.10625248172043623,7.414503852818976,True,False
2024-09-18,2095968.347875501,250000000.00000003,124999999.99999997,125000000.00000001,3318.450355063039,99,99,198,9,0.045454545454545456,0.049999999999999996,1.0000000000000002,1.0000000000000002,1.0000000000000002,2.0000000000000004,0.008383873391502004,0.00040000000000000013,0.00010000000000000003,0.00030000000000000003,100000.00000000003,1.3273801420252155e-05,0.008283873391502005,0.007983873391502005,0.007983873391502005,0.007970599590081753,83.83873391502004,1.0000000000000002,3.0000000000000004,0.13273801420252154,79.70599590081753,True,False
2024-09-19,-258091.6734730359,250000000.0,125000000.0,125000000.0,3590.916739671528,99,99,198,16,0.08080808080808081,0.049999999999999996,1.0,1.0,1.0,2.0,-0.0010323666938921435,0.0004,0.0001,0.0003,100000.0,1.4363666958686111e-05,-0.0011323666938921435,-0.0014323666938921434,-0.0014323666938921434,-0.0014467303608508295,-10.323666938921434,1.0,2.9999999999999996,0.1436366695868611,-14.467303608508296,True,False
2024-09-20,-1828.4118632028217,250000000.0,125000000.00000001,125000000.0,3211.106566201429,99,99,198,15,0.07575757575757576,0.04999999999999999,1.0,1.0,1.0,2.0,-7.313647452811287e-06,0.0004,0.0001,0.0003,100000.0,1.2844426264805716e-05,-0.00010731364745281129,-0.0004073136474528113,-0.0004073136474528113,-0.000420158073717617,-0.07313647452811287,1.0,2.9999999999999996,0.12844426264805717,-4.20158073717617,True,False
2024-09-23,1270930.631295399,249999999.99999997,125000000.00000001,124999999.99999997,2897.0300513485154,99,99,198,8,0.04040404040404041,0.04999999999999999,0.9999999999999999,0.9999999999999999,0.9999999999999999,1.9999999999999998,0.005083722525181596,0.00039999999999999996,9.999999999999999e-05,0.0002999999999999999,99999.99999999999,1.1588120205394061e-05,0.004983722525181596,0.004683722525181596,0.004683722525181596,0.0046721344049762015,50.83722525181596,0.9999999999999999,2.999999999999999,0.11588120205394062,46.72134404976202,True,False
2024-09-24,-424082.6426632248,249999999.99999997,125000000.0,124999999.99999999,2995.5668719357645,98,98,196,6,0.030612244897959183,0.049999999999999996,0.9999999999999999,0.9999999999999999,0.9999999999999999,1.9999999999999998,-0.001696330570652899,0.00039999999999999996,9.999999999999999e-05,0.0002999999999999999,99999.99999999999,1.1982267487743059e-05,-0.0017963305706528991,-0.002096330570652899,-0.002096330570652899,-0.002108312838140642,-16.963305706528992,0.9999999999999999,2.999999999999999,0.11982267487743059,-21.08312838140642,True,False
2024-09-25,1664182.8826880031,250000000.0,124999999.99999999,125000000.00000001,2506.713872542963,98,98,196,8,0.04081632653061224,0.05,1.0,1.0,1.0,2.0,0.006656731530752013,0.0004,0.0001,0.0003,100000.0,1.0026855490171852e-05,0.006556731530752012,0.006256731530752012,0.006256731530752012,0.006246704675261841,66.56731530752013,1.0,2.9999999999999996,0.10026855490171852,62.46704675261841,True,False
2024-09-26,454260.27953805163,250000000.0,125000000.0,125000000.0,3726.5216143408634,98,98,196,17,0.08673469387755102,0.05,1.0,1.0,1.0,2.0,0.0018170411181522065,0.0004,0.0001,0.0003,100000.0,1.4906086457363454e-05,0.0017170411181522064,0.0014170411181522065,0.0014170411181522065,0.001402135031694843,18.170411181522066,1.0,2.9999999999999996,0.14906086457363454,14.02135031694843,True,False
2024-09-27,-797652.0704337279,250000000.00000003,124999999.99999999,125000000.0,3215.0930139813872,99,99,198,5,0.025252525252525252,0.04999999999999999,1.0000000000000002,1.0000000000000002,1.0000000000000002,2.0000000000000004,-0.0031906082817349116,0.00040000000000000013,0.00010000000000000003,0.00030000000000000003,100000.00000000003,1.2860372055925548e-05,-0.0032906082817349114,-0.0035906082817349113,-0.0035906082817349113,-0.003603468653790837,-31.906082817349116,1.0000000000000002,3.0000000000000004,0.12860372055925548,-36.03468653790837,True,False
2024-09-30,29021.495531337332,250000000.00000003,125000000.00000003,124999999.99999999,3144.9368181146438,99,99,198,8,0.04040404040404041,0.049999999999999996,1.0000000000000002,1.0000000000000002,1.0000000000000002,2.0000000000000004,0.00011608598212534933,0.00040000000000000013,0.00010000000000000003,0.00030000000000000003,100000.00000000003,1.2579747272458576e-05,1.60859821253493e-05,-0.0002839140178746507,-0.0002839140178746507,-0.0002964937651471093,1.1608598212534933,1.0000000000000002,3.0000000000000004,0.12579747272458575,-2.964937651471093,True,False
2024-10-01,-169606.9875164811,250000000.0,125000000.0,125000000.0,3468.2619631237276,99,99,198,13,0.06565656565656566,0.049999999999999996,1.0,1.0,1.0,2.0,-0.0006784279500659245,0.0004,0.0001,0.0003,100000.0,1.387304785249491e-05,-0.0007784279500659245,-0.0010784279500659244,-0.0010784279500659244,-0.0010923009979184194,-6.7842795006592445,1.0,2.9999999999999996,0.1387304785249491,-10.923009979184194,True,False
2024-10-02,-575639.1040811667,250000000.0,124999999.99999999,124999999.99999997,2999.7631995249412,99,99,198,10,0.050505050505050504,0.049999999999999975,1.0,1.0,1.0,2.0,-0.002302556416324667,0.0004,0.0001,0.0003,100000.0,1.1999052798099764e-05,-0.0024025564163246667,-0.0027025564163246666,-0.0027025564163246666,-0.0027145554691227662,-23.02556416324667,1.0,2.9999999999999996,0.11999052798099764,-27.145554691227662,True,False
2024-10-03,1289429.7383257127,250000000.00000003,125000000.00000001,125000000.00000001,3841.1336703246643,99,99,198,9,0.045454545454545456,0.05,1.0000000000000002,1.0000000000000002,1.0000000000000002,2.0000000000000004,0.005157718953302851,0.00040000000000000013,0.00010000000000000003,0.00030000000000000003,100000.00000000003,1.5364534681298657e-05,0.005057718953302851,0.004757718953302851,0.004757718953302851,0.004742354418621552,51.57718953302851,1.0000000000000002,3.0000000000000004,0.15364534681298658,47.42354418621552,True,False
2024-10-04,52452.67302829821,250000000.0,125000000.00000003,124999999.99999999,4290.578776319184,99,99,198,7,0.03535353535353535,0.049999999999999996,1.0,1.0,1.0,2.0,0.00020981069211319285,0.0004,0.0001,0.0003,100000.0,1.7162315105276737e-05,0.00010981069211319284,-0.00019018930788680715,-0.00019018930788680715,-0.00020735162299208388,2.0981069211319285,1.0,2.9999999999999996,0.17162315105276738,-2.073516229920839,True,False
2024-10-07,-181579.05724069726,250000000.0,125000000.00000001,125000000.0,3527.815818254621,99,99,198,10,0.050505050505050504,0.049999999999999996,1.0,1.0,1.0,2.0,-0.000726316228962789,0.0004,0.0001,0.0003,100000.0,1.4111263273018484e-05,-0.0008263162289627891,-0.001126316228962789,-0.001126316228962789,-0.0011404274922358075,-7.26316228962789,1.0,2.9999999999999996,0.14111263273018484,-11.404274922358075,True,False
2024-10-08,-272183.6032383153,250000000.00000003,124999999.99999999,125000000.0,3575.131806157181,99,99,198,17,0.08585858585858586,0.049999999999999996,1.0000000000000002,1.0000000000000002,1.0000000000000002,2.0000000000000004,-0.0010887344129532613,0.00040000000000000013,0.00010000000000000003,0.00030000000000000003,100000.00000000003,1.4300527224628725e-05,-0.0011887344129532613,-0.0014887344129532612,-0.0014887344129532612,-0.00150303494017789,-10.887344129532613,1.0000000000000002,3.0000000000000004,0.14300527224628726,-15.030349401778901,True,False
2024-10-09,-487981.0381722004,250000000.00000003,124999999.99999997,125000000.00000003,3982.6173962828984,99,99,198,9,0.045454545454545456,0.05,1.0000000000000002,1.0000000000000002,1.0000000000000002,2.0000000000000004,-0.0019519241526888016,0.00040000000000000013,0.00010000000000000003,0.00030000000000000003,100000.00000000003,1.5930469585131594e-05,-0.0020519241526888014,-0.0023519241526888013,-0.0023519241526888013,-0.002367854622273933,-19.519241526888017,1.0000000000000002,3.0000000000000004,0.15930469585131596,-23.678546222739328,True,False
2024-10-10,-694915.0121695492,250000000.00000006,124999999.99999999,125000000.00000003,3387.143710803706,99,99,198,10,0.050505050505050504,0.05000000000000001,1.0000000000000002,1.0000000000000002,1.0000000000000002,2.0000000000000004,-0.002779660048678197,0.00040000000000000013,0.00010000000000000003,0.00030000000000000003,100000.00000000003,1.3548574843214824e-05,-0.002879660048678197,-0.003179660048678197,-0.003179660048678197,-0.0031932086235214115,-27.796600486781973,1.0000000000000002,3.0000000000000004,0.13548574843214825,-31.932086235214115,True,False
2024-10-11,96607.92837239907,250000000.0,124999999.99999999,125000000.0,2549.907949662726,98,98,196,11,0.05612244897959184,0.05,1.0,1.0,1.0,2.0,0.00038643171348959625,0.0004,0.0001,0.0003,100000.0,1.0199631798650904e-05,0.00028643171348959626,-1.3568286510403716e-05,-1.3568286510403716e-05,-2.376791830905462e-05,3.8643171348959626,1.0,2.9999999999999996,0.10199631798650904,-0.2376791830905462,True,False
2024-10-14,-867725.0341429289,249999999.99999997,124999999.99999996,124999999.99999999,2667.481609706626,97,97,194,11,0.05670103092783505,0.049999999999999996,0.9999999999999999,0.9999999999999999,0.9999999999999999,1.9999999999999998,-0.0034709001365717156,0.00039999999999999996,9.999999999999999e-05,0.0002999999999999999,99999.99999999999,1.0669926438826503e-05,-0.0035709001365717154,-0.0038709001365717153,-0.0038709001365717153,-0.0038815700630105416,-34.70900136571716,0.9999999999999999,2.999999999999999,0.10669926438826503,-38.81570063010542,True,False
2024-10-15,552136.6920089074,249999999.99999997,124999999.99999997,124999999.99999999,2247.923142027481,95,95,190,12,0.06315789473684211,0.04999999999999999,0.9999999999999999,0.9999999999999999,0.9999999999999999,1.9999999999999998,0.00220854676803563,0.00039999999999999996,9.999999999999999e-05,0.0002999999999999999,99999.99999999999,8.991692568109925e-06,0.00210854676803563,0.0018085467680356302,0.0018085467680356302,0.0017995550754675202,22.0854676803563,0.9999999999999999,2.999999999999999,0.08991692568109924,17.995550754675204,True,False
2024-10-16,944562.0357076733,250000000.0,125000000.00000001,124999999.99999999,2951.0025844570278,94,94,188,11,0.05851063829787234,0.049999999999999996,1.0,1.0,1.0,2.0,0.003778248142830693,0.0004,0.0001,0.0003,100000.0,1.1804010337828112e-05,0.0036782481428306933,0.0033782481428306934,0.0033782481428306934,0.0033664441324928653,37.78248142830693,1.0,2.9999999999999996,0.11804010337828112,33.66444132492865,True,False
2024-10-17,271672.7265567088,250000000.0,124999999.99999997,124999999.99999999,3064.895124490237,95,95,190,12,0.06315789473684211,0.05000000000000001,1.0,1.0,1.0,2.0,0.0010866909062268353,0.0004,0.0001,0.0003,100000.0,1.2259580497960948e-05,0.0009866909062268352,0.0006866909062268353,0.0006866909062268353,0.0006744313257288744,10.866909062268354,1.0,2.9999999999999996,0.12259580497960948,6.744313257288744,True,False
2024-10-18,-2769.821586178326,249999999.99999997,125000000.00000001,124999999.99999999,2678.6403529769746,94,94,188,7,0.03723404255319149,0.049999999999999996,0.9999999999999999,0.9999999999999999,0.9999999999999999,1.9999999999999998,-1.1079286344713305e-05,0.00039999999999999996,9.999999999999999e-05,0.0002999999999999999,99999.99999999999,1.0714561411907898e-05,-0.00011107928634471329,-0.0004110792863447132,-0.0004110792863447132,-0.0004217938477566211,-0.11079286344713304,0.9999999999999999,2.999999999999999,0.10714561411907898,-4.217938477566211,True,False
2024-10-21,-20935.554896204812,249999999.99999997,125000000.0,124999999.99999999,2911.3322768375892,92,92,184,11,0.059782608695652176,0.05,0.9999999999999999,0.9999999999999999,0.9999999999999999,1.9999999999999998,-8.374221958481925e-05,0.00039999999999999996,9.999999999999999e-05,0.0002999999999999999,99999.99999999999,1.1645329107350356e-05,-0.00018374221958481924,-0.0004837422195848192,-0.0004837422195848192,-0.0004953875486921695,-0.8374221958481926,0.9999999999999999,2.999999999999999,0.11645329107350356,-4.953875486921695,True,False
2024-10-22,-455060.89527108177,250000000.0,124999999.99999999,125000000.0,3332.4730784391672,83,83,166,7,0.04216867469879518,0.05000000000000001,1.0,1.0,1.0,2.0,-0.0018202435810843272,0.0004,0.0001,0.0003,100000.0,1.332989231375667e-05,-0.0019202435810843272,-0.002220243581084327,-0.002220243581084327,-0.0022335734733980837,-18.202435810843273,1.0,2.9999999999999996,0.1332989231375667,-22.335734733980836,True,False
2024-10-23,736787.3826977736,250000000.00000003,125000000.0,125000000.00000001,2814.073779584399,83,83,166,17,0.10240963855421686,0.05000000000000001,1.0000000000000002,1.0000000000000002,1.0000000000000002,2.0000000000000004,0.0029471495307910947,0.00040000000000000013,0.00010000000000000003,0.00030000000000000003,100000.00000000003,1.1256295118337595e-05,0.002847149530791095,0.002547149530791095,0.002547149530791095,0.0025358932356727574,29.471495307910946,1.0000000000000002,3.0000000000000004,0.11256295118337595,25.358932356727575,True,False
2024-10-24,221484.41011186418,249999999.99999994,124999999.99999994,124999999.99999997,3137.656381862698,86,86,172,14,0.08139534883720931,0.05,0.9999999999999998,0.9999999999999998,0.9999999999999998,1.9999999999999996,0.0008859376404474567,0.0003999999999999999,9.999999999999998e-05,0.0002999999999999999,99999.99999999997,1.255062552745079e-05,0.0007859376404474568,0.0004859376404474569,0.0004859376404474569,0.00047338701492000607,8.859376404474567,0.9999999999999998,2.999999999999999,0.1255062552745079,4.733870149200061,True,False
2024-10-25,39995.08379556074,250000000.0,125000000.0,125000000.0,3111.1548455461552,90,90,180,13,0.07222222222222222,0.05,1.0,1.0,1.0,2.0,0.00015998033518224296,0.0004,0.0001,0.0003,100000.0,1.2444619382184621e-05,5.9980335182242955e-05,-0.000240019664817757,-0.000240019664817757,-0.0002524642841999416,1.5998033518224295,1.0,2.9999999999999996,0.12444619382184621,-2.524642841999416,True,False
2024-10-28,-130033.17030314854,249999999.99999997,125000000.0,125000000.0,2820.238462106061,86,86,172,20,0.11627906976744186,0.05000000000000001,0.9999999999999999,0.9999999999999999,0.9999999999999999,1.9999999999999998,-0.0005201326812125941,0.00039999999999999996,9.999999999999999e-05,0.0002999999999999999,99999.99999999999,1.1280953848424244e-05,-0.0006201326812125942,-0.0009201326812125941,-0.0009201326812125941,-0.0009314136350610183,-5.2013268121259415,0.9999999999999999,2.999999999999999,0.11280953848424244,-9.314136350610182,True,False
2024-10-29,-959241.8992714038,250000000.0,125000000.0,124999999.99999999,2636.7065833611446,73,73,146,26,0.1780821917808219,0.049999999999999996,1.0,1.0,1.0,2.0,-0.003836967597085615,0.0004,0.0001,0.0003,100000.0,1.0546826333444579e-05,-0.003936967597085615,-0.004236967597085615,-0.004236967597085615,-0.004247514423419059,-38.36967597085615,1.0,2.9999999999999996,0.10546826333444578,-42.475144234190594,True,False
2024-10-30,-384522.83239700744,249999999.99999997,124999999.99999997,125000000.0,2923.67046827676,74,74,148,28,0.1891891891891892,0.05000000000000001,0.9999999999999999,0.9999999999999999,0.9999999999999999,1.9999999999999998,-0.0015380913295880297,0.00039999999999999996,9.999999999999999e-05,0.0002999999999999999,99999.99999999999,1.169468187310704e-05,-0.0016380913295880298,-0.0019380913295880297,-0.0019380913295880297,-0.0019497860114611367,-15.380913295880298,0.9999999999999999,2.999999999999999,0.1169468187310704,-19.497860114611367,True,False
2024-10-31,101531.64946919848,250000000.0,125000000.0,125000000.00000001,3705.1053966507234,80,80,160,21,0.13125,0.05000000000000001,1.0,1.0,1.0,2.0,0.00040612659787679395,0.0004,0.0001,0.0003,100000.0,1.4820421586602893e-05,0.00030612659787679396,6.126597876793987e-06,6.126597876793987e-06,-8.693823709808906e-06,4.061265978767939,1.0,2.9999999999999996,0.14820421586602894,-0.08693823709808907,True,False
2024-11-01,-159922.02304819878,250000000.0,124999999.99999996,124999999.99999999,2855.7740297423175,87,87,174,12,0.06896551724137931,0.049999999999999975,1.0,1.0,1.0,2.0,-0.0006396880921927951,0.0004,0.0001,0.0003,100000.0,1.142309611896927e-05,-0.0007396880921927951,-0.001039688092192795,-0.001039688092192795,-0.0010511111883117644,-6.396880921927951,1.0,2.9999999999999996,0.1142309611896927,-10.511111883117644,True,False
2024-11-04,184404.04551227464,249999999.99999997,124999999.99999997,124999999.99999999,3713.4092192544867,88,88,176,16,0.09090909090909091,0.049999999999999996,0.9999999999999999,0.9999999999999999,0.9999999999999999,1.9999999999999998,0.0007376161820490985,0.00039999999999999996,9.999999999999999e-05,0.0002999999999999999,99999.99999999999,1.4853636877017947e-05,0.0006376161820490986,0.00033761618204909867,0.00033761618204909867,0.00032276254517208075,7.376161820490985,0.9999999999999999,2.999999999999999,0.14853636877017948,3.2276254517208076,True,False
2024-11-05,780064.2931891428,250000000.0,125000000.0,124999999.99999999,3360.2255790724976,80,80,160,15,0.09375,0.05,1.0,1.0,1.0,2.0,0.003120257172756571,0.0004,0.0001,0.0003,100000.0,1.3440902316289991e-05,0.0030202571727565714,0.0027202571727565714,0.0027202571727565714,0.0027068162704402816,31.20257172756571,1.0,2.9999999999999996,0.1344090231628999,27.068162704402816,True,False
2024-11-06,218212.63469924222,250000000.0,125000000.00000001,125000000.0,2673.4906591372637,82,82,164,15,0.09146341463414634,0.05000000000000001,1.0,1.0,1.0,2.0,0.0008728505387969688,0.0004,0.0001,0.0003,100000.0,1.0693962636549055e-05,0.0007728505387969688,0.0004728505387969688,0.0004728505387969688,0.00046215657616041975,8.728505387969689,1.0,2.9999999999999996,0.10693962636549055,4.621565761604198,True,False
2024-11-07,-280911.1108602358,249999999.99999994,124999999.99999999,124999999.99999997,2966.6650919236527,85,85,170,15,0.08823529411764706,0.05000000000000001,0.9999999999999998,0.9999999999999998,0.9999999999999998,1.9999999999999996,-0.0011236444434409433,0.0003999999999999999,9.999999999999998e-05,0.0002999999999999999,99999.99999999997,1.186666036769461e-05,-0.0012236444434409433,-0.0015236444434409433,-0.0015236444434409433,-0.001535511103808638,-11.236444434409433,0.9999999999999998,2.999999999999999,0.1186666036769461,-15.35511103808638,True,False
2024-11-08,964505.428448559,249999999.99999997,124999999.99999994,124999999.99999999,3784.7989889104265,94,94,188,8,0.0425531914893617,0.05000000000000001,0.9999999999999999,0.9999999999999999,0.9999999999999999,1.9999999999999998,0.003858021713794236,0.00039999999999999996,9.999999999999999e-05,0.0002999999999999999,99999.99999999999,1.5139195955641706e-05,0.0037580217137942362,0.0034580217137942363,0.0034580217137942363,0.0034428825178385945,38.58021713794236,0.9999999999999999,2.999999999999999,0.15139195955641707,34.42882517838594,True,False
2024-11-11,-569508.5727329724,250000000.0,124999999.99999996,125000000.00000003,3128.7107749908164,97,97,194,14,0.07216494845360824,0.05,1.0,1.0,1.0,2.0,-0.0022780342909318897,0.0004,0.0001,0.0003,100000.0,1.2514843099963266e-05,-0.0023780342909318895,-0.0026780342909318894,-0.0026780342909318894,-0.002690549134031853,-22.780342909318897,1.0,2.9999999999999996,0.12514843099963266,-26.90549134031853,True,False
2024-11-12,-10209.223559034011,249999999.99999997,125000000.0,124999999.99999997,2257.2691364404486,97,97,194,9,0.04639175257731959,0.04999999999999999,0.9999999999999999,0.9999999999999999,0.9999999999999999,1.9999999999999998,-4.083689423613605e-05,0.00039999999999999996,9.999999999999999e-05,0.0002999999999999999,99999.99999999999,9.029076545761794e-06,-0.00014083689423613605,-0.000440836894236136,-0.000440836894236136,-0.00044986597078189777,-0.40836894236136045,0.9999999999999999,2.999999999999999,0.09029076545761794,-4.498659707818978,True,False
2024-11-13,322929.24808232876,250000000.0,124999999.99999999,124999999.99999999,5067.315380769381,98,98,196,10,0.05102040816326531,0.049999999999999996,1.0,1.0,1.0,2.0,0.0012917169923293151,0.0004,0.0001,0.0003,100000.0,2.026926152307752e-05,0.001191716992329315,0.0008917169923293152,0.0008917169923293152,0.0008714477308062376,12.917169923293152,1.0,2.9999999999999996,0.20269261523077522,8.714477308062376,True,False
2024-11-14,-32559.920966225676,250000000.0,124999999.99999999,125000000.00000001,5066.18462032262,98,98,196,6,0.030612244897959183,0.05,1.0,1.0,1.0,2.0,-0.0001302396838649027,0.0004,0.0001,0.0003,100000.0,2.026473848129048e-05,-0.00023023968386490272,-0.0005302396838649027,-0.0005302396838649027,-0.0005505044223461932,-1.302396838649027,1.0,2.9999999999999996,0.2026473848129048,-5.505044223461932,True,False
2024-11-15,60298.63036037943,250000000.0,125000000.0,125000000.00000001,4514.192349838953,98,98,196,12,0.061224489795918366,0.049999999999999996,1.0,1.0,1.0,2.0,0.00024119452144151773,0.0004,0.0001,0.0003,100000.0,1.8056769399355812e-05,0.0001411945214415177,-0.00015880547855848227,-0.00015880547855848227,-0.0001768622479578381,2.4119452144151774,1.0,2.9999999999999996,0.18056769399355813,-1.768622479578381,True,False
2024-11-18,-287214.59677021316,250000000.0,124999999.99999997,125000000.00000001,5073.361950177482,98,98,196,8,0.04081632653061224,0.05,1.0,1.0,1.0,2.0,-0.0011488583870808526,0.0004,0.0001,0.0003,100000.0,2.0293447800709928e-05,-0.0012488583870808527,-0.0015488583870808526,-0.0015488583870808526,-0.0015691518348815625,-11.488583870808526,1.0,2.9999999999999996,0.2029344780070993,-15.691518348815626,True,False
2024-11-19,112946.68060236072,250000000.0,124999999.99999996,125000000.00000001,4672.032275375389,97,97,194,6,0.030927835051546393,0.05,1.0,1.0,1.0,2.0,0.0004517867224094429,0.0004,0.0001,0.0003,100000.0,1.8688129101501555e-05,0.0003517867224094429,5.178672240944293e-05,5.178672240944293e-05,3.309859330794138e-05,4.517867224094429,1.0,2.9999999999999996,0.18688129101501555,0.33098593307941376,True,False
2024-11-20,193124.3597949281,249999999.99999997,124999999.99999996,124999999.99999999,4761.2213581338265,97,97,194,7,0.03608247422680412,0.04999999999999999,0.9999999999999999,0.9999999999999999,0.9999999999999999,1.9999999999999998,0.0007724974391797125,0.00039999999999999996,9.999999999999999e-05,0.0002999999999999999,99999.99999999999,1.9044885432535305e-05,0.0006724974391797125,0.0003724974391797126,0.0003724974391797126,0.0003534525537471773,7.724974391797125,0.9999999999999999,2.999999999999999,0.19044885432535305,3.5345255374717732,True,False
2024-11-21,-35414.64696308393,250000000.0,125000000.0,124999999.99999999,5168.156757668773,98,98,196,12,0.061224489795918366,0.05,1.0,1.0,1.0,2.0,-0.0001416585878523357,0.0004,0.0001,0.0003,100000.0,2.067262703067509e-05,-0.00024165858785233572,-0.0005416585878523357,-0.0005416585878523357,-0.0005623312148830108,-1.416585878523357,1.0,2.9999999999999996,0.20672627030675092,-5.623312148830108,True,False
2024-11-22,220417.3035324631,250000000.0,124999999.99999996,125000000.0,5009.95181363868,97,97,194,10,0.05154639175257732,0.04999999999999999,1.0,1.0,1.0,2.0,0.0008816692141298524,0.0004,0.0001,0.0003,100000.0,2.003980725455472e-05,0.0007816692141298523,0.00048166921412985236,0.00048166921412985236,0.00046162940687529764,8.816692141298525,1.0,2.9999999999999996,0.20039807254554717,4.6162940687529765,True,False
2024-11-25,268842.5685893999,249999999.99999997,124999999.99999996,125000000.0,4799.077325334371,97,97,194,6,0.030927835051546393,0.049999999999999996,0.9999999999999999,0.9999999999999999,0.9999999999999999,1.9999999999999998,0.0010753702743575998,0.00039999999999999996,9.999999999999999e-05,0.0002999999999999999,99999.99999999999,1.9196309301337486e-05,0.0009753702743575997,0.0006753702743575998,0.0006753702743575998,0.0006561739650562624,10.753702743575998,0.9999999999999999,2.999999999999999,0.19196309301337486,6.5617396505626235,True,False
2024-11-26,-176587.38823473666,250000000.0,124999999.99999999,124999999.99999999,5280.400881800304,98,98,196,12,0.061224489795918366,0.049999999999999996,1.0,1.0,1.0,2.0,-0.0007063495529389467,0.0004,0.0001,0.0003,100000.0,2.1121603527201217e-05,-0.0008063495529389467,-0.0011063495529389468,-0.0011063495529389468,-0.0011274711564661479,-7.063495529389467,1.0,2.9999999999999996,0.21121603527201216,-11.274711564661478,True,False
2024-11-27,317133.61226018495,250000000.00000003,125000000.0,125000000.00000001,5476.051623996216,98,98,196,8,0.04081632653061224,0.05,1.0000000000000002,1.0000000000000002,1.0000000000000002,2.0000000000000004,0.00126853444904074,0.00040000000000000013,0.00010000000000000003,0.00030000000000000003,100000.00000000003,2.1904206495984864e-05,0.0011685344490407399,0.0008685344490407398,0.0008685344490407398,0.0008466302425447549,12.685344490407399,1.0000000000000002,3.0000000000000004,0.21904206495984865,8.46630242544755,True,False
2024-11-29,422736.1078231669,249999999.99999997,124999999.99999999,124999999.99999999,5541.015190756165,99,99,198,10,0.050505050505050504,0.04999999999999999,0.9999999999999999,0.9999999999999999,0.9999999999999999,1.9999999999999998,0.0016909444312926676,0.00039999999999999996,9.999999999999999e-05,0.0002999999999999999,99999.99999999999,2.216406076302466e-05,0.0015909444312926675,0.0012909444312926676,0.0012909444312926676,0.001268780370529643,16.909444312926677,0.9999999999999999,2.999999999999999,0.2216406076302466,12.68780370529643,True,False
2024-12-02,-68016.55459375266,249999999.99999997,124999999.99999999,124999999.99999997,5727.943329569962,98,98,196,7,0.03571428571428571,0.04999999999999999,0.9999999999999999,0.9999999999999999,0.9999999999999999,1.9999999999999998,-0.0002720662183750106,0.00039999999999999996,9.999999999999999e-05,0.0002999999999999999,99999.99999999999,2.2911773318279846e-05,-0.0003720662183750106,-0.0006720662183750106,-0.0006720662183750106,-0.0006949779916932905,-2.720662183750106,0.9999999999999999,2.999999999999999,0.22911773318279846,-6.949779916932905,True,False
2024-12-03,293657.35050830484,249999999.99999997,124999999.99999996,124999999.99999999,5382.126784143021,97,97,194,10,0.05154639175257732,0.049999999999999996,0.9999999999999999,0.9999999999999999,0.9999999999999999,1.9999999999999998,0.0011746294020332194,0.00039999999999999996,9.999999999999999e-05,0.0002999999999999999,99999.99999999999,2.1528507136572084e-05,0.0010746294020332193,0.0007746294020332194,0.0007746294020332194,0.0007531008948966474,11.746294020332193,0.9999999999999999,2.999999999999999,0.21528507136572084,7.531008948966474,True,False
2024-12-04,473255.0243210569,249999999.99999988,124999999.99999993,124999999.99999991,5326.412259678542,96,96,192,7,0.036458333333333336,0.05,0.9999999999999996,0.9999999999999996,0.9999999999999996,1.9999999999999991,0.0018930200972842276,0.00039999999999999986,9.999999999999996e-05,0.00029999999999999987,99999.99999999997,2.1305649038714168e-05,0.0017930200972842275,0.0014930200972842276,0.0014930200972842276,0.0014717144482455135,18.930200972842275,0.9999999999999997,2.9999999999999987,0.2130564903871417,14.717144482455135,True,False
2024-12-05,134211.34560544876,250000000.0,125000000.00000001,124999999.99999999,6272.0250157579485,97,97,194,9,0.04639175257731959,0.049999999999999996,1.0,1.0,1.0,2.0,0.0005368453824217951,0.0004,0.0001,0.0003,100000.0,2.5088100063031795e-05,0.0004368453824217951,0.0001368453824217951,0.0001368453824217951,0.0001117572823587633,5.3684538242179505,1.0,2.9999999999999996,0.25088100063031793,1.117572823587633,True,False
2024-12-06,158100.46694069123,250000000.0,125000000.00000003,125000000.0,6094.764649997332,97,97,194,6,0.030927835051546393,0.049999999999999996,1.0,1.0,1.0,2.0,0.000632401867762765,0.0004,0.0001,0.0003,100000.0,2.4379058599989327e-05,0.0005324018677627649,0.00023240186776276494,0.00023240186776276494,0.0002080228091627756,6.32401867762765,1.0,2.9999999999999996,0.24379058599989328,2.080228091627756,True,False
2024-12-09,60587.330948900984,249999999.99999997,124999999.99999999,124999999.99999997,6081.689334656107,98,98,196,9,0.04591836734693878,0.04999999999999999,0.9999999999999999,0.9999999999999999,0.9999999999999999,1.9999999999999998,0.00024234932379560393,0.00039999999999999996,9.999999999999999e-05,0.0002999999999999999,99999.99999999999,2.432675733862443e-05,0.00014234932379560394,-0.00015765067620439598,-0.00015765067620439598,-0.0001819774335430204,2.4234932379560394,0.9999999999999999,2.999999999999999,0.2432675733862443,-1.819774335430204,True,False
2024-12-10,411240.9505030245,250000000.0,124999999.99999999,124999999.99999999,5290.073036570652,98,98,196,7,0.03571428571428571,0.049999999999999996,1.0,1.0,1.0,2.0,0.001644963802012098,0.0004,0.0001,0.0003,100000.0,2.116029214628261e-05,0.001544963802012098,0.001244963802012098,0.001244963802012098,0.0012238035098658155,16.44963802012098,1.0,2.9999999999999996,0.2116029214628261,12.238035098658155,True,False
2024-12-11,-215504.6947953782,250000000.0,124999999.99999999,124999999.99999999,5300.709078249138,99,99,198,12,0.06060606060606061,0.049999999999999996,1.0,1.0,1.0,2.0,-0.0008620187791815128,0.0004,0.0001,0.0003,100000.0,2.120283631299655e-05,-0.0009620187791815129,-0.0012620187791815129,-0.0012620187791815129,-0.0012832216154945095,-8.620187791815129,1.0,2.9999999999999996,0.2120283631299655,-12.832216154945096,True,False
2024-12-12,175467.56119681045,250000000.0,125000000.00000003,125000000.00000001,3269.9103644690663,99,99,198,14,0.0707070707070707,0.049999999999999996,1.0,1.0,1.0,2.0,0.0007018702447872417,0.0004,0.0001,0.0003,100000.0,1.3079641457876265e-05,0.0006018702447872417,0.00030187024478724173,0.00030187024478724173,0.00028879060332936545,7.018702447872418,1.0,2.9999999999999996,0.13079641457876265,2.8879060332936546,True,False
2024-12-13,101667.43164949503,250000000.0,124999999.99999999,124999999.99999999,2702.915880608128,99,99,198,8,0.04040404040404041,0.049999999999999975,1.0,1.0,1.0,2.0,0.00040666972659798015,0.0004,0.0001,0.0003,100000.0,1.0811663522432513e-05,0.00030666972659798016,6.669726597980188e-06,6.669726597980188e-06,-4.141936924452325e-06,4.066697265979801,1.0,2.9999999999999996,0.10811663522432513,-0.041419369244523246,True,False
2024-12-16,-47168.98266443944,250000000.00000003,124999999.99999999,125000000.0,3302.344260890421,99,99,198,12,0.06060606060606061,0.049999999999999996,1.0000000000000002,1.0000000000000002,1.0000000000000002,2.0000000000000004,-0.00018867593065775777,0.00040000000000000013,0.00010000000000000003,0.00030000000000000003,100000.00000000003,1.3209377043561684e-05,-0.0002886759306577578,-0.0005886759306577578,-0.0005886759306577578,-0.0006018853077013194,-1.8867593065775776,1.0000000000000002,3.0000000000000004,0.13209377043561685,-6.018853077013194,True,False
2024-12-17,-149631.3169535332,250000000.0,124999999.99999999,125000000.0,2966.232936553477,98,98,196,14,0.07142857142857142,0.049999999999999996,1.0,1.0,1.0,2.0,-0.0005985252678141329,0.0004,0.0001,0.0003,100000.0,1.1864931746213907e-05,-0.0006985252678141329,-0.000998525267814133,-0.000998525267814133,-0.0010103901995603469,-5.985252678141329,1.0,2.9999999999999996,0.11864931746213908,-10.103901995603469,True,False
2024-12-18,1024370.947148353,250000000.00000003,124999999.99999999,125000000.00000001,3078.3868552872846,98,98,196,7,0.03571428571428571,0.05,1.0000000000000002,1.0000000000000002,1.0000000000000002,2.0000000000000004,0.004097483788593412,0.00040000000000000013,0.00010000000000000003,0.00030000000000000003,100000.00000000003,1.2313547421149139e-05,0.0039974837885934115,0.0036974837885934116,0.0036974837885934116,0.0036851702411722625,40.974837885934114,1.0000000000000002,3.0000000000000004,0.12313547421149139,36.85170241172263,True,False
2024-12-19,-937317.5263303359,250000000.00000003,124999999.99999999,125000000.00000001,2156.9042852710363,98,98,196,5,0.025510204081632654,0.05,1.0000000000000002,1.0000000000000002,1.0000000000000002,2.0000000000000004,-0.0037492701053213435,0.00040000000000000013,0.00010000000000000003,0.00030000000000000003,100000.00000000003,8.627617141084146e-06,-0.0038492701053213433,-0.004149270105321344,-0.004149270105321344,-0.004157897722462428,-37.49270105321344,1.0000000000000002,3.0000000000000004,0.08627617141084146,-41.57897722462428,True,False
2024-12-20,480364.26904094615,250000000.00000003,124999999.99999999,125000000.00000001,2648.645413692657,99,99,198,8,0.04040404040404041,0.05000000000000001,1.0000000000000002,1.0000000000000002,1.0000000000000002,2.0000000000000004,0.0019214570761637846,0.00040000000000000013,0.00010000000000000003,0.00030000000000000003,100000.00000000003,1.0594581654770627e-05,0.0018214570761637845,0.0015214570761637844,0.0015214570761637844,0.0015108624945090138,19.214570761637844,1.0000000000000002,3.0000000000000004,0.10594581654770627,15.108624945090138,True,False
2024-12-23,175478.07969238263,250000000.0,124999999.99999999,124999999.99999999,2928.5719915092027,99,99,198,5,0.025252525252525252,0.04999999999999998,1.0,1.0,1.0,2.0,0.0007019123187695305,0.0004,0.0001,0.0003,100000.0,1.171428796603681e-05,0.0006019123187695304,0.00030191231876953046,0.00030191231876953046,0.00029019803080349363,7.019123187695305,1.0,2.9999999999999996,0.11714287966036811,2.9019803080349362,True,False
2024-12-24,55141.785374490595,249999999.99999997,125000000.0,124999999.99999997,3244.993639682931,100,100,200,6,0.03,0.04999999999999999,0.9999999999999999,0.9999999999999999,0.9999999999999999,1.9999999999999998,0.00022056714149796237,0.00039999999999999996,9.999999999999999e-05,0.0002999999999999999,99999.99999999999,1.2979974558731724e-05,0.00012056714149796238,-0.00017943285850203754,-0.00017943285850203754,-0.00019241283306076925,2.2056714149796237,0.9999999999999999,2.999999999999999,0.12979974558731724,-1.9241283306076926,True,False
2024-12-26,7801.020679313668,250000000.00000003,125000000.0,125000000.00000001,2547.873986288572,100,100,200,10,0.05,0.05000000000000001,1.0000000000000002,1.0000000000000002,1.0000000000000002,2.0000000000000004,3.120408271725467e-05,0.00040000000000000013,0.00010000000000000003,0.00030000000000000003,100000.00000000003,1.0191495945154288e-05,-6.879591728274536e-05,-0.0003687959172827454,-0.0003687959172827454,-0.0003789874132278997,0.3120408271725467,1.0000000000000002,3.0000000000000004,0.10191495945154287,-3.7898741322789973,True,False
2024-12-27,-578962.3398881506,250000000.0,125000000.0,124999999.99999999,5444.65656779694,100,100,200,7,0.035,0.05,1.0,1.0,1.0,2.0,-0.002315849359552602,0.0004,0.0001,0.0003,100000.0,2.1778626271187762e-05,-0.002415849359552602,-0.002715849359552602,-0.002715849359552602,-0.0027376279858237896,-23.15849359552602,1.0,2.9999999999999996,0.21778626271187762,-27.376279858237897,True,False
2024-12-30,163552.11686640774,249999999.99999994,124999999.99999994,124999999.99999999,5436.906897797601,100,100,200,12,0.06,0.05,0.9999999999999998,0.9999999999999998,0.9999999999999998,1.9999999999999996,0.000654208467465631,0.0003999999999999999,9.999999999999998e-05,0.0002999999999999999,99999.99999999997,2.1747627591190405e-05,0.000554208467465631,0.0002542084674656311,0.0002542084674656311,0.0002324608398744407,6.5420846746563095,0.9999999999999998,2.999999999999999,0.21747627591190405,2.324608398744407,True,False
2024-12-31,46266.76167167077,12653292.51185,6326646.255925,6326646.255925001,100.42295644325398,1,1,2,1,0.5,0.05,0.0506131700474,0.0506131700474,0.0506131700474,0.1012263400948,0.00018506704668668308,2.0245268018960002e-05,5.061317004740001e-06,1.518395101422e-05,5061.317004740001,4.016918257730159e-07,0.00018000572968194308,0.00016482177866772307,0.00016482177866772307,0.00016442008684195005,1.8506704668668308,0.050613170047400007,0.15183951014219998,0.004016918257730159,1.6442008684195006,False,True
