date,score_spread,n_candidates,n_each_side,spread_threshold,spread_threshold_high,gross_multiplier
2018-01-02,0.0006834770593716682,989,4,,,1.0
2018-01-03,0.0006126954283019376,987,4,,,1.0
2018-01-04,0.0005742537918824766,989,4,,,1.0
2018-01-05,0.0006156497705330514,991,4,,,1.0
2018-01-08,0.0006100517848331112,991,4,,,1.0
2018-01-09,0.0005926451716478922,990,4,,,1.0
2018-01-10,0.0006135451521131659,988,4,,,1.0
2018-01-11,0.000584166064674484,987,4,,,1.0
2018-01-12,0.0005749483088410604,989,4,,,1.0
2018-01-16,0.0005453725147919544,974,4,,,1.0
2018-01-17,0.0006142945989111503,968,4,,,1.0
2018-01-18,0.0005558070098970932,973,4,,,1.0
2018-01-19,0.000537918767687835,966,4,,,1.0
2018-01-22,0.0006098433545699139,950,4,,,1.0
2018-01-23,0.0005543442107880942,912,4,,,1.0
2018-01-24,0.0005671885904278514,910,4,,,1.0
2018-01-25,0.0006213002589465067,929,4,,,1.0
2018-01-26,0.0006779353289537246,941,4,,,1.0
2018-01-29,0.0006304056834155877,929,4,,,1.0
2018-01-30,0.000601944558717501,871,4,,,1.0
2018-01-31,0.0006428225425347349,868,4,,,1.0
2018-02-01,0.0005584594378611027,896,4,,,1.0
2018-02-02,0.000578788416928812,928,4,,,1.0
2018-02-05,0.0006272205141237107,922,4,,,1.0
2018-02-06,0.0006458045434745395,877,4,,,1.0
2018-02-07,0.0005284462919021302,879,4,,,1.0
2018-02-08,0.0006518473190363609,915,4,,,1.0
2018-02-09,0.0006802623353080252,945,4,,,1.0
2018-02-12,0.0007389464428521317,947,4,,,1.0
2018-02-13,0.0007261146305376606,915,4,,,1.0
2018-02-14,0.0007235081185937215,913,4,,,1.0
2018-02-15,0.0006689262997785399,923,4,,,1.0
2018-02-16,0.0006292212785521515,956,4,,,1.0
2018-02-20,0.000568479509100114,926,4,,,1.0
2018-02-21,0.0005547835455648189,898,4,,,1.0
2018-02-22,0.0006042715876979005,917,4,,,1.0
2018-02-23,0.0005986736984483628,945,4,,,1.0
2018-02-26,0.0006007760229405401,946,4,,,1.0
2018-02-27,0.0005895625514998321,932,4,,,1.0
2018-02-28,0.0006126542492945051,939,4,,,1.0
2018-03-01,0.0005494284946685629,966,4,,,1.0
2018-03-02,0.0006280452593606653,978,4,,,1.0
2018-03-05,0.0005636985098403971,981,4,,,1.0
2018-03-06,0.0005653294004979322,974,4,,,1.0
2018-03-07,0.0005389591615794721,975,4,,,1.0
2018-03-08,0.0005400226795735029,985,4,,,1.0
2018-03-09,0.0005808834046144769,991,4,,,1.0
2018-03-12,0.0005882091957493391,993,4,,,1.0
2018-03-13,0.0005380213041436519,990,4,,,1.0
2018-03-14,0.0006094549244785588,990,4,,,1.0
2018-03-15,0.0005845674644552273,991,4,,,1.0
2018-03-16,0.0005668745679854322,993,4,,,1.0
2018-03-19,0.0005593171172965244,992,4,,,1.0
2018-03-20,0.0006446820323262825,985,4,,,1.0
2018-03-21,0.0005574873662564366,982,4,,,1.0
2018-03-22,0.0004955389580062892,983,4,,,1.0
2018-03-23,0.0005773009943434754,988,4,,,1.0
2018-03-26,0.0006856203606052779,989,4,,,1.0
2018-03-27,0.0006448586903367925,987,4,,,1.0
2018-03-28,0.0007693365790228795,989,4,,,1.0
2018-03-29,0.0007456527524963903,992,4,0.0006110927706176688,0.000763865963272086,0.5
2018-04-02,0.0007105253694062225,991,4,0.0006126542492945051,0.0007658178116181313,0.5
2018-04-03,0.0007672271337665714,989,4,0.0006126789566989646,0.0007658486958737057,1.0
2018-04-04,0.0007873698132426778,988,4,0.0006128653730641833,0.0007660817163302291,1.0
2018-04-05,0.000602317606444261,992,4,0.0006133752073509202,0.0007667190091886502,0.0
2018-04-06,0.0007092102563130287,993,4,0.0006130353178264289,0.0007662941472830361,0.5
2018-04-09,0.0007094708688580272,992,4,0.0006135451521131659,0.0007669314401414573,0.5
2018-04-10,0.000676429454777306,990,4,0.0006139948201919565,0.0007674935252399457,0.5
2018-04-11,0.0005814800691114162,988,4,0.0006145656332355305,0.0007682070415444131,0.0
2018-04-12,0.0006449252418963201,985,4,0.0006141447095515534,0.0007676808869394418,0.5
2018-04-13,0.0006327059783000072,976,4,0.0006148366675599108,0.0007685458344498885,0.5
2018-04-16,0.0006657580046530813,967,4,0.0006156497705330514,0.0007695622131663144,0.5
2018-04-17,0.0006132601861890095,940,4,0.0006190400635811246,0.0007738000794764058,0.0
2018-04-18,0.000622829471452806,929,4,0.0006167798682157425,0.0007709748352696781,0.5
2018-04-19,0.0006473062249101422,932,4,0.0006201701612638156,0.0007752127015797695,0.5
2018-04-20,0.0006547904828077191,922,4,0.0006219119439490264,0.000777389929936283,0.5
2018-04-23,0.0006333711066067785,889,4,0.000622829471452806,0.0007785368393160076,0.5
2018-04-24,0.0007224185215880236,795,3,0.0006254640970553488,0.0007818301213191861,0.5
2018-04-25,0.0006747409956123302,785,3,0.0006273854631711016,0.000784231828963877,0.5
2018-04-26,0.0006796939884722385,827,4,0.0006278803103132744,0.0007848503878915929,0.5
2018-04-27,0.0006585916473953188,884,4,0.0006285156670372598,0.0007856445837965747,0.5
2018-04-30,0.0007285619023007163,873,4,0.0006292212785521515,0.0007865265981901894,0.5
2018-05-01,0.0007239516889830992,797,3,0.0006299319214702132,0.0007874149018377665,0.5
2018-05-02,0.0006432314649491977,793,3,0.0006308657423924716,0.0007885821779905895,0.5
2018-05-03,0.0005443014934252862,845,4,0.0006322459193231233,0.0007903073991539041,0.0
2018-05-04,0.0005533948380693843,904,4,0.0006313258013693555,0.0007891572517116944,0.0
2018-05-07,0.0005242118244063643,924,4,0.0006304056834155877,0.0007880071042694846,0.0
2018-05-08,0.00047833355310415823,918,4,0.0006299319214702132,0.0007874149018377665,0.0
2018-05-09,0.0004977592193923321,937,4,0.0006294581595248387,0.0007868226994060484,0.0
2018-05-10,0.000514599966832661,967,4,0.0006289860747138542,0.0007862325933923178,0.0
2018-05-11,0.0004921137125361704,980,4,0.0006285156670372598,0.0007856445837965747,0.0
2018-05-14,0.0005577040070579393,990,4,0.0006280452593606653,0.0007850565742008315,0.0
2018-05-15,0.0005455876043955917,985,4,0.0006277153612658835,0.0007846442015823544,0.0
2018-05-16,0.0005962365306725514,983,4,0.0006273854631711016,0.000784231828963877,0.0
2018-05-17,0.0005307756276717185,985,4,0.0006263423055895297,0.0007829278819869121,0.0
2018-05-18,0.0005760217135862766,983,4,0.0006245858885211679,0.0007807323606514598,0.0
2018-05-21,0.0005900638830049023,982,4,0.000622829471452806,0.0007785368393160076,0.0
2018-05-22,0.0005281161557797117,973,4,0.0006222177864502863,0.0007777722330628579,0.0
2018-05-23,0.0005861247429757774,973,4,0.0006216061014477666,0.0007770076268097082,0.0
2018-05-24,0.0005682958198864666,977,4,0.0006201701612638156,0.0007752127015797695,0.0
2018-05-25,0.0005604055619795152,986,4,0.0006179099658984335,0.0007723874573730419,0.0
2018-05-29,0.0005100614753855148,980,4,0.0006156497705330514,0.0007695622131663144,0.0
2018-05-30,0.0004944124893741619,976,4,0.000615107701884291,0.0007688846273553637,0.0
2018-05-31,0.0005168649012543456,979,4,0.0006145656332355305,0.0007682070415444131,0.0
2018-06-01,0.000512943355532085,989,4,0.0006141447095515534,0.0007676808869394418,0.0
2018-06-04,0.0004540274753298875,989,4,0.0006138449308323597,0.0007673061635404496,0.0
2018-06-05,0.00045886021969600223,985,4,0.0006135451521131659,0.0007669314401414573,0.0
2018-06-06,0.0005126639050925706,984,4,0.0006134311657435033,0.0007667889571793792,0.0
2018-06-07,0.000510202550942225,988,4,0.0006133171793738408,0.000766646474217301,0.0
2018-06-08,0.0005137502492560671,992,4,0.0006131472346115951,0.0007664340432644938,0.0
2018-06-11,0.0005193164479993633,992,4,0.0006129213314567663,0.0007661516643209579,0.0
2018-06-12,0.0005350559161657096,992,4,0.0006126954283019376,0.000765869285377422,0.0
2018-06-13,0.0005853094168946901,993,4,0.0006126789566989646,0.0007658486958737057,0.0
2018-06-14,0.0004928550967974529,995,4,0.0006126624850959916,0.0007658281063699895,0.0
2018-06-15,0.0005704452370706862,995,4,0.0006121337564022263,0.0007651671955027829,0.0
2018-06-18,0.0005755916382530078,994,4,0.0006110927706176687,0.0007638659632720859,0.0
2018-06-19,0.0004741485940378831,989,4,0.0006100517848331112,0.000762564731041389,0.0
2018-06-20,0.0005202347617231135,988,4,0.0006099684127278323,0.0007624605159097903,0.0
2018-06-21,0.0005120171382105776,989,4,0.0006098850406225534,0.0007623563007781917,0.0
2018-06-22,0.0006220438893081263,992,4,0.0006097656685516428,0.0007622070856895535,0.5
2018-06-25,0.0005841698663011326,989,4,0.0006099267266751928,0.000762408408343991,0.0
2018-06-26,0.0006445921226603919,986,4,0.0006098433545699139,0.0007623041932123924,0.5
2018-06-27,0.0005753959009588913,985,4,0.0006099684127278323,0.0007624605159097903,0.0
2018-06-28,0.0006163793638634286,989,4,0.0006098850406225534,0.0007623563007781917,0.5
2018-06-29,0.0005719363553571145,991,4,0.0006100100987804717,0.0007625126234755896,0.0
2018-07-02,0.0006268509071412292,994,4,0.0006099267266751928,0.000762408408343991,0.5
2018-07-03,0.0005344921821578026,994,4,0.0006100517848331112,0.000762564731041389,0.0
2018-07-05,0.0006212420699674481,993,4,0.0006099684127278323,0.0007624605159097903,0.5
2018-07-06,0.0005755376278287672,992,4,0.00061057227772539,0.0007632153471567374,0.0
2018-07-09,0.0005283300528761235,991,4,0.0006100100987804717,0.0007625126234755896,0.0
2018-07-10,0.0005391466494087523,990,4,0.0006099267266751928,0.000762408408343991,0.0
2018-07-11,0.0005771131929066906,987,4,0.0006098433545699139,0.0007623041932123924,0.0
2018-07-12,0.0005280350517751037,987,4,0.0006096879825333719,0.0007621099781667148,0.0
2018-07-13,0.0005432255829991028,982,4,0.0006095326104968298,0.0007619157631210372,0.0
2018-07-16,0.0005876409786407364,970,4,0.0006084182571224271,0.0007605228214030338,0.0
2018-07-17,0.0005323338422294258,939,4,0.0006063449224101637,0.0007579311530127047,0.0
2018-07-18,0.000565794722417595,922,4,0.0006042715876979005,0.0007553394846223757,0.0
2018-07-19,0.000583308318766383,931,4,0.0006034899951964447,0.0007543624939955559,0.0
2018-07-20,0.0006147408881121128,928,4,0.0006027084026949889,0.0007533855033687361,0.5
2018-07-23,0.0006226681663893114,890,4,0.0006038807914471727,0.0007548509893089659,0.5
2018-07-24,0.0006199624472147273,800,4,0.0006063449224101637,0.0007579311530127047,0.5
2018-07-25,0.000655657371811792,775,3,0.0006094549244785588,0.0007618186555981984,0.5
2018-07-26,0.0006196116754952252,827,4,0.0006096879825333719,0.0007621099781667148,0.5
2018-07-27,0.0005659809719852587,872,4,0.0006098850406225534,0.0007623563007781917,0.0
2018-07-30,0.0005751537939652574,884,4,0.0006097656685516428,0.0007622070856895535,0.0
2018-07-31,0.000597938888008064,801,4,0.0006096102965151008,0.000762012870643876,0.0
2018-08-01,0.0005785143876735913,814,4,0.0006094549244785588,0.0007618186555981984,0.0
2018-08-02,0.0005733536202053705,854,4,0.0006073815897662954,0.0007592269872078693,0.0
2018-08-03,0.0005781714377085089,914,4,0.0006053082550540322,0.0007566353188175403,0.0
2018-08-06,0.0005601025633435088,917,4,0.0006038807914471727,0.0007548509893089659,0.0
2018-08-07,0.0005423487030567034,894,4,0.0006030991989457168,0.000753873998682146,0.0
2018-08-08,0.000510307038011736,918,4,0.000602317606444261,0.0007528970080553262,0.0
2018-08-09,0.0005060021488074298,952,4,0.000602168387353557,0.0007527104841919463,0.0
2018-08-10,0.0005059791662991303,981,4,0.000602019168262853,0.0007525239603285662,0.0
2018-08-13,0.0004773346133943202,988,4,0.0006017108515621088,0.000752138564452636,0.0
2018-08-14,0.0005177172285097877,986,4,0.0006012434372513245,0.0007515542965641556,0.0
2018-08-15,0.0005379107930751058,984,4,0.0006007760229405401,0.0007509700286756751,0.0
2018-08-16,0.0005363604963119109,986,4,0.0005999350931436692,0.0007499188664295865,0.0
2018-08-17,0.0005574626106037185,983,4,0.0005990941633467983,0.0007488677041834979,0.0
2018-08-20,0.0005325313373069119,980,4,0.0005985267363603031,0.0007481584204503788,0.0
2018-08-21,0.0005235567730586607,975,4,0.0005982328121841835,0.0007477910152302293,0.0
2018-08-22,0.0005252830831150549,976,4,0.000597938888008064,0.00074742361001008,0.0
2018-08-23,0.0004865741275946561,983,4,0.0005972579450738589,0.0007465724313423237,0.0
2018-08-24,0.0004985850589763779,987,4,0.0005965770021396538,0.0007457212526745673,0.0
2018-08-27,0.0004798451179247017,985,4,0.0005955182588676196,0.0007443978235845245,0.0
2018-08-28,0.0005304948073322181,977,4,0.0005940817152577559,0.0007426021440721949,0.0
2018-08-29,0.0005889874151135139,975,4,0.0005926451716478922,0.0007408064645598653,0.0
2018-08-30,0.0005603910784766205,983,4,0.0005916126561906962,0.0007395158202383703,0.0
2018-08-31,0.0005486917475203065,992,4,0.0005905801407335003,0.0007382251759168754,0.0
2018-09-04,0.0005496351173566668,990,4,0.0005899636167038882,0.0007374545208798603,0.0
2018-09-05,0.0005471112792437651,986,4,0.0005897630841018602,0.0007372038551273253,0.0
2018-09-06,0.0006268979430357649,986,4,0.0005895625514998321,0.0007369531893747901,0.5
2018-09-07,0.0006188594576480263,990,4,0.0005898633504028742,0.0007373291880035927,0.5
2018-09-10,0.0006165595189445274,994,4,0.0005905801407335003,0.0007382251759168754,0.5
2018-09-11,0.0005858296005437553,994,4,0.0005921289139192942,0.0007401611423991178,0.0
2018-09-12,0.0006447787750395674,994,4,0.0005910963984620982,0.0007388704980776227,0.5
2018-09-13,0.0006560197893699032,994,4,0.0005926451716478922,0.0007408064645598653,0.5
2018-09-14,0.000584966381972602,990,4,0.0005947999870626877,0.0007434999838283596,0.0
2018-09-17,0.0005806570788739587,991,4,0.000593363443452824,0.00074170430431603,0.0
2018-09-18,0.0005615217526248074,989,4,0.0005921289139192942,0.0007401611423991178,0.0
2018-09-19,0.0005861112173281029,992,4,0.0005910963984620982,0.0007388704980776227,0.0
2018-09-20,0.0005426649550686028,992,4,0.0005900638830049023,0.0007375798537561279,0.0
2018-09-21,0.0005615429540326299,992,4,0.0005898633504028742,0.0007373291880035927,0.0
2018-09-24,0.0005776090712410611,990,4,0.0005896628178008462,0.0007370785222510577,0.0
2018-09-25,0.0005351570512911038,987,4,0.0005894475242225685,0.0007368094052782106,0.0
2018-09-26,0.0005682244068965596,988,4,0.0005892174696680412,0.0007365218370850514,0.0
2018-09-27,0.0005170248633665259,992,4,0.0005889874151135139,0.0007362342688918924,0.0
2018-09-28,0.00055116345818692,992,4,0.0005886761273678439,0.0007358451592098049,0.0
2018-10-01,0.0005847255815495003,991,4,0.000588364839622174,0.0007354560495277175,0.0
2018-10-02,0.0005116138127584477,990,4,0.0005880955523276185,0.0007351194404095231,0.0
2018-10-03,0.0006069043521370469,992,4,0.0005878682654841775,0.0007348353318552218,0.5
2018-10-04,0.0005866837819768358,994,4,0.0005882091957493391,0.0007352614946866739,0.0
2018-10-05,0.0006028218969234744,994,4,0.000587981908905898,0.0007349773861323725,0.5
2018-10-08,0.000630175862512253,994,4,0.000588364839622174,0.0007354560495277175,0.5
2018-10-09,0.0006104155468454877,991,4,0.0005888317712406789,0.0007360397140508486,0.5
2018-10-10,0.0005556088111199233,988,4,0.0005892174696680412,0.0007365218370850514,0.0
2018-10-11,0.0006463453871686723,988,4,0.0005889874151135139,0.0007362342688918924,0.5
2018-10-12,0.0006481210607225836,981,4,0.0005893324969453048,0.000736665621181631,0.5
2018-10-15,0.0005852282177554085,969,4,0.0005896628178008462,0.0007370785222510577,0.0
2018-10-16,0.0006628384487667024,942,4,0.0005894475242225685,0.0007368094052782106,0.5
2018-10-17,0.0006462617088448884,930,4,0.0005897630841018602,0.0007372038551273253,0.5
2018-10-18,0.0006364197540564295,938,4,0.0005900638830049023,0.0007375798537561279,0.5
2018-10-19,0.0006441387625255307,934,4,0.0005916126561906962,0.0007395158202383703,0.5
2018-10-22,0.0007014482988219466,906,4,0.000593363443452824,0.00074170430431603,0.5
2018-10-23,0.0006280058509582982,820,4,0.0005955182588676196,0.0007443978235845245,0.5
2018-10-24,0.0006751812310062862,795,3,0.0005969174736067564,0.0007461468420084455,0.5
2018-10-25,0.0007044607170774091,840,4,0.000597938888008064,0.00074742361001008,0.5
2018-10-26,0.000683584060414411,874,4,0.0005983797742722433,0.0007479747178403041,0.5
2018-10-29,0.0006392703771012418,881,4,0.0005990941633467982,0.0007488677041834978,0.5
2018-10-30,0.0007416986517689179,820,4,0.0006003555580421046,0.0007504444475526308,0.5
2018-10-31,0.0006634383102344159,822,4,0.0006012434372513245,0.0007515542965641556,0.5
2018-11-01,0.00058850097589475,863,4,0.000601944558717501,0.0007524306983968763,0.0
2018-11-02,0.0006055406633366764,882,4,0.0006014771444067166,0.0007518464305083958,0.5
2018-11-05,0.0005751095680251253,900,4,0.000602019168262853,0.0007525239603285662,0.0
2018-11-06,0.0006170718127545546,866,4,0.0006017108515621088,0.000752138564452636,0.5
2018-11-07,0.0005888067943438959,898,4,0.0006020937778082049,0.0007526172222602561,0.0
2018-11-08,0.0005866277078481627,938,4,0.000601944558717501,0.0007524306983968763,0.0
2018-11-09,0.0006260596764871012,974,4,0.0006014771444067166,0.0007518464305083958,0.5
2018-11-12,0.0005859982952031989,986,4,0.000602019168262853,0.0007525239603285662,0.0
2018-11-13,0.0006933223630794307,982,4,0.0006017108515621088,0.000752138564452636,0.5
2018-11-14,0.0005883754703627036,982,4,0.0006020937778082049,0.0007526172222602561,0.0
2018-11-15,0.0006171606345383776,985,4,0.000601944558717501,0.0007524306983968763,0.5
2018-11-16,0.0006014196418172644,973,4,0.000602168387353557,0.0007527104841919463,0.0
2018-11-19,0.0006801470432974932,972,4,0.000602019168262853,0.0007525239603285662,0.5
2018-11-20,0.0007769749994357611,971,4,0.000602242996898909,0.0007528037461236363,1.0
2018-11-21,0.0006315605799471487,987,4,0.0006025193226359464,0.000753149153294933,0.5
2018-11-23,0.0006637942630135592,993,4,0.0006028218969234744,0.0007535273711543431,0.5
2018-11-26,0.0006280274902671474,988,4,0.0006036917113881301,0.0007546146392351627,0.5
2018-11-27,0.0006446561396085213,985,4,0.0006045254028256557,0.0007556567535320696,0.5
2018-11-28,0.0005685464883679059,980,4,0.0006052868482089212,0.0007566085602611515,0.0
2018-11-29,0.0006531009738575575,984,4,0.0006047792179534109,0.0007559740224417637,0.5
2018-11-30,0.0006033161820056623,984,4,0.0006055406633366764,0.0007569258291708455,0.0
2018-12-03,0.000623151821496688,984,4,0.000605033033081166,0.0007562912913514575,0.5
2018-12-04,0.0005815682171452048,976,4,0.0006058134010967505,0.0007572667513709382,0.0
2018-12-06,0.0008071564542429059,977,4,0.0006052868482089212,0.0007566085602611515,1.0
2018-12-07,0.0006178661566598282,984,4,0.0006060861388568246,0.0007576076735710308,0.5
2018-12-10,0.0007658411349052477,991,4,0.0006069043521370469,0.0007586304401713086,1.0
2018-12-11,0.0006921421814119247,989,4,0.0006084346955419539,0.0007605433694274424,0.5
2018-12-12,0.0006808919762708481,989,4,0.0006095326104968298,0.0007619157631210372,0.5
2018-12-13,0.0006137652012275266,990,4,0.0006097656685516428,0.0007622070856895535,0.5
2018-12-14,0.000693640740795993,990,4,0.0006099267266751928,0.000762408408343991,0.5
2018-12-17,0.0006516816337555763,985,4,0.0006100517848331112,0.000762564731041389,0.5
2018-12-18,0.0006882248923043514,983,4,0.0006102700420405371,0.0007628375525506714,0.5
2018-12-19,0.0006692577202243102,982,4,0.0006108632873352912,0.000763579109169114,0.5
2018-12-20,0.0007797446833931497,989,4,0.0006122065088047016,0.000765258136005877,1.0
2018-12-21,0.0007560577260547791,992,4,0.000612670720897478,0.0007658384011218476,0.5
2018-12-24,0.0007512307295373474,995,4,0.0006126954283019376,0.000765869285377422,0.5
2018-12-26,0.0007413452034358186,995,4,0.0006130342830341808,0.000766292853792726,0.5
2018-12-27,0.0007789540471785198,995,4,0.0006133171793738408,0.000766646474217301,1.0
2018-12-28,0.0007218705026559463,995,4,0.0006134881589283346,0.0007668601986604183,0.5
2018-12-31,0.0006330589132162571,995,4,0.0006136331717589102,0.0007670414646986377,0.5
2019-01-02,0.0005581555212612707,992,4,0.0006137652012275266,0.0007672065015344082,0.0
2019-01-03,0.0005183440216535555,992,4,0.0006136771815817822,0.0007670964769772278,0.0
2019-01-04,0.0005706647762147181,992,4,0.0006134311657435033,0.0007667889571793792,0.0
2019-01-07,0.0004901676563925179,991,4,0.0006134311657435033,0.0007667889571793792,0.0
2019-01-08,0.0004667173673915696,990,4,0.0006134311657435033,0.0007667889571793792,0.0
2019-01-09,0.0005144047128591883,990,4,0.0006130178114312078,0.0007662722642890098,0.0
2019-01-10,0.0005052398687136562,993,4,0.0006130178114312078,0.0007662722642890098,0.0
2019-01-11,0.00043362248068027514,989,4,0.0006130178114312078,0.0007662722642890098,0.0
2019-01-14,0.0004683528230753546,982,4,0.0006117587683148981,0.0007646984603936227,0.0
2019-01-15,0.0005695526746182768,971,4,0.0006117587683148981,0.0007646984603936227,0.0
2019-01-16,0.0005113901308591159,967,4,0.0006117587683148981,0.0007646984603936227,0.0
2019-01-17,0.0005282302317079963,968,4,0.0006117587683148981,0.0007646984603936227,0.0
2019-01-18,0.00048742497217123455,979,4,0.0006101866699352582,0.0007627333374190727,0.0
2019-01-22,0.0005564515984207057,945,4,0.0006101866699352582,0.0007627333374190727,0.0
2019-01-23,0.0006323370119870968,923,4,0.0006101866699352582,0.0007627333374190727,0.5
2019-01-24,0.0005542157702590716,942,4,0.0006117587683148981,0.0007646984603936227,0.0
2019-01-25,0.000496048897922959,945,4,0.0006117587683148981,0.0007646984603936227,0.0
2019-01-28,0.0004953200245825114,923,4,0.0006117587683148981,0.0007646984603936227,0.0
2019-01-29,0.0004958873740238798,871,4,0.0006100312978987161,0.0007625391223733952,0.0
2019-01-30,0.0005589038988313044,870,4,0.0006084346955419539,0.0007605433694274424,0.0
2019-01-31,0.0004432824856838811,909,4,0.0006063588766168986,0.0007579485957711232,0.0
2019-02-01,0.00043743971217834475,926,4,0.0006063588766168986,0.0007579485957711232,0.0
2019-02-04,0.0004744771660385055,918,4,0.000605033033081166,0.0007562912913514575,0.0
2019-02-05,0.000483031702360449,872,4,0.000605033033081166,0.0007562912913514575,0.0
2019-02-06,0.00043151692336909,870,4,0.000605033033081166,0.0007562912913514575,0.0
2019-02-07,0.00046724407365152933,902,4,0.0006038894254210052,0.0007548617817762565,0.0
2019-02-08,0.000498264390390745,931,4,0.0006031184679727872,0.0007538980849659839,0.0
2019-02-11,0.00042860087617362693,946,4,0.0006031184679727872,0.0007538980849659839,0.0
2019-02-12,0.0004644317824920866,894,4,0.000602620180731789,0.0007532752259147362,0.0
2019-02-13,0.00047959126927125587,898,4,0.0006019584205934624,0.000752448025741828,0.0
2019-02-14,0.0004970638932470362,913,4,0.0006011621942665748,0.0007514527428332184,0.0
2019-02-15,0.00044898698202227964,969,4,0.0005999350931436692,0.0007499188664295865,0.0
2019-02-19,0.000461035254686915,934,4,0.0005983797742722433,0.0007479747178403041,0.0
2019-02-20,0.0004324904529147021,904,4,0.0005972579450738589,0.0007465724313423237,0.0
2019-02-21,0.00048162416702720207,918,4,0.0005937674716054917,0.0007422093395068646,0.0
2019-02-22,0.0005043392776691984,935,4,0.0005937674716054917,0.0007422093395068646,0.0
2019-02-25,0.00043384855476840496,938,4,0.0005937674716054917,0.0007422093395068646,0.0
2019-02-26,0.0004802177146456777,914,4,0.0005898633504028742,0.0007373291880035927,0.0
2019-02-27,0.00045323179641586925,914,4,0.0005893324969453048,0.000736665621181631,0.0
2019-02-28,0.00048279305484019177,941,4,0.0005889151668056667,0.0007361439585070834,0.0
2019-03-01,0.00046523141322415035,967,4,0.0005886844669642376,0.000735855583705297,0.0
2019-03-04,0.0005022289576357252,982,4,0.0005884507736819315,0.0007355634671024143,0.0
2019-03-05,0.0005354401256275881,977,4,0.0005884507736819315,0.0007355634671024143,0.0
2019-03-06,0.00047462140959180697,978,4,0.0005883089605173578,0.0007353862006466972,0.0
2019-03-07,0.0004962798297300005,986,4,0.0005883089605173578,0.0007353862006466972,0.0
2019-03-08,0.0004974881979308257,990,4,0.0005883089605173578,0.0007353862006466972,0.0
2019-03-11,0.00044729971846515614,993,4,0.0005883089605173578,0.0007353862006466972,0.0
2019-03-12,0.00044188564170015296,990,4,0.0005883089605173578,0.0007353862006466972,0.0
2019-03-13,0.00045579597026938415,987,4,0.0005883089605173578,0.0007353862006466972,0.0
2019-03-14,0.00044804363814793295,987,4,0.0005880816736739167,0.000735102092092396,0.0
2019-03-15,0.00046876196664249147,989,4,0.0005880816736739167,0.000735102092092396,0.0
2019-03-18,0.0004990020294599008,992,4,0.0005872580999751761,0.0007340726249689701,0.0
2019-03-19,0.0005190451553368672,988,4,0.0005872580999751761,0.0007340726249689701,0.0
2019-03-20,0.0004593262076904154,988,4,0.0005872580999751761,0.0007340726249689701,0.0
2019-03-21,0.00045373303684898925,990,4,0.0005872580999751761,0.0007340726249689701,0.0
2019-03-22,0.00046700450599049324,992,4,0.0005866613523253665,0.0007333266904067081,0.0
2019-03-25,0.0004902226457181095,990,4,0.0005866613523253665,0.0007333266904067081,0.0
2019-03-26,0.0005055961550516035,985,4,0.0005866613523253665,0.0007333266904067081,0.0
2019-03-27,0.0005339029842484439,984,4,0.0005866613523253665,0.0007333266904067081,0.0
2019-03-28,0.0005701113695907012,986,4,0.0005864265218992086,0.0007330331523740107,0.0
2019-03-29,0.0005026454997335242,989,4,0.0005861193327167077,0.0007326491658958846,0.0
2019-04-01,0.0005073199533740002,992,4,0.0005860660484781413,0.0007325825605976766,0.0
2019-04-02,0.0005036636529263,991,4,0.0005859308173394214,0.0007324135216742768,0.0
2019-04-03,0.0004805629826526117,993,4,0.0005856215270841292,0.0007320269088551615,0.0
2019-04-04,0.0005121431796000714,994,4,0.0005852769372389774,0.0007315961715487218,0.0
2019-04-05,0.0005136087700299441,996,4,0.0005851234834422859,0.0007314043543028574,0.0
2019-04-08,0.0004979148216564498,993,4,0.0005848700618033613,0.0007310875772542016,0.0
2019-04-09,0.0005131088819148125,991,4,0.0005845032954501532,0.0007306291193126915,0.0
2019-04-10,0.00049259718406918,988,4,0.0005838252472872327,0.000729781559109041,0.0
2019-04-11,0.00044193081377703615,988,4,0.0005826122781179118,0.0007282653476473897,0.0
2019-04-12,0.0004713879120080846,981,4,0.0005826122781179118,0.0007282653476473897,0.0
2019-04-15,0.00045099290070564537,971,4,0.0005812037618367063,0.0007265047022958829,0.0
2019-04-16,0.0005139372033512698,941,4,0.0005798000023938117,0.0007247500029922647,0.0
2019-04-17,0.0004354076178430188,938,4,0.0005783772076875584,0.0007229715096094479,0.0
2019-04-18,0.0004610551254318572,951,4,0.0005779464911215298,0.0007224331139019123,0.0
2019-04-22,0.00043387521243586996,909,4,0.0005774107199073129,0.0007217633998841411,0.0
2019-04-23,0.00048205887542180823,829,4,0.000576676601178525,0.0007208457514731562,0.0
2019-04-24,0.00044075326509255305,808,4,0.000575849683452969,0.0007198121043162113,0.0
2019-04-25,0.00044558172717756265,853,4,0.0005755700340833116,0.0007194625426041395,0.0
2019-04-26,0.000459263262346798,872,4,0.0005754809370808168,0.000719351171351021,0.0
2019-04-29,0.00046091171234569935,855,4,0.0005752990581614377,0.0007191238227017972,0.0
2019-04-30,0.00043262969855793233,778,3,0.0005751361035892046,0.0007189201294865057,0.0
2019-05-01,0.0004474120072473634,780,3,0.0005744071888972234,0.0007180089861215292,0.0
2019-05-02,0.0004523334145692399,847,4,0.0005727867142660681,0.0007159833928325852,0.0
2019-05-03,0.0004742932191681802,888,4,0.0005714277237001559,0.0007142846546251949,0.0
2019-05-06,0.0005133855670285282,912,4,0.0005705769605571053,0.0007132212006963816,0.0
2019-05-07,0.0004932885505771713,885,4,0.0005705769605571053,0.0007132212006963816,0.0
2019-05-08,0.0005374392569494308,914,4,0.0005705769605571053,0.0007132212006963816,0.0
2019-05-09,0.0005086518406757939,949,4,0.0005705769605571053,0.0007132212006963816,0.0
2019-05-10,0.000520452440862453,978,4,0.0005705769605571053,0.0007132212006963816,0.0
2019-05-13,0.000536293342691911,990,4,0.0005705769605571053,0.0007132212006963816,0.0
2019-05-14,0.0006127690537517955,985,4,0.0005705769605571053,0.0007132212006963816,0.5
2019-05-15,0.0005588470705835398,985,4,0.0005714277237001559,0.0007142846546251949,0.0
2019-05-16,0.0005123957106907675,987,4,0.0005714277237001559,0.0007142846546251949,0.0
2019-05-17,0.0005438579155273913,986,4,0.0005714277237001559,0.0007142846546251949,0.0
2019-05-20,0.000571408928728004,980,4,0.0005705769605571053,0.0007132212006963816,0.5
2019-05-21,0.000527374182508366,971,4,0.0005711112677226896,0.000713889084653362,0.0
2019-05-22,0.0004682574232220076,970,4,0.0005705769605571053,0.0007132212006963816,0.0
2019-05-23,0.0006162128056373093,978,4,0.0005703116900786922,0.0007128896125983652,0.5
2019-05-24,0.0005961527157436084,987,4,0.0005705769605571053,0.0007132212006963816,0.5
2019-05-28,0.0005784886720057453,983,4,0.0005705769605571053,0.0007132212006963816,0.5
2019-05-29,0.0005332954687189078,975,4,0.0005711112677226896,0.000713889084653362,0.0
2019-05-30,0.0005048998502283049,979,4,0.0005711112677226896,0.000713889084653362,0.0
2019-05-31,0.000499980866860994,984,4,0.0005711112677226896,0.000713889084653362,0.0
2019-06-03,0.0005115463736842002,987,4,0.0005711112677226896,0.000713889084653362,0.0
2019-06-04,0.0005922661289800183,981,4,0.0005711112677226896,0.000713889084653362,0.5
2019-06-05,0.0004799975491553613,983,4,0.0005717253847054703,0.0007146567308818378,0.0
2019-06-06,0.0005622207032809435,987,4,0.0005717253847054703,0.0007146567308818378,0.0
2019-06-07,0.0004830537287169841,990,4,0.0005717253847054703,0.0007146567308818378,0.0
2019-06-10,0.00044689935406959206,992,4,0.0005717253847054703,0.0007146567308818378,0.0
2019-06-11,0.0004560474187063355,991,4,0.0005717253847054703,0.0007146567308818378,0.0
2019-06-12,0.0005421497071754824,993,4,0.0005717253847054703,0.0007146567308818378,0.0
2019-06-13,0.000484334295113834,991,4,0.0005717253847054703,0.0007146567308818378,0.0
2019-06-14,0.0004965190647517774,994,4,0.0005717253847054703,0.0007146567308818378,0.0
2019-06-17,0.0004971197615522734,992,4,0.0005711112677226896,0.000713889084653362,0.0
2019-06-18,0.0005182067370727526,989,4,0.0005711112677226896,0.000713889084653362,0.0
2019-06-19,0.0004800187340131728,987,4,0.0005711112677226896,0.000713889084653362,0.0
2019-06-20,0.0004617608531828868,989,4,0.0005704434135651113,0.0007130542669563891,0.0
2019-06-21,0.0004908561662795562,991,4,0.0005704434135651113,0.0007130542669563891,0.0
2019-06-24,0.0005016047736279891,988,4,0.0005704434135651113,0.0007130542669563891,0.0
2019-06-25,0.0005052518988325218,983,4,0.0005704434135651113,0.0007130542669563891,0.0
2019-06-26,0.0005122650382745148,983,4,0.0005698878916017315,0.0007123598645021644,0.0
2019-06-27,0.00046761633660634546,989,4,0.0005691502001181284,0.0007114377501476604,0.0
2019-06-28,0.0004575152040454758,993,4,0.0005684176557793673,0.0007105220697242092,0.0
2019-07-01,0.0005150300448612938,994,4,0.0005673270329320392,0.000709158791165049,0.0
2019-07-02,0.0004758665457320235,994,4,0.0005659064721581932,0.0007073830901977415,0.0
2019-07-03,0.00044072255070817465,994,4,0.0005643651147629343,0.0007054563934536679,0.0
2019-07-05,0.0004893845532841612,994,4,0.000561949603581618,0.0007024370044770225,0.0
2019-07-08,0.0004620366353294485,991,4,0.000561949603581618,0.0007024370044770225,0.0
2019-07-09,0.0004711248099321967,989,4,0.0005615344734695008,0.000701918091836876,0.0
2019-07-10,0.00043408937135269406,990,4,0.0005610694829655327,0.0007013368537069158,0.0
2019-07-11,0.0004664425904225534,991,4,0.0005610694829655327,0.0007013368537069158,0.0
2019-07-12,0.0004975126673334559,983,4,0.0005610694829655327,0.0007013368537069158,0.0
2019-07-15,0.0004994337616086148,968,4,0.0005602756724233758,0.0007003445905292198,0.0
2019-07-16,0.00048690150156272357,939,4,0.0005602756724233758,0.0007003445905292198,0.0
2019-07-17,0.0004699632875879129,928,4,0.0005602756724233758,0.0007003445905292198,0.0
2019-07-18,0.00047529366306917374,937,4,0.0005596230975386271,0.0006995288719232838,0.0
2019-07-19,0.0004668197748969637,926,4,0.0005596230975386271,0.0006995288719232838,0.0
2019-07-22,0.0004960238732854733,893,4,0.0005588811675321986,0.0006986014594152483,0.0
2019-07-23,0.000432464028394517,829,4,0.0005585704508546322,0.0006982130635682902,0.0
2019-07-24,0.00048054097330117913,814,4,0.0005578783569982498,0.0006973479462478123,0.0
2019-07-25,0.0003989636732993421,862,4,0.0005570582057305134,0.0006963227571631417,0.0
2019-07-26,0.0004197400562773338,866,4,0.0005561144835003927,0.000695143104375491,0.0
2019-07-29,0.0003804527370532019,860,4,0.0005550515947755826,0.0006938144934694782,0.0
2019-07-30,0.00044493830605768384,766,3,0.000552994845430211,0.0006912435567877637,0.0
2019-07-31,0.0003784167746583671,782,3,0.0005505521218548187,0.0006881901523185234,0.0
2019-08-01,0.0004363320560906654,837,4,0.0005492577694221227,0.0006865722117776535,0.0
2019-08-02,0.0004771227454164246,884,4,0.00054805956020969,0.0006850744502621125,0.0
2019-08-05,0.0005075354675508055,901,4,0.0005458099337572156,0.0006822624171965195,0.0
2019-08-06,0.00046388075187037706,860,4,0.0005433807313438759,0.0006792259141798448,0.0
2019-08-07,0.0004730403542975729,899,4,0.000542538454263843,0.0006781730678298037,0.0
2019-08-08,0.00041820186519818755,932,4,0.000542269104704215,0.0006778363808802688,0.0
2019-08-09,0.0004116973584907289,975,4,0.0005404541415353317,0.0006755676769191647,0.0
2019-08-12,0.0004550282251512197,983,4,0.0005404541415353317,0.0006755676769191647,0.0
2019-08-13,0.0005413057480378833,978,4,0.0005404541415353317,0.0006755676769191647,0.5
2019-08-14,0.0004748593532124649,976,4,0.0005418121235204427,0.0006772651544005534,0.0
2019-08-15,0.0005516625901636167,977,4,0.0005418121235204427,0.0006772651544005534,0.5
2019-08-16,0.0005764851490112035,978,4,0.0005424588559113546,0.0006780735698891933,0.5
2019-08-19,0.00044288368063239065,976,4,0.0005433807313438759,0.0006792259141798448,0.0
2019-08-20,0.0004751048372198032,969,4,0.0005433807313438759,0.0006792259141798448,0.0
2019-08-21,0.0004508738058713248,968,4,0.0005424588559113546,0.0006780735698891933,0.0
2019-08-22,0.0004295706113310785,975,4,0.0005424588559113546,0.0006780735698891933,0.0
2019-08-23,0.00043351149283347746,981,4,0.0005424588559113546,0.0006780735698891933,0.0
2019-08-26,0.00048743984347146666,981,4,0.0005424588559113546,0.0006780735698891933,0.0
2019-08-27,0.0004176108430823362,968,4,0.0005424588559113546,0.0006780735698891933,0.0
2019-08-28,0.0004656127797879836,965,4,0.0005424588559113546,0.0006780735698891933,0.0
2019-08-29,0.00047826923277230645,971,4,0.0005424588559113546,0.0006780735698891933,0.0
2019-08-30,0.0004637273877984737,984,4,0.0005424588559113546,0.0006780735698891933,0.0
2019-09-03,0.0004796967377903729,981,4,0.0005418121235204427,0.0006772651544005534,0.0
2019-09-04,0.00046798108325753587,974,4,0.0005397591516025023,0.0006746989395031278,0.0
2019-09-05,0.0004593946378294982,976,4,0.0005369808912464229,0.0006712261140580286,0.0
2019-09-06,0.0004341090927318176,981,4,0.0005359520558661818,0.0006699400698327272,0.0
2019-09-09,0.0005111908005424529,988,4,0.0005353268958929944,0.000669158619866243,0.0
2019-09-10,0.0004899196184372246,985,4,0.0005346554244740399,0.0006683192805925499,0.0
2019-09-11,0.00044793702709707743,985,4,0.0005336599780366295,0.0006670749725457869,0.0
2019-09-12,0.00044753633162558204,986,4,0.0005312693739145432,0.0006640867173931791,0.0
2019-09-13,0.0004446531594446099,988,4,0.0005278878120281442,0.0006598597650351802,0.0
2019-09-16,0.000505312817787114,987,4,0.0005246054858500008,0.000655756857312501,0.0
2019-09-17,0.0004221810808300206,989,4,0.0005198895266522186,0.0006498619083152733,0.0
2019-09-18,0.00047817109560088094,989,4,0.0005187647018635424,0.0006484558773294281,0.0
2019-09-19,0.0004576177394930135,991,4,0.0005182891078212343,0.0006478613847765429,0.0
2019-09-20,0.0004359753246811087,987,4,0.0005177339875902619,0.0006471674844878274,0.0
2019-09-23,0.00044711605285577483,986,4,0.0005162269359644331,0.0006452836699555413,0.0
2019-09-24,0.0004515987179004136,982,4,0.0005147799120604516,0.0006434748900755645,0.0
2019-09-25,0.0005207302343336246,981,4,0.0005142177090560209,0.0006427721363200261,0.5
2019-09-26,0.00042221840591506277,981,4,0.0005142177090560209,0.0006427721363200261,0.0
2019-09-27,0.00041981630256660496,984,4,0.0005138058300227395,0.0006422572875284245,0.0
2019-09-30,0.0004790119804804071,983,4,0.0005135194888293777,0.0006418993610367221,0.0
2019-10-01,0.0004152590402905818,983,4,0.0005132748929830419,0.0006415936162288023,0.0
2019-10-02,0.00040699121973325546,983,4,0.0005128236134251946,0.0006410295167814932,0.0
2019-10-03,0.0004432277638377632,987,4,0.0005123434417242664,0.000640429302155333,0.0
2019-10-04,0.0004216067999874895,987,4,0.0005123434417242664,0.000640429302155333,0.0
2019-10-07,0.0004292985358863627,988,4,0.0005122162948047374,0.0006402703685059217,0.0
2019-10-08,0.0004377310002202852,988,4,0.000511904457233723,0.0006398805715421537,0.0
2019-10-09,0.00046781208736044224,989,4,0.0005114838765541665,0.0006393548456927081,0.0
2019-10-10,0.000424489820346777,988,4,0.0005113103987324507,0.0006391379984155633,0.0
2019-10-11,0.00046402460443559744,981,4,0.0005101752165957892,0.0006377190207447366,0.0
2019-10-14,0.00045085898620824495,970,4,0.0005082052914257985,0.0006352566142822482,0.0
2019-10-15,0.00044795174175163,942,4,0.0005074492618800834,0.0006343115773501042,0.0
2019-10-16,0.0004417570722816989,932,4,0.0005066304340450415,0.0006332880425563019,0.0
2019-10-17,0.0005092055512098755,940,4,0.0005054828201458077,0.0006318535251822597,0.5
2019-10-18,0.0004697747757773207,936,4,0.0005054828201458077,0.0006318535251822597,0.0
2019-10-21,0.0005685651025129266,904,4,0.0005052884502052771,0.0006316105627565964,0.5
2019-10-22,0.000454163465370683,834,4,0.0005052884502052771,0.0006316105627565964,0.0
2019-10-23,0.0005363932853412546,821,4,0.0005052470867849756,0.0006315588584812194,0.5
2019-10-24,0.000460208881303124,865,4,0.0005052470867849756,0.0006315588584812194,0.0
2019-10-25,0.00045532126453635193,885,4,0.0005051038613195157,0.0006313798266493946,0.0
2019-10-28,0.0003975127535260086,862,4,0.0005046756212046624,0.000630844526505828,0.0
2019-10-29,0.0004473815304334853,763,3,0.000504069027772039,0.0006300862847150488,0.0
2019-10-30,0.0004104909969576951,778,3,0.0005032563916491896,0.0006290704895614871,0.0
2019-10-31,0.000456096860293222,833,4,0.0005024788828944046,0.0006280986036180057,0.0
2019-11-01,0.0004419563439933817,892,4,0.0005019792840326308,0.0006274741050407885,0.0
2019-11-04,0.00037907155770075567,887,4,0.0005009552109211911,0.0006261940136514888,0.0
2019-11-05,0.0004447065830579858,838,4,0.0004997620247600424,0.000624702530950053,0.0
2019-11-06,0.0004125453903763008,861,4,0.0004992610687491292,0.0006240763359364115,0.0
2019-11-07,0.00038934799157676586,905,4,0.0004987069738322385,0.0006233837172902982,0.0
2019-11-08,0.0004331041877955675,954,4,0.0004981245628970269,0.0006226557036212836,0.0
2019-11-11,0.00044349481025416943,976,4,0.0004977539599272522,0.0006221924499090653,0.0
2019-11-12,0.00038640037980894836,972,4,0.0004975028795724039,0.0006218785994655049,0.0
2019-11-13,0.00047811316583535885,976,4,0.0004973408233794048,0.000621676029224256,0.0
2019-11-14,0.0004796575536192083,980,4,0.0004970974142301785,0.0006213717677877232,0.0
2019-11-15,0.00045281308201610456,975,4,0.0004968459618489326,0.0006210574523111658,0.0
2019-11-18,0.0004322333768039976,976,4,0.0004964233707430666,0.0006205292134288333,0.0
2019-11-19,0.00045145298454983817,971,4,0.0004961874570071839,0.0006202343212589798,0.0
2019-11-20,0.0004609183039636333,971,4,0.0004960388880679647,0.0006200486100849559,0.0
2019-11-21,0.00040988992222755266,974,4,0.0004959692735808359,0.0006199615919760448,0.0
2019-11-22,0.00040023283313695215,966,4,0.0004956604342473324,0.0006195755428091655,0.0
2019-11-25,0.00040950810814010136,969,4,0.0004945074349803753,0.0006181342937254692,0.0
2019-11-26,0.000445348469412912,969,4,0.0004930120039739748,0.0006162650049674686,0.0
2019-11-27,0.00042788584288021834,983,4,0.0004919007769533305,0.0006148759711916632,0.0
2019-11-29,0.00039611745982035175,988,4,0.0004906027580549775,0.0006132534475687219,0.0
2019-12-02,0.00041949698345183705,984,4,0.0004902006499878729,0.0006127508124848411,0.0
2019-12-03,0.0004943743581089583,975,4,0.0004900684412104007,0.0006125855515130008,0.5
2019-12-04,0.00042865128601752726,969,4,0.0004900684412104007,0.0006125855515130008,0.0
2019-12-05,0.00040064130244791917,973,4,0.0004897055923759993,0.0006121319904699991,0.0
2019-12-06,0.00045408764292103823,977,4,0.0004886066693590833,0.0006107583366988541,0.0
2019-12-09,0.0004583955822080682,983,4,0.0004874338949513738,0.0006092923686892173,0.0
2019-12-10,0.0004434866916659809,981,4,0.0004872155839278302,0.0006090194799097877,0.0
2019-12-11,0.0004163637609369559,983,4,0.00048587461898316774,0.0006073432737289596,0.0
2019-12-12,0.00042003324113792115,984,4,0.000483822068555094,0.0006047775856938676,0.0
2019-12-13,0.00044765388877012174,986,4,0.00048304491817437005,0.0006038061477179626,0.0
2019-12-16,0.00045414470671115224,984,4,0.00048293624335234614,0.0006036703041904327,0.0
2019-12-17,0.00042227281634893594,978,4,0.0004824993830728384,0.0006031242288410479,0.0
2019-12-18,0.0004436025660176454,977,4,0.0004818849920639658,0.0006023562400799572,0.0
2019-12-19,0.0004301929486422106,982,4,0.00048119969327736593,0.0006014996165967074,0.0
2019-12-20,0.00043775372249765863,989,4,0.0004805541789120387,0.0006006927236400484,0.0
2019-12-23,0.0004009972590048188,990,4,0.0004804116698389786,0.0006005145872987232,0.0
2019-12-24,0.00042463965339387474,991,4,0.00048013812239267576,0.0006001726529908447,0.0
2019-12-26,0.0004118372571678739,991,4,0.0004800102600700482,0.0006000128250875603,0.0
2019-12-27,0.00046064576473664844,991,4,0.0004798772246093659,0.0005998465307617074,0.0
2019-12-30,0.000486010116131422,991,4,0.00047968106412190703,0.0005996013301523838,0.5
2019-12-31,0.0005525642978603201,991,4,0.00047968106412190703,0.0005996013301523838,0.5
2020-01-02,0.0005623533864956011,994,4,0.00047968106412190703,0.0005996013301523838,0.5
2020-01-03,0.000538853987089972,994,4,0.00047968106412190703,0.0005996013301523838,0.5
2020-01-06,0.0005742646873180238,989,4,0.00047968106412190703,0.0005996013301523838,0.5
2020-01-07,0.0005815432621224061,987,4,0.00047968106412190703,0.0005996013301523838,0.5
2020-01-08,0.0005883348772020682,985,4,0.00047968106412190703,0.0005996013301523838,0.5
2020-01-09,0.000564057019274805,991,4,0.0004798772246093659,0.0005998465307617074,0.5
2020-01-10,0.0006797035735851154,990,4,0.0004798772246093659,0.0005998465307617074,1.0
2020-01-13,0.0006561118198669671,988,4,0.0004798772246093659,0.0005998465307617074,1.0
2020-01-14,0.000562853643929226,982,4,0.0004800102600700482,0.0006000128250875603,0.5
2020-01-15,0.000677565255995236,978,4,0.00048013812239267576,0.0006001726529908447,1.0
2020-01-16,0.0006488658178886784,979,4,0.00048013812239267576,0.0006001726529908447,1.0
2020-01-17,0.000655384604243418,985,4,0.00048013812239267576,0.0006001726529908447,1.0
2020-01-21,0.0006229366824364057,944,4,0.00048013812239267576,0.0006001726529908447,1.0
2020-01-22,0.0006021497909715434,927,4,0.00048013812239267576,0.0006001726529908447,1.0
2020-01-23,0.000618573158188598,945,4,0.00048013812239267576,0.0006001726529908447,1.0
2020-01-24,0.000568992693145823,957,4,0.00048013812239267576,0.0006001726529908447,0.5
2020-01-27,0.0006352218915288896,929,4,0.00048013812239267576,0.0006001726529908447,1.0
2020-01-28,0.0005407930194707715,870,4,0.00048013812239267576,0.0006001726529908447,0.5
2020-01-29,0.000530353869500573,855,4,0.00048013812239267576,0.0006001726529908447,0.5
2020-01-30,0.0006258185305921497,895,4,0.00048013812239267576,0.0006001726529908447,1.0
2020-01-31,0.0005830724028812354,908,4,0.00048013812239267576,0.0006001726529908447,0.5
2020-02-03,0.000628789465169662,904,4,0.0004804116698389786,0.0006005145872987232,1.0
2020-02-04,0.0005379883118942325,858,4,0.0004805541789120387,0.0006006927236400484,0.5
2020-02-05,0.0005427527329545789,878,4,0.00048119969327736593,0.0006014996165967074,0.5
2020-02-06,0.0005723662096454652,917,4,0.00048119969327736593,0.0006014996165967074,0.5
2020-02-07,0.0005069777728651044,934,4,0.0004818849920639658,0.0006023562400799572,0.5
2020-02-10,0.000532984136683367,940,4,0.0004824993830728384,0.0006031242288410479,0.5
2020-02-11,0.0005615669478133761,894,4,0.0004824993830728384,0.0006031242288410479,0.5
2020-02-12,0.0004983774310777132,905,4,0.00048294945916626717,0.000603686823957834,0.5
2020-02-13,0.0005715034115955959,912,4,0.000483822068555094,0.0006047775856938676,0.5
2020-02-14,0.0005473139579256726,960,4,0.0004853397877243868,0.0006066747346554836,0.5
2020-02-18,0.0005254965655552088,938,4,0.0004853397877243868,0.0006066747346554836,0.5
2020-02-19,0.0005864472200743478,910,4,0.00048654494739020296,0.0006081811842377537,0.5
2020-02-20,0.0006084908194277859,923,4,0.00048722450670796944,0.0006090306333849618,0.5
2020-02-21,0.0006798575677937935,938,4,0.0004886066693590833,0.0006107583366988541,1.0
2020-02-24,0.000755978599620121,937,4,0.0004897055923759993,0.0006121319904699991,1.0
2020-02-25,0.0006847842120935362,901,4,0.0004897055923759993,0.0006121319904699991,1.0
2020-02-26,0.0007618034026094947,904,4,0.0004901014348057556,0.0006126267935071944,1.0
2020-02-27,0.0006951014472661699,930,4,0.0004906027580549775,0.0006132534475687219,1.0
2020-02-28,0.0007567772150232958,964,4,0.0004919007769533305,0.0006148759711916632,1.0
2020-03-02,0.0007020863044469762,978,4,0.0004930120039739748,0.0006162650049674686,1.0
2020-03-03,0.0007310754008450775,971,4,0.0004939400350962435,0.0006174250438703044,1.0
2020-03-04,0.000797211427954422,972,4,0.0004939400350962435,0.0006174250438703044,1.0
2020-03-05,0.00080935188886378,980,4,0.0004939400350962435,0.0006174250438703044,1.0
2020-03-06,0.0006877040266906843,985,4,0.0004953640672148673,0.0006192050840185841,1.0
2020-03-09,0.000744151498615182,990,4,0.0004953640672148673,0.0006192050840185841,1.0
2020-03-10,0.0006577615442118354,981,4,0.0004953640672148673,0.0006192050840185841,1.0
2020-03-11,0.0006394882895955229,975,4,0.0004963209881652557,0.0006204012352065697,1.0
2020-03-12,0.0005935434211828847,974,4,0.000496879482832075,0.0006210993535400937,0.5
2020-03-13,0.0006261040591731749,967,4,0.0004973555050209829,0.0006216943812762287,1.0
2020-03-16,0.0006864328885542171,962,4,0.0004977539599272522,0.0006221924499090653,1.0
2020-03-17,0.0006670666763487299,943,4,0.0004981923873092079,0.0006227404841365098,1.0
2020-03-18,0.0006442076864094865,936,4,0.0004981923873092079,0.0006227404841365098,1.0
2020-03-19,0.0006670028381913006,912,4,0.0004981923873092079,0.0006227404841365098,1.0
2020-03-20,0.0006427486355367238,871,4,0.0004990112293962541,0.0006237640367453177,1.0
2020-03-23,0.0006234647200693804,868,4,0.0004997620247600424,0.000624702530950053,0.5
2020-03-24,0.0005209020235240574,853,4,0.0005009552109211911,0.0006261940136514888,0.5
2020-03-25,0.0005429380399639031,768,3,0.0005022292092913102,0.0006277865116141377,0.5
2020-03-26,0.0005398605613510187,754,3,0.0005022292092913102,0.0006277865116141377,0.5
2020-03-27,0.0005460049413938896,737,3,0.0005022292092913102,0.0006277865116141377,0.5
2020-03-30,0.00043733133856220063,736,3,0.0005022292092913102,0.0006277865116141377,0.0
2020-03-31,0.0006284734279758882,734,3,0.0005009552109211911,0.0006261940136514888,1.0
2020-04-01,0.0007041300291779173,738,3,0.0005009552109211911,0.0006261940136514888,1.0
2020-04-02,0.0007645540537759691,731,3,0.0005009552109211911,0.0006261940136514888,1.0
2020-04-03,0.0006378047115150329,730,3,0.0005035818195881786,0.0006294772744852232,1.0
2020-04-06,0.0006518359016716306,730,3,0.0005035818195881786,0.0006294772744852232,1.0
2020-04-07,0.000630890630362775,717,3,0.0005035818195881786,0.0006294772744852232,1.0
2020-04-08,0.0006665047318694579,719,3,0.0005051110793908351,0.0006313888492385438,1.0
2020-04-09,0.0006205945831841434,722,3,0.0005051110793908351,0.0006313888492385438,0.5
2020-04-13,0.0005844636867358699,758,3,0.0005052884502052771,0.0006316105627565964,0.5
2020-04-14,0.0005289476967994689,770,3,0.0005063117908339083,0.0006328897385423854,0.5
2020-04-15,0.0005504669318049996,821,4,0.0005073123896765251,0.0006341404870956564,0.5
2020-04-16,0.0005506360742309,823,4,0.0005082052914257985,0.0006352566142822482,0.5
2020-04-17,0.0005626170463224915,858,4,0.0005082052914257985,0.0006352566142822482,0.5
2020-04-20,0.0005783048429524109,863,4,0.0005089840669962428,0.0006362300837453036,0.5
2020-04-21,0.0005344045347626792,841,4,0.0005103967008094219,0.0006379958760117774,0.5
2020-04-22,0.0006512096243745717,851,4,0.0005114041444275012,0.0006392551805343765,1.0
2020-04-23,0.0005365521547993385,900,4,0.000511977572438389,0.0006399719655479862,0.5
2020-04-24,0.000595207447649325,897,4,0.0005123434417242664,0.000640429302155333,0.5
2020-04-27,0.0005288808377432343,858,4,0.0005129896244934239,0.00064123703061678,0.5
2020-04-28,0.0006359518927001571,784,3,0.0005143722537281876,0.0006429653171602345,0.5
2020-04-29,0.000583674309845235,780,3,0.0005169360601881691,0.0006461700752352113,0.5
2020-04-30,0.0005067719061180875,833,4,0.0005195541593465728,0.000649442699183216,0.0
2020-05-01,0.000599190110407665,848,4,0.0005195541593465728,0.000649442699183216,0.5
2020-05-04,0.0007102672689255422,847,4,0.000520619116945156,0.0006507738961814449,1.0
2020-05-05,0.0005953834090618004,767,3,0.0005208333078478843,0.0006510416348098554,0.5
2020-05-06,0.0007314251249915597,768,3,0.0005236587487427482,0.0006545734359284353,1.0
2020-05-07,0.00061086040427396,810,4,0.0005266231357271031,0.0006582789196588789,0.5
2020-05-08,0.0005936634141934585,889,4,0.0005266231357271031,0.0006582789196588789,0.5
2020-05-11,0.0005767663386444225,960,4,0.000528278175649287,0.0006603477195616087,0.5
2020-05-12,0.0005904784843009952,968,4,0.0005289209531769751,0.0006611511914712189,0.5
2020-05-13,0.0006270337197777971,982,4,0.0005289209531769751,0.0006611511914712189,0.5
2020-05-14,0.0007466539954266504,985,4,0.0005289209531769751,0.0006611511914712189,1.0
2020-05-15,0.0006758113544389905,982,4,0.0005289209531769751,0.0006611511914712189,1.0
2020-05-18,0.0006039998031598412,978,4,0.0005297914004201313,0.0006622392505251642,0.5
2020-05-19,0.0006863457449165777,966,4,0.0005297914004201313,0.0006622392505251642,1.0
2020-05-20,0.000755568462418371,962,4,0.0005297914004201313,0.0006622392505251642,1.0
2020-05-21,0.0006401746636280553,966,4,0.0005319320298102494,0.0006649150372628117,0.5
2020-05-22,0.0006989995964552006,979,4,0.0005331709359046914,0.0006664636698808643,1.0
2020-05-26,0.0007032474091839503,976,4,0.0005331709359046914,0.0006664636698808643,1.0
2020-05-27,0.0006639637616045397,965,4,0.0005331709359046914,0.0006664636698808643,0.5
2020-05-28,0.0006795696810684686,968,4,0.0005331709359046914,0.0006664636698808643,1.0
2020-05-29,0.0007007869446317026,978,4,0.0005338363755309543,0.0006672954694136929,1.0
2020-06-01,0.0006256882281779394,986,4,0.0005355977851098243,0.0006694972313872804,0.5
2020-06-02,0.0005608577220530522,983,4,0.0005364886070161049,0.0006706107587701311,0.5
2020-06-03,0.0005985957377811263,981,4,0.000537413849056275,0.0006717673113203437,0.5
2020-06-04,0.0005279048847720142,984,4,0.000537413849056275,0.0006717673113203437,0.0
2020-06-05,0.0005367110997849444,984,4,0.000537413849056275,0.0006717673113203437,0.0
2020-06-08,0.000612094631355505,990,4,0.000536647521790702,0.0006708094022383776,0.5
2020-06-09,0.000572699168102158,991,4,0.0005374774270505173,0.0006718467838131466,0.5
2020-06-10,0.0006270025346259714,990,4,0.0005385077170116762,0.0006731346462645953,0.5
2020-06-11,0.0007255041700816632,990,4,0.0005394579316466001,0.0006743224145582501,1.0
2020-06-12,0.0006704429748096784,987,4,0.0005394579316466001,0.0006743224145582501,0.5
2020-06-15,0.0005991187257576982,989,4,0.0005404200362228704,0.000675525045278588,0.5
2020-06-16,0.0006011309610805288,987,4,0.0005411006566110386,0.0006763758207637983,0.5
2020-06-17,0.000706173755475567,985,4,0.0005421739389879007,0.000677717423734876,1.0
2020-06-18,0.0006123058695630069,987,4,0.0005428639171601734,0.0006785798964502168,0.5
2020-06-19,0.0006258500804002442,988,4,0.000544778180821895,0.0006809727260273687,0.5
2020-06-22,0.0007140698092347954,989,4,0.0005467903513129594,0.0006834879391411993,1.0
2020-06-23,0.0006912036832384522,984,4,0.0005492057422532688,0.000686507177816586,1.0
2020-06-24,0.0005933117800639689,985,4,0.0005505684172605399,0.0006882105215756749,0.5
2020-06-25,0.000688935012563021,986,4,0.00055125198379053,0.0006890649797381625,0.5
2020-06-26,0.0005856090226762586,988,4,0.0005522036147816388,0.0006902545184770486,0.5
2020-06-29,0.0005900585121739771,984,4,0.0005575403523759594,0.0006969254404699493,0.5
2020-06-30,0.00047861676796727296,984,4,0.0005612832575092466,0.0007016040718865582,0.0
2020-07-01,0.0006307988101835819,988,4,0.0005612832575092466,0.0007016040718865582,0.5
2020-07-02,0.0006547346099682633,992,4,0.0005620388110227111,0.0007025485137783889,0.5
2020-07-06,0.000777483436352189,990,4,0.0005625115823917353,0.0007031394779896692,1.0
2020-07-07,0.0006800562157459933,989,4,0.0005627590048865322,0.0007034487561081652,0.5
2020-07-08,0.0008266047376704804,990,4,0.0005635756691365734,0.0007044695864207168,1.0
2020-07-09,0.0006378817863816589,991,4,0.0005667618692176779,0.0007084523365220973,0.5
2020-07-10,0.0007604557267833791,988,4,0.0005688216568926645,0.0007110270711158306,1.0
2020-07-13,0.0006722076820002163,984,4,0.0005704991242156867,0.0007131239052696084,0.5
2020-07-14,0.0007655869786051164,976,4,0.0005720210904255175,0.0007150263630318969,1.0
2020-07-15,0.0007301217174875054,971,4,0.0005725659847194809,0.0007157074808993512,1.0
2020-07-16,0.0007485705238318156,973,4,0.0005736384796316775,0.0007170480995395969,1.0
2020-07-17,0.0006879761121057185,962,4,0.0005755969643339316,0.0007194962054174144,0.5
2020-07-20,0.000756135696537142,941,4,0.000576653862791135,0.0007208173284889187,1.0
2020-07-21,0.0006946809261242456,890,4,0.0005776894412292155,0.0007221118015365194,0.5
2020-07-22,0.0006365018591555622,887,4,0.000580247894454408,0.00072530986806801,0.5
2020-07-23,0.0006489867888168184,910,4,0.0005824607465777038,0.0007280759332221297,0.5
2020-07-24,0.0007869358418816374,917,4,0.0005834335470596352,0.0007292919338245439,1.0
2020-07-27,0.0006449227570703203,865,4,0.000584147935979616,0.00073018491997452,0.5
2020-07-28,0.0007377900214319268,781,3,0.0005851508883001032,0.000731438610375129,1.0
2020-07-29,0.0006742941189654246,756,3,0.0005861119411151121,0.0007326399263938902,0.5
2020-07-30,0.0007772919780157717,821,4,0.0005875798143509801,0.0007344747679387251,1.0
2020-07-31,0.0006443762892369938,838,4,0.0005893690581852136,0.000736711322731517,0.5
2020-08-03,0.0007749231431034881,850,4,0.000590310495450188,0.000737888119312735,1.0
2020-08-04,0.0007273895096367111,788,3,0.0005921784617587794,0.0007402230771984742,0.5
2020-08-05,0.0007297614642989064,809,4,0.0005934507647353184,0.0007418134559191479,0.5
2020-08-06,0.000680834115677169,862,4,0.000593615416989229,0.0007420192712365363,0.5
2020-08-07,0.0006736965981005616,923,4,0.0005945898342669784,0.000743237292833723,0.5
2020-08-10,0.000791176880686948,974,4,0.0005953130244968103,0.0007441412806210128,1.0
2020-08-11,0.0007839589711253444,979,4,0.0005973108062933959,0.0007466385078667449,1.0
2020-08-12,0.0007947325036435719,988,4,0.0005989095305670695,0.0007486369132088368,1.0
2020-08-13,0.0008062628814783478,991,4,0.0005991615565476782,0.0007489519456845978,1.0
2020-08-14,0.000758388008450281,989,4,0.0006003546208113833,0.0007504432760142291,1.0
2020-08-17,0.0007464751322267461,984,4,0.0006017422590151376,0.000752177823768922,0.5
2020-08-18,0.000752728021831391,978,4,0.0006032597982845221,0.0007540747478556526,0.5
2020-08-19,0.0007124627297469816,979,4,0.0006066944129206079,0.0007583680161507599,0.5
2020-08-20,0.0006641218379740373,985,4,0.0006099125703354903,0.0007623907129193629,0.5
2020-08-21,0.0006465820263724653,984,4,0.000611600940522887,0.0007645011756536087,0.5
2020-08-24,0.0007342019375418058,980,4,0.0006122213742800061,0.0007652767178500076,0.5
2020-08-25,0.0007548711708348951,973,4,0.0006160662427383616,0.000770082803422952,0.5
2020-08-26,0.0006997977284326619,972,4,0.0006197860131859252,0.0007747325164824065,0.5
2020-08-27,0.0007202819066333588,980,4,0.0006219998427355008,0.000777499803419376,0.5
2020-08-28,0.0006792859336376639,987,4,0.0006232535050161906,0.0007790668812702382,0.5
2020-08-31,0.0006845502396231529,991,4,0.0006247988249345159,0.0007809985311681448,0.5
2020-09-01,0.0007775070019316126,982,4,0.0006257664096264656,0.0007822080120330819,0.5
2020-09-02,0.0006478800364561961,980,4,0.0006258374604770064,0.0007822968255962581,0.5
2020-09-03,0.0007685679831823795,984,4,0.0006260024676640026,0.0007825030845800033,0.5
2020-09-04,0.0008304243886157031,994,4,0.0006266431444448528,0.000783303930556066,1.0
2020-09-08,0.0007985763460695589,991,4,0.0006270212457170668,0.0007837765571463334,1.0
2020-09-09,0.0008339441214673175,988,4,0.0006278975446966517,0.0007848719308708146,1.0
2020-09-10,0.00083114784294832,991,4,0.0006286630502921525,0.0007858288128651907,1.0
2020-09-11,0.0008945288851590889,991,4,0.000629995072178014,0.0007874938402225174,1.0
2020-09-14,0.0008914727420873289,991,4,0.0006308539022910978,0.0007885673778638721,1.0
2020-09-15,0.0007650166619091609,991,4,0.0006334893870624437,0.0007918617338280547,0.5
2020-09-16,0.0008053782338560333,993,4,0.0006356598922316501,0.0007945748652895626,1.0
2020-09-17,0.0008548072474206976,995,4,0.0006362818725734002,0.0007953523407167502,1.0
2020-09-18,0.0007628595723603252,994,4,0.0006372835705712446,0.0007966044632140558,0.5
2020-09-21,0.0007839452942502046,990,4,0.0006378509564350085,0.0007973136955437606,0.5
2020-09-22,0.0007442917217400114,984,4,0.0006388456883099773,0.0007985571103874717,0.5
2020-09-23,0.0007125381897971437,983,4,0.0006399001140150423,0.0007998751425188029,0.5
2020-09-24,0.0008020010334234176,985,4,0.0006417190467732564,0.0008021488084665705,0.5
2020-09-25,0.0007639438366003182,991,4,0.0006436240660603814,0.0008045300825754768,0.5
2020-09-28,0.0007171081817968208,992,4,0.0006443088481059909,0.0008053860601324887,0.5
2020-09-29,0.0007482625539709446,990,4,0.0006447041699369897,0.0008058802124212371,0.5
2020-09-30,0.0006853178058725355,991,4,0.0006459183186516074,0.0008073978983145092,0.5
2020-10-01,0.0007121395277511367,992,4,0.0006473608324227038,0.0008092010405283798,0.5
2020-10-02,0.0006807198934536123,994,4,0.0006484715053156855,0.0008105893816446069,0.5
2020-10-05,0.0007085864909289612,992,4,0.0006489384004455624,0.000811173000556953,0.5
2020-10-06,0.0006467774871688318,989,4,0.0006503204901514704,0.000812900612689338,0.0
2020-10-07,0.000743254328653568,990,4,0.0006503204901514704,0.000812900612689338,0.5
2020-10-08,0.0007364038229079534,992,4,0.000651585390752807,0.0008144817384410088,0.5
2020-10-09,0.0007705281293434983,990,4,0.0006535751266496102,0.0008169689083120127,0.5
2020-10-12,0.0006307937630204766,984,4,0.0006551246065333561,0.0008189057581666951,0.0
2020-10-13,0.0006848454847895452,978,4,0.0006551246065333561,0.0008189057581666951,0.5
2020-10-14,0.0006638154422983801,974,4,0.0006558209336175474,0.0008197761670219343,0.5
2020-10-15,0.0006629288052446599,977,4,0.0006571016544738881,0.0008213770680923601,0.5
2020-10-16,0.0006619206125144702,956,4,0.0006608619008315301,0.0008260773760394126,0.5
2020-10-19,0.0007350653255791666,933,4,0.000662525528152584,0.00082815691019073,0.5
2020-10-20,0.0006410361826330492,871,4,0.000663460787476892,0.000829325984346115,0.0
2020-10-21,0.0005868616656513775,879,4,0.000663460787476892,0.000829325984346115,0.0
2020-10-22,0.0006236946615677212,907,4,0.000663460787476892,0.000829325984346115,0.0
2020-10-23,0.0006255579370671683,925,4,0.000663460787476892,0.000829325984346115,0.0
2020-10-26,0.0006710202246860314,880,4,0.000663460787476892,0.000829325984346115,0.5
2020-10-27,0.0007056625622653432,769,3,0.0006639044338820759,0.0008298805423525949,0.5
2020-10-28,0.0006272307550394728,742,3,0.0006640586074262382,0.0008300732592827978,0.0
2020-10-29,0.0006443675214806773,788,3,0.0006640586074262382,0.0008300732592827978,0.0
2020-10-30,0.0006580767419711697,850,4,0.0006640586074262382,0.0008300732592827978,0.0
2020-11-02,0.0006672370638453552,904,4,0.0006640586074262382,0.0008300732592827978,0.5
2020-11-03,0.000571950178686494,828,4,0.0006655515743112896,0.0008319394678891121,0.0
2020-11-04,0.0005403665891664309,813,4,0.0006655515743112896,0.0008319394678891121,0.0
2020-11-05,0.0005221146003791367,829,4,0.0006655515743112896,0.0008319394678891121,0.0
2020-11-06,0.0005220638195473418,909,4,0.0006655515743112896,0.0008319394678891121,0.0
2020-11-09,0.0005113292840914844,973,4,0.0006655515743112896,0.0008319394678891121,0.0
2020-11-10,0.0005395287269319487,966,4,0.0006655515743112896,0.0008319394678891121,0.0
2020-11-11,0.0006747324331951478,977,4,0.0006655515743112896,0.0008319394678891121,0.5
2020-11-12,0.000551780674350171,977,4,0.0006668035956625635,0.0008335044945782044,0.0
2020-11-13,0.00060618619637027,979,4,0.0006668035956625635,0.0008335044945782044,0.0
2020-11-16,0.0006033034926775688,979,4,0.0006668035956625635,0.0008335044945782044,0.0
2020-11-17,0.0005862759028090459,973,4,0.0006668035956625635,0.0008335044945782044,0.0
2020-11-18,0.0005671600817800486,971,4,0.0006668035956625635,0.0008335044945782044,0.0
2020-11-19,0.0005963206234188776,975,4,0.0006668035956625635,0.0008335044945782044,0.0
2020-11-20,0.00048550525549035214,971,4,0.0006668035956625635,0.0008335044945782044,0.0
2020-11-23,0.0006196352075327755,970,4,0.0006668035956625635,0.0008335044945782044,0.0
2020-11-24,0.0005685902736278377,970,4,0.0006668035956625635,0.0008335044945782044,0.0
2020-11-25,0.0005816276213624718,984,4,0.0006668035956625635,0.0008335044945782044,0.0
2020-11-27,0.000583849414748898,990,4,0.0006668035956625635,0.0008335044945782044,0.0
2020-11-30,0.0005900636505811039,988,4,0.0006668035956625635,0.0008335044945782044,0.0
2020-12-01,0.0006983899813416217,979,4,0.0006668035956625635,0.0008335044945782044,0.5
2020-12-02,0.0007163623196179024,974,4,0.0006670411410857581,0.0008338014263571977,0.5
2020-12-03,0.0005483820425279653,976,4,0.000667168908846705,0.0008339611360583813,0.0
2020-12-04,0.0005550196029723632,979,4,0.000667168908846705,0.0008339611360583813,0.0
2020-12-07,0.0006667200331362983,981,4,0.000667168908846705,0.0008339611360583813,0.0
2020-12-08,0.0005982467696438964,977,4,0.000667168908846705,0.0008339611360583813,0.0
2020-12-09,0.000625169889243817,986,4,0.000667168908846705,0.0008339611360583813,0.0
2020-12-10,0.0007802836537964467,989,4,0.000667168908846705,0.0008339611360583813,0.5
2020-12-11,0.0006155832106579205,993,4,0.0006691606104239492,0.0008364507630299364,0.0
2020-12-14,0.0007628497522230376,994,4,0.0006691606104239492,0.0008364507630299364,0.5
2020-12-15,0.0007916854017894267,990,4,0.0006707893247354902,0.0008384866559193627,0.5
2020-12-16,0.0007111870894952672,988,4,0.0006717326990745424,0.000839665873843178,0.5
2020-12-17,0.000617370326975948,989,4,0.0006731010316604235,0.0008413762895755294,0.0
2020-12-18,0.0007048083760312213,991,4,0.0006731010316604235,0.0008413762895755294,0.5
2020-12-21,0.0006202863258573312,993,4,0.0006740551106194794,0.0008425688882743493,0.0
2020-12-22,0.0006597421966788475,995,4,0.0006740551106194794,0.0008425688882743493,0.0
2020-12-23,0.0007323940795318613,997,4,0.0006740551106194794,0.0008425688882743493,0.5
2020-12-24,0.0006309259112004393,997,4,0.0006745571075032585,0.0008431963843790731,0.0
2020-12-28,0.0006977572433760146,997,4,0.0006745571075032585,0.0008431963843790731,0.5
2020-12-29,0.0007281122412848944,997,4,0.0006753797859414535,0.0008442247324268169,0.5
2020-12-30,0.0006707029610678625,997,4,0.0006768636953727378,0.0008460796192159223,0.0
2020-12-31,0.0006919065552406962,997,4,0.0006768636953727378,0.0008460796192159223,0.5
2021-01-04,0.000797475484337725,992,4,0.0006785976625806928,0.000848247078225866,0.5
2021-01-05,0.0008603230216809486,987,4,0.0006794561820961467,0.0008493202276201833,1.0
2021-01-06,0.0009495966337779761,986,4,0.0006796500165784567,0.0008495625207230709,1.0
2021-01-07,0.0006924647591155138,990,4,0.0006797959701103222,0.0008497449626379028,0.5
2021-01-08,0.0006626615164330884,995,4,0.0006799767565651134,0.0008499709457063917,0.0
2021-01-11,0.0006990051954441592,994,4,0.0006799767565651134,0.0008499709457063917,0.5
2021-01-12,0.0006482648631140969,994,4,0.0006804544223705647,0.0008505680279632059,0.0
2021-01-13,0.001122637229380628,990,4,0.0006804544223705647,0.0008505680279632059,1.0
2021-01-14,0.0011983333769974912,987,4,0.0006807884267877463,0.0008509855334846829,1.0
2021-01-15,0.001245893236564132,988,4,0.0006830637900447594,0.0008538297375559492,1.0
2021-01-19,0.000821547431880559,969,4,0.0006846906231053829,0.0008558632788817286,0.5
2021-01-20,0.0007631875058897718,956,4,0.0006848209757111416,0.000856026219638927,0.5
2021-01-21,0.0011200016228592497,965,4,0.0006851288774393394,0.0008564110967991742,1.0
2021-01-22,0.0011411622042748302,958,4,0.0006859345692989609,0.0008574182116237011,1.0
2021-01-25,0.0010677767611533245,944,4,0.0006863980310991614,0.0008579975388739517,1.0
2021-01-26,0.0010428520389387725,887,4,0.0006871955714360975,0.0008589944642951218,1.0
2021-01-27,0.0011116806260743734,875,4,0.0006878672779397048,0.0008598340974246309,1.0
2021-01-28,0.0011688387127894583,898,4,0.0006885514523801,0.000860689315475125,1.0
2021-01-29,0.0012033080222040968,923,4,0.0006902962149682797,0.0008628702687103496,1.0
2021-02-01,0.0011835041425830484,927,4,0.0006916254064397987,0.0008645317580497484,1.0
2021-02-02,0.0012091195602448365,864,4,0.0006922414775655868,0.0008653018469569835,1.0
2021-02-03,0.0012781691131155942,860,4,0.0006937944593207528,0.000867243074150941,1.0
2021-02-04,0.0012895392640331921,885,4,0.0006949332388094002,0.0008686665485117503,1.0
2021-02-05,0.0013450825800647435,918,4,0.0006966949249320767,0.0008708686561650958,1.0
2021-02-08,0.00122351723110263,922,4,0.0006981368861553788,0.0008726711076942235,1.0
2021-02-09,0.001309361761265199,878,4,0.0006987557504097691,0.0008734446880122114,1.0
2021-02-10,0.001234248187999327,883,4,0.0006990029558485757,0.0008737536948107197,1.0
2021-02-11,0.0012511734410490297,900,4,0.0006994807152372608,0.000874350894046576,1.0
2021-02-12,0.0011651049328672953,952,4,0.0007003912581520864,0.000875489072690108,1.0
2021-02-16,0.001222555824860569,937,4,0.0007015665605208667,0.0008769582006510834,1.0
2021-02-17,0.0012198096091430176,907,4,0.0007027829672891607,0.0008784787091114508,1.0
2021-02-18,0.0013087250310606878,928,4,0.0007037769811803305,0.000879721226475413,1.0
2021-02-19,0.0012655177228559893,932,4,0.0007045370372898997,0.0008806712966123746,1.0
2021-02-22,0.0012585261351845533,928,4,0.0007053208877716944,0.000881651109714618,1.0
2021-02-23,0.0012725746715789813,878,4,0.0007059692781914775,0.0008824615977393469,1.0
2021-02-24,0.0011877742367135745,861,4,0.0007059692781914775,0.0008824615977393469,1.0
2021-02-25,0.0012461451757596284,886,4,0.0007076213967476035,0.0008845267459345043,1.0
2021-02-26,0.0012229791158704718,931,4,0.0007076213967476035,0.0008845267459345043,1.0
2021-03-01,0.001186692205642603,971,4,0.0007095949577269098,0.0008869936971586373,1.0
2021-03-02,0.0012461200329386692,971,4,0.0007095949577269098,0.0008869936971586373,1.0
2021-03-03,0.0012023717594292142,973,4,0.0007108191612673772,0.0008885239515842215,1.0
2021-03-04,0.001212192123971089,982,4,0.0007108191612673772,0.0008885239515842215,1.0
2021-03-05,0.0012170525124409436,988,4,0.0007108191612673772,0.0008885239515842215,1.0
2021-03-08,0.0012072744020834567,991,4,0.0007108191612673772,0.0008885239515842215,1.0
2021-03-09,0.0012710214993626695,989,4,0.0007117585524487889,0.0008896981905609861,1.0
2021-03-10,0.0012405356510463983,987,4,0.0007117585524487889,0.0008896981905609861,1.0
2021-03-11,0.00116496556151896,989,4,0.0007123334489486437,0.0008904168111858046,1.0
2021-03-12,0.0011568986823601037,990,4,0.0007125080057770788,0.0008906350072213486,1.0
2021-03-15,0.0012052850243494829,991,4,0.0007134571614597347,0.0008918214518246684,1.0
2021-03-16,0.001223583294600219,986,4,0.0007154453154646596,0.0008943066443308245,1.0
2021-03-17,0.001172977578047386,985,4,0.0007168098369252534,0.0008960122961565668,1.0
2021-03-18,0.0011433465255059165,988,4,0.0007190124166987435,0.0008987655208734294,1.0
2021-03-19,0.0011804417774751842,993,4,0.0007234152647023415,0.0009042690808779268,1.0
2021-03-22,0.0011218418729929398,993,4,0.000726635373814692,0.000908294217268365,1.0
2021-03-23,0.0011965899657495555,989,4,0.0007278231486256211,0.0009097789357820264,1.0
2021-03-24,0.0011669748146478534,988,4,0.0007291017750933016,0.000911377218866627,1.0
2021-03-25,0.0011515724093894332,991,4,0.0007299776162120658,0.0009124720202650823,1.0
2021-03-26,0.0011490649824665007,993,4,0.000730903761989938,0.0009136297024874225,1.0
2021-03-29,0.0011872624553434465,987,4,0.0007320064977157407,0.0009150081221446758,1.0
2021-03-30,0.0011500275010997174,985,4,0.000733478794337828,0.0009168484929222851,1.0
2021-03-31,0.0011806085367675977,987,4,0.0007347199703642222,0.0009183999629552778,1.0
2021-04-01,0.0012437696251278532,993,4,0.0007358684239764387,0.0009198355299705484,1.0
2021-04-05,0.0012361690983146874,990,4,0.0007372355420223374,0.0009215444275279218,1.0
2021-04-06,0.0012397046206174592,988,4,0.0007372355420223374,0.0009215444275279218,1.0
2021-04-07,0.0011921890923734324,989,4,0.0007410686057649114,0.0009263357572061393,1.0
2021-04-08,0.0012200095881982319,994,4,0.000743876764505434,0.0009298459556317924,1.0
2021-04-09,0.0012104264306835545,996,4,0.0007456017680320522,0.0009320022100400652,1.0
2021-04-12,0.0011859823125182334,994,4,0.0007465824501466887,0.0009332280626833608,1.0
2021-04-13,0.0011847931631683928,987,4,0.0007476191305532269,0.0009345239131915336,1.0
2021-04-14,0.001175930806663971,978,4,0.0007484473358874672,0.000935559169859334,1.0
2021-04-15,0.001228579817728349,976,4,0.0007510650226315609,0.0009388312782894512,1.0
2021-04-16,0.0012103901502559583,957,4,0.0007540139112334935,0.0009425173890418669,1.0
2021-04-19,0.0011890445251080436,951,4,0.0007552895457849807,0.0009441119322312259,1.0
2021-04-20,0.0011813885282471897,901,4,0.0007559088028896336,0.000944886003612042,1.0
2021-04-21,0.0011972016849243036,907,4,0.0007574870836850253,0.0009468588546062816,1.0
2021-04-22,0.0011593057157987517,921,4,0.0007596286394501398,0.0009495357993126747,1.0
2021-04-23,0.0011812341215247822,927,4,0.0007618921420471742,0.0009523651775589677,1.0
2021-04-26,0.0011440690841961515,871,4,0.0007628556443054101,0.0009535695553817626,1.0
2021-04-27,0.0012221658533605902,765,3,0.0007630563324779932,0.0009538204155974915,1.0
2021-04-28,0.0012317735220251876,749,3,0.0007636413043160997,0.0009545516303951247,1.0
2021-04-29,0.0012114006096878647,818,4,0.0007645875317856238,0.0009557344147320298,1.0
2021-04-30,0.0011704524888337393,862,4,0.0007653588519267342,0.0009566985649084178,1.0
2021-05-03,0.0011778447753915903,864,4,0.0007673755813514743,0.0009592194766893428,1.0
2021-05-04,0.0011554155128748798,772,3,0.0007697440708790507,0.0009621800885988134,1.0
2021-05-05,0.0011572964099183301,775,3,0.0007731651375994922,0.0009664564219993652,1.0
2021-05-06,0.0011207982699233073,825,4,0.0007763444440508583,0.0009704305550635728,1.0
2021-05-07,0.0011234987188927209,907,4,0.000777406853017622,0.0009717585662720276,1.0
2021-05-10,0.0011663375828689054,960,4,0.0007774975756998432,0.000971871969624804,1.0
2021-05-11,0.001146212363749687,969,4,0.000779172993050513,0.0009739662413131413,1.0
2021-05-12,0.0011329919513268082,985,4,0.0007824806380687014,0.0009781007975858767,1.0
2021-05-13,0.001202463355853675,993,4,0.0007839535003752885,0.0009799418754691106,1.0
2021-05-14,0.0012523040317207104,994,4,0.0007857450935791202,0.0009821813669739002,1.0
2021-05-17,0.0012373975910479416,989,4,0.0007894804651648238,0.0009868505814560299,1.0
2021-05-18,0.0011957814051030094,980,4,0.0007914819933484352,0.000989352491685544,1.0
2021-05-19,0.0012285049875574655,973,4,0.0007935136629019137,0.0009918920786273922,1.0
2021-05-20,0.0011802514408705582,979,4,0.0007963782920600637,0.0009954728650750796,1.0
2021-05-21,0.001123256011683889,985,4,0.0007981360013768254,0.0009976700017210317,1.0
2021-05-24,0.0012402850603601757,987,4,0.0008006311584818741,0.0010007889481023426,1.0
2021-05-25,0.0012464534802197375,973,4,0.000804027353682987,0.0010050341921037337,1.0
2021-05-26,0.0012584896480067236,969,4,0.000805909022429422,0.0010073862780367775,1.0
2021-05-27,0.0012135387514098466,977,4,0.0008154336117196744,0.001019292014649593,1.0
2021-05-28,0.0012010366120676266,991,4,0.0008245818153545118,0.0010307272691931397,1.0
2021-06-01,0.0012313984861078964,988,4,0.000828896528237614,0.0010361206602970176,1.0
2021-06-02,0.0012022007929745955,980,4,0.0008308584612152733,0.0010385730765190915,1.0
2021-06-03,0.0011939633213464646,983,4,0.0008328256100597185,0.001041032012574648,1.0
2021-06-04,0.0011540580166191665,987,4,0.0008464619970393455,0.0010580774962991818,1.0
2021-06-07,0.0011539196991260919,991,4,0.0008581167119768482,0.0010726458899710603,1.0
2021-06-08,0.001120921463881454,990,4,0.0008790128539247766,0.0010987660674059707,1.0
2021-06-09,0.0012112687350925647,992,4,0.0008933064279303849,0.001116633034912981,1.0
2021-06-10,0.0011678650777519949,996,4,0.0009275695343304209,0.001159461917913026,1.0
2021-06-11,0.0011737770432680527,997,4,0.0010055498768744534,0.0012569373460930666,0.5
2021-06-14,0.001200636822810193,997,4,0.0010578068722675036,0.0013222585903343795,0.5
2021-06-15,0.0011932243464333014,994,4,0.0010941190801059535,0.0013676488501324418,0.5
2021-06-16,0.00118400695445011,993,4,0.0011166732241452992,0.001395841530181624,0.5
2021-06-17,0.0011150759339647563,994,4,0.0011204796110976844,0.0014005995138721054,0.0
2021-06-18,0.001160212434148219,997,4,0.0011204796110976844,0.0014005995138721054,0.5
2021-06-21,0.0011324583068686232,998,4,0.0011208721862981954,0.0014010902328727443,0.5
2021-06-22,0.0011788152449662092,995,4,0.0011214737093483455,0.0014018421366854318,0.5
2021-06-23,0.001198624551228733,991,4,0.0011223190868255527,0.001402898858531941,0.5
2021-06-24,0.0012067966073548383,991,4,0.0011230084987625846,0.0014037606234532309,0.5
2021-06-25,0.001235184554378779,992,4,0.0011234016360091882,0.0014042520450114854,0.5
2021-06-28,0.0012414154515845328,993,4,0.0011288744716782622,0.0014110930895978278,0.5
2021-06-29,0.001170263039318976,987,4,0.0011327784935435342,0.0014159731169294178,0.5
2021-06-30,0.0011481952632660577,989,4,0.0011378941030956214,0.0014223676288695267,0.5
2021-07-01,0.001175046039604059,992,4,0.001142472797013482,0.0014280909962668524,0.5
2021-07-02,0.0010815590035582478,998,4,0.0011437800607200575,0.001429725075900072,0.0
2021-07-06,0.001129575450833878,995,4,0.0011437800607200575,0.001429725075900072,0.0
2021-07-07,0.0011546634618012086,995,4,0.0011437800607200575,0.001429725075900072,0.5
2021-07-08,0.0011719660189608715,996,4,0.001145355051928273,0.0014316938149103412,0.5
2021-07-09,0.0011829045162975887,993,4,0.0011474021034595095,0.0014342526293243869,0.5
2021-07-12,0.0012731610436519398,988,4,0.0011487170947863236,0.0014358963684829044,0.5
2021-07-13,0.0011838536946663415,982,4,0.0011496424936464308,0.0014370531170580384,0.5
2021-07-14,0.0011970922109766887,983,4,0.0011509544460735468,0.0014386930575919336,0.5
2021-07-15,0.0012228570274339992,985,4,0.0011529807832314283,0.0014412259790392854,0.5
2021-07-16,0.0012521699985481656,970,4,0.0011540026896219367,0.001442503362027421,0.5
2021-07-19,0.0012594893163846176,953,4,0.0011544212837283918,0.0014430266046604897,0.5
2021-07-20,0.0012078759502447871,899,4,0.0011551146924454114,0.0014438933655567642,0.5
2021-07-21,0.001411479748187745,896,4,0.0011563054145660142,0.0014453817682075177,0.5
2021-07-22,0.0013702052615702366,912,4,0.0011571373188950396,0.0014464216486187995,0.5
2021-07-23,0.0013068227237007252,920,4,0.001158501993446583,0.0014481274918082287,0.5
2021-07-26,0.001306377278496877,869,4,0.001159849746808432,0.00144981218351054,0.5
2021-07-27,0.0013185426123113412,767,3,0.0011630643105706635,0.0014538303882133292,0.5
2021-07-28,0.0012150641263020618,746,3,0.0011650491843279611,0.0014563114804099515,0.5
2021-07-29,0.001273289299902624,816,4,0.0011658445228682614,0.0014573056535853268,0.5
2021-07-30,0.0011767348853139264,858,4,0.0011667199219362742,0.0014583999024203426,0.5
2021-08-02,0.0012066640760252476,861,4,0.0011675089725103384,0.001459386215637923,0.5
2021-08-03,0.0010978705325000236,772,3,0.001168449258774473,0.0014605615734680911,0.0
2021-08-04,0.0011373814379370966,772,3,0.001168449258774473,0.0014605615734680911,0.0
2021-08-05,0.0010723867996479935,828,4,0.001168449258774473,0.0014605615734680911,0.0
2021-08-06,0.0012944342818862144,907,4,0.001168449258774473,0.0014605615734680911,0.5
2021-08-09,0.001271269937700132,966,4,0.0011696933087071688,0.001462116635883961,0.5
2021-08-10,0.0013118064854306694,968,4,0.001170376709027834,0.0014629708862847924,0.5
2021-08-11,0.00133916327416269,980,4,0.0011713606069100185,0.0014642007586375232,0.5
2021-08-12,0.0013602048687193153,986,4,0.0011725729544127801,0.001465716193015975,0.5
2021-08-13,0.001311067083742211,991,4,0.001173457257179786,0.0014668215714747327,0.5
2021-08-16,0.001258600058417217,986,4,0.0011745384410696566,0.0014681730513370708,0.5
2021-08-17,0.0012570407234107903,974,4,0.0011755768998400063,0.001469471124800008,0.5
2021-08-18,0.0011993628064882987,974,4,0.0011764132538539442,0.0014705165673174303,0.5
2021-08-19,0.001218692082725298,982,4,0.0011774008193605246,0.0014717510242006557,0.5
2021-08-20,0.0012221191791222555,990,4,0.0011784270571363615,0.001473033821420452,0.5
2021-08-23,0.0012420445611976963,990,4,0.0011796769625088185,0.001474596203136023,0.5
2021-08-24,0.0012342830667941259,976,4,0.0011803656428333337,0.001475457053541667,0.5
2021-08-25,0.0012492810922799876,975,4,0.0011805418330506324,0.0014756772913132904,0.5
2021-08-26,0.0011780634007478943,979,4,0.0011809838876219083,0.0014762298595273854,0.0
2021-08-27,0.0011097766249520808,990,4,0.0011809838876219083,0.0014762298595273854,0.0
2021-08-30,0.0011941491889910232,992,4,0.0011809838876219083,0.0014762298595273854,0.5
2021-08-31,0.0012591404385264029,981,4,0.0011813267655582267,0.0014766584569477835,0.5
2021-09-01,0.0011619352516509553,975,4,0.0011822981210774291,0.0014778726513467865,0.0
2021-09-02,0.001101907171922474,980,4,0.0011822981210774291,0.0014778726513467865,0.0
2021-09-03,0.001118771894729468,991,4,0.0011822981210774291,0.0014778726513467865,0.0
2021-09-07,0.001072392253253481,993,4,0.0011822981210774291,0.0014778726513467865,0.0
2021-09-08,0.001217253261782721,990,4,0.0011822981210774291,0.0014778726513467865,0.5
2021-09-09,0.0011504697556031554,991,4,0.0011832642920688646,0.0014790803650860807,0.0
2021-09-10,0.0012241995550248133,993,4,0.0011832642920688646,0.0014790803650860807,0.5
2021-09-13,0.0011264190982097156,996,4,0.0011837138738330243,0.0014796423422912804,0.0
2021-09-14,0.0012551959782255283,996,4,0.0011837138738330243,0.0014796423422912804,0.5
2021-09-15,0.0011957141290886077,998,4,0.0011839456505366025,0.0014799320631707531,0.5
2021-09-16,0.001233459496800546,998,4,0.0011844786796810797,0.0014805983496013497,0.5
2021-09-17,0.0011544551947629403,995,4,0.0011855066527782971,0.0014818833159728714,0.0
2021-09-20,0.0011910400778922566,992,4,0.0011855066527782971,0.0014818833159728714,0.5
2021-09-21,0.0011590490482595276,989,4,0.0011864082483928552,0.001483010310491069,0.0
2021-09-22,0.00114090705910986,989,4,0.0011864082483928552,0.001483010310491069,0.0
2021-09-23,0.0012179899517211863,992,4,0.0011864082483928552,0.001483010310491069,0.5
2021-09-24,0.0012221990393209417,993,4,0.001187034355463109,0.0014837929443288862,0.5
2021-09-27,0.0012148314397293807,993,4,0.0011875695241655233,0.001484461905206904,0.5
2021-09-28,0.001306048883554821,990,4,0.0011885364097502559,0.0014856705121878199,0.5
2021-09-29,0.001233732396467977,991,4,0.0011902418567785714,0.0014878023209732142,0.5
2021-09-30,0.0012683150771369387,994,4,0.001191729486580962,0.0014896618582262025,0.5
2021-10-01,0.0012199482505508615,996,4,0.0011928102448093539,0.0014910128060116924,0.5
2021-10-04,0.0011940098811522152,994,4,0.0011936677313811993,0.0014920846642264992,0.5
2021-10-05,0.0012372089117649151,991,4,0.001193991257229915,0.0014924890715373937,0.5
2021-10-06,0.0011778012633552627,992,4,0.0011940934658555,0.001492616832319375,0.0
2021-10-07,0.0012371889731479333,995,4,0.0011940934658555,0.001492616832319375,0.5
2021-10-08,0.0012838556061094233,997,4,0.0011950881530495738,0.0014938601913119672,0.5
2021-10-11,0.0012366046072234426,994,4,0.0011957544946972487,0.0014946931183715609,0.5
2021-10-12,0.0012428100059675056,987,4,0.001196266541490937,0.0014953331768636712,0.5
2021-10-13,0.0013032040402967723,980,4,0.0011968913128858354,0.0014961141411072942,0.5
2021-10-14,0.0012871638209730094,982,4,0.0011971578953452577,0.0014964473691815722,0.5
2021-10-15,0.001393427514939198,972,4,0.001197880700168216,0.00149735087521027,0.5
2021-10-18,0.0012743983565676592,958,4,0.0011985080815362361,0.0014981351019202952,0.5
2021-10-19,0.0012650874262759857,902,4,0.0011990675043844724,0.0014988343804805905,0.5
2021-10-20,0.0012824346974064534,893,4,0.0012001272162814353,0.001500159020351794,0.5
2021-10-21,0.0012658239277268226,912,4,0.001200876696364653,0.0015010958704558164,0.5
2021-10-22,0.0012183536761464328,927,4,0.0012017351206118079,0.0015021689007647598,0.5
2021-10-25,0.0011984904027940253,879,4,0.0012023033728473667,0.0015028792160592084,0.0
2021-10-26,0.0012207830113161297,772,3,0.0012023033728473667,0.0015028792160592084,0.5
2021-10-27,0.0012151750652173218,750,3,0.0012024267172838906,0.0015030333966048633,0.5
2021-10-28,0.001123750125792156,817,4,0.0012029701556639282,0.0015037126945799102,0.0
2021-10-29,0.0010080876332999359,862,4,0.0012029701556639282,0.0015037126945799102,0.0
2021-11-01,0.0010452470288290464,859,4,0.0012029701556639282,0.0015037126945799102,0.0
2021-11-02,0.0011029679341161879,769,3,0.0012029701556639282,0.0015037126945799102,0.0
2021-11-03,0.0012084201538553753,766,3,0.0012029701556639282,0.0015037126945799102,0.5
2021-11-04,0.001205516824805866,825,4,0.0012044942234913285,0.0015056177793641606,0.5
2021-11-05,0.0011543838597609934,902,4,0.0012054241046233127,0.0015067801307791409,0.0
2021-11-08,0.0010164173153363412,957,4,0.0012054241046233127,0.0015067801307791409,0.0
2021-11-09,0.0010566914990094917,958,4,0.0012054241046233127,0.0015067801307791409,0.0
2021-11-10,0.0010990977275473787,975,4,0.0012054241046233127,0.0015067801307791409,0.0
2021-11-11,0.0012081378251552854,986,4,0.0012054241046233127,0.0015067801307791409,0.5
2021-11-12,0.0012234204453276355,986,4,0.001206205175537495,0.0015077564694218689,0.5
2021-11-15,0.0011888747522305785,985,4,0.001206743594823002,0.0015084294935287525,0.0
2021-11-16,0.0011361795388133318,975,4,0.001206743594823002,0.0015084294935287525,0.0
2021-11-17,0.0011951595979159642,972,4,0.001206743594823002,0.0015084294935287525,0.0
2021-11-18,0.0012006825836336893,976,4,0.001206743594823002,0.0015084294935287525,0.0
2021-11-19,0.0012088965392416527,976,4,0.001206743594823002,0.0015084294935287525,0.5
2021-11-22,0.0012257877132062478,978,4,0.0012070832841920094,0.0015088541052400118,0.5
2021-11-23,0.0012596939794192567,978,4,0.001207635330980255,0.0015095441637253187,0.5
2021-11-24,0.0012235719971551019,990,4,0.001208033075191086,0.0015100413439888575,0.5
2021-11-26,0.0011986612914137687,998,4,0.0012083072223753393,0.001510384027969174,0.0
2021-11-29,0.0011510595589258243,994,4,0.0012083072223753393,0.001510384027969174,0.0
2021-11-30,0.0012106745534637988,986,4,0.0012083072223753393,0.001510384027969174,0.5
2021-12-01,0.0012023233264957319,980,4,0.0012087059850871417,0.001510882481358927,0.0
2021-12-02,0.0012183168038821003,983,4,0.0012087059850871417,0.001510882481358927,0.5
2021-12-03,0.001242440487554919,988,4,0.001209030351843563,0.0015112879398044537,0.5
2021-12-06,0.0012089399973616607,987,4,0.0012098819142515095,0.0015123523928143867,0.0
2021-12-07,0.0012422975556228137,985,4,0.0012098819142515095,0.0015123523928143867,0.5
2021-12-08,0.0011938393133238653,980,4,0.001210411918512516,0.001513014898140645,0.0
2021-12-09,0.001266405203888518,986,4,0.001210411918512516,0.001513014898140645,0.5
2021-12-10,0.0011981389034494783,989,4,0.0012105753043517012,0.0015132191304396264,0.0
2021-12-13,0.0012398324725711222,995,4,0.0012105753043517012,0.0015132191304396264,0.5
2021-12-14,0.001220700158198832,989,4,0.0012110310624410584,0.0015137888280513231,0.5
2021-12-15,0.0011722199389107314,987,4,0.0012113478598497448,0.001514184824812181,0.0
2021-12-16,0.001254324422020781,988,4,0.0012113478598497448,0.001514184824812181,0.5
2021-12-17,0.0011806735733257843,990,4,0.0012118755182577994,0.001514844397822249,0.0
2021-12-20,0.00122978358826006,987,4,0.0012118755182577994,0.001514844397822249,0.5
2021-12-21,0.0012635448014892896,987,4,0.0012130001004343435,0.0015162501255429294,0.5
2021-12-22,0.0013024071840262138,991,4,0.001214314364401567,0.0015178929555019589,0.5
2021-12-23,0.00126761448004122,995,4,0.0012149710516729893,0.0015187138145912366,0.5
2021-12-27,0.0012459044326160876,995,4,0.0012151306896512177,0.0015189133620640222,0.5
2021-12-28,0.0012932967680177588,995,4,0.0012163015335514948,0.0015203769169393686,0.5
2021-12-29,0.0012532369538877978,995,4,0.00121717296204601,0.0015214662025575124,0.5
2021-12-30,0.0012162213398997396,996,4,0.0012176952757458003,0.0015221190946822505,0.0
2021-12-31,0.0012205802659981911,996,4,0.0012176952757458003,0.0015221190946822505,0.5
2022-01-03,0.0008445104797949047,994,4,0.0012181860630177347,0.0015227325787721684,0.0
2022-01-04,0.0007960353852166596,991,4,0.0012181860630177347,0.0015227325787721684,0.0
2022-01-05,0.0008860092890313671,990,4,0.0012181860630177347,0.0015227325787721684,0.0
2022-01-06,0.0008955596496049612,993,4,0.0012181860630177347,0.0015227325787721684,0.0
2022-01-07,0.0010313555869835168,995,4,0.0012181860630177347,0.0015227325787721684,0.0
2022-01-10,0.001084461561807149,995,4,0.0012181860630177347,0.0015227325787721684,0.0
2022-01-11,0.0010784449421434846,994,4,0.0012181860630177347,0.0015227325787721684,0.0
2022-01-12,0.0010206306565527915,992,4,0.0012181860630177347,0.0015227325787721684,0.0
2022-01-13,0.0009927865010756632,989,4,0.0012181860630177347,0.0015227325787721684,0.0
2022-01-14,0.0011130726849842365,991,4,0.0012181860630177347,0.0015227325787721684,0.0
2022-01-18,0.0009763221317508622,965,4,0.0012176952757458003,0.0015221190946822505,0.0
2022-01-19,0.0009406115261786834,956,4,0.0012176952757458003,0.0015221190946822505,0.0
2022-01-20,0.0010813728866668842,971,4,0.0012176952757458003,0.0015221190946822505,0.0
2022-01-21,0.0010937144468223753,970,4,0.0012176952757458003,0.0015221190946822505,0.0
2022-01-24,0.001073749782125084,955,4,0.0012176952757458003,0.0015221190946822505,0.0
2022-01-25,0.0010185320967628737,893,4,0.0012176952757458003,0.0015221190946822505,0.0
2022-01-26,0.0009061002317607581,882,4,0.0012176952757458003,0.0015221190946822505,0.0
2022-01-27,0.0009094449851930527,903,4,0.0012176952757458003,0.0015221190946822505,0.0
2022-01-28,0.0009467515109983812,941,4,0.0012176952757458003,0.0015221190946822505,0.0
2022-01-31,0.0009428541553065447,930,4,0.0012176952757458003,0.0015221190946822505,0.0
2022-02-01,0.0009651873729793906,864,4,0.0012176952757458003,0.0015221190946822505,0.0
2022-02-02,0.0009479454423720157,853,4,0.0012176952757458003,0.0015221190946822505,0.0
2022-02-03,0.0008963906320454934,886,4,0.00121717296204601,0.0015214662025575124,0.0
2022-02-04,0.0008128491126004637,922,4,0.001216720043424462,0.0015209000542805776,0.0
2022-02-07,0.0008371589051410617,926,4,0.0012158028300267726,0.0015197535375334656,0.0
2022-02-08,0.0009769041897033104,877,4,0.0012151306896512177,0.0015189133620640222,0.0
2022-02-09,0.0007998258289978452,874,4,0.0012149710516729893,0.0015187138145912366,0.0
2022-02-10,0.0008919184029018883,904,4,0.001214314364401567,0.0015178929555019589,0.0
2022-02-11,0.0008115118799478069,936,4,0.0012130001004343435,0.0015162501255429294,0.0
2022-02-14,0.000930192396456625,944,4,0.0012130001004343435,0.0015162501255429294,0.0
2022-02-15,0.0008894414412907122,904,4,0.0012118755182577994,0.001514844397822249,0.0
2022-02-16,0.0008932778150415465,908,4,0.0012113478598497448,0.001514184824812181,0.0
2022-02-17,0.0009101963824090462,922,4,0.0012110310624410584,0.0015137888280513231,0.0
2022-02-18,0.0010546740330989123,964,4,0.0012105753043517012,0.0015132191304396264,0.0
2022-02-22,0.0007852082653349221,906,4,0.001210411918512516,0.001513014898140645,0.0
2022-02-23,0.0007502403468905793,864,4,0.0012098100890982392,0.001512262611372799,0.0
2022-02-24,0.0010469352418464722,896,4,0.0012098100890982392,0.001512262611372799,0.0
2022-02-25,0.000905108429532718,919,4,0.0012089226141136576,0.001511153267642072,0.0
2022-02-28,0.0007326335118065786,950,4,0.0012087059850871417,0.001510882481358927,0.0
2022-03-01,0.0007373185370515083,944,4,0.0012087059850871417,0.001510882481358927,0.0
2022-03-02,0.0008038204126833396,968,4,0.0012083072223753393,0.001510384027969174,0.0
2022-03-03,0.0007636666174176256,977,4,0.0012083072223753393,0.001510384027969174,0.0
2022-03-04,0.0009134855632027406,989,4,0.001208033075191086,0.0015100413439888575,0.0
2022-03-07,0.0009382134984971941,987,4,0.001207635330980255,0.0015095441637253187,0.0
2022-03-08,0.0009445115478842618,988,4,0.0012074442130888077,0.0015093052663610095,0.0
2022-03-09,0.0010722338485068328,985,4,0.001206743594823002,0.0015084294935287525,0.0
2022-03-10,0.0011529577449347808,992,4,0.001206205175537495,0.0015077564694218689,0.0
2022-03-11,0.0010685209466194127,992,4,0.001206205175537495,0.0015077564694218689,0.0
2022-03-14,0.0009933302069809486,995,4,0.001206205175537495,0.0015077564694218689,0.0
2022-03-15,0.0009452467468697534,987,4,0.001206205175537495,0.0015077564694218689,0.0
2022-03-16,0.0009764195419062446,987,4,0.0012042954372249897,0.0015053692965312372,0.0
2022-03-17,0.0010657309263065547,987,4,0.0012042954372249897,0.0015053692965312372,0.0
2022-03-18,0.001093393750561305,991,4,0.0012042954372249897,0.0015053692965312372,0.0
2022-03-21,0.001050429209460676,990,4,0.0012042954372249897,0.0015053692965312372,0.0
2022-03-22,0.001013041647551447,986,4,0.0012042954372249897,0.0015053692965312372,0.0
2022-03-23,0.0011713147635382026,988,4,0.0012042954372249897,0.0015053692965312372,0.0
2022-03-24,0.000989422915239326,990,4,0.0012042954372249897,0.0015053692965312372,0.0
2022-03-25,0.0012481838668996082,991,4,0.0012042954372249897,0.0015053692965312372,0.5
2022-03-28,0.0013299746785756963,981,4,0.001206205175537495,0.0015077564694218689,0.5
2022-03-29,0.0012774471263060395,982,4,0.001206743594823002,0.0015084294935287525,0.5
2022-03-30,0.00130130292044587,983,4,0.0012074442130888077,0.0015093052663610095,0.5
2022-03-31,0.0011766400590055622,994,4,0.001208033075191086,0.0015100413439888575,0.0
2022-04-01,0.0012298015174118644,994,4,0.0012074442130888077,0.0015093052663610095,0.5
2022-04-04,0.0011591459551461277,992,4,0.0012074442130888077,0.0015093052663610095,0.0
2022-04-05,0.0012959595792269587,989,4,0.001206743594823002,0.0015084294935287525,0.5
2022-04-06,0.0013266215131107766,990,4,0.0012074442130888077,0.0015093052663610095,0.5
2022-04-07,0.0012516892599698597,992,4,0.0012074442130888077,0.0015093052663610095,0.5
2022-04-08,0.0013399545989745934,992,4,0.0012074442130888077,0.0015093052663610095,0.5
2022-04-11,0.0013064443719585132,989,4,0.001208033075191086,0.0015100413439888575,0.5
2022-04-12,0.001292530789764202,982,4,0.0012083072223753393,0.001510384027969174,0.5
2022-04-13,0.001239888368621602,981,4,0.0012087059850871417,0.001510882481358927,0.5
2022-04-14,0.0012203258556311813,985,4,0.0012087059850871417,0.001510882481358927,0.5
2022-04-18,0.0011379393071200149,963,4,0.0012087059850871417,0.001510882481358927,0.0
2022-04-19,0.0010859875508268035,917,4,0.0012087059850871417,0.001510882481358927,0.0
2022-04-20,0.0011393123252451051,912,4,0.0012087059850871417,0.001510882481358927,0.0
2022-04-21,0.0009991852498986804,927,4,0.0012087059850871417,0.001510882481358927,0.0
2022-04-22,0.0011266221213999368,925,4,0.0012087059850871417,0.001510882481358927,0.0
2022-04-25,0.0011683209165303432,872,4,0.0012087059850871417,0.001510882481358927,0.0
2022-04-26,0.0013733406277880629,766,3,0.0012087059850871417,0.001510882481358927,0.5
2022-04-27,0.0012306852249925771,751,3,0.0012087059850871417,0.001510882481358927,0.5
2022-04-28,0.001179158396796786,814,4,0.0012087059850871417,0.001510882481358927,0.0
2022-04-29,0.0010848605493494888,855,4,0.0012083072223753393,0.001510384027969174,0.0
2022-05-02,0.0010080649070623889,846,4,0.0012083072223753393,0.001510384027969174,0.0
2022-05-03,0.0010720500142448808,756,3,0.0012083072223753393,0.001510384027969174,0.0
2022-05-04,0.0009608307651120982,766,3,0.0012083072223753393,0.001510384027969174,0.0
2022-05-05,0.0009938661883018448,826,4,0.0012083072223753393,0.001510384027969174,0.0
2022-05-06,0.001044872250685371,891,4,0.0012083072223753393,0.001510384027969174,0.0
2022-05-09,0.00110208889095223,930,4,0.0012083072223753393,0.001510384027969174,0.0
2022-05-10,0.0011787960758197524,938,4,0.0012083072223753393,0.001510384027969174,0.0
2022-05-11,0.0011787548250587554,972,4,0.0012083072223753393,0.001510384027969174,0.0
2022-05-12,0.001192420557847049,991,4,0.0012083072223753393,0.001510384027969174,0.0
2022-05-13,0.0013080116600140488,991,4,0.0012083072223753393,0.001510384027969174,0.5
2022-05-16,0.0009663625414972376,988,4,0.0012083072223753393,0.001510384027969174,0.0
2022-05-17,0.0012079574820056832,979,4,0.001208033075191086,0.0015100413439888575,0.0
2022-05-18,0.0011759375630253609,973,4,0.0012080656878954445,0.0015100821098693058,0.0
2022-05-19,0.0011153441212660904,978,4,0.0012079248693013247,0.0015099060866266558,0.0
2022-05-20,0.0008605741892664315,982,4,0.0012079248693013247,0.0015099060866266558,0.0
2022-05-23,0.0009221257819834007,987,4,0.0012079248693013247,0.0015099060866266558,0.0
2022-05-24,0.0008803475561652877,974,4,0.0012074442130888077,0.0015093052663610095,0.0
2022-05-25,0.0010729698752723624,968,4,0.001206743594823002,0.0015084294935287525,0.0
2022-05-26,0.0011302627014465928,971,4,0.001206205175537495,0.0015077564694218689,0.0
2022-05-27,0.0008055788855531274,985,4,0.0012042394254818123,0.0015052992818522654,0.0
2022-05-31,0.0007282643585213681,983,4,0.0012042394254818123,0.0015052992818522654,0.0
2022-06-01,0.0007067835409675504,978,4,0.0012022743130872774,0.0015028428913590967,0.0
2022-06-02,0.0006914644221916076,979,4,0.001201667029350915,0.0015020837866886437,0.0
2022-06-03,0.0007009317676627088,987,4,0.001201667029350915,0.0015020837866886437,0.0
2022-06-06,0.0007310755932024454,987,4,0.001201667029350915,0.0015020837866886437,0.0
2022-06-07,0.0007890860862018196,986,4,0.001201667029350915,0.0015020837866886437,0.0
2022-06-08,0.0007387686193006288,985,4,0.001201667029350915,0.0015020837866886437,0.0
2022-06-09,0.0007287634023585505,991,4,0.0012006642793042908,0.0015008303491303634,0.0
2022-06-10,0.0011347544062589934,992,4,0.0012006642793042908,0.0015008303491303634,0.0
2022-06-13,0.001183627294692019,995,4,0.0012006642793042908,0.0015008303491303634,0.0
2022-06-14,0.0012289545373894435,991,4,0.0012001546727755331,0.0015001933409694165,0.5
2022-06-15,0.0011826373726092564,991,4,0.001201667029350915,0.0015020837866886437,0.0
2022-06-16,0.0014263952487229602,989,4,0.001201667029350915,0.0015020837866886437,0.5
2022-06-17,0.00131736283264467,993,4,0.0012042394254818123,0.0015052992818522654,0.5
2022-06-21,0.0013329110971354147,990,4,0.001206205175537495,0.0015077564694218689,0.5
2022-06-22,0.001228184793840052,988,4,0.001206743594823002,0.0015084294935287525,0.5
2022-06-23,0.0012500357771960972,989,4,0.0012074442130888077,0.0015093052663610095,0.5
2022-06-24,0.0014664725380715386,989,4,0.0012079248693013247,0.0015099060866266558,0.5
2022-06-27,0.0015553089412401583,987,4,0.0012080656878954445,0.0015100821098693058,1.0
2022-06-28,0.0014742057123620094,982,4,0.0012080656878954445,0.0015100821098693058,0.5
2022-06-29,0.0014874349428579546,984,4,0.0012080656878954445,0.0015100821098693058,0.5
2022-06-30,0.00148476515791002,990,4,0.0012083072223753393,0.001510384027969174,0.5
2022-07-01,0.0014439836565261167,995,4,0.0012087059850871417,0.001510882481358927,0.5
2022-07-05,0.0016048767749114745,996,4,0.0012089226141136576,0.001511153267642072,1.0
2022-07-06,0.0015155880154149003,995,4,0.0012099807310229436,0.0015124759137786796,1.0
2022-07-07,0.0014200479086691458,995,4,0.001213168685223148,0.0015164608565289349,0.5
2022-07-08,0.0013183317064884288,995,4,0.0012149710516729893,0.0015187138145912366,0.5
2022-07-11,0.001391676886831754,993,4,0.0012151306896512177,0.0015189133620640222,0.5
2022-07-12,0.0013262097693385,989,4,0.0012158028300267726,0.0015197535375334656,0.5
2022-07-13,0.0014791225803841457,985,4,0.0012158028300267726,0.0015197535375334656,0.5
2022-07-14,0.0014520540045345766,984,4,0.0012168404930295285,0.0015210506162869107,0.5
2022-07-15,0.0014163780669389572,976,4,0.0012176952757458003,0.0015221190946822505,0.5
2022-07-18,0.0014308862053279761,963,4,0.0012176952757458003,0.0015221190946822505,0.5
2022-07-19,0.001269098133065743,917,4,0.0012176952757458003,0.0015221190946822505,0.5
2022-07-20,0.0012279800008707519,902,4,0.0012176952757458003,0.0015221190946822505,0.5
2022-07-21,0.0010780556956760303,918,4,0.0012181860630177347,0.0015227325787721684,0.0
2022-07-22,0.001108279449832521,922,4,0.0012176952757458003,0.0015221190946822505,0.0
2022-07-25,0.0010588947619662938,876,4,0.0012168404930295285,0.0015210506162869107,0.0
2022-07-26,0.0010422194622523085,758,3,0.0012158028300267726,0.0015197535375334656,0.0
2022-07-27,0.001113060226774037,748,3,0.0012151306896512177,0.0015189133620640222,0.0
2022-07-28,0.0010578618021684862,816,4,0.0012149710516729893,0.0015187138145912366,0.0
2022-07-29,0.0010105947003552626,874,4,0.001213168685223148,0.0015164608565289349,0.0
2022-08-01,0.0009708122925589688,867,4,0.0012099807310229436,0.0015124759137786796,0.0
2022-08-02,0.0010448619054825399,757,3,0.0012099807310229436,0.0015124759137786796,0.0
2022-08-03,0.0007781223676574509,755,3,0.0012099807310229436,0.0015124759137786796,0.0
2022-08-04,0.0010128226491670606,808,4,0.0012099807310229436,0.0015124759137786796,0.0
2022-08-05,0.0010324465088034265,886,4,0.0012099807310229436,0.0015124759137786796,0.0
2022-08-08,0.0007976798552336962,926,4,0.0012099807310229436,0.0015124759137786796,0.0
2022-08-09,0.0008143486978286311,926,4,0.0012089226141136576,0.001511153267642072,0.0
2022-08-10,0.0007350506013299987,957,4,0.0012087059850871417,0.001510882481358927,0.0
2022-08-11,0.0008847173325222111,980,4,0.0012083072223753393,0.001510384027969174,0.0
2022-08-12,0.0009038745939239994,985,4,0.0012080656878954445,0.0015100821098693058,0.0
2022-08-15,0.0008950313071592881,983,4,0.0012069812191257564,0.0015087265239071956,0.0
2022-08-16,0.0007745321785173764,972,4,0.0012042394254818123,0.0015052992818522654,0.0
2022-08-17,0.000797798303108874,971,4,0.001201667029350915,0.0015020837866886437,0.0
2022-08-18,0.0008443702712011115,978,4,0.0012001546727755331,0.0015001933409694165,0.0
2022-08-19,0.0007476692740487424,983,4,0.001199874066745721,0.0014998425834321513,0.0
2022-08-22,0.000883296034888181,985,4,0.0011985929359658713,0.001498241169957339,0.0
2022-08-23,0.0008971733395344965,974,4,0.0011983498030562064,0.001497937253820258,0.0
2022-08-24,0.0008280362927191741,975,4,0.00119716899370513,0.0014964612421314127,0.0
2022-08-25,0.000855854661703347,978,4,0.0011954923166195503,0.0014943653957744378,0.0
2022-08-26,0.0009506450872768806,988,4,0.0011947554343459878,0.0014934442929324847,0.0
2022-08-29,0.0009363213369912688,985,4,0.0011947554343459878,0.0014934442929324847,0.0
2022-08-30,0.0008761536422649471,972,4,0.0011947554343459878,0.0014934442929324847,0.0
2022-08-31,0.0009754010832171271,971,4,0.0011946997112104647,0.0014933746390130807,0.0
2022-09-01,0.0010710859903890523,980,4,0.0011939416540208752,0.001492427067526094,0.0
2022-09-02,0.0010752374974634556,993,4,0.0011939416540208752,0.001492427067526094,0.0
2022-09-06,0.0010808609071627463,991,4,0.0011939416540208752,0.001492427067526094,0.0
2022-09-07,0.0010208924727348355,986,4,0.0011939416540208752,0.001492427067526094,0.0
2022-09-08,0.0009917228559743253,988,4,0.0011939416540208752,0.001492427067526094,0.0
2022-09-09,0.0009619652870102731,991,4,0.0011932718111331388,0.0014915897639164236,0.0
2022-09-12,0.0008437033999299901,996,4,0.0011932718111331388,0.0014915897639164236,0.0
2022-09-13,0.0009484115452555315,995,4,0.001191868365865132,0.001489835457331415,0.0
2022-09-14,0.0009566926993349648,996,4,0.001191868365865132,0.001489835457331415,0.0
2022-09-15,0.0009003374902997236,995,4,0.0011901739476275854,0.0014877174345344817,0.0
2022-09-16,0.0010547113916592637,996,4,0.0011867757692151546,0.0014834697115189432,0.0
2022-09-19,0.001061623509556847,995,4,0.001183231325858914,0.0014790391573236425,0.0
2022-09-20,0.0009906288558468059,991,4,0.001183231325858914,0.0014790391573236425,0.0
2022-09-21,0.0009928098357409108,990,4,0.0011818518528958677,0.0014773148161198347,0.0
2022-09-22,0.0010827020990760972,991,4,0.0011818518528958677,0.0014773148161198347,0.0
2022-09-23,0.001102716498438391,994,4,0.0011818518528958677,0.0014773148161198347,0.0
2022-09-26,0.0010105331238625488,992,4,0.001180067502714185,0.0014750843783927314,0.0
2022-09-27,0.0010939631963660123,988,4,0.0011790134684059725,0.0014737668355074656,0.0
2022-09-28,0.0010015554349223018,987,4,0.0011787795755153535,0.001473474469394192,0.0
2022-09-29,0.0010370966803184408,990,4,0.0011783734003773584,0.0014729667504716978,0.0
2022-09-30,0.0010083113041342026,993,4,0.0011773367816153826,0.0014716709770192283,0.0
2022-10-03,0.0010614512565968442,993,4,0.0011763590606134818,0.001470448825766852,0.0
2022-10-04,0.001307933815851734,990,4,0.001174450513379509,0.0014680631417243865,0.5
2022-10-05,0.0013016417441177046,991,4,0.001174450513379509,0.0014680631417243865,0.5
2022-10-06,0.001366864745568109,994,4,0.001174450513379509,0.0014680631417243865,0.5
2022-10-07,0.0013612981575089498,997,4,0.001174450513379509,0.0014680631417243865,0.5
2022-10-10,0.0013772777319675852,996,4,0.001174450513379509,0.0014680631417243865,0.5
2022-10-11,0.0011906861659872101,991,4,0.001174450513379509,0.0014680631417243865,0.5
2022-10-12,0.0012814767450535433,985,4,0.001174450513379509,0.0014680631417243865,0.5
2022-10-13,0.00151429222786875,984,4,0.001174450513379509,0.0014680631417243865,1.0
2022-10-14,0.0015507852294668672,979,4,0.001174450513379509,0.0014680631417243865,1.0
2022-10-17,0.001424530798411202,959,4,0.001174450513379509,0.0014680631417243865,0.5
2022-10-18,0.0015237964106369285,919,4,0.001174450513379509,0.0014680631417243865,1.0
2022-10-19,0.0015152451959655334,908,4,0.001174450513379509,0.0014680631417243865,1.0
2022-10-20,0.0015092858841500812,934,4,0.001174450513379509,0.0014680631417243865,1.0
2022-10-21,0.0016312288767749935,929,4,0.001174450513379509,0.0014680631417243865,1.0
2022-10-24,0.0015828422937733105,878,4,0.001174450513379509,0.0014680631417243865,1.0
2022-10-25,0.0015202948855172216,771,3,0.001174450513379509,0.0014680631417243865,1.0
2022-10-26,0.0015104494975851075,757,3,0.001174450513379509,0.0014680631417243865,1.0
2022-10-27,0.0013637547288640928,822,4,0.001174450513379509,0.0014680631417243865,0.5
2022-10-28,0.0013242634538084012,864,4,0.001174450513379509,0.0014680631417243865,0.5
2022-10-31,0.0013001190440045847,855,4,0.0011763590606134818,0.001470448825766852,0.5
2022-11-01,0.0010802486063206697,767,3,0.0011779089186374782,0.001472386148296848,0.0
2022-11-02,0.0011397988153183814,760,3,0.0011779089186374782,0.001472386148296848,0.0
2022-11-03,0.0012580417254819116,819,4,0.0011779089186374782,0.001472386148296848,0.5
2022-11-04,0.001272225983740475,880,4,0.0011779089186374782,0.001472386148296848,0.5
2022-11-07,0.0011657725382229012,922,4,0.0011779089186374782,0.001472386148296848,0.0
2022-11-08,0.0010859471344784471,913,4,0.0011779089186374782,0.001472386148296848,0.0
2022-11-09,0.001190638504724329,946,4,0.0011779089186374782,0.001472386148296848,0.5
2022-11-10,0.001168064916245158,972,4,0.0011787795755153535,0.001473474469394192,0.0
2022-11-11,0.001225315747577648,984,4,0.0011787795755153535,0.001473474469394192,0.5
2022-11-14,0.0011003742455821233,981,4,0.0011787795755153535,0.001473474469394192,0.0
2022-11-15,0.0010339835747909818,977,4,0.0011779089186374782,0.001472386148296848,0.0
2022-11-16,0.0010682772562666957,972,4,0.0011763590606134818,0.001470448825766852,0.0
2022-11-17,0.0009921407032133045,974,4,0.0011763590606134818,0.001470448825766852,0.0
2022-11-18,0.0010485358383809436,971,4,0.001174450513379509,0.0014680631417243865,0.0
2022-11-21,0.0011851193915839425,979,4,0.00117185786876172,0.00146482233595215,0.5
2022-11-22,0.0012162234282749981,979,4,0.00117185786876172,0.00146482233595215,0.5
2022-11-23,0.0011741574322987726,991,4,0.00117185786876172,0.00146482233595215,0.5
2022-11-25,0.0013894824809598102,994,4,0.00117185786876172,0.00146482233595215,0.5
2022-11-28,0.0013471199946763625,987,4,0.00117185786876172,0.00146482233595215,0.5
2022-11-29,0.001241446855099261,977,4,0.00117185786876172,0.00146482233595215,0.5
2022-11-30,0.0026445611312776937,975,4,0.0011733824349435562,0.001466728043679445,1.0
2022-12-01,0.0027673467657788314,981,4,0.0011733824349435562,0.001466728043679445,1.0
2022-12-02,0.002573535101241751,990,4,0.0011733824349435562,0.001466728043679445,1.0
2022-12-05,0.0027906554380846805,984,4,0.0011733824349435562,0.001466728043679445,1.0
2022-12-06,0.0026797344526488373,983,4,0.0011733824349435562,0.001466728043679445,1.0
2022-12-07,0.002453916280771582,976,4,0.0011733824349435562,0.001466728043679445,1.0
2022-12-08,0.002670846778623283,985,4,0.0011733824349435562,0.001466728043679445,1.0
2022-12-09,0.0024778437653715044,987,4,0.0011733824349435562,0.001466728043679445,1.0
2022-12-12,0.002458485398641566,996,4,0.0011733824349435562,0.001466728043679445,1.0
2022-12-13,0.0029009189133182194,993,4,0.0011733824349435562,0.001466728043679445,1.0
2022-12-14,0.002966724976560667,991,4,0.0011733824349435562,0.001466728043679445,1.0
2022-12-15,0.002907299326448276,991,4,0.0011733824349435562,0.001466728043679445,1.0
2022-12-16,0.002886996500677138,992,4,0.0011752255107347256,0.001469031888418407,1.0
2022-12-19,0.002813157402006646,991,4,0.0011752255107347256,0.001469031888418407,1.0
2022-12-20,0.002403580432283131,988,4,0.0011752255107347256,0.001469031888418407,1.0
2022-12-21,0.0025240759534085055,990,4,0.0011752255107347256,0.001469031888418407,1.0
2022-12-22,0.0026173552704032857,994,4,0.0011752255107347256,0.001469031888418407,1.0
2022-12-23,0.002533150467363382,997,4,0.0011752255107347256,0.001469031888418407,1.0
2022-12-27,0.0025919663142815017,997,4,0.0011752255107347256,0.001469031888418407,1.0
2022-12-28,0.002508338639304705,997,4,0.0011752255107347256,0.001469031888418407,1.0
2022-12-29,0.0024116279966269476,997,4,0.0011752255107347256,0.001469031888418407,1.0
2022-12-30,0.002796747963091842,997,4,0.0011752255107347256,0.001469031888418407,1.0
2023-01-03,0.0012198178195862407,989,4,0.0011752255107347256,0.001469031888418407,0.5
2023-01-04,0.0012589549569725893,989,4,0.0011752255107347256,0.001469031888418407,0.5
2023-01-05,0.0013182108718308902,988,4,0.0011763590606134818,0.001470448825766852,0.5
2023-01-06,0.0012545458668673573,993,4,0.0011779089186374782,0.001472386148296848,0.5
2023-01-09,0.0013154586501389544,993,4,0.0011787795755153535,0.001473474469394192,0.5
2023-01-10,0.001310730818414633,995,4,0.0011790134684059725,0.0014737668355074656,0.5
2023-01-11,0.0013835631073976554,991,4,0.0011812457822842682,0.0014765572278553352,0.5
2023-01-12,0.0013412960881536012,988,4,0.001183231325858914,0.0014790391573236425,0.5
2023-01-13,0.0014275461340529018,988,4,0.001184522552827173,0.0014806531910339664,0.5
2023-01-17,0.0012185904876952387,974,4,0.0011884308594681742,0.0014855385743352178,0.5
2023-01-18,0.0013276022066459794,963,4,0.0011906671014820576,0.001488333876852572,0.5
2023-01-19,0.0011768740653360595,969,4,0.0011917268011031135,0.0014896585013788918,0.0
2023-01-20,0.0011257446800684498,968,4,0.0011917268011031135,0.0014896585013788918,0.0
2023-01-23,0.0012247351572090737,951,4,0.0011917268011031135,0.0014896585013788918,0.5
2023-01-24,0.0012471358772679416,904,4,0.0012017427123422295,0.0015021783904277867,0.5
2023-01-25,0.001209997439668985,896,4,0.001212917049767272,0.00151614631220909,0.0
2023-01-26,0.001251442000584931,923,4,0.0012137330328325928,0.001517166291040741,0.5
2023-01-27,0.0012732511661475003,936,4,0.0012176436639271425,0.001522054579908928,0.5
2023-01-30,0.0012341669175213637,932,4,0.0012193268868298398,0.0015241586085372998,0.5
2023-01-31,0.0011577002768864279,867,4,0.001220122641213205,0.0015251533015165062,0.0
2023-02-01,0.0012007464704653897,863,4,0.001220122641213205,0.0015251533015165062,0.0
2023-02-02,0.0013007196323413651,884,4,0.001220122641213205,0.0015251533015165062,0.5
2023-02-03,0.0012145579852434751,908,4,0.0012229714365779166,0.0015287142957223958,0.0
2023-02-06,0.0011272369541696164,896,4,0.0012229714365779166,0.0015287142957223958,0.0
2023-02-07,0.0011454441132447628,846,4,0.0012229714365779166,0.0015287142957223958,0.0
2023-02-08,0.0012537654389311857,859,4,0.0012229714365779166,0.0015287142957223958,0.5
2023-02-09,0.0011991171876791623,907,4,0.0012250835114302183,0.001531354389287773,0.0
2023-02-10,0.0011012500732800238,936,4,0.0012250835114302183,0.001531354389287773,0.0
2023-02-13,0.0011652040448254094,940,4,0.0012250835114302183,0.001531354389287773,0.0
2023-02-14,0.0012661356453762514,887,4,0.0012250835114302183,0.001531354389287773,0.5
2023-02-15,0.0012098680663091264,898,4,0.0012269142995535104,0.001533642874441888,0.0
2023-02-16,0.0011338504746416112,909,4,0.0012269142995535104,0.001533642874441888,0.0
2023-02-17,0.0010571281285244797,965,4,0.0012269142995535104,0.001533642874441888,0.0
2023-02-21,0.001108822894930532,907,4,0.0012269142995535104,0.001533642874441888,0.0
2023-02-22,0.0011895938739551618,872,4,0.0012269142995535104,0.001533642874441888,0.0
2023-02-23,0.0012415706597249353,901,4,0.0012269142995535104,0.001533642874441888,0.5
2023-02-24,0.001389866630065868,927,4,0.001228102876652332,0.001535128595815415,0.5
2023-02-27,0.0004821781729165694,936,4,0.001228646639969687,0.0015358082999621086,0.0
2023-02-28,0.00043936745306872693,925,4,0.001228646639969687,0.0015358082999621086,0.0
2023-03-01,0.00044707415331174004,948,4,0.001228646639969687,0.0015358082999621086,0.0
2023-03-02,0.0004030698157293332,972,4,0.001228646639969687,0.0015358082999621086,0.0
2023-03-03,0.0004367282061080082,985,4,0.001228646639969687,0.0015358082999621086,0.0
2023-03-06,0.00039712519292822734,987,4,0.001228646639969687,0.0015358082999621086,0.0
2023-03-07,0.0003843363456435571,985,4,0.001228646639969687,0.0015358082999621086,0.0
2023-03-08,0.00038267383649016873,983,4,0.001228646639969687,0.0015358082999621086,0.0
2023-03-09,0.0004014581552684288,988,4,0.001228646639969687,0.0015358082999621086,0.0
2023-03-10,0.0004707483838863067,991,4,0.001228646639969687,0.0015358082999621086,0.0
2023-03-13,0.0004121446090173061,996,4,0.001228646639969687,0.0015358082999621086,0.0
2023-03-14,0.0005098999377655304,989,4,0.001228646639969687,0.0015358082999621086,0.0
2023-03-15,0.0005351368104997512,988,4,0.001228646639969687,0.0015358082999621086,0.0
2023-03-16,0.00045371253896078485,988,4,0.001228646639969687,0.0015358082999621086,0.0
2023-03-17,0.0004472140875097407,993,4,0.001228646639969687,0.0015358082999621086,0.0
2023-03-20,0.0005011710066427787,991,4,0.001228646639969687,0.0015358082999621086,0.0
2023-03-21,0.000489341839037145,986,4,0.001228646639969687,0.0015358082999621086,0.0
2023-03-22,0.00042818817906919624,987,4,0.001228646639969687,0.0015358082999621086,0.0
2023-03-23,0.00047900542980972894,989,4,0.001228646639969687,0.0015358082999621086,0.0
2023-03-24,0.0005439248952307987,990,4,0.001228646639969687,0.0015358082999621086,0.0
2023-03-27,0.00038231055328755153,984,4,0.001228646639969687,0.0015358082999621086,0.0
2023-03-28,0.000577795401570544,982,4,0.001228646639969687,0.0015358082999621086,0.0
2023-03-29,0.0005050608312774273,987,4,0.001228102876652332,0.001535128595815415,0.0
2023-03-30,0.0005331558119329037,992,4,0.0012269142995535104,0.001533642874441888,0.0
2023-03-31,0.00053064559882493,993,4,0.0012250835114302183,0.001531354389287773,0.0
2023-04-03,0.000524708262558447,991,4,0.0012229714365779166,0.0015287142957223958,0.0
2023-04-04,0.0005403730829987522,989,4,0.0012229714365779166,0.0015287142957223958,0.0
2023-04-05,0.0005204324680446516,991,4,0.001220122641213205,0.0015251533015165062,0.0
2023-04-06,0.0005263088072254322,979,4,0.001220122641213205,0.0015251533015165062,0.0
2023-04-10,0.0005018604496071166,994,4,0.0012193268868298398,0.0015241586085372998,0.0
2023-04-11,0.0004959762702476183,992,4,0.0012176436639271425,0.001522054579908928,0.0
2023-04-12,0.00047894501700482977,990,4,0.001215557251062389,0.001519446563827986,0.0
2023-04-13,0.0005770389758141671,987,4,0.001212733767013679,0.0015159172087670987,0.0
2023-04-14,0.0005120019606995263,978,4,0.0012099456903250415,0.001512432112906302,0.0
2023-04-17,0.0004276164171449687,962,4,0.0012091038325877492,0.0015113797907346865,0.0
2023-04-18,0.000442340435649698,922,4,0.0012050730773895658,0.0015063413467369573,0.0
2023-04-19,0.0004571257134094566,916,4,0.0012000947573508986,0.0015001184466886233,0.0
2023-04-20,0.0004857233204276037,936,4,0.0012000947573508986,0.0015001184466886233,0.0
2023-04-21,0.00044844499496802647,931,4,0.0012000947573508986,0.0015001184466886233,0.0
2023-04-24,0.00045661616082739396,887,4,0.0012000947573508986,0.0015001184466886233,0.0
2023-04-25,0.00046056516229645765,768,3,0.0012000947573508986,0.0015001184466886233,0.0
2023-04-26,0.0004088280264651115,754,3,0.0012000947573508986,0.0015001184466886233,0.0
2023-04-27,0.0004277321089266391,807,4,0.0012000947573508986,0.0015001184466886233,0.0
2023-04-28,0.00038628985059363107,862,4,0.0011964385357463169,0.001495548169682896,0.0
2023-05-01,0.0004049437872120855,855,4,0.0011917268011031135,0.0014896585013788918,0.0
2023-05-02,0.0004373565641140195,754,3,0.0011917268011031135,0.0014896585013788918,0.0
2023-05-03,0.0005046312796253312,752,3,0.0011917268011031135,0.0014896585013788918,0.0
2023-05-04,0.00045358025610778356,816,4,0.0011917268011031135,0.0014896585013788918,0.0
2023-05-05,0.0004198340152987338,879,4,0.0011917268011031135,0.0014896585013788918,0.0
2023-05-08,0.0004183967544523817,911,4,0.0011917268011031135,0.0014896585013788918,0.0
2023-05-09,0.0005039259446499543,898,4,0.0011917268011031135,0.0014896585013788918,0.0
2023-05-10,0.0004161949937918648,939,4,0.0011917268011031135,0.0014896585013788918,0.0
2023-05-11,0.0004526760406935608,974,4,0.0011917268011031135,0.0014896585013788918,0.0
2023-05-12,0.0004246889846324063,990,4,0.0011917268011031135,0.0014896585013788918,0.0
2023-05-15,0.0004893492678913669,990,4,0.0011917268011031135,0.0014896585013788918,0.0
2023-05-16,0.0004482338667588122,982,4,0.0011906671014820576,0.001488333876852572,0.0
2023-05-17,0.0004953640377553716,976,4,0.001190220652416662,0.0014877758155208275,0.0
2023-05-18,0.000468814012433335,981,4,0.001190220652416662,0.0014877758155208275,0.0
2023-05-19,0.00051082975761973,984,4,0.001187804081006674,0.0014847551012583426,0.0
2023-05-22,0.00043662963701032265,985,4,0.001187804081006674,0.0014847551012583426,0.0
2023-05-23,0.000483181433107398,976,4,0.001187804081006674,0.0014847551012583426,0.0
2023-05-24,0.0004947877642405495,972,4,0.001187804081006674,0.0014847551012583426,0.0
2023-05-25,0.0004887276323003471,978,4,0.001187804081006674,0.0014847551012583426,0.0
2023-05-26,0.00044221792466896733,987,4,0.001187804081006674,0.0014847551012583426,0.0
2023-05-30,0.0004637918453196091,980,4,0.001187804081006674,0.0014847551012583426,0.0
2023-05-31,0.0004352731754095116,973,4,0.001187804081006674,0.0014847551012583426,0.0
2023-06-01,0.00044958503043383624,978,4,0.001187804081006674,0.0014847551012583426,0.0
2023-06-02,0.0004221409683545587,982,4,0.001187804081006674,0.0014847551012583426,0.0
2023-06-05,0.000488361914532251,985,4,0.001187804081006674,0.0014847551012583426,0.0
2023-06-06,0.0004419972739255907,985,4,0.001187804081006674,0.0014847551012583426,0.0
2023-06-07,0.00044713497311782424,989,4,0.001187804081006674,0.0014847551012583426,0.0
2023-06-08,0.00050288633093844,993,4,0.001187804081006674,0.0014847551012583426,0.0
2023-06-09,0.0004780852888406671,994,4,0.001187804081006674,0.0014847551012583426,0.0
2023-06-12,0.0004850201899672436,996,4,0.001187804081006674,0.0014847551012583426,0.0
2023-06-13,0.0004954028127926561,993,4,0.001187804081006674,0.0014847551012583426,0.0
2023-06-14,0.0004787359729990004,993,4,0.001187804081006674,0.0014847551012583426,0.0
2023-06-15,0.00047975060743426855,993,4,0.001187804081006674,0.0014847551012583426,0.0
2023-06-16,0.00045994004871355347,996,4,0.0011841265839940681,0.0014801582299925852,0.0
2023-06-20,0.0004883561968996863,992,4,0.0011818212610847892,0.0014772765763559864,0.0
2023-06-21,0.0004527760647474544,991,4,0.0011757874121211447,0.0014697342651514309,0.0
2023-06-22,0.0005267153918750867,991,4,0.0011717204258773267,0.0014646505323466584,0.0
2023-06-23,0.00043097157918309194,993,4,0.0011671479650362552,0.001458934956295319,0.0
2023-06-26,0.0004321269231151108,989,4,0.0011655451408639046,0.0014569314260798806,0.0
2023-06-27,0.000529820469273141,982,4,0.0011622025376498168,0.0014527531720622709,0.0
2023-06-28,0.00048650152393540176,982,4,0.0011527978114297618,0.0014409972642872022,0.0
2023-06-29,0.0005329681376021249,986,4,0.0011431859940742102,0.0014289824925927627,0.0
2023-06-30,0.000511018233338926,995,4,0.0011374194790476732,0.0014217743488095917,0.0
2023-07-03,0.0004625997669537949,997,4,0.0011312050664528132,0.0014140063330660166,0.0
2023-07-05,0.0005550757920525628,997,4,0.0011266400445291498,0.0014083000556614372,0.0
2023-07-06,0.0004933791890550237,997,4,0.0011206708987506846,0.0014008386234383558,0.0
2023-07-07,0.0004864591862038434,997,4,0.001111365294036635,0.0013892066175457936,0.0
2023-07-10,0.0005269002629795422,997,4,0.0011086055168913276,0.0013857568961141596,0.0
2023-07-11,0.0005500788174971048,992,4,0.0011060542692748689,0.001382567836593586,0.0
2023-07-12,0.0005612304193058894,987,4,0.001102129928375044,0.001377662410468805,0.0
2023-07-13,0.0005448162025426049,987,4,0.0011008997422008635,0.0013761246777510795,0.0
2023-07-14,0.0005691957876532225,983,4,0.0010978098258956788,0.0013722622823695986,0.0
2023-07-17,0.00048754618211515325,968,4,0.0010907567716109863,0.0013634459645137328,0.0
2023-07-18,0.00046896862558591136,931,4,0.001084649120317507,0.0013558114003968838,0.0
2023-07-19,0.0005098232816487465,918,4,0.0010819656223107568,0.001352457027888446,0.0
2023-07-20,0.0004972340518658955,937,4,0.0010806159868259157,0.0013507699835323948,0.0
2023-07-21,0.0005359877625083848,921,4,0.0010793714420628138,0.0013492143025785174,0.0
2023-07-24,0.0004989614833569051,889,4,0.0010769284163910005,0.0013461605204887505,0.0
2023-07-25,0.0004442356685000827,774,3,0.0010735768946336943,0.0013419711182921178,0.0
2023-07-26,0.00047254241793609193,756,3,0.0010699624967401096,0.001337453120925137,0.0
2023-07-27,0.00038869376425957193,807,4,0.0010699624967401096,0.001337453120925137,0.0
2023-07-28,0.0004539915471406133,854,4,0.0010699624967401096,0.001337453120925137,0.0
2023-07-31,0.0004052590701852585,847,4,0.001065615757582756,0.001332019696978445,0.0
2023-08-01,0.0004439151381831754,730,3,0.001065615757582756,0.001332019696978445,0.0
2023-08-02,0.0004501515984607895,733,3,0.001065615757582756,0.001332019696978445,0.0
2023-08-03,0.0004706856896783526,805,4,0.001065615757582756,0.001332019696978445,0.0
2023-08-04,0.0004629231809496346,871,4,0.001065615757582756,0.001332019696978445,0.0
2023-08-07,0.00045650761038388323,904,4,0.001065615757582756,0.001332019696978445,0.0
2023-08-08,0.00045429266780801,896,4,0.001065615757582756,0.001332019696978445,0.0
2023-08-09,0.00046079519206160464,944,4,0.001065615757582756,0.001332019696978445,0.0
2023-08-10,0.0005096943228537151,975,4,0.001065615757582756,0.001332019696978445,0.0
2023-08-11,0.0005266199412748236,986,4,0.001065615757582756,0.001332019696978445,0.0
2023-08-14,0.000572747493099616,983,4,0.001065615757582756,0.001332019696978445,0.0
2023-08-15,0.0005482272801414922,975,4,0.001065615757582756,0.001332019696978445,0.0
2023-08-16,0.0005232388709494214,972,4,0.001065615757582756,0.001332019696978445,0.0
2023-08-17,0.00047717895474723063,978,4,0.001065615757582756,0.001332019696978445,0.0
2023-08-18,0.0004741566925470213,979,4,0.001065615757582756,0.001332019696978445,0.0
2023-08-21,0.0004640217674825928,978,4,0.001065615757582756,0.001332019696978445,0.0
2023-08-22,0.000487772319033574,973,4,0.001065615757582756,0.001332019696978445,0.0
2023-08-23,0.0004899567157652271,977,4,0.001065615757582756,0.001332019696978445,0.0
2023-08-24,0.0004839656415951705,982,4,0.001065615757582756,0.001332019696978445,0.0
2023-08-25,0.0005375509051807773,984,4,0.001065615757582756,0.001332019696978445,0.0
2023-08-28,0.00047059267514011773,983,4,0.001065615757582756,0.001332019696978445,0.0
2023-08-29,0.00047628947595798984,972,4,0.001065615757582756,0.001332019696978445,0.0
2023-08-30,0.00045730307262331984,971,4,0.001065615757582756,0.001332019696978445,0.0
2023-08-31,0.0005017306112165335,977,4,0.001065615757582756,0.001332019696978445,0.0
2023-09-01,0.0004639911618503902,989,4,0.001065615757582756,0.001332019696978445,0.0
2023-09-05,0.0005130468659578046,987,4,0.001065615757582756,0.001332019696978445,0.0
2023-09-06,0.000521422233563818,982,4,0.001061554608372846,0.0013269432604660575,0.0
2023-09-07,0.0005093902400907303,985,4,0.0010597220053678983,0.0013246525067098728,0.0
2023-09-08,0.00047820511818214787,987,4,0.0010561614337783933,0.0013202017922229916,0.0
2023-09-11,0.0004479725322923144,993,4,0.0010561614337783933,0.0013202017922229916,0.0
2023-09-12,0.0005036810260504361,993,4,0.0010561614337783933,0.0013202017922229916,0.0
2023-09-13,0.00042892762531433325,992,4,0.0010561614337783933,0.0013202017922229916,0.0
2023-09-14,0.0005676556159451117,992,4,0.0010561614337783933,0.0013202017922229916,0.0
2023-09-15,0.0004814754306237067,991,4,0.0010561614337783933,0.0013202017922229916,0.0
2023-09-18,0.0005040991247963356,993,4,0.0010561614337783933,0.0013202017922229916,0.0
2023-09-19,0.00042638572852987655,990,4,0.0010561614337783933,0.0013202017922229916,0.0
2023-09-20,0.00039657629970465773,991,4,0.0010536912124670653,0.0013171140155838316,0.0
2023-09-21,0.00045603087911988795,992,4,0.0010439601751559425,0.0013049502189449282,0.0
2023-09-22,0.00048145067425375414,992,4,0.0010439601751559425,0.0013049502189449282,0.0
2023-09-25,0.00047173240165813957,990,4,0.0010439601751559425,0.0013049502189449282,0.0
2023-09-26,0.00040201388997309343,983,4,0.0010358514381074572,0.0012948142976343215,0.0
2023-09-27,0.0004782438333378135,984,4,0.0010246033944196085,0.0012807542430245107,0.0
2023-09-28,0.00044840401145457265,986,4,0.00102371466652827,0.0012796433331603377,0.0
2023-09-29,0.0004954580122302063,992,4,0.0010056089564494423,0.0012570111955618028,0.0
2023-10-02,0.00044421614261370897,993,4,0.0010018430637658434,0.0012523038297073043,0.0
2023-10-03,0.0004476783046470056,990,4,0.000826402582556198,0.0010330032281952474,0.0
2023-10-04,0.0004322478435718675,989,4,0.0005774928312679932,0.0007218660390849916,0.0
2023-10-05,0.00047910710905013117,993,4,0.0005753223827283466,0.0007191529784104332,0.0
2023-10-06,0.0004993725098072738,994,4,0.0005713268109210585,0.0007141585136513232,0.0
2023-10-09,0.0004531176554228556,994,4,0.0005685797189699781,0.0007107246487124727,0.0
2023-10-10,0.0004668452378116595,989,4,0.0005650855372894227,0.0007063569216117784,0.0
2023-10-11,0.00043133415796587737,986,4,0.0005587685684045587,0.0006984607105056985,0.0
2023-10-12,0.0004477836573162174,985,4,0.0005530770022303795,0.0006913462527879744,0.0
2023-10-13,0.0005768654125014497,981,4,0.0005493382025548597,0.0006866727531935747,0.5
2023-10-16,0.0004956483501840144,960,4,0.0005493382025548597,0.0006866727531935747,0.0
2023-10-17,0.00044610221880691506,926,4,0.0005468628491019373,0.0006835785613774216,0.0
2023-10-18,0.00045327028915512614,920,4,0.0005444596796178824,0.0006805745995223531,0.0
2023-10-19,0.0005433117909231188,942,4,0.00054250417033798,0.000678130212922475,0.5
2023-10-20,0.0005437517676045773,930,4,0.0005421363077533721,0.0006776703846917151,0.5
2023-10-23,0.0004897115582940008,893,4,0.0005421363077533721,0.0006776703846917151,0.0
2023-10-24,0.0004703808750032392,788,3,0.0005392442118715622,0.0006740552648394528,0.0
2023-10-25,0.00045878890567897367,763,3,0.0005369256481118202,0.0006711570601397752,0.0
2023-10-26,0.0004918640412388135,812,4,0.0005356473817049313,0.0006695592271311642,0.0
2023-10-27,0.00048202636595144914,865,4,0.0005343444110730122,0.0006679305138412653,0.0
2023-10-30,0.00043406358523980095,879,4,0.0005330807422005922,0.0006663509277507403,0.0
2023-10-31,0.00047852390844154097,746,3,0.0005320391220912469,0.0006650489026140587,0.0
2023-11-01,0.00041664362971205525,745,3,0.0005303155470042144,0.0006628944337552681,0.0
2023-11-02,0.000346092714407328,797,3,0.0005286523867557015,0.0006608154834446268,0.0
2023-11-03,0.000500908882105728,890,4,0.00052682631453776,0.0006585328931721999,0.0
2023-11-06,0.0005022676693747206,895,4,0.0005266772116349815,0.0006583465145437268,0.0
2023-11-07,0.0005187576653543391,869,4,0.000526495487655067,0.0006581193595688338,0.0
2023-11-08,0.0005401628200356475,897,4,0.0005256685893586381,0.0006570857366982977,0.5
2023-11-09,0.0005020618589550261,945,4,0.0005256685893586381,0.0006570857366982977,0.0
2023-11-10,0.00041462591393482307,971,4,0.0005241205059148368,0.000655150632393546,0.0
2023-11-13,0.0004004507681864,984,4,0.00052251221599518,0.0006531402699939751,0.0
2023-11-14,0.0005244568432079406,977,4,0.0005210263273561515,0.0006512829091951894,0.5
2023-11-15,0.0005051571513805252,972,4,0.0005210263273561515,0.0006512829091951894,0.0
2023-11-16,0.0005398099007118917,975,4,0.0005197625469685266,0.0006497031837106582,0.5
2023-11-17,0.000495546825255012,974,4,0.0005197625469685266,0.0006497031837106582,0.0
2023-11-20,0.0004799189955048775,979,4,0.0005164733455957253,0.0006455916819946565,0.0
2023-11-21,0.0004484020017991664,979,4,0.0005126289038544933,0.0006407861298181166,0.0
2023-11-22,0.0004037938955263389,990,4,0.0005116084697552862,0.0006395105871941077,0.0
2023-11-24,0.0004298806804600078,993,4,0.0005109428430512476,0.0006386785538140596,0.0
2023-11-27,0.0004271474893862824,983,4,0.0005104578296780502,0.0006380722870975627,0.0
2023-11-28,0.00044686150644623527,974,4,0.0005098692753188168,0.000637336594148521,0.0
2023-11-29,0.00044307123849953855,971,4,0.0005097716981307339,0.0006372146226634173,0.0
2023-11-30,0.00041683720306399344,980,4,0.0005095726897485211,0.0006369658621856514,0.0
2023-12-01,0.00046328437629173855,986,4,0.0005076970046066482,0.0006346212557583102,0.0
2023-12-04,0.0004533640764930415,985,4,0.000505118623339286,0.0006313982791741076,0.0
2023-12-05,0.0004807591813542542,981,4,0.0005048890106165889,0.0006311112632707361,0.0
2023-12-06,0.00047714996786650467,976,4,0.000504418417693733,0.0006305230221171662,0.0
2023-12-07,0.0004957956146007935,982,4,0.0005040298527377831,0.0006300373159222289,0.0
2023-12-08,0.0005001429313233683,983,4,0.000503827977210147,0.0006297849715126838,0.0
2023-12-11,0.0004868651377606786,991,4,0.0005033631480056376,0.0006292039350070471,0.0
2023-12-12,0.000448495668089918,988,4,0.0005026388663129523,0.0006282985828911904,0.0
2023-12-13,0.0005005650867148891,988,4,0.0005021853452068428,0.0006277316815085534,0.0
2023-12-14,0.0005164682448171802,988,4,0.0005019812952158623,0.0006274766190198279,0.5
2023-12-15,0.0005744103719672802,992,4,0.0005019812952158623,0.0006274766190198279,0.5
2023-12-18,0.0005366167688382235,991,4,0.0005019812952158623,0.0006274766190198279,0.5
2023-12-19,0.0005685885427702789,985,4,0.0005019812952158623,0.0006274766190198279,0.5
2023-12-20,0.0005581560003325538,989,4,0.0005019812952158623,0.0006274766190198279,0.5
2023-12-21,0.0005386091210766769,989,4,0.0005019812952158623,0.0006274766190198279,0.5
2023-12-22,0.0005625311242211293,993,4,0.0005019812952158623,0.0006274766190198279,0.5
2023-12-26,0.0005523146576276334,994,4,0.0005019812952158623,0.0006274766190198279,0.5
2023-12-27,0.0005458292993641608,995,4,0.0005019812952158623,0.0006274766190198279,0.5
2023-12-28,0.0005157805223798921,994,4,0.0005019812952158623,0.0006274766190198279,0.5
2023-12-29,0.0005303268684312746,995,4,0.0005019812952158623,0.0006274766190198279,0.5
2024-01-02,0.0004472855240359391,992,4,0.0005019812952158623,0.0006274766190198279,0.0
2024-01-03,0.000525931411292391,991,4,0.0005018085142508834,0.0006272606428136042,0.5
2024-01-04,0.00044145888476475185,989,4,0.0005018085142508834,0.0006272606428136042,0.0
2024-01-05,0.00044991692453856633,988,4,0.0005015067693870316,0.0006268834617337895,0.0
2024-01-08,0.0004262826082999534,989,4,0.0005010661568279584,0.000626332696034948,0.0
2024-01-09,0.0004533279134326431,989,4,0.0005007713639493924,0.0006259642049367406,0.0
2024-01-10,0.0004499713933221488,988,4,0.0005003962245582808,0.000625495280697851,0.0
2024-01-11,0.00038629888142200383,985,4,0.0004998347627169305,0.0006247934533961632,0.0
2024-01-12,0.00038734369082012984,986,4,0.0004992080992271263,0.0006240101240339079,0.0
2024-01-16,0.00037134789271342907,975,4,0.0004982705107605013,0.0006228381384506265,0.0
2024-01-17,0.0004290335889449267,962,4,0.0004967309392185847,0.0006209136740232308,0.0
2024-01-18,0.00046965295977651584,969,4,0.0004959040079888883,0.0006198800099861104,0.0
2024-01-19,0.00040319846565568655,967,4,0.0004957367088340818,0.0006196708860426023,0.0
2024-01-22,0.00043524010516456134,962,4,0.0004956077402124134,0.0006195096752655168,0.0
2024-01-23,0.00040628987511298604,919,4,0.0004955113000450897,0.0006193891250563621,0.0
2024-01-24,0.0004378804029806089,910,4,0.0004954359324551862,0.0006192949155689828,0.0
2024-01-25,0.0004685882902026598,926,4,0.0004953873027777424,0.000619234128472178,0.0
2024-01-26,0.000461615508184005,941,4,0.0004951335283494428,0.0006189169104368035,0.0
2024-01-29,0.0005584006369028492,924,4,0.0004942243341663392,0.000617780417707924,0.5
2024-01-30,0.0008157641547034435,876,4,0.0004942243341663392,0.000617780417707924,1.0
2024-01-31,0.00041579686761557895,868,4,0.0004942243341663392,0.000617780417707924,0.0
2024-02-01,0.0004399467822938674,902,4,0.0004927731299285396,0.0006159664124106744,0.0
2024-02-02,0.0004712843603558327,910,4,0.000491101111049379,0.0006138763888117237,0.0
2024-02-05,0.000691180612458645,888,4,0.0004898586527767366,0.0006123233159709207,1.0
2024-02-06,0.0006209109031309321,819,4,0.0004898586527767366,0.0006123233159709207,1.0
2024-02-07,0.0007082281801346019,832,4,0.0004898586527767366,0.0006123233159709207,1.0
2024-02-08,0.0007769253786134162,889,4,0.0004898586527767366,0.0006123233159709207,1.0
2024-02-09,0.000720334003309024,930,4,0.0004898586527767366,0.0006123233159709207,1.0
2024-02-12,0.0004440519371023624,919,4,0.0004898586527767366,0.0006123233159709207,0.0
2024-02-13,0.0005043718844806378,872,4,0.0004895666421329472,0.0006119583026661839,0.5
2024-02-14,0.00066590579933063,890,4,0.0004895666421329472,0.0006119583026661839,1.0
2024-02-15,0.0006900453016015624,916,4,0.0004895666421329472,0.0006119583026661839,1.0
2024-02-16,0.0006600027662603178,964,4,0.0004895666421329472,0.0006119583026661839,1.0
2024-02-20,0.0006027408798399039,923,4,0.0004895666421329472,0.0006119583026661839,0.5
2024-02-21,0.000657189495215054,891,4,0.0004895666421329472,0.0006119583026661839,1.0
2024-02-22,0.0006273400001252451,914,4,0.0004895666421329472,0.0006119583026661839,1.0
2024-02-23,0.0006785111858135153,930,4,0.0004895666421329472,0.0006119583026661839,1.0
2024-02-26,0.0006048884662907578,923,4,0.0004895666421329472,0.0006119583026661839,0.5
2024-02-27,0.000645046611818168,904,4,0.0004895666421329472,0.0006119583026661839,1.0
2024-02-28,0.0007292417540355743,917,4,0.0004895666421329472,0.0006119583026661839,1.0
2024-02-29,0.0005509866628355179,955,4,0.0004898586527767366,0.0006123233159709207,0.5
2024-03-01,0.0007314728144011569,981,4,0.000491101111049379,0.0006138763888117237,1.0
2024-03-04,0.0007664041447480376,985,4,0.0004927731299285396,0.0006159664124106744,1.0
2024-03-05,0.0006989446105028609,979,4,0.0004942243341663392,0.000617780417707924,1.0
2024-03-06,0.0006868014369367796,971,4,0.0004951335283494428,0.0006189169104368035,1.0
2024-03-07,0.0006276381431621385,979,4,0.0004953873027777424,0.000619234128472178,1.0
2024-03-08,0.0007368720009531837,982,4,0.0004954359324551862,0.0006192949155689828,1.0
2024-03-11,0.0007439019942307037,989,4,0.0004955113000450897,0.0006193891250563621,1.0
2024-03-12,0.0007572978437250747,984,4,0.0004956077402124134,0.0006195096752655168,1.0
2024-03-13,0.0008220896339254918,986,4,0.0004957367088340818,0.0006196708860426023,1.0
2024-03-14,0.0007152742614293041,987,4,0.0004959040079888883,0.0006198800099861104,1.0
2024-03-15,0.0006630433426201494,990,4,0.0004959040079888883,0.0006198800099861104,1.0
2024-03-18,0.000723825113178232,988,4,0.0004959040079888883,0.0006198800099861104,1.0
2024-03-19,0.0005888717759932206,980,4,0.0004967309392185847,0.0006209136740232308,0.5
2024-03-20,0.0006728570125986819,978,4,0.0004982705107605013,0.0006228381384506265,1.0
2024-03-21,0.0006595215287444284,983,4,0.0004982705107605013,0.0006228381384506265,1.0
2024-03-22,0.0006194812759973864,991,4,0.0004992080992271263,0.0006240101240339079,0.5
2024-03-25,0.0006401668444892815,990,4,0.0004998347627169305,0.0006247934533961632,1.0
2024-03-26,0.0006533222258870982,984,4,0.0005003962245582808,0.000625495280697851,1.0
2024-03-27,0.0006930691012639041,986,4,0.0005003962245582808,0.000625495280697851,1.0
2024-03-28,0.0006938132934273639,990,4,0.0005007713639493924,0.0006259642049367406,1.0
2024-04-01,0.0007294693295634156,993,4,0.0005007713639493924,0.0006259642049367406,1.0
2024-04-02,0.0006176589962185861,989,4,0.0005007713639493924,0.0006259642049367406,0.5
2024-04-03,0.0006115938531750944,991,4,0.0005007713639493924,0.0006259642049367406,0.5
2024-04-04,0.0006687405592560663,993,4,0.0005007713639493924,0.0006259642049367406,1.0
2024-04-05,0.0006960688267577074,996,4,0.0005007713639493924,0.0006259642049367406,1.0
2024-04-08,0.0006569056658230429,995,4,0.0005007713639493924,0.0006259642049367406,1.0
2024-04-09,0.0007058142842732831,992,4,0.0005007713639493924,0.0006259642049367406,1.0
2024-04-10,0.000743102116515401,989,4,0.0005007713639493924,0.0006259642049367406,1.0
2024-04-11,0.0007104522335018812,987,4,0.0005007713639493924,0.0006259642049367406,1.0
2024-04-12,0.0006233496439443165,982,4,0.0005014019195722113,0.0006267523994652641,0.5
2024-04-15,0.0006953783024972507,974,4,0.000501929359859629,0.0006274116998245362,1.0
2024-04-16,0.0007369446165752917,949,4,0.000501929359859629,0.0006274116998245362,1.0
2024-04-17,0.0007153183486886966,944,4,0.000501929359859629,0.0006274116998245362,1.0
2024-04-18,0.0007257419724298303,952,4,0.0005021853452068428,0.0006277316815085534,1.0
2024-04-19,0.0007418026004786947,939,4,0.0005026388663129523,0.0006282985828911904,1.0
2024-04-22,0.0007509810792046003,894,4,0.0005033631480056376,0.0006292039350070471,1.0
2024-04-23,0.0007254451998339715,805,4,0.000503827977210147,0.0006297849715126838,1.0
2024-04-24,0.0006972725103012949,777,3,0.0005040298527377831,0.0006300373159222289,1.0
2024-04-25,0.0005513597672179927,829,4,0.0005042627806069169,0.0006303284757586461,0.5
2024-04-26,0.0005657393899510147,860,4,0.0005045275215674539,0.0006306594019593174,0.5
2024-04-29,0.0004915943081736904,850,4,0.0005049468026784476,0.0006311835033480595,0.0
2024-04-30,0.0005267119992179095,731,3,0.0005049468026784476,0.0006311835033480595,0.5
2024-05-01,0.0005385367222878578,731,3,0.0005076970046066482,0.0006346212557583102,0.5
2024-05-02,0.0005166985335798133,805,4,0.0005095726897485211,0.0006369658621856514,0.5
2024-05-03,0.0004835749351648348,876,4,0.0005097716981307339,0.0006372146226634173,0.0
2024-05-06,0.000484958715839005,881,4,0.0005097716981307339,0.0006372146226634173,0.0
2024-05-07,0.000463011715885801,834,4,0.0005097716981307339,0.0006372146226634173,0.0
2024-05-08,0.000506121524346803,874,4,0.0005097716981307339,0.0006372146226634173,0.0
2024-05-09,0.00048041279652550435,931,4,0.0005097716981307339,0.0006372146226634173,0.0
2024-05-10,0.0004649357682591696,983,4,0.0005097716981307339,0.0006372146226634173,0.0
2024-05-13,0.0005391830451872197,995,4,0.0005097716981307339,0.0006372146226634173,0.5
2024-05-14,0.0005247613406313171,990,4,0.0005104271672313367,0.0006380339590391709,0.5
2024-05-15,0.00046181713152505604,984,4,0.0005109428430512476,0.0006386785538140596,0.0
2024-05-16,0.0005458416568549249,985,4,0.0005109428430512476,0.0006386785538140596,0.5
2024-05-17,0.0004641900358253358,982,4,0.0005122354129102531,0.0006402942661378163,0.0
2024-05-20,0.0005058303601676087,982,4,0.0005122354129102531,0.0006402942661378163,0.0
2024-05-21,0.00043421796790203503,973,4,0.0005122354129102531,0.0006402942661378163,0.0
2024-05-22,0.00036142062067609255,975,4,0.0005122354129102531,0.0006402942661378163,0.0
2024-05-23,0.00042852206657175134,982,4,0.0005122354129102531,0.0006402942661378163,0.0
2024-05-24,0.0005158709685000428,992,4,0.0005122354129102531,0.0006402942661378163,0.5
2024-05-28,0.00048094599706232743,979,4,0.000514687059811057,0.0006433588247638213,0.0
2024-05-29,0.00042016099975504187,969,4,0.000514687059811057,0.0006433588247638213,0.0
2024-05-30,0.0004734891511415568,972,4,0.000514687059811057,0.0006433588247638213,0.0
2024-05-31,0.0005007936989489645,982,4,0.000514687059811057,0.0006433588247638213,0.0
2024-06-03,0.0005060056520306755,981,4,0.000514687059811057,0.0006433588247638213,0.0
2024-06-04,0.0005076333533565694,977,4,0.000514687059811057,0.0006433588247638213,0.0
2024-06-05,0.0005460845673228594,979,4,0.000514687059811057,0.0006433588247638213,0.5
2024-06-06,0.0004950651226420633,989,4,0.0005158347900519826,0.0006447934875649783,0.0
2024-06-07,0.0005180175866474218,992,4,0.0005158347900519826,0.0006447934875649783,0.5
2024-06-10,0.00043017495309476074,992,4,0.0005162293342903252,0.0006452866678629066,0.0
2024-06-11,0.0005043942264483036,990,4,0.0005162293342903252,0.0006452866678629066,0.0
2024-06-12,0.0004494021795845151,990,4,0.0005162293342903252,0.0006452866678629066,0.0
2024-06-13,0.0004501968039109049,992,4,0.0005162293342903252,0.0006452866678629066,0.0
2024-06-14,0.00042382757040297864,992,4,0.0005162293342903252,0.0006452866678629066,0.0
2024-06-17,0.0004105266523927175,988,4,0.0005162293342903252,0.0006452866678629066,0.0
2024-06-18,0.00042587124831795927,988,4,0.0005162293342903252,0.0006452866678629066,0.0
2024-06-20,0.0004403393444330588,993,4,0.0005162293342903252,0.0006452866678629066,0.0
2024-06-21,0.0005608697517258434,991,4,0.0005162293342903252,0.0006452866678629066,0.5
2024-06-24,0.0005320405681473667,990,4,0.00051660641807476,0.00064575802259345,0.5
2024-06-25,0.0005322143967167263,981,4,0.00051660641807476,0.00064575802259345,0.5
2024-06-26,0.0004876763567147027,982,4,0.0005174899654203784,0.000646862456775473,0.0
2024-06-27,0.0005165034995744648,986,4,0.0005174899654203784,0.000646862456775473,0.0
2024-06-28,0.00044360149528190323,994,4,0.0005166205199776738,0.0006457756499720923,0.0
2024-07-01,0.0004496360395007988,994,4,0.0005166205199776738,0.0006457756499720923,0.0
2024-07-02,0.0003935532932119008,994,4,0.0005164893976715509,0.0006456117470894386,0.0
2024-07-03,0.0003878171788702394,995,4,0.0005164893976715509,0.0006456117470894386,0.0
2024-07-05,0.00036926429983821774,996,4,0.0005164893976715509,0.0006456117470894386,0.0
2024-07-08,0.0003741709988380182,996,4,0.0005162293342903252,0.0006452866678629066,0.0
2024-07-09,0.0003907448566523393,994,4,0.0005162293342903252,0.0006452866678629066,0.0
2024-07-10,0.0004317403705732943,990,4,0.0005162293342903252,0.0006452866678629066,0.0
2024-07-11,0.0004438830776599292,989,4,0.0005158347900519826,0.0006447934875649783,0.0
2024-07-12,0.0005056180151534362,986,4,0.000514687059811057,0.0006433588247638213,0.0
2024-07-15,0.0004786883222249119,977,4,0.0005117574322341813,0.0006396967902927267,0.0
2024-07-16,0.00046003241235615126,950,4,0.0005097716981307339,0.0006372146226634173,0.0
2024-07-17,0.00043371468962311716,938,4,0.0005095726897485211,0.0006369658621856514,0.0
2024-07-18,0.0005111418902624388,950,4,0.0005095726897485211,0.0006369658621856514,0.5
2024-07-19,0.0004490575167004381,936,4,0.0005097716981307339,0.0006372146226634173,0.0
2024-07-22,0.0004777555171057746,902,4,0.0005095726897485211,0.0006369658621856514,0.0
2024-07-23,0.00046296390876818553,816,4,0.0005095726897485211,0.0006369658621856514,0.0
2024-07-24,0.00037330029489716487,810,4,0.0005086874853970659,0.0006358593567463325,0.0
2024-07-25,0.0003845633259281674,857,4,0.0005086874853970659,0.0006358593567463325,0.0
2024-07-26,0.0004378960176137356,893,4,0.0005086874853970659,0.0006358593567463325,0.0
2024-07-29,0.0005421097477624091,864,4,0.0005086874853970659,0.0006358593567463325,0.5
2024-07-30,0.000775146862815624,752,3,0.0005095726897485211,0.0006369658621856514,1.0
2024-07-31,0.0008046001595296238,730,3,0.0005105628632989492,0.0006382035791236866,1.0
2024-08-01,0.0007595648472375974,804,4,0.0005122848756796582,0.0006403560945995728,1.0
2024-08-02,0.0007578274810844273,849,4,0.000514687059811057,0.0006433588247638213,1.0
2024-08-05,0.0006254914811742688,865,4,0.0005158347900519826,0.0006447934875649783,0.5
2024-08-06,0.0004983728915142495,807,4,0.0005162293342903252,0.0006452866678629066,0.0
2024-08-07,0.0005598454644167516,856,4,0.0005162293342903252,0.0006452866678629066,0.5
2024-08-08,0.0005791595164707523,914,4,0.0005164893976715509,0.0006456117470894386,0.5
2024-08-09,0.0005055141240703048,975,4,0.0005166205199776738,0.0006457756499720923,0.0
2024-08-12,0.00071299041521702,995,4,0.0005166205199776738,0.0006457756499720923,1.0
2024-08-13,0.000805667784420914,990,4,0.0005174899654203784,0.000646862456775473,1.0
2024-08-14,0.0008349389855685349,987,4,0.0005174899654203784,0.000646862456775473,1.0
2024-08-15,0.0008352458967666809,988,4,0.0005174899654203784,0.000646862456775473,1.0
2024-08-16,0.000926637228374634,989,4,0.0005174899654203784,0.000646862456775473,1.0
2024-08-19,0.0008525626875516012,986,4,0.0005174899654203784,0.000646862456775473,1.0
2024-08-20,0.0007951579356610231,980,4,0.0005184616338715722,0.0006480770423394652,1.0
2024-08-21,0.0008225275127728214,980,4,0.0005203564062800265,0.0006504455078500331,1.0
2024-08-22,0.0006884866826659581,987,4,0.0005232429993502916,0.0006540537491878644,1.0
2024-08-23,0.0007352083255687894,994,4,0.0005246395416619665,0.0006557994270774581,1.0
2024-08-26,0.0007886519154517106,993,4,0.0005254633830279614,0.0006568292287849518,1.0
2024-08-27,0.0007186074999596161,976,4,0.000526399764047702,0.0006579997050596276,1.0
2024-08-28,0.0007342953488024684,970,4,0.000526399764047702,0.0006579997050596276,1.0
2024-08-29,0.0008314942023849169,976,4,0.0005288809207459285,0.0006611011509324107,1.0
2024-08-30,0.0008001613668392525,994,4,0.0005313550882609299,0.0006641938603261623,1.0
2024-09-03,0.0008445016358741049,988,4,0.0005321448652889825,0.0006651810816112281,1.0
2024-09-04,0.0004700530800795202,983,4,0.0005348558199896246,0.0006685697749870308,0.0
2024-09-05,0.0005633223841120707,990,4,0.0005348558199896246,0.0006685697749870308,0.5
2024-09-06,0.0005052492145219935,993,4,0.0005377687409080041,0.0006722109261350052,0.0
2024-09-09,0.0005283598554877505,997,4,0.0005377687409080041,0.0006722109261350052,0.0
2024-09-10,0.0004811842920274638,995,4,0.0005377687409080041,0.0006722109261350052,0.0
2024-09-11,0.0004864270576285301,995,4,0.0005377687409080041,0.0006722109261350052,0.0
2024-09-12,0.00047936610742539405,996,4,0.0005377687409080041,0.0006722109261350052,0.0
2024-09-13,0.00044310621654882225,998,4,0.0005377687409080041,0.0006722109261350052,0.0
2024-09-16,0.0006745819734853864,999,4,0.0005377687409080041,0.0006722109261350052,1.0
2024-09-17,0.0006690526067243791,997,4,0.0005377687409080041,0.0006722109261350052,0.5
2024-09-18,0.0006990865342796016,995,4,0.0005385801615611493,0.0006732252019514366,1.0
2024-09-19,0.0007760437516039564,996,4,0.0005389534755430025,0.0006736918444287532,1.0
2024-09-20,0.0007589641495983315,996,4,0.0005395591585020229,0.0006744489481275287,1.0
2024-09-23,0.0007352674051910184,996,4,0.0005400216523061452,0.0006750270653826815,1.0
2024-09-24,0.0007766573132735647,988,4,0.0005413309766717045,0.0006766637208396306,1.0
2024-09-25,0.0007365891218108288,988,4,0.0005428309736588349,0.0006785387170735436,1.0
2024-09-26,0.000678532418868024,989,4,0.0005435757769319939,0.0006794697211649923,0.5
2024-09-27,0.0007526581303342898,994,4,0.0005449982866603274,0.0006812478583254093,1.0
2024-09-30,0.0007351251892422188,992,4,0.0005458367138586192,0.0006822958923232739,1.0
2024-10-01,0.0007314958494829432,992,4,0.0005459874031356856,0.000682484253919607,1.0
2024-10-02,0.0007375797962126816,995,4,0.0005490258246304545,0.0006862822807880681,1.0
2024-10-03,0.0006695338937802268,999,4,0.0005512105254650028,0.0006890131568312535,0.5
2024-10-04,0.0007642537056633096,999,4,0.0005519327014637771,0.0006899158768297214,1.0
2024-10-07,0.0008532704218442646,999,4,0.0005558194632505856,0.000694774329063232,1.0
2024-10-08,0.0007675424558280046,996,4,0.000558302782274731,0.0006978784778434138,1.0
2024-10-09,0.0007240397925620173,992,4,0.0005592675334111907,0.0006990844167639883,1.0
2024-10-10,0.0007792228245141681,992,4,0.0005604600368022067,0.0007005750460027584,1.0
2024-10-11,0.0007237738566988666,985,4,0.0005618665752230149,0.0007023332190287686,1.0
2024-10-14,0.0007429203726260207,977,4,0.0005630058801556941,0.0007037573501946176,1.0
2024-10-15,0.0006992141793946214,950,4,0.0005647725876154371,0.0007059657345192963,0.5
2024-10-16,0.0007456891183174276,945,4,0.0005647725876154371,0.0007059657345192963,1.0
2024-10-17,0.000700688957741442,958,4,0.0005674488816425732,0.0007093111020532165,0.5
2024-10-18,0.0008118331752853208,948,4,0.0005720816402884797,0.0007151020503605996,1.0
2024-10-21,0.0007322328031856033,923,4,0.0005772598586693635,0.0007215748233367044,1.0
2024-10-22,0.0007180787270481162,839,4,0.0005849868721842332,0.0007312335902302915,0.5
2024-10-23,0.0007047506133667327,831,4,0.0005971932383012305,0.0007464915478765381,0.5
2024-10-24,0.0005277785733034314,869,4,0.0006040294317104162,0.0007550367896380203,0.0
2024-10-25,0.0006601091978909124,902,4,0.0006040294317104162,0.0007550367896380203,0.5
2024-10-28,0.0007665078374109914,864,4,0.0006089116984213597,0.0007611396230266995,1.0
2024-10-29,0.0007990817316156347,736,3,0.0006152329390011894,0.0007690411737514868,1.0
2024-10-30,0.0006857028753693021,741,3,0.0006187523640858662,0.0007734404551073328,0.5
2024-10-31,0.0006430401934366169,805,4,0.0006203390522775138,0.0007754238153468923,0.5
2024-11-01,0.000634581354268014,872,4,0.0006223741476189627,0.0007779676845237034,0.5
2024-11-04,0.0006303480045364391,885,4,0.0006246347462822878,0.0007807934328528598,0.5
2024-11-05,0.000674340188178555,807,4,0.0006266005925448546,0.0007832507406810682,0.5
2024-11-06,0.0005931529100780331,827,4,0.0006275188859473812,0.0007843986074342265,0.0
2024-11-07,0.0005080727119960278,859,4,0.0006275188859473812,0.0007843986074342265,0.0
2024-11-08,0.0007823314107935754,940,4,0.0006275188859473812,0.0007843986074342265,0.5
2024-11-11,0.0007348945417108646,979,4,0.0006292640599867189,0.0007865800749833986,0.5
2024-11-12,0.000736158819005411,976,4,0.000632888014375384,0.00079111001796923,0.5
2024-11-13,0.0007275439962681972,986,4,0.0006379326484007745,0.0007974158105009681,0.5
2024-11-14,0.0007990721175877274,989,4,0.0006418908538576827,0.0008023635673221033,0.5
2024-11-15,0.0007931183801179367,983,4,0.0006442440444655475,0.0008053050555819344,0.5
2024-11-18,0.0007493711033206652,980,4,0.000650011980259526,0.0008125149753244076,0.5
2024-11-19,0.0007366075640018124,973,4,0.000655472289848665,0.0008193403623108312,0.5
2024-11-20,0.0007081456858725823,976,4,0.0006570759634582496,0.0008213449543228121,0.5
2024-11-21,0.0006703077312324591,980,4,0.0006585887153326786,0.0008232358941658482,0.5
2024-11-22,0.0007173380217966464,978,4,0.000659810271253962,0.0008247628390674526,0.5
2024-11-25,0.0006860725136752996,979,4,0.0006600666252386746,0.0008250832815483432,0.5
2024-11-26,0.0007220939144226414,980,4,0.0006618696847284545,0.0008273371059105681,0.5
2024-11-27,0.0007394321684803267,988,4,0.0006647608166464377,0.000830951020808047,0.5
2024-11-29,0.0007364123707692101,991,4,0.0006676066552858917,0.0008345083191073646,0.5
2024-12-02,0.0007851421965861895,982,4,0.000668927787737054,0.0008361597346713175,0.5
2024-12-03,0.0007793885701815202,972,4,0.0006693413789578878,0.0008366767236973598,0.5
2024-12-04,0.0008445819049464555,967,4,0.0006699981962515662,0.0008374977453144577,1.0
2024-12-05,0.000716411756784639,977,4,0.0006718373000521927,0.000839796625065241,0.5
2024-12-06,0.0006993992670602688,978,4,0.0006737469179466058,0.0008421836474332572,0.5
2024-12-09,0.0007191282720977793,985,4,0.0006744852593626539,0.0008431065742033174,0.5
2024-12-10,0.0007467166939145657,982,4,0.0006769395008822637,0.0008461743761028296,0.5
2024-12-11,0.0007426531855172938,990,4,0.0006785239256462205,0.0008481549070577756,0.5
2024-12-12,0.0007576083514590755,992,4,0.0006828346927687908,0.0008535433659609885,0.5
2024-12-13,0.0008163022640868482,995,4,0.0006859246583529006,0.0008574058229411257,0.5
2024-12-16,0.0008388177190002748,995,4,0.0006865098676321876,0.0008581373345402345,0.5
2024-12-17,0.0006766019263070677,985,4,0.0006878125843742867,0.0008597657304678584,0.0
2024-12-18,0.0006618400893510746,982,4,0.0006878125843742867,0.0008597657304678584,0.0
2024-12-19,0.000768406527134706,985,4,0.0006878125843742867,0.0008597657304678584,0.5
2024-12-20,0.0007567260267559901,995,4,0.0006894218540273207,0.0008617773175341509,0.5
2024-12-23,0.000680231777960459,999,4,0.000690726488115812,0.000863408110144765,0.0
2024-12-24,0.0007114887290462673,1000,5,0.000690726488115812,0.000863408110144765,0.5
2024-12-26,0.000692905362828937,1000,5,0.0006923137057418005,0.0008653921321772506,0.5
2024-12-27,0.0006573829671423818,1000,5,0.0006930036058899172,0.0008662545073623966,0.0
2024-12-30,0.0006157847390541756,1000,5,0.0006930036058899172,0.0008662545073623966,0.0
2024-12-31,0.0006653417483867743,1000,5,0.0006930036058899172,0.0008662545073623966,0.0
